Rk,Player,Nation,Pos,Squad,Age,Born,MP,Starts,Min,90s,Gls,Ast,G+A,G-PK,PK,PKatt,CrdY,CrdR,xG,npxG,xAG,npxG+xAG,PrgC,PrgP,PrgR,Gls,Ast,G+A,G-PK,G+A-PK,xG,xAG,xG+xAG,npxG,npxG+xAG,Matches,Season
1,Max Aarons,eng ENG,DF,Bournemouth,25-089,2000,3,1,86,1.0,0,0,0,0,0,0,0,0,0.0,0.0,0.0,0.0,1,8,3,0.00,0.00,0.00,0.00,0.00,0.00,0.00,0.00,0.00,0.00,Matches,2024-2025
2,Joshua Acheampong,eng ENG,DF,Chelsea,18-333,2006,4,2,170,1.9,0,0,0,0,0,0,1,0,0.2,0.2,0.0,0.2,0,8,0,0.00,0.00,0.00,0.00,0.00,0.12,0.00,0.12,0.12,0.12,Matches,2024-2025
3,Tyler Adams,us USA,MF,Bournemouth,26-048,1999,20,13,1290,14.3,0,3,3,0,0,0,4,0,1.2,1.2,0.8,1.9,10,49,7,0.00,0.21,0.21,0.00,0.21,0.08,0.06,0.14,0.08,0.14,Matches,2024-2025
4,Tosin Adarabioyo,eng ENG,DF,Chelsea,27-191,1997,16,11,1091,12.1,1,1,2,1,0,0,2,0,0.9,0.9,0.2,1.1,5,30,1,0.08,0.08,0.16,0.08,0.16,0.07,0.02,0.09,0.07,0.09,Matches,2024-2025
5,Simon Adingra,ci CIV,"FW,MF",Brighton,23-092,2002,21,7,715,7.9,2,1,3,2,0,0,0,0,1.7,1.7,1.5,3.1,25,11,88,0.25,0.13,0.38,0.25,0.38,0.21,0.18,0.39,0.21,0.39,Matches,2024-2025
6,Emmanuel Agbadou,ci CIV,DF,Wolves,27-290,1997,8,8,690,7.7,0,0,0,0,0,0,2,0,0.1,0.1,0.0,0.1,1,16,0,0.00,0.00,0.00,0.00,0.00,0.01,0.00,0.01,0.01,0.01,Matches,2024-2025
7,Asher Agbinone,eng ENG,MF,Crystal Palace,19-187,2005,2,0,6,0.1,0,0,0,0,0,0,0,0,0.0,0.0,0.0,0.1,2,0,1,0.00,0.00,0.00,0.00,0.00,0.29,0.50,0.79,0.29,0.79,Matches,2024-2025
8,Ola Aina,ng NGA,DF,Nott'ham Forest,28-177,1996,30,30,2569,28.5,2,1,3,2,0,0,2,0,0.6,0.6,0.7,1.3,54,91,52,0.07,0.04,0.11,0.07,0.11,0.02,0.03,0.05,0.02,0.05,Matches,2024-2025
9,Rayan Aït-Nouri,dz ALG,DF,Wolves,23-301,2001,29,29,2462,27.4,3,5,8,3,0,0,6,1,1.9,1.9,2.7,4.6,64,94,140,0.11,0.18,0.29,0.11,0.29,0.07,0.10,0.17,0.07,0.17,Matches,2024-2025
10,Kristoffer Ajer,no NOR,DF,Brentford,26-351,1998,17,15,1213,13.5,0,0,0,0,0,0,4,0,0.7,0.7,1.2,1.9,25,48,38,0.00,0.00,0.00,0.00,0.00,0.05,0.09,0.14,0.05,0.14,Matches,2024-2025
11,Manuel Akanji,ch SUI,DF,Manchester City,29-258,1995,20,20,1707,19.0,0,0,0,0,0,0,3,0,0.7,0.7,0.4,1.1,38,135,6,0.00,0.00,0.00,0.00,0.00,0.04,0.02,0.06,0.04,0.06,Matches,2024-2025
12,Nathan Aké,nl NED,DF,Manchester City,30-044,1995,10,8,678,7.5,0,0,0,0,0,0,0,0,0.2,0.2,0.0,0.2,12,50,2,0.00,0.00,0.00,0.00,0.00,0.03,0.00,0.03,0.03,0.03,Matches,2024-2025
13,Carlos Alcaraz,ar ARG,MF,Southampton,22-124,2002,1,0,10,0.1,0,0,0,0,0,0,0,0,0.1,0.1,0.1,0.2,4,6,1,0.00,0.00,0.00,0.00,0.00,0.62,0.86,1.48,0.62,1.48,Matches,2024-2025
14,Carlos Alcaraz,ar ARG,"MF,FW",Everton,22-124,2002,7,4,394,4.4,1,1,2,1,0,0,2,0,1.2,1.2,1.1,2.3,10,20,8,0.23,0.23,0.46,0.23,0.46,0.28,0.26,0.53,0.28,0.53,Matches,2024-2025
15,Trent Alexander-Arnold,eng ENG,DF,Liverpool,26-178,1998,28,26,2145,23.8,2,6,8,2,0,0,4,0,1.6,1.6,6.7,8.3,48,204,87,0.08,0.25,0.34,0.08,0.34,0.07,0.28,0.35,0.07,0.35,Matches,2024-2025
16,Alisson,br BRA,GK,Liverpool,32-183,1992,21,21,1878,20.9,0,0,0,0,0,0,0,0,0.0,0.0,0.6,0.6,0,0,0,0.00,0.00,0.00,0.00,0.00,0.00,0.03,0.03,0.00,0.03,Matches,2024-2025
17,Miguel Almirón,py PAR,FW,Newcastle Utd,31-052,1994,9,1,157,1.7,0,0,0,0,0,0,0,0,0.5,0.5,0.3,0.8,3,6,18,0.00,0.00,0.00,0.00,0.00,0.30,0.15,0.45,0.30,0.45,Matches,2024-2025
18,Edson Álvarez,mx MEX,MF,West Ham,27-161,1997,24,18,1580,17.6,0,1,1,0,0,0,8,1,0.3,0.3,0.8,1.1,20,70,18,0.00,0.06,0.06,0.00,0.06,0.02,0.05,0.06,0.02,0.06,Matches,2024-2025
19,Will Alves,eng ENG,FW,Leicester City,20-059,2005,1,0,1,0.0,0,0,0,0,0,0,0,0,0.0,0.0,0.0,0.0,0,0,1,0.00,0.00,0.00,0.00,0.00,0.00,0.00,0.00,0.00,0.00,Matches,2024-2025
20,Harry Amass,eng ENG,DF,Manchester Utd,18-018,2007,1,0,22,0.2,0,0,0,0,0,0,0,0,0.0,0.0,0.0,0.0,0,1,1,0.00,0.00,0.00,0.00,0.00,0.00,0.00,0.00,0.00,0.00,Matches,2024-2025
21,Samuel Amo-Ameyaw,eng ENG,"FW,DF",Southampton,18-259,2006,2,0,28,0.3,0,0,0,0,0,0,1,0,0.0,0.0,0.1,0.1,1,0,3,0.00,0.00,0.00,0.00,0.00,0.07,0.22,0.29,0.07,0.29,Matches,2024-2025
22,Mathis Amougou,fr FRA,MF,Chelsea,19-075,2006,1,0,8,0.1,0,0,0,0,0,0,0,0,0.0,0.0,0.0,0.0,0,1,0,0.00,0.00,0.00,0.00,0.00,0.00,0.00,0.00,0.00,0.00,Matches,2024-2025
23,Joachim Andersen,dk DEN,DF,Crystal Palace,28-307,1996,1,1,90,1.0,0,0,0,0,0,0,1,0,0.0,0.0,0.0,0.0,1,4,1,0.00,0.00,0.00,0.00,0.00,0.04,0.00,0.04,0.04,0.04,Matches,2024-2025
24,Joachim Andersen,dk DEN,DF,Fulham,28-307,1996,21,21,1863,20.7,0,0,0,0,0,0,5,1,0.4,0.4,0.3,0.8,11,93,1,0.00,0.00,0.00,0.00,0.00,0.02,0.02,0.04,0.02,0.04,Matches,2024-2025
25,Elliot Anderson,eng ENG,MF,Nott'ham Forest,22-148,2002,29,25,2047,22.7,1,6,7,1,0,0,6,0,1.4,1.4,3.0,4.3,35,106,70,0.04,0.26,0.31,0.04,0.31,0.06,0.13,0.19,0.06,0.19,Matches,2024-2025
26,André,br BRA,MF,Wolves,23-261,2001,25,23,1817,20.2,0,0,0,0,0,0,5,0,0.3,0.3,0.6,0.8,7,76,10,0.00,0.00,0.00,0.00,0.00,0.01,0.03,0.04,0.01,0.04,Matches,2024-2025
27,Michail Antonio,jm JAM,FW,West Ham,35-006,1990,14,11,836,9.3,1,1,2,1,0,0,1,0,2.2,2.2,1.6,3.8,29,18,59,0.11,0.11,0.22,0.11,0.22,0.24,0.17,0.41,0.24,0.41,Matches,2024-2025
28,Antony,br BRA,"DF,MF",Manchester Utd,25-038,2000,8,0,141,1.6,0,0,0,0,0,0,0,0,1.0,1.0,0.1,1.1,5,6,7,0.00,0.00,0.00,0.00,0.00,0.65,0.08,0.73,0.65,0.73,Matches,2024-2025
29,Julian Araujo,mx MEX,DF,Bournemouth,23-233,2001,8,5,355,3.9,0,0,0,0,0,0,1,0,0.0,0.0,0.0,0.0,2,14,11,0.00,0.00,0.00,0.00,0.00,0.00,0.00,0.00,0.00,0.00,Matches,2024-2025
30,Cameron Archer,eng ENG,FW,Southampton,23-256,2001,27,11,1182,13.1,2,0,2,2,0,1,0,0,4.9,4.1,0.3,4.4,16,12,55,0.15,0.00,0.15,0.15,0.15,0.37,0.03,0.40,0.31,0.34,Matches,2024-2025
31,Alphonse Areola,fr FRA,GK,West Ham,32-035,1993,19,18,1630,18.1,0,0,0,0,0,0,0,0,0.0,0.0,0.0,0.0,0,0,0,0.00,0.00,0.00,0.00,0.00,0.00,0.00,0.00,0.00,0.00,Matches,2024-2025
32,Joe Aribo,ng NGA,"MF,DF",Southampton,28-256,1996,29,19,1846,20.5,3,0,3,3,0,0,1,0,2.7,2.7,1.6,4.2,34,69,62,0.15,0.00,0.15,0.15,0.15,0.13,0.08,0.21,0.13,0.21,Matches,2024-2025
33,Adam Armstrong,eng ENG,"FW,MF",Southampton,28-052,1997,20,15,1248,13.9,2,2,4,2,0,1,4,0,3.3,2.3,1.2,3.5,25,21,79,0.14,0.14,0.29,0.14,0.29,0.24,0.09,0.32,0.17,0.25,Matches,2024-2025
34,Harrison Armstrong,eng ENG,MF,Everton,18-074,2007,3,0,48,0.5,0,0,0,0,0,0,1,0,0.4,0.4,0.1,0.4,1,1,0,0.00,0.00,0.00,0.00,0.00,0.69,0.14,0.82,0.69,0.82,Matches,2024-2025
35,Kepa Arrizabalaga,es ESP,GK,Bournemouth,30-182,1994,23,23,2070,23.0,0,0,0,0,0,0,3,0,0.1,0.1,0.0,0.1,0,0,0,0.00,0.00,0.00,0.00,0.00,0.00,0.00,0.00,0.00,0.00,Matches,2024-2025
36,Marco Asensio,es ESP,"MF,FW",Aston Villa,29-072,1996,5,2,233,2.6,3,1,4,3,0,0,0,0,1.8,1.8,0.3,2.1,10,17,9,1.16,0.39,1.55,1.16,1.55,0.69,0.11,0.79,0.69,0.79,Matches,2024-2025
37,Brandon Austin,eng ENG,GK,Tottenham,26-085,1999,1,1,90,1.0,0,0,0,0,0,0,0,0,0.0,0.0,0.0,0.0,0,0,0,0.00,0.00,0.00,0.00,0.00,0.00,0.00,0.00,0.00,0.00,Matches,2024-2025
38,Taiwo Awoniyi,ng NGA,FW,Nott'ham Forest,27-234,1997,23,3,363,4.0,1,0,1,1,0,0,0,0,2.2,2.2,0.1,2.3,6,7,19,0.25,0.00,0.25,0.25,0.25,0.53,0.03,0.56,0.53,0.56,Matches,2024-2025
39,Yasin Ayari,se SWE,MF,Brighton,21-179,2003,26,17,1533,17.0,0,1,1,0,0,0,3,0,1.9,1.9,2.1,4.0,21,57,54,0.00,0.06,0.06,0.00,0.06,0.11,0.12,0.24,0.11,0.24,Matches,2024-2025
40,Jordan Ayew,gh GHA,"FW,MF",Crystal Palace,33-204,1991,1,0,21,0.2,0,0,0,0,0,0,1,0,0.5,0.5,0.0,0.5,0,0,1,0.00,0.00,0.00,0.00,0.00,1.96,0.21,2.17,1.96,2.17,Matches,2024-2025
41,Jordan Ayew,gh GHA,"FW,MF",Leicester City,33-204,1991,25,15,1310,14.6,4,0,4,3,1,1,5,0,2.8,2.0,0.8,2.8,38,31,68,0.27,0.00,0.27,0.21,0.21,0.19,0.05,0.25,0.14,0.19,Matches,2024-2025
42,Benoît Badiashile,fr FRA,DF,Chelsea,24-008,2001,5,3,334,3.7,0,0,0,0,0,0,0,0,0.0,0.0,0.0,0.0,3,17,2,0.00,0.00,0.00,0.00,0.00,0.00,0.00,0.00,0.00,0.00,Matches,2024-2025
43,Leon Bailey,jm JAM,"FW,MF",Aston Villa,27-237,1997,23,14,1138,12.6,1,2,3,1,0,0,3,0,1.7,1.7,1.5,3.3,57,35,121,0.08,0.16,0.24,0.08,0.24,0.14,0.12,0.26,0.14,0.26,Matches,2024-2025
44,Carlos Baleba,cm CMR,MF,Brighton,21-090,2004,26,23,1967,21.9,2,1,3,2,0,0,8,1,2.9,2.9,1.1,4.0,33,97,26,0.09,0.05,0.14,0.09,0.14,0.13,0.05,0.18,0.13,0.18,Matches,2024-2025
45,Ross Barkley,eng ENG,MF,Aston Villa,31-119,1993,16,3,554,6.2,3,1,4,3,0,0,3,0,1.7,1.7,0.6,2.3,14,32,8,0.49,0.16,0.65,0.49,0.65,0.27,0.09,0.37,0.27,0.37,Matches,2024-2025
46,Harvey Barnes,eng ENG,FW,Newcastle Utd,27-115,1997,24,8,992,11.0,5,3,8,5,0,0,0,0,3.8,3.8,3.0,6.8,55,52,106,0.45,0.27,0.73,0.45,0.73,0.34,0.27,0.61,0.34,0.61,Matches,2024-2025
47,Calvin Bassey,ng NGA,DF,Fulham,25-093,1999,28,27,2444,27.2,1,0,1,1,0,0,5,0,1.0,1.0,0.1,1.1,22,89,11,0.04,0.00,0.04,0.04,0.04,0.04,0.00,0.04,0.04,0.04,Matches,2024-2025
48,Jan Bednarek,pl POL,DF,Southampton,28-356,1996,24,24,1991,22.1,2,0,2,2,0,0,6,0,0.7,0.7,0.5,1.1,4,53,1,0.09,0.00,0.09,0.09,0.09,0.03,0.02,0.05,0.03,0.05,Matches,2024-2025
49,Armel Bella Kotchap,de GER,DF,Southampton,23-113,2001,4,2,331,3.7,0,0,0,0,0,0,0,0,0.3,0.3,0.0,0.3,0,5,0,0.00,0.00,0.00,0.00,0.00,0.09,0.00,0.09,0.09,0.09,Matches,2024-2025
50,Jean-Ricner Bellegarde,fr FRA,"MF,FW",Wolves,26-280,1998,28,16,1374,15.3,2,6,8,2,0,0,3,0,1.2,1.2,3.2,4.5,41,32,77,0.13,0.39,0.52,0.13,0.52,0.08,0.21,0.29,0.08,0.29,Matches,2024-2025
51,Rodrigo Bentancur,uy URU,MF,Tottenham,27-282,1997,19,16,1246,13.8,2,0,2,2,0,0,7,0,1.3,1.3,0.4,1.7,19,80,24,0.14,0.00,0.14,0.14,0.14,0.10,0.03,0.13,0.10,0.13,Matches,2024-2025
52,Sander Berge,no NOR,MF,Fulham,27-048,1998,23,19,1734,19.3,0,0,0,0,0,0,4,0,0.2,0.2,0.6,0.7,19,91,6,0.00,0.00,0.00,0.00,0.00,0.01,0.03,0.04,0.01,0.04,Matches,2024-2025
53,Lucas Bergvall,se SWE,MF,Tottenham,19-060,2006,22,8,934,10.4,0,1,1,0,0,0,3,0,0.5,0.5,0.4,1.0,24,42,23,0.00,0.10,0.10,0.00,0.10,0.05,0.04,0.09,0.05,0.09,Matches,2024-2025
54,Victor Bernth Kristiansen,dk DEN,DF,Leicester City,22-108,2002,27,27,2335,25.9,0,1,1,0,0,0,1,0,0.3,0.3,1.3,1.7,38,68,71,0.00,0.04,0.04,0.00,0.04,0.01,0.05,0.06,0.01,0.06,Matches,2024-2025
55,Beto,gw GNB,FW,Everton,27-062,1998,22,9,1010,11.2,6,0,6,6,0,0,2,0,5.8,5.8,0.7,6.5,12,8,53,0.53,0.00,0.53,0.53,0.53,0.52,0.06,0.58,0.52,0.58,Matches,2024-2025
56,Philip Billing,dk DEN,MF,Bournemouth,28-296,1996,10,1,184,2.0,0,0,0,0,0,0,1,0,0.6,0.6,1.1,1.7,3,15,13,0.00,0.00,0.00,0.00,0.00,0.28,0.54,0.82,0.28,0.82,Matches,2024-2025
57,Yves Bissouma,ml MLI,MF,Tottenham,28-216,1996,22,14,1145,12.7,2,0,2,2,0,0,6,0,0.6,0.6,0.2,0.8,15,68,3,0.16,0.00,0.16,0.16,0.16,0.04,0.02,0.06,0.04,0.06,Matches,2024-2025
58,Oscar Bobb,no NOR,FW,Manchester City,21-265,2003,1,0,6,0.1,0,0,0,0,0,0,0,0,0.0,0.0,0.0,0.0,0,0,0,0.00,0.00,0.00,0.00,0.00,0.00,0.00,0.00,0.00,0.00,Matches,2024-2025
59,Lamare Bogarde,nl NED,"DF,MF",Aston Villa,21-088,2004,8,5,476,5.3,0,0,0,0,0,0,2,0,0.0,0.0,0.1,0.2,12,14,9,0.00,0.00,0.00,0.00,0.00,0.01,0.02,0.03,0.01,0.03,Matches,2024-2025
60,Willy Boly,ci CIV,DF,Nott'ham Forest,34-059,1991,5,1,134,1.5,0,0,0,0,0,0,1,0,0.1,0.1,0.0,0.1,0,2,0,0.00,0.00,0.00,0.00,0.00,0.05,0.00,0.05,0.05,0.05,Matches,2024-2025
61,Sven Botman,nl NED,DF,Newcastle Utd,25-081,2000,3,3,224,2.5,0,0,0,0,0,0,1,0,0.0,0.0,0.0,0.0,0,3,0,0.00,0.00,0.00,0.00,0.00,0.01,0.00,0.01,0.01,0.01,Matches,2024-2025
62,Jarrod Bowen,eng ENG,"FW,MF",West Ham,28-104,1996,26,26,2276,25.3,7,5,12,6,1,1,1,0,6.4,5.7,5.3,11.0,87,76,156,0.28,0.20,0.47,0.24,0.43,0.25,0.21,0.46,0.23,0.43,Matches,2024-2025
63,Conor Bradley,nir NIR,DF,Liverpool,21-268,2003,12,2,372,4.1,0,0,0,0,0,0,2,0,0.5,0.5,0.0,0.5,17,17,18,0.00,0.00,0.00,0.00,0.00,0.12,0.00,0.12,0.12,0.12,Matches,2024-2025
64,Jarrad Branthwaite,eng ENG,DF,Everton,22-280,2002,23,21,1898,21.1,0,1,1,0,0,0,3,0,0.8,0.8,0.6,1.3,8,48,1,0.00,0.05,0.05,0.00,0.05,0.04,0.03,0.06,0.04,0.06,Matches,2024-2025
65,James Bree,eng ENG,DF,Southampton,27-174,1997,14,11,890,9.9,0,1,1,0,0,0,0,0,0.1,0.1,0.9,1.0,9,30,34,0.00,0.10,0.10,0.00,0.10,0.01,0.09,0.10,0.01,0.10,Matches,2024-2025
66,Ben Brereton,cl CHI,FW,Southampton,25-350,1999,10,4,449,5.0,0,0,0,0,0,0,1,0,0.9,0.9,0.1,1.0,12,9,42,0.00,0.00,0.00,0.00,0.00,0.18,0.02,0.20,0.18,0.20,Matches,2024-2025
67,Nathan Broadhead,wls WAL,"MF,FW",Ipswich Town,26-363,1998,14,5,526,5.8,1,0,1,1,0,0,1,0,1.5,1.5,0.6,2.2,14,11,22,0.17,0.00,0.17,0.17,0.17,0.26,0.11,0.37,0.26,0.37,Matches,2024-2025
68,Armando Broja,al ALB,FW,Everton,23-205,2001,7,2,183,2.0,0,0,0,0,0,0,1,0,0.1,0.1,0.1,0.2,10,2,17,0.00,0.00,0.00,0.00,0.00,0.06,0.06,0.11,0.06,0.11,Matches,2024-2025
69,David Brooks,wls WAL,FW,Bournemouth,27-269,1997,23,8,769,8.5,2,0,2,2,0,0,3,0,2.2,2.2,1.6,3.8,25,22,69,0.23,0.00,0.23,0.23,0.23,0.26,0.19,0.44,0.26,0.44,Matches,2024-2025
70,Emi Buendía,ar ARG,"MF,FW",Aston Villa,28-099,1996,12,0,98,1.1,0,0,0,0,0,0,1,0,0.7,0.7,0.0,0.7,3,7,6,0.00,0.00,0.00,0.00,0.00,0.60,0.02,0.62,0.60,0.62,Matches,2024-2025
71,Santiago Bueno,uy URU,DF,Wolves,26-145,1998,23,17,1533,17.0,0,0,0,0,0,0,2,0,0.4,0.4,0.0,0.4,1,27,1,0.00,0.00,0.00,0.00,0.00,0.03,0.00,0.03,0.03,0.03,Matches,2024-2025
72,Facundo Buonanotte,ar ARG,"FW,MF",Leicester City,20-101,2004,26,13,1354,15.0,4,2,6,4,0,0,7,0,3.5,3.5,2.8,6.4,37,48,62,0.27,0.13,0.40,0.27,0.40,0.23,0.19,0.42,0.23,0.42,Matches,2024-2025
73,Cameron Burgess,au AUS,DF,Ipswich Town,29-164,1995,12,11,1035,11.5,0,1,1,0,0,0,0,0,0.7,0.7,0.4,1.1,2,33,3,0.00,0.09,0.09,0.00,0.09,0.06,0.03,0.09,0.06,0.09,Matches,2024-2025
74,Dan Burn,eng ENG,DF,Newcastle Utd,32-329,1992,28,28,2520,28.0,0,0,0,0,0,0,8,0,1.1,1.1,0.5,1.5,6,44,6,0.00,0.00,0.00,0.00,0.00,0.04,0.02,0.06,0.04,0.06,Matches,2024-2025
75,Wes Burns,wls WAL,"FW,DF",Ipswich Town,30-131,1994,18,12,926,10.3,0,1,1,0,0,0,1,0,0.5,0.5,1.6,2.2,38,8,65,0.00,0.10,0.10,0.00,0.10,0.05,0.16,0.21,0.05,0.21,Matches,2024-2025
76,Moisés Caicedo,ec ECU,MF,Chelsea,23-152,2001,29,29,2541,28.2,1,2,3,1,0,0,9,0,0.6,0.6,2.6,3.2,32,151,28,0.04,0.07,0.11,0.04,0.11,0.02,0.09,0.11,0.02,0.11,Matches,2024-2025
77,Tom Cairney,sct SCO,MF,Fulham,34-073,1991,19,2,438,4.9,1,0,1,1,0,0,2,1,0.1,0.1,0.7,0.9,13,45,21,0.21,0.00,0.21,0.21,0.21,0.03,0.14,0.17,0.03,0.17,Matches,2024-2025
78,Jens Cajuste,se SWE,MF,Ipswich Town,25-236,1999,23,20,1524,16.9,1,0,1,1,0,0,2,0,0.4,0.4,0.4,0.8,22,42,13,0.06,0.00,0.06,0.06,0.06,0.02,0.02,0.05,0.02,0.05,Matches,2024-2025
79,Riccardo Calafiori,it ITA,DF,Arsenal,22-319,2002,17,11,925,10.3,2,1,3,2,0,0,4,0,0.9,0.9,0.3,1.1,21,54,29,0.19,0.10,0.29,0.19,0.29,0.08,0.03,0.11,0.08,0.11,Matches,2024-2025
80,Dominic Calvert-Lewin,eng ENG,FW,Everton,28-018,1997,22,19,1574,17.5,3,1,4,3,0,0,2,0,6.1,6.1,0.6,6.7,22,19,105,0.17,0.06,0.23,0.17,0.23,0.35,0.04,0.39,0.35,0.39,Matches,2024-2025
81,Diego Carlos,br BRA,DF,Aston Villa,32-019,1993,10,8,830,9.2,0,0,0,0,0,0,1,0,0.6,0.6,0.0,0.6,3,34,0,0.00,0.00,0.00,0.00,0.00,0.07,0.00,0.07,0.07,0.07,Matches,2024-2025
82,Fabio Carvalho,pt POR,"FW,MF",Brentford,22-216,2002,19,3,455,5.1,2,1,3,2,0,0,1,0,2.5,2.5,0.7,3.2,9,17,23,0.40,0.20,0.59,0.40,0.59,0.49,0.13,0.62,0.49,0.62,Matches,2024-2025
83,Casemiro,br BRA,MF,Manchester Utd,33-039,1992,20,14,1181,13.1,1,0,1,1,0,0,3,0,1.4,1.4,2.2,3.7,4,64,25,0.08,0.00,0.08,0.08,0.08,0.11,0.17,0.28,0.11,0.28,Matches,2024-2025
84,Kaelan Casey,eng ENG,DF,West Ham,20-157,2004,1,0,1,0.0,0,0,0,0,0,0,0,0,0.0,0.0,0.0,0.0,0,0,0,0.00,0.00,0.00,0.00,0.00,0.00,0.00,0.00,0.00,0.00,Matches,2024-2025
85,Matty Cash,pl POL,DF,Aston Villa,27-239,1997,20,17,1476,16.4,1,1,2,1,0,0,6,0,0.3,0.3,1.1,1.4,39,32,53,0.06,0.06,0.12,0.06,0.12,0.02,0.07,0.08,0.02,0.08,Matches,2024-2025
86,Eiran Cashin,ie IRL,DF,Brighton,23-145,2001,1,0,19,0.2,0,0,0,0,0,0,0,0,0.0,0.0,0.0,0.0,0,5,0,0.00,0.00,0.00,0.00,0.00,0.00,0.00,0.00,0.00,0.00,Matches,2024-2025
87,Timothy Castagne,be BEL,DF,Fulham,29-119,1995,20,15,1432,15.9,0,1,1,0,0,0,1,0,0.4,0.4,1.2,1.6,16,58,65,0.00,0.06,0.06,0.00,0.06,0.02,0.08,0.10,0.02,0.10,Matches,2024-2025
88,Trevoh Chalobah,eng ENG,DF,Crystal Palace,25-272,1999,12,12,1060,11.8,3,0,3,3,0,0,1,0,1.2,1.2,0.4,1.6,11,34,6,0.25,0.00,0.25,0.25,0.25,0.10,0.03,0.14,0.10,0.14,Matches,2024-2025
89,Trevoh Chalobah,eng ENG,DF,Chelsea,25-272,1999,6,4,296,3.3,0,1,1,0,0,0,0,0,0.2,0.2,1.1,1.3,2,12,0,0.00,0.30,0.30,0.00,0.30,0.07,0.34,0.41,0.07,0.41,Matches,2024-2025
90,Conor Chaplin,eng ENG,"MF,FW",Ipswich Town,28-046,1997,15,7,614,6.8,1,1,2,1,0,0,1,0,1.2,1.2,0.6,1.8,10,25,20,0.15,0.15,0.29,0.15,0.29,0.17,0.09,0.26,0.17,0.26,Matches,2024-2025
91,Youssef Chermiti,pt POR,"FW,MF",Everton,20-314,2004,2,0,17,0.2,0,0,0,0,0,0,1,0,0.1,0.1,0.0,0.1,0,1,4,0.00,0.00,0.00,0.00,0.00,0.36,0.00,0.36,0.36,0.36,Matches,2024-2025
92,Federico Chiesa,it ITA,FW,Liverpool,27-160,1997,3,0,28,0.3,0,0,0,0,0,0,0,0,0.2,0.2,0.0,0.2,2,1,4,0.00,0.00,0.00,0.00,0.00,0.52,0.00,0.52,0.52,0.52,Matches,2024-2025
93,Ben Chilwell,eng ENG,DF,Crystal Palace,28-103,1996,4,0,84,0.9,0,0,0,0,0,0,1,0,0.0,0.0,0.2,0.2,1,3,7,0.00,0.00,0.00,0.00,0.00,0.05,0.19,0.24,0.05,0.24,Matches,2024-2025
94,Chiquinho,pt POR,MF,Wolves,25-057,2000,1,0,7,0.1,0,0,0,0,0,0,0,0,0.0,0.0,0.0,0.0,0,0,0,0.00,0.00,0.00,0.00,0.00,0.00,0.42,0.42,0.00,0.42,Matches,2024-2025
95,Hamza Choudhury,bd BAN,"MF,DF",Leicester City,27-184,1997,4,1,131,1.5,0,0,0,0,0,0,0,0,0.0,0.0,0.4,0.4,4,3,6,0.00,0.00,0.00,0.00,0.00,0.00,0.27,0.27,0.00,0.27,Matches,2024-2025
96,Ryan Christie,sct SCO,MF,Bournemouth,30-040,1995,29,27,2117,23.5,2,3,5,2,0,0,9,0,1.8,1.8,3.5,5.4,32,138,43,0.09,0.13,0.21,0.09,0.21,0.08,0.15,0.23,0.08,0.23,Matches,2024-2025
97,Harry Clarke,eng ENG,DF,Ipswich Town,24-032,2001,7,4,379,4.2,0,0,0,0,0,0,3,1,0.1,0.1,0.0,0.1,5,14,2,0.00,0.00,0.00,0.00,0.00,0.02,0.01,0.03,0.02,0.03,Matches,2024-2025
98,Jack Clarke,eng ENG,"FW,MF",Ipswich Town,24-131,2000,25,8,890,9.9,0,4,4,0,0,0,2,0,0.9,0.9,1.9,2.8,25,28,47,0.00,0.40,0.40,0.00,0.40,0.10,0.19,0.28,0.10,0.28,Matches,2024-2025
99,Nathaniel Clyne,eng ENG,"DF,MF",Crystal Palace,33-363,1991,12,5,455,5.1,0,0,0,0,0,0,1,0,0.0,0.0,0.3,0.3,6,7,8,0.00,0.00,0.00,0.00,0.00,0.00,0.06,0.06,0.00,0.06,Matches,2024-2025
100,Conor Coady,eng ENG,DF,Leicester City,32-037,1993,14,11,994,11.0,0,0,0,0,0,0,1,0,0.0,0.0,0.1,0.1,1,24,0,0.00,0.00,0.00,0.00,0.00,0.00,0.00,0.00,0.00,0.00,Matches,2024-2025
101,Séamus Coleman,ie IRL,DF,Everton,36-174,1988,3,2,197,2.2,0,0,0,0,0,0,1,0,0.6,0.6,0.0,0.6,1,8,2,0.00,0.00,0.00,0.00,0.00,0.26,0.00,0.26,0.26,0.26,Matches,2024-2025
102,Nathan Collins,ie IRL,DF,Brentford,23-338,2001,30,30,2700,30.0,2,1,3,2,0,0,4,0,2.3,2.3,1.4,3.7,24,105,17,0.07,0.03,0.10,0.07,0.10,0.08,0.05,0.12,0.08,0.12,Matches,2024-2025
103,Toby Collyer,eng ENG,MF,Manchester Utd,21-090,2004,6,0,179,2.0,0,0,0,0,0,0,0,0,0.2,0.2,0.3,0.4,0,5,2,0.00,0.00,0.00,0.00,0.00,0.09,0.13,0.22,0.09,0.22,Matches,2024-2025
104,Levi Colwill,eng ENG,DF,Chelsea,22-036,2003,27,27,2429,27.0,1,1,2,1,0,0,7,0,0.7,0.7,1.1,1.8,10,109,7,0.04,0.04,0.07,0.04,0.07,0.03,0.04,0.07,0.03,0.07,Matches,2024-2025
105,Lewis Cook,eng ENG,"MF,DF",Bournemouth,28-059,1997,29,27,2482,27.6,1,3,4,1,0,0,6,0,0.9,0.9,4.0,4.8,32,143,45,0.04,0.11,0.15,0.04,0.15,0.03,0.14,0.17,0.03,0.17,Matches,2024-2025
106,Maxwel Cornet,ci CIV,FW,Southampton,28-188,1996,2,1,72,0.8,0,0,0,0,0,0,1,0,0.2,0.2,0.0,0.2,1,0,5,0.00,0.00,0.00,0.00,0.00,0.20,0.00,0.20,0.20,0.20,Matches,2024-2025
107,Vladimír Coufal,cz CZE,DF,West Ham,32-224,1992,15,8,736,8.2,0,0,0,0,0,0,2,0,0.2,0.2,0.6,0.8,11,28,21,0.00,0.00,0.00,0.00,0.00,0.02,0.08,0.10,0.02,0.10,Matches,2024-2025
108,Woyo Coulibaly,fr FRA,DF,Leicester City,25-318,1999,4,1,109,1.2,0,0,0,0,0,0,1,0,0.0,0.0,0.0,0.0,4,3,2,0.00,0.00,0.00,0.00,0.00,0.04,0.00,0.04,0.04,0.04,Matches,2024-2025
109,Aaron Cresswell,eng ENG,DF,West Ham,35-109,1989,14,7,589,6.5,0,0,0,0,0,0,2,0,0.1,0.1,1.1,1.3,4,24,2,0.00,0.00,0.00,0.00,0.00,0.02,0.17,0.19,0.02,0.19,Matches,2024-2025
110,Marc Cucurella,es ESP,DF,Chelsea,26-255,1998,27,25,2254,25.0,4,1,5,4,0,0,8,1,2.2,2.2,1.7,3.9,29,90,95,0.16,0.04,0.20,0.16,0.20,0.09,0.07,0.15,0.09,0.15,Matches,2024-2025
111,Jorge Cuenca,es ESP,DF,Fulham,25-137,1999,6,3,259,2.9,0,0,0,0,0,0,0,0,0.0,0.0,0.0,0.0,0,9,0,0.00,0.00,0.00,0.00,0.00,0.01,0.00,0.01,0.01,0.01,Matches,2024-2025
112,Matheus Cunha,br BRA,"MF,FW",Wolves,25-311,1999,26,24,2143,23.8,13,4,17,13,0,0,3,0,6.7,6.7,6.6,13.4,92,112,137,0.55,0.17,0.71,0.55,0.71,0.28,0.28,0.56,0.28,0.56,Matches,2024-2025
113,Patson Daka,zm ZAM,"FW,MF",Leicester City,26-176,1998,17,4,542,6.0,1,0,1,1,0,0,0,0,0.8,0.8,0.0,0.8,5,8,27,0.17,0.00,0.17,0.17,0.17,0.13,0.00,0.13,0.13,0.13,Matches,2024-2025
114,Diogo Dalot,pt POR,DF,Manchester Utd,26-016,1999,29,29,2576,28.6,0,2,2,0,0,0,4,0,2.0,2.0,1.9,3.9,58,91,150,0.00,0.07,0.07,0.00,0.07,0.07,0.07,0.14,0.07,0.14,Matches,2024-2025
115,Mikkel Damsgaard,dk DEN,"MF,FW",Brentford,24-274,2000,30,26,2248,25.0,2,10,12,2,0,0,2,0,2.4,2.4,7.2,9.6,59,191,108,0.08,0.40,0.48,0.08,0.48,0.10,0.29,0.38,0.10,0.38,Matches,2024-2025
116,Danilo,br BRA,"MF,FW",Nott'ham Forest,23-339,2001,6,4,210,2.3,0,0,0,0,0,0,0,0,0.0,0.0,0.0,0.0,2,10,1,0.00,0.00,0.00,0.00,0.00,0.00,0.00,0.00,0.00,0.00,Matches,2024-2025
117,Jayden Danns,eng ENG,MF,Liverpool,19-077,2006,1,0,11,0.1,0,0,0,0,0,0,0,0,0.0,0.0,0.0,0.0,0,0,0,0.00,0.00,0.00,0.00,0.00,0.00,0.00,0.00,0.00,0.00,Matches,2024-2025
118,Kevin Danso,at AUT,DF,Tottenham,26-196,1998,4,4,347,3.9,0,0,0,0,0,0,0,0,0.3,0.3,0.0,0.4,2,7,0,0.00,0.00,0.00,0.00,0.00,0.09,0.01,0.10,0.09,0.10,Matches,2024-2025
119,Ben Davies,wls WAL,DF,Tottenham,31-344,1993,9,8,721,8.0,0,0,0,0,0,0,2,0,0.2,0.2,0.1,0.2,6,34,4,0.00,0.00,0.00,0.00,0.00,0.02,0.01,0.03,0.02,0.03,Matches,2024-2025
120,Leif Davis,eng ENG,DF,Ipswich Town,25-081,2000,28,28,2461,27.3,1,2,3,1,0,0,5,0,0.9,0.9,4.3,5.2,47,55,117,0.04,0.07,0.11,0.04,0.11,0.03,0.16,0.19,0.03,0.19,Matches,2024-2025
121,Craig Dawson,eng ENG,DF,Wolves,34-332,1990,15,10,971,10.8,0,0,0,0,0,0,2,0,0.5,0.5,0.0,0.5,6,20,5,0.00,0.00,0.00,0.00,0.00,0.05,0.00,0.05,0.05,0.05,Matches,2024-2025
122,Kevin De Bruyne,be BEL,MF,Manchester City,33-279,1991,20,12,1103,12.3,2,6,8,2,0,0,2,0,2.6,2.6,6.1,8.8,38,113,105,0.16,0.49,0.65,0.16,0.65,0.22,0.50,0.71,0.22,0.71,Matches,2024-2025
123,Liam Delap,eng ENG,FW,Ipswich Town,22-054,2003,29,28,2244,24.9,11,2,13,9,2,2,8,0,8.5,6.9,1.9,8.8,55,28,97,0.44,0.08,0.52,0.36,0.44,0.34,0.07,0.42,0.28,0.35,Matches,2024-2025
124,Sepp van den Berg,nl NED,DF,Brentford,23-104,2001,23,21,1866,20.7,0,0,0,0,0,0,1,0,0.8,0.8,0.2,1.0,7,54,26,0.00,0.00,0.00,0.00,0.00,0.04,0.01,0.05,0.04,0.05,Matches,2024-2025
125,Justin Devenny,nir NIR,MF,Crystal Palace,21-174,2003,15,3,323,3.6,1,0,1,1,0,0,0,0,0.5,0.5,0.3,0.8,3,10,9,0.28,0.00,0.28,0.28,0.28,0.14,0.10,0.23,0.14,0.23,Matches,2024-2025
126,Kiernan Dewsbury-Hall,eng ENG,"MF,FW",Chelsea,26-209,1998,9,1,199,2.2,0,1,1,0,0,0,0,0,0.2,0.2,1.0,1.2,5,11,9,0.00,0.45,0.45,0.00,0.45,0.10,0.45,0.55,0.10,0.55,Matches,2024-2025
127,Amad Diallo,ci CIV,"FW,MF",Manchester Utd,22-266,2002,22,17,1594,17.7,6,6,12,6,0,0,3,0,4.1,4.1,3.9,8.0,92,53,159,0.34,0.34,0.68,0.34,0.68,0.23,0.22,0.45,0.23,0.45,Matches,2024-2025
128,Rúben Dias,pt POR,DF,Manchester City,27-324,1997,19,17,1551,17.2,0,0,0,0,0,0,3,0,1.3,1.3,0.3,1.5,30,97,6,0.00,0.00,0.00,0.00,0.00,0.07,0.01,0.09,0.07,0.09,Matches,2024-2025
129,Luis Díaz,co COL,FW,Liverpool,28-080,1997,29,23,1935,21.5,9,5,14,9,0,0,2,0,7.8,7.8,3.8,11.5,93,93,239,0.42,0.23,0.65,0.42,0.65,0.36,0.18,0.54,0.36,0.54,Matches,2024-2025
130,Tyler Dibling,eng ENG,"FW,MF",Southampton,19-022,2006,26,17,1550,17.2,2,0,2,2,0,0,6,0,2.4,2.4,1.4,3.8,60,54,80,0.12,0.00,0.12,0.12,0.12,0.14,0.08,0.22,0.14,0.22,Matches,2024-2025
131,Lucas Digne,fr FRA,DF,Aston Villa,31-257,1993,29,26,2151,23.9,0,4,4,0,0,0,3,0,0.8,0.8,4.1,4.9,21,51,135,0.00,0.17,0.17,0.00,0.17,0.03,0.17,0.21,0.03,0.21,Matches,2024-2025
132,Issa Diop,fr FRA,DF,Fulham,28-084,1997,21,15,1339,14.9,0,0,0,0,0,0,2,0,0.5,0.5,0.1,0.6,6,24,3,0.00,0.00,0.00,0.00,0.00,0.04,0.01,0.04,0.04,0.04,Matches,2024-2025
133,Axel Disasi,fr FRA,DF,Aston Villa,27-023,1998,5,4,370,4.1,0,0,0,0,0,0,2,0,0.1,0.1,0.4,0.4,8,12,5,0.00,0.00,0.00,0.00,0.00,0.02,0.09,0.11,0.02,0.11,Matches,2024-2025
134,Axel Disasi,fr FRA,DF,Chelsea,27-023,1998,6,4,364,4.0,1,0,1,1,0,0,1,0,0.3,0.3,0.1,0.4,6,16,2,0.25,0.00,0.25,0.25,0.25,0.07,0.02,0.09,0.07,0.09,Matches,2024-2025
135,Roman Dixon,eng ENG,DF,Everton,20-098,2004,1,1,90,1.0,0,0,0,0,0,0,0,0,0.0,0.0,0.0,0.0,0,0,1,0.00,0.00,0.00,0.00,0.00,0.00,0.00,0.00,0.00,0.00,Matches,2024-2025
136,Nasser Djiga,bf BFA,DF,Wolves,22-139,2002,2,0,19,0.2,0,0,0,0,0,0,0,0,0.0,0.0,0.0,0.0,0,0,1,0.00,0.00,0.00,0.00,0.00,0.00,0.00,0.00,0.00,0.00,Matches,2024-2025
137,Matt Doherty,ie IRL,DF,Wolves,33-077,1992,23,19,1700,18.9,2,1,3,2,0,0,6,0,1.0,1.0,1.5,2.5,28,71,39,0.11,0.05,0.16,0.11,0.16,0.05,0.08,0.13,0.05,0.13,Matches,2024-2025
138,Jeremy Doku,be BEL,"FW,MF",Manchester City,22-311,2002,21,14,1240,13.8,3,4,7,3,0,0,1,0,1.0,1.0,3.5,4.5,165,58,222,0.22,0.29,0.51,0.22,0.51,0.07,0.26,0.33,0.07,0.33,Matches,2024-2025
139,Nicolás Domínguez,ar ARG,"MF,FW",Nott'ham Forest,26-279,1998,26,16,1420,15.8,0,0,0,0,0,0,8,0,1.3,1.3,1.1,2.4,11,54,20,0.00,0.00,0.00,0.00,0.00,0.08,0.07,0.15,0.08,0.15,Matches,2024-2025
140,Patrick Dorgu,dk DEN,DF,Manchester Utd,20-159,2004,4,4,312,3.5,0,0,0,0,0,0,1,1,0.3,0.3,0.3,0.7,17,13,38,0.00,0.00,0.00,0.00,0.00,0.09,0.10,0.19,0.09,0.19,Matches,2024-2025
141,Alfie Dorrington,eng ENG,DF,Tottenham,19-348,2005,1,0,14,0.2,0,0,0,0,0,0,0,0,0.0,0.0,0.0,0.0,0,0,0,0.00,0.00,0.00,0.00,0.00,0.00,0.00,0.00,0.00,0.00,Matches,2024-2025
142,Abdoulaye Doucouré,ml MLI,MF,Everton,32-092,1993,26,25,2065,22.9,2,1,3,2,0,0,4,1,3.2,3.2,1.8,5.0,34,66,77,0.09,0.04,0.13,0.09,0.13,0.14,0.08,0.22,0.14,0.22,Matches,2024-2025
143,Cheick Doucouré,ml MLI,MF,Crystal Palace,25-085,2000,13,4,452,5.0,0,0,0,0,0,0,1,0,0.4,0.4,0.0,0.4,2,19,7,0.00,0.00,0.00,0.00,0.00,0.08,0.00,0.08,0.08,0.08,Matches,2024-2025
144,Flynn Downes,eng ENG,MF,Southampton,26-073,1999,21,19,1611,17.9,1,0,1,1,0,0,10,0,0.6,0.6,0.9,1.5,21,56,26,0.06,0.00,0.06,0.06,0.06,0.03,0.05,0.08,0.03,0.08,Matches,2024-2025
145,Tommy Doyle,eng ENG,MF,Wolves,23-168,2001,24,3,488,5.4,0,1,1,0,0,0,1,0,0.6,0.6,0.5,1.1,6,40,4,0.00,0.18,0.18,0.00,0.18,0.10,0.09,0.20,0.10,0.20,Matches,2024-2025
146,Radu Drăgușin,ro ROU,DF,Tottenham,23-059,2002,16,14,1252,13.9,0,0,0,0,0,0,1,0,0.1,0.1,0.4,0.5,7,37,2,0.00,0.00,0.00,0.00,0.00,0.01,0.03,0.04,0.01,0.04,Matches,2024-2025
147,Martin Dúbravka,sk SVK,GK,Newcastle Utd,36-078,1989,10,10,900,10.0,0,0,0,0,0,0,0,0,0.0,0.0,0.0,0.0,0,0,0,0.00,0.00,0.00,0.00,0.00,0.00,0.00,0.00,0.00,0.00,Matches,2024-2025
148,Lewis Dunk,eng ENG,DF,Brighton,33-133,1991,20,18,1633,18.1,0,0,0,0,0,0,4,0,0.7,0.7,0.5,1.2,18,118,3,0.00,0.00,0.00,0.00,0.00,0.04,0.03,0.07,0.04,0.07,Matches,2024-2025
149,Jáder Durán,co COL,FW,Aston Villa,21-111,2003,20,4,638,7.1,7,0,7,7,0,0,3,1,4.9,4.9,0.2,5.1,7,13,44,0.99,0.00,0.99,0.99,0.99,0.69,0.03,0.71,0.69,0.71,Matches,2024-2025
150,Ederson,br BRA,GK,Manchester City,31-229,1993,20,20,1800,20.0,0,3,3,0,0,0,3,0,0.0,0.0,0.8,0.8,0,1,0,0.00,0.15,0.15,0.00,0.15,0.00,0.04,0.04,0.00,0.04,Matches,2024-2025
151,George Edmundson,eng ENG,DF,Ipswich Town,27-215,1997,1,0,2,0.0,0,0,0,0,0,0,0,0,0.0,0.0,0.0,0.0,0,0,0,0.00,0.00,0.00,0.00,0.00,0.00,0.00,0.00,0.00,0.00,Matches,2024-2025
152,Odsonne Édouard,fr FRA,"MF,FW",Crystal Palace,27-077,1998,2,1,115,1.3,0,0,0,0,0,0,0,0,0.4,0.4,0.0,0.4,2,4,7,0.00,0.00,0.00,0.00,0.00,0.31,0.04,0.34,0.31,0.34,Matches,2024-2025
153,Odsonne Édouard,fr FRA,FW,Leicester City,27-077,1998,4,0,29,0.3,0,0,0,0,0,0,0,0,0.0,0.0,0.0,0.0,0,1,2,0.00,0.00,0.00,0.00,0.00,0.00,0.13,0.13,0.00,0.13,Matches,2024-2025
154,Samuel Edozie,eng ENG,"DF,FW",Southampton,22-065,2003,2,0,65,0.7,0,0,0,0,0,0,1,0,0.0,0.0,0.1,0.1,6,4,23,0.00,0.00,0.00,0.00,0.00,0.00,0.14,0.14,0.00,0.14,Matches,2024-2025
155,Ronnie Edwards,eng ENG,DF,Southampton,22-006,2003,1,0,12,0.1,0,0,0,0,0,0,0,0,0.0,0.0,0.0,0.0,0,0,0,0.00,0.00,0.00,0.00,0.00,0.00,0.00,0.00,0.00,0.00,Matches,2024-2025
156,Anthony Elanga,se SWE,"FW,MF",Nott'ham Forest,22-341,2002,30,24,1930,21.4,6,8,14,6,0,0,1,0,3.8,3.8,4.3,8.1,78,45,156,0.28,0.37,0.65,0.28,0.65,0.18,0.20,0.38,0.18,0.38,Matches,2024-2025
157,Harvey Elliott,eng ENG,"MF,FW",Liverpool,21-364,2003,11,0,128,1.4,0,1,1,0,0,0,0,0,0.2,0.2,0.8,1.0,7,17,14,0.00,0.70,0.70,0.00,0.70,0.14,0.54,0.68,0.14,0.68,Matches,2024-2025
158,Yunus Emre Konak,tr TUR,"FW,MF",Brentford,19-083,2006,7,0,31,0.3,0,0,0,0,0,0,0,0,0.2,0.2,0.0,0.2,1,2,1,0.00,0.00,0.00,0.00,0.00,0.44,0.00,0.44,0.44,0.44,Matches,2024-2025
159,Julio Enciso,py PAR,"MF,FW",Ipswich Town,21-070,2004,6,5,340,3.8,0,2,2,0,0,0,2,0,0.6,0.6,1.0,1.6,9,16,18,0.00,0.53,0.53,0.00,0.53,0.17,0.26,0.43,0.17,0.43,Matches,2024-2025
160,Julio Enciso,py PAR,"MF,FW",Brighton,21-070,2004,12,2,294,3.3,0,0,0,0,0,0,0,0,1.0,1.0,0.2,1.2,11,14,17,0.00,0.00,0.00,0.00,0.00,0.31,0.07,0.38,0.31,0.38,Matches,2024-2025
161,Wataru Endo,jp JPN,MF,Liverpool,32-053,1993,15,0,148,1.6,0,0,0,0,0,0,0,0,0.0,0.0,0.0,0.0,0,9,1,0.00,0.00,0.00,0.00,0.00,0.00,0.01,0.01,0.00,0.01,Matches,2024-2025
162,Christian Eriksen,dk DEN,MF,Manchester Utd,33-048,1992,17,9,813,9.0,0,1,1,0,0,0,3,0,0.2,0.2,2.4,2.5,8,41,23,0.00,0.11,0.11,0.00,0.11,0.02,0.26,0.28,0.02,0.28,Matches,2024-2025
163,Romain Esse,eng ENG,MF,Crystal Palace,19-325,2005,2,0,8,0.1,1,0,1,1,0,0,0,0,0.3,0.3,0.0,0.3,0,1,2,11.25,0.00,11.25,11.25,11.25,3.21,0.00,3.21,3.21,3.21,Matches,2024-2025
164,Pervis Estupiñán,ec ECU,DF,Brighton,27-072,1998,23,19,1782,19.8,1,1,2,1,0,0,3,0,0.7,0.7,1.9,2.5,45,81,92,0.05,0.05,0.10,0.05,0.10,0.03,0.09,0.13,0.03,0.13,Matches,2024-2025
165,Evanilson,br BRA,FW,Bournemouth,25-179,1999,23,20,1634,18.2,7,0,7,7,0,1,0,0,8.6,7.8,1.4,9.2,23,15,75,0.39,0.00,0.39,0.39,0.39,0.47,0.08,0.55,0.43,0.51,Matches,2024-2025
166,Jonny Evans,nir NIR,DF,Manchester Utd,37-090,1988,6,3,290,3.2,0,0,0,0,0,0,1,0,0.1,0.1,0.0,0.1,1,8,2,0.00,0.00,0.00,0.00,0.00,0.03,0.00,0.03,0.03,0.03,Matches,2024-2025
167,Eberechi Eze,eng ENG,"MF,FW",Crystal Palace,26-278,1998,25,23,2014,22.4,2,6,8,2,0,0,1,0,6.3,6.3,4.6,10.9,58,81,133,0.09,0.27,0.36,0.09,0.36,0.28,0.21,0.49,0.28,0.49,Matches,2024-2025
168,Łukasz Fabiański,pl POL,GK,West Ham,39-350,1985,13,12,1070,11.9,0,0,0,0,0,0,2,0,0.0,0.0,0.0,0.0,0,0,0,0.00,0.00,0.00,0.00,0.00,0.00,0.00,0.00,0.00,0.00,Matches,2024-2025
169,Wout Faes,be BEL,DF,Leicester City,27-000,1998,27,23,2185,24.3,1,0,1,1,0,0,3,0,1.2,1.2,0.1,1.3,11,72,1,0.04,0.00,0.04,0.04,0.04,0.05,0.00,0.05,0.05,0.05,Matches,2024-2025
170,Abdul Fatawu Issahaku,gh GHA,FW,Leicester City,21-026,2004,11,6,579,6.4,0,2,2,0,0,0,0,0,0.4,0.4,1.6,2.0,42,17,60,0.00,0.31,0.31,0.00,0.31,0.06,0.24,0.31,0.06,0.31,Matches,2024-2025
171,João Félix,pt POR,"FW,MF",Chelsea,25-144,1999,12,3,369,4.1,1,1,2,1,0,0,2,0,2.2,2.2,1.0,3.2,21,26,30,0.24,0.24,0.49,0.24,0.49,0.54,0.23,0.78,0.54,0.78,Matches,2024-2025
172,Evan Ferguson,ie IRL,FW,West Ham,20-166,2004,6,1,140,1.6,0,0,0,0,0,0,0,0,0.6,0.6,0.3,0.9,1,0,6,0.00,0.00,0.00,0.00,0.00,0.36,0.19,0.56,0.36,0.56,Matches,2024-2025
173,Evan Ferguson,ie IRL,FW,Brighton,20-166,2004,13,2,246,2.7,1,0,1,1,0,0,0,0,0.5,0.5,0.4,1.0,2,1,9,0.37,0.00,0.37,0.37,0.37,0.20,0.15,0.35,0.20,0.35,Matches,2024-2025
174,Bruno Fernandes,pt POR,MF,Manchester Utd,30-207,1994,29,29,2465,27.4,8,9,17,5,3,3,4,2,8.7,6.4,6.3,12.7,59,242,110,0.29,0.33,0.62,0.18,0.51,0.32,0.23,0.55,0.23,0.46,Matches,2024-2025
175,Mateus Fernandes,pt POR,MF,Southampton,20-267,2004,28,26,2231,24.8,1,3,4,1,0,0,7,0,3.3,3.3,2.1,5.4,65,114,81,0.04,0.12,0.16,0.04,0.16,0.13,0.08,0.22,0.13,0.22,Matches,2024-2025
176,Enzo Fernández,ar ARG,MF,Chelsea,24-076,2001,27,23,2141,23.8,4,5,9,4,0,0,6,0,4.4,4.4,5.1,9.5,42,157,85,0.17,0.21,0.38,0.17,0.38,0.19,0.21,0.40,0.19,0.40,Matches,2024-2025
177,Mark Flekken,nl NED,GK,Brentford,31-294,1993,29,29,2555,28.4,0,1,1,0,0,0,1,0,0.0,0.0,0.2,0.2,0,0,0,0.00,0.04,0.04,0.00,0.04,0.00,0.01,0.01,0.00,0.01,Matches,2024-2025
178,Phil Foden,eng ENG,"MF,FW",Manchester City,24-310,2000,24,18,1629,18.1,7,2,9,7,0,0,2,0,4.9,4.9,4.7,9.5,46,94,116,0.39,0.11,0.50,0.39,0.50,0.27,0.26,0.53,0.27,0.53,Matches,2024-2025
179,Wesley Fofana,fr FRA,DF,Chelsea,24-107,2000,14,14,1172,13.0,0,0,0,0,0,0,7,0,0.4,0.4,0.4,0.8,19,32,4,0.00,0.00,0.00,0.00,0.00,0.03,0.03,0.07,0.03,0.06,Matches,2024-2025
180,Carlos Forbs,pt POR,"MF,FW",Wolves,21-015,2004,9,1,237,2.6,0,0,0,0,0,0,2,0,0.1,0.1,0.0,0.2,9,8,28,0.00,0.00,0.00,0.00,0.00,0.05,0.01,0.07,0.05,0.07,Matches,2024-2025
181,Fraser Forster,eng ENG,GK,Tottenham,37-017,1988,7,7,630,7.0,0,0,0,0,0,0,0,0,0.0,0.0,0.0,0.0,0,0,0,0.00,0.00,0.00,0.00,0.00,0.00,0.00,0.00,0.00,0.00,Matches,2024-2025
182,Matheus França,br BRA,DF,Crystal Palace,21-002,2004,1,0,15,0.2,1,0,1,1,0,0,0,0,0.1,0.1,0.0,0.1,1,2,2,6.00,0.00,6.00,6.00,6.00,0.49,0.00,0.49,0.49,0.49,Matches,2024-2025
183,Ryan Fraser,sct SCO,"FW,DF",Southampton,31-038,1994,8,4,306,3.4,0,0,0,0,0,0,0,1,0.0,0.0,0.1,0.1,10,8,18,0.00,0.00,0.00,0.00,0.00,0.01,0.03,0.04,0.01,0.04,Matches,2024-2025
184,Niclas Füllkrug,de GER,FW,West Ham,32-053,1993,10,3,415,4.6,2,1,3,2,0,0,2,0,1.6,1.6,1.2,2.8,3,5,12,0.43,0.22,0.65,0.43,0.65,0.34,0.27,0.61,0.34,0.61,Matches,2024-2025
185,Cody Gakpo,nl NED,FW,Liverpool,25-331,1999,27,16,1416,15.7,8,3,11,8,0,0,4,0,6.0,6.0,3.5,9.4,38,44,212,0.51,0.19,0.70,0.51,0.70,0.38,0.22,0.60,0.38,0.60,Matches,2024-2025
186,Idrissa Gana Gueye,sn SEN,MF,Everton,35-189,1989,29,27,2357,26.2,0,3,3,0,0,0,6,0,1.0,1.0,1.5,2.5,18,110,20,0.00,0.11,0.11,0.00,0.11,0.04,0.06,0.09,0.04,0.09,Matches,2024-2025
187,Andrés García,es ESP,"DF,MF",Aston Villa,22-055,2003,5,4,267,3.0,0,0,0,0,0,0,0,0,0.0,0.0,0.1,0.1,22,12,19,0.00,0.00,0.00,0.00,0.00,0.01,0.03,0.04,0.01,0.04,Matches,2024-2025
188,Alejandro Garnacho,ar ARG,"MF,FW",Manchester Utd,20-276,2004,29,18,1732,19.2,4,1,5,4,0,0,2,0,5.9,5.9,2.9,8.8,108,45,234,0.21,0.05,0.26,0.21,0.26,0.31,0.15,0.46,0.31,0.46,Matches,2024-2025
189,James Garner,eng ENG,"MF,DF",Everton,24-021,2001,13,10,938,10.4,0,1,1,0,0,0,3,0,0.1,0.1,1.1,1.3,7,27,17,0.00,0.10,0.10,0.00,0.10,0.01,0.11,0.12,0.01,0.12,Matches,2024-2025
190,Tyrique George,eng ENG,FW,Chelsea,19-058,2006,5,0,89,1.0,0,1,1,0,0,0,1,0,0.1,0.1,0.7,0.8,9,2,16,0.00,1.01,1.01,0.00,1.01,0.13,0.73,0.86,0.13,0.86,Matches,2024-2025
191,Morgan Gibbs-White,eng ENG,MF,Nott'ham Forest,25-066,2000,26,26,2108,23.4,5,7,12,5,0,0,8,1,4.0,4.0,4.3,8.3,58,129,104,0.21,0.30,0.51,0.21,0.51,0.17,0.18,0.35,0.17,0.35,Matches,2024-2025
192,Billy Gilmour,sct SCO,MF,Brighton,23-296,2001,2,1,98,1.1,0,0,0,0,0,0,0,0,0.1,0.1,0.0,0.1,2,11,2,0.00,0.00,0.00,0.00,0.00,0.07,0.00,0.07,0.07,0.07,Matches,2024-2025
193,Ben Godfrey,eng ENG,DF,Ipswich Town,27-078,1998,2,2,108,1.2,0,0,0,0,0,0,1,0,0.0,0.0,0.0,0.0,2,4,1,0.00,0.00,0.00,0.00,0.00,0.00,0.00,0.00,0.00,0.00,Matches,2024-2025
194,Martial Godo,eng ENG,FW,Fulham,22-020,2003,1,0,16,0.2,0,0,0,0,0,0,0,0,0.0,0.0,0.0,0.0,0,0,3,0.00,0.00,0.00,0.00,0.00,0.00,0.00,0.00,0.00,0.00,Matches,2024-2025
195,João Gomes,br BRA,MF,Wolves,24-050,2001,28,28,2339,26.0,3,1,4,3,0,0,10,1,2.4,2.4,1.1,3.4,44,136,58,0.12,0.04,0.15,0.12,0.15,0.09,0.04,0.13,0.09,0.13,Matches,2024-2025
196,Rodrigo Gomes,pt POR,"DF,FW",Wolves,21-270,2003,17,6,569,6.3,1,0,1,1,0,0,0,0,0.4,0.4,0.7,1.1,17,22,57,0.16,0.00,0.16,0.16,0.16,0.06,0.11,0.17,0.06,0.17,Matches,2024-2025
197,Toti Gomes,pt POR,DF,Wolves,26-077,1999,23,22,1894,21.0,0,1,1,0,0,0,4,0,0.1,0.1,0.8,1.0,18,57,12,0.00,0.05,0.05,0.00,0.05,0.01,0.04,0.05,0.01,0.05,Matches,2024-2025
198,Diego Gómez,py PAR,MF,Brighton,22-007,2003,8,3,325,3.6,0,0,0,0,0,0,0,0,0.3,0.3,0.4,0.8,5,15,10,0.00,0.00,0.00,0.00,0.00,0.09,0.12,0.21,0.09,0.21,Matches,2024-2025
199,Joe Gomez,eng ENG,DF,Liverpool,27-315,1997,9,6,519,5.8,0,0,0,0,0,0,1,0,0.3,0.3,0.1,0.4,5,35,2,0.00,0.00,0.00,0.00,0.00,0.06,0.02,0.08,0.06,0.08,Matches,2024-2025
200,Nicolás González,es ESP,MF,Manchester City,23-090,2002,6,6,480,5.3,0,0,0,0,0,0,2,0,0.2,0.2,0.1,0.3,5,32,8,0.00,0.00,0.00,0.00,0.00,0.04,0.01,0.06,0.04,0.06,Matches,2024-2025
201,Anthony Gordon,eng ENG,FW,Newcastle Utd,24-038,2001,26,25,2108,23.4,6,5,11,5,1,2,2,0,7.8,6.3,4.9,11.2,104,88,187,0.26,0.21,0.47,0.21,0.43,0.34,0.21,0.54,0.27,0.48,Matches,2024-2025
202,Ryan Gravenberch,nl NED,MF,Liverpool,22-322,2002,30,30,2561,28.5,0,2,2,0,0,0,5,0,0.9,0.9,2.8,3.7,55,144,48,0.00,0.07,0.07,0.00,0.07,0.03,0.10,0.13,0.03,0.13,Matches,2024-2025
203,Archie Gray,eng ENG,"DF,MF",Tottenham,19-022,2006,21,13,1245,13.8,0,0,0,0,0,0,0,0,0.0,0.0,0.1,0.1,4,27,7,0.00,0.00,0.00,0.00,0.00,0.00,0.01,0.01,0.00,0.01,Matches,2024-2025
204,Jack Grealish,eng ENG,"FW,MF",Manchester City,29-205,1995,17,7,699,7.8,1,1,2,1,0,0,3,0,1.2,1.2,1.8,3.1,68,52,118,0.13,0.13,0.26,0.13,0.26,0.16,0.23,0.39,0.16,0.39,Matches,2024-2025
205,Jacob Greaves,eng ENG,DF,Ipswich Town,24-203,2000,19,19,1665,18.5,1,0,1,1,0,0,4,0,1.2,1.2,0.0,1.3,6,48,4,0.05,0.00,0.05,0.05,0.05,0.07,0.00,0.07,0.07,0.07,Matches,2024-2025
206,Brajan Gruda,de GER,"FW,MF",Brighton,20-307,2004,14,6,470,5.2,0,1,1,0,0,0,0,0,0.3,0.3,0.6,0.9,15,15,44,0.00,0.19,0.19,0.00,0.19,0.06,0.12,0.18,0.06,0.18,Matches,2024-2025
207,Albert Grønbaek,dk DEN,"FW,MF",Southampton,23-315,2001,4,2,143,1.6,0,0,0,0,0,0,0,0,0.1,0.1,0.0,0.1,1,1,3,0.00,0.00,0.00,0.00,0.00,0.07,0.01,0.08,0.07,0.08,Matches,2024-2025
208,Gonçalo Guedes,pt POR,"MF,FW",Wolves,28-125,1996,24,7,770,8.6,2,4,6,2,0,0,1,0,2.2,2.2,1.1,3.3,31,30,58,0.23,0.47,0.70,0.23,0.70,0.25,0.13,0.38,0.25,0.38,Matches,2024-2025
209,Marc Guéhi,eng ENG,DF,Crystal Palace,24-264,2000,28,28,2520,28.0,3,2,5,3,0,0,7,0,1.6,1.6,1.1,2.8,17,119,8,0.11,0.07,0.18,0.11,0.18,0.06,0.04,0.10,0.06,0.10,Matches,2024-2025
210,Luis Guilherme,br BRA,"MF,FW",West Ham,19-053,2006,8,1,102,1.1,0,0,0,0,0,0,0,0,0.0,0.0,0.1,0.1,1,3,8,0.00,0.00,0.00,0.00,0.00,0.03,0.09,0.12,0.03,0.12,Matches,2024-2025
211,Bruno Guimarães,br BRA,MF,Newcastle Utd,27-138,1997,29,29,2513,27.9,3,6,9,3,0,0,4,0,2.8,2.8,5.2,8.0,43,206,68,0.11,0.21,0.32,0.11,0.32,0.10,0.19,0.29,0.10,0.29,Matches,2024-2025
212,Marc Guiu,es ESP,FW,Chelsea,19-089,2006,3,0,73,0.8,0,0,0,0,0,0,0,0,0.0,0.0,0.0,0.0,0,0,3,0.00,0.00,0.00,0.00,0.00,0.00,0.04,0.04,0.00,0.04,Matches,2024-2025
213,İlkay Gündoğan,de GER,MF,Manchester City,34-161,1990,26,18,1624,18.0,0,3,3,0,0,0,1,0,1.8,1.8,2.6,4.3,42,103,66,0.00,0.17,0.17,0.00,0.17,0.10,0.14,0.24,0.10,0.24,Matches,2024-2025
214,Malo Gusto,fr FRA,DF,Chelsea,21-319,2003,24,17,1551,17.2,0,1,1,0,0,0,3,0,1.6,1.6,1.0,2.5,39,92,73,0.00,0.06,0.06,0.00,0.06,0.09,0.06,0.15,0.09,0.15,Matches,2024-2025
215,Joško Gvardiol,hr CRO,DF,Manchester City,23-070,2002,29,28,2557,28.4,5,0,5,5,0,0,1,0,4.2,3.9,2.0,5.9,73,213,95,0.18,0.00,0.18,0.18,0.18,0.15,0.07,0.22,0.14,0.21,Matches,2024-2025
216,Erling Haaland,no NOR,FW,Manchester City,24-256,2000,28,28,2480,27.6,21,3,24,19,2,3,2,0,20.8,18.4,2.8,21.2,19,18,103,0.76,0.11,0.87,0.69,0.80,0.76,0.10,0.86,0.67,0.77,Matches,2024-2025
217,Lewis Hall,eng ENG,DF,Newcastle Utd,20-207,2004,27,24,2189,24.3,0,4,4,0,0,0,3,0,0.4,0.4,4.3,4.7,41,123,80,0.00,0.16,0.16,0.00,0.16,0.02,0.18,0.19,0.02,0.19,Matches,2024-2025
218,Ali Al Hamadi,iq IRQ,FW,Ipswich Town,23-033,2002,11,0,134,1.5,0,0,0,0,0,0,3,0,0.4,0.4,0.1,0.4,4,3,14,0.00,0.00,0.00,0.00,0.00,0.24,0.05,0.28,0.24,0.28,Matches,2024-2025
219,Marcus Harness,eng ENG,MF,Ipswich Town,29-038,1996,2,0,45,0.5,0,0,0,0,0,0,0,0,0.0,0.0,0.0,0.0,0,2,1,0.00,0.00,0.00,0.00,0.00,0.00,0.00,0.00,0.00,0.00,Matches,2024-2025
220,Jack Harrison,eng ENG,FW,Everton,28-134,1996,26,18,1572,17.5,1,0,1,1,0,0,0,0,3.1,3.1,3.4,6.4,48,36,91,0.06,0.00,0.06,0.06,0.06,0.18,0.19,0.37,0.18,0.37,Matches,2024-2025
221,Taylor Harwood-Bellis,eng ENG,DF,Southampton,23-063,2002,27,25,2210,24.6,1,0,1,1,0,0,7,0,1.7,1.7,0.8,2.5,26,104,8,0.04,0.00,0.04,0.04,0.04,0.07,0.03,0.10,0.07,0.10,Matches,2024-2025
222,Kai Havertz,de GER,"FW,MF",Arsenal,25-296,1999,21,21,1839,20.4,9,3,12,9,0,0,4,0,9.4,9.4,2.4,11.8,34,59,110,0.44,0.15,0.59,0.44,0.59,0.46,0.12,0.58,0.46,0.58,Matches,2024-2025
223,Ayden Heaven,eng ENG,DF,Manchester Utd,18-193,2006,2,1,95,1.1,0,0,0,0,0,0,0,0,0.0,0.0,0.0,0.0,1,2,1,0.00,0.00,0.00,0.00,0.00,0.00,0.00,0.00,0.00,0.00,Matches,2024-2025
224,Jan Paul van Hecke,nl NED,DF,Brighton,24-299,2000,28,27,2420,26.9,1,1,2,1,0,0,5,0,1.3,1.3,1.5,2.7,47,191,5,0.04,0.04,0.07,0.04,0.07,0.05,0.05,0.10,0.05,0.10,Matches,2024-2025
225,Hwang Hee-chan,kr KOR,"MF,FW",Wolves,29-067,1996,18,5,637,7.1,2,0,2,2,0,0,0,0,0.8,0.8,0.1,0.9,14,11,40,0.28,0.00,0.28,0.28,0.28,0.11,0.02,0.13,0.11,0.13,Matches,2024-2025
226,Dean Henderson,eng ENG,GK,Crystal Palace,28-022,1997,29,29,2610,29.0,0,0,0,0,0,0,3,0,0.0,0.0,0.0,0.0,0,0,0,0.00,0.00,0.00,0.00,0.00,0.00,0.00,0.00,0.00,0.00,Matches,2024-2025
227,Rico Henry,eng ENG,DF,Brentford,27-269,1997,1,0,4,0.0,0,0,0,0,0,0,0,0,0.0,0.0,0.0,0.0,0,0,1,0.00,0.00,0.00,0.00,0.00,0.00,0.00,0.00,0.00,0.00,Matches,2024-2025
228,Mads Hermansen,dk DEN,GK,Leicester City,24-266,2000,23,23,2025,22.5,0,0,0,0,0,0,0,0,0.0,0.0,0.0,0.0,0,1,0,0.00,0.00,0.00,0.00,0.00,0.00,0.00,0.00,0.00,0.00,Matches,2024-2025
229,Son Heung-min,kr KOR,FW,Tottenham,32-269,1992,26,21,1858,20.6,7,9,16,6,1,2,1,0,6.5,4.9,8.1,13.0,81,95,233,0.34,0.44,0.78,0.29,0.73,0.32,0.39,0.71,0.24,0.63,Matches,2024-2025
230,James Hill,eng ENG,DF,Bournemouth,23-083,2002,9,6,424,4.7,0,1,1,0,0,0,1,0,0.3,0.3,0.2,0.5,2,13,8,0.00,0.21,0.21,0.00,0.21,0.06,0.05,0.11,0.06,0.11,Matches,2024-2025
231,Jack Hinshelwood,eng ENG,"DF,MF",Brighton,19-357,2005,18,16,1326,14.7,2,0,2,2,0,0,4,0,1.4,1.4,0.9,2.2,14,47,35,0.14,0.00,0.14,0.14,0.14,0.09,0.06,0.15,0.09,0.15,Matches,2024-2025
232,George Hirst,sct SCO,FW,Ipswich Town,26-047,1999,18,1,290,3.2,2,1,3,2,0,0,1,0,1.1,1.1,0.3,1.3,5,10,21,0.62,0.31,0.93,0.62,0.93,0.33,0.08,0.41,0.33,0.41,Matches,2024-2025
233,Mason Holgate,eng ENG,"FW,DF",Everton,28-163,1996,1,0,6,0.1,0,0,0,0,0,0,0,0,0.0,0.0,0.0,0.0,0,0,0,0.00,0.00,0.00,0.00,0.00,0.00,0.00,0.00,0.00,0.00,Matches,2024-2025
234,Callum Hudson-Odoi,eng ENG,"FW,MF",Nott'ham Forest,24-147,2000,25,22,1894,21.0,5,2,7,5,0,0,2,0,2.2,2.2,2.4,4.5,107,59,170,0.24,0.10,0.33,0.24,0.33,0.10,0.11,0.21,0.10,0.21,Matches,2024-2025
235,Will Hughes,eng ENG,MF,Crystal Palace,29-351,1995,24,19,1641,18.2,0,3,3,0,0,0,10,0,0.9,0.9,2.5,3.4,18,79,24,0.00,0.16,0.16,0.00,0.16,0.05,0.14,0.19,0.05,0.19,Matches,2024-2025
236,Dean Huijsen,es ESP,DF,Bournemouth,19-354,2005,24,19,1784,19.8,2,0,2,2,0,0,7,0,1.6,1.6,1.1,2.8,29,87,7,0.10,0.00,0.10,0.10,0.10,0.08,0.06,0.14,0.08,0.14,Matches,2024-2025
237,Omari Hutchinson,eng ENG,"MF,FW",Ipswich Town,21-155,2003,27,26,2223,24.7,3,2,5,3,0,0,5,0,2.3,2.3,2.5,4.8,71,69,131,0.12,0.08,0.20,0.12,0.20,0.09,0.10,0.19,0.09,0.19,Matches,2024-2025
238,Rasmus Højlund,dk DEN,FW,Manchester Utd,22-058,2003,25,17,1479,16.4,3,0,3,3,0,0,2,0,3.0,3.0,1.2,4.1,23,14,76,0.18,0.00,0.18,0.18,0.18,0.18,0.07,0.25,0.18,0.25,Matches,2024-2025
239,Igor,br BRA,DF,Brighton,27-055,1998,12,9,903,10.0,0,0,0,0,0,0,4,0,0.0,0.0,0.2,0.2,9,44,0,0.00,0.00,0.00,0.00,0.00,0.00,0.02,0.02,0.00,0.02,Matches,2024-2025
240,Danny Ings,eng ENG,"FW,MF",West Ham,32-254,1992,15,1,284,3.2,1,2,3,1,0,0,0,0,2.3,2.3,1.3,3.5,6,5,29,0.32,0.63,0.95,0.32,0.95,0.72,0.41,1.12,0.72,1.12,Matches,2024-2025
241,Tim Iroegbunam,eng ENG,MF,Everton,21-277,2003,14,4,490,5.4,0,1,1,0,0,0,3,0,0.2,0.2,0.2,0.4,7,13,9,0.00,0.18,0.18,0.00,0.18,0.04,0.03,0.08,0.04,0.08,Matches,2024-2025
242,Andy Irving,sct SCO,MF,West Ham,24-325,2000,10,1,166,1.8,0,0,0,0,0,0,2,0,0.1,0.1,0.2,0.4,0,9,4,0.00,0.00,0.00,0.00,0.00,0.06,0.13,0.19,0.06,0.19,Matches,2024-2025
243,Alexander Isak,se SWE,FW,Newcastle Utd,25-194,1999,26,26,2117,23.5,20,5,25,18,2,2,1,0,16.2,14.6,3.8,18.4,67,65,169,0.85,0.21,1.06,0.77,0.98,0.69,0.16,0.85,0.62,0.78,Matches,2024-2025
244,Alex Iwobi,ng NGA,"FW,MF",Fulham,28-335,1996,30,28,2382,26.5,7,4,11,7,0,0,1,0,3.9,3.9,6.1,10.0,114,168,199,0.26,0.15,0.42,0.26,0.42,0.15,0.23,0.38,0.15,0.38,Matches,2024-2025
245,Nicolas Jackson,sn SEN,FW,Chelsea,23-287,2001,23,22,1736,19.3,9,5,14,9,0,0,5,0,11.4,11.4,4.0,15.4,41,27,94,0.47,0.26,0.73,0.47,0.73,0.59,0.21,0.80,0.59,0.80,Matches,2024-2025
246,Reece James,eng ENG,"DF,MF",Chelsea,25-116,1999,11,8,681,7.6,1,0,1,1,0,0,1,0,0.2,0.2,0.3,0.4,5,42,7,0.13,0.00,0.13,0.13,0.13,0.02,0.04,0.06,0.02,0.06,Matches,2024-2025
247,Vitaly Janelt,de GER,MF,Brentford,26-328,1998,29,26,2157,24.0,1,3,4,1,0,0,3,0,0.8,0.8,2.2,3.0,17,78,36,0.04,0.13,0.17,0.04,0.17,0.03,0.09,0.12,0.03,0.12,Matches,2024-2025
248,Vitezslav Jaros,cz CZE,GK,Liverpool,23-254,2001,1,0,12,0.1,0,0,0,0,0,0,0,0,0.0,0.0,0.0,0.0,0,0,0,0.00,0.00,0.00,0.00,0.00,0.00,0.00,0.00,0.00,0.00,Matches,2024-2025
249,Daniel Jebbison,eng ENG,FW,Bournemouth,21-233,2003,10,0,74,0.8,0,0,0,0,0,0,1,0,0.2,0.2,0.2,0.4,2,3,11,0.00,0.00,0.00,0.00,0.00,0.25,0.24,0.49,0.25,0.49,Matches,2024-2025
250,Mathias Jensen,dk DEN,MF,Brentford,29-092,1996,16,8,736,8.2,0,1,1,0,0,0,1,0,0.2,0.2,1.5,1.7,6,52,25,0.00,0.12,0.12,0.00,0.12,0.03,0.18,0.21,0.03,0.21,Matches,2024-2025
251,Gabriel Jesus,br BRA,FW,Arsenal,28-000,1997,17,6,608,6.8,3,0,3,3,0,0,4,0,3.0,3.0,0.7,3.7,15,19,57,0.44,0.00,0.44,0.44,0.44,0.44,0.10,0.54,0.44,0.54,Matches,2024-2025
252,Raúl Jiménez,mx MEX,FW,Fulham,33-333,1991,30,24,1912,21.2,10,3,13,7,3,3,3,0,10.4,8.0,2.8,10.8,30,45,107,0.47,0.14,0.61,0.33,0.47,0.49,0.13,0.62,0.38,0.51,Matches,2024-2025
253,Kim Jisoo,kr KOR,DF,Brentford,20-100,2004,3,0,30,0.3,0,0,0,0,0,0,0,0,0.0,0.0,0.0,0.0,0,2,0,0.00,0.00,0.00,0.00,0.00,0.00,0.00,0.00,0.00,0.00,Matches,2024-2025
254,João Pedro,br BRA,"FW,MF",Brighton,23-189,2001,24,21,1770,19.7,8,6,14,5,3,3,4,0,7.2,4.8,4.3,9.1,60,67,115,0.41,0.31,0.71,0.25,0.56,0.36,0.22,0.58,0.24,0.46,Matches,2024-2025
255,Joelinton,br BRA,"MF,FW",Newcastle Utd,28-232,1996,25,25,2094,23.3,4,1,5,4,0,0,9,0,3.8,3.8,1.6,5.4,37,105,100,0.17,0.04,0.21,0.17,0.21,0.16,0.07,0.23,0.16,0.23,Matches,2024-2025
256,Ben Johnson,eng ENG,"DF,FW",Ipswich Town,25-069,2000,18,10,1042,11.6,0,1,1,0,0,0,3,0,0.9,0.9,0.6,1.5,12,20,24,0.00,0.09,0.09,0.00,0.09,0.08,0.06,0.13,0.08,0.13,Matches,2024-2025
257,Brennan Johnson,wls WAL,FW,Tottenham,23-315,2001,26,20,1762,19.6,9,2,11,9,0,0,4,0,9.2,9.2,1.6,10.8,52,57,169,0.46,0.10,0.56,0.46,0.56,0.47,0.08,0.55,0.47,0.55,Matches,2024-2025
258,Sam Johnstone,eng ENG,GK,Wolves,32-009,1993,7,7,630,7.0,0,0,0,0,0,0,0,0,0.0,0.0,0.0,0.0,0,0,0,0.00,0.00,0.00,0.00,0.00,0.00,0.00,0.00,0.00,0.00,Matches,2024-2025
259,Curtis Jones,eng ENG,"MF,FW",Liverpool,24-063,2001,25,14,1257,14.0,3,3,6,3,0,0,3,1,4.0,4.0,0.9,4.9,16,71,59,0.21,0.21,0.43,0.21,0.43,0.29,0.07,0.35,0.29,0.35,Matches,2024-2025
260,Jorginho,it ITA,MF,Arsenal,33-104,1991,12,7,543,6.0,0,0,0,0,0,0,4,0,0.0,0.0,0.4,0.5,9,37,3,0.00,0.00,0.00,0.00,0.00,0.01,0.07,0.08,0.01,0.08,Matches,2024-2025
261,Diogo Jota,pt POR,FW,Liverpool,28-120,1996,19,11,918,10.2,6,3,9,6,0,0,2,0,6.5,6.5,1.8,8.3,33,27,76,0.59,0.29,0.88,0.59,0.88,0.64,0.18,0.82,0.64,0.82,Matches,2024-2025
262,James Justin,eng ENG,DF,Leicester City,27-039,1998,28,28,2363,26.3,2,1,3,2,0,0,4,0,1.5,1.5,0.5,2.0,34,71,87,0.08,0.04,0.11,0.08,0.11,0.06,0.02,0.08,0.06,0.08,Matches,2024-2025
263,Filip Jørgensen,dk DEN,GK,Chelsea,22-352,2002,6,6,540,6.0,0,0,0,0,0,0,0,0,0.0,0.0,0.0,0.0,0,0,0,0.00,0.00,0.00,0.00,0.00,0.00,0.00,0.00,0.00,0.00,Matches,2024-2025
264,Ferdi Kadioglu,tr TUR,"DF,MF",Brighton,25-178,1999,6,5,385,4.3,1,0,1,1,0,0,1,0,0.4,0.4,0.2,0.6,1,15,27,0.23,0.00,0.23,0.23,0.23,0.10,0.04,0.14,0.10,0.14,Matches,2024-2025
265,Daichi Kamada,jp JPN,MF,Crystal Palace,28-241,1996,25,10,1018,11.3,0,0,0,0,0,0,2,1,0.8,0.8,1.1,1.9,18,60,42,0.00,0.00,0.00,0.00,0.00,0.07,0.10,0.17,0.07,0.17,Matches,2024-2025
266,Boubacar Kamara,fr FRA,MF,Aston Villa,25-131,1999,18,14,1171,13.0,0,0,0,0,0,0,2,0,0.3,0.3,0.4,0.6,15,64,3,0.00,0.00,0.00,0.00,0.00,0.02,0.03,0.05,0.02,0.05,Matches,2024-2025
267,Michael Kayode,it ITA,DF,Brentford,20-267,2004,4,0,33,0.4,0,0,0,0,0,0,0,0,0.0,0.0,0.2,0.2,2,1,6,0.00,0.00,0.00,0.00,0.00,0.00,0.41,0.41,0.00,0.41,Matches,2024-2025
268,Michael Keane,eng ENG,DF,Everton,32-082,1993,10,9,813,9.0,2,0,2,2,0,0,4,0,0.4,0.4,0.1,0.5,1,12,3,0.22,0.00,0.22,0.22,0.22,0.05,0.01,0.06,0.05,0.06,Matches,2024-2025
269,Caoimhín Kelleher,ie IRL,GK,Liverpool,26-131,1998,9,9,810,9.0,0,0,0,0,0,0,0,0,0.0,0.0,0.0,0.0,0,0,0,0.00,0.00,0.00,0.00,0.00,0.00,0.00,0.00,0.00,0.00,Matches,2024-2025
270,Lloyd Kelly,eng ENG,DF,Newcastle Utd,26-179,1998,10,4,303,3.4,0,1,1,0,0,0,2,0,0.4,0.4,0.5,0.9,0,9,5,0.00,0.30,0.30,0.00,0.30,0.12,0.14,0.26,0.12,0.26,Matches,2024-2025
271,Milos Kerkez,hu HUN,DF,Bournemouth,21-147,2003,30,30,2627,29.2,2,5,7,2,0,0,4,0,0.5,0.5,3.2,3.7,76,128,148,0.07,0.17,0.24,0.07,0.24,0.02,0.11,0.13,0.02,0.13,Matches,2024-2025
272,Bilal El Khannouss,ma MAR,MF,Leicester City,20-328,2004,25,20,1585,17.6,2,1,3,2,0,0,3,0,0.7,0.7,2.3,2.9,50,98,67,0.11,0.06,0.17,0.11,0.17,0.04,0.13,0.17,0.04,0.17,Matches,2024-2025
273,Abdukodir Khusanov,uz UZB,DF,Manchester City,21-033,2004,6,6,503,5.6,0,0,0,0,0,0,1,0,0.0,0.0,0.1,0.1,1,25,2,0.00,0.00,0.00,0.00,0.00,0.00,0.02,0.02,0.00,0.02,Matches,2024-2025
274,Max Kilman,eng ENG,DF,West Ham,27-315,1997,30,30,2628,29.2,0,1,1,0,0,0,3,0,1.4,1.4,1.0,2.4,26,97,5,0.00,0.03,0.03,0.00,0.03,0.05,0.03,0.08,0.05,0.08,Matches,2024-2025
275,Joshua King,eng ENG,"MF,FW",Fulham,18-090,2007,5,1,80,0.9,0,0,0,0,0,0,0,0,0.2,0.2,0.4,0.6,1,4,9,0.00,0.00,0.00,0.00,0.00,0.22,0.48,0.70,0.22,0.70,Matches,2024-2025
276,Antonín Kinský,cz CZE,GK,Tottenham,22-021,2003,4,4,360,4.0,0,0,0,0,0,0,0,0,0.0,0.0,0.1,0.1,1,1,0,0.00,0.00,0.00,0.00,0.00,0.00,0.02,0.02,0.00,0.02,Matches,2024-2025
277,Jakub Kiwior,pl POL,DF,Arsenal,25-047,2000,9,2,402,4.5,0,0,0,0,0,0,0,0,0.1,0.1,0.1,0.2,2,10,0,0.00,0.00,0.00,0.00,0.00,0.02,0.01,0.03,0.02,0.03,Matches,2024-2025
278,Justin Kluivert,nl NED,"MF,FW",Bournemouth,25-333,1999,28,24,1936,21.5,12,6,18,6,6,6,6,0,9.9,5.1,4.7,9.9,64,88,132,0.56,0.28,0.84,0.28,0.56,0.46,0.22,0.68,0.24,0.46,Matches,2024-2025
279,Ibrahima Konaté,fr FRA,DF,Liverpool,25-313,1999,24,23,1984,22.0,1,2,3,1,0,0,5,0,1.5,1.5,0.9,2.4,20,92,2,0.05,0.09,0.14,0.05,0.14,0.07,0.04,0.11,0.07,0.11,Matches,2024-2025
280,Ezri Konsa,eng ENG,DF,Aston Villa,27-162,1997,26,26,2261,25.1,1,0,1,1,0,0,0,0,0.7,0.7,0.2,0.9,16,60,11,0.04,0.00,0.04,0.04,0.04,0.03,0.01,0.04,0.03,0.04,Matches,2024-2025
281,Mateo Kovačić,hr CRO,MF,Manchester City,30-332,1994,24,19,1681,18.7,4,1,5,4,0,0,5,0,1.4,1.4,3.4,4.8,44,122,14,0.21,0.05,0.27,0.21,0.27,0.08,0.18,0.26,0.08,0.26,Matches,2024-2025
282,Caleb Kporha,eng ENG,DF,Crystal Palace,18-262,2006,2,0,13,0.1,0,0,0,0,0,0,0,0,0.0,0.0,0.0,0.0,1,0,0,0.00,0.00,0.00,0.00,0.00,0.00,0.00,0.00,0.00,0.00,Matches,2024-2025
283,Emil Krafth,se SWE,DF,Newcastle Utd,30-244,1994,5,2,244,2.7,0,0,0,0,0,0,0,0,0.0,0.0,0.1,0.1,0,1,0,0.00,0.00,0.00,0.00,0.00,0.01,0.03,0.04,0.01,0.04,Matches,2024-2025
284,Mohammed Kudus,gh GHA,"MF,FW",West Ham,24-244,2000,24,24,1994,22.2,3,1,4,3,0,0,0,1,5.9,5.9,2.1,8.0,79,64,167,0.14,0.05,0.18,0.14,0.18,0.26,0.10,0.36,0.26,0.36,Matches,2024-2025
285,Dejan Kulusevski,se SWE,"MF,FW",Tottenham,24-343,2000,27,24,2154,23.9,7,4,11,7,0,0,3,0,4.1,4.1,6.1,10.2,115,118,199,0.29,0.17,0.46,0.29,0.46,0.17,0.25,0.43,0.17,0.43,Matches,2024-2025
286,Maxence Lacroix,fr FRA,DF,Crystal Palace,24-362,2000,26,26,2335,25.9,1,1,2,1,0,0,4,0,2.5,2.5,0.4,2.9,8,52,6,0.04,0.04,0.08,0.04,0.08,0.10,0.01,0.11,0.10,0.11,Matches,2024-2025
287,Adam Lallana,eng ENG,MF,Southampton,36-328,1988,14,5,361,4.0,0,2,2,0,0,0,4,0,0.2,0.2,0.9,1.1,6,24,10,0.00,0.50,0.50,0.00,0.50,0.04,0.23,0.27,0.04,0.27,Matches,2024-2025
288,Tariq Lamptey,gh GHA,DF,Brighton,24-185,2000,13,9,765,8.5,2,2,4,2,0,0,0,0,0.4,0.4,0.8,1.2,25,12,40,0.24,0.24,0.47,0.24,0.47,0.05,0.09,0.14,0.05,0.14,Matches,2024-2025
289,Will Lankshear,eng ENG,"FW,MF",Tottenham,19-348,2005,3,0,11,0.1,0,0,0,0,0,0,0,0,0.0,0.0,0.0,0.0,0,0,1,0.00,0.00,0.00,0.00,0.00,0.00,0.00,0.00,0.00,0.00,Matches,2024-2025
290,Roméo Lavia,be BEL,MF,Chelsea,21-087,2004,11,8,541,6.0,0,1,1,0,0,0,4,0,0.2,0.2,0.7,0.9,3,18,6,0.00,0.17,0.17,0.00,0.17,0.03,0.11,0.14,0.03,0.14,Matches,2024-2025
291,Mario Lemina,ga GAB,"MF,DF",Wolves,31-214,1993,17,15,1364,15.2,1,3,4,1,0,0,4,0,1.4,1.4,1.1,2.5,8,48,21,0.07,0.20,0.26,0.07,0.26,0.09,0.07,0.17,0.09,0.17,Matches,2024-2025
292,Bernd Leno,de GER,GK,Fulham,33-030,1992,30,30,2700,30.0,0,1,1,0,0,0,3,0,0.0,0.0,0.1,0.1,0,0,0,0.00,0.03,0.03,0.00,0.03,0.00,0.00,0.00,0.00,0.00,Matches,2024-2025
293,Jefferson Lerma,co COL,MF,Crystal Palace,30-160,1994,24,19,1631,18.1,0,1,1,0,0,0,5,0,0.9,0.9,1.5,2.4,10,78,24,0.00,0.06,0.06,0.00,0.06,0.05,0.08,0.13,0.05,0.13,Matches,2024-2025
294,Rico Lewis,eng ENG,"DF,MF",Manchester City,20-133,2004,24,19,1703,18.9,1,2,3,1,0,0,5,1,1.4,1.4,0.3,1.7,36,97,63,0.05,0.11,0.16,0.05,0.16,0.07,0.02,0.09,0.07,0.09,Matches,2024-2025
295,Keane Lewis-Potter,eng ENG,"DF,FW",Brentford,24-040,2001,30,28,2459,27.3,1,2,3,1,0,0,5,0,2.5,2.5,2.0,4.5,86,84,130,0.04,0.07,0.11,0.04,0.11,0.09,0.07,0.16,0.09,0.16,Matches,2024-2025
296,Myles Lewis-Skelly,eng ENG,DF,Arsenal,18-189,2006,15,10,856,9.5,1,0,1,1,0,0,2,2,0.0,0.0,0.2,0.2,21,47,24,0.11,0.00,0.11,0.11,0.11,0.00,0.02,0.02,0.00,0.02,Matches,2024-2025
297,Matthijs de Ligt,nl NED,DF,Manchester Utd,25-234,1999,28,24,2089,23.2,2,0,2,2,0,0,3,0,2.5,2.5,0.3,2.8,7,55,6,0.09,0.00,0.09,0.09,0.09,0.11,0.01,0.12,0.11,0.12,Matches,2024-2025
298,Pedro Lima,br BRA,DF,Wolves,18-276,2006,3,1,70,0.8,0,0,0,0,0,0,0,0,0.1,0.1,0.1,0.1,4,4,11,0.00,0.00,0.00,0.00,0.00,0.07,0.09,0.16,0.07,0.16,Matches,2024-2025
299,Victor Lindelöf,se SWE,DF,Manchester Utd,30-260,1994,8,2,244,2.7,0,0,0,0,0,0,1,0,0.0,0.0,0.1,0.1,1,5,1,0.00,0.00,0.00,0.00,0.00,0.00,0.03,0.03,0.00,0.03,Matches,2024-2025
300,Jesper Lindstrøm,dk DEN,FW,Everton,25-033,2000,25,15,1239,13.8,0,1,1,0,0,0,2,0,2.1,2.1,2.0,4.1,30,25,81,0.00,0.07,0.07,0.00,0.07,0.15,0.15,0.30,0.15,0.30,Matches,2024-2025
301,Valentino Livramento,eng ENG,DF,Newcastle Utd,22-142,2002,28,23,2030,22.6,0,0,0,0,0,0,1,0,0.1,0.1,1.4,1.5,50,108,74,0.00,0.00,0.00,0.00,0.00,0.01,0.06,0.07,0.01,0.07,Matches,2024-2025
302,Sean Longstaff,eng ENG,MF,Newcastle Utd,27-155,1997,21,8,746,8.3,0,0,0,0,0,0,2,0,0.6,0.6,0.2,0.8,4,38,20,0.00,0.00,0.00,0.00,0.00,0.07,0.02,0.09,0.07,0.09,Matches,2024-2025
303,Saša Lukić,rs SRB,MF,Fulham,28-233,1996,23,22,1804,20.0,0,2,2,0,0,0,11,0,0.8,0.8,2.6,3.4,31,75,23,0.00,0.10,0.10,0.00,0.10,0.04,0.13,0.17,0.04,0.17,Matches,2024-2025
304,Joe Lumley,eng ENG,GK,Southampton,30-047,1995,3,3,270,3.0,0,0,0,0,0,0,0,0,0.0,0.0,0.0,0.0,0,0,0,0.00,0.00,0.00,0.00,0.00,0.00,0.00,0.00,0.00,0.00,Matches,2024-2025
305,Massimo Luongo,au AUS,MF,Ipswich Town,32-190,1992,7,2,181,2.0,0,0,0,0,0,0,0,0,0.0,0.0,0.0,0.0,0,5,1,0.00,0.00,0.00,0.00,0.00,0.00,0.00,0.00,0.00,0.00,Matches,2024-2025
306,Ian Maatsen,nl NED,DF,Aston Villa,23-024,2002,22,4,617,6.9,0,1,1,0,0,0,2,0,0.2,0.2,1.6,1.8,19,33,61,0.00,0.15,0.15,0.00,0.15,0.04,0.23,0.27,0.04,0.27,Matches,2024-2025
307,Alexis Mac Allister,ar ARG,MF,Liverpool,26-100,1998,29,26,2201,24.5,3,3,6,3,0,0,6,0,2.3,2.3,4.1,6.4,30,152,62,0.12,0.12,0.25,0.12,0.25,0.10,0.17,0.26,0.10,0.26,Matches,2024-2025
308,James Maddison,eng ENG,MF,Tottenham,28-131,1996,27,17,1524,16.9,9,5,14,9,0,0,6,0,5.7,5.7,3.6,9.3,38,140,78,0.53,0.30,0.83,0.53,0.83,0.34,0.21,0.55,0.34,0.55,Matches,2024-2025
309,Noni Madueke,eng ENG,FW,Chelsea,23-024,2002,23,19,1453,16.1,7,3,10,7,0,0,3,0,7.6,7.6,3.6,11.2,110,53,179,0.43,0.19,0.62,0.43,0.62,0.47,0.22,0.69,0.47,0.69,Matches,2024-2025
310,Gabriel Magalhães,br BRA,DF,Arsenal,27-105,1997,28,28,2363,26.3,3,1,4,3,0,0,4,0,2.6,2.6,0.9,3.5,10,126,11,0.11,0.04,0.15,0.11,0.15,0.10,0.03,0.13,0.10,0.13,Matches,2024-2025
311,Edmond-Paris Maghoma,eng ENG,"MF,FW",Brentford,23-330,2001,8,0,119,1.3,0,0,0,0,0,0,0,0,0.1,0.1,0.1,0.2,4,14,4,0.00,0.00,0.00,0.00,0.00,0.09,0.08,0.17,0.09,0.17,Matches,2024-2025
312,Harry Maguire,eng ENG,DF,Manchester Utd,32-029,1993,21,15,1361,15.1,1,0,1,1,0,0,7,0,1.4,1.4,0.3,1.6,6,42,6,0.07,0.00,0.07,0.07,0.07,0.09,0.02,0.11,0.09,0.11,Matches,2024-2025
313,Kobbie Mainoo,eng ENG,MF,Manchester Utd,19-349,2005,18,15,1285,14.3,0,0,0,0,0,0,5,0,0.5,0.5,1.5,2.0,19,52,35,0.00,0.00,0.00,0.00,0.00,0.04,0.11,0.14,0.04,0.14,Matches,2024-2025
314,Tyrell Malacia,nl NED,DF,Manchester Utd,25-229,1999,3,2,100,1.1,0,0,0,0,0,0,1,0,0.0,0.0,0.0,0.0,3,3,6,0.00,0.00,0.00,0.00,0.00,0.00,0.03,0.03,0.00,0.03,Matches,2024-2025
315,Donyell Malen,nl NED,FW,Aston Villa,26-084,1999,7,1,173,1.9,1,0,1,1,0,0,0,0,0.6,0.6,0.0,0.7,5,3,15,0.52,0.00,0.52,0.52,0.52,0.33,0.02,0.34,0.33,0.34,Matches,2024-2025
316,Orel Mangala,be BEL,MF,Everton,27-016,1998,19,14,1261,14.0,1,0,1,1,0,0,2,0,1.1,1.1,0.6,1.8,6,34,19,0.07,0.00,0.07,0.07,0.07,0.08,0.05,0.13,0.08,0.13,Matches,2024-2025
317,Ryan Manning,ie IRL,"DF,MF",Southampton,28-293,1996,18,13,1051,11.7,0,0,0,0,0,0,2,0,0.3,0.3,2.5,2.8,12,17,58,0.00,0.00,0.00,0.00,0.00,0.03,0.21,0.24,0.03,0.24,Matches,2024-2025
318,Solly March,eng ENG,"MF,FW",Brighton,30-257,1994,4,0,40,0.4,0,0,0,0,0,0,1,0,0.1,0.1,0.0,0.1,0,1,1,0.00,0.00,0.00,0.00,0.00,0.15,0.00,0.15,0.15,0.15,Matches,2024-2025
319,Omar Marmoush,eg EGY,"MF,FW",Manchester City,26-055,1999,8,7,565,6.3,5,0,5,5,0,0,0,0,2.7,2.7,1.0,3.7,13,17,39,0.80,0.00,0.80,0.80,0.80,0.43,0.16,0.59,0.43,0.59,Matches,2024-2025
320,Gabriel Martinelli,br BRA,"FW,MF",Arsenal,23-289,2001,25,18,1659,18.4,6,4,10,6,0,0,1,0,4.9,4.9,4.2,9.1,99,35,215,0.33,0.22,0.54,0.33,0.54,0.26,0.23,0.49,0.26,0.49,Matches,2024-2025
321,Emiliano Martínez,ar ARG,GK,Aston Villa,32-213,1992,29,29,2520,28.0,0,0,0,0,0,0,3,0,0.0,0.0,0.0,0.0,0,2,0,0.00,0.00,0.00,0.00,0.00,0.00,0.00,0.00,0.00,0.00,Matches,2024-2025
322,Lisandro Martínez,ar ARG,DF,Manchester Utd,27-075,1998,20,20,1751,19.5,2,1,3,2,0,0,7,0,1.3,1.3,1.1,2.4,23,117,7,0.10,0.05,0.15,0.10,0.15,0.07,0.06,0.13,0.07,0.13,Matches,2024-2025
323,Pape Matar Sarr,sn SEN,MF,Tottenham,22-201,2002,27,16,1396,15.5,3,2,5,3,0,0,5,0,3.1,3.1,1.5,4.7,27,72,40,0.19,0.13,0.32,0.19,0.32,0.20,0.10,0.30,0.20,0.30,Matches,2024-2025
324,Jean-Philippe Mateta,fr FRA,FW,Crystal Palace,27-279,1997,28,26,2190,24.3,12,2,14,10,2,2,2,0,11.5,9.9,3.0,12.9,32,44,107,0.49,0.08,0.58,0.41,0.49,0.47,0.12,0.59,0.41,0.53,Matches,2024-2025
325,Stephy Mavididi,eng ENG,FW,Leicester City,26-307,1998,27,14,1397,15.5,3,1,4,3,0,0,2,0,1.6,1.6,2.4,4.0,75,53,118,0.19,0.06,0.26,0.19,0.26,0.10,0.16,0.26,0.10,0.26,Matches,2024-2025
326,Konstantinos Mavropanos,gr GRE,DF,West Ham,27-113,1997,26,18,1752,19.5,0,0,0,0,0,0,5,1,1.2,1.2,0.5,1.7,16,57,2,0.00,0.00,0.00,0.00,0.00,0.06,0.02,0.09,0.06,0.09,Matches,2024-2025
327,Noussair Mazraoui,ma MAR,DF,Manchester Utd,27-140,1997,30,27,2308,25.6,0,1,1,0,0,0,2,0,0.6,0.6,1.3,1.9,34,96,44,0.00,0.04,0.04,0.00,0.04,0.02,0.05,0.07,0.02,0.07,Matches,2024-2025
328,Bryan Mbeumo,cm CMR,FW,Brentford,25-239,1999,30,30,2694,29.9,16,5,21,11,5,5,2,0,9.8,5.9,6.7,12.6,101,113,281,0.53,0.17,0.70,0.37,0.53,0.33,0.22,0.55,0.20,0.42,Matches,2024-2025
329,James Mcatee,eng ENG,"MF,FW",Manchester City,22-167,2002,11,0,143,1.6,2,0,2,2,0,0,0,0,1.4,1.4,0.0,1.4,5,4,12,1.26,0.00,1.26,1.26,1.26,0.87,0.00,0.87,0.87,0.87,Matches,2024-2025
330,Kasey McAteer,ie IRL,"FW,MF",Leicester City,23-132,2001,12,4,395,4.4,0,1,1,0,0,0,1,0,0.6,0.6,0.4,0.9,13,8,36,0.00,0.23,0.23,0.00,0.23,0.13,0.08,0.21,0.13,0.21,Matches,2024-2025
331,Alex McCarthy,eng ENG,GK,Southampton,35-121,1989,5,5,450,5.0,0,0,0,0,0,0,0,0,0.0,0.0,0.0,0.0,0,0,0,0.00,0.00,0.00,0.00,0.00,0.00,0.00,0.00,0.00,0.00,Matches,2024-2025
332,John McGinn,sct SCO,"MF,FW",Aston Villa,30-167,1994,26,23,1867,20.7,0,3,3,0,0,0,6,0,2.2,2.2,2.8,5.0,27,87,66,0.00,0.14,0.14,0.00,0.14,0.11,0.14,0.24,0.11,0.24,Matches,2024-2025
333,Dwight McNeil,eng ENG,"MF,FW",Everton,25-132,1999,13,13,1140,12.7,3,3,6,3,0,0,1,0,0.9,0.9,3.5,4.4,31,60,65,0.24,0.24,0.47,0.24,0.47,0.07,0.27,0.34,0.07,0.34,Matches,2024-2025
334,Scott McTominay,sct SCO,MF,Manchester Utd,28-116,1996,2,0,19,0.2,0,0,0,0,0,0,0,0,0.1,0.1,0.0,0.1,0,1,2,0.00,0.00,0.00,0.00,0.00,0.33,0.00,0.33,0.33,0.33,Matches,2024-2025
335,Ben Mee,eng ENG,DF,Brentford,35-194,1989,7,2,183,2.0,0,0,0,0,0,0,2,0,0.0,0.0,0.0,0.0,3,11,2,0.00,0.00,0.00,0.00,0.00,0.00,0.00,0.00,0.00,0.00,Matches,2024-2025
336,Jayden Meghoma,eng ENG,DF,Brentford,18-279,2006,1,0,5,0.1,0,0,0,0,0,0,0,0,0.0,0.0,0.0,0.0,0,0,0,0.00,0.00,0.00,0.00,0.00,0.00,0.00,0.00,0.00,0.00,Matches,2024-2025
337,Mikel Merino,es ESP,"MF,FW",Arsenal,28-285,1996,22,13,1239,13.8,6,1,7,6,0,0,2,0,3.7,3.7,1.4,5.1,8,56,75,0.44,0.07,0.51,0.44,0.51,0.27,0.10,0.37,0.27,0.37,Matches,2024-2025
338,Shumaira Mheuka,eng ENG,MF,Chelsea,17-165,2007,1,0,1,0.0,0,0,0,0,0,0,0,0,0.1,0.1,0.0,0.1,0,0,0,0.00,0.00,0.00,0.00,0.00,5.06,0.00,5.06,5.06,5.06,Matches,2024-2025
339,Nikola Milenković,rs SRB,DF,Nott'ham Forest,27-173,1997,29,29,2610,29.0,4,2,6,4,0,0,4,0,3.6,3.6,0.8,4.4,3,42,5,0.14,0.07,0.21,0.14,0.21,0.12,0.03,0.15,0.12,0.15,Matches,2024-2025
340,Lewis Miley,eng ENG,MF,Newcastle Utd,18-337,2006,9,1,193,2.1,1,0,1,1,0,0,0,0,0.5,0.5,0.0,0.6,1,12,4,0.47,0.00,0.47,0.47,0.47,0.25,0.01,0.27,0.25,0.27,Matches,2024-2025
341,James Milner,eng ENG,MF,Brighton,39-089,1986,3,3,169,1.9,0,0,0,0,0,0,1,0,0.2,0.2,0.2,0.4,1,10,10,0.00,0.00,0.00,0.00,0.00,0.09,0.12,0.21,0.09,0.21,Matches,2024-2025
342,Tyrone Mings,eng ENG,DF,Aston Villa,32-021,1993,10,8,781,8.7,0,0,0,0,0,0,1,0,0.6,0.6,0.2,0.8,3,29,0,0.00,0.00,0.00,0.00,0.00,0.07,0.02,0.09,0.07,0.09,Matches,2024-2025
343,Yankuba Minteh,gm GAM,"FW,MF",Brighton,20-255,2004,24,13,1266,14.1,5,3,8,5,0,0,6,0,3.3,3.3,4.0,7.3,57,27,136,0.36,0.21,0.57,0.36,0.57,0.23,0.28,0.52,0.23,0.52,Matches,2024-2025
344,Tyrick Mitchell,eng ENG,DF,Crystal Palace,25-214,1999,29,29,2457,27.3,0,4,4,0,0,0,2,0,1.2,1.2,5.4,6.6,50,55,140,0.00,0.15,0.15,0.00,0.15,0.05,0.20,0.24,0.05,0.24,Matches,2024-2025
345,Kaoru Mitoma,jp JPN,"FW,MF",Brighton,27-318,1997,30,27,2405,26.7,7,3,10,7,0,0,1,0,7.5,7.5,4.4,11.9,133,79,267,0.26,0.11,0.37,0.26,0.37,0.28,0.16,0.44,0.28,0.44,Matches,2024-2025
346,Jakub Moder,pl POL,MF,Brighton,25-361,1999,4,0,11,0.1,0,0,0,0,0,0,0,0,0.0,0.0,0.2,0.2,2,4,0,0.00,0.00,0.00,0.00,0.00,0.00,1.45,1.45,0.00,1.45,Matches,2024-2025
347,Mikey Moore,eng ENG,"FW,MF",Tottenham,17-235,2007,7,2,185,2.1,0,1,1,0,0,0,0,0,0.2,0.2,0.3,0.5,9,7,30,0.00,0.49,0.49,0.00,0.49,0.10,0.16,0.26,0.10,0.26,Matches,2024-2025
348,Morato,br BRA,DF,Nott'ham Forest,23-277,2001,21,4,680,7.6,0,0,0,0,0,0,1,0,0.2,0.2,0.0,0.2,0,14,1,0.00,0.00,0.00,0.00,0.00,0.02,0.00,0.02,0.02,0.02,Matches,2024-2025
349,Álex Moreno,es ESP,"DF,MF",Nott'ham Forest,31-299,1993,14,10,865,9.6,0,1,1,0,0,0,2,0,0.2,0.2,1.0,1.1,25,30,32,0.00,0.10,0.10,0.00,0.10,0.02,0.10,0.12,0.02,0.12,Matches,2024-2025
350,Sam Morsy,eg EGY,MF,Ipswich Town,33-205,1991,25,23,2060,22.9,1,1,2,1,0,0,8,0,0.3,0.3,0.7,1.0,13,91,9,0.04,0.04,0.09,0.04,0.09,0.01,0.03,0.05,0.01,0.05,Matches,2024-2025
351,Yerson Mosquera,co COL,DF,Wolves,23-336,2001,5,5,441,4.9,0,0,0,0,0,0,2,0,0.3,0.3,0.1,0.4,0,7,0,0.00,0.00,0.00,0.00,0.00,0.07,0.02,0.09,0.07,0.09,Matches,2024-2025
352,Mason Mount,eng ENG,"MF,FW",Manchester Utd,26-083,1999,9,4,260,2.9,0,0,0,0,0,0,2,0,0.5,0.5,0.1,0.6,3,9,7,0.00,0.00,0.00,0.00,0.00,0.17,0.04,0.21,0.17,0.21,Matches,2024-2025
353,Divin Mubama,eng ENG,FW,Manchester City,20-160,2004,1,0,28,0.3,0,0,0,0,0,0,0,0,0.0,0.0,0.0,0.0,0,1,0,0.00,0.00,0.00,0.00,0.00,0.12,0.00,0.12,0.12,0.12,Matches,2024-2025
354,Mykhailo Mudryk,ua UKR,FW,Chelsea,24-088,2001,7,1,151,1.7,0,0,0,0,0,0,0,0,0.3,0.3,1.0,1.2,7,5,12,0.00,0.00,0.00,0.00,0.00,0.15,0.58,0.73,0.15,0.73,Matches,2024-2025
355,Marshall Munetsi,zw ZIM,"MF,FW",Wolves,28-285,1996,6,5,428,4.8,1,1,2,1,0,0,0,0,2.4,2.4,0.8,3.3,2,5,16,0.21,0.21,0.42,0.21,0.42,0.51,0.18,0.69,0.51,0.69,Matches,2024-2025
356,Rodrigo Muniz,br BRA,FW,Fulham,23-334,2001,29,6,833,9.3,7,1,8,7,0,0,1,0,5.2,5.2,0.7,6.0,4,25,30,0.76,0.11,0.86,0.76,0.86,0.57,0.08,0.65,0.57,0.65,Matches,2024-2025
357,Daniel Muñoz,co COL,DF,Crystal Palace,28-312,1996,28,28,2418,26.9,3,4,7,3,0,0,7,0,4.1,4.1,3.8,7.9,38,67,164,0.11,0.15,0.26,0.11,0.26,0.15,0.14,0.29,0.15,0.29,Matches,2024-2025
358,Arijanet Muric,xk KVX,GK,Ipswich Town,26-147,1998,18,18,1620,18.0,0,0,0,0,0,0,1,0,0.0,0.0,0.0,0.0,0,1,0,0.00,0.00,0.00,0.00,0.00,0.00,0.00,0.00,0.00,0.00,Matches,2024-2025
359,Murillo,br BRA,DF,Nott'ham Forest,22-273,2002,29,29,2568,28.5,1,0,1,1,0,0,5,0,1.2,1.2,1.1,2.3,15,90,4,0.04,0.00,0.04,0.04,0.04,0.04,0.04,0.08,0.04,0.08,Matches,2024-2025
360,Jacob Murphy,eng ENG,FW,Newcastle Utd,30-038,1995,26,22,1745,19.4,5,9,14,5,0,0,3,0,3.9,3.9,6.8,10.7,58,57,157,0.26,0.46,0.72,0.26,0.72,0.20,0.35,0.55,0.20,0.55,Matches,2024-2025
361,Vitaliy Mykolenko,ua UKR,DF,Everton,25-309,1999,28,28,2452,27.2,0,1,1,0,0,0,2,0,0.4,0.4,1.5,1.9,27,89,69,0.00,0.04,0.04,0.00,0.04,0.01,0.05,0.07,0.01,0.07,Matches,2024-2025
362,Iliman Ndiaye,sn SEN,FW,Everton,25-028,2000,25,22,1899,21.1,6,0,6,5,1,1,3,0,3.6,2.8,1.5,4.3,72,39,96,0.28,0.00,0.28,0.24,0.24,0.17,0.07,0.24,0.13,0.21,Matches,2024-2025
363,Wilfred Ndidi,ng NGA,MF,Leicester City,28-108,1996,21,21,1735,19.3,0,4,4,0,0,0,5,0,1.6,1.6,1.7,3.3,13,51,67,0.00,0.21,0.21,0.00,0.21,0.09,0.09,0.17,0.09,0.17,Matches,2024-2025
364,Kosta Nedeljković,rs SRB,DF,Aston Villa,19-108,2005,5,0,126,1.4,0,0,0,0,0,0,0,0,0.0,0.0,0.0,0.0,1,6,0,0.00,0.00,0.00,0.00,0.00,0.00,0.00,0.00,0.00,0.00,Matches,2024-2025
365,Reiss Nelson,eng ENG,FW,Arsenal,25-114,1999,1,0,3,0.0,0,0,0,0,0,0,0,0,0.0,0.0,0.0,0.0,0,0,0,0.00,0.00,0.00,0.00,0.00,0.00,0.00,0.00,0.00,0.00,Matches,2024-2025
366,Reiss Nelson,eng ENG,FW,Fulham,25-114,1999,11,5,487,5.4,1,1,2,1,0,0,1,0,1.1,1.1,1.0,2.1,45,35,63,0.18,0.18,0.37,0.18,0.37,0.20,0.18,0.39,0.20,0.39,Matches,2024-2025
367,Neto,br BRA,GK,Bournemouth,35-258,1989,2,2,180,2.0,0,0,0,0,0,0,0,0,0.0,0.0,0.0,0.0,0,0,0,0.00,0.00,0.00,0.00,0.00,0.00,0.00,0.00,0.00,0.00,Matches,2024-2025
368,Pedro Neto,pt POR,FW,Chelsea,25-025,2000,26,16,1531,17.0,3,4,7,3,0,0,7,0,2.0,2.0,4.3,6.4,91,39,147,0.18,0.24,0.41,0.18,0.41,0.12,0.25,0.37,0.12,0.37,Matches,2024-2025
369,Eddie Nketiah,eng ENG,"FW,MF",Crystal Palace,25-308,1999,21,7,740,8.2,1,1,2,1,0,0,3,0,3.7,3.7,1.5,5.2,32,15,59,0.12,0.12,0.24,0.12,0.24,0.45,0.18,0.63,0.45,0.63,Matches,2024-2025
370,Christopher Nkunku,fr FRA,FW,Chelsea,27-140,1997,25,8,872,9.7,3,2,5,3,0,0,2,0,4.7,4.6,2.0,6.6,16,25,64,0.31,0.21,0.52,0.31,0.52,0.48,0.21,0.69,0.48,0.69,Matches,2024-2025
371,Matheus Nunes,pt POR,"DF,MF",Manchester City,26-219,1998,20,13,1134,12.6,0,4,4,0,0,0,3,0,0.5,0.5,3.3,3.9,45,52,134,0.00,0.32,0.32,0.00,0.32,0.04,0.27,0.31,0.04,0.31,Matches,2024-2025
372,Darwin Núñez,uy URU,FW,Liverpool,25-283,1999,24,8,986,11.0,5,2,7,5,0,0,8,0,5.0,5.0,1.2,6.1,20,22,67,0.46,0.18,0.64,0.46,0.64,0.45,0.10,0.56,0.45,0.56,Matches,2024-2025
373,Ethan Nwaneri,eng ENG,"FW,MF",Arsenal,18-013,2007,20,8,671,7.5,3,2,5,3,0,0,1,0,0.9,0.9,1.0,1.9,39,26,88,0.40,0.27,0.67,0.40,0.67,0.12,0.13,0.25,0.12,0.25,Matches,2024-2025
374,Christian Nørgaard,dk DEN,MF,Brentford,31-024,1994,26,26,2100,23.3,4,2,6,4,0,0,4,1,3.2,3.2,0.8,4.0,11,116,34,0.17,0.09,0.26,0.17,0.26,0.14,0.03,0.17,0.14,0.17,Matches,2024-2025
375,Jake O'Brien,ie IRL,DF,Everton,23-323,2001,13,10,941,10.5,2,0,2,2,0,0,3,0,0.6,0.6,0.6,1.1,6,34,23,0.19,0.00,0.19,0.19,0.19,0.05,0.05,0.11,0.05,0.11,Matches,2024-2025
376,Matt O'Riley,dk DEN,MF,Brighton,24-133,2000,13,5,482,5.4,1,1,2,1,0,0,1,0,1.2,1.2,1.2,2.4,9,23,26,0.19,0.19,0.37,0.19,0.37,0.23,0.22,0.44,0.23,0.44,Matches,2024-2025
377,Dara O'Shea,ie IRL,DF,Ipswich Town,26-030,1999,27,27,2402,26.7,0,1,1,0,0,0,6,0,0.8,0.8,0.1,0.9,3,62,3,0.00,0.04,0.04,0.00,0.04,0.03,0.00,0.03,0.03,0.03,Matches,2024-2025
378,Chidozie Obi-Martin,dk DEN,FW,Manchester Utd,17-125,2007,3,0,28,0.3,0,0,0,0,0,0,1,0,0.0,0.0,0.0,0.0,1,1,2,0.00,0.00,0.00,0.00,0.00,0.00,0.00,0.00,0.00,0.00,Matches,2024-2025
379,Wilson Odobert,fr FRA,FW,Tottenham,20-126,2004,8,4,353,3.9,0,0,0,0,0,0,0,0,0.7,0.7,0.1,0.7,25,14,35,0.00,0.00,0.00,0.00,0.00,0.17,0.02,0.19,0.17,0.19,Matches,2024-2025
380,Chiedozie Ogbene,ie IRL,FW,Ipswich Town,27-337,1997,5,3,238,2.6,0,0,0,0,0,0,0,0,0.0,0.0,0.1,0.1,7,0,15,0.00,0.00,0.00,0.00,0.00,0.00,0.03,0.03,0.00,0.03,Matches,2024-2025
381,Caleb Okoli,it ITA,DF,Leicester City,23-264,2001,17,11,1034,11.5,0,0,0,0,0,0,3,0,0.1,0.1,0.0,0.1,3,30,2,0.00,0.00,0.00,0.00,0.00,0.01,0.00,0.01,0.01,0.01,Matches,2024-2025
382,Robin Olsen,se SWE,GK,Aston Villa,35-085,1990,3,1,180,2.0,0,0,0,0,0,0,0,0,0.0,0.0,0.0,0.0,0,0,0,0.00,0.00,0.00,0.00,0.00,0.00,0.00,0.00,0.00,0.00,Matches,2024-2025
383,Amadou Onana,be BEL,MF,Aston Villa,23-230,2001,18,14,1105,12.3,2,0,2,2,0,0,4,0,1.8,1.8,0.2,2.0,13,37,10,0.16,0.00,0.16,0.16,0.16,0.15,0.01,0.16,0.15,0.16,Matches,2024-2025
384,André Onana,cm CMR,GK,Manchester Utd,29-001,1996,30,30,2700,30.0,0,0,0,0,0,0,0,0,0.0,0.0,0.2,0.2,0,1,0,0.00,0.00,0.00,0.00,0.00,0.00,0.01,0.01,0.00,0.01,Matches,2024-2025
385,Paul Onuachu,ng NGA,FW,Southampton,30-310,1994,20,9,852,9.5,4,1,5,4,0,0,3,0,3.1,3.1,0.5,3.6,7,12,35,0.42,0.11,0.53,0.42,0.53,0.33,0.05,0.38,0.33,0.38,Matches,2024-2025
386,Frank Onyeka,ng NGA,MF,Brentford,27-092,1998,2,0,25,0.3,0,0,0,0,0,0,0,0,0.0,0.0,0.0,0.0,0,1,0,0.00,0.00,0.00,0.00,0.00,0.00,0.00,0.00,0.00,0.00,Matches,2024-2025
387,Lewis Orford,eng ENG,MF,West Ham,19-044,2006,2,0,49,0.5,0,0,0,0,0,0,0,0,0.0,0.0,0.0,0.0,0,0,1,0.00,0.00,0.00,0.00,0.00,0.05,0.04,0.09,0.05,0.09,Matches,2024-2025
388,Stefan Ortega,de GER,GK,Manchester City,32-148,1992,10,10,900,10.0,0,0,0,0,0,0,1,0,0.0,0.0,0.0,0.0,0,0,0,0.00,0.00,0.00,0.00,0.00,0.00,0.00,0.00,0.00,0.00,Matches,2024-2025
389,William Osula,dk DEN,FW,Newcastle Utd,21-242,2003,10,0,71,0.8,0,0,0,0,0,0,0,0,0.0,0.0,0.1,0.1,1,1,6,0.00,0.00,0.00,0.00,0.00,0.00,0.11,0.11,0.00,0.11,Matches,2024-2025
390,Dango Ouattara,bf BFA,FW,Bournemouth,23-051,2002,27,16,1608,17.9,7,4,11,7,0,0,1,0,7.7,7.7,4.6,12.3,60,35,160,0.39,0.22,0.62,0.39,0.62,0.43,0.26,0.69,0.43,0.69,Matches,2024-2025
391,Nico O’Reilly,eng ENG,"DF,MF",Manchester City,20-013,2005,3,1,113,1.3,0,0,0,0,0,0,0,0,0.1,0.1,0.0,0.2,8,4,3,0.00,0.00,0.00,0.00,0.00,0.11,0.01,0.12,0.11,0.12,Matches,2024-2025
392,Alex Palmer,eng ENG,GK,Ipswich Town,28-236,1996,6,6,540,6.0,0,0,0,0,0,0,0,0,0.0,0.0,0.0,0.0,0,1,0,0.00,0.00,0.00,0.00,0.00,0.00,0.00,0.00,0.00,0.00,Matches,2024-2025
393,Cole Palmer,eng ENG,MF,Chelsea,22-332,2002,28,28,2441,27.1,14,6,20,11,3,4,4,0,15.2,12.1,8.6,20.7,85,157,141,0.52,0.22,0.74,0.41,0.63,0.56,0.32,0.88,0.45,0.76,Matches,2024-2025
394,Emerson Palmieri,it ITA,DF,West Ham,30-243,1994,26,23,1806,20.1,2,1,3,2,0,0,5,0,1.7,1.7,1.5,3.2,36,53,71,0.10,0.05,0.15,0.10,0.15,0.08,0.07,0.16,0.08,0.16,Matches,2024-2025
395,Lucas Paquetá,br BRA,"MF,FW",West Ham,27-219,1997,26,22,1897,21.1,4,0,4,2,2,2,7,0,5.1,3.5,2.2,5.7,16,108,71,0.19,0.00,0.19,0.09,0.09,0.24,0.11,0.35,0.16,0.27,Matches,2024-2025
396,Thomas Partey,gh GHA,"MF,DF",Arsenal,31-294,1993,29,25,2279,25.3,3,2,5,3,0,0,4,0,1.8,1.8,1.9,3.7,30,155,38,0.12,0.08,0.20,0.12,0.20,0.07,0.08,0.15,0.07,0.15,Matches,2024-2025
397,Nathan Patterson,sct SCO,"DF,FW",Everton,23-169,2001,7,0,129,1.4,0,0,0,0,0,0,0,0,0.1,0.1,0.3,0.4,4,7,7,0.00,0.00,0.00,0.00,0.00,0.05,0.24,0.29,0.05,0.29,Matches,2024-2025
398,Andreas Pereira,br BRA,MF,Fulham,29-092,1996,27,19,1601,17.8,2,4,6,2,0,1,7,0,3.3,2.5,3.7,6.2,21,94,67,0.11,0.22,0.34,0.11,0.34,0.19,0.21,0.40,0.14,0.35,Matches,2024-2025
399,Ricardo Pereira,pt POR,"DF,MF",Leicester City,31-179,1993,4,2,168,1.9,0,0,0,0,0,0,1,0,0.0,0.0,0.0,0.0,2,7,4,0.00,0.00,0.00,0.00,0.00,0.02,0.00,0.02,0.02,0.02,Matches,2024-2025
400,Kalvin Phillips,eng ENG,MF,Ipswich Town,29-122,1995,18,14,1214,13.5,0,0,0,0,0,0,6,1,0.4,0.4,0.2,0.6,4,49,4,0.00,0.00,0.00,0.00,0.00,0.03,0.02,0.05,0.03,0.05,Matches,2024-2025
401,Jaden Philogene Bidace,eng ENG,"FW,MF",Aston Villa,23-054,2002,11,2,332,3.7,0,0,0,0,0,0,4,1,0.5,0.5,0.3,0.8,7,4,17,0.00,0.00,0.00,0.00,0.00,0.13,0.08,0.20,0.13,0.20,Matches,2024-2025
402,Jaden Philogene Bidace,eng ENG,"FW,DF",Ipswich Town,23-054,2002,8,5,459,5.1,2,0,2,2,0,0,1,0,1.9,1.9,0.2,2.1,13,10,34,0.39,0.00,0.39,0.39,0.39,0.37,0.05,0.42,0.37,0.42,Matches,2024-2025
403,Jordan Pickford,eng ENG,GK,Everton,31-027,1994,30,30,2700,30.0,0,1,1,0,0,0,6,0,0.0,0.0,0.4,0.4,0,0,0,0.00,0.03,0.03,0.00,0.03,0.00,0.01,0.01,0.00,0.01,Matches,2024-2025
404,Ethan Pinnock,jm JAM,DF,Brentford,31-309,1993,22,21,1913,21.3,2,0,2,2,0,0,2,0,1.1,1.1,1.2,2.3,3,41,9,0.09,0.00,0.09,0.09,0.09,0.05,0.05,0.11,0.05,0.11,Matches,2024-2025
405,Daniel Podence,pt POR,"MF,FW",Wolves,29-164,1995,2,0,48,0.5,0,0,0,0,0,0,0,0,0.0,0.0,0.0,0.0,1,2,3,0.00,0.00,0.00,0.00,0.00,0.07,0.00,0.07,0.07,0.07,Matches,2024-2025
406,Alfie Pond,eng ENG,DF,Wolves,21-033,2004,1,0,1,0.0,0,0,0,0,0,0,0,0,0.0,0.0,0.0,0.0,0,0,0,0.00,0.00,0.00,0.00,0.00,0.00,0.00,0.00,0.00,0.00,Matches,2024-2025
407,Nick Pope,eng ENG,GK,Newcastle Utd,32-349,1992,19,19,1710,19.0,0,0,0,0,0,0,2,0,0.0,0.0,0.0,0.0,0,0,0,0.00,0.00,0.00,0.00,0.00,0.00,0.00,0.00,0.00,0.00,Matches,2024-2025
408,Pedro Porro,es ESP,DF,Tottenham,25-202,1999,28,24,2280,25.3,2,5,7,2,0,0,2,0,1.5,1.5,3.2,4.7,57,128,93,0.08,0.20,0.28,0.08,0.28,0.06,0.13,0.18,0.06,0.18,Matches,2024-2025
409,Jarell Quansah,eng ENG,DF,Liverpool,22-064,2003,10,2,292,3.2,0,0,0,0,0,0,1,0,0.0,0.0,0.0,0.0,2,10,3,0.00,0.00,0.00,0.00,0.00,0.00,0.00,0.00,0.00,0.00,Matches,2024-2025
410,Hákon Rafn Valdimarsson,is ISL,GK,Brentford,23-172,2001,2,1,145,1.6,0,0,0,0,0,0,0,0,0.0,0.0,0.0,0.0,0,0,0,0.00,0.00,0.00,0.00,0.00,0.00,0.00,0.00,0.00,0.00,Matches,2024-2025
411,Aaron Ramsdale,eng ENG,GK,Southampton,26-324,1998,22,22,1980,22.0,0,0,0,0,0,0,2,0,0.0,0.0,0.0,0.0,0,0,0,0.00,0.00,0.00,0.00,0.00,0.00,0.00,0.00,0.00,0.00,Matches,2024-2025
412,Jacob Ramsey,eng ENG,"FW,MF",Aston Villa,23-310,2001,22,16,1312,14.6,1,3,4,1,0,0,1,0,1.3,1.3,1.8,3.1,51,58,87,0.07,0.21,0.27,0.07,0.27,0.09,0.12,0.21,0.09,0.21,Matches,2024-2025
413,Marcus Rashford,eng ENG,"FW,MF",Manchester Utd,27-154,1997,15,12,978,10.9,4,1,5,4,0,0,2,0,1.7,1.7,2.1,3.8,20,21,79,0.37,0.09,0.46,0.37,0.46,0.16,0.19,0.35,0.16,0.35,Matches,2024-2025
414,Marcus Rashford,eng ENG,FW,Aston Villa,27-154,1997,6,2,266,3.0,1,2,3,1,0,0,0,0,0.8,0.8,1.9,2.7,15,11,33,0.34,0.68,1.02,0.34,1.02,0.27,0.63,0.90,0.27,0.90,Matches,2024-2025
415,David Raya,es ESP,GK,Arsenal,29-200,1995,30,30,2700,30.0,0,0,0,0,0,0,2,0,0.0,0.0,0.0,0.0,0,11,0,0.00,0.00,0.00,0.00,0.00,0.00,0.00,0.00,0.00,0.00,Matches,2024-2025
416,Harrison Reed,eng ENG,MF,Fulham,30-066,1995,10,0,78,0.9,0,0,0,0,0,0,2,0,0.1,0.1,0.1,0.2,1,4,7,0.00,0.00,0.00,0.00,0.00,0.17,0.09,0.25,0.17,0.25,Matches,2024-2025
417,Remy Rees-Dottin,eng ENG,FW,Bournemouth,19-028,2006,1,0,1,0.0,0,0,0,0,0,0,0,0,0.0,0.0,0.0,0.0,0,0,0,0.00,0.00,0.00,0.00,0.00,0.00,0.00,0.00,0.00,0.00,Matches,2024-2025
418,Sergio Reguilón,es ESP,DF,Tottenham,28-108,1996,3,0,123,1.4,0,0,0,0,0,0,2,0,0.1,0.1,0.0,0.1,4,12,10,0.00,0.00,0.00,0.00,0.00,0.05,0.02,0.07,0.05,0.07,Matches,2024-2025
419,Bobby Reid,jm JAM,"FW,MF",Leicester City,32-060,1993,20,7,639,7.1,1,2,3,1,0,0,2,0,0.8,0.8,1.2,2.0,12,14,40,0.14,0.28,0.42,0.14,0.42,0.11,0.17,0.27,0.11,0.27,Matches,2024-2025
420,Vitor Reis,br BRA,DF,Manchester City,19-081,2006,1,0,1,0.0,0,0,0,0,0,0,0,0,0.0,0.0,0.0,0.0,0,0,0,0.00,0.00,0.00,0.00,0.00,0.00,0.00,0.00,0.00,0.00,Matches,2024-2025
421,Chadi Riad,ma MAR,DF,Crystal Palace,21-290,2003,1,1,90,1.0,0,0,0,0,0,0,0,0,0.0,0.0,0.0,0.0,2,7,0,0.00,0.00,0.00,0.00,0.00,0.00,0.00,0.00,0.00,0.00,Matches,2024-2025
422,Declan Rice,eng ENG,MF,Arsenal,26-079,1999,28,26,2246,25.0,2,5,7,2,0,0,6,1,2.3,2.3,5.9,8.2,78,156,80,0.08,0.20,0.28,0.08,0.28,0.09,0.24,0.33,0.09,0.33,Matches,2024-2025
423,Chris Richards,us USA,DF,Crystal Palace,25-006,2000,17,15,1338,14.9,0,0,0,0,0,0,2,0,0.5,0.5,0.1,0.6,5,33,1,0.00,0.00,0.00,0.00,0.00,0.03,0.01,0.04,0.03,0.04,Matches,2024-2025
424,Richarlison,br BRA,FW,Tottenham,27-328,1997,9,2,279,3.1,2,1,3,2,0,0,1,0,1.2,1.2,0.9,2.1,8,10,17,0.65,0.32,0.97,0.65,0.97,0.38,0.29,0.67,0.38,0.67,Matches,2024-2025
425,Andrew Robertson,sct SCO,DF,Liverpool,31-023,1994,28,25,2106,23.4,0,0,0,0,0,0,3,1,0.9,0.9,4.1,5.1,54,158,88,0.00,0.00,0.00,0.00,0.00,0.04,0.18,0.22,0.04,0.22,Matches,2024-2025
426,Antonee Robinson,us USA,DF,Fulham,27-238,1997,30,29,2629,29.2,0,10,10,0,0,0,7,0,0.7,0.7,3.9,4.6,102,105,237,0.00,0.34,0.34,0.00,0.34,0.02,0.13,0.16,0.02,0.16,Matches,2024-2025
427,Rodri,es ESP,MF,Manchester City,28-285,1996,2,1,65,0.7,0,0,0,0,0,0,0,0,0.0,0.0,0.0,0.0,0,4,1,0.00,0.00,0.00,0.00,0.00,0.00,0.06,0.06,0.00,0.06,Matches,2024-2025
428,Guido Rodríguez,ar ARG,MF,West Ham,30-356,1994,20,14,1018,11.3,0,0,0,0,0,0,5,0,0.2,0.2,0.1,0.3,2,31,5,0.00,0.00,0.00,0.00,0.00,0.02,0.01,0.03,0.02,0.03,Matches,2024-2025
429,Mads Roerslev,dk DEN,DF,Brentford,25-283,1999,19,11,1101,12.2,0,2,2,0,0,0,2,0,0.2,0.2,3.0,3.2,17,51,54,0.00,0.16,0.16,0.00,0.16,0.02,0.24,0.26,0.02,0.26,Matches,2024-2025
430,Morgan Rogers,eng ENG,"FW,MF",Aston Villa,22-251,2002,29,29,2423,26.9,7,6,13,7,0,0,8,0,4.8,4.8,5.8,10.7,92,95,140,0.26,0.22,0.48,0.26,0.48,0.18,0.22,0.40,0.18,0.40,Matches,2024-2025
431,Cristian Romero,ar ARG,DF,Tottenham,26-341,1998,14,14,1101,12.2,1,0,1,1,0,0,1,0,1.1,1.1,0.5,1.7,10,56,2,0.08,0.00,0.08,0.08,0.08,0.09,0.04,0.14,0.09,0.14,Matches,2024-2025
432,Georginio Rutter,fr FRA,"MF,FW",Brighton,22-348,2002,28,19,1656,18.4,5,3,8,5,0,0,2,0,4.6,4.6,2.5,7.1,42,67,79,0.27,0.16,0.43,0.27,0.43,0.25,0.14,0.39,0.25,0.39,Matches,2024-2025
433,José Sá,pt POR,GK,Wolves,32-076,1993,23,23,2070,23.0,0,0,0,0,0,0,2,0,0.0,0.0,0.1,0.1,0,2,0,0.00,0.00,0.00,0.00,0.00,0.00,0.01,0.01,0.00,0.01,Matches,2024-2025
434,Bukayo Saka,eng ENG,"FW,MF",Arsenal,23-210,2001,17,16,1293,14.4,6,10,16,5,1,1,3,0,4.9,4.1,5.8,9.9,72,54,198,0.42,0.70,1.11,0.35,1.04,0.34,0.40,0.75,0.29,0.69,Matches,2024-2025
435,Mohamed Salah,eg EGY,FW,Liverpool,32-292,1992,30,30,2657,29.5,27,17,44,18,9,9,1,0,22.1,15.0,11.2,26.2,124,114,374,0.91,0.58,1.49,0.61,1.19,0.75,0.38,1.13,0.51,0.89,Matches,2024-2025
436,William Saliba,fr FRA,DF,Arsenal,24-010,2001,28,28,2454,27.3,2,0,2,2,0,0,2,1,2.1,2.1,0.5,2.7,13,118,6,0.07,0.00,0.07,0.07,0.07,0.08,0.02,0.10,0.08,0.10,Matches,2024-2025
437,Robert Sánchez,es ESP,GK,Chelsea,27-136,1997,23,23,2070,23.0,0,0,0,0,0,0,5,0,0.0,0.0,0.0,0.0,0,1,0,0.00,0.00,0.00,0.00,0.00,0.00,0.00,0.00,0.00,0.00,Matches,2024-2025
438,Jadon Sancho,eng ENG,FW,Chelsea,25-009,2000,23,16,1430,15.9,2,4,6,2,0,0,1,0,1.6,1.6,3.2,4.8,83,71,177,0.13,0.25,0.38,0.13,0.38,0.10,0.20,0.30,0.10,0.30,Matches,2024-2025
439,Ibrahim Sangaré,ci CIV,MF,Nott'ham Forest,27-122,1997,8,3,279,3.1,0,1,1,0,0,0,2,0,0.0,0.0,0.4,0.4,0,12,2,0.00,0.32,0.32,0.00,0.32,0.01,0.12,0.12,0.01,0.12,Matches,2024-2025
440,Pablo Sarabia,es ESP,"MF,FW",Wolves,32-327,1992,16,6,584,6.5,1,1,2,1,0,0,2,0,2.5,2.5,0.7,3.2,11,46,45,0.15,0.15,0.31,0.15,0.31,0.39,0.11,0.50,0.39,0.50,Matches,2024-2025
441,Jeremy Sarmiento,ec ECU,MF,Brighton,22-291,2002,1,0,9,0.1,0,0,0,0,0,0,0,0,0.0,0.0,0.0,0.0,0,0,2,0.00,0.00,0.00,0.00,0.00,0.00,0.00,0.00,0.00,0.00,Matches,2024-2025
442,Ismaila Sarr,sn SEN,"MF,FW",Crystal Palace,27-037,1998,29,22,2020,22.4,7,3,10,7,0,0,3,0,7.8,7.8,5.9,13.7,54,67,149,0.31,0.13,0.45,0.31,0.45,0.35,0.26,0.61,0.35,0.61,Matches,2024-2025
443,Sávio,br BRA,"FW,MF",Manchester City,20-358,2004,25,20,1648,18.3,1,8,9,1,0,0,3,0,4.8,4.8,6.9,11.7,130,64,225,0.05,0.44,0.49,0.05,0.49,0.26,0.38,0.64,0.26,0.64,Matches,2024-2025
444,Oliver Scarles,eng ENG,DF,West Ham,19-112,2005,11,4,482,5.4,0,0,0,0,0,0,1,0,0.1,0.1,0.0,0.1,7,18,36,0.00,0.00,0.00,0.00,0.00,0.02,0.00,0.02,0.02,0.02,Matches,2024-2025
445,Dane Scarlett,eng ENG,"FW,MF",Tottenham,21-010,2004,3,0,34,0.4,0,1,1,0,0,0,0,0,0.0,0.0,0.0,0.1,1,1,1,0.00,2.65,2.65,0.00,2.65,0.09,0.12,0.22,0.09,0.22,Matches,2024-2025
446,Kevin Schade,de GER,FW,Brentford,23-127,2001,30,18,1665,18.5,7,2,9,7,0,0,2,0,5.8,5.8,3.1,8.9,47,30,129,0.38,0.11,0.49,0.38,0.49,0.32,0.17,0.48,0.32,0.48,Matches,2024-2025
447,Fabian Schär,ch SUI,DF,Newcastle Utd,33-104,1991,25,24,2142,23.8,2,0,2,2,0,0,6,1,1.6,1.6,0.3,1.9,12,75,16,0.08,0.00,0.08,0.08,0.08,0.07,0.01,0.08,0.07,0.08,Matches,2024-2025
448,Jeffrey Schlupp,gh GHA,"MF,DF",Crystal Palace,32-101,1992,12,0,103,1.1,0,0,0,0,0,0,0,0,0.2,0.2,0.2,0.3,4,5,9,0.00,0.00,0.00,0.00,0.00,0.14,0.14,0.28,0.14,0.28,Matches,2024-2025
449,Alex Scott,eng ENG,MF,Bournemouth,21-225,2003,13,3,437,4.9,0,0,0,0,0,0,1,0,0.5,0.5,0.3,0.8,9,45,23,0.00,0.00,0.00,0.00,0.00,0.10,0.06,0.16,0.10,0.16,Matches,2024-2025
450,Matz Sels,be BEL,GK,Nott'ham Forest,33-036,1992,30,30,2700,30.0,0,0,0,0,0,0,2,0,0.0,0.0,0.0,0.0,0,1,0,0.00,0.00,0.00,0.00,0.00,0.00,0.00,0.00,0.00,0.00,Matches,2024-2025
451,Nélson Semedo,pt POR,DF,Wolves,31-138,1993,26,25,2235,24.8,0,4,4,0,0,0,7,0,0.6,0.6,2.6,3.2,55,57,97,0.00,0.16,0.16,0.00,0.16,0.02,0.10,0.13,0.02,0.13,Matches,2024-2025
452,Antoine Semenyo,gh GHA,FW,Bournemouth,25-086,2000,29,29,2555,28.4,7,4,11,7,0,0,9,0,8.7,8.7,5.2,13.9,116,89,231,0.25,0.14,0.39,0.25,0.39,0.31,0.18,0.49,0.31,0.49,Matches,2024-2025
453,Marcos Senesi,ar ARG,DF,Bournemouth,27-328,1997,12,11,950,10.6,0,0,0,0,0,0,4,0,0.8,0.8,0.2,1.0,13,48,4,0.00,0.00,0.00,0.00,0.00,0.08,0.02,0.10,0.08,0.10,Matches,2024-2025
454,Ryan Sessegnon,eng ENG,"DF,MF",Fulham,24-320,2000,8,1,110,1.2,2,1,3,2,0,0,0,0,0.6,0.6,0.5,1.1,5,2,12,1.64,0.82,2.45,1.64,2.45,0.52,0.41,0.93,0.52,0.93,Matches,2024-2025
455,Luke Shaw,eng ENG,DF,Manchester Utd,29-265,1995,2,0,70,0.8,0,0,0,0,0,0,0,0,0.0,0.0,0.0,0.0,1,6,0,0.00,0.00,0.00,0.00,0.00,0.00,0.00,0.00,0.00,0.00,Matches,2024-2025
456,Zain Silcott-Duberry,ms MSR,FW,Bournemouth,19-268,2005,1,0,1,0.0,0,0,0,0,0,0,0,0,0.0,0.0,0.0,0.0,0,0,0,0.00,0.00,0.00,0.00,0.00,0.00,0.00,0.00,0.00,0.00,Matches,2024-2025
457,Bernardo Silva,pt POR,"MF,FW",Manchester City,30-236,1994,26,22,2041,22.7,2,4,6,2,0,0,5,0,3.0,3.0,4.2,7.2,82,97,169,0.09,0.18,0.26,0.09,0.26,0.13,0.18,0.32,0.13,0.32,Matches,2024-2025
458,Jota Silva,pt POR,"FW,MF",Nott'ham Forest,25-245,1999,25,4,725,8.1,2,1,3,2,0,0,4,0,1.5,1.5,2.8,4.3,17,14,47,0.25,0.12,0.37,0.25,0.37,0.19,0.35,0.54,0.19,0.54,Matches,2024-2025
459,Eric da Silva Moreira,de GER,"MF,DF",Nott'ham Forest,18-335,2006,2,0,30,0.3,0,0,0,0,0,0,0,0,0.0,0.0,0.0,0.0,1,0,1,0.00,0.00,0.00,0.00,0.00,0.00,0.00,0.00,0.00,0.00,Matches,2024-2025
460,Jahmai Simpson-Pusey,eng ENG,DF,Manchester City,19-150,2005,2,1,96,1.1,0,0,0,0,0,0,1,0,0.0,0.0,0.0,0.0,1,3,0,0.00,0.00,0.00,0.00,0.00,0.00,0.00,0.00,0.00,0.00,Matches,2024-2025
461,Luis Sinisterra,co COL,"FW,MF",Bournemouth,25-290,1999,12,1,236,2.6,1,1,2,1,0,0,0,0,1.2,1.2,1.4,2.6,19,6,38,0.38,0.38,0.76,0.38,0.76,0.46,0.54,1.00,0.46,1.00,Matches,2024-2025
462,Oliver Skipp,eng ENG,MF,Leicester City,24-199,2000,17,7,824,9.2,0,0,0,0,0,0,5,0,0.1,0.1,0.2,0.3,14,23,14,0.00,0.00,0.00,0.00,0.00,0.01,0.02,0.04,0.01,0.04,Matches,2024-2025
463,William Smallbone,ie IRL,MF,Southampton,25-041,2000,12,6,555,6.2,1,0,1,1,0,0,1,0,0.4,0.4,0.6,1.0,4,22,18,0.16,0.00,0.16,0.16,0.16,0.06,0.10,0.17,0.06,0.17,Matches,2024-2025
464,Adam Smith,eng ENG,DF,Bournemouth,33-339,1991,18,13,1080,12.0,0,0,0,0,0,0,4,0,0.6,0.6,0.2,0.7,9,31,16,0.00,0.00,0.00,0.00,0.00,0.05,0.01,0.06,0.05,0.06,Matches,2024-2025
465,Emile Smith Rowe,eng ENG,MF,Fulham,24-249,2000,27,23,1790,19.9,5,2,7,5,0,0,1,0,4.1,4.1,1.1,5.2,50,113,105,0.25,0.10,0.35,0.25,0.35,0.21,0.05,0.26,0.21,0.26,Matches,2024-2025
466,Dominic Solanke,eng ENG,FW,Tottenham,27-201,1997,20,20,1778,19.8,7,3,10,7,0,0,0,0,9.2,9.2,2.8,12.0,27,38,75,0.35,0.15,0.51,0.35,0.51,0.47,0.14,0.61,0.47,0.61,Matches,2024-2025
467,Carlos Soler,es ESP,"MF,FW",West Ham,28-091,1997,25,12,1143,12.7,1,1,2,1,0,0,5,0,1.2,1.2,1.1,2.3,12,47,23,0.08,0.08,0.16,0.08,0.16,0.10,0.09,0.18,0.10,0.18,Matches,2024-2025
468,Ramón Sosa,py PAR,"FW,MF",Nott'ham Forest,25-215,1999,15,1,246,2.7,1,0,1,1,0,0,1,0,0.9,0.9,0.4,1.4,11,4,14,0.37,0.00,0.37,0.37,0.37,0.34,0.15,0.50,0.34,0.50,Matches,2024-2025
469,Tomáš Souček,cz CZE,MF,West Ham,30-035,1995,28,24,2097,23.3,7,1,8,7,0,0,8,0,5.1,5.1,1.0,6.1,6,66,57,0.30,0.04,0.34,0.30,0.34,0.22,0.04,0.26,0.22,0.26,Matches,2024-2025
470,Boubakary Soumaré,fr FRA,MF,Leicester City,26-035,1999,23,19,1638,18.2,0,0,0,0,0,0,8,0,0.2,0.2,0.4,0.6,29,79,20,0.00,0.00,0.00,0.00,0.00,0.01,0.02,0.03,0.01,0.03,Matches,2024-2025
471,Djed Spence,eng ENG,DF,Tottenham,24-237,2000,16,11,1064,11.8,1,1,2,1,0,0,3,1,0.3,0.3,1.5,1.8,36,62,48,0.08,0.08,0.17,0.08,0.17,0.02,0.13,0.15,0.02,0.15,Matches,2024-2025
472,Jay Stansfield,eng ENG,MF,Fulham,22-130,2002,1,0,1,0.0,0,0,0,0,0,0,0,0,0.0,0.0,0.0,0.0,0,0,0,0.00,0.00,0.00,0.00,0.00,0.00,0.00,0.00,0.00,0.00,Matches,2024-2025
473,Jason Steele,eng ENG,GK,Brighton,34-228,1990,2,2,180,2.0,0,0,0,0,0,0,0,0,0.0,0.0,0.0,0.0,0,0,0,0.00,0.00,0.00,0.00,0.00,0.00,0.00,0.00,0.00,0.00,Matches,2024-2025
474,Jack Stephens,eng ENG,DF,Southampton,31-066,1994,13,11,894,9.9,0,0,0,0,0,0,2,2,0.3,0.3,0.1,0.4,11,45,1,0.00,0.00,0.00,0.00,0.00,0.03,0.01,0.04,0.03,0.04,Matches,2024-2025
475,Raheem Sterling,eng ENG,"FW,MF",Arsenal,30-116,1994,12,4,310,3.4,0,1,1,0,0,0,1,0,1.0,1.0,0.3,1.3,18,14,57,0.00,0.29,0.29,0.00,0.29,0.30,0.08,0.38,0.30,0.38,Matches,2024-2025
476,Ross Stewart,sct SCO,"FW,MF",Southampton,28-266,1996,4,1,132,1.5,0,0,0,0,0,0,1,0,0.1,0.1,0.0,0.1,1,1,5,0.00,0.00,0.00,0.00,0.00,0.08,0.00,0.08,0.08,0.08,Matches,2024-2025
477,Jakub Stolarczyk,pl POL,GK,Leicester City,24-105,2000,6,6,540,6.0,0,0,0,0,0,0,1,0,0.0,0.0,0.0,0.0,0,1,0,0.00,0.00,0.00,0.00,0.00,0.00,0.00,0.00,0.00,0.00,Matches,2024-2025
478,John Stones,eng ENG,"DF,MF",Manchester City,30-310,1994,11,6,548,6.1,2,0,2,2,0,0,1,0,0.4,0.4,0.1,0.5,10,21,2,0.33,0.00,0.33,0.33,0.33,0.07,0.01,0.08,0.07,0.08,Matches,2024-2025
479,Jørgen Strand Larsen,no NOR,FW,Wolves,25-056,2000,28,25,2156,24.0,10,2,12,10,0,0,3,0,6.7,6.7,2.2,8.9,12,24,81,0.42,0.08,0.50,0.42,0.50,0.28,0.09,0.37,0.28,0.37,Matches,2024-2025
480,Yukinari Sugawara,jp JPN,"DF,MF",Southampton,24-279,2000,27,15,1441,16.0,1,1,2,1,0,0,4,0,0.4,0.4,2.2,2.7,31,67,73,0.06,0.06,0.12,0.06,0.12,0.03,0.14,0.17,0.03,0.17,Matches,2024-2025
481,Kamaldeen Sulemana,gh GHA,"FW,MF",Southampton,23-047,2002,18,9,822,9.1,1,0,1,1,0,0,0,0,0.9,0.9,0.4,1.2,37,15,58,0.11,0.00,0.11,0.11,0.11,0.09,0.04,0.13,0.09,0.13,Matches,2024-2025
482,Crysencio Summerville,nl NED,"FW,MF",West Ham,23-155,2001,19,7,786,8.7,1,1,2,1,0,0,2,0,1.6,1.6,1.7,3.3,29,18,71,0.11,0.11,0.23,0.11,0.23,0.19,0.19,0.38,0.19,0.38,Matches,2024-2025
483,Sammie Szmodics,ie IRL,"FW,MF",Ipswich Town,29-191,1995,19,13,979,10.9,4,0,4,4,0,0,2,0,3.4,3.4,0.2,3.6,16,18,46,0.37,0.00,0.37,0.37,0.37,0.31,0.02,0.33,0.31,0.33,Matches,2024-2025
484,Dominik Szoboszlai,hu HUN,MF,Liverpool,24-160,2000,28,23,2043,22.7,5,3,8,5,0,0,6,0,6.8,6.8,5.0,11.8,63,105,115,0.22,0.13,0.35,0.22,0.35,0.30,0.22,0.52,0.30,0.52,Matches,2024-2025
485,Matt Targett,eng ENG,DF,Newcastle Utd,29-197,1995,1,0,12,0.1,0,0,0,0,0,0,0,0,0.0,0.0,0.0,0.0,0,0,0,0.00,0.00,0.00,0.00,0.00,0.00,0.00,0.00,0.00,0.00,Matches,2024-2025
486,James Tarkowski,eng ENG,DF,Everton,32-135,1992,30,30,2691,29.9,1,1,2,1,0,0,5,0,1.1,1.1,2.2,3.3,8,69,3,0.03,0.03,0.07,0.03,0.07,0.04,0.07,0.11,0.04,0.11,Matches,2024-2025
487,Marcus Tavernier,eng ENG,"FW,MF",Bournemouth,26-012,1999,22,16,1505,16.7,3,5,8,3,0,0,5,0,5.2,5.2,2.8,8.0,36,95,101,0.18,0.30,0.48,0.18,0.48,0.31,0.17,0.48,0.31,0.48,Matches,2024-2025
488,Charlie Taylor,eng ENG,DF,Southampton,31-197,1993,7,2,266,3.0,0,0,0,0,0,0,1,0,0.0,0.0,0.1,0.1,3,8,6,0.00,0.00,0.00,0.00,0.00,0.00,0.03,0.03,0.00,0.03,Matches,2024-2025
489,Jack Taylor,ie IRL,MF,Ipswich Town,26-284,1998,24,1,514,5.7,1,0,1,1,0,0,3,0,0.6,0.6,0.5,1.1,9,37,15,0.18,0.00,0.18,0.18,0.18,0.10,0.10,0.20,0.10,0.20,Matches,2024-2025
490,Mathys Tel,fr FRA,FW,Tottenham,19-341,2005,4,4,305,3.4,0,0,0,0,0,0,0,0,0.8,0.8,0.1,0.9,6,3,15,0.00,0.00,0.00,0.00,0.00,0.23,0.03,0.26,0.23,0.26,Matches,2024-2025
491,Kenny Tete,nl NED,DF,Fulham,29-176,1995,15,15,1262,14.0,0,2,2,0,0,0,3,0,1.0,1.0,0.7,1.8,33,42,39,0.00,0.14,0.14,0.00,0.14,0.07,0.05,0.13,0.07,0.13,Matches,2024-2025
492,Thiago,br BRA,FW,Brentford,23-281,2001,4,1,132,1.5,0,0,0,0,0,0,0,0,0.1,0.1,0.1,0.2,3,2,4,0.00,0.00,0.00,0.00,0.00,0.07,0.05,0.11,0.07,0.11,Matches,2024-2025
493,Luke Thomas,eng ENG,DF,Leicester City,23-297,2001,6,5,453,5.0,0,0,0,0,0,0,1,0,0.0,0.0,0.1,0.1,2,15,8,0.00,0.00,0.00,0.00,0.00,0.01,0.01,0.02,0.01,0.02,Matches,2024-2025
494,Youri Tielemans,be BEL,MF,Aston Villa,27-331,1997,30,30,2555,28.4,2,4,6,2,0,1,4,0,2.6,1.8,5.7,7.5,30,188,35,0.07,0.14,0.21,0.07,0.21,0.09,0.20,0.29,0.06,0.27,Matches,2024-2025
495,Kieran Tierney,sct SCO,"DF,FW",Arsenal,27-302,1997,6,0,81,0.9,0,0,0,0,0,0,0,0,0.2,0.2,0.5,0.7,2,3,8,0.00,0.00,0.00,0.00,0.00,0.23,0.54,0.77,0.23,0.77,Matches,2024-2025
496,Jurriën Timber,nl NED,DF,Arsenal,23-290,2001,27,26,2275,25.3,1,2,3,1,0,0,7,0,1.0,1.0,0.8,1.7,53,138,102,0.04,0.08,0.12,0.04,0.12,0.04,0.03,0.07,0.04,0.07,Matches,2024-2025
497,Jean-Clair Todibo,fr FRA,DF,West Ham,25-094,1999,19,12,1145,12.7,0,0,0,0,0,0,2,0,0.2,0.2,0.0,0.2,6,24,4,0.00,0.00,0.00,0.00,0.00,0.01,0.00,0.01,0.01,0.01,Matches,2024-2025
498,Harry Toffolo,eng ENG,DF,Nott'ham Forest,29-227,1995,3,0,47,0.5,0,0,0,0,0,0,0,0,0.0,0.0,0.0,0.0,0,2,4,0.00,0.00,0.00,0.00,0.00,0.03,0.00,0.03,0.03,0.03,Matches,2024-2025
499,Takehiro Tomiyasu,jp JPN,DF,Arsenal,26-149,1998,1,0,7,0.1,0,0,0,0,0,0,0,0,0.2,0.2,0.0,0.2,0,1,0,0.00,0.00,0.00,0.00,0.00,2.37,0.00,2.37,2.37,2.37,Matches,2024-2025
500,Sandro Tonali,it ITA,MF,Newcastle Utd,24-330,2000,27,19,1820,20.2,2,1,3,2,0,0,5,0,3.2,3.2,0.6,3.8,29,83,38,0.10,0.05,0.15,0.10,0.15,0.16,0.03,0.19,0.16,0.19,Matches,2024-2025
501,Pau Torres,es ESP,DF,Aston Villa,28-077,1997,19,19,1639,18.2,0,0,0,0,0,0,1,0,0.5,0.5,0.0,0.5,31,72,4,0.00,0.00,0.00,0.00,0.00,0.03,0.00,0.03,0.03,0.03,Matches,2024-2025
502,Conor Townsend,eng ENG,DF,Ipswich Town,32-030,1993,4,2,226,2.5,0,1,1,0,0,0,1,0,0.0,0.0,0.7,0.7,2,3,6,0.00,0.40,0.40,0.00,0.40,0.00,0.27,0.27,0.00,0.27,Matches,2024-2025
503,Adama Traoré,es ESP,"FW,MF",Fulham,29-068,1996,28,16,1473,16.4,2,5,7,2,0,0,2,0,3.7,3.7,4.1,7.8,80,55,135,0.12,0.31,0.43,0.12,0.43,0.23,0.25,0.48,0.23,0.48,Matches,2024-2025
504,Boubacar Traoré,ml MLI,MF,Wolves,23-226,2001,1,0,1,0.0,0,0,0,0,0,0,0,0,0.0,0.0,0.0,0.0,0,0,0,0.00,0.00,0.00,0.00,0.00,0.00,0.00,0.00,0.00,0.00,Matches,2024-2025
505,Mark Travers,ie IRL,GK,Bournemouth,25-320,1999,5,5,450,5.0,0,0,0,0,0,0,0,0,0.0,0.0,0.0,0.0,0,0,0,0.00,0.00,0.00,0.00,0.00,0.00,0.00,0.00,0.00,0.00,Matches,2024-2025
506,Ryan Trevitt,eng ENG,MF,Brentford,22-022,2003,1,0,4,0.0,0,0,0,0,0,0,0,0,0.0,0.0,0.0,0.0,0,0,1,0.00,0.00,0.00,0.00,0.00,0.00,0.00,0.00,0.00,0.00,Matches,2024-2025
507,Kieran Trippier,eng ENG,DF,Newcastle Utd,34-196,1990,18,8,786,8.7,0,0,0,0,0,0,1,0,0.0,0.0,0.6,0.6,16,51,30,0.00,0.00,0.00,0.00,0.00,0.01,0.07,0.07,0.01,0.07,Matches,2024-2025
508,Leandro Trossard,be BEL,FW,Arsenal,30-120,1994,30,21,1911,21.2,4,5,9,4,0,0,4,1,5.1,5.1,5.0,10.1,64,81,173,0.19,0.24,0.42,0.19,0.42,0.24,0.24,0.48,0.24,0.48,Matches,2024-2025
509,Kostas Tsimikas,gr GRE,DF,Liverpool,28-326,1996,14,5,517,5.7,0,1,1,0,0,0,2,0,0.1,0.1,1.0,1.1,13,53,25,0.00,0.17,0.17,0.00,0.17,0.02,0.18,0.20,0.02,0.20,Matches,2024-2025
510,Axel Tuanzebe,cd COD,DF,Ipswich Town,27-140,1997,15,14,1185,13.2,0,1,1,0,0,0,5,1,0.2,0.2,0.3,0.5,7,42,7,0.00,0.08,0.08,0.00,0.08,0.02,0.02,0.04,0.02,0.04,Matches,2024-2025
511,Destiny Udogie,it ITA,DF,Tottenham,22-126,2002,22,21,1654,18.4,0,1,1,0,0,0,2,0,0.3,0.3,1.3,1.6,47,110,86,0.00,0.05,0.05,0.00,0.05,0.02,0.07,0.09,0.02,0.09,Matches,2024-2025
512,Manuel Ugarte Ribeiro,uy URU,MF,Manchester Utd,23-357,2001,22,17,1372,15.2,1,0,1,1,0,0,8,0,0.5,0.5,0.6,1.1,9,46,15,0.07,0.00,0.07,0.07,0.07,0.03,0.04,0.07,0.03,0.07,Matches,2024-2025
513,Lesley Ugochukwu,fr FRA,MF,Southampton,21-008,2004,19,11,1095,12.2,0,1,1,0,0,0,4,0,0.4,0.4,0.9,1.3,21,43,17,0.00,0.08,0.08,0.00,0.08,0.03,0.08,0.11,0.03,0.11,Matches,2024-2025
514,Enes Ünal,tr TUR,"FW,MF",Bournemouth,27-328,1997,17,2,345,3.8,2,1,3,2,0,0,2,0,2.7,2.7,0.4,3.1,4,12,22,0.52,0.26,0.78,0.52,0.78,0.72,0.10,0.82,0.72,0.82,Matches,2024-2025
515,Virgil van Dijk,nl NED,DF,Liverpool,33-269,1991,30,30,2700,30.0,1,1,2,1,0,0,3,0,1.6,1.6,0.5,2.0,16,145,5,0.03,0.03,0.07,0.03,0.07,0.05,0.02,0.07,0.05,0.07,Matches,2024-2025
516,Jamie Vardy,eng ENG,FW,Leicester City,38-082,1987,28,28,2271,25.2,7,3,10,6,1,1,5,0,9.2,8.5,2.9,11.4,26,19,95,0.28,0.12,0.40,0.24,0.36,0.37,0.11,0.48,0.34,0.45,Matches,2024-2025
517,Renato Veiga,pt POR,"DF,MF",Chelsea,21-248,2003,7,1,181,2.0,0,0,0,0,0,0,2,0,0.1,0.1,0.0,0.1,4,7,3,0.00,0.00,0.00,0.00,0.00,0.07,0.00,0.07,0.07,0.07,Matches,2024-2025
518,Joël Veltman,nl NED,DF,Brighton,33-078,1992,19,19,1643,18.3,0,0,0,0,0,0,4,0,0.5,0.5,0.5,0.9,29,79,32,0.00,0.00,0.00,0.00,0.00,0.03,0.03,0.05,0.03,0.05,Matches,2024-2025
519,Micky van de Ven,nl NED,DF,Tottenham,23-349,2001,10,9,818,9.1,0,2,2,0,0,0,4,0,0.4,0.4,1.2,1.5,8,44,1,0.00,0.22,0.22,0.00,0.22,0.04,0.13,0.17,0.04,0.17,Matches,2024-2025
520,Bart Verbruggen,nl NED,GK,Brighton,22-228,2002,28,28,2520,28.0,0,1,1,0,0,0,5,0,0.0,0.0,0.0,0.0,0,2,0,0.00,0.04,0.04,0.00,0.04,0.00,0.00,0.00,0.00,0.00,Matches,2024-2025
521,Jannik Vestergaard,dk DEN,DF,Leicester City,32-243,1992,18,16,1391,15.5,0,0,0,0,0,0,5,0,0.1,0.1,0.1,0.2,3,32,2,0.00,0.00,0.00,0.00,0.00,0.01,0.01,0.01,0.01,0.01,Matches,2024-2025
522,Guglielmo Vicario,it ITA,GK,Tottenham,28-178,1996,17,17,1530,17.0,0,0,0,0,0,0,1,0,0.0,0.0,0.0,0.0,0,1,0,0.00,0.00,0.00,0.00,0.00,0.00,0.00,0.00,0.00,0.00,Matches,2024-2025
523,Carlos Vinícius,br BRA,MF,Fulham,30-009,1995,1,0,4,0.0,0,0,0,0,0,0,0,0,0.0,0.0,0.0,0.0,1,0,1,0.00,0.00,0.00,0.00,0.00,0.83,0.00,0.83,0.83,0.83,Matches,2024-2025
524,Kyle Walker,eng ENG,DF,Manchester City,34-310,1990,15,9,970,10.8,0,0,0,0,0,0,3,0,0.1,0.1,0.4,0.6,12,64,11,0.00,0.00,0.00,0.00,0.00,0.01,0.04,0.05,0.01,0.05,Matches,2024-2025
525,Kyle Walker-Peters,eng ENG,DF,Southampton,27-355,1997,28,28,2468,27.4,0,2,2,0,0,0,5,0,0.5,0.5,2.6,3.1,102,120,121,0.00,0.07,0.07,0.00,0.07,0.02,0.09,0.11,0.02,0.11,Matches,2024-2025
526,Christian Walton,eng ENG,GK,Ipswich Town,29-145,1995,6,6,540,6.0,0,0,0,0,0,0,0,0,0.0,0.0,0.0,0.0,0,0,0,0.00,0.00,0.00,0.00,0.00,0.00,0.00,0.00,0.00,0.00,Matches,2024-2025
527,Aaron Wan-Bissaka,eng ENG,DF,West Ham,27-128,1997,29,28,2524,28.0,2,2,4,2,0,0,1,0,1.0,1.0,2.5,3.5,90,112,123,0.07,0.07,0.14,0.07,0.14,0.04,0.09,0.12,0.04,0.12,Matches,2024-2025
528,Danny Ward,wls WAL,GK,Leicester City,31-285,1993,2,1,135,1.5,0,0,0,0,0,0,0,0,0.0,0.0,0.0,0.0,0,0,0,0.00,0.00,0.00,0.00,0.00,0.00,0.00,0.00,0.00,0.00,Matches,2024-2025
529,James Ward-Prowse,eng ENG,MF,West Ham,30-153,1994,7,5,492,5.5,0,0,0,0,0,0,1,0,0.4,0.4,0.4,0.8,4,27,2,0.00,0.00,0.00,0.00,0.00,0.07,0.07,0.14,0.07,0.14,Matches,2024-2025
530,James Ward-Prowse,eng ENG,MF,Nott'ham Forest,30-153,1994,9,5,400,4.4,0,1,1,0,0,0,2,1,0.1,0.1,1.1,1.2,1,16,3,0.00,0.23,0.23,0.00,0.23,0.01,0.25,0.26,0.01,0.26,Matches,2024-2025
531,Ollie Watkins,eng ENG,FW,Aston Villa,29-094,1995,30,25,2081,23.1,13,6,19,11,2,2,1,0,13.9,12.3,2.7,14.9,46,22,129,0.56,0.26,0.82,0.48,0.74,0.60,0.11,0.71,0.53,0.65,Matches,2024-2025
532,Adam Webster,eng ENG,DF,Brighton,30-089,1995,11,8,617,6.9,0,0,0,0,0,0,0,0,0.0,0.0,0.5,0.5,7,40,2,0.00,0.00,0.00,0.00,0.00,0.00,0.07,0.08,0.00,0.08,Matches,2024-2025
533,Danny Welbeck,eng ENG,FW,Brighton,34-128,1990,23,17,1506,16.7,7,4,11,7,0,0,3,0,6.7,6.7,1.0,7.7,17,35,60,0.42,0.24,0.66,0.42,0.66,0.40,0.06,0.46,0.40,0.46,Matches,2024-2025
534,Welington,br BRA,"DF,MF",Southampton,24-043,2001,5,3,182,2.0,0,0,0,0,0,0,1,0,0.0,0.0,0.0,0.0,2,3,9,0.00,0.00,0.00,0.00,0.00,0.00,0.02,0.02,0.00,0.02,Matches,2024-2025
535,Timo Werner,de GER,"FW,MF",Tottenham,29-028,1996,18,4,516,5.7,0,3,3,0,0,0,0,0,1.0,1.0,2.5,3.5,42,30,89,0.00,0.52,0.52,0.00,0.52,0.17,0.44,0.61,0.17,0.61,Matches,2024-2025
536,Adam Wharton,eng ENG,MF,Crystal Palace,20-305,2004,14,11,928,10.3,0,0,0,0,0,0,2,0,0.3,0.3,2.0,2.2,10,94,10,0.00,0.00,0.00,0.00,0.00,0.03,0.19,0.22,0.03,0.22,Matches,2024-2025
537,Ben White,eng ENG,DF,Arsenal,27-177,1997,11,7,706,7.8,0,1,1,0,0,0,2,0,0.2,0.2,0.4,0.6,5,32,18,0.00,0.13,0.13,0.00,0.13,0.02,0.06,0.08,0.02,0.08,Matches,2024-2025
538,Mats Wieffer,nl NED,MF,Brighton,25-138,1999,18,4,513,5.7,1,1,2,1,0,0,4,0,0.5,0.5,0.6,1.1,5,37,9,0.18,0.18,0.35,0.18,0.35,0.08,0.11,0.19,0.08,0.19,Matches,2024-2025
539,Neco Williams,wls WAL,DF,Nott'ham Forest,23-355,2001,27,20,1874,20.8,1,1,2,1,0,0,5,0,1.8,1.8,1.1,3.0,46,59,68,0.05,0.05,0.10,0.05,0.10,0.09,0.05,0.14,0.09,0.14,Matches,2024-2025
540,Willian,br BRA,"MF,FW",Fulham,36-237,1988,6,1,155,1.7,0,0,0,0,0,0,0,0,0.1,0.1,0.2,0.4,5,23,15,0.00,0.00,0.00,0.00,0.00,0.07,0.13,0.20,0.07,0.20,Matches,2024-2025
541,Joe Willock,eng ENG,"MF,FW",Newcastle Utd,25-226,1999,26,9,843,9.4,0,2,2,0,0,0,2,0,0.9,0.9,1.6,2.5,30,34,68,0.00,0.21,0.21,0.00,0.21,0.10,0.17,0.27,0.10,0.27,Matches,2024-2025
542,Callum Wilson,eng ENG,FW,Newcastle Utd,33-035,1992,9,1,188,2.1,0,0,0,0,0,0,1,0,0.3,0.3,0.1,0.4,4,3,5,0.00,0.00,0.00,0.00,0.00,0.16,0.03,0.19,0.16,0.19,Matches,2024-2025
543,Harry Wilson,wls WAL,"FW,MF",Fulham,28-012,1997,19,8,839,9.3,5,1,6,5,0,0,2,0,3.2,3.2,1.0,4.2,16,42,71,0.54,0.11,0.64,0.54,0.64,0.35,0.11,0.45,0.35,0.45,Matches,2024-2025
544,Harry Winks,eng ENG,MF,Leicester City,29-060,1996,22,17,1538,17.1,0,2,2,0,0,0,4,0,0.2,0.2,1.2,1.5,19,101,11,0.00,0.12,0.12,0.00,0.12,0.01,0.07,0.09,0.01,0.09,Matches,2024-2025
545,Ben Winterburn,eng ENG,MF,Bournemouth,20-211,2004,2,0,10,0.1,0,0,0,0,0,0,0,0,0.0,0.0,0.0,0.0,0,0,0,0.00,0.00,0.00,0.00,0.00,0.00,0.00,0.00,0.00,0.00,Matches,2024-2025
546,Yoane Wissa,cd COD,FW,Brentford,28-212,1996,27,26,2200,24.4,14,2,16,14,0,0,2,0,13.8,13.8,1.6,15.4,44,52,120,0.57,0.08,0.65,0.57,0.65,0.56,0.07,0.63,0.56,0.63,Matches,2024-2025
547,Chris Wood,nz NZL,FW,Nott'ham Forest,33-117,1991,29,28,2344,26.0,18,3,21,15,3,3,1,0,11.0,8.7,1.9,10.6,13,33,72,0.69,0.12,0.81,0.58,0.69,0.42,0.07,0.50,0.33,0.41,Matches,2024-2025
548,Nathan Wood-Gordon,eng ENG,DF,Southampton,22-307,2002,9,7,624,6.9,0,0,0,0,0,0,2,0,0.2,0.2,0.0,0.3,2,17,0,0.00,0.00,0.00,0.00,0.00,0.03,0.00,0.04,0.03,0.04,Matches,2024-2025
549,Luke Woolfenden,eng ENG,DF,Ipswich Town,26-164,1998,13,10,1007,11.2,0,0,0,0,0,0,2,0,0.0,0.0,0.0,0.0,7,15,0,0.00,0.00,0.00,0.00,0.00,0.00,0.00,0.00,0.00,0.00,Matches,2024-2025
550,Yehor Yarmoliuk,ua UKR,MF,Brentford,21-033,2004,23,8,877,9.7,0,0,0,0,0,0,3,0,0.6,0.6,0.3,0.9,12,37,39,0.00,0.00,0.00,0.00,0.00,0.06,0.03,0.09,0.06,0.09,Matches,2024-2025
551,Ryan Yates,eng ENG,MF,Nott'ham Forest,27-133,1997,27,16,1636,18.2,2,1,3,2,0,0,8,0,2.2,2.2,1.0,3.2,16,43,12,0.11,0.06,0.17,0.11,0.17,0.12,0.06,0.18,0.12,0.18,Matches,2024-2025
552,Leny Yoro,fr FRA,DF,Manchester Utd,19-141,2005,15,8,787,8.7,0,0,0,0,0,0,3,0,0.7,0.7,0.0,0.7,13,42,5,0.00,0.00,0.00,0.00,0.00,0.08,0.00,0.08,0.08,0.08,Matches,2024-2025
553,Ashley Young,eng ENG,"DF,FW",Everton,39-268,1985,26,17,1570,17.4,1,3,4,1,0,0,6,1,0.3,0.3,1.6,1.8,19,81,25,0.06,0.17,0.23,0.06,0.23,0.02,0.09,0.11,0.02,0.11,Matches,2024-2025
554,Illia Zabarnyi,ua UKR,DF,Bournemouth,22-214,2002,28,28,2450,27.2,0,0,0,0,0,0,3,1,0.8,0.8,0.5,1.3,18,98,3,0.00,0.00,0.00,0.00,0.00,0.03,0.02,0.05,0.03,0.05,Matches,2024-2025
555,Oleksandr Zinchenko,ua UKR,"DF,MF",Arsenal,28-109,1996,10,2,299,3.3,0,0,0,0,0,0,1,0,0.2,0.2,0.0,0.2,7,21,7,0.00,0.00,0.00,0.00,0.00,0.05,0.01,0.05,0.05,0.05,Matches,2024-2025
556,Joshua Zirkzee,nl NED,"FW,MF",Manchester Utd,23-316,2001,30,13,1328,14.8,3,1,4,3,0,0,2,0,4.5,4.5,1.5,6.0,12,41,68,0.20,0.07,0.27,0.20,0.27,0.30,0.10,0.41,0.30,0.41,Matches,2024-2025
557,Martin Ødegaard,no NOR,MF,Arsenal,26-107,1998,22,21,1816,20.2,2,4,6,1,1,1,3,0,4.0,3.2,4.0,7.2,64,191,124,0.10,0.20,0.30,0.05,0.25,0.20,0.20,0.40,0.16,0.36,Matches,2024-2025
1,Max Aarons,eng ENG,DF,Bournemouth,23,2000,20,13,1237,13.7,0,1,1,0,0,0,1,0,0.0,0.0,0.8,0.9,22,43,26,0.00,0.07,0.07,0.00,0.07,0.00,0.06,0.06,0.00,0.06,Matches,2023-2024
2,Joshua Acheampong,eng ENG,DF,Chelsea,17,2006,1,0,6,0.1,0,0,0,0,0,0,0,0,0.0,0.0,0.0,0.0,0,0,0,0.00,0.00,0.00,0.00,0.00,0.00,0.00,0.00,0.00,0.00,Matches,2023-2024
3,Tyler Adams,us USA,MF,Bournemouth,24,1999,3,1,121,1.3,0,0,0,0,0,0,0,0,0.0,0.0,0.1,0.1,4,5,1,0.00,0.00,0.00,0.00,0.00,0.00,0.06,0.06,0.00,0.06,Matches,2023-2024
4,Tosin Adarabioyo,eng ENG,DF,Fulham,25,1997,20,18,1617,18.0,2,0,2,2,0,0,2,0,0.7,0.7,0.1,0.8,10,62,5,0.11,0.00,0.11,0.11,0.11,0.04,0.01,0.05,0.04,0.05,Matches,2023-2024
5,Elijah Adebayo,eng ENG,FW,Luton Town,25,1998,27,16,1419,15.8,10,0,10,10,0,0,1,0,5.9,5.9,0.7,6.6,16,23,110,0.63,0.00,0.63,0.63,0.63,0.37,0.04,0.42,0.37,0.42,Matches,2023-2024
6,Simon Adingra,ci CIV,FW,Brighton,21,2002,31,25,2222,24.7,6,1,7,6,0,0,3,0,4.3,4.3,3.7,8.0,111,50,278,0.24,0.04,0.28,0.24,0.28,0.17,0.15,0.32,0.17,0.32,Matches,2023-2024
7,Nayef Aguerd,ma MAR,DF,West Ham,27,1996,21,21,1857,20.6,1,0,1,1,0,0,3,1,1.5,1.5,0.3,1.8,10,68,3,0.05,0.00,0.05,0.05,0.05,0.07,0.01,0.09,0.07,0.09,Matches,2023-2024
8,Brandon Aguilera,cr CRC,FW,Nott'ham Forest,20,2003,1,0,5,0.1,0,0,0,0,0,0,0,0,0.0,0.0,0.0,0.0,0,0,1,0.00,0.00,0.00,0.00,0.00,0.00,0.00,0.00,0.00,0.00,Matches,2023-2024
9,Naouirou Ahamada,fr FRA,"MF,FW",Crystal Palace,21,2002,20,0,349,3.9,0,0,0,0,0,0,4,1,0.5,0.5,0.0,0.5,19,25,20,0.00,0.00,0.00,0.00,0.00,0.13,0.01,0.13,0.13,0.13,Matches,2023-2024
10,Anel Ahmedhodžić,ba BIH,DF,Sheffield Utd,24,1999,31,29,2649,29.4,2,0,2,2,0,0,11,1,3.1,3.1,0.8,4.0,15,43,21,0.07,0.00,0.07,0.07,0.07,0.11,0.03,0.14,0.11,0.14,Matches,2023-2024
11,Ola Aina,ng NGA,DF,Nott'ham Forest,26,1996,22,20,1692,18.8,1,1,2,1,0,0,3,0,0.3,0.3,0.9,1.2,52,69,37,0.05,0.05,0.11,0.05,0.11,0.01,0.05,0.06,0.01,0.06,Matches,2023-2024
12,Rayan Aït-Nouri,dz ALG,"DF,MF",Wolves,22,2001,33,29,2329,25.9,2,1,3,2,0,0,7,0,3.3,3.3,2.4,5.6,67,99,99,0.08,0.04,0.12,0.08,0.12,0.13,0.09,0.22,0.13,0.22,Matches,2023-2024
13,Kristoffer Ajer,no NOR,DF,Brentford,25,1998,28,21,1832,20.4,2,1,3,2,0,0,5,0,1.3,1.3,2.3,3.6,22,61,31,0.10,0.05,0.15,0.10,0.15,0.06,0.11,0.18,0.06,0.18,Matches,2023-2024
14,Manuel Akanji,ch SUI,"DF,MF",Manchester City,28,1995,30,28,2511,27.9,2,0,2,2,0,0,4,1,1.9,1.9,0.5,2.4,46,148,36,0.07,0.00,0.07,0.07,0.07,0.07,0.02,0.09,0.07,0.09,Matches,2023-2024
15,Nathan Aké,nl NED,DF,Manchester City,28,1995,29,24,2042,22.7,2,2,4,2,0,0,0,0,2.5,2.5,1.2,3.7,24,116,18,0.09,0.09,0.18,0.09,0.18,0.11,0.05,0.16,0.11,0.16,Matches,2023-2024
16,Thiago Alcántara,es ESP,MF,Liverpool,32,1991,1,0,6,0.1,0,0,0,0,0,0,0,0,0.0,0.0,0.0,0.0,0,0,0,0.00,0.00,0.00,0.00,0.00,0.00,0.00,0.00,0.00,0.00,Matches,2023-2024
17,Trent Alexander-Arnold,eng ENG,DF,Liverpool,24,1998,28,25,2155,23.9,3,4,7,3,0,0,6,0,2.6,2.3,7.2,9.5,45,205,97,0.13,0.17,0.29,0.13,0.29,0.11,0.30,0.41,0.10,0.40,Matches,2023-2024
18,Alisson,br BRA,GK,Liverpool,30,1992,28,28,2520,28.0,0,0,0,0,0,0,1,0,0.0,0.0,0.0,0.0,0,5,0,0.00,0.00,0.00,0.00,0.00,0.00,0.00,0.00,0.00,0.00,Matches,2023-2024
19,Miguel Almirón,py PAR,FW,Newcastle Utd,29,1994,33,23,1937,21.5,3,1,4,3,0,0,2,0,4.5,4.5,2.6,7.2,78,78,162,0.14,0.05,0.19,0.14,0.19,0.21,0.12,0.33,0.21,0.33,Matches,2023-2024
20,Edson Álvarez,mx MEX,MF,West Ham,25,1997,31,28,2377,26.4,1,1,2,1,0,0,11,0,1.3,1.3,0.6,1.9,20,91,26,0.04,0.04,0.08,0.04,0.08,0.05,0.02,0.07,0.05,0.07,Matches,2023-2024
21,Julián Álvarez,ar ARG,"MF,FW",Manchester City,23,2000,36,31,2647,29.4,11,8,19,9,2,2,2,0,13.0,11.5,6.4,17.9,64,103,180,0.37,0.27,0.65,0.31,0.58,0.44,0.22,0.66,0.39,0.61,Matches,2023-2024
22,Zeki Amdouni,ch SUI,FW,Burnley,22,2000,34,27,1953,21.7,5,1,6,4,1,1,2,0,5.8,5.0,1.4,6.5,63,49,93,0.23,0.05,0.28,0.18,0.23,0.27,0.07,0.33,0.23,0.30,Matches,2023-2024
23,Sofyan Amrabat,ma MAR,"MF,DF",Manchester Utd,26,1996,21,10,938,10.4,0,0,0,0,0,0,6,0,0.1,0.1,0.3,0.4,6,66,10,0.00,0.00,0.00,0.00,0.00,0.01,0.03,0.04,0.01,0.04,Matches,2023-2024
24,Joachim Andersen,dk DEN,DF,Crystal Palace,27,1996,38,38,3415,37.9,2,3,5,2,0,0,7,0,1.7,1.7,2.8,4.5,21,147,10,0.05,0.08,0.13,0.05,0.13,0.04,0.07,0.12,0.04,0.12,Matches,2023-2024
25,Elliot Anderson,eng ENG,"MF,FW",Newcastle Utd,20,2002,21,10,1027,11.4,0,2,2,0,0,0,3,0,1.5,1.5,1.9,3.5,37,57,70,0.00,0.18,0.18,0.00,0.18,0.13,0.17,0.30,0.13,0.30,Matches,2023-2024
26,Jaidon Anthony,eng ENG,FW,Bournemouth,23,1999,3,2,152,1.7,0,0,0,0,0,0,1,0,0.1,0.1,0.0,0.1,2,8,9,0.00,0.00,0.00,0.00,0.00,0.04,0.00,0.04,0.04,0.04,Matches,2023-2024
27,Michail Antonio,jm JAM,FW,West Ham,33,1990,26,21,1695,18.8,6,2,8,6,0,0,6,0,5.8,5.8,0.9,6.7,48,22,104,0.32,0.11,0.42,0.32,0.42,0.31,0.05,0.35,0.31,0.35,Matches,2023-2024
28,Antony,br BRA,FW,Manchester Utd,23,2000,29,15,1324,14.7,1,1,2,1,0,0,5,0,3.4,3.4,2.8,6.1,53,64,149,0.07,0.07,0.14,0.07,0.14,0.23,0.19,0.42,0.23,0.42,Matches,2023-2024
29,Oliver Arblaster,eng ENG,MF,Sheffield Utd,19,2004,12,11,943,10.5,0,0,0,0,0,0,2,0,0.0,0.0,0.8,0.8,14,43,4,0.00,0.00,0.00,0.00,0.00,0.00,0.07,0.08,0.00,0.08,Matches,2023-2024
30,Cameron Archer,eng ENG,"FW,MF",Sheffield Utd,22,2001,29,21,1832,20.4,4,1,5,4,0,0,1,0,5.5,5.5,2.8,8.3,33,15,114,0.20,0.05,0.25,0.20,0.25,0.27,0.14,0.41,0.27,0.41,Matches,2023-2024
31,Cameron Archer,eng ENG,MF,Aston Villa,22,2001,1,0,6,0.1,0,0,0,0,0,0,1,0,0.0,0.0,0.0,0.0,1,0,0,0.00,0.00,0.00,0.00,0.00,0.00,0.00,0.00,0.00,0.00,Matches,2023-2024
32,Alphonse Areola,fr FRA,GK,West Ham,30,1993,31,31,2699,30.0,0,0,0,0,0,0,1,0,0.0,0.0,0.0,0.0,0,1,0,0.00,0.00,0.00,0.00,0.00,0.00,0.00,0.00,0.00,0.00,Matches,2023-2024
33,Lorenz Assignon,tg TOG,DF,Burnley,23,2000,15,15,1234,13.7,1,2,3,1,0,0,5,1,0.4,0.4,2.6,3.0,38,34,57,0.07,0.15,0.22,0.07,0.22,0.03,0.19,0.22,0.03,0.22,Matches,2023-2024
34,Serge Aurier,ci CIV,"DF,MF",Nott'ham Forest,30,1992,12,10,833,9.3,0,2,2,0,0,0,2,0,0.2,0.2,0.5,0.6,10,47,29,0.00,0.22,0.22,0.00,0.22,0.02,0.05,0.07,0.02,0.07,Matches,2023-2024
35,Taiwo Awoniyi,ng NGA,FW,Nott'ham Forest,25,1997,20,12,1042,11.6,6,3,9,6,0,0,2,0,4.7,4.7,1.7,6.4,8,14,45,0.52,0.26,0.78,0.52,0.78,0.41,0.15,0.56,0.41,0.56,Matches,2023-2024
36,Jordan Ayew,gh GHA,"FW,MF",Crystal Palace,31,1991,35,30,2543,28.3,4,7,11,4,0,0,9,1,3.9,3.9,4.2,8.1,74,63,173,0.14,0.25,0.39,0.14,0.39,0.14,0.15,0.29,0.14,0.29,Matches,2023-2024
37,Benoît Badiashile,fr FRA,DF,Chelsea,22,2001,18,15,1338,14.9,0,1,1,0,0,0,3,0,0.3,0.3,1.5,1.8,3,46,3,0.00,0.07,0.07,0.00,0.07,0.02,0.10,0.12,0.02,0.12,Matches,2023-2024
38,Leon Bailey,jm JAM,"MF,FW",Aston Villa,25,1997,35,22,2068,23.0,10,9,19,10,0,0,5,0,6.3,6.3,9.2,15.5,102,82,226,0.44,0.39,0.83,0.44,0.83,0.27,0.40,0.67,0.27,0.67,Matches,2023-2024
39,Stefan Bajcetic,es ESP,MF,Liverpool,18,2004,1,0,26,0.3,0,0,0,0,0,0,0,0,0.0,0.0,0.0,0.0,0,1,0,0.00,0.00,0.00,0.00,0.00,0.00,0.00,0.00,0.00,0.00,Matches,2023-2024
40,George Baldock,gr GRE,DF,Sheffield Utd,30,1993,13,11,969,10.8,0,1,1,0,0,0,4,0,0.0,0.0,0.8,0.8,9,31,24,0.00,0.09,0.09,0.00,0.09,0.00,0.07,0.08,0.00,0.08,Matches,2023-2024
41,Carlos Baleba,cm CMR,MF,Brighton,19,2004,27,15,1325,14.7,0,0,0,0,0,0,7,0,0.8,0.8,0.3,1.1,19,50,9,0.00,0.00,0.00,0.00,0.00,0.06,0.02,0.08,0.06,0.08,Matches,2023-2024
42,Fodé Ballo-Touré,sn SEN,"DF,MF",Fulham,26,1997,6,0,71,0.8,0,0,0,0,0,0,1,0,0.0,0.0,0.0,0.0,5,0,4,0.00,0.00,0.00,0.00,0.00,0.00,0.00,0.00,0.00,0.00,Matches,2023-2024
43,Shandon Baptiste,gd GRN,MF,Brentford,25,1998,10,2,229,2.5,1,1,2,1,0,0,1,0,0.9,0.9,0.2,1.1,3,5,1,0.39,0.39,0.79,0.39,0.79,0.35,0.08,0.43,0.35,0.43,Matches,2023-2024
44,Valentín Barco,ar ARG,"DF,FW",Brighton,19,2004,6,3,307,3.4,0,0,0,0,0,0,1,0,0.2,0.2,0.2,0.4,8,14,20,0.00,0.00,0.00,0.00,0.00,0.05,0.07,0.13,0.05,0.13,Matches,2023-2024
45,Ross Barkley,eng ENG,MF,Luton Town,29,1993,32,30,2618,29.1,5,4,9,5,0,0,6,0,4.1,4.1,3.7,7.9,48,163,39,0.17,0.14,0.31,0.17,0.31,0.14,0.13,0.27,0.14,0.27,Matches,2023-2024
46,Harvey Barnes,eng ENG,"FW,MF",Newcastle Utd,25,1997,21,7,802,8.9,5,3,8,5,0,0,2,0,3.6,3.6,3.2,6.8,45,34,79,0.56,0.34,0.90,0.56,0.90,0.40,0.36,0.76,0.40,0.76,Matches,2023-2024
47,Chris Basham,eng ENG,"DF,MF",Sheffield Utd,35,1988,8,3,321,3.6,0,0,0,0,0,0,1,0,0.1,0.1,0.3,0.4,1,7,6,0.00,0.00,0.00,0.00,0.00,0.04,0.07,0.10,0.04,0.10,Matches,2023-2024
48,Calvin Bassey,ng NGA,DF,Fulham,23,1999,29,25,2303,25.6,1,0,1,1,0,0,6,1,0.3,0.3,0.0,0.4,15,62,4,0.04,0.00,0.04,0.04,0.04,0.01,0.00,0.01,0.01,0.01,Matches,2023-2024
49,Owen Beck,wls WAL,DF,Liverpool,20,2002,1,0,8,0.1,0,0,0,0,0,0,0,0,0.0,0.0,0.0,0.0,0,0,1,0.00,0.00,0.00,0.00,0.00,0.00,0.00,0.00,0.00,0.00,Matches,2023-2024
50,Donny van de Beek,nl NED,DF,Manchester Utd,26,1997,1,0,3,0.0,0,0,0,0,0,0,0,0,0.0,0.0,0.1,0.2,0,0,1,0.00,0.00,0.00,0.00,0.00,1.09,4.44,5.54,1.09,5.54,Matches,2023-2024
51,Amari'i Bell,jm JAM,DF,Luton Town,29,1994,21,21,1720,19.1,0,0,0,0,0,0,0,0,0.3,0.3,0.5,0.7,32,76,10,0.00,0.00,0.00,0.00,0.00,0.01,0.02,0.04,0.01,0.04,Matches,2023-2024
52,Jean-Ricner Bellegarde,fr FRA,"MF,FW",Wolves,25,1998,22,10,958,10.6,2,1,3,2,0,0,0,1,1.6,1.6,1.0,2.5,30,39,49,0.19,0.09,0.28,0.19,0.28,0.15,0.09,0.24,0.15,0.24,Matches,2023-2024
53,Anis Ben Slimane,tn TUN,MF,Sheffield Utd,22,2001,15,4,419,4.7,0,0,0,0,0,0,2,0,0.8,0.8,0.3,1.1,3,12,21,0.00,0.00,0.00,0.00,0.00,0.17,0.06,0.23,0.17,0.23,Matches,2023-2024
54,Saïd Benrahma,dz ALG,"FW,MF",West Ham,27,1995,13,5,620,6.9,0,1,1,0,0,1,1,0,1.8,1.0,1.4,2.5,28,28,70,0.00,0.15,0.15,0.00,0.15,0.27,0.21,0.47,0.15,0.36,Matches,2023-2024
55,Rodrigo Bentancur,uy URU,MF,Tottenham,26,1997,23,13,1005,11.2,1,1,2,1,0,0,7,0,1.9,1.9,0.5,2.4,16,72,31,0.09,0.09,0.18,0.09,0.18,0.17,0.04,0.22,0.17,0.22,Matches,2023-2024
56,Daniel Bentley,eng ENG,GK,Wolves,30,1993,5,3,383,4.3,0,0,0,0,0,0,0,0,0.0,0.0,0.0,0.0,0,0,0,0.00,0.00,0.00,0.00,0.00,0.00,0.00,0.00,0.00,0.00,Matches,2023-2024
57,Jóhann Berg Guðmundsson,is ISL,"MF,FW",Burnley,32,1990,26,12,1192,13.2,1,3,4,1,0,0,2,0,1.9,1.9,2.7,4.5,13,59,69,0.08,0.23,0.30,0.08,0.30,0.14,0.20,0.34,0.14,0.34,Matches,2023-2024
58,Sander Berge,no NOR,MF,Burnley,25,1998,37,34,3005,33.4,1,2,3,1,0,0,10,1,1.9,1.9,2.4,4.3,64,164,29,0.03,0.06,0.09,0.03,0.09,0.06,0.07,0.13,0.06,0.13,Matches,2023-2024
59,Luke Berry,eng ENG,"MF,DF",Luton Town,31,1992,17,2,323,3.6,2,1,3,2,0,0,1,0,1.0,1.0,0.3,1.3,1,8,7,0.56,0.28,0.84,0.56,0.84,0.28,0.07,0.35,0.28,0.35,Matches,2023-2024
60,Beto,gw GNB,FW,Everton,25,1998,30,9,951,10.6,3,0,3,3,0,1,2,0,6.8,6.0,0.9,6.9,14,14,58,0.28,0.00,0.28,0.28,0.28,0.64,0.09,0.73,0.57,0.66,Matches,2023-2024
61,Jordan Beyer,de GER,DF,Burnley,23,2000,15,15,1234,13.7,0,1,1,0,0,0,6,0,0.5,0.5,0.3,0.8,9,25,1,0.00,0.07,0.07,0.00,0.07,0.04,0.02,0.06,0.04,0.06,Matches,2023-2024
62,Philip Billing,dk DEN,MF,Bournemouth,27,1996,29,13,1398,15.5,2,2,4,2,0,0,3,1,2.5,2.5,3.2,5.7,22,53,63,0.13,0.13,0.26,0.13,0.26,0.16,0.21,0.36,0.16,0.36,Matches,2023-2024
63,Yves Bissouma,ml MLI,MF,Tottenham,26,1996,28,26,2068,23.0,0,0,0,0,0,0,10,2,1.4,1.4,0.4,1.8,43,169,13,0.00,0.00,0.00,0.00,0.00,0.06,0.02,0.08,0.06,0.08,Matches,2023-2024
64,Benicio Boaitey,eng ENG,"FW,DF",Brighton,19,2004,5,0,40,0.4,0,0,0,0,0,0,1,0,0.0,0.0,0.1,0.1,1,2,2,0.00,0.00,0.00,0.00,0.00,0.05,0.13,0.19,0.05,0.19,Matches,2023-2024
65,Oscar Bobb,no NOR,"FW,MF",Manchester City,20,2003,14,2,302,3.4,1,1,2,1,0,0,0,0,1.4,1.4,1.2,2.6,13,25,38,0.30,0.30,0.60,0.30,0.60,0.41,0.37,0.78,0.41,0.78,Matches,2023-2024
66,Jayden Bogle,eng ENG,DF,Sheffield Utd,23,2000,34,32,2788,31.0,3,0,3,3,0,0,9,0,2.3,2.3,1.0,3.3,38,60,92,0.10,0.00,0.10,0.10,0.10,0.07,0.03,0.11,0.07,0.11,Matches,2023-2024
67,Willy Boly,ci CIV,DF,Nott'ham Forest,32,1991,20,18,1438,16.0,2,1,3,2,0,0,3,1,1.5,1.5,1.3,2.8,4,32,3,0.13,0.06,0.19,0.13,0.19,0.09,0.08,0.18,0.09,0.18,Matches,2023-2024
68,Sven Botman,nl NED,DF,Newcastle Utd,23,2000,17,15,1377,15.3,2,2,4,2,0,0,2,0,0.6,0.6,1.0,1.6,0,35,5,0.13,0.13,0.26,0.13,0.26,0.04,0.07,0.11,0.04,0.11,Matches,2023-2024
69,Jarrod Bowen,eng ENG,FW,West Ham,26,1996,34,34,3019,33.5,16,6,22,16,0,0,2,0,11.6,11.6,5.5,17.2,90,52,186,0.48,0.18,0.66,0.48,0.66,0.35,0.16,0.51,0.35,0.51,Matches,2023-2024
70,Conor Bradley,nir NIR,DF,Liverpool,20,2003,11,10,753,8.4,1,3,4,1,0,0,2,0,0.9,0.9,1.5,2.3,35,29,64,0.12,0.36,0.48,0.12,0.48,0.10,0.17,0.28,0.10,0.28,Matches,2023-2024
71,Jarrad Branthwaite,eng ENG,DF,Everton,21,2002,35,35,3116,34.6,3,0,3,3,0,0,8,0,1.7,1.7,1.0,2.8,2,74,6,0.09,0.00,0.09,0.09,0.09,0.05,0.03,0.08,0.05,0.08,Matches,2023-2024
72,Ben Brereton,cl CHI,"FW,MF",Sheffield Utd,24,1999,14,14,1105,12.3,6,1,7,5,1,1,3,0,6.1,5.3,1.5,6.7,23,37,78,0.49,0.08,0.57,0.41,0.49,0.49,0.12,0.61,0.43,0.55,Matches,2023-2024
73,Rhian Brewster,eng ENG,"FW,MF",Sheffield Utd,23,2000,13,3,346,3.8,0,0,0,0,0,0,0,1,0.4,0.4,0.1,0.5,1,3,21,0.00,0.00,0.00,0.00,0.00,0.09,0.03,0.12,0.09,0.12,Matches,2023-2024
74,Armando Broja,al ALB,FW,Chelsea,21,2001,13,6,454,5.0,1,0,1,1,0,0,0,0,2.4,2.4,0.2,2.5,11,6,37,0.20,0.00,0.20,0.20,0.20,0.47,0.03,0.50,0.47,0.50,Matches,2023-2024
75,Armando Broja,al ALB,FW,Fulham,21,2001,8,0,88,1.0,0,1,1,0,0,0,0,0,0.0,0.0,0.4,0.4,2,2,7,0.00,1.02,1.02,0.00,1.02,0.00,0.41,0.41,0.00,0.41,Matches,2023-2024
76,Andre Brooks,eng ENG,"MF,DF",Sheffield Utd,19,2003,20,12,938,10.4,0,0,0,0,0,0,1,0,0.4,0.4,0.1,0.5,12,18,22,0.00,0.00,0.00,0.00,0.00,0.04,0.01,0.05,0.04,0.05,Matches,2023-2024
77,David Brooks,wls WAL,"FW,MF",Bournemouth,26,1997,13,2,282,3.1,1,1,2,1,0,0,1,0,2.2,2.2,1.0,3.2,8,21,27,0.32,0.32,0.64,0.32,0.64,0.70,0.33,1.03,0.70,1.03,Matches,2023-2024
78,Jacob Brown,sct SCO,"MF,FW",Luton Town,25,1998,19,12,1019,11.3,2,0,2,2,0,0,4,0,2.8,2.8,0.7,3.4,25,19,53,0.18,0.00,0.18,0.18,0.18,0.25,0.06,0.30,0.25,0.30,Matches,2023-2024
79,Josh Brownhill,eng ENG,MF,Burnley,27,1995,33,23,2252,25.0,4,2,6,4,0,0,4,1,1.9,1.9,2.1,4.0,19,90,36,0.16,0.08,0.24,0.16,0.24,0.08,0.08,0.16,0.08,0.16,Matches,2023-2024
80,Jacob Bruun Larsen,dk DEN,"MF,FW",Burnley,24,1998,32,16,1249,13.9,6,0,6,5,1,1,1,0,5.0,4.2,1.5,5.7,61,38,146,0.43,0.00,0.43,0.36,0.36,0.36,0.10,0.46,0.30,0.41,Matches,2023-2024
81,Hugo Bueno,es ESP,"DF,MF",Wolves,20,2002,22,7,741,8.2,0,0,0,0,0,0,1,0,0.3,0.3,0.8,1.0,22,8,40,0.00,0.00,0.00,0.00,0.00,0.03,0.09,0.13,0.03,0.13,Matches,2023-2024
82,Santiago Bueno,uy URU,DF,Wolves,24,1998,12,9,822,9.1,0,0,0,0,0,0,1,0,0.0,0.0,0.1,0.1,3,11,2,0.00,0.00,0.00,0.00,0.00,0.00,0.01,0.01,0.00,0.01,Matches,2023-2024
83,Facundo Buonanotte,ar ARG,"FW,MF",Brighton,18,2004,27,17,1364,15.2,3,1,4,3,0,0,7,0,2.4,2.4,1.8,4.2,23,42,69,0.20,0.07,0.26,0.20,0.26,0.16,0.12,0.28,0.16,0.28,Matches,2023-2024
84,Reece Burke,eng ENG,DF,Luton Town,26,1996,22,20,1660,18.4,0,4,4,0,0,0,5,0,1.3,1.3,1.4,2.7,11,67,14,0.00,0.22,0.22,0.00,0.22,0.07,0.07,0.15,0.07,0.15,Matches,2023-2024
85,Dan Burn,eng ENG,DF,Newcastle Utd,31,1992,33,32,2726,30.3,2,2,4,2,0,0,4,0,3.1,3.1,1.1,4.2,14,75,25,0.07,0.07,0.13,0.07,0.13,0.10,0.04,0.14,0.10,0.14,Matches,2023-2024
86,Mason Burstow,eng ENG,FW,Chelsea,19,2003,2,0,9,0.1,0,0,0,0,0,0,0,0,0.0,0.0,0.0,0.0,0,0,1,0.00,0.00,0.00,0.00,0.00,0.00,0.00,0.00,0.00,0.00,Matches,2023-2024
87,Moisés Caicedo,ec ECU,MF,Chelsea,21,2001,35,33,2866,31.8,1,3,4,1,0,0,11,0,0.4,0.4,2.6,3.0,27,173,27,0.03,0.09,0.13,0.03,0.13,0.01,0.08,0.09,0.01,0.09,Matches,2023-2024
88,Tom Cairney,sct SCO,MF,Fulham,32,1991,34,14,1488,16.5,1,4,5,1,0,0,3,0,1.1,1.1,2.3,3.4,35,145,72,0.06,0.24,0.30,0.06,0.30,0.07,0.14,0.20,0.07,0.20,Matches,2023-2024
89,Dominic Calvert-Lewin,eng ENG,FW,Everton,26,1997,32,26,2171,24.1,7,2,9,5,2,2,2,0,12.9,11.4,3.1,14.5,36,31,122,0.29,0.08,0.37,0.21,0.29,0.54,0.13,0.66,0.47,0.60,Matches,2023-2024
90,Thomas Cannon,ie IRL,FW,Everton,20,2002,1,0,1,0.0,0,0,0,0,0,0,0,0,0.0,0.0,0.0,0.0,0,0,0,0.00,0.00,0.00,0.00,0.00,0.00,0.00,0.00,0.00,0.00,Matches,2023-2024
91,Diego Carlos,br BRA,DF,Aston Villa,30,1993,27,20,1816,20.2,0,0,0,0,0,0,4,0,1.9,1.9,0.1,2.0,4,59,1,0.00,0.00,0.00,0.00,0.00,0.10,0.00,0.10,0.10,0.10,Matches,2023-2024
92,Cesare Casadei,it ITA,"FW,MF",Chelsea,20,2003,11,0,79,0.9,0,0,0,0,0,0,0,0,0.0,0.0,0.1,0.1,1,3,3,0.00,0.00,0.00,0.00,0.00,0.00,0.12,0.12,0.00,0.12,Matches,2023-2024
93,Casemiro,br BRA,"MF,DF",Manchester Utd,31,1992,25,24,1982,22.0,1,2,3,1,0,0,7,0,3.5,3.5,1.0,4.5,12,112,36,0.05,0.09,0.14,0.05,0.14,0.16,0.05,0.20,0.16,0.20,Matches,2023-2024
94,Kaelan Casey,eng ENG,DF,West Ham,18,2004,1,0,1,0.0,0,0,0,0,0,0,0,0,0.0,0.0,0.0,0.0,0,0,0,0.00,0.00,0.00,0.00,0.00,0.00,0.00,0.00,0.00,0.00,Matches,2023-2024
95,Matty Cash,pl POL,DF,Aston Villa,25,1997,29,23,2142,23.8,2,2,4,2,0,0,8,0,4.2,4.2,2.3,6.5,62,88,101,0.08,0.08,0.17,0.08,0.17,0.18,0.10,0.27,0.18,0.27,Matches,2023-2024
96,Timothy Castagne,be BEL,DF,Fulham,27,1995,34,29,2634,29.3,1,3,4,1,0,0,3,0,1.6,1.6,1.9,3.5,48,77,113,0.03,0.10,0.14,0.03,0.14,0.06,0.07,0.12,0.06,0.12,Matches,2023-2024
97,Jonny Castro,es ESP,MF,Wolves,29,1994,1,0,5,0.1,0,0,0,0,0,0,0,0,0.0,0.0,0.0,0.0,0,0,0,0.00,0.00,0.00,0.00,0.00,0.00,0.00,0.00,0.00,0.00,Matches,2023-2024
98,Trevoh Chalobah,eng ENG,DF,Chelsea,24,1999,13,10,952,10.6,1,0,1,1,0,0,1,0,0.2,0.2,0.1,0.3,5,31,9,0.09,0.00,0.09,0.09,0.09,0.02,0.01,0.02,0.02,0.02,Matches,2023-2024
99,Calum Chambers,eng ENG,"MF,DF",Aston Villa,28,1995,5,1,152,1.7,0,1,1,0,0,0,1,0,0.0,0.0,0.1,0.1,0,5,1,0.00,0.59,0.59,0.00,0.59,0.00,0.06,0.06,0.00,0.06,Matches,2023-2024
100,Youssef Chermiti,pt POR,FW,Everton,19,2004,18,1,208,2.3,0,0,0,0,0,0,3,0,0.7,0.7,0.8,1.5,5,5,15,0.00,0.00,0.00,0.00,0.00,0.31,0.34,0.65,0.31,0.65,Matches,2023-2024
101,Ben Chilwell,eng ENG,DF,Chelsea,26,1996,13,9,756,8.4,0,1,1,0,0,0,5,0,1.2,1.2,2.2,3.4,22,25,59,0.00,0.12,0.12,0.00,0.12,0.14,0.26,0.41,0.14,0.41,Matches,2023-2024
102,Tawanda Chirewa,zw ZIM,"MF,FW",Wolves,19,2003,8,1,145,1.6,0,0,0,0,0,0,1,0,0.2,0.2,0.0,0.2,1,7,8,0.00,0.00,0.00,0.00,0.00,0.10,0.02,0.12,0.10,0.12,Matches,2023-2024
103,Leon Chiwome,eng ENG,FW,Wolves,17,2006,3,2,174,1.9,0,0,0,0,0,0,0,0,0.1,0.1,0.0,0.1,1,2,7,0.00,0.00,0.00,0.00,0.00,0.05,0.00,0.05,0.05,0.05,Matches,2023-2024
104,Tahith Chong,nl NED,"MF,FW",Luton Town,23,1999,33,20,1982,22.0,4,0,4,4,0,0,4,0,2.7,2.7,0.5,3.2,57,72,101,0.18,0.00,0.18,0.18,0.18,0.12,0.02,0.15,0.12,0.15,Matches,2023-2024
105,Ryan Christie,sct SCO,MF,Bournemouth,28,1995,37,35,2907,32.3,0,5,5,0,0,0,6,0,2.3,2.3,5.4,7.7,60,167,78,0.00,0.15,0.15,0.00,0.15,0.07,0.17,0.24,0.07,0.24,Matches,2023-2024
106,Carney Chukwuemeka,eng ENG,"MF,FW",Chelsea,19,2003,9,2,227,2.5,1,1,2,1,0,0,2,0,0.2,0.2,0.3,0.5,4,12,19,0.40,0.40,0.79,0.40,0.79,0.06,0.13,0.19,0.06,0.19,Matches,2023-2024
107,Bobby Clark,eng ENG,MF,Liverpool,18,2005,5,1,89,1.0,0,0,0,0,0,0,0,0,0.1,0.1,0.0,0.1,3,3,7,0.00,0.00,0.00,0.00,0.00,0.14,0.00,0.14,0.14,0.14,Matches,2023-2024
108,Jordan Clark,eng ENG,MF,Luton Town,29,1993,23,14,1304,14.5,1,1,2,1,0,0,4,0,1.0,1.0,1.3,2.2,21,51,39,0.07,0.07,0.14,0.07,0.14,0.07,0.09,0.16,0.07,0.16,Matches,2023-2024
109,Nathaniel Clyne,eng ENG,DF,Crystal Palace,32,1991,19,14,1338,14.9,0,0,0,0,0,0,0,0,0.2,0.2,0.2,0.4,10,33,18,0.00,0.00,0.00,0.00,0.00,0.01,0.01,0.03,0.01,0.03,Matches,2023-2024
110,Séamus Coleman,ie IRL,DF,Everton,34,1988,12,7,665,7.4,0,0,0,0,0,0,0,0,0.0,0.0,1.0,1.0,5,22,16,0.00,0.00,0.00,0.00,0.00,0.00,0.14,0.14,0.00,0.14,Matches,2023-2024
111,Nathan Collins,ie IRL,DF,Brentford,22,2001,32,29,2652,29.5,1,1,2,1,0,0,3,0,1.7,1.7,2.2,3.9,11,97,18,0.03,0.03,0.07,0.03,0.07,0.06,0.07,0.13,0.06,0.13,Matches,2023-2024
112,Levi Colwill,eng ENG,DF,Chelsea,20,2003,23,20,1797,20.0,1,1,2,1,0,0,2,0,1.3,1.3,1.2,2.5,23,73,27,0.05,0.05,0.10,0.05,0.10,0.06,0.06,0.12,0.06,0.12,Matches,2023-2024
113,Lewis Cook,eng ENG,MF,Bournemouth,26,1997,33,32,2786,31.0,0,3,3,0,0,0,5,1,0.4,0.4,4.3,4.6,22,142,15,0.00,0.10,0.10,0.00,0.10,0.01,0.14,0.15,0.01,0.15,Matches,2023-2024
114,Jack Cork,eng ENG,MF,Burnley,34,1989,4,0,27,0.3,0,0,0,0,0,0,0,0,0.0,0.0,0.0,0.0,4,4,1,0.00,0.00,0.00,0.00,0.00,0.00,0.00,0.00,0.00,0.00,Matches,2023-2024
115,Maxwel Cornet,ci CIV,"MF,FW",West Ham,26,1996,7,1,112,1.2,1,0,1,1,0,0,0,0,0.4,0.4,0.2,0.6,3,2,8,0.80,0.00,0.80,0.80,0.80,0.32,0.13,0.46,0.32,0.46,Matches,2023-2024
116,Vladimír Coufal,cz CZE,DF,West Ham,30,1992,36,36,3132,34.8,0,7,7,0,0,0,7,1,0.3,0.3,4.0,4.3,68,119,126,0.00,0.20,0.20,0.00,0.20,0.01,0.11,0.12,0.01,0.12,Matches,2023-2024
117,Philippe Coutinho,br BRA,"MF,FW",Aston Villa,31,1992,2,0,25,0.3,0,0,0,0,0,0,0,0,0.1,0.1,0.0,0.1,5,5,2,0.00,0.00,0.00,0.00,0.00,0.52,0.00,0.52,0.52,0.52,Matches,2023-2024
118,Aaron Cresswell,eng ENG,"DF,FW",West Ham,33,1989,11,4,436,4.8,0,0,0,0,0,0,1,0,0.0,0.0,0.4,0.4,4,26,6,0.00,0.00,0.00,0.00,0.00,0.00,0.09,0.09,0.00,0.09,Matches,2023-2024
119,Marc Cucurella,es ESP,DF,Chelsea,25,1998,21,20,1782,19.8,0,2,2,0,0,0,10,0,1.1,1.1,1.1,2.2,31,50,73,0.00,0.10,0.10,0.00,0.10,0.06,0.05,0.11,0.06,0.11,Matches,2023-2024
120,Josh Cullen,ie IRL,MF,Burnley,27,1996,25,23,2057,22.9,2,3,5,2,0,0,9,0,0.6,0.6,1.8,2.4,22,123,22,0.09,0.13,0.22,0.09,0.22,0.03,0.08,0.11,0.03,0.11,Matches,2023-2024
121,Matheus Cunha,br BRA,"FW,MF",Wolves,24,1999,32,29,2440,27.1,12,7,19,11,1,1,9,0,9.5,8.7,3.2,11.9,107,87,139,0.44,0.26,0.70,0.41,0.66,0.35,0.12,0.47,0.32,0.44,Matches,2023-2024
122,Sam Curtis,ie IRL,DF,Sheffield Utd,17,2005,1,0,28,0.3,0,0,0,0,0,0,0,0,0.0,0.0,0.0,0.0,0,1,1,0.00,0.00,0.00,0.00,0.00,0.00,0.00,0.00,0.00,0.00,Matches,2023-2024
123,Mahmoud Dahoud,de GER,MF,Brighton,27,1996,9,6,452,5.0,0,1,1,0,0,0,1,1,0.2,0.2,0.9,1.1,4,11,6,0.00,0.20,0.20,0.00,0.20,0.04,0.18,0.22,0.04,0.22,Matches,2023-2024
124,Ameen Al-Dakhil,be BEL,DF,Burnley,21,2002,13,12,1056,11.7,1,0,1,1,0,0,1,0,1.3,1.3,0.1,1.4,7,35,9,0.09,0.00,0.09,0.09,0.09,0.11,0.01,0.12,0.11,0.12,Matches,2023-2024
125,Diogo Dalot,pt POR,DF,Manchester Utd,24,1999,36,35,3174,35.3,2,3,5,2,0,0,6,1,1.7,1.7,2.9,4.6,52,124,111,0.06,0.09,0.14,0.06,0.14,0.05,0.08,0.13,0.05,0.13,Matches,2023-2024
126,Mikkel Damsgaard,dk DEN,MF,Brentford,23,2000,23,7,842,9.4,0,2,2,0,0,0,2,0,0.9,0.9,1.4,2.4,16,61,32,0.00,0.21,0.21,0.00,0.21,0.10,0.16,0.25,0.10,0.25,Matches,2023-2024
127,Danilo,br BRA,MF,Nott'ham Forest,22,2001,29,20,1792,19.9,2,2,4,2,0,0,4,0,1.8,1.8,1.5,3.4,22,82,28,0.10,0.10,0.20,0.10,0.20,0.09,0.08,0.17,0.09,0.17,Matches,2023-2024
128,Arnaut Danjuma,nl NED,"MF,FW",Everton,26,1997,14,5,595,6.6,1,0,1,1,0,0,0,0,2.6,2.6,1.1,3.7,24,9,44,0.15,0.00,0.15,0.15,0.15,0.40,0.17,0.57,0.40,0.57,Matches,2023-2024
129,Jayden Danns,eng ENG,FW,Liverpool,17,2006,2,0,9,0.1,0,0,0,0,0,0,1,0,0.0,0.0,0.0,0.0,0,1,2,0.00,0.00,0.00,0.00,0.00,0.00,0.00,0.00,0.00,0.00,Matches,2023-2024
130,Josh Dasilva,eng ENG,"DF,FW",Brentford,24,1998,3,0,24,0.3,0,0,0,0,0,0,0,0,0.0,0.0,0.2,0.2,2,2,5,0.00,0.00,0.00,0.00,0.00,0.00,0.72,0.72,0.00,0.72,Matches,2023-2024
131,David Datro Fofana,ci CIV,FW,Burnley,20,2002,15,10,879,9.8,4,1,5,4,0,0,1,0,4.5,4.5,1.8,6.4,21,15,39,0.41,0.10,0.51,0.41,0.51,0.46,0.19,0.65,0.46,0.65,Matches,2023-2024
132,Ben Davies,wls WAL,DF,Tottenham,30,1993,17,12,1090,12.1,1,0,1,1,0,0,2,0,2.3,2.3,0.4,2.7,13,71,20,0.08,0.00,0.08,0.08,0.08,0.19,0.03,0.23,0.19,0.23,Matches,2023-2024
133,Tom Davies,eng ENG,MF,Sheffield Utd,25,1998,9,2,221,2.5,0,0,0,0,0,0,2,0,0.4,0.4,0.1,0.4,3,8,3,0.00,0.00,0.00,0.00,0.00,0.14,0.03,0.17,0.14,0.17,Matches,2023-2024
134,Craig Dawson,eng ENG,DF,Wolves,33,1990,25,25,2209,24.5,1,1,2,1,0,0,7,0,1.5,1.5,1.4,2.9,1,49,4,0.04,0.04,0.08,0.04,0.08,0.06,0.06,0.12,0.06,0.12,Matches,2023-2024
135,Kevin De Bruyne,be BEL,MF,Manchester City,32,1991,18,15,1221,13.6,4,10,14,4,0,0,2,0,2.4,2.4,11.5,14.0,47,111,133,0.29,0.74,1.03,0.29,1.03,0.18,0.85,1.03,0.18,1.03,Matches,2023-2024
136,Hannes Delcroix,be BEL,DF,Burnley,24,1999,12,5,589,6.5,0,0,0,0,0,0,2,0,0.4,0.4,0.2,0.6,2,18,6,0.00,0.00,0.00,0.00,0.00,0.05,0.03,0.09,0.05,0.09,Matches,2023-2024
137,Leander Dendoncker,be BEL,MF,Aston Villa,28,1995,8,1,119,1.3,1,0,1,1,0,0,0,0,0.7,0.7,0.0,0.7,0,3,2,0.76,0.00,0.76,0.76,0.76,0.56,0.00,0.56,0.56,0.56,Matches,2023-2024
138,Moussa Diaby,fr FRA,"FW,MF",Aston Villa,24,1999,38,25,2174,24.2,6,8,14,6,0,0,1,0,7.0,7.0,6.6,13.6,94,72,183,0.25,0.33,0.58,0.25,0.58,0.29,0.27,0.56,0.29,0.56,Matches,2023-2024
139,Amad Diallo,ci CIV,"FW,MF",Manchester Utd,21,2002,9,3,390,4.3,1,1,2,1,0,0,1,0,0.5,0.5,1.1,1.6,11,10,31,0.23,0.23,0.46,0.23,0.46,0.12,0.24,0.36,0.12,0.36,Matches,2023-2024
140,Amadou Diallo,eng ENG,MF,Newcastle Utd,20,2003,1,0,1,0.0,0,0,0,0,0,0,0,0,0.0,0.0,0.0,0.0,0,0,0,0.00,0.00,0.00,0.00,0.00,0.00,0.00,0.00,0.00,0.00,Matches,2023-2024
141,Rúben Dias,pt POR,DF,Manchester City,26,1997,30,28,2559,28.4,0,0,0,0,0,0,0,0,1.4,1.4,0.3,1.7,34,173,16,0.00,0.00,0.00,0.00,0.00,0.05,0.01,0.06,0.05,0.06,Matches,2023-2024
142,Luis Díaz,co COL,FW,Liverpool,26,1997,37,32,2629,29.2,8,5,13,8,0,0,3,0,11.9,11.9,5.7,17.5,137,113,302,0.27,0.17,0.45,0.27,0.45,0.41,0.19,0.60,0.41,0.60,Matches,2023-2024
143,Eric Dier,eng ENG,DF,Tottenham,29,1994,4,1,201,2.2,0,0,0,0,0,0,0,0,0.0,0.0,0.0,0.0,0,3,0,0.00,0.00,0.00,0.00,0.00,0.00,0.00,0.00,0.00,0.00,Matches,2023-2024
144,Lucas Digne,fr FRA,DF,Aston Villa,30,1993,33,27,2410,26.8,1,3,4,1,0,0,7,0,1.1,1.1,4.1,5.2,42,77,200,0.04,0.11,0.15,0.04,0.15,0.04,0.15,0.19,0.04,0.19,Matches,2023-2024
145,Issa Diop,fr FRA,DF,Fulham,26,1997,18,16,1424,15.8,0,0,0,0,0,0,4,1,0.3,0.3,0.0,0.3,11,66,1,0.00,0.00,0.00,0.00,0.00,0.02,0.00,0.02,0.02,0.02,Matches,2023-2024
146,Axel Disasi,fr FRA,DF,Chelsea,25,1998,31,29,2579,28.7,2,0,2,2,0,0,6,0,2.4,2.4,0.3,2.7,30,112,21,0.07,0.00,0.07,0.07,0.07,0.08,0.01,0.09,0.08,0.09,Matches,2023-2024
147,Ben Doak,sct SCO,FW,Liverpool,17,2005,1,0,14,0.2,0,0,0,0,0,0,0,0,0.0,0.0,0.0,0.0,0,0,0,0.00,0.00,0.00,0.00,0.00,0.00,0.00,0.00,0.00,0.00,Matches,2023-2024
148,Lewis Dobbin,eng ENG,MF,Everton,20,2003,12,1,232,2.6,1,0,1,1,0,0,1,0,0.3,0.3,0.5,0.8,6,3,20,0.39,0.00,0.39,0.39,0.39,0.11,0.19,0.30,0.11,0.30,Matches,2023-2024
149,Matt Doherty,ie IRL,"DF,MF",Wolves,31,1992,30,9,1150,12.8,1,0,1,1,0,0,2,0,0.8,0.8,1.3,2.2,12,31,64,0.08,0.00,0.08,0.08,0.08,0.07,0.10,0.17,0.07,0.17,Matches,2023-2024
150,Jeremy Doku,be BEL,"FW,MF",Manchester City,21,2002,29,18,1595,17.7,3,8,11,3,0,0,3,0,2.5,2.5,4.6,7.1,218,57,295,0.17,0.45,0.62,0.17,0.62,0.14,0.26,0.40,0.14,0.40,Matches,2023-2024
151,Nicolás Domínguez,ar ARG,"MF,FW",Nott'ham Forest,25,1998,26,19,1495,16.6,2,2,4,2,0,0,4,0,1.3,1.3,1.0,2.3,14,91,43,0.12,0.12,0.24,0.12,0.24,0.08,0.06,0.14,0.08,0.14,Matches,2023-2024
152,Jamie Donley,nir NIR,FW,Tottenham,18,2005,3,0,3,0.0,0,0,0,0,0,0,1,0,0.0,0.0,0.0,0.0,0,0,0,0.00,0.00,0.00,0.00,0.00,0.00,0.00,0.00,0.00,0.00,Matches,2023-2024
153,Abdoulaye Doucouré,ml MLI,"FW,MF",Everton,30,1993,32,32,2629,29.2,7,1,8,7,0,0,7,0,8.8,8.8,2.9,11.6,55,97,140,0.24,0.03,0.27,0.24,0.27,0.30,0.10,0.40,0.30,0.40,Matches,2023-2024
154,Cheick Doucouré,ml MLI,MF,Crystal Palace,23,2000,11,11,919,10.2,0,0,0,0,0,0,2,0,0.3,0.3,0.7,1.0,9,49,5,0.00,0.00,0.00,0.00,0.00,0.03,0.07,0.10,0.03,0.10,Matches,2023-2024
155,Alfie Doughty,eng ENG,DF,Luton Town,23,1999,37,34,2925,32.5,2,8,10,2,0,0,5,0,1.3,1.3,6.3,7.6,94,106,164,0.06,0.25,0.31,0.06,0.31,0.04,0.19,0.23,0.04,0.23,Matches,2023-2024
156,Tommy Doyle,eng ENG,MF,Wolves,21,2001,26,11,1222,13.6,0,0,0,0,0,0,2,0,0.4,0.4,0.4,0.9,21,81,17,0.00,0.00,0.00,0.00,0.00,0.03,0.03,0.06,0.03,0.06,Matches,2023-2024
157,Radu Drăgușin,ro ROU,DF,Tottenham,21,2002,9,4,429,4.8,0,0,0,0,0,0,1,0,0.1,0.1,0.0,0.1,5,8,1,0.00,0.00,0.00,0.00,0.00,0.03,0.00,0.03,0.03,0.03,Matches,2023-2024
158,Martin Dúbravka,sk SVK,GK,Newcastle Utd,34,1989,23,22,1985,22.1,0,0,0,0,0,0,1,0,0.0,0.0,0.1,0.1,0,0,0,0.00,0.00,0.00,0.00,0.00,0.00,0.00,0.00,0.00,0.00,Matches,2023-2024
159,Paul Dummett,wls WAL,DF,Newcastle Utd,31,1991,5,0,20,0.2,0,0,0,0,0,0,0,0,0.0,0.0,0.0,0.0,1,1,0,0.00,0.00,0.00,0.00,0.00,0.11,0.00,0.11,0.11,0.11,Matches,2023-2024
160,Lewis Dunk,eng ENG,DF,Brighton,31,1991,33,33,2869,31.9,3,1,4,3,0,0,7,1,3.1,3.1,0.9,4.0,33,152,13,0.09,0.03,0.13,0.09,0.13,0.10,0.03,0.12,0.10,0.12,Matches,2023-2024
161,Jáder Durán,co COL,"FW,MF",Aston Villa,19,2003,23,3,475,5.3,5,0,5,5,0,0,5,0,2.0,2.0,0.3,2.3,9,9,25,0.95,0.00,0.95,0.95,0.95,0.38,0.06,0.44,0.38,0.44,Matches,2023-2024
162,George Earthy,eng ENG,FW,West Ham,18,2004,3,0,34,0.4,1,0,1,1,0,0,0,0,0.3,0.3,0.0,0.3,0,1,3,2.65,0.00,2.65,2.65,2.65,0.82,0.00,0.82,0.82,0.82,Matches,2023-2024
163,Ederson,br BRA,GK,Manchester City,29,1993,33,33,2785,30.9,0,0,0,0,0,0,5,0,0.0,0.0,0.1,0.1,0,4,0,0.00,0.00,0.00,0.00,0.00,0.00,0.00,0.00,0.00,0.00,Matches,2023-2024
164,Odsonne Édouard,fr FRA,"FW,MF",Crystal Palace,25,1998,30,17,1555,17.3,7,0,7,7,0,0,4,0,6.2,6.2,1.2,7.4,33,36,100,0.41,0.00,0.41,0.41,0.41,0.36,0.07,0.43,0.36,0.43,Matches,2023-2024
165,John Egan,ie IRL,DF,Sheffield Utd,30,1992,6,6,482,5.4,0,0,0,0,0,0,2,0,0.2,0.2,0.0,0.2,0,5,1,0.00,0.00,0.00,0.00,0.00,0.03,0.00,0.03,0.03,0.03,Matches,2023-2024
166,Hjalmar Ekdal,se SWE,DF,Burnley,24,1998,8,5,437,4.9,0,0,0,0,0,0,2,0,0.1,0.1,0.1,0.1,5,11,1,0.00,0.00,0.00,0.00,0.00,0.01,0.01,0.03,0.01,0.03,Matches,2023-2024
167,Anthony Elanga,se SWE,"FW,MF",Nott'ham Forest,21,2002,36,25,2433,27.0,5,9,14,5,0,0,1,0,6.6,6.6,6.7,13.3,98,49,196,0.18,0.33,0.52,0.18,0.52,0.24,0.25,0.49,0.24,0.49,Matches,2023-2024
168,Harvey Elliott,eng ENG,"MF,FW",Liverpool,20,2003,34,11,1352,15.0,3,6,9,3,0,0,2,0,2.7,2.7,3.5,6.2,44,128,122,0.20,0.40,0.60,0.20,0.60,0.18,0.23,0.42,0.18,0.42,Matches,2023-2024
169,Mohamed Elneny,eg EGY,MF,Arsenal,31,1992,3,0,28,0.3,0,0,0,0,0,0,0,0,0.1,0.1,0.0,0.1,1,1,0,0.00,0.00,0.00,0.00,0.00,0.26,0.00,0.26,0.26,0.26,Matches,2023-2024
170,Emerson,br BRA,DF,Tottenham,24,1999,22,11,1161,12.9,1,0,1,1,0,0,4,0,0.2,0.2,0.4,0.6,21,57,35,0.08,0.00,0.08,0.08,0.08,0.02,0.03,0.05,0.02,0.05,Matches,2023-2024
171,Julio Enciso,py PAR,"MF,FW",Brighton,19,2004,12,5,475,5.3,0,2,2,0,0,0,2,0,1.4,1.4,1.7,3.2,28,21,29,0.00,0.38,0.38,0.00,0.38,0.27,0.32,0.59,0.27,0.59,Matches,2023-2024
172,Wataru Endo,jp JPN,MF,Liverpool,30,1993,29,20,1722,19.1,1,0,1,1,0,0,10,0,0.5,0.5,1.7,2.3,10,101,21,0.05,0.00,0.05,0.05,0.05,0.03,0.09,0.12,0.03,0.12,Matches,2023-2024
173,Christian Eriksen,dk DEN,MF,Manchester Utd,31,1992,22,12,1141,12.7,1,2,3,1,0,0,1,0,1.0,1.0,2.3,3.3,20,68,23,0.08,0.16,0.24,0.08,0.24,0.08,0.18,0.26,0.08,0.26,Matches,2023-2024
174,Maxime Estève,fr FRA,DF,Burnley,21,2002,16,15,1309,14.5,0,0,0,0,0,0,6,0,0.3,0.3,0.0,0.3,15,40,3,0.00,0.00,0.00,0.00,0.00,0.02,0.00,0.02,0.02,0.02,Matches,2023-2024
175,Pervis Estupiñán,ec ECU,DF,Brighton,25,1998,19,15,1243,13.8,2,3,5,2,0,0,4,0,1.0,1.0,3.5,4.4,47,83,88,0.14,0.22,0.36,0.14,0.36,0.07,0.25,0.32,0.07,0.32,Matches,2023-2024
176,Jonny Evans,nir NIR,DF,Manchester Utd,35,1988,23,15,1392,15.5,0,1,1,0,0,0,2,0,0.1,0.1,1.2,1.2,7,37,1,0.00,0.06,0.06,0.00,0.06,0.00,0.08,0.08,0.00,0.08,Matches,2023-2024
177,Eberechi Eze,eng ENG,"MF,FW",Crystal Palace,25,1998,27,24,2055,22.8,11,4,15,10,1,1,3,0,9.1,8.3,5.2,13.5,68,93,139,0.48,0.18,0.66,0.44,0.61,0.40,0.23,0.62,0.36,0.59,Matches,2023-2024
178,Łukasz Fabiański,pl POL,GK,West Ham,38,1985,10,7,721,8.0,0,0,0,0,0,0,0,0,0.0,0.0,0.0,0.0,0,1,0,0.00,0.00,0.00,0.00,0.00,0.00,0.00,0.00,0.00,0.00,Matches,2023-2024
179,Romain Faivre,fr FRA,"MF,FW",Bournemouth,25,1998,5,0,41,0.5,0,0,0,0,0,0,1,0,0.2,0.2,0.0,0.2,4,5,4,0.00,0.00,0.00,0.00,0.00,0.34,0.00,0.34,0.34,0.34,Matches,2023-2024
180,Ansu Fati,es ESP,"MF,FW",Brighton,20,2002,19,3,521,5.8,2,0,2,2,0,0,2,0,3.4,3.4,0.8,4.2,16,28,50,0.35,0.00,0.35,0.35,0.35,0.59,0.14,0.73,0.59,0.73,Matches,2023-2024
181,Felipe,br BRA,DF,Nott'ham Forest,34,1989,7,4,375,4.2,0,0,0,0,0,0,4,0,0.1,0.1,0.1,0.2,1,6,0,0.00,0.00,0.00,0.00,0.00,0.03,0.01,0.04,0.03,0.04,Matches,2023-2024
182,Evan Ferguson,ie IRL,FW,Brighton,18,2004,27,15,1367,15.2,6,0,6,6,0,0,1,0,4.6,4.6,0.5,5.1,13,15,62,0.40,0.00,0.40,0.40,0.40,0.30,0.04,0.34,0.30,0.34,Matches,2023-2024
183,Bruno Fernandes,pt POR,"MF,FW",Manchester Utd,28,1994,35,35,3118,34.6,10,8,18,6,4,5,9,0,10.0,6.1,11.8,17.8,86,297,182,0.29,0.23,0.52,0.17,0.40,0.29,0.34,0.63,0.18,0.51,Matches,2023-2024
184,Enzo Fernández,ar ARG,MF,Chelsea,22,2001,28,26,2209,24.5,3,2,5,2,1,2,7,0,6.2,4.6,3.4,8.0,52,210,54,0.12,0.08,0.20,0.08,0.16,0.25,0.14,0.39,0.19,0.33,Matches,2023-2024
185,John Fleck,sct SCO,"MF,DF",Sheffield Utd,31,1991,4,1,92,1.0,0,0,0,0,0,0,1,0,0.0,0.0,0.4,0.4,2,3,0,0.00,0.00,0.00,0.00,0.00,0.00,0.44,0.44,0.00,0.44,Matches,2023-2024
186,Mark Flekken,nl NED,GK,Brentford,30,1993,37,37,3285,36.5,0,1,1,0,0,0,3,0,0.0,0.0,0.5,0.5,0,5,0,0.00,0.03,0.03,0.00,0.03,0.00,0.01,0.01,0.00,0.01,Matches,2023-2024
187,Phil Foden,eng ENG,"FW,MF",Manchester City,23,2000,35,33,2857,31.7,19,8,27,19,0,0,2,0,10.3,10.3,8.4,18.7,93,168,269,0.60,0.25,0.85,0.60,0.85,0.33,0.26,0.59,0.33,0.59,Matches,2023-2024
188,Wes Foderingham,eng ENG,GK,Sheffield Utd,32,1991,30,29,2649,29.4,0,0,0,0,0,0,2,0,0.0,0.0,0.1,0.1,0,0,0,0.00,0.00,0.00,0.00,0.00,0.00,0.00,0.00,0.00,0.00,Matches,2023-2024
189,Pablo Fornals,es ESP,"MF,FW",West Ham,27,1996,15,4,426,4.7,0,0,0,0,0,0,0,0,0.3,0.3,0.3,0.6,4,29,27,0.00,0.00,0.00,0.00,0.00,0.07,0.07,0.13,0.07,0.13,Matches,2023-2024
190,Omari Forson,eng ENG,FW,Manchester Utd,19,2004,4,1,70,0.8,0,1,1,0,0,0,0,0,0.0,0.0,0.2,0.2,1,2,2,0.00,1.29,1.29,0.00,1.29,0.04,0.23,0.27,0.04,0.27,Matches,2023-2024
191,Lyle Foster,za RSA,"FW,MF",Burnley,22,2000,24,22,1899,21.1,5,3,8,5,0,0,0,1,4.5,4.5,1.9,6.4,55,37,104,0.24,0.14,0.38,0.24,0.38,0.21,0.09,0.30,0.21,0.30,Matches,2023-2024
192,Matheus França,br BRA,"MF,FW",Crystal Palace,19,2004,10,1,232,2.6,0,1,1,0,0,0,1,0,0.4,0.4,0.9,1.2,12,8,12,0.00,0.39,0.39,0.00,0.39,0.14,0.34,0.48,0.14,0.48,Matches,2023-2024
193,Nathan Fraser,ie IRL,FW,Wolves,18,2005,7,1,186,2.1,0,0,0,0,0,0,1,0,0.3,0.3,0.1,0.4,1,2,21,0.00,0.00,0.00,0.00,0.00,0.16,0.04,0.19,0.16,0.19,Matches,2023-2024
194,Cody Gakpo,nl NED,"FW,MF",Liverpool,24,1999,35,17,1649,18.3,8,5,13,8,0,0,1,0,9.0,9.0,2.9,11.8,43,83,130,0.44,0.27,0.71,0.44,0.71,0.49,0.16,0.64,0.49,0.64,Matches,2023-2024
195,Conor Gallagher,eng ENG,MF,Chelsea,23,2000,37,37,3128,34.8,5,7,12,5,0,0,9,1,4.2,4.2,5.0,9.2,62,172,122,0.14,0.20,0.35,0.14,0.35,0.12,0.15,0.27,0.12,0.27,Matches,2023-2024
196,Idrissa Gana Gueye,sn SEN,MF,Everton,33,1989,25,24,1884,20.9,4,0,4,4,0,0,8,0,1.3,1.3,1.1,2.4,29,83,41,0.19,0.00,0.19,0.19,0.19,0.06,0.05,0.12,0.06,0.12,Matches,2023-2024
197,Alejandro Garnacho,ar ARG,FW,Manchester Utd,19,2004,36,30,2565,28.5,7,4,11,7,0,0,4,0,8.4,8.3,5.1,13.4,178,62,281,0.25,0.14,0.39,0.25,0.39,0.29,0.18,0.47,0.29,0.47,Matches,2023-2024
198,James Garner,eng ENG,MF,Everton,22,2001,37,34,3004,33.4,1,2,3,1,0,0,7,0,2.7,2.7,4.6,7.3,36,100,76,0.03,0.06,0.09,0.03,0.09,0.08,0.14,0.22,0.08,0.22,Matches,2023-2024
199,Saman Ghoddos,ir IRN,DF,Brentford,29,1993,19,7,739,8.2,1,0,1,1,0,0,5,0,0.3,0.3,1.1,1.4,22,36,31,0.12,0.00,0.12,0.12,0.12,0.04,0.13,0.17,0.04,0.17,Matches,2023-2024
200,Morgan Gibbs-White,eng ENG,"MF,FW",Nott'ham Forest,23,2000,37,35,3156,35.1,5,10,15,4,1,1,9,0,6.9,6.1,8.4,14.5,79,171,181,0.14,0.29,0.43,0.11,0.40,0.20,0.24,0.44,0.17,0.41,Matches,2023-2024
201,Bryan Gil,es ESP,"FW,MF",Tottenham,22,2001,11,2,209,2.3,0,0,0,0,0,0,0,0,0.8,0.8,0.2,1.0,11,16,49,0.00,0.00,0.00,0.00,0.00,0.32,0.09,0.41,0.32,0.41,Matches,2023-2024
202,Alfie Gilchrist,eng ENG,DF,Chelsea,19,2003,11,2,207,2.3,1,0,1,1,0,0,1,0,0.3,0.3,0.0,0.3,1,7,4,0.43,0.00,0.43,0.43,0.43,0.14,0.00,0.14,0.14,0.14,Matches,2023-2024
203,Ryan Giles,eng ENG,"DF,MF",Luton Town,23,2000,11,5,503,5.6,0,0,0,0,0,0,0,0,0.1,0.1,0.2,0.3,9,17,30,0.00,0.00,0.00,0.00,0.00,0.02,0.04,0.06,0.02,0.06,Matches,2023-2024
204,Billy Gilmour,sct SCO,MF,Brighton,22,2001,30,24,2120,23.6,0,1,1,0,0,0,8,1,1.0,1.0,2.0,3.0,39,193,33,0.00,0.04,0.04,0.00,0.04,0.04,0.09,0.13,0.04,0.13,Matches,2023-2024
205,Ben Godfrey,eng ENG,DF,Everton,25,1998,15,13,1120,12.4,0,0,0,0,0,0,2,0,1.7,1.7,0.3,2.0,11,43,26,0.00,0.00,0.00,0.00,0.00,0.14,0.02,0.16,0.14,0.16,Matches,2023-2024
206,André Gomes,pt POR,"MF,FW",Everton,30,1993,12,3,508,5.6,1,0,1,1,0,0,4,0,0.3,0.3,0.4,0.7,8,36,29,0.18,0.00,0.18,0.18,0.18,0.05,0.07,0.13,0.05,0.13,Matches,2023-2024
207,João Gomes,br BRA,MF,Wolves,22,2001,34,32,2649,29.4,2,1,3,2,0,0,11,0,1.7,1.7,1.1,2.8,28,101,44,0.07,0.03,0.10,0.07,0.10,0.06,0.04,0.10,0.06,0.10,Matches,2023-2024
208,Toti Gomes,pt POR,DF,Wolves,24,1999,35,31,2772,30.8,1,3,4,1,0,0,7,0,1.6,1.6,1.2,2.8,22,79,11,0.03,0.10,0.13,0.03,0.13,0.05,0.04,0.09,0.05,0.09,Matches,2023-2024
209,Joe Gomez,eng ENG,DF,Liverpool,26,1997,32,17,1786,19.8,0,1,1,0,0,0,5,0,0.8,0.8,1.3,2.1,44,100,105,0.00,0.05,0.05,0.00,0.05,0.04,0.07,0.10,0.04,0.10,Matches,2023-2024
210,Sergio Gómez,es ESP,"FW,MF",Manchester City,22,2000,6,0,53,0.6,0,1,1,0,0,0,0,0,0.2,0.2,0.2,0.4,4,2,4,0.00,1.70,1.70,0.00,1.70,0.41,0.31,0.73,0.41,0.73,Matches,2023-2024
211,Enso Gonzalez,py PAR,"MF,DF",Wolves,18,2005,1,0,1,0.0,0,0,0,0,0,0,0,0,0.0,0.0,0.0,0.0,0,0,2,0.00,0.00,0.00,0.00,0.00,0.00,0.00,0.00,0.00,0.00,Matches,2023-2024
212,Anthony Gordon,eng ENG,FW,Newcastle Utd,22,2001,35,34,2890,32.1,11,10,21,10,1,1,12,1,10.2,9.4,8.0,17.4,138,101,232,0.34,0.31,0.65,0.31,0.62,0.32,0.25,0.57,0.29,0.54,Matches,2023-2024
213,Kaide Gordon,eng ENG,FW,Liverpool,18,2004,1,0,1,0.0,0,0,0,0,0,0,0,0,0.0,0.0,0.0,0.0,0,1,0,0.00,0.00,0.00,0.00,0.00,0.00,0.00,0.00,0.00,0.00,Matches,2023-2024
214,Daniel Gore,eng ENG,MF,Manchester Utd,18,2004,1,0,1,0.0,0,0,0,0,0,0,0,0,0.0,0.0,0.0,0.0,0,0,0,0.00,0.00,0.00,0.00,0.00,0.00,0.00,0.00,0.00,0.00,Matches,2023-2024
215,Ryan Gravenberch,nl NED,MF,Liverpool,21,2002,26,12,1121,12.5,1,0,1,1,0,0,0,0,2.0,2.0,0.9,2.9,39,78,71,0.08,0.00,0.08,0.08,0.08,0.16,0.07,0.23,0.16,0.23,Matches,2023-2024
216,Ivo Grbić,hr CRO,GK,Sheffield Utd,27,1996,9,9,771,8.6,0,0,0,0,0,0,1,0,0.0,0.0,0.0,0.0,0,0,0,0.00,0.00,0.00,0.00,0.00,0.00,0.00,0.00,0.00,0.00,Matches,2023-2024
217,Jack Grealish,eng ENG,"FW,MF",Manchester City,27,1995,20,10,1009,11.2,3,1,4,3,0,0,6,0,2.1,2.1,2.5,4.6,87,50,146,0.27,0.09,0.36,0.27,0.36,0.19,0.22,0.41,0.19,0.41,Matches,2023-2024
218,Pascal Groß,de GER,"MF,DF",Brighton,32,1991,36,34,3114,34.6,4,10,14,3,1,1,6,0,6.5,5.7,8.1,13.8,83,302,180,0.12,0.29,0.40,0.09,0.38,0.19,0.24,0.42,0.16,0.40,Matches,2023-2024
219,Marc Guéhi,eng ENG,DF,Crystal Palace,23,2000,25,23,2021,22.5,0,1,1,0,0,0,2,0,0.6,0.6,0.6,1.2,15,67,7,0.00,0.04,0.04,0.00,0.04,0.03,0.03,0.05,0.03,0.05,Matches,2023-2024
220,Bruno Guimarães,br BRA,MF,Newcastle Utd,25,1997,37,37,3263,36.3,7,8,15,7,0,0,9,0,4.8,4.8,6.4,11.2,65,283,73,0.19,0.22,0.41,0.19,0.41,0.13,0.18,0.31,0.13,0.31,Matches,2023-2024
221,Malo Gusto,fr FRA,DF,Chelsea,20,2003,27,19,1751,19.5,0,6,6,0,0,0,7,1,0.9,0.9,4.3,5.2,78,86,135,0.00,0.31,0.31,0.00,0.31,0.05,0.22,0.27,0.05,0.27,Matches,2023-2024
222,Joško Gvardiol,hr CRO,DF,Manchester City,21,2002,28,26,2328,25.9,4,1,5,4,0,0,3,0,3.1,3.1,1.4,4.5,63,136,115,0.15,0.04,0.19,0.15,0.19,0.12,0.06,0.18,0.12,0.18,Matches,2023-2024
223,Erling Haaland,no NOR,FW,Manchester City,23,2000,31,29,2552,28.4,27,5,32,20,7,8,1,0,29.2,22.9,4.3,27.2,35,26,126,0.95,0.18,1.13,0.71,0.88,1.03,0.15,1.18,0.81,0.96,Matches,2023-2024
224,Antwoine Hackford,eng ENG,FW,Sheffield Utd,19,2004,2,0,13,0.1,0,0,0,0,0,0,0,0,0.0,0.0,0.0,0.0,0,0,0,0.00,0.00,0.00,0.00,0.00,0.00,0.00,0.00,0.00,0.00,Matches,2023-2024
225,Lewis Hall,eng ENG,DF,Newcastle Utd,18,2004,18,8,781,8.7,1,0,1,1,0,0,2,0,0.3,0.3,0.3,0.6,19,46,27,0.12,0.00,0.12,0.12,0.12,0.04,0.03,0.07,0.04,0.07,Matches,2023-2024
226,Gustavo Hamer,nl NED,MF,Sheffield Utd,26,1997,36,34,2910,32.3,4,6,10,4,0,0,9,0,3.0,3.0,6.1,9.1,36,135,86,0.12,0.19,0.31,0.12,0.31,0.09,0.19,0.28,0.09,0.28,Matches,2023-2024
227,Luke Harris,wls WAL,MF,Fulham,18,2005,1,0,75,0.8,0,0,0,0,0,0,0,0,0.3,0.3,0.0,0.3,0,1,0,0.00,0.00,0.00,0.00,0.00,0.33,0.00,0.33,0.33,0.33,Matches,2023-2024
228,Jack Harrison,eng ENG,"MF,FW",Everton,26,1996,29,25,2214,24.6,3,3,6,3,0,0,1,0,3.6,3.6,3.4,7.0,65,62,135,0.12,0.12,0.24,0.12,0.24,0.14,0.14,0.28,0.14,0.28,Matches,2023-2024
229,Daiki Hashioka,jp JPN,DF,Luton Town,24,1999,10,6,595,6.6,0,0,0,0,0,0,0,0,0.1,0.1,0.7,0.8,3,21,16,0.00,0.00,0.00,0.00,0.00,0.02,0.10,0.12,0.02,0.12,Matches,2023-2024
230,Kai Havertz,de GER,"MF,FW",Arsenal,24,1999,37,30,2634,29.3,13,7,20,12,1,1,11,0,12.3,11.6,4.4,15.9,55,99,191,0.44,0.24,0.68,0.41,0.65,0.42,0.15,0.57,0.39,0.54,Matches,2023-2024
231,Jan Paul van Hecke,nl NED,DF,Brighton,23,2000,28,26,2369,26.3,0,0,0,0,0,0,4,0,1.2,1.2,0.9,2.1,25,147,7,0.00,0.00,0.00,0.00,0.00,0.05,0.03,0.08,0.05,0.08,Matches,2023-2024
232,Hwang Hee-chan,kr KOR,"FW,MF",Wolves,27,1996,29,25,2119,23.5,12,3,15,11,1,1,6,0,7.7,6.9,3.0,9.9,37,37,120,0.51,0.13,0.64,0.47,0.59,0.33,0.13,0.45,0.29,0.42,Matches,2023-2024
233,Dean Henderson,eng ENG,GK,Crystal Palace,26,1997,18,18,1620,18.0,0,0,0,0,0,0,2,0,0.0,0.0,0.0,0.0,0,0,0,0.00,0.00,0.00,0.00,0.00,0.00,0.00,0.00,0.00,0.00,Matches,2023-2024
234,Rico Henry,eng ENG,DF,Brentford,26,1997,5,5,401,4.5,0,1,1,0,0,0,1,0,0.1,0.1,1.0,1.1,13,20,12,0.00,0.22,0.22,0.00,0.22,0.02,0.22,0.24,0.02,0.24,Matches,2023-2024
235,Son Heung-min,kr KOR,FW,Tottenham,31,1992,35,34,2934,32.6,17,10,27,15,2,2,1,0,12.0,10.4,11.8,22.2,119,139,325,0.52,0.31,0.83,0.46,0.77,0.37,0.36,0.73,0.32,0.68,Matches,2023-2024
236,Aaron Hickey,sct SCO,DF,Brentford,21,2002,9,9,713,7.9,0,0,0,0,0,0,5,0,0.2,0.2,0.1,0.3,9,21,13,0.00,0.00,0.00,0.00,0.00,0.03,0.01,0.04,0.03,0.04,Matches,2023-2024
237,James Hill,eng ENG,DF,Bournemouth,21,2002,5,1,76,0.8,0,0,0,0,0,0,0,0,0.0,0.0,0.0,0.0,0,5,1,0.00,0.00,0.00,0.00,0.00,0.00,0.00,0.00,0.00,0.00,Matches,2023-2024
238,Jack Hinshelwood,eng ENG,DF,Brighton,18,2005,12,8,869,9.7,3,0,3,3,0,0,1,0,1.9,1.9,0.7,2.5,16,19,38,0.31,0.00,0.31,0.31,0.31,0.19,0.07,0.26,0.19,0.26,Matches,2023-2024
239,Mason Holgate,eng ENG,DF,Sheffield Utd,26,1996,10,9,710,7.9,0,0,0,0,0,0,3,1,0.6,0.6,0.4,1.1,0,13,0,0.00,0.00,0.00,0.00,0.00,0.08,0.05,0.13,0.08,0.13,Matches,2023-2024
240,Callum Hudson-Odoi,eng ENG,"FW,MF",Nott'ham Forest,22,2000,29,20,1854,20.6,8,1,9,8,0,0,0,0,2.7,2.7,2.8,5.5,111,58,173,0.39,0.05,0.44,0.39,0.44,0.13,0.14,0.27,0.13,0.27,Matches,2023-2024
241,Will Hughes,eng ENG,MF,Crystal Palace,28,1995,30,23,1891,21.0,0,1,1,0,0,0,6,0,0.3,0.3,1.1,1.5,14,76,17,0.00,0.05,0.05,0.00,0.05,0.02,0.05,0.07,0.02,0.07,Matches,2023-2024
242,Pierre Højbjerg,dk DEN,MF,Tottenham,27,1995,36,8,1311,14.6,0,0,0,0,0,0,4,0,0.7,0.7,1.2,1.9,17,134,29,0.00,0.00,0.00,0.00,0.00,0.05,0.08,0.13,0.05,0.13,Matches,2023-2024
243,Rasmus Højlund,dk DEN,FW,Manchester Utd,20,2003,30,25,2158,24.0,10,2,12,10,0,0,2,0,7.6,7.6,1.6,9.2,35,33,111,0.42,0.08,0.50,0.42,0.50,0.32,0.07,0.38,0.32,0.38,Matches,2023-2024
244,Igor,br BRA,DF,Brighton,25,1998,24,17,1637,18.2,0,0,0,0,0,0,4,0,0.3,0.3,0.7,1.0,30,107,12,0.00,0.00,0.00,0.00,0.00,0.02,0.04,0.05,0.02,0.05,Matches,2023-2024
245,Danny Ings,eng ENG,FW,West Ham,31,1992,20,3,404,4.5,1,0,1,1,0,0,1,0,1.3,1.3,0.3,1.5,7,8,29,0.22,0.00,0.22,0.22,0.22,0.28,0.06,0.34,0.28,0.34,Matches,2023-2024
246,Tim Iroegbunam,eng ENG,MF,Aston Villa,20,2003,9,1,164,1.8,0,0,0,0,0,0,0,0,0.0,0.0,0.0,0.0,3,1,0,0.00,0.00,0.00,0.00,0.00,0.00,0.00,0.00,0.00,0.00,Matches,2023-2024
247,Alexander Isak,se SWE,FW,Newcastle Utd,23,1999,30,27,2255,25.1,21,2,23,16,5,6,1,0,20.3,15.6,3.7,19.3,68,71,129,0.84,0.08,0.92,0.64,0.72,0.81,0.15,0.96,0.62,0.77,Matches,2023-2024
248,Alex Iwobi,ng NGA,MF,Everton,27,1996,2,2,140,1.6,0,0,0,0,0,0,0,0,0.3,0.3,0.2,0.5,6,4,8,0.00,0.00,0.00,0.00,0.00,0.21,0.14,0.35,0.21,0.35,Matches,2023-2024
249,Alex Iwobi,ng NGA,"FW,MF",Fulham,27,1996,30,25,2192,24.4,5,2,7,5,0,0,2,0,5.3,5.3,4.7,10.0,109,147,175,0.21,0.08,0.29,0.21,0.29,0.22,0.19,0.41,0.22,0.41,Matches,2023-2024
250,Nicolas Jackson,sn SEN,FW,Chelsea,22,2001,35,31,2799,31.1,14,5,19,14,0,0,10,0,18.6,18.6,4.3,22.9,70,67,200,0.45,0.16,0.61,0.45,0.61,0.60,0.14,0.74,0.60,0.74,Matches,2023-2024
251,Reece James,eng ENG,DF,Chelsea,23,1999,10,5,419,4.7,0,2,2,0,0,0,2,2,0.3,0.3,1.7,2.1,19,21,35,0.00,0.43,0.43,0.00,0.43,0.07,0.37,0.44,0.07,0.44,Matches,2023-2024
252,Vitaly Janelt,de GER,"MF,DF",Brentford,25,1998,38,37,3054,33.9,1,3,4,1,0,0,8,0,1.8,1.8,4.8,6.5,25,123,81,0.03,0.09,0.12,0.03,0.12,0.05,0.14,0.19,0.05,0.19,Matches,2023-2024
253,Daniel Jebbison,eng ENG,FW,Sheffield Utd,19,2003,1,0,21,0.2,0,0,0,0,0,0,0,0,0.0,0.0,0.0,0.0,0,0,1,0.00,0.00,0.00,0.00,0.00,0.00,0.00,0.00,0.00,0.00,Matches,2023-2024
254,Mathias Jensen,dk DEN,MF,Brentford,27,1996,32,27,2204,24.5,3,3,6,3,0,0,5,0,0.7,0.7,4.0,4.7,19,123,66,0.12,0.12,0.25,0.12,0.25,0.03,0.16,0.19,0.03,0.19,Matches,2023-2024
255,Gabriel Jesus,br BRA,FW,Arsenal,26,1997,27,17,1478,16.4,4,5,9,4,0,0,6,0,6.3,6.3,3.8,10.1,38,42,155,0.24,0.30,0.55,0.24,0.55,0.39,0.23,0.62,0.39,0.62,Matches,2023-2024
256,Raúl Jiménez,mx MEX,FW,Fulham,32,1991,24,18,1395,15.5,7,0,7,7,0,0,3,1,5.2,5.2,1.5,6.6,11,24,87,0.45,0.00,0.45,0.45,0.45,0.33,0.10,0.43,0.33,0.43,Matches,2023-2024
257,João Pedro,br BRA,"FW,MF",Brighton,21,2001,31,19,2045,22.7,9,3,12,5,4,5,2,0,11.9,7.9,3.8,11.7,83,92,205,0.40,0.13,0.53,0.22,0.35,0.53,0.17,0.69,0.35,0.51,Matches,2023-2024
258,Joelinton,br BRA,"MF,FW",Newcastle Utd,26,1996,20,15,1279,14.2,2,1,3,2,0,0,6,0,3.1,3.1,2.8,5.9,29,56,60,0.14,0.07,0.21,0.14,0.21,0.22,0.20,0.41,0.22,0.41,Matches,2023-2024
259,Ben Johnson,eng ENG,"DF,FW",West Ham,23,2000,14,4,544,6.0,0,0,0,0,0,0,1,0,0.2,0.2,0.0,0.2,17,22,33,0.00,0.00,0.00,0.00,0.00,0.03,0.00,0.03,0.03,0.03,Matches,2023-2024
260,Brennan Johnson,wls WAL,FW,Tottenham,22,2001,32,23,2085,23.2,5,10,15,5,0,0,3,0,10.3,10.3,8.1,18.3,97,72,293,0.22,0.43,0.65,0.22,0.65,0.44,0.35,0.79,0.44,0.79,Matches,2023-2024
261,Brennan Johnson,wls WAL,"FW,MF",Nott'ham Forest,22,2001,3,3,237,2.6,0,0,0,0,0,0,0,0,0.3,0.3,0.2,0.5,8,1,14,0.00,0.00,0.00,0.00,0.00,0.12,0.08,0.21,0.12,0.21,Matches,2023-2024
262,Joseph Johnson,eng ENG,DF,Luton Town,17,2006,2,0,77,0.9,0,0,0,0,0,0,1,0,0.0,0.0,0.0,0.0,0,2,1,0.00,0.00,0.00,0.00,0.00,0.00,0.00,0.00,0.00,0.00,Matches,2023-2024
263,Sam Johnstone,eng ENG,GK,Crystal Palace,30,1993,20,20,1796,20.0,0,0,0,0,0,0,1,0,0.0,0.0,0.0,0.0,0,0,0,0.00,0.00,0.00,0.00,0.00,0.00,0.00,0.00,0.00,0.00,Matches,2023-2024
264,Curtis Jones,eng ENG,MF,Liverpool,22,2001,23,14,1167,13.0,1,1,2,1,0,0,3,1,2.6,2.6,0.7,3.3,31,74,88,0.08,0.08,0.15,0.08,0.15,0.20,0.05,0.25,0.20,0.25,Matches,2023-2024
265,Jorginho,it ITA,MF,Arsenal,31,1991,24,10,921,10.2,0,2,2,0,0,0,1,0,0.1,0.1,1.4,1.5,8,101,8,0.00,0.20,0.20,0.00,0.20,0.01,0.13,0.14,0.01,0.14,Matches,2023-2024
266,Diogo Jota,pt POR,FW,Liverpool,26,1996,21,14,1145,12.7,10,3,13,10,0,0,3,1,5.3,5.3,3.3,8.6,54,34,111,0.79,0.24,1.02,0.79,1.02,0.42,0.26,0.68,0.42,0.68,Matches,2023-2024
267,Mads Juel Andersen,dk DEN,DF,Luton Town,25,1997,8,4,400,4.4,1,0,1,1,0,0,1,0,0.3,0.3,0.0,0.3,0,7,1,0.23,0.00,0.23,0.23,0.23,0.06,0.00,0.06,0.06,0.06,Matches,2023-2024
268,Hamed Junior Traorè,ci CIV,MF,Bournemouth,23,2000,3,0,47,0.5,0,0,0,0,0,0,0,0,0.2,0.2,0.0,0.2,2,3,4,0.00,0.00,0.00,0.00,0.00,0.34,0.07,0.41,0.34,0.41,Matches,2023-2024
269,Mathias Jørgensen,dk DEN,DF,Brentford,33,1990,14,12,1087,12.1,1,0,1,1,0,0,4,0,0.7,0.7,0.9,1.7,5,50,4,0.08,0.00,0.08,0.08,0.08,0.06,0.08,0.14,0.06,0.14,Matches,2023-2024
270,Issa Kaboré,bf BFA,DF,Luton Town,22,2001,24,21,1729,19.2,0,2,2,0,0,0,7,0,0.2,0.2,2.1,2.3,60,54,85,0.00,0.10,0.10,0.00,0.10,0.01,0.11,0.12,0.01,0.12,Matches,2023-2024
271,Sasa Kalajdzic,at AUT,FW,Wolves,26,1997,11,1,166,1.8,2,0,2,2,0,0,0,0,1.1,1.1,1.0,2.0,1,5,9,1.08,0.00,1.08,1.08,1.08,0.57,0.52,1.09,0.57,1.09,Matches,2023-2024
272,Boubacar Kamara,fr FRA,MF,Aston Villa,23,1999,20,20,1652,18.4,0,1,1,0,0,0,7,1,0.1,0.1,1.3,1.4,19,83,10,0.00,0.05,0.05,0.00,0.05,0.01,0.07,0.08,0.01,0.08,Matches,2023-2024
273,Willy Kambwala,fr FRA,DF,Manchester Utd,18,2004,8,3,330,3.7,0,0,0,0,0,0,1,0,0.0,0.0,0.0,0.0,2,8,1,0.00,0.00,0.00,0.00,0.00,0.00,0.00,0.00,0.00,0.00,Matches,2023-2024
274,Thomas Kaminski,be BEL,GK,Luton Town,30,1992,38,38,3405,37.8,0,0,0,0,0,0,3,0,0.0,0.0,0.0,0.0,0,1,0,0.00,0.00,0.00,0.00,0.00,0.00,0.00,0.00,0.00,0.00,Matches,2023-2024
275,Loris Karius,de GER,GK,Newcastle Utd,30,1993,1,1,90,1.0,0,0,0,0,0,0,0,0,0.0,0.0,0.0,0.0,0,0,0,0.00,0.00,0.00,0.00,0.00,0.00,0.00,0.00,0.00,0.00,Matches,2023-2024
276,Michael Keane,eng ENG,DF,Everton,30,1993,9,4,439,4.9,1,0,1,1,0,0,2,0,0.7,0.7,0.0,0.7,4,14,3,0.21,0.00,0.21,0.21,0.21,0.14,0.00,0.14,0.14,0.14,Matches,2023-2024
277,Thilo Kehrer,de GER,"DF,MF",West Ham,26,1996,4,0,22,0.2,0,0,0,0,0,0,2,0,0.0,0.0,0.0,0.0,0,1,1,0.00,0.00,0.00,0.00,0.00,0.00,0.00,0.00,0.00,0.00,Matches,2023-2024
278,Caoimhín Kelleher,ie IRL,GK,Liverpool,24,1998,10,10,900,10.0,0,0,0,0,0,0,0,0,0.0,0.0,0.0,0.0,0,1,0,0.00,0.00,0.00,0.00,0.00,0.00,0.00,0.00,0.00,0.00,Matches,2023-2024
279,Lloyd Kelly,eng ENG,DF,Bournemouth,24,1998,23,17,1559,17.3,0,1,1,0,0,0,2,0,0.3,0.3,1.2,1.6,15,56,28,0.00,0.06,0.06,0.00,0.06,0.02,0.07,0.09,0.02,0.09,Matches,2023-2024
280,Omari Kellyman,eng ENG,FW,Aston Villa,17,2005,2,0,37,0.4,0,0,0,0,0,0,0,0,0.1,0.1,0.0,0.1,1,0,0,0.00,0.00,0.00,0.00,0.00,0.17,0.00,0.17,0.17,0.17,Matches,2023-2024
281,Milos Kerkez,hu HUN,DF,Bournemouth,19,2003,28,22,1970,21.9,0,1,1,0,0,0,4,1,1.2,1.2,0.8,2.0,46,44,93,0.00,0.05,0.05,0.00,0.05,0.06,0.04,0.09,0.06,0.09,Matches,2023-2024
282,Kaine Kesler-Hayden,eng ENG,"MF,DF",Aston Villa,20,2002,3,0,6,0.1,0,0,0,0,0,0,0,0,0.0,0.0,0.0,0.0,0,0,0,0.00,0.00,0.00,0.00,0.00,0.00,0.00,0.00,0.00,0.00,Matches,2023-2024
283,Max Kilman,eng ENG,DF,Wolves,26,1997,38,38,3420,38.0,2,0,2,2,0,0,7,0,1.8,1.8,1.4,3.2,22,117,5,0.05,0.00,0.05,0.05,0.05,0.05,0.04,0.08,0.05,0.08,Matches,2023-2024
284,Jakub Kiwior,pl POL,DF,Arsenal,23,2000,20,11,946,10.5,1,3,4,1,0,0,1,0,0.8,0.8,0.9,1.7,4,55,16,0.10,0.29,0.38,0.10,0.38,0.08,0.09,0.16,0.08,0.16,Matches,2023-2024
285,Justin Kluivert,nl NED,"MF,FW",Bournemouth,24,1999,32,26,1916,21.3,7,1,8,7,0,0,5,0,6.2,6.2,1.9,8.1,65,50,114,0.33,0.05,0.38,0.33,0.38,0.29,0.09,0.38,0.29,0.38,Matches,2023-2024
286,Luca Koleosho,it ITA,"MF,FW",Burnley,18,2004,15,13,974,10.8,1,1,2,1,0,0,0,0,2.0,2.0,1.3,3.3,53,19,82,0.09,0.09,0.18,0.09,0.18,0.18,0.12,0.30,0.18,0.30,Matches,2023-2024
287,Ibrahima Konaté,fr FRA,DF,Liverpool,24,1999,22,17,1574,17.5,0,0,0,0,0,0,5,1,0.7,0.7,0.4,1.1,24,118,3,0.00,0.00,0.00,0.00,0.00,0.04,0.02,0.06,0.04,0.06,Matches,2023-2024
288,Ezri Konsa,eng ENG,DF,Aston Villa,25,1997,35,35,3069,34.1,1,0,1,1,0,0,5,0,2.5,2.5,0.5,3.0,37,136,33,0.03,0.00,0.03,0.03,0.03,0.07,0.02,0.09,0.07,0.09,Matches,2023-2024
289,Cheikhou Kouyaté,sn SEN,MF,Nott'ham Forest,33,1989,12,2,212,2.4,0,0,0,0,0,0,2,0,0.3,0.3,0.0,0.3,0,5,5,0.00,0.00,0.00,0.00,0.00,0.12,0.02,0.14,0.12,0.14,Matches,2023-2024
290,Mateo Kovačić,hr CRO,MF,Manchester City,29,1994,30,16,1551,17.2,1,0,1,1,0,0,4,0,1.3,1.3,1.6,2.9,37,100,38,0.06,0.00,0.06,0.06,0.06,0.07,0.09,0.17,0.07,0.17,Matches,2023-2024
291,Emil Krafth,se SWE,DF,Newcastle Utd,28,1994,17,8,913,10.1,0,0,0,0,0,0,2,0,0.2,0.2,1.0,1.2,12,29,33,0.00,0.00,0.00,0.00,0.00,0.02,0.10,0.12,0.02,0.12,Matches,2023-2024
292,Mohammed Kudus,gh GHA,"FW,MF",West Ham,22,2000,33,27,2484,27.6,8,6,14,8,0,0,6,0,5.1,5.1,3.5,8.6,117,80,216,0.29,0.22,0.51,0.29,0.51,0.19,0.13,0.31,0.19,0.31,Matches,2023-2024
293,Dejan Kulusevski,se SWE,"FW,MF",Tottenham,23,2000,36,31,2762,30.7,8,3,11,8,0,0,7,0,4.7,4.7,7.7,12.4,151,144,388,0.26,0.10,0.36,0.26,0.36,0.15,0.25,0.40,0.15,0.40,Matches,2023-2024
294,Adam Lallana,eng ENG,"MF,FW",Brighton,35,1988,25,13,850,9.4,0,1,1,0,0,0,2,0,0.8,0.8,1.7,2.5,9,39,55,0.00,0.11,0.11,0.00,0.11,0.09,0.18,0.27,0.09,0.27,Matches,2023-2024
295,Tariq Lamptey,gh GHA,"DF,FW",Brighton,22,2000,19,10,914,10.2,0,3,3,0,0,0,3,0,0.4,0.4,1.2,1.7,39,17,64,0.00,0.30,0.30,0.00,0.30,0.04,0.12,0.16,0.04,0.16,Matches,2023-2024
296,Aymeric Laporte,es ESP,DF,Manchester City,29,1994,1,0,12,0.1,0,0,0,0,0,0,0,0,0.0,0.0,0.0,0.0,0,0,0,0.00,0.00,0.00,0.00,0.00,0.27,0.00,0.27,0.27,0.27,Matches,2023-2024
297,Yasser Larouci,dz ALG,DF,Sheffield Utd,22,2001,11,6,531,5.9,0,0,0,0,0,0,1,0,0.2,0.2,0.3,0.5,18,14,12,0.00,0.00,0.00,0.00,0.00,0.04,0.05,0.09,0.04,0.09,Matches,2023-2024
298,Jamaal Lascelles,eng ENG,DF,Newcastle Utd,29,1993,16,13,1080,12.0,1,0,1,1,0,0,4,0,0.7,0.7,0.1,0.8,8,31,3,0.08,0.00,0.08,0.08,0.08,0.06,0.01,0.07,0.06,0.07,Matches,2023-2024
299,Roméo Lavia,be BEL,MF,Chelsea,19,2004,1,0,33,0.4,0,0,0,0,0,0,0,0,0.0,0.0,0.0,0.0,0,1,0,0.00,0.00,0.00,0.00,0.00,0.00,0.00,0.00,0.00,0.00,Matches,2023-2024
300,Mario Lemina,ga GAB,MF,Wolves,29,1993,35,34,2968,33.0,4,1,5,4,0,0,12,1,4.6,4.6,1.5,6.2,32,76,49,0.12,0.03,0.15,0.12,0.15,0.14,0.05,0.19,0.14,0.19,Matches,2023-2024
301,Clément Lenglet,fr FRA,DF,Aston Villa,28,1995,14,14,1153,12.8,0,1,1,0,0,0,3,0,0.9,0.9,0.8,1.6,26,51,1,0.00,0.08,0.08,0.00,0.08,0.07,0.06,0.13,0.07,0.13,Matches,2023-2024
302,Bernd Leno,de GER,GK,Fulham,31,1992,38,38,3420,38.0,0,0,0,0,0,0,3,0,0.0,0.0,0.0,0.0,0,0,0,0.00,0.00,0.00,0.00,0.00,0.00,0.00,0.00,0.00,0.00,Matches,2023-2024
303,Jefferson Lerma,co COL,"MF,DF",Crystal Palace,28,1994,28,27,2400,26.7,1,1,2,1,0,0,8,0,2.7,2.7,2.2,4.8,14,106,51,0.04,0.04,0.07,0.04,0.07,0.10,0.08,0.18,0.10,0.18,Matches,2023-2024
304,Rico Lewis,eng ENG,"DF,MF",Manchester City,18,2004,16,8,809,9.0,2,0,2,2,0,0,1,0,0.6,0.6,1.1,1.8,21,33,46,0.22,0.00,0.22,0.22,0.22,0.07,0.12,0.19,0.07,0.19,Matches,2023-2024
305,Keane Lewis-Potter,eng ENG,"FW,DF",Brentford,22,2001,30,15,1441,16.0,3,1,4,3,0,0,0,0,6.3,6.3,1.7,8.0,56,32,135,0.19,0.06,0.25,0.19,0.25,0.39,0.11,0.50,0.39,0.50,Matches,2023-2024
306,Victor Lindelöf,se SWE,DF,Manchester Utd,29,1994,19,14,1328,14.8,1,1,2,1,0,0,2,0,0.8,0.8,0.3,1.1,17,40,17,0.07,0.07,0.14,0.07,0.14,0.05,0.02,0.07,0.05,0.07,Matches,2023-2024
307,Valentino Livramento,eng ENG,DF,Newcastle Utd,20,2002,26,12,1314,14.6,1,0,1,1,0,0,1,0,0.4,0.4,0.8,1.2,44,61,76,0.07,0.00,0.07,0.07,0.07,0.03,0.05,0.08,0.03,0.08,Matches,2023-2024
308,Giovani Lo Celso,ar ARG,MF,Tottenham,27,1996,22,4,506,5.6,2,2,4,2,0,0,2,0,0.6,0.6,1.9,2.5,25,68,29,0.36,0.36,0.71,0.36,0.71,0.10,0.34,0.45,0.10,0.45,Matches,2023-2024
309,Tom Lockyer,wls WAL,DF,Luton Town,28,1994,14,14,1169,13.0,1,1,2,1,0,0,4,0,1.1,1.1,0.6,1.7,6,37,2,0.08,0.08,0.15,0.08,0.15,0.08,0.05,0.13,0.08,0.13,Matches,2023-2024
310,Sean Longstaff,eng ENG,MF,Newcastle Utd,25,1997,35,30,2747,30.5,6,2,8,6,0,0,7,0,6.6,6.6,2.3,8.8,24,145,116,0.20,0.07,0.26,0.20,0.26,0.22,0.07,0.29,0.22,0.29,Matches,2023-2024
311,Max Lowe,eng ENG,"DF,MF",Sheffield Utd,26,1997,10,4,503,5.6,0,0,0,0,0,0,1,0,0.6,0.6,0.7,1.3,5,12,11,0.00,0.00,0.00,0.00,0.00,0.10,0.13,0.23,0.10,0.23,Matches,2023-2024
312,Douglas Luiz,br BRA,MF,Aston Villa,25,1998,35,35,2993,33.3,9,5,14,5,4,4,12,0,6.9,3.8,5.4,9.2,60,168,50,0.27,0.15,0.42,0.15,0.30,0.21,0.16,0.37,0.11,0.28,Matches,2023-2024
313,Saša Lukić,rs SRB,MF,Fulham,26,1996,24,13,1122,12.5,1,0,1,1,0,0,3,0,1.6,1.6,0.8,2.4,12,43,27,0.08,0.00,0.08,0.08,0.08,0.13,0.06,0.19,0.13,0.19,Matches,2023-2024
314,Ian Maatsen,nl NED,"FW,MF",Chelsea,21,2002,12,1,209,2.3,0,0,0,0,0,0,1,0,0.8,0.8,0.1,0.9,9,8,15,0.00,0.00,0.00,0.00,0.00,0.35,0.04,0.39,0.35,0.39,Matches,2023-2024
315,Alexis Mac Allister,ar ARG,MF,Liverpool,24,1998,33,31,2599,28.9,5,5,10,4,1,1,7,1,3.7,2.9,3.6,6.4,44,209,48,0.17,0.17,0.35,0.14,0.31,0.13,0.12,0.25,0.10,0.22,Matches,2023-2024
316,James Maddison,eng ENG,MF,Tottenham,26,1996,28,26,2135,23.7,4,9,13,4,0,0,5,0,6.4,6.4,5.9,12.4,58,224,156,0.17,0.38,0.55,0.17,0.55,0.27,0.25,0.52,0.27,0.52,Matches,2023-2024
317,Noni Madueke,eng ENG,FW,Chelsea,21,2002,23,13,1053,11.7,5,2,7,4,1,1,2,0,2.5,1.7,2.6,4.3,76,52,136,0.43,0.17,0.60,0.34,0.51,0.21,0.23,0.44,0.14,0.37,Matches,2023-2024
318,Gabriel Magalhães,br BRA,DF,Arsenal,25,1997,36,34,3044,33.8,4,0,4,4,0,0,4,0,4.3,4.3,0.7,5.0,13,117,8,0.12,0.00,0.12,0.12,0.12,0.13,0.02,0.15,0.13,0.15,Matches,2023-2024
319,Harry Maguire,eng ENG,DF,Manchester Utd,30,1993,22,18,1653,18.4,2,2,4,2,0,0,4,0,2.0,2.0,1.2,3.3,20,73,2,0.11,0.11,0.22,0.11,0.22,0.11,0.07,0.18,0.11,0.18,Matches,2023-2024
320,Kobbie Mainoo,eng ENG,MF,Manchester Utd,18,2005,24,24,1924,21.4,3,1,4,3,0,0,3,0,0.9,0.9,0.7,1.6,25,64,36,0.14,0.05,0.19,0.14,0.19,0.04,0.03,0.07,0.04,0.07,Matches,2023-2024
321,Orel Mangala,be BEL,MF,Nott'ham Forest,25,1998,20,19,1563,17.4,1,0,1,1,0,0,6,0,0.8,0.8,0.2,1.1,13,45,14,0.06,0.00,0.06,0.06,0.06,0.05,0.01,0.06,0.05,0.06,Matches,2023-2024
322,Benson Manuel,ao ANG,"MF,FW",Burnley,26,1997,8,1,116,1.3,0,0,0,0,0,0,0,0,0.1,0.1,0.0,0.1,5,2,14,0.00,0.00,0.00,0.00,0.00,0.05,0.03,0.08,0.05,0.08,Matches,2023-2024
323,Solly March,eng ENG,"FW,DF",Brighton,29,1994,7,7,554,6.2,3,1,4,3,0,0,1,0,2.0,2.0,1.0,2.9,14,24,44,0.49,0.16,0.65,0.49,0.65,0.32,0.16,0.47,0.32,0.47,Matches,2023-2024
324,Anthony Martial,fr FRA,FW,Manchester Utd,27,1995,13,5,448,5.0,1,0,1,1,0,0,0,0,1.2,1.2,0.2,1.5,6,12,36,0.20,0.00,0.20,0.20,0.20,0.25,0.05,0.29,0.25,0.29,Matches,2023-2024
325,Gabriel Martinelli,br BRA,FW,Arsenal,22,2001,35,24,2019,22.4,6,4,10,6,0,0,1,0,6.8,6.8,6.1,12.9,127,65,345,0.27,0.18,0.45,0.27,0.45,0.31,0.27,0.58,0.31,0.58,Matches,2023-2024
326,Emiliano Martínez,ar ARG,GK,Aston Villa,30,1992,34,34,3015,33.5,0,0,0,0,0,0,4,0,0.0,0.0,0.0,0.0,0,2,0,0.00,0.00,0.00,0.00,0.00,0.00,0.00,0.00,0.00,0.00,Matches,2023-2024
327,Lisandro Martínez,ar ARG,DF,Manchester Utd,25,1998,11,8,646,7.2,0,1,1,0,0,0,3,0,0.0,0.0,0.1,0.1,8,28,1,0.00,0.14,0.14,0.00,0.14,0.00,0.01,0.01,0.00,0.01,Matches,2023-2024
328,Han-Noah Massengo,fr FRA,"MF,DF",Burnley,22,2001,3,0,16,0.2,0,0,0,0,0,0,0,0,0.0,0.0,0.0,0.0,2,0,0,0.00,0.00,0.00,0.00,0.00,0.00,0.00,0.00,0.00,0.00,Matches,2023-2024
329,Pape Matar Sarr,sn SEN,MF,Tottenham,20,2002,34,27,2069,23.0,3,3,6,3,0,0,9,0,3.4,3.4,2.2,5.7,43,150,90,0.13,0.13,0.26,0.13,0.26,0.15,0.10,0.25,0.15,0.25,Matches,2023-2024
330,Jean-Philippe Mateta,fr FRA,FW,Crystal Palace,26,1997,35,25,2282,25.4,16,5,21,14,2,2,3,0,10.9,9.4,3.1,12.5,29,25,135,0.63,0.20,0.83,0.55,0.75,0.43,0.12,0.56,0.37,0.49,Matches,2023-2024
331,Joël Matip,cm CMR,DF,Liverpool,31,1991,10,9,781,8.7,0,0,0,0,0,0,2,0,0.5,0.5,0.1,0.6,8,34,1,0.00,0.00,0.00,0.00,0.00,0.06,0.01,0.06,0.06,0.06,Matches,2023-2024
332,Alex Matos,eng ENG,MF,Chelsea,18,2004,1,0,1,0.0,0,0,0,0,0,0,0,0,0.0,0.0,0.0,0.0,0,0,0,0.00,0.00,0.00,0.00,0.00,0.00,0.00,0.00,0.00,0.00,Matches,2023-2024
333,Remi Matthews,eng ENG,GK,Crystal Palace,29,1994,1,0,4,0.0,0,0,0,0,0,0,0,0,0.0,0.0,0.0,0.0,0,0,0,0.00,0.00,0.00,0.00,0.00,0.00,0.00,0.00,0.00,0.00,Matches,2023-2024
334,Neal Maupay,fr FRA,FW,Brentford,26,1996,29,13,1321,14.7,6,3,9,6,0,0,8,0,5.7,5.7,2.3,8.1,21,37,91,0.41,0.20,0.61,0.41,0.61,0.39,0.16,0.55,0.39,0.55,Matches,2023-2024
335,Neal Maupay,fr FRA,FW,Everton,26,1996,2,1,111,1.2,0,0,0,0,0,0,0,0,1.4,1.4,0.1,1.5,1,0,6,0.00,0.00,0.00,0.00,0.00,1.16,0.05,1.22,1.16,1.22,Matches,2023-2024
336,Konstantinos Mavropanos,gr GRE,DF,West Ham,25,1997,19,16,1500,16.7,1,0,1,1,0,0,2,0,1.2,1.2,0.2,1.4,10,38,2,0.06,0.00,0.06,0.06,0.06,0.07,0.01,0.08,0.07,0.08,Matches,2023-2024
337,Bryan Mbeumo,cm CMR,FW,Brentford,23,1999,25,22,1960,21.8,9,6,15,6,3,3,2,0,9.8,7.4,4.6,12.1,74,88,195,0.41,0.28,0.69,0.28,0.55,0.45,0.21,0.66,0.34,0.55,Matches,2023-2024
338,James Mcatee,eng ENG,"MF,FW",Sheffield Utd,20,2002,30,20,1822,20.2,3,3,6,2,1,1,2,0,3.1,2.3,2.9,5.2,56,51,110,0.15,0.15,0.30,0.10,0.25,0.15,0.15,0.30,0.11,0.26,Matches,2023-2024
339,James Mcatee,eng ENG,MF,Manchester City,20,2002,1,0,1,0.0,0,0,0,0,0,0,0,0,0.0,0.0,0.0,0.0,0,0,0,0.00,0.00,0.00,0.00,0.00,0.00,0.00,0.00,0.00,0.00,Matches,2023-2024
340,Oliver McBurnie,sct SCO,FW,Sheffield Utd,27,1996,21,15,1280,14.2,6,3,9,4,2,2,7,2,6.9,5.3,2.0,7.3,6,30,60,0.42,0.21,0.63,0.28,0.49,0.48,0.14,0.62,0.37,0.51,Matches,2023-2024
341,James McConnell,eng ENG,MF,Liverpool,18,2004,3,0,4,0.0,0,0,0,0,0,0,0,0,0.0,0.0,0.0,0.0,0,1,0,0.00,0.00,0.00,0.00,0.00,0.00,0.00,0.00,0.00,0.00,Matches,2023-2024
342,John McGinn,sct SCO,"MF,FW",Aston Villa,28,1994,35,35,2999,33.3,6,4,10,6,0,0,9,1,5.0,5.0,4.6,9.6,59,189,84,0.18,0.12,0.30,0.18,0.30,0.15,0.14,0.29,0.15,0.29,Matches,2023-2024
343,Scott McKenna,sct SCO,DF,Nott'ham Forest,26,1996,5,5,416,4.6,0,0,0,0,0,0,0,0,0.2,0.2,0.2,0.4,1,10,0,0.00,0.00,0.00,0.00,0.00,0.05,0.04,0.08,0.05,0.08,Matches,2023-2024
344,Dwight McNeil,eng ENG,"MF,FW",Everton,23,1999,35,33,2892,32.1,3,6,9,3,0,0,2,0,3.4,3.4,8.8,12.2,80,114,147,0.09,0.19,0.28,0.09,0.28,0.11,0.27,0.38,0.11,0.38,Matches,2023-2024
345,Scott McTominay,sct SCO,"MF,FW",Manchester Utd,26,1996,32,18,1901,21.1,7,1,8,7,0,0,2,0,5.7,5.7,0.8,6.6,29,64,47,0.33,0.05,0.38,0.33,0.38,0.27,0.04,0.31,0.27,0.31,Matches,2023-2024
346,Ben Mee,eng ENG,DF,Brentford,33,1989,16,15,1272,14.1,2,0,2,2,0,0,1,1,1.5,1.5,0.3,1.8,11,49,9,0.14,0.00,0.14,0.14,0.14,0.10,0.02,0.13,0.10,0.13,Matches,2023-2024
347,Hannibal Mejbri,tn TUN,"MF,FW",Manchester Utd,20,2003,5,1,133,1.5,1,0,1,1,0,0,1,0,0.0,0.0,0.4,0.4,2,6,10,0.68,0.00,0.68,0.68,0.68,0.02,0.25,0.27,0.02,0.27,Matches,2023-2024
348,Teden Mengi,eng ENG,DF,Luton Town,21,2002,30,28,2469,27.4,1,0,1,1,0,0,3,0,0.6,0.6,0.3,0.9,15,54,1,0.04,0.00,0.04,0.04,0.04,0.02,0.01,0.03,0.02,0.03,Matches,2023-2024
349,Chris Mepham,wls WAL,DF,Bournemouth,25,1997,10,6,617,6.9,0,1,1,0,0,0,2,0,0.1,0.1,0.4,0.5,4,25,1,0.00,0.15,0.15,0.00,0.15,0.01,0.06,0.07,0.01,0.07,Matches,2023-2024
350,Lewis Miley,eng ENG,MF,Newcastle Utd,17,2006,17,14,1202,13.4,1,3,4,1,0,0,1,0,1.2,1.2,1.7,2.9,14,53,54,0.07,0.22,0.30,0.07,0.30,0.09,0.13,0.22,0.09,0.22,Matches,2023-2024
351,James Milner,eng ENG,"DF,MF",Brighton,37,1986,15,11,773,8.6,0,2,2,0,0,0,3,0,0.3,0.3,1.8,2.0,11,69,73,0.00,0.23,0.23,0.00,0.23,0.03,0.21,0.24,0.03,0.24,Matches,2023-2024
352,Tyrone Mings,eng ENG,DF,Aston Villa,30,1993,1,1,30,0.3,0,0,0,0,0,0,0,0,0.0,0.0,0.0,0.0,0,0,0,0.00,0.00,0.00,0.00,0.00,0.02,0.07,0.09,0.02,0.09,Matches,2023-2024
353,Tyrick Mitchell,eng ENG,"DF,MF",Crystal Palace,23,1999,37,37,3204,35.6,2,3,5,2,0,0,6,0,1.6,1.6,2.8,4.4,32,94,159,0.06,0.08,0.14,0.06,0.14,0.04,0.08,0.12,0.04,0.12,Matches,2023-2024
354,Kaoru Mitoma,jp JPN,FW,Brighton,26,1997,19,15,1486,16.5,3,4,7,3,0,0,4,0,3.5,3.5,2.7,6.2,121,64,239,0.18,0.24,0.42,0.18,0.42,0.21,0.16,0.37,0.21,0.37,Matches,2023-2024
355,Aleksandar Mitrović,rs SRB,FW,Fulham,28,1994,1,0,33,0.4,0,0,0,0,0,0,0,0,0.2,0.2,0.0,0.2,0,1,0,0.00,0.00,0.00,0.00,0.00,0.44,0.00,0.44,0.44,0.44,Matches,2023-2024
356,Jakub Moder,pl POL,"MF,DF",Brighton,24,1999,17,6,618,6.9,0,0,0,0,0,0,2,0,0.6,0.6,0.8,1.3,10,23,26,0.00,0.00,0.00,0.00,0.00,0.08,0.11,0.20,0.08,0.20,Matches,2023-2024
357,Gonzalo Montiel,ar ARG,DF,Nott'ham Forest,26,1997,14,8,801,8.9,0,2,2,0,0,0,5,0,0.1,0.1,1.4,1.5,9,28,32,0.00,0.22,0.22,0.00,0.22,0.01,0.15,0.17,0.01,0.17,Matches,2023-2024
358,Kieffer Moore,wls WAL,"FW,MF",Bournemouth,30,1992,8,0,108,1.2,1,0,1,1,0,0,0,0,1.5,1.5,0.2,1.7,2,4,15,0.83,0.00,0.83,0.83,0.83,1.23,0.20,1.44,1.23,1.44,Matches,2023-2024
359,Mikey Moore,eng ENG,MF,Tottenham,15,2007,2,0,4,0.0,0,0,0,0,0,0,0,0,0.0,0.0,0.0,0.0,2,1,2,0.00,0.00,0.00,0.00,0.00,0.00,0.00,0.00,0.00,0.00,Matches,2023-2024
360,Álex Moreno,es ESP,DF,Aston Villa,30,1993,21,11,1031,11.5,2,0,2,2,0,0,2,0,1.1,1.1,1.1,2.3,32,24,83,0.17,0.00,0.17,0.17,0.17,0.10,0.10,0.20,0.10,0.20,Matches,2023-2024
361,Carlton Morris,eng ENG,"FW,MF",Luton Town,27,1995,38,32,2862,31.8,11,4,15,6,5,5,4,0,11.4,7.5,2.8,10.2,37,56,120,0.35,0.13,0.47,0.19,0.31,0.36,0.09,0.45,0.23,0.32,Matches,2023-2024
362,Mason Mount,eng ENG,"MF,FW",Manchester Utd,24,1999,14,5,516,5.7,1,0,1,1,0,0,2,0,0.4,0.4,0.3,0.7,9,21,34,0.17,0.00,0.17,0.17,0.17,0.07,0.06,0.13,0.07,0.13,Matches,2023-2024
363,Divin Mubama,eng ENG,FW,West Ham,18,2004,5,0,80,0.9,0,0,0,0,0,0,0,0,0.1,0.1,0.0,0.1,0,0,5,0.00,0.00,0.00,0.00,0.00,0.17,0.00,0.17,0.17,0.17,Matches,2023-2024
364,Mykhailo Mudryk,ua UKR,FW,Chelsea,22,2001,31,18,1576,17.5,5,2,7,5,0,0,5,0,4.4,4.4,4.1,8.5,92,45,139,0.29,0.11,0.40,0.29,0.40,0.25,0.23,0.48,0.25,0.48,Matches,2023-2024
365,Rodrigo Muniz,br BRA,FW,Fulham,22,2001,26,18,1593,17.7,9,1,10,9,0,0,1,0,8.7,8.7,2.0,10.7,8,19,76,0.51,0.06,0.56,0.51,0.56,0.49,0.12,0.61,0.49,0.61,Matches,2023-2024
366,Daniel Muñoz,co COL,"DF,MF",Crystal Palace,27,1996,16,16,1439,16.0,0,4,4,0,0,0,4,0,1.2,1.2,2.4,3.7,25,38,80,0.00,0.25,0.25,0.00,0.25,0.08,0.15,0.23,0.08,0.23,Matches,2023-2024
367,Finley Munroe,eng ENG,MF,Aston Villa,18,2005,1,0,4,0.0,0,0,0,0,0,0,0,0,0.0,0.0,0.0,0.0,0,0,0,0.00,0.00,0.00,0.00,0.00,0.00,0.00,0.00,0.00,0.00,Matches,2023-2024
368,Arijanet Muric,xk KVX,GK,Burnley,24,1998,10,10,900,10.0,0,0,0,0,0,0,0,0,0.0,0.0,0.2,0.2,0,1,0,0.00,0.00,0.00,0.00,0.00,0.00,0.02,0.02,0.00,0.02,Matches,2023-2024
369,Murillo,br BRA,DF,Nott'ham Forest,21,2002,32,32,2789,31.0,0,2,2,0,0,0,5,0,1.8,1.8,1.2,3.0,22,89,7,0.00,0.06,0.06,0.00,0.06,0.06,0.04,0.10,0.06,0.10,Matches,2023-2024
370,Alex Murphy,ie IRL,"DF,FW",Newcastle Utd,19,2004,2,0,13,0.1,0,0,0,0,0,0,0,0,0.0,0.0,0.0,0.0,0,1,0,0.00,0.00,0.00,0.00,0.00,0.00,0.00,0.00,0.00,0.00,Matches,2023-2024
371,Jacob Murphy,eng ENG,"FW,DF",Newcastle Utd,28,1995,21,14,1189,13.2,3,7,10,3,0,0,1,0,2.1,2.1,5.0,7.1,33,52,113,0.23,0.53,0.76,0.23,0.76,0.16,0.37,0.54,0.16,0.54,Matches,2023-2024
372,Vitaliy Mykolenko,ua UKR,DF,Everton,24,1999,28,28,2469,27.4,2,0,2,2,0,0,1,0,1.5,1.5,0.9,2.4,14,55,68,0.07,0.00,0.07,0.07,0.07,0.06,0.03,0.09,0.06,0.09,Matches,2023-2024
373,Marvelous Nakamba,zw ZIM,MF,Luton Town,29,1994,13,13,1130,12.6,0,0,0,0,0,0,5,0,0.2,0.2,0.4,0.6,1,36,5,0.00,0.00,0.00,0.00,0.00,0.01,0.03,0.05,0.01,0.05,Matches,2023-2024
374,Michael Ndiweni,eng ENG,FW,Newcastle Utd,19,2003,1,0,1,0.0,0,0,0,0,0,0,0,0,0.0,0.0,0.0,0.0,0,0,0,0.00,0.00,0.00,0.00,0.00,0.00,0.00,0.00,0.00,0.00,Matches,2023-2024
375,Reiss Nelson,eng ENG,FW,Arsenal,23,1999,15,1,268,3.0,0,0,0,0,0,0,1,0,0.2,0.2,0.6,0.8,9,5,26,0.00,0.00,0.00,0.00,0.00,0.07,0.20,0.27,0.07,0.27,Matches,2023-2024
376,Zack Nelson,eng ENG,"MF,DF",Luton Town,18,2004,2,0,7,0.1,0,0,0,0,0,0,0,0,0.0,0.0,0.0,0.0,0,0,0,0.00,0.00,0.00,0.00,0.00,0.00,0.00,0.00,0.00,0.00,Matches,2023-2024
377,Neto,br BRA,GK,Bournemouth,34,1989,32,32,2880,32.0,0,0,0,0,0,0,5,0,0.0,0.0,0.0,0.0,0,0,0,0.00,0.00,0.00,0.00,0.00,0.00,0.00,0.00,0.00,0.00,Matches,2023-2024
378,Pedro Neto,pt POR,"FW,MF",Wolves,23,2000,20,18,1516,16.8,2,9,11,2,0,0,4,0,3.5,3.5,4.4,7.9,98,54,149,0.12,0.53,0.65,0.12,0.65,0.21,0.26,0.47,0.21,0.47,Matches,2023-2024
379,Moussa Niakhate,sn SEN,DF,Nott'ham Forest,27,1996,21,15,1460,16.2,1,0,1,1,0,0,5,1,1.1,1.1,0.1,1.2,13,39,6,0.06,0.00,0.06,0.06,0.06,0.07,0.01,0.08,0.07,0.08,Matches,2023-2024
380,Eddie Nketiah,eng ENG,FW,Arsenal,24,1999,27,10,1082,12.0,5,2,7,5,0,0,3,0,4.5,4.5,0.8,5.4,22,20,77,0.42,0.17,0.58,0.42,0.58,0.38,0.07,0.45,0.38,0.45,Matches,2023-2024
381,Christopher Nkunku,fr FRA,"FW,MF",Chelsea,25,1997,11,2,443,4.9,3,0,3,3,0,0,0,0,2.3,2.3,0.2,2.5,10,19,35,0.61,0.00,0.61,0.61,0.61,0.47,0.05,0.52,0.47,0.52,Matches,2023-2024
382,Rhys Norrington-Davies,wls WAL,DF,Sheffield Utd,24,1999,5,2,110,1.2,0,0,0,0,0,0,1,0,0.0,0.0,0.0,0.0,3,2,6,0.00,0.00,0.00,0.00,0.00,0.00,0.01,0.01,0.00,0.01,Matches,2023-2024
383,Oliver Norwood,nir NIR,MF,Sheffield Utd,32,1991,27,16,1440,16.0,1,0,1,0,1,1,8,0,1.1,0.3,0.6,0.9,3,73,10,0.06,0.00,0.06,0.00,0.00,0.07,0.04,0.11,0.02,0.06,Matches,2023-2024
384,Matheus Nunes,pt POR,MF,Wolves,24,1998,2,2,179,2.0,0,0,0,0,0,0,2,1,0.1,0.1,0.1,0.2,7,8,9,0.00,0.00,0.00,0.00,0.00,0.04,0.05,0.09,0.04,0.09,Matches,2023-2024
385,Matheus Nunes,pt POR,MF,Manchester City,24,1998,17,7,661,7.3,0,2,2,0,0,0,0,0,0.8,0.8,1.1,2.0,28,34,58,0.00,0.27,0.27,0.00,0.27,0.11,0.15,0.27,0.11,0.27,Matches,2023-2024
386,Darwin Núñez,uy URU,FW,Liverpool,24,1999,36,22,2047,22.7,11,8,19,11,0,1,9,0,16.3,15.5,6.0,21.5,58,54,206,0.48,0.35,0.84,0.48,0.84,0.72,0.27,0.98,0.68,0.95,Matches,2023-2024
387,Ethan Nwaneri,eng ENG,FW,Arsenal,16,2007,1,0,14,0.2,0,0,0,0,0,0,0,0,0.0,0.0,0.0,0.0,2,2,1,0.00,0.00,0.00,0.00,0.00,0.00,0.15,0.15,0.00,0.15,Matches,2023-2024
388,Christian Nørgaard,dk DEN,MF,Brentford,29,1994,31,30,2505,27.8,2,1,3,2,0,0,8,0,3.5,3.5,1.9,5.4,15,161,42,0.07,0.04,0.11,0.07,0.11,0.12,0.07,0.19,0.12,0.19,Matches,2023-2024
389,Mark O'Mahony,ie IRL,FW,Brighton,18,2005,3,1,63,0.7,0,0,0,0,0,0,1,0,0.1,0.1,0.0,0.1,0,0,0,0.00,0.00,0.00,0.00,0.00,0.08,0.00,0.08,0.08,0.08,Matches,2023-2024
390,Dara O'Shea,ie IRL,DF,Burnley,24,1999,33,32,2892,32.1,3,4,7,3,0,0,5,1,0.7,0.7,2.0,2.7,32,122,10,0.09,0.12,0.22,0.09,0.22,0.02,0.06,0.08,0.02,0.08,Matches,2023-2024
391,Michael Obafemi,ie IRL,"FW,MF",Burnley,23,2000,2,0,20,0.2,0,0,0,0,0,0,0,0,0.1,0.1,0.0,0.1,0,0,3,0.00,0.00,0.00,0.00,0.00,0.40,0.00,0.40,0.40,0.40,Matches,2023-2024
392,Wilson Odobert,fr FRA,"MF,FW",Burnley,18,2004,29,25,2098,23.3,3,2,5,3,0,0,3,0,2.8,2.8,3.3,6.1,102,58,123,0.13,0.09,0.21,0.13,0.21,0.12,0.14,0.26,0.12,0.26,Matches,2023-2024
393,Odeluga Offiah,eng ENG,DF,Brighton,20,2002,4,1,128,1.4,0,0,0,0,0,0,0,0,0.0,0.0,0.0,0.0,9,4,9,0.00,0.00,0.00,0.00,0.00,0.00,0.00,0.00,0.00,0.00,Matches,2023-2024
394,Chiedozie Ogbene,ie IRL,"MF,DF",Luton Town,26,1997,30,20,1995,22.2,4,1,5,4,0,0,1,0,4.2,4.2,3.1,7.4,127,53,150,0.18,0.05,0.23,0.18,0.23,0.19,0.14,0.33,0.19,0.33,Matches,2023-2024
395,Angelo Ogbonna,it ITA,DF,West Ham,35,1988,11,7,635,7.1,0,0,0,0,0,0,1,0,0.0,0.0,0.0,0.0,2,4,0,0.00,0.00,0.00,0.00,0.00,0.01,0.00,0.01,0.01,0.01,Matches,2023-2024
396,Michael Olakigbe,eng ENG,"DF,FW",Brentford,19,2004,8,0,59,0.7,0,0,0,0,0,0,0,0,0.1,0.1,0.0,0.1,10,4,17,0.00,0.00,0.00,0.00,0.00,0.18,0.00,0.18,0.18,0.18,Matches,2023-2024
397,Michael Olise,fr FRA,"FW,MF",Crystal Palace,21,2001,19,14,1275,14.2,10,6,16,9,1,1,0,0,5.5,4.7,5.8,10.5,68,78,134,0.71,0.42,1.13,0.64,1.06,0.39,0.41,0.80,0.33,0.74,Matches,2023-2024
398,Robin Olsen,se SWE,GK,Aston Villa,33,1990,5,4,405,4.5,0,0,0,0,0,0,0,0,0.0,0.0,0.0,0.0,0,0,0,0.00,0.00,0.00,0.00,0.00,0.00,0.00,0.00,0.00,0.00,Matches,2023-2024
399,Andrew Omobamidele,ie IRL,DF,Nott'ham Forest,21,2002,11,8,783,8.7,0,0,0,0,0,0,2,0,0.1,0.1,0.1,0.2,1,8,0,0.00,0.00,0.00,0.00,0.00,0.02,0.01,0.03,0.02,0.03,Matches,2023-2024
400,Amadou Onana,be BEL,MF,Everton,21,2001,30,23,2091,23.2,2,0,2,2,0,0,5,0,2.0,2.0,2.7,4.7,21,107,39,0.09,0.00,0.09,0.09,0.09,0.09,0.11,0.20,0.09,0.20,Matches,2023-2024
401,André Onana,cm CMR,GK,Manchester Utd,27,1996,38,38,3420,38.0,0,0,0,0,0,0,5,0,0.0,0.0,0.1,0.1,1,5,0,0.00,0.00,0.00,0.00,0.00,0.00,0.00,0.00,0.00,0.00,Matches,2023-2024
402,Ryan One,sct SCO,FW,Sheffield Utd,17,2006,1,0,8,0.1,0,0,0,0,0,0,0,0,0.0,0.0,0.0,0.0,1,0,0,0.00,0.00,0.00,0.00,0.00,0.00,0.00,0.00,0.00,0.00,Matches,2023-2024
403,Tyler Onyango,eng ENG,MF,Everton,20,2003,1,0,1,0.0,0,0,0,0,0,0,0,0,0.0,0.0,0.0,0.0,0,0,0,0.00,0.00,0.00,0.00,0.00,0.00,0.00,0.00,0.00,0.00,Matches,2023-2024
404,Fred Onyedinma,eng ENG,"DF,MF",Luton Town,26,1996,8,4,407,4.5,0,0,0,0,0,0,1,0,0.2,0.2,0.1,0.3,9,6,21,0.00,0.00,0.00,0.00,0.00,0.04,0.02,0.06,0.04,0.06,Matches,2023-2024
405,Frank Onyeka,ng NGA,MF,Brentford,25,1998,26,11,1161,12.9,1,2,3,1,0,0,8,0,2.2,2.2,1.8,4.0,17,33,39,0.08,0.16,0.23,0.08,0.23,0.17,0.14,0.31,0.17,0.31,Matches,2023-2024
406,Divock Origi,be BEL,FW,Nott'ham Forest,28,1995,20,6,606,6.7,0,1,1,0,0,0,1,0,1.4,1.4,2.1,3.5,19,14,41,0.00,0.15,0.15,0.00,0.15,0.21,0.31,0.51,0.21,0.51,Matches,2023-2024
407,Stefan Ortega,de GER,GK,Manchester City,30,1992,9,5,635,7.1,0,0,0,0,0,0,0,0,0.0,0.0,0.0,0.0,0,0,0,0.00,0.00,0.00,0.00,0.00,0.00,0.00,0.00,0.00,0.00,Matches,2023-2024
408,Ben Osborn,eng ENG,"DF,MF",Sheffield Utd,28,1994,24,14,1367,15.2,0,2,2,0,0,0,3,0,0.2,0.2,0.9,1.1,16,55,44,0.00,0.13,0.13,0.00,0.13,0.01,0.06,0.07,0.01,0.07,Matches,2023-2024
409,Gabriel Osho,ng NGA,DF,Luton Town,24,1998,21,21,1846,20.5,2,0,2,2,0,0,3,0,1.1,1.1,0.1,1.2,10,37,4,0.10,0.00,0.10,0.10,0.10,0.05,0.01,0.06,0.05,0.06,Matches,2023-2024
410,William Osula,dk DEN,FW,Sheffield Utd,19,2003,21,9,786,8.7,0,0,0,0,0,0,4,0,1.6,1.6,0.1,1.7,7,2,41,0.00,0.00,0.00,0.00,0.00,0.19,0.01,0.20,0.19,0.20,Matches,2023-2024
411,Dango Ouattara,bf BFA,"FW,DF",Bournemouth,21,2002,30,12,1229,13.7,1,2,3,1,0,0,3,0,2.6,2.6,1.5,4.1,47,35,90,0.07,0.15,0.22,0.07,0.22,0.19,0.11,0.30,0.19,0.30,Matches,2023-2024
412,David Ozoh,eng ENG,"MF,DF",Crystal Palace,18,2005,9,0,156,1.7,0,0,0,0,0,0,1,0,0.0,0.0,0.0,0.0,2,4,3,0.00,0.00,0.00,0.00,0.00,0.00,0.00,0.00,0.00,0.00,Matches,2023-2024
413,João Palhinha,pt POR,MF,Fulham,28,1995,33,31,2699,30.0,4,1,5,4,0,0,13,0,3.3,3.3,0.8,4.1,8,97,14,0.13,0.03,0.17,0.13,0.17,0.11,0.03,0.14,0.11,0.14,Matches,2023-2024
414,Cole Palmer,eng ENG,"FW,MF",Chelsea,21,2002,33,29,2607,29.0,22,11,33,13,9,9,7,0,18.2,11.1,11.1,22.2,117,197,195,0.76,0.38,1.14,0.45,0.83,0.63,0.38,1.01,0.38,0.77,Matches,2023-2024
415,Cole Palmer,eng ENG,MF,Manchester City,21,2002,1,0,11,0.1,0,0,0,0,0,0,0,0,0.0,0.0,0.0,0.0,0,0,0,0.00,0.00,0.00,0.00,0.00,0.00,0.00,0.00,0.00,0.00,Matches,2023-2024
416,Emerson Palmieri,it ITA,DF,West Ham,28,1994,36,35,3137,34.9,1,2,3,1,0,0,10,0,1.5,1.5,2.4,3.9,59,125,124,0.03,0.06,0.09,0.03,0.09,0.04,0.07,0.11,0.04,0.11,Matches,2023-2024
417,Lucas Paquetá,br BRA,"FW,MF",West Ham,25,1997,31,31,2622,29.1,4,6,10,2,2,2,10,0,5.4,3.8,5.4,9.2,34,187,116,0.14,0.21,0.34,0.07,0.27,0.18,0.18,0.37,0.13,0.32,Matches,2023-2024
418,Ben Parkinson,eng ENG,FW,Newcastle Utd,18,2005,1,0,25,0.3,0,0,0,0,0,0,0,0,0.0,0.0,0.0,0.0,0,0,0,0.00,0.00,0.00,0.00,0.00,0.00,0.00,0.00,0.00,0.00,Matches,2023-2024
419,Thomas Partey,gh GHA,"MF,DF",Arsenal,30,1993,14,9,788,8.8,0,0,0,0,0,0,3,0,0.4,0.4,0.3,0.7,15,72,10,0.00,0.00,0.00,0.00,0.00,0.05,0.03,0.08,0.05,0.08,Matches,2023-2024
420,Nathan Patterson,sct SCO,DF,Everton,21,2001,20,9,1005,11.2,0,2,2,0,0,0,4,0,0.3,0.3,1.7,2.0,17,38,39,0.00,0.18,0.18,0.00,0.18,0.03,0.15,0.18,0.03,0.18,Matches,2023-2024
421,Myles Peart-Harris,eng ENG,"DF,MF",Brentford,20,2002,3,0,13,0.1,0,0,0,0,0,0,0,0,0.0,0.0,0.0,0.0,2,1,1,0.00,0.00,0.00,0.00,0.00,0.00,0.12,0.12,0.00,0.12,Matches,2023-2024
422,Sydie Peck,eng ENG,MF,Sheffield Utd,18,2004,1,0,10,0.1,0,0,0,0,0,0,0,0,0.0,0.0,0.0,0.0,0,0,0,0.00,0.00,0.00,0.00,0.00,0.00,0.00,0.00,0.00,0.00,Matches,2023-2024
423,Facundo Pellistri,uy URU,"FW,MF",Manchester Utd,21,2001,9,1,172,1.9,0,1,1,0,0,0,0,0,0.7,0.7,0.1,0.8,6,6,31,0.00,0.52,0.52,0.00,0.52,0.38,0.05,0.43,0.38,0.43,Matches,2023-2024
424,Andreas Pereira,br BRA,MF,Fulham,27,1996,37,34,2613,29.0,3,7,10,3,0,0,6,0,4.6,4.6,7.1,11.7,56,138,125,0.10,0.24,0.34,0.10,0.34,0.16,0.24,0.40,0.16,0.40,Matches,2023-2024
425,Ivan Perišić,hr CRO,FW,Tottenham,34,1989,5,0,103,1.1,0,1,1,0,0,0,2,0,0.1,0.1,0.9,1.0,15,9,17,0.00,0.87,0.87,0.00,0.87,0.10,0.75,0.85,0.10,0.85,Matches,2023-2024
426,Đorđe Petrović,rs SRB,GK,Chelsea,23,1999,23,22,1987,22.1,0,0,0,0,0,0,2,0,0.0,0.0,0.0,0.0,0,1,0,0.00,0.00,0.00,0.00,0.00,0.00,0.00,0.00,0.00,0.00,Matches,2023-2024
427,Kalvin Phillips,eng ENG,MF,West Ham,27,1995,8,3,309,3.4,0,0,0,0,0,0,3,1,0.1,0.1,0.0,0.1,3,19,4,0.00,0.00,0.00,0.00,0.00,0.02,0.00,0.02,0.02,0.02,Matches,2023-2024
428,Kalvin Phillips,eng ENG,MF,Manchester City,27,1995,4,0,93,1.0,0,0,0,0,0,0,0,0,0.1,0.1,0.0,0.1,7,7,3,0.00,0.00,0.00,0.00,0.00,0.07,0.00,0.07,0.07,0.07,Matches,2023-2024
429,Jaden Philogene Bidace,eng ENG,FW,Aston Villa,21,2002,1,0,4,0.0,0,0,0,0,0,0,0,0,0.0,0.0,0.0,0.0,2,0,1,0.00,0.00,0.00,0.00,0.00,0.00,0.00,0.00,0.00,0.00,Matches,2023-2024
430,Jordan Pickford,eng ENG,GK,Everton,29,1994,38,38,3420,38.0,0,0,0,0,0,0,5,0,0.0,0.0,0.1,0.1,1,6,0,0.00,0.00,0.00,0.00,0.00,0.00,0.00,0.00,0.00,0.00,Matches,2023-2024
431,Ethan Pinnock,jm JAM,DF,Brentford,30,1993,29,28,2521,28.0,2,0,2,2,0,0,1,0,2.0,2.0,1.0,3.0,11,61,16,0.07,0.00,0.07,0.07,0.07,0.07,0.04,0.11,0.07,0.11,Matches,2023-2024
432,Nick Pope,eng ENG,GK,Newcastle Utd,31,1992,15,15,1345,14.9,0,0,0,0,0,0,1,0,0.0,0.0,0.0,0.0,0,0,0,0.00,0.00,0.00,0.00,0.00,0.00,0.00,0.00,0.00,0.00,Matches,2023-2024
433,Pedro Porro,es ESP,DF,Tottenham,23,1999,35,35,3089,34.3,3,7,10,3,0,0,3,0,2.9,2.9,7.2,10.1,57,194,158,0.09,0.20,0.29,0.09,0.29,0.09,0.21,0.30,0.09,0.30,Matches,2023-2024
434,Jarell Quansah,eng ENG,DF,Liverpool,20,2003,17,13,1190,13.2,2,0,2,2,0,0,1,0,1.0,1.0,0.1,1.1,13,67,1,0.15,0.00,0.15,0.15,0.15,0.08,0.01,0.08,0.08,0.08,Matches,2023-2024
435,Ionuț Radu,ro ROU,GK,Bournemouth,26,1997,2,2,180,2.0,0,0,0,0,0,0,0,0,0.0,0.0,0.0,0.0,0,0,0,0.00,0.00,0.00,0.00,0.00,0.00,0.00,0.00,0.00,0.00,Matches,2023-2024
436,Jesurun Rak Sakyi,eng ENG,"MF,FW",Crystal Palace,20,2002,6,0,136,1.5,0,0,0,0,0,0,0,0,0.4,0.4,0.2,0.6,7,2,18,0.00,0.00,0.00,0.00,0.00,0.28,0.10,0.38,0.28,0.38,Matches,2023-2024
437,Aaron Ramsdale,eng ENG,GK,Arsenal,25,1998,6,6,540,6.0,0,0,0,0,0,0,0,0,0.0,0.0,0.0,0.0,0,2,0,0.00,0.00,0.00,0.00,0.00,0.00,0.00,0.00,0.00,0.00,Matches,2023-2024
438,Aaron Ramsey,eng ENG,"MF,FW",Burnley,20,2003,14,5,527,5.9,0,0,0,0,0,0,1,0,0.3,0.3,0.4,0.7,8,8,17,0.00,0.00,0.00,0.00,0.00,0.06,0.07,0.13,0.06,0.13,Matches,2023-2024
439,Jacob Ramsey,eng ENG,"FW,MF",Aston Villa,22,2001,16,8,853,9.5,1,1,2,1,0,0,2,0,2.2,2.2,1.0,3.2,33,28,69,0.11,0.11,0.21,0.11,0.21,0.23,0.11,0.34,0.23,0.34,Matches,2023-2024
440,Marcus Rashford,eng ENG,FW,Manchester Utd,25,1997,33,26,2271,25.2,7,2,9,5,2,2,2,0,7.4,5.8,2.3,8.1,95,65,185,0.28,0.08,0.36,0.20,0.28,0.29,0.09,0.38,0.23,0.32,Matches,2023-2024
441,David Raya,es ESP,GK,Arsenal,27,1995,32,32,2880,32.0,0,0,0,0,0,0,2,0,0.0,0.0,0.0,0.0,0,2,0,0.00,0.00,0.00,0.00,0.00,0.00,0.00,0.00,0.00,0.00,Matches,2023-2024
442,Tim Ream,us USA,DF,Fulham,35,1987,18,17,1503,16.7,1,0,1,1,0,0,4,1,1.0,1.0,0.0,1.0,11,65,3,0.06,0.00,0.06,0.06,0.06,0.06,0.00,0.06,0.06,0.06,Matches,2023-2024
443,Nathan Redmond,eng ENG,"FW,MF",Burnley,29,1994,12,0,142,1.6,0,0,0,0,0,0,1,0,0.0,0.0,0.3,0.3,7,8,22,0.00,0.00,0.00,0.00,0.00,0.00,0.19,0.19,0.00,0.19,Matches,2023-2024
444,Harrison Reed,eng ENG,MF,Fulham,28,1995,27,15,1325,14.7,0,2,2,0,0,0,6,0,0.3,0.3,1.1,1.4,10,56,40,0.00,0.14,0.14,0.00,0.14,0.02,0.07,0.09,0.02,0.09,Matches,2023-2024
445,Sergio Reguilón,es ESP,DF,Manchester Utd,26,1996,9,4,412,4.6,0,0,0,0,0,0,3,0,0.2,0.2,0.7,0.9,11,27,38,0.00,0.00,0.00,0.00,0.00,0.04,0.16,0.20,0.04,0.20,Matches,2023-2024
446,Sergio Reguilón,es ESP,DF,Brentford,26,1996,16,14,1118,12.4,0,4,4,0,0,0,4,1,0.8,0.8,2.8,3.6,34,38,40,0.00,0.32,0.32,0.00,0.32,0.06,0.23,0.29,0.06,0.29,Matches,2023-2024
447,Bobby Reid,jm JAM,FW,Fulham,30,1993,33,17,1423,15.8,6,2,8,6,0,0,4,0,4.6,4.6,1.8,6.4,35,47,95,0.38,0.13,0.51,0.38,0.51,0.28,0.11,0.40,0.28,0.40,Matches,2023-2024
448,Gio Reyna,us USA,"FW,MF",Nott'ham Forest,20,2002,9,2,235,2.6,0,1,1,0,0,0,0,0,0.3,0.3,0.5,0.8,3,12,14,0.00,0.38,0.38,0.00,0.38,0.11,0.18,0.29,0.11,0.29,Matches,2023-2024
449,Rodrigo Ribeiro,pt POR,"MF,FW",Nott'ham Forest,18,2005,4,0,17,0.2,0,0,0,0,0,0,0,0,0.0,0.0,0.0,0.0,2,2,1,0.00,0.00,0.00,0.00,0.00,0.00,0.00,0.00,0.00,0.00,Matches,2023-2024
450,Declan Rice,eng ENG,MF,Arsenal,24,1999,38,37,3225,35.8,7,8,15,7,0,0,5,0,3.3,3.3,5.3,8.6,75,278,64,0.20,0.22,0.42,0.20,0.42,0.09,0.15,0.24,0.09,0.24,Matches,2023-2024
451,Chris Richards,us USA,"DF,MF",Crystal Palace,23,2000,26,23,2094,23.3,1,1,2,1,0,0,3,0,0.6,0.6,0.4,1.0,1,43,1,0.04,0.04,0.09,0.04,0.09,0.03,0.02,0.04,0.03,0.04,Matches,2023-2024
452,Richarlison,br BRA,FW,Tottenham,26,1997,28,18,1491,16.6,11,4,15,11,0,0,3,0,9.6,9.6,2.1,11.7,26,38,106,0.66,0.24,0.91,0.66,0.91,0.58,0.13,0.70,0.58,0.70,Matches,2023-2024
453,Jaïro Riedewald,nl NED,"MF,FW",Crystal Palace,26,1996,9,2,235,2.6,0,0,0,0,0,0,0,0,0.0,0.0,0.0,0.0,3,10,3,0.00,0.00,0.00,0.00,0.00,0.01,0.00,0.01,0.01,0.01,Matches,2023-2024
454,Matt Ritchie,sct SCO,"FW,MF",Newcastle Utd,33,1989,13,0,128,1.4,1,0,1,1,0,0,1,0,1.0,1.0,0.0,1.0,5,8,13,0.70,0.00,0.70,0.70,0.70,0.68,0.00,0.68,0.68,0.68,Matches,2023-2024
455,Connor Roberts,wls WAL,DF,Burnley,27,1995,14,8,823,9.1,0,1,1,0,0,0,5,1,0.0,0.0,0.2,0.2,6,38,13,0.00,0.11,0.11,0.00,0.11,0.00,0.02,0.02,0.00,0.02,Matches,2023-2024
456,Andrew Robertson,sct SCO,DF,Liverpool,29,1994,23,18,1693,18.8,3,2,5,3,0,0,2,0,1.9,1.9,5.4,7.3,63,140,130,0.16,0.11,0.27,0.16,0.27,0.10,0.29,0.39,0.10,0.39,Matches,2023-2024
457,Antonee Robinson,us USA,DF,Fulham,25,1997,37,37,3265,36.3,0,6,6,0,0,0,6,0,0.7,0.7,4.2,4.8,99,129,194,0.00,0.17,0.17,0.00,0.17,0.02,0.11,0.13,0.02,0.13,Matches,2023-2024
458,Jack Robinson,eng ENG,DF,Sheffield Utd,29,1993,34,31,2885,32.1,1,1,2,1,0,0,10,0,1.2,1.2,1.2,2.4,8,63,14,0.03,0.03,0.06,0.03,0.06,0.04,0.04,0.08,0.04,0.08,Matches,2023-2024
459,Rodri,es ESP,MF,Manchester City,27,1996,34,34,2931,32.6,8,9,17,8,0,0,8,1,4.1,4.1,3.9,8.0,76,376,55,0.25,0.28,0.52,0.25,0.52,0.12,0.12,0.24,0.12,0.24,Matches,2023-2024
460,Jay Rodriguez,eng ENG,FW,Burnley,34,1989,21,7,822,9.1,2,1,3,1,1,1,0,0,3.5,2.7,0.2,2.9,2,17,28,0.22,0.11,0.33,0.11,0.22,0.38,0.02,0.40,0.30,0.32,Matches,2023-2024
461,Mads Roerslev,dk DEN,DF,Brentford,24,1999,34,22,1985,22.1,1,2,3,1,0,0,1,0,0.9,0.9,1.8,2.7,18,43,90,0.05,0.09,0.14,0.05,0.14,0.04,0.08,0.12,0.04,0.12,Matches,2023-2024
462,Morgan Rogers,eng ENG,"MF,FW",Aston Villa,21,2002,11,8,638,7.1,3,1,4,3,0,0,3,0,1.4,1.4,0.6,2.0,22,28,30,0.42,0.14,0.56,0.42,0.56,0.19,0.09,0.28,0.19,0.28,Matches,2023-2024
463,Cristian Romero,ar ARG,DF,Tottenham,25,1998,33,33,2790,31.0,5,0,5,5,0,0,7,1,3.5,3.5,0.4,3.9,32,179,8,0.16,0.00,0.16,0.16,0.16,0.11,0.01,0.13,0.11,0.13,Matches,2023-2024
464,Joe Rothwell,eng ENG,MF,Bournemouth,28,1995,11,3,386,4.3,0,0,0,0,0,0,0,0,0.1,0.1,0.2,0.3,6,20,3,0.00,0.00,0.00,0.00,0.00,0.02,0.06,0.08,0.02,0.08,Matches,2023-2024
465,Pelly Ruddock Mpanzu,cd COD,MF,Luton Town,30,1993,27,11,1101,12.2,0,0,0,0,0,0,1,0,0.6,0.6,0.4,1.1,10,34,15,0.00,0.00,0.00,0.00,0.00,0.05,0.04,0.09,0.05,0.09,Matches,2023-2024
466,José Sá,pt POR,GK,Wolves,30,1993,35,35,3037,33.7,0,1,1,0,0,0,1,0,0.0,0.0,0.0,0.0,0,1,0,0.00,0.03,0.03,0.00,0.03,0.00,0.00,0.00,0.00,0.00,Matches,2023-2024
467,Dominic Sadi,eng ENG,FW,Bournemouth,19,2003,1,0,1,0.0,0,0,0,0,0,0,0,0,0.0,0.0,0.0,0.0,0,0,0,0.00,0.00,0.00,0.00,0.00,0.00,0.00,0.00,0.00,0.00,Matches,2023-2024
468,Bukayo Saka,eng ENG,FW,Arsenal,21,2001,35,35,2919,32.4,16,9,25,10,6,6,4,0,15.5,10.8,10.5,21.2,155,126,508,0.49,0.28,0.77,0.31,0.59,0.48,0.32,0.80,0.33,0.65,Matches,2023-2024
469,Mohamed Salah,eg EGY,FW,Liverpool,31,1992,32,28,2534,28.2,18,10,28,13,5,7,2,0,21.2,15.5,11.8,27.3,98,147,341,0.64,0.36,0.99,0.46,0.82,0.75,0.42,1.17,0.55,0.97,Matches,2023-2024
470,William Saliba,fr FRA,DF,Arsenal,22,2001,38,38,3420,38.0,2,1,3,2,0,0,4,0,1.6,1.6,0.2,1.8,16,157,6,0.05,0.03,0.08,0.05,0.08,0.04,0.01,0.05,0.04,0.05,Matches,2023-2024
471,Albert Sambi Lokonga,be BEL,MF,Luton Town,23,1999,17,16,1303,14.5,1,3,4,1,0,0,4,0,0.6,0.6,1.4,2.0,29,72,13,0.07,0.21,0.28,0.07,0.28,0.04,0.10,0.14,0.04,0.14,Matches,2023-2024
472,Davinson Sánchez,co COL,DF,Tottenham,27,1996,1,0,77,0.9,0,0,0,0,0,0,1,0,0.1,0.1,0.0,0.1,0,2,0,0.00,0.00,0.00,0.00,0.00,0.14,0.00,0.14,0.14,0.14,Matches,2023-2024
473,Robert Sánchez,es ESP,GK,Chelsea,25,1997,16,16,1433,15.9,0,0,0,0,0,0,2,0,0.0,0.0,0.0,0.0,0,1,0,0.00,0.00,0.00,0.00,0.00,0.00,0.00,0.00,0.00,0.00,Matches,2023-2024
474,Jadon Sancho,eng ENG,"FW,MF",Manchester Utd,23,2000,3,0,79,0.9,0,0,0,0,0,0,0,0,0.0,0.0,0.1,0.1,10,4,5,0.00,0.00,0.00,0.00,0.00,0.00,0.06,0.06,0.00,0.06,Matches,2023-2024
475,Ibrahim Sangaré,ci CIV,MF,Nott'ham Forest,25,1997,17,13,1035,11.5,0,0,0,0,0,0,6,0,0.6,0.6,0.4,1.0,5,44,7,0.00,0.00,0.00,0.00,0.00,0.06,0.03,0.09,0.06,0.09,Matches,2023-2024
476,Andrey Santos,br BRA,MF,Nott'ham Forest,19,2004,1,0,8,0.1,0,0,0,0,0,0,0,0,0.1,0.1,0.0,0.1,0,0,0,0.00,0.00,0.00,0.00,0.00,0.64,0.00,0.64,0.64,0.64,Matches,2023-2024
477,Pablo Sarabia,es ESP,"MF,FW",Wolves,31,1992,30,20,1745,19.4,4,7,11,2,2,2,5,0,5.5,3.9,5.9,9.8,41,109,137,0.21,0.36,0.57,0.10,0.46,0.28,0.30,0.59,0.20,0.50,Matches,2023-2024
478,Dane Scarlett,eng ENG,FW,Tottenham,19,2004,4,0,22,0.2,0,0,0,0,0,0,0,0,0.0,0.0,0.0,0.0,0,1,4,0.00,0.00,0.00,0.00,0.00,0.00,0.00,0.00,0.00,0.00,Matches,2023-2024
479,Kevin Schade,de GER,"FW,MF",Brentford,21,2001,11,3,333,3.7,2,1,3,2,0,0,0,0,1.2,1.2,0.7,1.9,8,9,23,0.54,0.27,0.81,0.54,0.81,0.32,0.19,0.52,0.32,0.52,Matches,2023-2024
480,Fabian Schär,ch SUI,DF,Newcastle Utd,31,1991,36,35,3054,33.9,4,1,5,4,0,0,5,0,2.5,2.5,0.7,3.3,28,133,20,0.12,0.03,0.15,0.12,0.15,0.07,0.02,0.10,0.07,0.10,Matches,2023-2024
481,Jeffrey Schlupp,gh GHA,"FW,MF",Crystal Palace,30,1992,29,17,1352,15.0,2,2,4,2,0,0,1,0,1.8,1.8,2.3,4.1,20,33,52,0.13,0.13,0.27,0.13,0.27,0.12,0.15,0.27,0.12,0.27,Matches,2023-2024
482,Alex Scott,eng ENG,MF,Bournemouth,19,2003,23,11,1014,11.3,1,1,2,1,0,0,3,0,0.7,0.7,1.7,2.4,24,50,35,0.09,0.09,0.18,0.09,0.18,0.06,0.15,0.22,0.06,0.22,Matches,2023-2024
483,Matz Sels,be BEL,GK,Nott'ham Forest,31,1992,16,16,1440,16.0,0,0,0,0,0,0,1,0,0.0,0.0,0.1,0.1,0,0,0,0.00,0.00,0.00,0.00,0.00,0.00,0.00,0.00,0.00,0.00,Matches,2023-2024
484,Nélson Semedo,pt POR,"DF,MF",Wolves,29,1993,36,36,3084,34.3,0,1,1,0,0,0,10,1,1.3,1.3,1.7,3.0,103,138,150,0.00,0.03,0.03,0.00,0.03,0.04,0.05,0.09,0.04,0.09,Matches,2023-2024
485,Antoine Semenyo,gh GHA,FW,Bournemouth,23,2000,33,25,2105,23.4,8,2,10,8,0,0,6,0,4.6,4.6,3.2,7.8,89,64,188,0.34,0.09,0.43,0.34,0.43,0.20,0.14,0.34,0.20,0.34,Matches,2023-2024
486,Marcos Senesi,ar ARG,DF,Bournemouth,26,1997,31,26,2242,24.9,4,5,9,4,0,0,13,0,2.0,2.0,1.7,3.7,31,127,4,0.16,0.20,0.36,0.16,0.36,0.08,0.07,0.15,0.08,0.15,Matches,2023-2024
487,Luke Shaw,eng ENG,DF,Manchester Utd,28,1995,12,12,959,10.7,0,0,0,0,0,0,6,0,0.0,0.0,1.0,1.0,10,45,30,0.00,0.00,0.00,0.00,0.00,0.00,0.09,0.10,0.00,0.10,Matches,2023-2024
488,James Shea,eng ENG,GK,Luton Town,32,1991,1,0,15,0.2,0,0,0,0,0,0,0,0,0.0,0.0,0.0,0.0,0,0,0,0.00,0.00,0.00,0.00,0.00,0.00,0.00,0.00,0.00,0.00,Matches,2023-2024
489,Bernardo Silva,pt POR,"MF,FW",Manchester City,28,1994,33,29,2578,28.6,6,9,15,6,0,0,8,0,3.7,3.7,7.6,11.3,140,177,260,0.21,0.31,0.52,0.21,0.52,0.13,0.27,0.40,0.13,0.40,Matches,2023-2024
490,Fábio Silva,pt POR,FW,Wolves,21,2002,8,3,264,2.9,0,0,0,0,0,0,2,0,1.0,1.0,0.2,1.2,5,10,13,0.00,0.00,0.00,0.00,0.00,0.35,0.07,0.42,0.35,0.42,Matches,2023-2024
491,Thiago Silva,br BRA,DF,Chelsea,38,1984,31,28,2527,28.1,3,1,4,3,0,0,4,0,0.8,0.8,1.0,1.8,2,102,5,0.11,0.04,0.14,0.11,0.14,0.03,0.04,0.06,0.03,0.06,Matches,2023-2024
492,Luis Sinisterra,co COL,"FW,MF",Bournemouth,24,1999,20,7,699,7.8,2,2,4,2,0,0,0,0,2.5,2.5,2.4,5.0,51,38,85,0.26,0.26,0.52,0.26,0.52,0.33,0.31,0.64,0.33,0.64,Matches,2023-2024
493,Oliver Skipp,eng ENG,"MF,DF",Tottenham,22,2000,21,5,707,7.9,0,0,0,0,0,0,3,0,0.7,0.7,0.6,1.3,8,37,25,0.00,0.00,0.00,0.00,0.00,0.09,0.07,0.16,0.09,0.16,Matches,2023-2024
494,Adam Smith,eng ENG,DF,Bournemouth,32,1991,28,25,2150,23.9,0,2,2,0,0,0,6,0,0.1,0.1,1.3,1.4,24,89,28,0.00,0.08,0.08,0.00,0.08,0.00,0.05,0.06,0.00,0.06,Matches,2023-2024
495,Emile Smith Rowe,eng ENG,MF,Arsenal,23,2000,13,3,353,3.9,0,1,1,0,0,0,0,0,2.0,2.0,0.2,2.2,11,23,18,0.00,0.25,0.25,0.00,0.25,0.50,0.06,0.56,0.50,0.56,Matches,2023-2024
496,Cédric Soares,pt POR,DF,Arsenal,31,1991,3,0,62,0.7,0,0,0,0,0,0,0,0,0.0,0.0,0.0,0.0,0,3,6,0.00,0.00,0.00,0.00,0.00,0.00,0.00,0.00,0.00,0.00,Matches,2023-2024
497,Dominic Solanke,eng ENG,FW,Bournemouth,25,1997,38,37,3325,36.9,19,3,22,17,2,3,3,0,19.6,17.2,3.0,20.3,52,60,184,0.51,0.08,0.60,0.46,0.54,0.53,0.08,0.61,0.47,0.55,Matches,2023-2024
498,Manor Solomon,il ISR,FW,Tottenham,24,1999,5,2,199,2.2,0,2,2,0,0,0,1,0,0.4,0.4,0.8,1.2,17,11,44,0.00,0.90,0.90,0.00,0.90,0.19,0.38,0.56,0.19,0.56,Matches,2023-2024
499,Tomáš Souček,cz CZE,MF,West Ham,28,1995,37,34,2870,31.9,7,2,9,7,0,0,7,0,6.7,6.7,1.7,8.4,7,86,39,0.22,0.06,0.28,0.22,0.28,0.21,0.05,0.26,0.21,0.26,Matches,2023-2024
500,Vinicius Souza,br BRA,MF,Sheffield Utd,24,1999,36,29,2668,29.6,1,0,1,1,0,0,3,0,0.6,0.6,0.2,0.9,8,66,21,0.03,0.00,0.03,0.03,0.03,0.02,0.01,0.03,0.02,0.03,Matches,2023-2024
501,Jason Steele,eng ENG,GK,Brighton,32,1990,17,17,1530,17.0,0,0,0,0,0,0,0,0,0.0,0.0,0.0,0.0,0,0,0,0.00,0.00,0.00,0.00,0.00,0.00,0.00,0.00,0.00,0.00,Matches,2023-2024
502,Raheem Sterling,eng ENG,"FW,MF",Chelsea,28,1994,31,22,1978,22.0,8,4,12,8,0,0,7,0,6.5,6.5,4.5,11.0,120,78,242,0.36,0.18,0.55,0.36,0.55,0.29,0.20,0.50,0.29,0.50,Matches,2023-2024
503,John Stones,eng ENG,"DF,MF",Manchester City,29,1994,16,12,1064,11.8,1,0,1,1,0,0,2,0,1.0,1.0,0.2,1.3,16,57,24,0.08,0.00,0.08,0.08,0.08,0.09,0.02,0.11,0.09,0.11,Matches,2023-2024
504,Thomas Strakosha,al ALB,GK,Brentford,28,1995,2,1,135,1.5,0,0,0,0,0,0,0,0,0.0,0.0,0.0,0.0,0,0,0,0.00,0.00,0.00,0.00,0.00,0.00,0.00,0.00,0.00,0.00,Matches,2023-2024
505,Dominik Szoboszlai,hu HUN,MF,Liverpool,22,2000,33,25,2104,23.4,3,2,5,3,0,0,1,0,3.7,3.7,5.8,9.5,75,152,160,0.13,0.09,0.21,0.13,0.21,0.16,0.25,0.40,0.16,0.40,Matches,2023-2024
506,Matt Targett,eng ENG,DF,Newcastle Utd,27,1995,3,1,78,0.9,0,0,0,0,0,0,1,0,0.0,0.0,0.0,0.0,1,2,0,0.00,0.00,0.00,0.00,0.00,0.00,0.03,0.03,0.00,0.03,Matches,2023-2024
507,James Tarkowski,eng ENG,DF,Everton,30,1992,38,38,3419,38.0,1,1,2,1,0,0,11,0,2.6,2.6,2.5,5.1,15,130,20,0.03,0.03,0.05,0.03,0.05,0.07,0.06,0.13,0.07,0.13,Matches,2023-2024
508,Jimi Tauriainen,eng ENG,FW,Chelsea,19,2004,1,0,1,0.0,0,0,0,0,0,0,0,0,0.0,0.0,0.0,0.0,0,0,0,0.00,0.00,0.00,0.00,0.00,0.00,0.00,0.00,0.00,0.00,Matches,2023-2024
509,Nuno Tavares,pt POR,DF,Nott'ham Forest,23,2000,8,5,457,5.1,0,0,0,0,0,0,2,0,0.2,0.2,0.5,0.7,14,24,12,0.00,0.00,0.00,0.00,0.00,0.03,0.10,0.13,0.03,0.13,Matches,2023-2024
510,Marcus Tavernier,eng ENG,FW,Bournemouth,24,1999,30,25,2118,23.5,3,4,7,3,0,0,3,0,3.9,3.9,5.2,9.1,79,84,171,0.13,0.17,0.30,0.13,0.30,0.17,0.22,0.39,0.17,0.39,Matches,2023-2024
511,Charlie Taylor,eng ENG,DF,Burnley,29,1993,28,25,2331,25.9,1,1,2,1,0,0,8,0,0.2,0.2,1.2,1.5,36,82,81,0.04,0.04,0.08,0.04,0.08,0.01,0.05,0.06,0.01,0.06,Matches,2023-2024
512,Kenny Tete,nl NED,DF,Fulham,27,1995,14,10,867,9.6,1,0,1,1,0,0,2,0,0.9,0.9,0.4,1.2,20,54,38,0.10,0.00,0.10,0.10,0.10,0.09,0.04,0.13,0.09,0.13,Matches,2023-2024
513,Luke Thomas,eng ENG,DF,Sheffield Utd,22,2001,12,11,917,10.2,0,0,0,0,0,0,3,0,0.5,0.5,0.1,0.6,8,33,22,0.00,0.00,0.00,0.00,0.00,0.05,0.00,0.06,0.05,0.06,Matches,2023-2024
514,Youri Tielemans,be BEL,"MF,FW",Aston Villa,26,1997,32,17,1622,18.0,2,6,8,2,0,0,3,0,1.3,1.3,2.6,3.9,23,128,46,0.11,0.33,0.44,0.11,0.44,0.07,0.14,0.21,0.07,0.21,Matches,2023-2024
515,Jurriën Timber,nl NED,DF,Arsenal,22,2001,2,1,71,0.8,0,0,0,0,0,0,2,0,0.0,0.0,0.0,0.0,0,8,5,0.00,0.00,0.00,0.00,0.00,0.00,0.00,0.00,0.00,0.00,Matches,2023-2024
516,Harry Toffolo,eng ENG,DF,Nott'ham Forest,27,1995,23,15,1459,16.2,1,3,4,1,0,0,3,0,1.6,1.6,1.5,3.2,10,42,34,0.06,0.19,0.25,0.06,0.25,0.10,0.10,0.20,0.10,0.20,Matches,2023-2024
517,Takehiro Tomiyasu,jp JPN,DF,Arsenal,24,1998,22,10,1149,12.8,2,1,3,2,0,0,2,1,1.5,1.5,0.4,1.9,17,72,37,0.16,0.08,0.23,0.16,0.23,0.12,0.03,0.15,0.12,0.15,Matches,2023-2024
518,James Tomkins,eng ENG,DF,Crystal Palace,34,1989,4,0,10,0.1,0,0,0,0,0,0,0,0,0.0,0.0,0.0,0.0,0,1,0,0.00,0.00,0.00,0.00,0.00,0.00,0.00,0.00,0.00,0.00,Matches,2023-2024
519,Sandro Tonali,it ITA,MF,Newcastle Utd,23,2000,8,5,438,4.9,1,0,1,1,0,0,2,0,0.7,0.7,0.6,1.3,11,19,21,0.21,0.00,0.21,0.21,0.21,0.13,0.13,0.26,0.13,0.26,Matches,2023-2024
520,Ivan Toney,eng ENG,FW,Brentford,27,1996,17,16,1450,16.1,4,2,6,4,0,0,5,0,6.0,6.0,1.5,7.4,23,40,98,0.25,0.12,0.37,0.25,0.37,0.37,0.09,0.46,0.37,0.46,Matches,2023-2024
521,Pau Torres,es ESP,DF,Aston Villa,26,1997,29,27,2464,27.4,2,0,2,2,0,0,1,0,1.0,1.0,0.4,1.4,42,128,16,0.07,0.00,0.07,0.07,0.07,0.04,0.02,0.05,0.04,0.05,Matches,2023-2024
522,Andros Townsend,eng ENG,"MF,FW",Luton Town,32,1991,27,14,1210,13.4,1,3,4,1,0,0,1,0,1.2,1.2,1.3,2.5,47,35,71,0.07,0.22,0.30,0.07,0.30,0.09,0.10,0.19,0.09,0.19,Matches,2023-2024
523,James Trafford,eng ENG,GK,Burnley,20,2002,28,28,2520,28.0,0,0,0,0,0,0,2,0,0.0,0.0,0.0,0.0,0,6,0,0.00,0.00,0.00,0.00,0.00,0.00,0.00,0.00,0.00,0.00,Matches,2023-2024
524,Adama Traoré,es ESP,"FW,MF",Fulham,27,1996,17,1,377,4.2,2,3,5,2,0,0,2,0,1.5,1.5,0.7,2.2,29,16,48,0.48,0.72,1.19,0.48,1.19,0.36,0.17,0.53,0.36,0.53,Matches,2023-2024
525,Bénie Traoré,ci CIV,"FW,MF",Sheffield Utd,20,2002,8,3,387,4.3,0,0,0,0,0,0,0,0,0.3,0.3,0.5,0.8,7,9,14,0.00,0.00,0.00,0.00,0.00,0.06,0.13,0.19,0.06,0.19,Matches,2023-2024
526,Bertrand Traoré,bf BFA,"DF,FW",Aston Villa,27,1995,2,0,11,0.1,0,0,0,0,0,0,0,0,0.0,0.0,0.0,0.0,0,0,0,0.00,0.00,0.00,0.00,0.00,0.00,0.00,0.00,0.00,0.00,Matches,2023-2024
527,Boubacar Traoré,ml MLI,MF,Wolves,21,2001,24,7,819,9.1,0,0,0,0,0,0,4,0,0.3,0.3,0.4,0.7,9,29,15,0.00,0.00,0.00,0.00,0.00,0.03,0.04,0.07,0.03,0.07,Matches,2023-2024
528,Mark Travers,ie IRL,GK,Bournemouth,24,1999,4,4,360,4.0,0,0,0,0,0,0,0,0,0.0,0.0,0.0,0.0,0,0,0,0.00,0.00,0.00,0.00,0.00,0.00,0.00,0.00,0.00,0.00,Matches,2023-2024
529,Mike Trésor,be BEL,"FW,MF",Burnley,24,1999,16,3,420,4.7,0,0,0,0,0,0,0,0,0.5,0.5,0.4,0.9,15,10,31,0.00,0.00,0.00,0.00,0.00,0.10,0.08,0.18,0.10,0.18,Matches,2023-2024
530,Kieran Trippier,eng ENG,DF,Newcastle Utd,32,1990,28,26,2236,24.8,1,10,11,1,0,0,5,0,0.7,0.7,7.5,8.2,34,157,128,0.04,0.40,0.44,0.04,0.44,0.03,0.30,0.33,0.03,0.33,Matches,2023-2024
531,Leandro Trossard,be BEL,"FW,MF",Arsenal,28,1994,34,18,1649,18.3,12,1,13,12,0,0,2,0,7.9,7.9,2.8,10.7,66,76,155,0.65,0.05,0.71,0.65,0.71,0.43,0.15,0.58,0.43,0.58,Matches,2023-2024
532,Auston Trusty,us USA,DF,Sheffield Utd,24,1998,32,28,2572,28.6,0,0,0,0,0,0,4,0,0.4,0.4,1.1,1.5,10,40,15,0.00,0.00,0.00,0.00,0.00,0.01,0.04,0.05,0.01,0.05,Matches,2023-2024
533,Kostas Tsimikas,gr GRE,DF,Liverpool,27,1996,13,8,679,7.5,0,3,3,0,0,0,0,0,0.1,0.1,1.0,1.1,24,31,73,0.00,0.40,0.40,0.00,0.40,0.01,0.14,0.15,0.01,0.15,Matches,2023-2024
534,Matt Turner,us USA,GK,Nott'ham Forest,29,1994,17,17,1530,17.0,0,0,0,0,0,0,2,0,0.0,0.0,0.0,0.0,0,0,0,0.00,0.00,0.00,0.00,0.00,0.00,0.00,0.00,0.00,0.00,Matches,2023-2024
535,Destiny Udogie,it ITA,DF,Tottenham,20,2002,28,28,2391,26.6,2,3,5,2,0,0,7,1,2.4,2.4,2.2,4.6,83,155,138,0.08,0.11,0.19,0.08,0.19,0.09,0.08,0.17,0.09,0.17,Matches,2023-2024
536,Lesley Ugochukwu,fr FRA,MF,Chelsea,19,2004,12,3,301,3.3,0,0,0,0,0,0,2,0,0.0,0.0,0.1,0.1,8,17,3,0.00,0.00,0.00,0.00,0.00,0.00,0.03,0.03,0.00,0.03,Matches,2023-2024
537,Enes Ünal,tr TUR,"FW,MF",Bournemouth,26,1997,16,2,328,3.6,2,2,4,2,0,0,1,0,2.9,2.9,1.0,3.9,4,7,28,0.55,0.55,1.10,0.55,1.10,0.80,0.28,1.07,0.80,1.07,Matches,2023-2024
538,Virgil van Dijk,nl NED,DF,Liverpool,32,1991,36,36,3177,35.3,2,2,4,2,0,0,3,1,2.8,2.8,1.6,4.4,32,200,7,0.06,0.06,0.11,0.06,0.11,0.08,0.04,0.12,0.08,0.12,Matches,2023-2024
539,Raphaël Varane,fr FRA,DF,Manchester Utd,30,1993,22,16,1375,15.3,1,0,1,1,0,0,2,0,1.3,1.3,0.1,1.3,16,59,2,0.07,0.00,0.07,0.07,0.07,0.08,0.00,0.09,0.08,0.09,Matches,2023-2024
540,Alejo Véliz,ar ARG,FW,Tottenham,19,2003,8,0,50,0.6,1,0,1,1,0,0,1,0,0.2,0.2,0.0,0.2,0,1,3,1.80,0.00,1.80,1.80,1.80,0.45,0.00,0.45,0.45,0.45,Matches,2023-2024
541,Joël Veltman,nl NED,DF,Brighton,31,1992,27,17,1588,17.6,1,1,2,1,0,0,4,0,0.4,0.4,0.5,0.9,24,85,54,0.06,0.06,0.11,0.06,0.11,0.02,0.03,0.05,0.02,0.05,Matches,2023-2024
542,Micky van de Ven,nl NED,DF,Tottenham,22,2001,27,27,2339,26.0,3,0,3,3,0,0,5,0,0.6,0.6,0.0,0.6,19,108,9,0.12,0.00,0.12,0.12,0.12,0.02,0.00,0.02,0.02,0.02,Matches,2023-2024
543,Bart Verbruggen,nl NED,GK,Brighton,20,2002,21,21,1890,21.0,0,0,0,0,0,0,3,0,0.0,0.0,0.0,0.0,0,3,0,0.00,0.00,0.00,0.00,0.00,0.00,0.00,0.00,0.00,0.00,Matches,2023-2024
544,Guglielmo Vicario,it ITA,GK,Tottenham,26,1996,38,38,3420,38.0,0,0,0,0,0,0,2,0,0.0,0.0,0.0,0.0,0,3,0,0.00,0.00,0.00,0.00,0.00,0.00,0.00,0.00,0.00,0.00,Matches,2023-2024
545,Fabio Vieira,pt POR,"MF,FW",Arsenal,23,2000,11,2,297,3.3,1,2,3,0,1,1,0,1,1.3,0.5,1.6,2.1,12,15,30,0.30,0.61,0.91,0.00,0.61,0.38,0.49,0.87,0.14,0.64,Matches,2023-2024
546,Carlos Vinícius,br BRA,FW,Fulham,28,1995,13,2,315,3.5,2,0,2,2,0,0,2,0,1.6,1.6,0.8,2.4,3,3,13,0.57,0.00,0.57,0.57,0.57,0.46,0.23,0.69,0.46,0.69,Matches,2023-2024
547,Vitinho,br BRA,"DF,MF",Burnley,24,1999,32,26,2314,25.7,0,2,2,0,0,0,1,0,1.6,1.6,1.3,2.9,59,66,110,0.00,0.08,0.08,0.00,0.08,0.06,0.05,0.11,0.06,0.11,Matches,2023-2024
548,Odisseas Vlachodimos,gr GRE,GK,Nott'ham Forest,29,1994,5,5,450,5.0,0,0,0,0,0,0,0,0,0.0,0.0,0.0,0.0,0,1,0,0.00,0.00,0.00,0.00,0.00,0.00,0.01,0.01,0.00,0.01,Matches,2023-2024
549,Kyle Walker,eng ENG,DF,Manchester City,33,1990,32,30,2767,30.7,0,4,4,0,0,0,2,0,0.4,0.4,2.6,3.0,74,157,172,0.00,0.13,0.13,0.00,0.13,0.01,0.09,0.10,0.01,0.10,Matches,2023-2024
550,Aaron Wan-Bissaka,eng ENG,DF,Manchester Utd,25,1997,22,20,1780,19.8,0,2,2,0,0,0,4,0,0.1,0.1,1.5,1.6,30,77,54,0.00,0.10,0.10,0.00,0.10,0.01,0.08,0.08,0.01,0.08,Matches,2023-2024
551,Joel Ward,eng ENG,DF,Crystal Palace,33,1989,26,23,1980,22.0,0,1,1,0,0,0,4,0,0.9,0.9,0.2,1.1,16,66,14,0.00,0.05,0.05,0.00,0.05,0.04,0.01,0.05,0.04,0.05,Matches,2023-2024
552,James Ward-Prowse,eng ENG,MF,West Ham,28,1994,37,34,3001,33.3,7,7,14,5,2,2,4,0,6.0,4.4,7.8,12.3,18,144,63,0.21,0.21,0.42,0.15,0.36,0.18,0.23,0.41,0.13,0.37,Matches,2023-2024
553,Lewis Warrington,eng ENG,FW,Everton,20,2002,1,0,1,0.0,0,0,0,0,0,0,0,0,0.0,0.0,0.0,0.0,0,0,0,0.00,0.00,0.00,0.00,0.00,0.00,0.00,0.00,0.00,0.00,Matches,2023-2024
554,Deivid Washington,br BRA,"DF,FW",Chelsea,18,2005,2,0,13,0.1,0,0,0,0,0,0,0,0,0.5,0.5,0.0,0.5,0,0,1,0.00,0.00,0.00,0.00,0.00,3.23,0.00,3.23,3.23,3.23,Matches,2023-2024
555,Ollie Watkins,eng ENG,FW,Aston Villa,27,1995,37,37,3217,35.7,19,13,32,19,0,0,4,0,16.8,16.8,7.3,24.2,62,55,214,0.53,0.36,0.90,0.53,0.90,0.47,0.21,0.68,0.47,0.68,Matches,2023-2024
556,Adam Webster,eng ENG,DF,Brighton,28,1995,15,13,1144,12.7,0,0,0,0,0,0,2,0,0.4,0.4,0.1,0.6,16,80,2,0.00,0.00,0.00,0.00,0.00,0.03,0.01,0.05,0.03,0.05,Matches,2023-2024
557,Danny Welbeck,eng ENG,"FW,MF",Brighton,32,1990,29,21,1693,18.8,5,1,6,5,0,0,4,0,5.3,5.3,1.7,7.0,32,44,100,0.27,0.05,0.32,0.27,0.32,0.28,0.09,0.37,0.28,0.37,Matches,2023-2024
558,Timo Werner,de GER,FW,Tottenham,27,1996,13,10,809,9.0,2,3,5,2,0,0,1,0,3.7,3.7,2.7,6.4,79,41,124,0.22,0.33,0.56,0.22,0.56,0.41,0.30,0.72,0.41,0.72,Matches,2023-2024
559,Adam Wharton,eng ENG,MF,Crystal Palace,19,2004,16,15,1297,14.4,0,3,3,0,0,0,2,0,0.3,0.3,2.4,2.8,14,79,10,0.00,0.21,0.21,0.00,0.21,0.02,0.17,0.19,0.02,0.19,Matches,2023-2024
560,Ethan Wheatley,eng ENG,FW,Manchester Utd,17,2006,3,0,16,0.2,0,0,0,0,0,0,0,0,0.0,0.0,0.0,0.0,0,0,1,0.00,0.00,0.00,0.00,0.00,0.00,0.00,0.00,0.00,0.00,Matches,2023-2024
561,Ben White,eng ENG,DF,Arsenal,25,1997,37,35,2988,33.2,4,4,8,4,0,0,8,0,1.2,1.2,3.8,5.0,44,192,162,0.12,0.12,0.24,0.12,0.24,0.03,0.11,0.15,0.03,0.15,Matches,2023-2024
562,Joe White,eng ENG,MF,Newcastle Utd,20,2002,4,0,13,0.1,0,0,0,0,0,0,1,0,0.0,0.0,0.0,0.0,2,3,3,0.00,0.00,0.00,0.00,0.00,0.00,0.00,0.00,0.00,0.00,Matches,2023-2024
563,Neco Williams,wls WAL,DF,Nott'ham Forest,22,2001,26,18,1637,18.2,0,1,1,0,0,0,4,0,0.8,0.8,1.6,2.5,48,47,86,0.00,0.05,0.05,0.00,0.05,0.04,0.09,0.13,0.04,0.13,Matches,2023-2024
564,Willian,br BRA,FW,Fulham,34,1988,31,24,2053,22.8,4,2,6,2,2,2,1,0,5.1,3.6,3.9,7.5,92,153,181,0.18,0.09,0.26,0.09,0.18,0.22,0.17,0.40,0.16,0.33,Matches,2023-2024
565,Joe Willock,eng ENG,MF,Newcastle Utd,23,1999,9,5,419,4.7,1,0,1,1,0,0,0,0,0.8,0.8,0.6,1.4,16,17,26,0.21,0.00,0.21,0.21,0.21,0.17,0.12,0.30,0.17,0.30,Matches,2023-2024
566,Callum Wilson,eng ENG,FW,Newcastle Utd,31,1992,20,9,991,11.0,9,1,10,7,2,2,3,0,8.8,7.2,0.6,7.8,11,9,77,0.82,0.09,0.91,0.64,0.73,0.80,0.05,0.85,0.65,0.71,Matches,2023-2024
567,Harry Wilson,wls WAL,FW,Fulham,26,1997,35,16,1620,18.0,4,6,10,4,0,0,6,0,3.4,3.4,3.5,6.8,41,60,130,0.22,0.33,0.56,0.22,0.56,0.19,0.19,0.38,0.19,0.38,Matches,2023-2024
568,Yoane Wissa,cd COD,FW,Brentford,26,1996,34,29,2493,27.7,12,3,15,12,0,0,7,0,10.6,10.6,3.9,14.5,45,48,150,0.43,0.11,0.54,0.43,0.54,0.38,0.14,0.52,0.38,0.52,Matches,2023-2024
569,Chris Wood,nz NZL,FW,Nott'ham Forest,31,1991,31,20,1812,20.1,14,1,15,14,0,0,0,0,11.9,11.9,2.1,14.0,16,30,76,0.70,0.05,0.75,0.70,0.75,0.59,0.10,0.69,0.59,0.69,Matches,2023-2024
570,Cauley Woodrow,eng ENG,"FW,MF",Luton Town,28,1994,24,2,427,4.7,1,1,2,1,0,0,2,0,1.4,1.4,1.2,2.6,7,6,22,0.21,0.21,0.42,0.21,0.42,0.30,0.25,0.55,0.30,0.55,Matches,2023-2024
571,Joe Worrall,eng ENG,DF,Nott'ham Forest,26,1997,7,5,439,4.9,0,0,0,0,0,0,0,1,0.1,0.1,0.2,0.3,0,8,1,0.00,0.00,0.00,0.00,0.00,0.02,0.04,0.06,0.02,0.06,Matches,2023-2024
572,Yehor Yarmoliuk,ua UKR,MF,Brentford,19,2004,27,6,688,7.6,0,0,0,0,0,0,2,0,1.0,1.0,0.1,1.1,13,35,36,0.00,0.00,0.00,0.00,0.00,0.13,0.01,0.14,0.13,0.14,Matches,2023-2024
573,Ryan Yates,eng ENG,MF,Nott'ham Forest,25,1997,35,21,1992,22.1,1,1,2,1,0,0,6,0,2.6,2.6,0.8,3.5,18,73,37,0.05,0.05,0.09,0.05,0.09,0.12,0.04,0.16,0.12,0.16,Matches,2023-2024
574,Ashley Young,eng ENG,"DF,MF",Everton,38,1985,31,27,2280,25.3,0,0,0,0,0,0,7,1,0.6,0.6,1.5,2.1,40,82,61,0.00,0.00,0.00,0.00,0.00,0.02,0.06,0.08,0.02,0.08,Matches,2023-2024
575,Illia Zabarnyi,ua UKR,DF,Bournemouth,20,2002,37,37,3330,37.0,1,0,1,1,0,0,5,0,1.1,1.1,0.4,1.5,24,109,1,0.03,0.00,0.03,0.03,0.03,0.03,0.01,0.04,0.03,0.04,Matches,2023-2024
576,Nicolò Zaniolo,it ITA,"FW,MF",Aston Villa,24,1999,25,9,839,9.3,2,0,2,2,0,0,7,0,2.6,2.6,1.0,3.6,35,30,60,0.21,0.00,0.21,0.21,0.21,0.28,0.11,0.39,0.28,0.39,Matches,2023-2024
577,Anass Zaroury,ma MAR,"FW,MF",Burnley,22,2000,6,1,152,1.7,0,0,0,0,0,0,0,1,0.2,0.2,0.0,0.2,2,2,12,0.00,0.00,0.00,0.00,0.00,0.10,0.02,0.12,0.10,0.12,Matches,2023-2024
578,Oleksandr Zinchenko,ua UKR,DF,Arsenal,26,1996,27,20,1722,19.1,1,2,3,1,0,0,2,0,0.6,0.6,2.5,3.1,40,229,58,0.05,0.10,0.16,0.05,0.16,0.03,0.13,0.16,0.03,0.16,Matches,2023-2024
579,Kurt Zouma,fr FRA,DF,West Ham,28,1994,33,32,2838,31.5,3,0,3,3,0,0,3,0,1.8,1.8,0.2,2.0,7,53,1,0.10,0.00,0.10,0.10,0.10,0.06,0.01,0.06,0.06,0.06,Matches,2023-2024
580,Martin Ødegaard,no NOR,MF,Arsenal,24,1998,35,35,3091,34.3,8,10,18,6,2,2,2,0,7.4,5.8,9.6,15.5,91,344,202,0.23,0.29,0.52,0.17,0.47,0.22,0.28,0.50,0.17,0.45,Matches,2023-2024
1,Brenden Aaronson,us USA,"MF,FW",Leeds United,21,2000,36,28,2372,26.4,1,3,4,1,0,0,2,0,3.9,3.9,4.2,8.1,43,86,151,0.04,0.11,0.15,0.04,0.15,0.15,0.16,0.31,0.15,0.31,Matches,2022-2023
2,George Abbott,eng ENG,MF,Tottenham,16,2005,1,0,1,0.0,0,0,0,0,0,0,0,0,0.0,0.0,0.0,0.0,0,0,0,0.00,0.00,0.00,0.00,0.00,0.00,0.00,0.00,0.00,0.00,Matches,2022-2023
3,Che Adams,sct SCO,FW,Southampton,26,1996,28,23,1992,22.1,5,3,8,5,0,0,1,0,6.7,6.7,2.8,9.5,17,34,115,0.23,0.14,0.36,0.23,0.36,0.30,0.13,0.43,0.30,0.43,Matches,2022-2023
4,Tyler Adams,us USA,MF,Leeds United,23,1999,24,24,2156,24.0,0,0,0,0,0,0,6,1,0.1,0.1,1.4,1.5,19,136,20,0.00,0.00,0.00,0.00,0.00,0.00,0.06,0.06,0.00,0.06,Matches,2022-2023
5,Tosin Adarabioyo,eng ENG,DF,Fulham,24,1997,25,23,2085,23.2,1,0,1,1,0,0,4,0,0.7,0.7,0.4,1.1,16,95,3,0.04,0.00,0.04,0.04,0.04,0.03,0.02,0.05,0.03,0.05,Matches,2022-2023
6,Nayef Aguerd,ma MAR,DF,West Ham,26,1996,18,17,1595,17.7,2,0,2,2,0,0,4,0,2.2,2.2,0.5,2.7,2,25,4,0.11,0.00,0.11,0.11,0.11,0.13,0.03,0.15,0.13,0.15,Matches,2022-2023
7,Naouirou Ahamada,fr FRA,"MF,FW",Crystal Palace,20,2002,8,0,94,1.0,0,0,0,0,0,0,1,0,0.2,0.2,0.1,0.2,1,2,11,0.00,0.00,0.00,0.00,0.00,0.15,0.07,0.22,0.15,0.22,Matches,2022-2023
8,Rayan Aït-Nouri,dz ALG,DF,Wolves,21,2001,21,9,1076,12.0,1,0,1,1,0,0,4,0,0.7,0.7,1.0,1.7,30,43,76,0.08,0.00,0.08,0.08,0.08,0.06,0.08,0.14,0.06,0.14,Matches,2022-2023
9,Kristoffer Ajer,no NOR,DF,Brentford,24,1998,9,9,763,8.5,0,0,0,0,0,0,0,0,0.0,0.0,0.0,0.1,10,31,12,0.00,0.00,0.00,0.00,0.00,0.00,0.00,0.01,0.00,0.01,Matches,2022-2023
10,Manuel Akanji,ch SUI,DF,Manchester City,27,1995,29,24,2287,25.4,0,1,1,0,0,0,2,0,1.3,1.3,0.4,1.7,24,116,17,0.00,0.04,0.04,0.00,0.04,0.05,0.02,0.07,0.05,0.07,Matches,2022-2023
11,Nathan Aké,nl NED,DF,Manchester City,27,1995,26,22,1873,20.8,1,0,1,1,0,0,2,0,1.6,1.6,0.7,2.3,25,140,30,0.05,0.00,0.05,0.05,0.05,0.07,0.04,0.11,0.07,0.11,Matches,2022-2023
12,Marc Albrighton,eng ENG,"FW,MF",Leicester City,32,1989,6,1,237,2.6,1,0,1,1,0,0,0,0,0.3,0.3,0.9,1.3,4,7,18,0.38,0.00,0.38,0.38,0.38,0.13,0.34,0.48,0.13,0.48,Matches,2022-2023
13,Thiago Alcántara,es ESP,MF,Liverpool,31,1991,18,14,1254,13.9,0,0,0,0,0,0,2,0,0.4,0.4,1.1,1.5,13,120,24,0.00,0.00,0.00,0.00,0.00,0.03,0.08,0.11,0.03,0.11,Matches,2022-2023
14,Carlos Alcaraz,ar ARG,"MF,FW",Southampton,19,2002,18,13,1029,11.4,4,2,6,4,0,0,3,0,1.9,1.9,0.7,2.6,20,28,32,0.35,0.17,0.52,0.35,0.52,0.17,0.06,0.23,0.17,0.23,Matches,2022-2023
15,Trent Alexander-Arnold,eng ENG,DF,Liverpool,23,1998,37,34,2923,32.5,2,9,11,2,0,0,5,0,2.4,2.4,11.5,13.8,43,235,139,0.06,0.28,0.34,0.06,0.34,0.07,0.35,0.43,0.07,0.43,Matches,2022-2023
16,Alisson,br BRA,GK,Liverpool,29,1992,37,37,3330,37.0,0,1,1,0,0,0,1,0,0.0,0.0,0.3,0.3,0,3,0,0.00,0.03,0.03,0.00,0.03,0.00,0.01,0.01,0.00,0.01,Matches,2022-2023
17,Dele Alli,eng ENG,MF,Everton,26,1996,2,0,40,0.4,0,0,0,0,0,0,0,0,0.0,0.0,0.0,0.0,0,1,1,0.00,0.00,0.00,0.00,0.00,0.00,0.00,0.00,0.00,0.00,Matches,2022-2023
18,Miguel Almirón,py PAR,FW,Newcastle Utd,28,1994,34,29,2491,27.7,11,2,13,11,0,0,2,0,8.0,8.0,3.2,11.1,77,124,264,0.40,0.07,0.47,0.40,0.47,0.29,0.11,0.40,0.29,0.40,Matches,2022-2023
19,Julián Álvarez,ar ARG,"FW,MF",Manchester City,22,2000,31,13,1465,16.3,9,0,9,8,1,1,0,0,7.0,6.2,1.8,8.0,38,37,99,0.55,0.00,0.55,0.49,0.49,0.43,0.11,0.54,0.38,0.49,Matches,2022-2023
20,Daniel Amartey,gh GHA,DF,Leicester City,27,1994,20,18,1610,17.9,0,0,0,0,0,0,1,0,1.1,1.1,0.5,1.6,23,66,5,0.00,0.00,0.00,0.00,0.00,0.06,0.03,0.09,0.06,0.09,Matches,2022-2023
21,Samuel Amo-Ameyaw,eng ENG,MF,Southampton,16,2006,1,0,4,0.0,0,0,0,0,0,0,0,0,0.0,0.0,0.0,0.0,2,1,0,0.00,0.00,0.00,0.00,0.00,0.00,0.86,0.86,0.00,0.86,Matches,2022-2023
22,Joachim Andersen,dk DEN,DF,Crystal Palace,26,1996,32,32,2782,30.9,1,0,1,1,0,0,8,0,1.8,1.8,1.3,3.1,16,105,7,0.03,0.00,0.03,0.03,0.03,0.06,0.04,0.10,0.06,0.10,Matches,2022-2023
23,Elliot Anderson,eng ENG,"MF,FW",Newcastle Utd,19,2002,22,3,410,4.6,0,1,1,0,0,0,0,0,1.0,1.0,1.3,2.3,23,24,35,0.00,0.22,0.22,0.00,0.22,0.22,0.28,0.50,0.22,0.50,Matches,2022-2023
24,Jaidon Anthony,eng ENG,"MF,FW",Bournemouth,22,1999,30,11,1257,14.0,3,1,4,3,0,0,2,0,2.2,2.2,1.0,3.3,31,49,72,0.21,0.07,0.29,0.21,0.29,0.16,0.07,0.24,0.16,0.24,Matches,2022-2023
25,Michail Antonio,jm JAM,FW,West Ham,32,1990,33,21,1829,20.3,5,3,8,5,0,0,2,0,6.6,6.6,1.3,7.8,49,27,120,0.25,0.15,0.39,0.25,0.39,0.32,0.06,0.38,0.32,0.38,Matches,2022-2023
26,Antony,br BRA,FW,Manchester Utd,22,2000,25,23,1802,20.0,4,2,6,4,0,0,5,0,6.6,6.6,2.9,9.4,95,74,168,0.20,0.10,0.30,0.20,0.30,0.33,0.14,0.47,0.33,0.47,Matches,2022-2023
27,Cameron Archer,eng ENG,"FW,MF",Aston Villa,21,2001,6,0,49,0.5,0,0,0,0,0,0,0,0,0.0,0.0,0.0,0.0,3,0,3,0.00,0.00,0.00,0.00,0.00,0.00,0.00,0.00,0.00,0.00,Matches,2022-2023
28,Alphonse Areola,fr FRA,GK,West Ham,29,1993,5,2,309,3.4,0,0,0,0,0,0,0,0,0.0,0.0,0.0,0.0,0,0,0,0.00,0.00,0.00,0.00,0.00,0.00,0.00,0.00,0.00,0.00,Matches,2022-2023
29,Joe Aribo,ng NGA,"MF,FW",Southampton,26,1996,21,13,1224,13.6,2,0,2,2,0,0,2,0,1.5,1.5,0.8,2.3,19,39,64,0.15,0.00,0.15,0.15,0.15,0.11,0.06,0.17,0.11,0.17,Matches,2022-2023
30,Adam Armstrong,eng ENG,"FW,MF",Southampton,25,1997,30,14,1335,14.8,2,1,3,2,0,0,2,0,2.1,2.1,1.3,3.3,39,16,70,0.13,0.07,0.20,0.13,0.20,0.14,0.09,0.23,0.14,0.23,Matches,2022-2023
31,Stuart Armstrong,sct SCO,"MF,FW",Southampton,30,1992,32,14,1408,15.6,2,1,3,2,0,0,6,0,2.4,2.4,2.2,4.7,61,75,88,0.13,0.06,0.19,0.13,0.19,0.15,0.14,0.30,0.15,0.30,Matches,2022-2023
32,Kepa Arrizabalaga,es ESP,GK,Chelsea,27,1994,29,29,2565,28.5,0,0,0,0,0,0,1,0,0.0,0.0,0.0,0.0,0,0,0,0.00,0.00,0.00,0.00,0.00,0.00,0.00,0.00,0.00,0.00,Matches,2022-2023
33,Pierre-Emerick Aubameyang,ga GAB,FW,Chelsea,33,1989,15,5,554,6.2,1,0,1,1,0,0,1,0,1.5,1.5,0.4,1.9,9,3,29,0.16,0.00,0.16,0.16,0.16,0.24,0.07,0.30,0.24,0.30,Matches,2022-2023
34,Ludwig Augustinsson,se SWE,DF,Aston Villa,28,1994,3,1,77,0.9,0,0,0,0,0,0,1,0,0.1,0.1,0.0,0.1,0,0,3,0.00,0.00,0.00,0.00,0.00,0.10,0.00,0.10,0.10,0.10,Matches,2022-2023
35,Serge Aurier,ci CIV,DF,Nott'ham Forest,29,1992,24,22,1943,21.6,1,0,1,1,0,0,2,0,0.8,0.8,1.0,1.8,37,71,50,0.05,0.00,0.05,0.05,0.05,0.04,0.05,0.08,0.04,0.08,Matches,2022-2023
36,Taiwo Awoniyi,ng NGA,FW,Nott'ham Forest,24,1997,27,17,1404,15.6,10,1,11,10,0,0,2,0,6.6,6.6,1.1,7.7,18,12,55,0.64,0.06,0.71,0.64,0.71,0.42,0.07,0.49,0.42,0.49,Matches,2022-2023
37,Yasin Ayari,se SWE,MF,Brighton,18,2003,3,1,67,0.7,0,0,0,0,0,0,0,0,0.0,0.0,0.1,0.2,0,2,2,0.00,0.00,0.00,0.00,0.00,0.03,0.18,0.21,0.03,0.21,Matches,2022-2023
38,André Ayew,gh GHA,"FW,MF",Nott'ham Forest,32,1989,13,1,316,3.5,0,0,0,0,0,1,1,0,1.0,0.3,0.0,0.3,3,11,16,0.00,0.00,0.00,0.00,0.00,0.30,0.01,0.31,0.07,0.08,Matches,2022-2023
39,Jordan Ayew,gh GHA,"FW,MF",Crystal Palace,30,1991,38,31,2714,30.2,4,3,7,4,0,0,5,0,3.2,3.2,3.2,6.4,83,63,174,0.13,0.10,0.23,0.13,0.23,0.10,0.11,0.21,0.10,0.21,Matches,2022-2023
40,Luke Ayling,eng ENG,DF,Leeds United,30,1991,29,22,2054,22.8,2,1,3,2,0,0,3,0,3.2,3.2,2.0,5.2,28,77,100,0.09,0.04,0.13,0.09,0.13,0.14,0.09,0.23,0.14,0.23,Matches,2022-2023
41,César Azpilicueta,es ESP,DF,Chelsea,32,1989,25,16,1527,17.0,0,0,0,0,0,0,3,0,0.4,0.4,1.1,1.5,23,71,81,0.00,0.00,0.00,0.00,0.00,0.02,0.07,0.09,0.02,0.09,Matches,2022-2023
42,Benoît Badiashile,fr FRA,DF,Chelsea,21,2001,11,10,905,10.1,1,0,1,1,0,0,2,0,1.2,1.2,0.5,1.6,11,56,2,0.10,0.00,0.10,0.10,0.10,0.12,0.05,0.16,0.12,0.16,Matches,2022-2023
43,Leon Bailey,jm JAM,"FW,MF",Aston Villa,24,1997,33,26,1967,21.9,4,4,8,4,0,0,4,0,5.3,5.3,4.8,10.1,85,28,182,0.18,0.18,0.37,0.18,0.37,0.24,0.22,0.46,0.24,0.46,Matches,2022-2023
44,Stefan Bajcetic,es ESP,MF,Liverpool,17,2004,11,6,526,5.8,1,0,1,1,0,0,2,0,0.8,0.8,0.4,1.2,10,24,1,0.17,0.00,0.17,0.17,0.17,0.13,0.06,0.20,0.13,0.20,Matches,2022-2023
45,Dominic Ballard,eng ENG,"FW,MF",Southampton,17,2005,2,0,26,0.3,0,0,0,0,0,0,0,0,0.0,0.0,0.0,0.0,1,0,1,0.00,0.00,0.00,0.00,0.00,0.00,0.00,0.00,0.00,0.00,Matches,2022-2023
46,Patrick Bamford,eng ENG,FW,Leeds United,28,1993,28,18,1515,16.8,4,2,6,4,0,2,3,0,8.5,6.9,1.0,7.9,17,23,96,0.24,0.12,0.36,0.24,0.36,0.51,0.06,0.56,0.41,0.47,Matches,2022-2023
47,Shandon Baptiste,gd GRN,MF,Brentford,24,1998,23,4,618,6.9,0,1,1,0,0,0,3,1,0.4,0.4,1.1,1.4,8,39,23,0.00,0.15,0.15,0.00,0.15,0.05,0.16,0.21,0.05,0.21,Matches,2022-2023
48,Harvey Barnes,eng ENG,"FW,MF",Leicester City,24,1997,34,32,2711,30.1,13,1,14,13,0,0,3,0,8.9,8.9,3.1,12.0,100,79,257,0.43,0.03,0.46,0.43,0.46,0.30,0.10,0.40,0.30,0.40,Matches,2022-2023
49,Gavin Bazunu,ie IRL,GK,Southampton,20,2002,32,32,2880,32.0,0,0,0,0,0,0,0,0,0.0,0.0,0.1,0.1,0,1,0,0.00,0.00,0.00,0.00,0.00,0.00,0.00,0.00,0.00,0.00,Matches,2022-2023
50,Mads Bech Sørensen,dk DEN,"DF,MF",Brentford,23,1999,4,0,21,0.2,0,0,0,0,0,0,0,0,0.0,0.0,0.0,0.0,0,1,0,0.00,0.00,0.00,0.00,0.00,0.00,0.00,0.00,0.00,0.00,Matches,2022-2023
51,Jan Bednarek,pl POL,DF,Southampton,26,1996,20,20,1672,18.6,0,0,0,0,0,0,5,0,0.4,0.4,0.1,0.5,8,45,2,0.00,0.00,0.00,0.00,0.00,0.02,0.01,0.03,0.02,0.03,Matches,2022-2023
52,Jan Bednarek,pl POL,DF,Aston Villa,26,1996,3,1,100,1.1,0,0,0,0,0,0,0,0,0.0,0.0,0.0,0.0,1,5,0,0.00,0.00,0.00,0.00,0.00,0.00,0.00,0.00,0.00,0.00,Matches,2022-2023
53,Donny van de Beek,nl NED,MF,Manchester Utd,25,1997,7,2,167,1.9,0,0,0,0,0,0,0,0,0.1,0.1,0.1,0.2,2,6,20,0.00,0.00,0.00,0.00,0.00,0.05,0.06,0.11,0.05,0.11,Matches,2022-2023
54,Asmir Begović,ba BIH,GK,Everton,35,1987,1,1,90,1.0,0,0,0,0,0,0,0,0,0.0,0.0,0.0,0.0,0,0,0,0.00,0.00,0.00,0.00,0.00,0.00,0.00,0.00,0.00,0.00,Matches,2022-2023
55,Armel Bella Kotchap,de GER,DF,Southampton,20,2001,24,24,1879,20.9,0,2,2,0,0,0,4,0,1.0,1.0,1.0,2.1,9,39,2,0.00,0.10,0.10,0.00,0.10,0.05,0.05,0.10,0.05,0.10,Matches,2022-2023
56,Saïd Benrahma,dz ALG,"FW,MF",West Ham,26,1995,35,22,2069,23.0,6,3,9,2,4,4,0,0,7.0,3.9,4.5,8.4,109,82,237,0.26,0.13,0.39,0.09,0.22,0.31,0.20,0.50,0.17,0.36,Matches,2022-2023
57,Rodrigo Bentancur,uy URU,MF,Tottenham,25,1997,18,17,1500,16.7,5,2,7,5,0,0,8,0,2.2,2.2,0.8,3.1,26,76,19,0.30,0.12,0.42,0.30,0.42,0.13,0.05,0.18,0.13,0.18,Matches,2022-2023
58,Daniel Bentley,eng ENG,GK,Wolves,29,1993,2,2,180,2.0,0,0,0,0,0,0,0,0,0.0,0.0,0.0,0.0,0,0,0,0.00,0.00,0.00,0.00,0.00,0.00,0.00,0.00,0.00,0.00,Matches,2022-2023
59,Victor Bernth Kristiansen,dk DEN,DF,Leicester City,19,2002,12,11,892,9.9,0,1,1,0,0,0,2,0,0.1,0.1,0.8,0.9,17,31,24,0.00,0.10,0.10,0.00,0.10,0.01,0.08,0.09,0.01,0.09,Matches,2022-2023
60,Owen Bevan,wls WAL,DF,Bournemouth,18,2003,1,0,9,0.1,0,0,0,0,0,0,0,0,0.0,0.0,0.0,0.0,0,0,0,0.00,0.00,0.00,0.00,0.00,0.00,0.00,0.00,0.00,0.00,Matches,2022-2023
61,Giulian Biancone,fr FRA,DF,Nott'ham Forest,22,2000,2,0,17,0.2,0,0,0,0,0,0,0,0,0.0,0.0,0.0,0.0,2,0,1,0.00,0.00,0.00,0.00,0.00,0.00,0.00,0.00,0.00,0.00,Matches,2022-2023
62,Philip Billing,dk DEN,"MF,FW",Bournemouth,26,1996,36,34,2764,30.7,7,1,8,7,0,0,5,0,4.9,4.9,3.2,8.0,37,80,101,0.23,0.03,0.26,0.23,0.26,0.16,0.10,0.26,0.16,0.26,Matches,2022-2023
63,Yves Bissouma,ml MLI,MF,Tottenham,25,1996,23,10,1010,11.2,0,0,0,0,0,0,6,0,0.2,0.2,0.5,0.7,14,62,10,0.00,0.00,0.00,0.00,0.00,0.02,0.05,0.06,0.02,0.06,Matches,2022-2023
64,Willy Boly,ci CIV,DF,Nott'ham Forest,31,1991,11,9,685,7.6,0,1,1,0,0,0,2,0,0.0,0.0,0.2,0.2,1,12,0,0.00,0.13,0.13,0.00,0.13,0.01,0.03,0.03,0.01,0.03,Matches,2022-2023
65,Sven Botman,nl NED,DF,Newcastle Utd,22,2000,36,35,3127,34.7,0,0,0,0,0,0,2,0,2.5,2.5,1.0,3.5,8,87,5,0.00,0.00,0.00,0.00,0.00,0.07,0.03,0.10,0.07,0.10,Matches,2022-2023
66,Jarrod Bowen,eng ENG,"FW,MF",West Ham,25,1996,38,36,3233,35.9,6,5,11,5,1,2,2,0,8.9,7.8,7.4,15.2,101,72,213,0.17,0.14,0.31,0.14,0.28,0.25,0.20,0.45,0.22,0.42,Matches,2022-2023
67,James Bree,eng ENG,DF,Southampton,24,1997,5,4,367,4.1,0,0,0,0,0,0,1,0,0.0,0.0,0.2,0.2,4,5,12,0.00,0.00,0.00,0.00,0.00,0.01,0.05,0.06,0.01,0.06,Matches,2022-2023
68,Armando Broja,al ALB,FW,Chelsea,20,2001,12,2,294,3.3,1,0,1,1,0,0,0,0,0.8,0.8,0.1,0.9,8,4,17,0.31,0.00,0.31,0.31,0.31,0.26,0.02,0.27,0.26,0.27,Matches,2022-2023
69,David Brooks,wls WAL,"FW,MF",Bournemouth,25,1997,6,2,173,1.9,0,0,0,0,0,0,1,0,0.3,0.3,0.2,0.5,5,11,10,0.00,0.00,0.00,0.00,0.00,0.13,0.11,0.25,0.13,0.25,Matches,2022-2023
70,Lewis Brunt,eng ENG,DF,Leicester City,21,2000,1,0,23,0.3,0,0,0,0,0,0,0,0,0.0,0.0,0.0,0.0,0,0,2,0.00,0.00,0.00,0.00,0.00,0.00,0.00,0.00,0.00,0.00,Matches,2022-2023
71,Emi Buendía,ar ARG,"MF,FW",Aston Villa,25,1996,38,27,2412,26.8,5,2,7,5,0,0,0,0,6.3,6.3,5.7,12.0,60,138,137,0.19,0.07,0.26,0.19,0.26,0.24,0.21,0.45,0.24,0.45,Matches,2022-2023
72,Hugo Bueno,es ESP,DF,Wolves,19,2002,21,16,1310,14.6,0,1,1,0,0,0,1,0,0.2,0.2,1.3,1.5,52,39,64,0.00,0.07,0.07,0.00,0.07,0.01,0.09,0.10,0.01,0.10,Matches,2022-2023
73,Facundo Buonanotte,ar ARG,"FW,MF",Brighton,17,2004,13,6,565,6.3,1,1,2,1,0,0,2,0,1.4,1.4,0.5,1.9,9,13,42,0.16,0.16,0.32,0.16,0.32,0.22,0.09,0.31,0.22,0.31,Matches,2022-2023
74,Dan Burn,eng ENG,DF,Newcastle Utd,30,1992,38,35,3111,34.6,1,0,1,1,0,0,5,0,2.1,2.1,1.3,3.4,29,118,46,0.03,0.00,0.03,0.03,0.03,0.06,0.04,0.10,0.06,0.10,Matches,2022-2023
75,Cafú,pt POR,MF,Nott'ham Forest,29,1993,1,0,7,0.1,0,0,0,0,0,0,0,0,0.0,0.0,0.0,0.0,0,1,0,0.00,0.00,0.00,0.00,0.00,0.00,0.00,0.00,0.00,0.00,Matches,2022-2023
76,Moisés Caicedo,ec ECU,MF,Brighton,20,2001,37,34,3139,34.9,1,1,2,1,0,0,10,0,1.7,1.7,2.7,4.3,38,219,61,0.03,0.03,0.06,0.03,0.06,0.05,0.08,0.12,0.05,0.12,Matches,2022-2023
77,Tom Cairney,sct SCO,MF,Fulham,31,1991,33,6,988,11.0,2,0,2,2,0,0,2,0,1.5,1.5,1.4,2.9,34,92,57,0.18,0.00,0.18,0.18,0.18,0.13,0.13,0.26,0.13,0.26,Matches,2022-2023
78,Duje Ćaleta-Car,hr CRO,DF,Southampton,25,1996,13,9,946,10.5,1,0,1,1,0,0,2,0,0.8,0.8,0.0,0.8,5,33,0,0.10,0.00,0.10,0.10,0.10,0.08,0.00,0.08,0.08,0.08,Matches,2022-2023
79,Dominic Calvert-Lewin,eng ENG,FW,Everton,25,1997,17,15,1165,12.9,2,1,3,1,1,1,3,0,5.8,5.0,0.8,5.9,18,15,56,0.15,0.08,0.23,0.08,0.15,0.45,0.06,0.51,0.39,0.45,Matches,2022-2023
80,Chem Campbell,wls WAL,"FW,MF",Wolves,19,2002,5,0,74,0.8,0,0,0,0,0,0,0,0,0.1,0.1,0.0,0.1,2,4,10,0.00,0.00,0.00,0.00,0.00,0.12,0.00,0.12,0.12,0.12,Matches,2022-2023
81,João Cancelo,pt POR,DF,Manchester City,28,1994,17,16,1274,14.2,2,1,3,2,0,0,3,1,0.8,0.8,0.9,1.7,73,106,125,0.14,0.07,0.21,0.14,0.21,0.06,0.06,0.12,0.06,0.12,Matches,2022-2023
82,Thomas Cannon,ie IRL,FW,Everton,19,2002,2,0,25,0.3,0,0,0,0,0,0,0,0,0.1,0.1,0.5,0.6,1,0,2,0.00,0.00,0.00,0.00,0.00,0.32,1.95,2.27,0.32,2.27,Matches,2022-2023
83,Sergi Canós,es ESP,"FW,DF",Brentford,25,1997,5,0,77,0.9,0,0,0,0,0,0,0,0,0.1,0.1,0.0,0.1,4,2,7,0.00,0.00,0.00,0.00,0.00,0.09,0.03,0.11,0.09,0.11,Matches,2022-2023
84,Diego Carlos,br BRA,DF,Aston Villa,29,1993,3,2,205,2.3,0,0,0,0,0,0,0,0,0.4,0.4,0.0,0.4,1,11,0,0.00,0.00,0.00,0.00,0.00,0.16,0.02,0.18,0.16,0.18,Matches,2022-2023
85,Fabio Carvalho,pt POR,"MF,FW",Liverpool,19,2002,13,4,347,3.9,2,0,2,2,0,0,0,0,1.1,1.1,0.1,1.2,9,12,26,0.52,0.00,0.52,0.52,0.52,0.29,0.03,0.31,0.29,0.31,Matches,2022-2023
86,Casemiro,br BRA,MF,Manchester Utd,30,1992,28,24,2124,23.6,4,3,7,4,0,0,7,2,3.4,3.4,3.1,6.5,14,152,34,0.17,0.13,0.30,0.17,0.30,0.14,0.13,0.28,0.14,0.28,Matches,2022-2023
87,Matty Cash,pl POL,DF,Aston Villa,24,1997,26,20,1820,20.2,0,1,1,0,0,0,4,0,0.2,0.2,0.7,0.9,42,75,57,0.00,0.05,0.05,0.00,0.05,0.01,0.04,0.05,0.01,0.05,Matches,2022-2023
88,Timothy Castagne,be BEL,DF,Leicester City,26,1995,37,36,3254,36.2,2,3,5,2,0,0,3,0,2.2,2.2,2.6,4.8,39,106,149,0.06,0.08,0.14,0.06,0.14,0.06,0.07,0.13,0.06,0.13,Matches,2022-2023
89,Jonny Castro,es ESP,DF,Wolves,28,1994,18,14,1261,14.0,1,0,1,1,0,0,3,1,0.3,0.3,1.0,1.3,24,70,46,0.07,0.00,0.07,0.07,0.07,0.02,0.07,0.10,0.02,0.10,Matches,2022-2023
90,Nathaniel Chalobah,eng ENG,MF,Fulham,27,1994,4,1,12,0.1,0,0,0,0,0,0,0,1,0.1,0.1,0.0,0.1,0,0,0,0.00,0.00,0.00,0.00,0.00,0.71,0.00,0.71,0.71,0.71,Matches,2022-2023
91,Trevoh Chalobah,eng ENG,DF,Chelsea,23,1999,25,18,1608,17.9,0,0,0,0,0,0,4,0,0.9,0.9,0.3,1.2,17,71,27,0.00,0.00,0.00,0.00,0.00,0.05,0.02,0.06,0.05,0.06,Matches,2022-2023
92,Calum Chambers,eng ENG,"DF,MF",Aston Villa,27,1995,14,2,353,3.9,0,0,0,0,0,0,2,0,0.1,0.1,0.3,0.4,6,16,2,0.00,0.00,0.00,0.00,0.00,0.03,0.07,0.10,0.03,0.10,Matches,2022-2023
93,Shea Charles,nir NIR,DF,Manchester City,18,2003,1,0,28,0.3,0,0,0,0,0,0,0,0,0.0,0.0,0.0,0.0,1,1,0,0.00,0.00,0.00,0.00,0.00,0.00,0.00,0.00,0.00,0.00,Matches,2022-2023
94,Ben Chilwell,eng ENG,"DF,MF",Chelsea,25,1996,23,15,1408,15.6,2,2,4,2,0,0,3,0,1.4,1.4,2.2,3.7,43,41,131,0.13,0.13,0.26,0.13,0.26,0.09,0.14,0.23,0.09,0.23,Matches,2022-2023
95,Ryan Christie,sct SCO,"MF,FW",Bournemouth,27,1995,32,22,1834,20.4,1,1,2,1,0,0,2,0,2.7,2.7,2.4,5.1,39,71,71,0.05,0.05,0.10,0.05,0.10,0.13,0.12,0.25,0.13,0.25,Matches,2022-2023
96,Carney Chukwuemeka,eng ENG,"MF,FW",Chelsea,18,2003,14,2,354,3.9,0,0,0,0,0,0,0,0,0.4,0.4,0.6,1.0,21,23,21,0.00,0.00,0.00,0.00,0.00,0.10,0.16,0.26,0.10,0.26,Matches,2022-2023
97,Bobby Clark,eng ENG,MF,Liverpool,17,2005,1,0,8,0.1,0,0,0,0,0,0,0,0,0.0,0.0,0.0,0.0,0,1,2,0.00,0.00,0.00,0.00,0.00,0.00,0.00,0.00,0.00,0.00,Matches,2022-2023
98,Nathaniel Clyne,eng ENG,DF,Crystal Palace,31,1991,22,19,1640,18.2,0,0,0,0,0,0,3,0,0.0,0.0,0.7,0.7,14,52,29,0.00,0.00,0.00,0.00,0.00,0.00,0.04,0.04,0.00,0.04,Matches,2022-2023
99,Conor Coady,eng ENG,DF,Everton,29,1993,24,23,2096,23.3,1,1,2,1,0,0,2,0,0.8,0.8,0.3,1.2,4,43,1,0.04,0.04,0.09,0.04,0.09,0.04,0.01,0.05,0.04,0.05,Matches,2022-2023
100,Jack Colback,eng ENG,MF,Nott'ham Forest,32,1989,11,4,497,5.5,0,0,0,0,0,0,0,0,0.0,0.0,0.2,0.2,5,16,3,0.00,0.00,0.00,0.00,0.00,0.00,0.03,0.03,0.00,0.03,Matches,2022-2023
101,Séamus Coleman,ie IRL,DF,Everton,33,1988,23,20,1656,18.4,1,0,1,1,0,0,1,0,0.4,0.4,0.9,1.2,13,61,37,0.05,0.00,0.05,0.05,0.05,0.02,0.05,0.07,0.02,0.07,Matches,2022-2023
102,Nathan Collins,ie IRL,DF,Wolves,21,2001,26,19,1814,20.2,0,0,0,0,0,0,2,1,0.2,0.2,0.1,0.3,11,64,5,0.00,0.00,0.00,0.00,0.00,0.01,0.00,0.02,0.01,0.02,Matches,2022-2023
103,Levi Colwill,eng ENG,DF,Brighton,19,2003,17,13,1220,13.6,0,2,2,0,0,0,1,0,1.4,1.4,0.5,1.9,16,70,3,0.00,0.15,0.15,0.00,0.15,0.10,0.04,0.14,0.10,0.14,Matches,2022-2023
104,Lewis Cook,eng ENG,MF,Bournemouth,25,1997,28,18,1720,19.1,0,2,2,0,0,0,4,0,0.2,0.2,2.5,2.7,9,63,10,0.00,0.10,0.10,0.00,0.10,0.01,0.13,0.14,0.01,0.14,Matches,2022-2023
105,Steve Cook,eng ENG,DF,Nott'ham Forest,31,1991,12,11,957,10.6,0,0,0,0,0,0,4,0,0.1,0.1,0.6,0.7,1,19,0,0.00,0.00,0.00,0.00,0.00,0.01,0.05,0.07,0.01,0.07,Matches,2022-2023
106,Liam Cooper,sct SCO,DF,Leeds United,30,1991,18,16,1426,15.8,1,0,1,1,0,0,5,0,1.0,1.0,0.7,1.7,3,47,2,0.06,0.00,0.06,0.06,0.06,0.06,0.05,0.11,0.06,0.11,Matches,2022-2023
107,Maxwel Cornet,ci CIV,FW,West Ham,25,1996,14,2,245,2.7,0,0,0,0,0,0,0,0,1.3,1.3,0.1,1.3,9,5,26,0.00,0.00,0.00,0.00,0.00,0.47,0.02,0.49,0.47,0.49,Matches,2022-2023
108,Diego Costa,es ESP,FW,Wolves,33,1988,23,16,1241,13.8,1,0,1,1,0,0,5,1,3.2,3.2,0.7,3.9,19,13,60,0.07,0.00,0.07,0.07,0.07,0.23,0.05,0.28,0.23,0.28,Matches,2022-2023
109,Vladimír Coufal,cz CZE,DF,West Ham,29,1992,27,24,2136,23.7,0,1,1,0,0,0,5,0,0.3,0.3,2.5,2.7,53,82,109,0.00,0.04,0.04,0.00,0.04,0.01,0.10,0.11,0.01,0.11,Matches,2022-2023
110,Philippe Coutinho,br BRA,"MF,FW",Aston Villa,30,1992,20,7,788,8.8,1,0,1,1,0,0,3,0,1.4,1.4,0.5,1.8,18,48,68,0.11,0.00,0.11,0.11,0.11,0.16,0.05,0.21,0.16,0.21,Matches,2022-2023
111,Conor Coventry,ie IRL,"MF,FW",West Ham,22,2000,1,0,1,0.0,0,0,0,0,0,0,0,0,0.0,0.0,0.0,0.0,0,0,0,0.00,0.00,0.00,0.00,0.00,0.00,0.00,0.00,0.00,0.00,Matches,2022-2023
112,Matthew Craig,sct SCO,MF,Tottenham,19,2003,1,0,14,0.2,0,0,0,0,0,0,0,0,0.0,0.0,0.0,0.0,0,0,0,0.00,0.00,0.00,0.00,0.00,0.00,0.00,0.00,0.00,0.00,Matches,2022-2023
113,Aaron Cresswell,eng ENG,DF,West Ham,32,1989,28,24,2235,24.8,0,1,1,0,0,0,3,0,0.3,0.3,3.7,4.0,35,145,82,0.00,0.04,0.04,0.00,0.04,0.01,0.15,0.16,0.01,0.16,Matches,2022-2023
114,Marc Cucurella,es ESP,DF,Chelsea,24,1998,24,21,1671,18.6,0,2,2,0,0,0,4,0,0.4,0.4,0.6,1.0,30,73,65,0.00,0.11,0.11,0.00,0.11,0.02,0.03,0.06,0.02,0.06,Matches,2022-2023
115,Matheus Cunha,br BRA,FW,Wolves,23,1999,17,12,965,10.7,2,0,2,2,0,0,1,0,2.0,2.0,0.6,2.6,16,14,43,0.19,0.00,0.19,0.19,0.19,0.19,0.05,0.24,0.19,0.24,Matches,2022-2023
116,Patson Daka,zm ZAM,FW,Leicester City,23,1998,30,13,1187,13.2,4,4,8,4,0,0,2,0,3.5,3.5,2.8,6.3,18,17,82,0.30,0.30,0.61,0.30,0.61,0.27,0.21,0.48,0.27,0.48,Matches,2022-2023
117,Diogo Dalot,pt POR,DF,Manchester Utd,23,1999,26,24,2154,23.9,1,2,3,1,0,0,6,0,2.5,2.5,1.9,4.4,46,92,85,0.04,0.08,0.13,0.04,0.13,0.10,0.08,0.18,0.10,0.18,Matches,2022-2023
118,Mikkel Damsgaard,dk DEN,"MF,FW",Brentford,22,2000,26,9,988,11.0,0,0,0,0,0,0,4,0,2.6,2.6,1.4,4.0,9,44,45,0.00,0.00,0.00,0.00,0.00,0.24,0.12,0.36,0.24,0.36,Matches,2022-2023
119,Danilo,br BRA,MF,Nott'ham Forest,21,2001,13,12,976,10.8,3,2,5,3,0,0,1,0,1.5,1.5,0.7,2.3,13,34,22,0.28,0.18,0.46,0.28,0.46,0.14,0.07,0.21,0.14,0.21,Matches,2022-2023
120,Arnaut Danjuma,nl NED,"FW,MF",Tottenham,25,1997,9,1,169,1.9,1,0,1,1,0,0,0,0,0.8,0.8,0.0,0.9,5,2,19,0.53,0.00,0.53,0.53,0.53,0.43,0.02,0.45,0.43,0.45,Matches,2022-2023
121,Josh Dasilva,eng ENG,MF,Brentford,23,1998,36,14,1389,15.4,4,2,6,4,0,0,1,0,1.5,1.5,1.4,3.0,60,62,69,0.26,0.13,0.39,0.26,0.39,0.10,0.09,0.19,0.10,0.19,Matches,2022-2023
122,David Datro Fofana,ci CIV,FW,Chelsea,19,2002,3,1,70,0.8,0,0,0,0,0,0,0,0,0.2,0.2,0.1,0.4,2,2,9,0.00,0.00,0.00,0.00,0.00,0.31,0.17,0.47,0.31,0.47,Matches,2022-2023
123,Ben Davies,wls WAL,DF,Tottenham,29,1993,31,26,2288,25.4,2,2,4,2,0,0,4,0,1.0,1.0,2.5,3.5,39,107,69,0.08,0.08,0.16,0.08,0.16,0.04,0.10,0.14,0.04,0.14,Matches,2022-2023
124,Tom Davies,eng ENG,MF,Everton,24,1998,19,4,538,6.0,0,0,0,0,0,0,3,0,1.2,1.2,0.2,1.3,2,30,13,0.00,0.00,0.00,0.00,0.00,0.19,0.03,0.22,0.19,0.22,Matches,2022-2023
125,Craig Dawson,eng ENG,DF,West Ham,32,1990,8,8,720,8.0,0,0,0,0,0,0,2,0,0.5,0.5,0.1,0.6,0,18,1,0.00,0.00,0.00,0.00,0.00,0.06,0.01,0.07,0.06,0.07,Matches,2022-2023
126,Craig Dawson,eng ENG,DF,Wolves,32,1990,17,17,1414,15.7,1,0,1,1,0,0,4,0,1.0,1.0,0.0,1.0,5,44,1,0.06,0.00,0.06,0.06,0.06,0.06,0.00,0.06,0.06,0.06,Matches,2022-2023
127,Kevin De Bruyne,be BEL,MF,Manchester City,31,1991,32,28,2417,26.9,7,16,23,7,0,0,1,0,5.6,5.6,13.7,19.3,100,246,245,0.26,0.60,0.86,0.26,0.86,0.21,0.51,0.72,0.21,0.72,Matches,2022-2023
128,Siriki Dembélé,ci CIV,"FW,MF",Bournemouth,25,1996,6,0,110,1.2,0,0,0,0,0,0,0,0,0.2,0.2,0.3,0.5,5,4,11,0.00,0.00,0.00,0.00,0.00,0.15,0.25,0.41,0.15,0.41,Matches,2022-2023
129,Leander Dendoncker,be BEL,MF,Aston Villa,27,1995,20,7,697,7.7,0,0,0,0,0,0,0,0,0.1,0.1,0.5,0.5,1,18,2,0.00,0.00,0.00,0.00,0.00,0.01,0.06,0.07,0.01,0.07,Matches,2022-2023
130,Leander Dendoncker,be BEL,MF,Wolves,27,1995,4,2,214,2.4,0,0,0,0,0,0,0,0,0.7,0.7,0.0,0.7,1,6,3,0.00,0.00,0.00,0.00,0.00,0.27,0.02,0.29,0.27,0.29,Matches,2022-2023
131,Emmanuel Dennis,ng NGA,"FW,MF",Nott'ham Forest,24,1997,19,6,720,8.0,2,2,4,2,0,0,3,0,1.9,1.9,0.6,2.4,24,17,63,0.25,0.25,0.50,0.25,0.50,0.23,0.07,0.30,0.23,0.30,Matches,2022-2023
132,Halil Dervişoğlu,tr TUR,MF,Brentford,22,1999,1,0,8,0.1,0,0,0,0,0,0,0,0,0.0,0.0,0.0,0.0,0,0,0,0.00,0.00,0.00,0.00,0.00,0.31,0.00,0.31,0.31,0.31,Matches,2022-2023
133,Kiernan Dewsbury-Hall,eng ENG,MF,Leicester City,23,1998,31,28,2306,25.6,2,2,4,2,0,0,5,1,2.4,2.4,3.3,5.6,68,132,91,0.08,0.08,0.16,0.08,0.16,0.09,0.13,0.22,0.09,0.22,Matches,2022-2023
134,Ibrahima Diallo,fr FRA,MF,Southampton,23,1999,18,11,819,9.1,0,0,0,0,0,0,4,0,0.2,0.2,0.1,0.3,9,28,6,0.00,0.00,0.00,0.00,0.00,0.02,0.01,0.03,0.02,0.03,Matches,2022-2023
135,Rúben Dias,pt POR,DF,Manchester City,25,1997,26,22,1998,22.2,0,0,0,0,0,0,3,0,1.3,1.3,0.6,1.9,14,98,2,0.00,0.00,0.00,0.00,0.00,0.06,0.03,0.09,0.06,0.09,Matches,2022-2023
136,Luis Díaz,co COL,FW,Liverpool,25,1997,17,11,996,11.1,4,2,6,4,0,0,2,0,2.5,2.5,1.5,4.0,39,49,116,0.36,0.18,0.54,0.36,0.54,0.22,0.14,0.36,0.22,0.36,Matches,2022-2023
137,Eric Dier,eng ENG,DF,Tottenham,28,1994,33,31,2818,31.3,2,1,3,2,0,0,3,0,1.6,1.6,1.2,2.8,9,87,14,0.06,0.03,0.10,0.06,0.10,0.05,0.04,0.09,0.05,0.09,Matches,2022-2023
138,Lucas Digne,fr FRA,DF,Aston Villa,29,1993,28,18,1502,16.7,1,0,1,1,0,0,5,0,0.4,0.4,1.9,2.3,29,57,89,0.06,0.00,0.06,0.06,0.06,0.02,0.11,0.14,0.02,0.14,Matches,2022-2023
139,Issa Diop,fr FRA,DF,Fulham,25,1997,25,21,2012,22.4,1,0,1,1,0,0,2,0,0.3,0.3,0.4,0.7,13,70,4,0.04,0.00,0.04,0.04,0.04,0.01,0.02,0.03,0.01,0.03,Matches,2022-2023
140,Moussa Djenepo,ml MLI,"DF,FW",Southampton,24,1998,16,7,710,7.9,0,2,2,0,0,0,1,0,0.2,0.2,0.5,0.7,27,19,39,0.00,0.25,0.25,0.00,0.25,0.02,0.06,0.09,0.02,0.09,Matches,2022-2023
141,Ben Doak,sct SCO,FW,Liverpool,16,2005,2,0,26,0.3,0,0,0,0,0,0,0,0,0.0,0.0,0.0,0.0,1,1,4,0.00,0.00,0.00,0.00,0.00,0.00,0.00,0.00,0.00,0.00,Matches,2022-2023
142,Matt Doherty,ie IRL,"DF,MF",Tottenham,30,1992,12,7,667,7.4,1,0,1,1,0,0,0,0,0.8,0.8,0.3,1.0,16,20,57,0.13,0.00,0.13,0.13,0.13,0.10,0.04,0.14,0.10,0.14,Matches,2022-2023
143,Abdoulaye Doucouré,ml MLI,MF,Everton,29,1993,25,17,1533,17.0,5,2,7,5,0,0,6,1,2.4,2.4,2.2,4.6,23,38,66,0.29,0.12,0.41,0.29,0.41,0.14,0.13,0.27,0.14,0.27,Matches,2022-2023
144,Cheick Doucouré,ml MLI,MF,Crystal Palace,22,2000,34,34,2769,30.8,0,3,3,0,0,0,10,1,1.4,1.4,1.9,3.4,18,140,17,0.00,0.10,0.10,0.00,0.10,0.05,0.06,0.11,0.05,0.11,Matches,2022-2023
145,Flynn Downes,eng ENG,MF,West Ham,23,1999,21,7,762,8.5,0,0,0,0,0,0,2,0,0.4,0.4,0.1,0.5,3,22,11,0.00,0.00,0.00,0.00,0.00,0.05,0.01,0.06,0.05,0.06,Matches,2022-2023
146,Kami Doyle,eng ENG,MF,Southampton,16,2005,1,0,7,0.1,0,0,0,0,0,0,0,0,0.0,0.0,0.0,0.0,0,0,0,0.00,0.00,0.00,0.00,0.00,0.00,0.00,0.00,0.00,0.00,Matches,2022-2023
147,Cody Drameh,eng ENG,DF,Leeds United,20,2001,1,1,69,0.8,0,0,0,0,0,0,0,0,0.0,0.0,0.0,0.0,0,2,3,0.00,0.00,0.00,0.00,0.00,0.00,0.00,0.00,0.00,0.00,Matches,2022-2023
148,Martin Dúbravka,sk SVK,GK,Newcastle Utd,33,1989,2,1,157,1.7,0,0,0,0,0,0,0,0,0.0,0.0,0.0,0.0,0,0,0,0.00,0.00,0.00,0.00,0.00,0.00,0.00,0.00,0.00,0.00,Matches,2022-2023
149,Shane Duffy,ie IRL,"DF,FW",Fulham,30,1992,5,0,20,0.2,0,0,0,0,0,0,0,0,0.2,0.2,0.0,0.2,0,0,0,0.00,0.00,0.00,0.00,0.00,0.70,0.00,0.70,0.70,0.70,Matches,2022-2023
150,Lewis Dunk,eng ENG,DF,Brighton,30,1991,36,36,3239,36.0,1,0,1,1,0,0,4,0,1.7,1.7,1.0,2.7,19,158,5,0.03,0.00,0.03,0.03,0.03,0.05,0.03,0.07,0.05,0.07,Matches,2022-2023
151,Jáder Durán,co COL,"FW,MF",Aston Villa,18,2003,12,0,136,1.5,0,0,0,0,0,0,1,0,0.6,0.6,0.0,0.6,4,4,13,0.00,0.00,0.00,0.00,0.00,0.37,0.02,0.39,0.37,0.39,Matches,2022-2023
152,Malcolm Ebiowei,eng ENG,"MF,FW",Crystal Palace,18,2003,3,0,34,0.4,0,0,0,0,0,0,0,0,0.0,0.0,0.0,0.0,2,2,9,0.00,0.00,0.00,0.00,0.00,0.00,0.00,0.00,0.00,0.00,Matches,2022-2023
153,Ederson,br BRA,GK,Manchester City,28,1993,35,35,3150,35.0,0,1,1,0,0,0,3,0,0.0,0.0,0.2,0.2,0,0,0,0.00,0.03,0.03,0.00,0.03,0.00,0.01,0.01,0.00,0.01,Matches,2022-2023
154,Odsonne Édouard,fr FRA,FW,Crystal Palace,24,1998,35,20,1803,20.0,5,2,7,5,0,0,3,0,4.2,4.2,1.2,5.4,29,32,100,0.25,0.10,0.35,0.25,0.35,0.21,0.06,0.27,0.21,0.27,Matches,2022-2023
155,Samuel Edozie,eng ENG,"FW,MF",Southampton,19,2003,17,5,567,6.3,0,0,0,0,0,0,0,0,0.9,0.9,0.4,1.3,26,13,39,0.00,0.00,0.00,0.00,0.00,0.14,0.06,0.20,0.14,0.20,Matches,2022-2023
156,Anthony Elanga,se SWE,FW,Manchester Utd,20,2002,16,5,426,4.7,0,1,1,0,0,0,0,0,0.7,0.7,0.9,1.6,12,8,28,0.00,0.21,0.21,0.00,0.21,0.15,0.19,0.34,0.15,0.34,Matches,2022-2023
157,Harvey Elliott,eng ENG,"MF,FW",Liverpool,19,2003,32,18,1613,17.9,1,2,3,1,0,0,2,0,2.1,2.1,3.5,5.6,54,142,129,0.06,0.11,0.17,0.06,0.17,0.12,0.20,0.31,0.12,0.31,Matches,2022-2023
158,Mohamed Elneny,eg EGY,MF,Arsenal,30,1992,5,1,113,1.3,0,0,0,0,0,0,0,0,0.0,0.0,0.0,0.0,1,2,1,0.00,0.00,0.00,0.00,0.00,0.00,0.00,0.00,0.00,0.00,Matches,2022-2023
159,Mohamed Elyounoussi,no NOR,"MF,FW",Southampton,27,1994,33,27,2168,24.1,1,1,2,1,0,0,4,0,3.5,3.5,2.1,5.6,56,50,98,0.04,0.04,0.08,0.04,0.08,0.15,0.09,0.23,0.15,0.23,Matches,2022-2023
160,Emerson,br BRA,DF,Tottenham,23,1999,26,20,1735,19.3,2,1,3,2,0,0,2,1,1.7,1.7,0.6,2.3,47,80,103,0.10,0.05,0.16,0.10,0.16,0.09,0.03,0.12,0.09,0.12,Matches,2022-2023
161,Julio Enciso,py PAR,"FW,MF",Brighton,18,2004,20,7,806,9.0,4,2,6,4,0,0,1,0,4.0,4.0,1.7,5.7,39,31,74,0.45,0.22,0.67,0.45,0.67,0.45,0.19,0.64,0.45,0.64,Matches,2022-2023
162,Christian Eriksen,dk DEN,MF,Manchester Utd,30,1992,28,25,2048,22.8,1,8,9,1,0,0,3,0,5.0,5.0,4.2,9.2,23,164,66,0.04,0.35,0.40,0.04,0.40,0.22,0.19,0.40,0.22,0.40,Matches,2022-2023
163,Pervis Estupiñán,ec ECU,DF,Brighton,24,1998,35,31,2675,29.7,1,5,6,1,0,0,4,0,1.7,1.7,5.4,7.1,91,157,183,0.03,0.17,0.20,0.03,0.20,0.06,0.18,0.24,0.06,0.24,Matches,2022-2023
164,Jonny Evans,nir NIR,DF,Leicester City,34,1988,13,12,1051,11.7,0,0,0,0,0,0,1,0,0.2,0.2,0.0,0.2,6,35,0,0.00,0.00,0.00,0.00,0.00,0.01,0.00,0.01,0.01,0.01,Matches,2022-2023
165,Eberechi Eze,eng ENG,"MF,FW",Crystal Palace,24,1998,38,30,2636,29.3,10,4,14,9,1,1,3,0,7.3,6.5,4.3,10.8,69,131,129,0.34,0.14,0.48,0.31,0.44,0.25,0.15,0.39,0.22,0.37,Matches,2022-2023
166,Łukasz Fabiański,pl POL,GK,West Ham,37,1985,36,36,3111,34.6,0,0,0,0,0,0,1,0,0.0,0.0,0.0,0.0,0,0,0,0.00,0.00,0.00,0.00,0.00,0.00,0.00,0.00,0.00,0.00,Matches,2022-2023
167,Fabinho,br BRA,MF,Liverpool,28,1993,36,31,2671,29.7,0,2,2,0,0,0,11,0,0.7,0.7,2.1,2.9,15,161,39,0.00,0.07,0.07,0.00,0.07,0.02,0.07,0.10,0.02,0.10,Matches,2022-2023
168,Wout Faes,be BEL,DF,Leicester City,24,1998,31,31,2786,31.0,1,2,3,1,0,0,6,1,1.2,1.2,0.6,1.8,11,74,2,0.03,0.06,0.10,0.03,0.10,0.04,0.02,0.06,0.04,0.06,Matches,2022-2023
169,Felipe,br BRA,DF,Nott'ham Forest,33,1989,16,15,1418,15.8,0,1,1,0,0,0,4,0,1.2,1.2,0.9,2.1,3,22,4,0.00,0.06,0.06,0.00,0.06,0.07,0.06,0.13,0.07,0.13,Matches,2022-2023
170,João Félix,pt POR,"FW,MF",Chelsea,22,1999,16,11,941,10.5,4,0,4,4,0,0,1,1,4.9,4.9,0.5,5.4,34,47,79,0.38,0.00,0.38,0.38,0.38,0.47,0.05,0.52,0.47,0.52,Matches,2022-2023
171,Evan Ferguson,ie IRL,FW,Brighton,17,2004,19,10,950,10.6,6,2,8,6,0,0,1,0,5.3,5.3,0.7,6.1,11,14,58,0.57,0.19,0.76,0.57,0.76,0.51,0.07,0.57,0.51,0.57,Matches,2022-2023
172,Bruno Fernandes,pt POR,"MF,FW",Manchester Utd,27,1994,37,37,3316,36.8,8,8,16,6,2,2,6,0,9.3,7.7,16.7,24.4,89,263,231,0.22,0.22,0.43,0.16,0.38,0.25,0.45,0.71,0.21,0.66,Matches,2022-2023
173,Enzo Fernández,ar ARG,MF,Chelsea,21,2001,18,18,1547,17.2,0,2,2,0,0,0,3,0,0.8,0.8,2.4,3.2,22,168,18,0.00,0.12,0.12,0.00,0.12,0.05,0.14,0.19,0.05,0.19,Matches,2022-2023
174,Roberto Firmino,br BRA,"FW,MF",Liverpool,30,1991,25,13,1213,13.5,11,4,15,11,0,0,0,0,5.5,5.5,2.5,8.0,16,78,96,0.82,0.30,1.11,0.82,1.11,0.41,0.19,0.59,0.41,0.59,Matches,2022-2023
175,Junior Firpo,do DOM,DF,Leeds United,25,1996,19,14,1368,15.2,1,1,2,1,0,0,6,1,0.1,0.1,0.8,0.9,20,54,34,0.07,0.07,0.13,0.07,0.13,0.01,0.05,0.06,0.01,0.06,Matches,2022-2023
176,Phil Foden,eng ENG,FW,Manchester City,22,2000,32,22,1842,20.5,11,6,17,11,0,0,1,0,5.9,5.9,4.7,10.6,68,88,275,0.54,0.29,0.83,0.54,0.83,0.29,0.23,0.52,0.29,0.52,Matches,2022-2023
177,Wesley Fofana,fr FRA,DF,Leicester City,21,2000,2,2,180,2.0,0,0,0,0,0,0,1,0,0.1,0.1,0.0,0.1,3,6,1,0.00,0.00,0.00,0.00,0.00,0.06,0.00,0.06,0.06,0.06,Matches,2022-2023
178,Wesley Fofana,fr FRA,DF,Chelsea,21,2000,15,12,1183,13.1,1,0,1,1,0,0,3,0,0.7,0.7,0.1,0.8,29,43,12,0.08,0.00,0.08,0.08,0.08,0.05,0.00,0.06,0.05,0.06,Matches,2022-2023
179,Pablo Fornals,es ESP,"FW,MF",West Ham,26,1996,32,17,1503,16.7,3,1,4,3,0,0,0,0,2.2,2.2,1.7,3.9,33,89,101,0.18,0.06,0.24,0.18,0.24,0.13,0.10,0.24,0.13,0.24,Matches,2022-2023
180,Adam Forshaw,eng ENG,MF,Leeds United,30,1991,12,5,479,5.3,0,0,0,0,0,0,0,0,0.0,0.0,0.9,0.9,4,33,7,0.00,0.00,0.00,0.00,0.00,0.01,0.16,0.17,0.01,0.17,Matches,2022-2023
181,Fraser Forster,eng ENG,GK,Tottenham,34,1988,14,13,1215,13.5,0,0,0,0,0,0,1,0,0.0,0.0,0.0,0.0,0,0,0,0.00,0.00,0.00,0.00,0.00,0.00,0.00,0.00,0.00,0.00,Matches,2022-2023
182,Tyrese Francois,au AUS,FW,Fulham,22,2000,1,0,1,0.0,0,0,0,0,0,0,0,0,0.0,0.0,0.0,0.0,0,0,1,0.00,0.00,0.00,0.00,0.00,0.00,0.00,0.00,0.00,0.00,Matches,2022-2023
183,Ryan Fraser,sct SCO,FW,Newcastle Utd,28,1994,8,3,313,3.5,0,0,0,0,0,0,1,0,0.3,0.3,0.4,0.7,8,9,23,0.00,0.00,0.00,0.00,0.00,0.09,0.11,0.20,0.09,0.20,Matches,2022-2023
184,Fred,br BRA,MF,Manchester Utd,29,1993,35,12,1249,13.9,2,2,4,2,0,0,6,0,2.0,2.0,2.9,4.9,10,76,50,0.14,0.14,0.29,0.14,0.29,0.14,0.21,0.35,0.14,0.35,Matches,2022-2023
185,Ryan Fredericks,eng ENG,DF,Bournemouth,29,1992,12,5,533,5.9,0,0,0,0,0,0,1,0,0.0,0.0,0.1,0.1,13,15,28,0.00,0.00,0.00,0.00,0.00,0.00,0.02,0.02,0.00,0.02,Matches,2022-2023
186,Remo Freuler,ch SUI,MF,Nott'ham Forest,30,1992,28,24,2161,24.0,0,0,0,0,0,0,4,0,0.4,0.4,0.8,1.2,7,54,11,0.00,0.00,0.00,0.00,0.00,0.02,0.03,0.05,0.02,0.05,Matches,2022-2023
187,Cody Gakpo,nl NED,"FW,MF",Liverpool,23,1999,21,17,1458,16.2,7,2,9,7,0,0,0,0,6.2,6.2,2.7,8.9,36,50,109,0.43,0.12,0.56,0.43,0.56,0.38,0.17,0.55,0.38,0.55,Matches,2022-2023
188,Conor Gallagher,eng ENG,MF,Chelsea,22,2000,35,18,1621,18.0,3,1,4,3,0,0,11,1,2.5,2.5,2.3,4.7,40,105,104,0.17,0.06,0.22,0.17,0.22,0.14,0.13,0.26,0.14,0.26,Matches,2022-2023
189,Idrissa Gana Gueye,sn SEN,MF,Everton,32,1989,33,32,2577,28.6,0,1,1,0,0,0,7,0,0.7,0.7,1.1,1.8,27,98,19,0.00,0.03,0.03,0.00,0.03,0.03,0.04,0.06,0.03,0.06,Matches,2022-2023
190,Alejandro Garnacho,ar ARG,"FW,MF",Manchester Utd,18,2004,19,5,569,6.3,3,2,5,3,0,0,3,0,3.0,3.0,1.0,4.1,33,12,85,0.47,0.32,0.79,0.47,0.79,0.48,0.16,0.64,0.48,0.64,Matches,2022-2023
191,James Garner,eng ENG,"MF,DF",Everton,21,2001,16,7,804,8.9,0,1,1,0,0,0,3,0,0.8,0.8,0.5,1.3,8,33,18,0.00,0.11,0.11,0.00,0.11,0.09,0.06,0.14,0.09,0.14,Matches,2022-2023
192,David de Gea,es ESP,GK,Manchester Utd,31,1990,38,38,3420,38.0,0,0,0,0,0,0,0,0,0.0,0.0,0.1,0.1,0,0,0,0.00,0.00,0.00,0.00,0.00,0.00,0.00,0.00,0.00,0.00,Matches,2022-2023
193,Joe Gelhardt,eng ENG,FW,Leeds United,20,2002,15,1,212,2.4,0,2,2,0,0,0,1,0,0.8,0.8,0.5,1.3,2,6,21,0.00,0.85,0.85,0.00,0.85,0.36,0.20,0.55,0.36,0.55,Matches,2022-2023
194,Saman Ghoddos,ir IRN,"MF,FW",Brentford,28,1993,15,0,139,1.5,0,0,0,0,0,0,0,0,0.0,0.0,0.4,0.5,1,8,6,0.00,0.00,0.00,0.00,0.00,0.03,0.27,0.30,0.03,0.30,Matches,2022-2023
195,Morgan Gibbs-White,eng ENG,"FW,MF",Wolves,22,2000,2,2,180,2.0,0,0,0,0,0,0,1,0,0.7,0.7,0.1,0.8,4,12,12,0.00,0.00,0.00,0.00,0.00,0.36,0.04,0.40,0.36,0.40,Matches,2022-2023
196,Morgan Gibbs-White,eng ENG,"MF,FW",Nott'ham Forest,22,2000,35,34,2971,33.0,5,8,13,3,2,2,5,0,6.0,4.4,8.2,12.7,69,131,157,0.15,0.24,0.39,0.09,0.33,0.18,0.25,0.43,0.13,0.38,Matches,2022-2023
197,Bryan Gil,es ESP,"MF,FW",Tottenham,21,2001,4,2,148,1.6,0,1,1,0,0,0,1,0,0.1,0.1,0.2,0.3,4,5,15,0.00,0.61,0.61,0.00,0.61,0.06,0.11,0.17,0.06,0.17,Matches,2022-2023
198,Billy Gilmour,sct SCO,MF,Brighton,21,2001,14,7,507,5.6,0,1,1,0,0,0,1,0,0.5,0.5,0.2,0.8,5,35,4,0.00,0.18,0.18,0.00,0.18,0.09,0.04,0.13,0.09,0.13,Matches,2022-2023
199,Wilfried Gnonto,it ITA,"FW,MF",Leeds United,18,2003,24,14,1354,15.0,2,4,6,2,0,0,7,0,1.8,1.8,2.2,4.0,66,35,136,0.13,0.27,0.40,0.13,0.40,0.12,0.15,0.27,0.12,0.27,Matches,2022-2023
200,Ben Godfrey,eng ENG,DF,Everton,24,1998,13,10,802,8.9,0,1,1,0,0,0,2,0,1.2,1.2,0.2,1.4,9,19,7,0.00,0.11,0.11,0.00,0.11,0.14,0.02,0.16,0.14,0.16,Matches,2022-2023
201,João Gomes,br BRA,MF,Wolves,21,2001,11,7,653,7.3,1,0,1,1,0,0,5,0,0.3,0.3,0.2,0.4,7,19,8,0.14,0.00,0.14,0.14,0.14,0.04,0.02,0.06,0.04,0.06,Matches,2022-2023
202,Toti Gomes,pt POR,DF,Wolves,23,1999,17,10,984,10.9,1,0,1,1,0,0,6,0,0.4,0.4,0.3,0.7,4,27,23,0.09,0.00,0.09,0.09,0.09,0.04,0.02,0.06,0.04,0.06,Matches,2022-2023
203,Joe Gomez,eng ENG,DF,Liverpool,25,1997,21,15,1466,16.3,0,0,0,0,0,0,3,0,0.2,0.2,0.2,0.3,15,108,5,0.00,0.00,0.00,0.00,0.00,0.01,0.01,0.02,0.01,0.02,Matches,2022-2023
204,Sergio Gómez,es ESP,"DF,MF",Manchester City,21,2000,12,2,349,3.9,0,1,1,0,0,0,0,0,0.4,0.4,1.2,1.5,10,18,20,0.00,0.26,0.26,0.00,0.26,0.09,0.30,0.39,0.09,0.39,Matches,2022-2023
205,Anthony Gordon,eng ENG,"FW,MF",Newcastle Utd,21,2001,16,4,487,5.4,1,0,1,1,0,0,1,0,1.7,1.7,0.9,2.6,20,15,45,0.18,0.00,0.18,0.18,0.18,0.31,0.17,0.48,0.31,0.48,Matches,2022-2023
206,Anthony Gordon,eng ENG,FW,Everton,21,2001,16,12,1095,12.2,3,0,3,3,0,0,6,0,3.3,3.3,0.6,3.9,28,19,67,0.25,0.00,0.25,0.25,0.25,0.27,0.05,0.32,0.27,0.32,Matches,2022-2023
207,Demarai Gray,jm JAM,"FW,MF",Everton,26,1996,33,27,2507,27.9,4,1,5,2,2,2,3,0,6.2,4.7,3.8,8.5,94,46,199,0.14,0.04,0.18,0.07,0.11,0.22,0.14,0.36,0.17,0.30,Matches,2022-2023
208,Jack Grealish,eng ENG,FW,Manchester City,26,1995,28,23,2055,22.8,5,7,12,5,0,0,4,0,4.6,4.6,7.1,11.7,143,100,310,0.22,0.31,0.53,0.22,0.53,0.20,0.31,0.51,0.20,0.51,Matches,2022-2023
209,Sam Greenwood,eng ENG,"MF,FW",Leeds United,20,2002,18,3,424,4.7,1,2,3,1,0,0,1,0,0.7,0.7,1.1,1.8,7,15,10,0.21,0.42,0.64,0.21,0.64,0.15,0.24,0.39,0.15,0.39,Matches,2022-2023
210,Pascal Groß,de GER,"MF,DF",Brighton,31,1991,37,37,3239,36.0,9,8,17,9,0,0,6,0,5.4,5.4,10.9,16.3,62,255,209,0.25,0.22,0.47,0.25,0.47,0.15,0.30,0.45,0.15,0.45,Matches,2022-2023
211,Vicente Guaita,es ESP,GK,Crystal Palace,35,1987,27,27,2430,27.0,0,0,0,0,0,0,1,0,0.0,0.0,0.0,0.0,0,1,0,0.00,0.00,0.00,0.00,0.00,0.00,0.00,0.00,0.00,0.00,Matches,2022-2023
212,Gonçalo Guedes,pt POR,"FW,MF",Wolves,25,1996,13,8,707,7.9,1,1,2,1,0,0,1,0,1.2,1.2,0.5,1.7,20,16,54,0.13,0.13,0.25,0.13,0.25,0.15,0.06,0.22,0.15,0.22,Matches,2022-2023
213,Marc Guéhi,eng ENG,DF,Crystal Palace,22,2000,37,37,3329,37.0,1,0,1,1,0,0,8,0,1.5,1.5,0.5,1.9,17,106,3,0.03,0.00,0.03,0.03,0.03,0.04,0.01,0.05,0.04,0.05,Matches,2022-2023
214,Bruno Guimarães,br BRA,MF,Newcastle Utd,24,1997,32,32,2726,30.3,4,5,9,4,0,0,7,0,2.8,2.8,4.0,6.8,41,222,42,0.13,0.17,0.30,0.13,0.30,0.09,0.13,0.22,0.09,0.22,Matches,2022-2023
215,İlkay Gündoğan,de GER,MF,Manchester City,31,1990,31,27,2353,26.1,8,4,12,8,0,1,0,0,7.5,6.7,3.3,10.0,53,170,124,0.31,0.15,0.46,0.31,0.46,0.29,0.12,0.41,0.26,0.38,Matches,2022-2023
216,Darko Gyabi,eng ENG,FW,Leeds United,18,2004,1,0,8,0.1,0,0,0,0,0,0,0,0,0.1,0.1,0.0,0.1,0,2,0,0.00,0.00,0.00,0.00,0.00,0.72,0.00,0.72,0.72,0.72,Matches,2022-2023
217,Erling Haaland,no NOR,FW,Manchester City,22,2000,35,33,2769,30.8,36,8,44,29,7,7,5,0,28.4,23.0,5.3,28.3,35,58,151,1.17,0.26,1.43,0.94,1.20,0.92,0.17,1.09,0.75,0.92,Matches,2022-2023
218,Lewis Hall,eng ENG,DF,Chelsea,17,2004,9,8,654,7.3,0,0,0,0,0,0,1,0,0.9,0.9,2.2,3.1,19,25,40,0.00,0.00,0.00,0.00,0.00,0.12,0.30,0.42,0.12,0.42,Matches,2022-2023
219,Luke Harris,wls WAL,"MF,FW",Fulham,17,2005,3,0,13,0.1,0,0,0,0,0,0,0,0,0.0,0.0,0.0,0.0,0,1,0,0.00,0.00,0.00,0.00,0.00,0.00,0.00,0.00,0.00,0.00,Matches,2022-2023
220,Jack Harrison,eng ENG,"FW,MF",Leeds United,25,1996,36,34,2708,30.1,5,7,12,5,0,0,2,0,4.7,4.7,5.1,9.8,103,103,255,0.17,0.23,0.40,0.17,0.40,0.16,0.17,0.33,0.16,0.33,Matches,2022-2023
221,Kai Havertz,de GER,"FW,MF",Chelsea,23,1999,35,30,2569,28.5,7,1,8,6,1,1,5,0,11.6,10.8,3.8,14.6,59,89,218,0.25,0.04,0.28,0.21,0.25,0.41,0.13,0.54,0.38,0.51,Matches,2022-2023
222,Jan Paul van Hecke,nl NED,DF,Brighton,22,2000,8,3,295,3.3,0,0,0,0,0,0,2,0,0.6,0.6,0.0,0.6,3,21,0,0.00,0.00,0.00,0.00,0.00,0.18,0.00,0.18,0.18,0.18,Matches,2022-2023
223,Hwang Hee-chan,kr KOR,"FW,MF",Wolves,26,1996,27,12,1130,12.6,3,1,4,3,0,0,1,0,2.9,2.9,1.1,4.0,25,30,60,0.24,0.08,0.32,0.24,0.32,0.23,0.09,0.32,0.23,0.32,Matches,2022-2023
224,Dean Henderson,eng ENG,GK,Nott'ham Forest,25,1997,18,18,1620,18.0,0,0,0,0,0,0,2,0,0.0,0.0,0.0,0.0,0,0,0,0.00,0.00,0.00,0.00,0.00,0.00,0.00,0.00,0.00,0.00,Matches,2022-2023
225,Jordan Henderson,eng ENG,MF,Liverpool,32,1990,35,23,2074,23.0,0,2,2,0,0,0,2,0,1.4,1.4,3.2,4.5,37,189,90,0.00,0.09,0.09,0.00,0.09,0.06,0.14,0.20,0.06,0.20,Matches,2022-2023
226,Wayne Hennessey,wls WAL,GK,Nott'ham Forest,35,1987,4,3,271,3.0,0,0,0,0,0,0,0,0,0.0,0.0,0.0,0.0,0,0,0,0.00,0.00,0.00,0.00,0.00,0.00,0.00,0.00,0.00,0.00,Matches,2022-2023
227,Rico Henry,eng ENG,DF,Brentford,25,1997,37,37,3238,36.0,0,2,2,0,0,0,4,0,1.5,1.5,2.6,4.1,55,107,111,0.00,0.06,0.06,0.00,0.06,0.04,0.07,0.11,0.04,0.11,Matches,2022-2023
228,Son Heung-min,kr KOR,"MF,FW",Tottenham,30,1992,36,33,2888,32.1,10,6,16,10,0,0,2,0,10.1,10.1,6.5,16.6,82,79,196,0.31,0.19,0.50,0.31,0.50,0.31,0.20,0.52,0.31,0.52,Matches,2022-2023
229,Aaron Hickey,sct SCO,DF,Brentford,20,2002,26,23,1916,21.3,0,1,1,0,0,0,7,0,0.4,0.4,0.4,0.8,41,81,47,0.00,0.05,0.05,0.00,0.05,0.02,0.02,0.04,0.02,0.04,Matches,2022-2023
230,Jack Hinshelwood,eng ENG,FW,Brighton,17,2005,1,0,2,0.0,0,0,0,0,0,0,0,0,0.0,0.0,0.0,0.0,0,0,1,0.00,0.00,0.00,0.00,0.00,0.00,0.00,0.00,0.00,0.00,Matches,2022-2023
231,Joseph Hodge,ie IRL,MF,Wolves,19,2002,6,1,175,1.9,0,0,0,0,0,0,1,0,0.3,0.3,0.1,0.3,1,8,5,0.00,0.00,0.00,0.00,0.00,0.13,0.03,0.16,0.13,0.16,Matches,2022-2023
232,Rob Holding,eng ENG,DF,Arsenal,26,1995,14,6,566,6.3,1,0,1,1,0,0,0,0,0.3,0.3,0.0,0.3,3,24,2,0.16,0.00,0.16,0.16,0.16,0.05,0.00,0.05,0.05,0.05,Matches,2022-2023
233,Mason Holgate,eng ENG,DF,Everton,25,1996,8,5,507,5.6,0,0,0,0,0,0,3,1,1.0,1.0,0.4,1.4,4,14,5,0.00,0.00,0.00,0.00,0.00,0.18,0.07,0.25,0.18,0.25,Matches,2022-2023
234,Will Hughes,eng ENG,MF,Crystal Palace,27,1995,27,7,842,9.4,1,1,2,1,0,0,4,0,0.3,0.3,0.9,1.2,14,32,23,0.11,0.11,0.21,0.11,0.21,0.04,0.10,0.13,0.04,0.13,Matches,2022-2023
235,Omari Hutchinson,eng ENG,FW,Chelsea,18,2003,1,0,23,0.3,0,0,0,0,0,0,0,0,0.0,0.0,0.0,0.0,1,0,2,0.00,0.00,0.00,0.00,0.00,0.00,0.18,0.18,0.00,0.18,Matches,2022-2023
236,Pierre Højbjerg,dk DEN,MF,Tottenham,26,1995,35,35,3131,34.8,4,5,9,4,0,0,5,0,2.0,2.0,3.1,5.1,46,235,66,0.11,0.14,0.26,0.11,0.26,0.06,0.09,0.15,0.06,0.15,Matches,2022-2023
237,Kelechi Iheanacho,ng NGA,"FW,MF",Leicester City,25,1996,28,11,1127,12.5,5,5,10,4,1,1,0,0,7.1,6.3,4.0,10.4,33,27,99,0.40,0.40,0.80,0.32,0.72,0.57,0.32,0.89,0.51,0.83,Matches,2022-2023
238,Danny Ings,eng ENG,FW,West Ham,30,1992,17,7,775,8.6,2,2,4,2,0,0,1,0,3.0,3.0,1.0,4.0,9,12,44,0.23,0.23,0.46,0.23,0.46,0.35,0.12,0.47,0.35,0.47,Matches,2022-2023
239,Danny Ings,eng ENG,FW,Aston Villa,30,1992,18,8,824,9.2,6,0,6,4,2,2,3,0,5.3,3.8,1.2,5.0,15,12,46,0.66,0.00,0.66,0.44,0.44,0.59,0.13,0.71,0.41,0.54,Matches,2022-2023
240,Alexander Isak,se SWE,FW,Newcastle Utd,22,1999,22,17,1522,16.9,10,1,11,8,2,2,3,0,8.2,6.7,2.2,8.9,41,48,122,0.59,0.06,0.65,0.47,0.53,0.49,0.13,0.61,0.40,0.52,Matches,2022-2023
241,Daniel Iversen,dk DEN,GK,Leicester City,25,1997,12,12,1080,12.0,0,0,0,0,0,0,0,0,0.0,0.0,0.0,0.0,0,0,0,0.00,0.00,0.00,0.00,0.00,0.00,0.00,0.00,0.00,0.00,Matches,2022-2023
242,Alex Iwobi,ng NGA,"MF,FW",Everton,26,1996,38,38,3378,37.5,2,7,9,2,0,0,2,0,2.5,2.5,6.1,8.5,90,194,145,0.05,0.19,0.24,0.05,0.24,0.07,0.16,0.23,0.07,0.23,Matches,2022-2023
243,Daniel James,wls WAL,FW,Leeds United,24,1997,4,2,198,2.2,0,0,0,0,0,0,0,0,0.3,0.3,0.3,0.6,6,3,9,0.00,0.00,0.00,0.00,0.00,0.12,0.15,0.27,0.12,0.27,Matches,2022-2023
244,Daniel James,wls WAL,FW,Fulham,24,1997,20,5,621,6.9,2,1,3,2,0,0,0,0,1.7,1.7,0.7,2.5,24,15,48,0.29,0.14,0.43,0.29,0.43,0.25,0.11,0.36,0.25,0.36,Matches,2022-2023
245,Reece James,eng ENG,"DF,MF",Chelsea,22,1999,16,14,1244,13.8,1,1,2,1,0,0,4,0,1.0,1.0,3.0,4.0,52,90,115,0.07,0.07,0.14,0.07,0.14,0.07,0.22,0.29,0.07,0.29,Matches,2022-2023
246,Vitaly Janelt,de GER,"MF,DF",Brentford,24,1998,35,24,2208,24.5,3,1,4,3,0,0,3,0,2.4,2.4,1.4,3.8,14,82,28,0.12,0.04,0.16,0.12,0.16,0.10,0.06,0.15,0.10,0.15,Matches,2022-2023
247,Pontus Jansson,se SWE,DF,Brentford,31,1991,12,9,724,8.0,1,0,1,1,0,0,0,0,0.3,0.3,0.0,0.3,1,14,0,0.12,0.00,0.12,0.12,0.12,0.04,0.00,0.04,0.04,0.04,Matches,2022-2023
248,Mathias Jensen,dk DEN,MF,Brentford,26,1996,37,37,2803,31.1,5,6,11,5,0,0,5,0,2.1,2.1,5.0,7.1,21,141,77,0.16,0.19,0.35,0.16,0.35,0.07,0.16,0.23,0.07,0.23,Matches,2022-2023
249,Gabriel Jesus,br BRA,FW,Arsenal,25,1997,26,24,2064,22.9,11,6,17,10,1,1,6,0,13.9,13.1,3.9,17.0,44,64,194,0.48,0.26,0.74,0.44,0.70,0.61,0.17,0.78,0.57,0.74,Matches,2022-2023
250,Raúl Jiménez,mx MEX,FW,Wolves,31,1991,15,8,846,9.4,0,1,1,0,0,0,0,0,2.6,2.6,1.7,4.3,5,14,45,0.00,0.11,0.11,0.00,0.11,0.27,0.18,0.46,0.27,0.46,Matches,2022-2023
251,Joelinton,br BRA,"MF,FW",Newcastle Utd,25,1996,32,30,2661,29.6,6,1,7,6,0,0,12,0,7.1,7.1,2.4,9.4,64,130,150,0.20,0.03,0.24,0.20,0.24,0.24,0.08,0.32,0.24,0.32,Matches,2022-2023
252,Ben Johnson,eng ENG,DF,West Ham,22,2000,17,9,866,9.6,0,0,0,0,0,0,0,0,0.1,0.1,0.2,0.3,15,37,22,0.00,0.00,0.00,0.00,0.00,0.01,0.02,0.03,0.01,0.03,Matches,2022-2023
253,Brennan Johnson,wls WAL,"FW,MF",Nott'ham Forest,21,2001,38,33,2934,32.6,8,3,11,7,1,3,6,0,8.6,6.2,3.2,9.4,88,30,155,0.25,0.09,0.34,0.21,0.31,0.26,0.10,0.36,0.19,0.29,Matches,2022-2023
254,Sam Johnstone,eng ENG,GK,Crystal Palace,29,1993,9,9,810,9.0,0,0,0,0,0,0,1,0,0.0,0.0,0.0,0.0,0,0,0,0.00,0.00,0.00,0.00,0.00,0.00,0.00,0.00,0.00,0.00,Matches,2022-2023
255,Curtis Jones,eng ENG,MF,Liverpool,21,2001,18,12,1035,11.5,3,1,4,3,0,0,2,0,1.2,1.2,1.1,2.3,31,69,75,0.26,0.09,0.35,0.26,0.35,0.10,0.10,0.20,0.10,0.20,Matches,2022-2023
256,Jorginho,it ITA,MF,Arsenal,30,1991,14,9,855,9.5,0,1,1,0,0,0,0,0,0.2,0.2,0.2,0.4,15,99,8,0.00,0.11,0.11,0.00,0.11,0.02,0.02,0.04,0.02,0.04,Matches,2022-2023
257,Jorginho,it ITA,MF,Chelsea,30,1991,18,15,1279,14.2,2,0,2,0,2,2,4,0,1.7,0.1,0.4,0.5,13,80,10,0.14,0.00,0.14,0.00,0.00,0.12,0.03,0.14,0.01,0.03,Matches,2022-2023
258,Mateo Joseph,es ESP,"FW,MF",Leeds United,18,2003,3,0,26,0.3,0,0,0,0,0,0,0,0,0.1,0.1,0.0,0.1,0,0,2,0.00,0.00,0.00,0.00,0.00,0.40,0.00,0.40,0.40,0.40,Matches,2022-2023
259,Diogo Jota,pt POR,FW,Liverpool,25,1996,22,12,1131,12.6,7,4,11,7,0,0,2,0,6.5,6.5,2.1,8.6,34,30,104,0.56,0.32,0.88,0.56,0.88,0.52,0.17,0.69,0.52,0.69,Matches,2022-2023
260,Hamed Junior Traorè,ci CIV,"FW,MF",Bournemouth,22,2000,7,5,427,4.7,0,0,0,0,0,0,0,0,0.9,0.9,1.1,2.1,19,26,21,0.00,0.00,0.00,0.00,0.00,0.19,0.24,0.43,0.19,0.43,Matches,2022-2023
261,James Justin,eng ENG,DF,Leicester City,24,1998,14,14,1252,13.9,0,0,0,0,0,0,0,0,0.3,0.3,0.3,0.6,20,47,50,0.00,0.00,0.00,0.00,0.00,0.02,0.02,0.05,0.02,0.05,Matches,2022-2023
262,Mathias Jørgensen,dk DEN,DF,Brentford,32,1990,18,11,1103,12.3,0,0,0,0,0,0,2,0,0.9,0.9,0.2,1.1,1,35,1,0.00,0.00,0.00,0.00,0.00,0.07,0.01,0.09,0.07,0.09,Matches,2022-2023
263,Sasa Kalajdzic,at AUT,FW,Wolves,25,1997,1,1,45,0.5,0,0,0,0,0,0,0,0,0.3,0.3,0.0,0.3,0,0,1,0.00,0.00,0.00,0.00,0.00,0.53,0.00,0.53,0.53,0.53,Matches,2022-2023
264,Boubacar Kamara,fr FRA,MF,Aston Villa,22,1999,24,21,1777,19.7,0,1,1,0,0,0,4,0,0.2,0.2,0.8,1.0,16,84,8,0.00,0.05,0.05,0.00,0.05,0.01,0.04,0.05,0.01,0.05,Matches,2022-2023
265,Harry Kane,eng ENG,FW,Tottenham,29,1993,38,38,3405,37.8,30,3,33,25,5,6,6,0,21.4,16.7,7.0,23.7,60,180,193,0.79,0.08,0.87,0.66,0.74,0.57,0.18,0.75,0.44,0.63,Matches,2022-2023
266,N'Golo Kanté,fr FRA,MF,Chelsea,31,1991,7,6,518,5.8,0,1,1,0,0,0,1,0,0.3,0.3,1.9,2.2,19,34,36,0.00,0.17,0.17,0.00,0.17,0.05,0.32,0.38,0.05,0.38,Matches,2022-2023
267,Michael Keane,eng ENG,DF,Everton,29,1993,12,10,985,10.9,1,2,3,1,0,0,0,0,1.3,1.3,0.7,2.1,2,31,4,0.09,0.18,0.27,0.09,0.27,0.12,0.07,0.19,0.12,0.19,Matches,2022-2023
268,Neeskens Kebano,cd COD,FW,Fulham,30,1992,17,9,764,8.5,0,3,3,0,0,0,0,0,0.5,0.5,1.5,2.0,39,24,68,0.00,0.35,0.35,0.00,0.35,0.06,0.18,0.23,0.06,0.23,Matches,2022-2023
269,Thilo Kehrer,de GER,DF,West Ham,25,1996,27,25,2230,24.8,0,2,2,0,0,0,4,0,0.5,0.5,0.6,1.1,15,60,29,0.00,0.08,0.08,0.00,0.08,0.02,0.03,0.04,0.02,0.04,Matches,2022-2023
270,Naby Keïta,gn GUI,MF,Liverpool,27,1995,8,3,293,3.3,0,0,0,0,0,0,1,0,0.6,0.6,0.7,1.3,5,15,21,0.00,0.00,0.00,0.00,0.00,0.20,0.21,0.41,0.20,0.41,Matches,2022-2023
271,Caoimhín Kelleher,ie IRL,GK,Liverpool,23,1998,1,1,90,1.0,0,0,0,0,0,0,0,0,0.0,0.0,0.0,0.0,0,0,0,0.00,0.00,0.00,0.00,0.00,0.00,0.00,0.00,0.00,0.00,Matches,2022-2023
272,Lloyd Kelly,eng ENG,DF,Bournemouth,23,1998,23,23,2040,22.7,0,2,2,0,0,0,3,0,0.2,0.2,0.5,0.7,14,47,10,0.00,0.09,0.09,0.00,0.09,0.01,0.02,0.03,0.01,0.03,Matches,2022-2023
273,Max Kilman,eng ENG,DF,Wolves,25,1997,37,37,3307,36.7,0,0,0,0,0,0,3,0,1.3,1.3,0.2,1.6,30,127,5,0.00,0.00,0.00,0.00,0.00,0.04,0.01,0.04,0.04,0.04,Matches,2022-2023
274,Jakub Kiwior,pl POL,DF,Arsenal,22,2000,7,5,427,4.7,1,0,1,1,0,0,0,0,0.1,0.1,0.0,0.1,0,6,6,0.21,0.00,0.21,0.21,0.21,0.02,0.01,0.03,0.02,0.03,Matches,2022-2023
275,Mateusz Klich,pl POL,"MF,FW",Leeds United,32,1990,14,0,280,3.1,0,0,0,0,0,0,2,0,0.2,0.2,0.2,0.4,5,16,21,0.00,0.00,0.00,0.00,0.00,0.05,0.06,0.12,0.05,0.12,Matches,2022-2023
276,Robin Koch,de GER,DF,Leeds United,26,1996,36,36,3175,35.3,0,0,0,0,0,0,7,0,1.5,1.5,0.4,1.9,11,114,11,0.00,0.00,0.00,0.00,0.00,0.04,0.01,0.06,0.04,0.06,Matches,2022-2023
277,Ibrahima Konaté,fr FRA,DF,Liverpool,23,1999,18,17,1552,17.2,0,0,0,0,0,0,5,0,1.1,1.1,0.1,1.3,7,56,5,0.00,0.00,0.00,0.00,0.00,0.07,0.01,0.08,0.07,0.08,Matches,2022-2023
278,Ezri Konsa,eng ENG,DF,Aston Villa,24,1997,38,37,3322,36.9,0,0,0,0,0,0,6,0,1.1,1.1,1.3,2.3,7,56,11,0.00,0.00,0.00,0.00,0.00,0.03,0.03,0.06,0.03,0.06,Matches,2022-2023
279,Kalidou Koulibaly,sn SEN,DF,Chelsea,31,1991,23,20,1800,20.0,2,1,3,2,0,0,7,1,0.9,0.9,0.4,1.4,10,81,4,0.10,0.05,0.15,0.10,0.15,0.05,0.02,0.07,0.05,0.07,Matches,2022-2023
280,Cheikhou Kouyaté,sn SEN,MF,Nott'ham Forest,32,1989,21,10,882,9.8,1,0,1,1,0,0,3,0,0.4,0.4,0.7,1.1,7,19,14,0.10,0.00,0.10,0.10,0.10,0.04,0.07,0.11,0.04,0.11,Matches,2022-2023
281,Mateo Kovačić,hr CRO,MF,Chelsea,28,1994,27,17,1707,19.0,1,2,3,1,0,0,8,0,1.8,1.8,2.1,3.9,37,153,30,0.05,0.11,0.16,0.05,0.16,0.09,0.11,0.20,0.09,0.20,Matches,2022-2023
282,Emil Krafth,se SWE,DF,Newcastle Utd,27,1994,1,0,1,0.0,0,0,0,0,0,0,0,0,0.0,0.0,0.0,0.0,0,0,0,0.00,0.00,0.00,0.00,0.00,0.00,0.00,0.00,0.00,0.00,Matches,2022-2023
283,Rasmus Kristensen,dk DEN,DF,Leeds United,25,1997,26,21,1960,21.8,3,1,4,3,0,0,4,0,0.8,0.8,1.0,1.9,15,89,70,0.14,0.05,0.18,0.14,0.18,0.04,0.05,0.09,0.04,0.09,Matches,2022-2023
284,Dejan Kulusevski,se SWE,"MF,FW",Tottenham,22,2000,30,23,2067,23.0,2,7,9,2,0,0,2,0,2.5,2.5,4.6,7.2,87,67,195,0.09,0.30,0.39,0.09,0.39,0.11,0.20,0.31,0.11,0.31,Matches,2022-2023
285,Layvin Kurzawa,fr FRA,DF,Fulham,29,1992,3,2,135,1.5,0,0,0,0,0,0,1,0,0.0,0.0,0.0,0.0,1,2,2,0.00,0.00,0.00,0.00,0.00,0.00,0.00,0.00,0.00,0.00,Matches,2022-2023
286,Adam Lallana,eng ENG,"MF,FW",Brighton,34,1988,16,12,722,8.0,2,1,3,2,0,0,0,0,0.9,0.9,1.0,1.9,10,33,43,0.25,0.12,0.37,0.25,0.37,0.11,0.12,0.23,0.11,0.23,Matches,2022-2023
287,Tariq Lamptey,gh GHA,DF,Brighton,21,2000,20,3,453,5.0,0,0,0,0,0,0,1,0,0.2,0.2,0.2,0.4,28,26,58,0.00,0.00,0.00,0.00,0.00,0.04,0.04,0.08,0.04,0.08,Matches,2022-2023
288,Manuel Lanzini,ar ARG,"MF,FW",West Ham,29,1993,10,2,252,2.8,1,0,1,1,0,0,0,0,0.5,0.5,0.2,0.7,2,19,6,0.36,0.00,0.36,0.36,0.36,0.19,0.06,0.25,0.19,0.25,Matches,2022-2023
289,Aymeric Laporte,es ESP,DF,Manchester City,28,1994,12,11,993,11.0,0,0,0,0,0,0,0,0,0.5,0.5,0.2,0.7,30,85,11,0.00,0.00,0.00,0.00,0.00,0.04,0.02,0.06,0.04,0.06,Matches,2022-2023
290,Juan Larios,es ESP,DF,Southampton,18,2004,5,2,152,1.7,0,0,0,0,0,0,0,0,0.0,0.0,0.0,0.0,10,4,1,0.00,0.00,0.00,0.00,0.00,0.00,0.00,0.00,0.00,0.00,Matches,2022-2023
291,Jamaal Lascelles,eng ENG,DF,Newcastle Utd,28,1993,7,2,218,2.4,0,0,0,0,0,0,4,0,0.1,0.1,0.0,0.1,0,3,0,0.00,0.00,0.00,0.00,0.00,0.04,0.00,0.04,0.04,0.04,Matches,2022-2023
292,Roméo Lavia,be BEL,MF,Southampton,18,2004,29,26,2221,24.7,1,0,1,1,0,0,9,0,0.4,0.4,0.6,1.0,22,102,14,0.04,0.00,0.04,0.04,0.04,0.02,0.03,0.04,0.02,0.04,Matches,2022-2023
293,Dexter Lembikisa,jm JAM,DF,Wolves,18,2003,1,0,23,0.3,0,0,0,0,0,0,0,0,0.0,0.0,0.0,0.0,2,3,3,0.00,0.00,0.00,0.00,0.00,0.00,0.00,0.00,0.00,0.00,Matches,2022-2023
294,Mario Lemina,ga GAB,MF,Wolves,28,1993,19,17,1299,14.4,0,1,1,0,0,0,4,1,0.3,0.3,0.3,0.6,6,42,9,0.00,0.07,0.07,0.00,0.07,0.02,0.02,0.04,0.02,0.04,Matches,2022-2023
295,Clément Lenglet,fr FRA,DF,Tottenham,27,1995,26,24,2019,22.4,0,2,2,0,0,0,4,0,1.0,1.0,0.6,1.6,33,85,7,0.00,0.09,0.09,0.00,0.09,0.04,0.03,0.07,0.04,0.07,Matches,2022-2023
296,Bernd Leno,de GER,GK,Fulham,30,1992,36,36,3240,36.0,0,0,0,0,0,0,3,0,0.0,0.0,0.0,0.0,0,0,0,0.00,0.00,0.00,0.00,0.00,0.00,0.00,0.00,0.00,0.00,Matches,2022-2023
297,Jefferson Lerma,co COL,MF,Bournemouth,27,1994,37,37,3252,36.1,5,0,5,5,0,0,7,0,2.6,2.6,2.3,4.9,22,142,30,0.14,0.00,0.14,0.14,0.14,0.07,0.06,0.14,0.07,0.14,Matches,2022-2023
298,Jamal Lewis,nir NIR,"DF,FW",Newcastle Utd,24,1998,2,0,11,0.1,0,0,0,0,0,0,0,0,0.0,0.0,0.0,0.0,0,1,1,0.00,0.00,0.00,0.00,0.00,0.00,0.00,0.00,0.00,0.00,Matches,2022-2023
299,Rico Lewis,eng ENG,"DF,MF",Manchester City,17,2004,14,10,903,10.0,0,0,0,0,0,0,1,0,0.2,0.2,1.5,1.7,22,48,26,0.00,0.00,0.00,0.00,0.00,0.02,0.15,0.17,0.02,0.17,Matches,2022-2023
300,Keane Lewis-Potter,eng ENG,"FW,MF",Brentford,21,2001,10,3,321,3.6,0,1,1,0,0,0,0,0,0.5,0.5,1.2,1.7,8,6,39,0.00,0.28,0.28,0.00,0.28,0.14,0.35,0.49,0.14,0.49,Matches,2022-2023
301,Victor Lindelöf,se SWE,DF,Manchester Utd,28,1994,20,14,1365,15.2,0,0,0,0,0,0,1,0,0.3,0.3,0.1,0.4,3,36,1,0.00,0.00,0.00,0.00,0.00,0.02,0.01,0.03,0.02,0.03,Matches,2022-2023
302,Jesse Lingard,eng ENG,"FW,MF",Nott'ham Forest,29,1992,17,12,923,10.3,0,0,0,0,0,0,1,0,1.0,1.0,0.7,1.7,11,33,38,0.00,0.00,0.00,0.00,0.00,0.10,0.07,0.17,0.10,0.17,Matches,2022-2023
303,Valentino Livramento,eng ENG,"DF,FW",Southampton,19,2002,2,0,28,0.3,0,0,0,0,0,0,0,0,0.0,0.0,0.0,0.0,0,0,0,0.00,0.00,0.00,0.00,0.00,0.00,0.00,0.00,0.00,0.00,Matches,2022-2023
304,Diego Llorente,es ESP,DF,Leeds United,28,1993,8,7,649,7.2,0,0,0,0,0,0,1,0,0.7,0.7,0.0,0.7,2,27,1,0.00,0.00,0.00,0.00,0.00,0.10,0.00,0.10,0.10,0.10,Matches,2022-2023
305,Hugo Lloris,fr FRA,GK,Tottenham,35,1986,25,25,2205,24.5,0,0,0,0,0,0,0,0,0.0,0.0,0.0,0.0,0,0,0,0.00,0.00,0.00,0.00,0.00,0.00,0.00,0.00,0.00,0.00,Matches,2022-2023
306,Renan Lodi,br BRA,DF,Nott'ham Forest,24,1998,28,26,2214,24.6,0,1,1,0,0,0,7,0,1.0,1.0,1.2,2.1,24,31,70,0.00,0.04,0.04,0.00,0.04,0.04,0.05,0.09,0.04,0.09,Matches,2022-2023
307,Ruben Loftus-Cheek,eng ENG,"MF,DF",Chelsea,26,1996,25,19,1536,17.1,0,1,1,0,0,0,1,0,0.8,0.8,1.5,2.4,56,90,86,0.00,0.06,0.06,0.00,0.06,0.05,0.09,0.14,0.05,0.14,Matches,2022-2023
308,Sean Longstaff,eng ENG,MF,Newcastle Utd,24,1997,33,28,2518,28.0,1,4,5,1,0,0,2,0,3.6,3.6,3.3,6.9,21,116,115,0.04,0.14,0.18,0.04,0.18,0.13,0.12,0.25,0.13,0.25,Matches,2022-2023
309,Jamal Lowe,jm JAM,"MF,FW",Bournemouth,28,1994,2,0,12,0.1,0,0,0,0,0,0,0,0,0.0,0.0,0.0,0.0,0,1,0,0.00,0.00,0.00,0.00,0.00,0.00,0.00,0.00,0.00,0.00,Matches,2022-2023
310,Douglas Luiz,br BRA,MF,Aston Villa,24,1998,37,33,2927,32.5,6,6,12,6,0,0,6,1,2.8,2.8,4.4,7.2,48,148,35,0.18,0.18,0.37,0.18,0.37,0.09,0.14,0.22,0.09,0.22,Matches,2022-2023
311,Saša Lukić,rs SRB,MF,Fulham,25,1996,12,4,412,4.6,0,0,0,0,0,0,1,0,0.1,0.1,0.0,0.1,8,13,5,0.00,0.00,0.00,0.00,0.00,0.03,0.00,0.03,0.03,0.03,Matches,2022-2023
312,Lyanco,br BRA,DF,Southampton,25,1997,21,11,1180,13.1,1,1,2,1,0,0,4,0,0.6,0.6,0.5,1.0,13,35,4,0.08,0.08,0.15,0.08,0.15,0.04,0.04,0.08,0.04,0.08,Matches,2022-2023
313,Alexis Mac Allister,ar ARG,MF,Brighton,23,1998,35,31,2886,32.1,10,2,12,4,6,6,8,0,12.1,7.3,4.3,11.6,69,174,77,0.31,0.06,0.37,0.12,0.19,0.38,0.13,0.51,0.23,0.36,Matches,2022-2023
314,James Maddison,eng ENG,"MF,FW",Leicester City,25,1996,30,28,2480,27.6,10,9,19,9,1,2,10,0,8.7,6.6,9.3,15.9,77,151,155,0.36,0.33,0.69,0.33,0.65,0.31,0.34,0.65,0.24,0.58,Matches,2022-2023
315,Noni Madueke,eng ENG,FW,Chelsea,20,2002,12,7,643,7.1,1,0,1,1,0,0,0,0,0.9,0.9,0.5,1.5,48,36,100,0.14,0.00,0.14,0.14,0.14,0.13,0.07,0.20,0.13,0.20,Matches,2022-2023
316,Gabriel Magalhães,br BRA,DF,Arsenal,24,1997,38,38,3409,37.9,3,0,3,3,0,0,5,0,5.1,5.1,0.3,5.3,18,153,16,0.08,0.00,0.08,0.08,0.08,0.13,0.01,0.14,0.13,0.14,Matches,2022-2023
317,Harry Maguire,eng ENG,DF,Manchester Utd,29,1993,16,8,767,8.5,0,0,0,0,0,0,4,0,0.3,0.3,0.0,0.4,8,26,4,0.00,0.00,0.00,0.00,0.00,0.04,0.00,0.04,0.04,0.04,Matches,2022-2023
318,Riyad Mahrez,dz ALG,"FW,MF",Manchester City,31,1991,30,22,1920,21.3,5,10,15,4,1,1,2,0,5.6,4.8,7.0,11.8,78,76,242,0.23,0.47,0.70,0.19,0.66,0.26,0.33,0.59,0.22,0.55,Matches,2022-2023
319,Kobbie Mainoo,eng ENG,MF,Manchester Utd,17,2005,1,0,11,0.1,0,0,0,0,0,0,0,0,0.0,0.0,0.0,0.0,2,1,1,0.00,0.00,0.00,0.00,0.00,0.00,0.00,0.00,0.00,0.00,Matches,2022-2023
320,Ainsley Maitland-Niles,eng ENG,"DF,MF",Southampton,24,1997,22,13,1407,15.6,0,0,0,0,0,0,3,0,0.0,0.0,0.7,0.7,15,57,35,0.00,0.00,0.00,0.00,0.00,0.00,0.05,0.05,0.00,0.05,Matches,2022-2023
321,Tyrell Malacia,nl NED,DF,Manchester Utd,22,1999,22,14,1396,15.5,0,0,0,0,0,0,6,0,0.2,0.2,0.7,0.9,19,44,33,0.00,0.00,0.00,0.00,0.00,0.02,0.04,0.06,0.02,0.06,Matches,2022-2023
322,Orel Mangala,be BEL,MF,Nott'ham Forest,24,1998,27,20,1550,17.2,1,1,2,1,0,0,3,0,0.6,0.6,0.4,0.9,14,43,8,0.06,0.06,0.12,0.06,0.12,0.03,0.02,0.06,0.03,0.06,Matches,2022-2023
323,Javier Manquillo,es ESP,DF,Newcastle Utd,28,1994,4,0,37,0.4,0,0,0,0,0,0,0,0,0.0,0.0,0.0,0.0,2,4,1,0.00,0.00,0.00,0.00,0.00,0.00,0.00,0.00,0.00,0.00,Matches,2022-2023
324,Sekou Mara,fr FRA,"FW,MF",Southampton,20,2002,22,4,555,6.2,1,2,3,1,0,0,1,0,1.0,1.0,0.8,1.8,7,7,27,0.16,0.32,0.49,0.16,0.49,0.17,0.12,0.29,0.17,0.29,Matches,2022-2023
325,Solly March,eng ENG,"FW,DF",Brighton,28,1994,33,31,2715,30.2,7,7,14,7,0,0,2,0,8.1,8.1,8.4,16.5,110,135,357,0.23,0.23,0.46,0.23,0.46,0.27,0.28,0.55,0.27,0.55,Matches,2022-2023
326,Emiliano Marcondes,dk DEN,MF,Bournemouth,27,1995,1,0,9,0.1,0,0,0,0,0,0,0,0,0.0,0.0,0.0,0.0,0,1,0,0.00,0.00,0.00,0.00,0.00,0.00,0.00,0.00,0.00,0.00,Matches,2022-2023
327,Marquinhos,br BRA,MF,Arsenal,19,2003,1,0,1,0.0,0,0,0,0,0,0,0,0,0.0,0.0,0.0,0.0,0,0,0,0.00,0.00,0.00,0.00,0.00,0.00,0.00,0.00,0.00,0.00,Matches,2022-2023
328,Anthony Martial,fr FRA,FW,Manchester Utd,26,1995,21,11,978,10.9,6,2,8,5,1,1,0,0,6.2,5.5,1.4,6.9,18,35,87,0.55,0.18,0.74,0.46,0.64,0.58,0.13,0.70,0.50,0.63,Matches,2022-2023
329,Gabriel Martinelli,br BRA,FW,Arsenal,21,2001,36,34,2789,31.0,15,5,20,15,0,0,3,0,9.1,9.1,9.1,18.2,124,94,350,0.48,0.16,0.65,0.48,0.65,0.29,0.29,0.59,0.29,0.59,Matches,2022-2023
330,Emiliano Martínez,ar ARG,GK,Aston Villa,29,1992,36,36,3139,34.9,0,0,0,0,0,0,7,0,0.0,0.0,0.3,0.3,0,0,0,0.00,0.00,0.00,0.00,0.00,0.00,0.01,0.01,0.00,0.01,Matches,2022-2023
331,Lisandro Martínez,ar ARG,DF,Manchester Utd,24,1998,27,24,2114,23.5,1,0,1,1,0,0,6,0,0.5,0.5,0.3,0.8,12,83,2,0.04,0.00,0.04,0.04,0.04,0.02,0.01,0.03,0.02,0.03,Matches,2022-2023
332,Pape Matar Sarr,sn SEN,"MF,FW",Tottenham,19,2002,11,2,218,2.4,0,1,1,0,0,0,1,0,0.1,0.1,0.3,0.4,1,13,0,0.00,0.41,0.41,0.00,0.41,0.03,0.14,0.17,0.03,0.17,Matches,2022-2023
333,Jean-Philippe Mateta,fr FRA,FW,Crystal Palace,25,1997,29,6,770,8.6,2,0,2,2,0,0,3,0,3.4,3.4,0.6,4.0,9,6,43,0.23,0.00,0.23,0.23,0.23,0.39,0.07,0.47,0.39,0.47,Matches,2022-2023
334,Joël Matip,cm CMR,DF,Liverpool,30,1991,14,12,1092,12.1,1,0,1,1,0,0,3,0,0.7,0.7,0.3,1.0,28,59,2,0.08,0.00,0.08,0.08,0.08,0.06,0.02,0.08,0.06,0.08,Matches,2022-2023
335,Neal Maupay,fr FRA,FW,Everton,25,1996,27,11,1118,12.4,1,0,1,1,0,0,4,0,4.8,4.8,0.6,5.4,8,11,61,0.08,0.00,0.08,0.08,0.08,0.39,0.05,0.43,0.39,0.43,Matches,2022-2023
336,Kevin Mbabu,ch SUI,"DF,FW",Fulham,27,1995,6,1,144,1.6,0,1,1,0,0,0,1,0,0.0,0.0,0.4,0.4,4,8,11,0.00,0.62,0.62,0.00,0.62,0.00,0.25,0.25,0.00,0.25,Matches,2022-2023
337,Bryan Mbeumo,cm CMR,FW,Brentford,22,1999,38,36,2906,32.3,9,8,17,8,1,1,5,0,9.6,8.8,7.5,16.3,66,88,235,0.28,0.25,0.53,0.25,0.50,0.30,0.23,0.53,0.27,0.50,Matches,2022-2023
338,James McArthur,sct SCO,MF,Crystal Palace,34,1987,4,0,54,0.6,0,0,0,0,0,0,0,0,0.0,0.0,0.0,0.0,0,1,0,0.00,0.00,0.00,0.00,0.00,0.00,0.00,0.00,0.00,0.00,Matches,2022-2023
339,Alex McCarthy,eng ENG,GK,Southampton,32,1989,6,6,540,6.0,0,0,0,0,0,0,0,0,0.0,0.0,0.0,0.0,0,0,0,0.00,0.00,0.00,0.00,0.00,0.00,0.00,0.00,0.00,0.00,Matches,2022-2023
340,John McGinn,sct SCO,"MF,FW",Aston Villa,27,1994,34,30,2693,29.9,1,3,4,1,0,0,7,0,2.4,2.4,2.6,5.0,34,140,66,0.03,0.10,0.13,0.03,0.13,0.08,0.09,0.17,0.08,0.17,Matches,2022-2023
341,Scott McKenna,sct SCO,DF,Nott'ham Forest,25,1996,20,19,1571,17.5,0,0,0,0,0,0,4,0,0.1,0.1,1.0,1.1,5,35,2,0.00,0.00,0.00,0.00,0.00,0.00,0.06,0.06,0.00,0.06,Matches,2022-2023
342,Weston McKennie,us USA,MF,Leeds United,23,1998,19,16,1437,16.0,0,1,1,0,0,0,7,0,0.8,0.8,0.7,1.4,14,82,33,0.00,0.06,0.06,0.00,0.06,0.05,0.04,0.09,0.05,0.09,Matches,2022-2023
343,Dwight McNeil,eng ENG,"FW,MF",Everton,22,1999,36,28,2498,27.8,7,3,10,7,0,0,5,0,3.5,3.5,6.1,9.6,76,69,128,0.25,0.11,0.36,0.25,0.36,0.13,0.22,0.35,0.13,0.35,Matches,2022-2023
344,Scott McTominay,sct SCO,MF,Manchester Utd,25,1996,24,10,1160,12.9,1,0,1,1,0,0,8,0,1.9,1.9,0.6,2.5,20,33,19,0.08,0.00,0.08,0.08,0.08,0.15,0.04,0.19,0.15,0.19,Matches,2022-2023
345,Ben Mee,eng ENG,DF,Brentford,32,1989,37,37,3269,36.3,3,1,4,3,0,0,2,0,3.1,3.1,1.3,4.5,8,84,14,0.08,0.03,0.11,0.08,0.11,0.09,0.04,0.12,0.09,0.12,Matches,2022-2023
346,Edouard Mendy,sn SEN,GK,Chelsea,30,1992,10,9,855,9.5,0,0,0,0,0,0,1,0,0.0,0.0,0.0,0.0,0,0,0,0.00,0.00,0.00,0.00,0.00,0.00,0.00,0.00,0.00,0.00,Matches,2022-2023
347,Nampalys Mendy,sn SEN,MF,Leicester City,30,1992,19,7,757,8.4,1,0,1,1,0,0,1,0,0.1,0.1,0.0,0.2,2,28,4,0.12,0.00,0.12,0.12,0.12,0.02,0.00,0.02,0.02,0.02,Matches,2022-2023
348,Chris Mepham,wls WAL,DF,Bournemouth,24,1997,26,24,2199,24.4,0,0,0,0,0,0,7,0,0.7,0.7,0.2,0.9,2,42,1,0.00,0.00,0.00,0.00,0.00,0.03,0.01,0.04,0.03,0.04,Matches,2022-2023
349,Illan Meslier,fr FRA,GK,Leeds United,22,2000,34,34,3060,34.0,0,0,0,0,0,0,3,0,0.1,0.1,0.0,0.1,0,0,0,0.00,0.00,0.00,0.00,0.00,0.00,0.00,0.00,0.00,0.00,Matches,2022-2023
350,Alex Mighten,eng ENG,FW,Nott'ham Forest,20,2002,1,0,8,0.1,0,0,0,0,0,0,0,0,0.0,0.0,0.0,0.0,0,0,1,0.00,0.00,0.00,0.00,0.00,0.00,0.00,0.00,0.00,0.00,Matches,2022-2023
351,Lewis Miley,eng ENG,MF,Newcastle Utd,16,2006,1,0,15,0.2,0,0,0,0,0,0,0,0,0.1,0.1,0.0,0.1,0,0,0,0.00,0.00,0.00,0.00,0.00,0.42,0.00,0.42,0.42,0.42,Matches,2022-2023
352,Luka Milivojević,rs SRB,MF,Crystal Palace,31,1991,18,5,512,5.7,0,0,0,0,0,0,2,0,0.3,0.3,0.2,0.5,2,20,2,0.00,0.00,0.00,0.00,0.00,0.06,0.03,0.09,0.06,0.09,Matches,2022-2023
353,James Milner,eng ENG,"MF,DF",Liverpool,36,1986,31,7,913,10.1,0,1,1,0,0,0,2,0,0.4,0.4,0.9,1.3,21,70,78,0.00,0.10,0.10,0.00,0.10,0.04,0.09,0.13,0.04,0.13,Matches,2022-2023
354,Yerry Mina,co COL,DF,Everton,27,1994,7,7,594,6.6,2,0,2,2,0,0,2,0,1.5,1.5,0.1,1.6,1,13,3,0.30,0.00,0.30,0.30,0.30,0.22,0.02,0.24,0.22,0.24,Matches,2022-2023
355,Tyrone Mings,eng ENG,DF,Aston Villa,29,1993,35,35,3150,35.0,1,2,3,1,0,0,7,0,1.2,1.2,1.4,2.6,20,111,7,0.03,0.06,0.09,0.03,0.09,0.03,0.04,0.07,0.03,0.07,Matches,2022-2023
356,Tyrick Mitchell,eng ENG,DF,Crystal Palace,22,1999,36,34,2891,32.1,0,2,2,0,0,0,5,1,0.6,0.6,1.2,1.8,23,106,90,0.00,0.06,0.06,0.00,0.06,0.02,0.04,0.05,0.02,0.05,Matches,2022-2023
357,Kaoru Mitoma,jp JPN,"FW,MF",Brighton,25,1997,33,24,2318,25.8,7,5,12,7,0,0,0,0,8.1,8.1,6.4,14.5,143,90,260,0.27,0.19,0.47,0.27,0.47,0.31,0.25,0.56,0.31,0.56,Matches,2022-2023
358,Aleksandar Mitrović,rs SRB,FW,Fulham,27,1994,24,23,2008,22.3,14,1,15,10,4,8,7,0,14.9,8.6,2.3,10.9,24,44,97,0.63,0.04,0.67,0.45,0.49,0.67,0.10,0.77,0.39,0.49,Matches,2022-2023
359,Kieffer Moore,wls WAL,FW,Bournemouth,29,1992,27,12,1279,14.2,4,0,4,4,0,0,1,0,4.4,4.4,0.3,4.7,10,23,56,0.28,0.00,0.28,0.28,0.28,0.31,0.02,0.33,0.31,0.33,Matches,2022-2023
360,Andrew Moran,ie IRL,FW,Brighton,18,2003,1,0,12,0.1,0,0,0,0,0,0,0,0,0.0,0.0,0.0,0.0,0,0,1,0.00,0.00,0.00,0.00,0.00,0.00,0.00,0.00,0.00,0.00,Matches,2022-2023
361,Álex Moreno,es ESP,DF,Aston Villa,29,1993,19,14,1329,14.8,0,3,3,0,0,0,3,0,0.6,0.6,3.0,3.7,65,37,122,0.00,0.20,0.20,0.00,0.20,0.04,0.21,0.25,0.04,0.25,Matches,2022-2023
362,Mason Mount,eng ENG,"MF,FW",Chelsea,23,1999,24,20,1648,18.3,3,2,5,3,0,0,4,0,2.0,2.0,3.0,5.0,48,98,114,0.16,0.11,0.27,0.16,0.27,0.11,0.16,0.27,0.11,0.27,Matches,2022-2023
363,Lucas Moura,br BRA,"MF,DF",Tottenham,29,1992,15,0,153,1.7,1,0,1,1,0,0,0,1,0.5,0.5,0.3,0.9,4,13,15,0.59,0.00,0.59,0.59,0.59,0.32,0.20,0.51,0.32,0.51,Matches,2022-2023
364,João Moutinho,pt POR,MF,Wolves,35,1986,31,20,1780,19.8,0,2,2,0,0,0,3,0,1.3,1.3,2.6,3.9,23,132,32,0.00,0.10,0.10,0.00,0.10,0.07,0.13,0.20,0.07,0.20,Matches,2022-2023
365,Divin Mubama,eng ENG,FW,West Ham,17,2004,3,0,38,0.4,0,0,0,0,0,0,0,0,0.0,0.0,0.0,0.0,0,0,1,0.00,0.00,0.00,0.00,0.00,0.00,0.07,0.07,0.00,0.07,Matches,2022-2023
366,Mykhailo Mudryk,ua UKR,"FW,MF",Chelsea,21,2001,15,7,657,7.3,0,2,2,0,0,0,1,0,1.9,1.9,0.9,2.8,25,20,43,0.00,0.27,0.27,0.00,0.27,0.25,0.13,0.38,0.25,0.38,Matches,2022-2023
367,Jacob Murphy,eng ENG,FW,Newcastle Utd,27,1995,36,14,1251,13.9,4,2,6,4,0,0,0,0,3.3,3.3,2.8,6.1,67,57,141,0.29,0.14,0.43,0.29,0.43,0.24,0.20,0.44,0.24,0.44,Matches,2022-2023
368,Enock Mwepu,zm ZAM,"FW,MF",Brighton,24,1998,6,2,213,2.4,0,1,1,0,0,0,0,0,0.2,0.2,0.5,0.7,5,6,17,0.00,0.42,0.42,0.00,0.42,0.09,0.20,0.29,0.09,0.29,Matches,2022-2023
369,Vitaliy Mykolenko,ua UKR,DF,Everton,23,1999,34,30,2655,29.5,0,0,0,0,0,0,4,0,0.5,0.5,1.2,1.8,31,100,72,0.00,0.00,0.00,0.00,0.00,0.02,0.04,0.06,0.02,0.06,Matches,2022-2023
370,Keylor Navas,cr CRC,GK,Nott'ham Forest,35,1986,17,17,1529,17.0,0,0,0,0,0,0,2,0,0.0,0.0,0.0,0.0,0,1,0,0.00,0.00,0.00,0.00,0.00,0.00,0.00,0.00,0.00,0.00,Matches,2022-2023
371,Wilfred Ndidi,ng NGA,MF,Leicester City,25,1996,27,19,1679,18.7,0,0,0,0,0,0,4,0,0.2,0.2,0.1,0.3,11,51,7,0.00,0.00,0.00,0.00,0.00,0.01,0.00,0.01,0.01,0.01,Matches,2022-2023
372,Reiss Nelson,eng ENG,FW,Arsenal,22,1999,11,0,212,2.4,3,2,5,3,0,0,0,0,1.1,1.1,1.4,2.4,19,6,34,1.27,0.85,2.12,1.27,2.12,0.46,0.58,1.04,0.46,1.04,Matches,2022-2023
373,Neto,br BRA,GK,Bournemouth,33,1989,27,27,2385,26.5,0,0,0,0,0,0,4,0,0.0,0.0,0.0,0.0,0,0,0,0.00,0.00,0.00,0.00,0.00,0.00,0.00,0.00,0.00,0.00,Matches,2022-2023
374,Pedro Neto,pt POR,"FW,MF",Wolves,22,2000,18,13,964,10.7,0,0,0,0,0,0,1,0,1.1,1.1,2.1,3.2,37,24,111,0.00,0.00,0.00,0.00,0.00,0.10,0.20,0.30,0.10,0.30,Matches,2022-2023
375,Rúben Neves,pt POR,MF,Wolves,25,1997,35,33,3019,33.5,6,1,7,3,3,3,12,0,5.2,2.8,1.6,4.4,28,218,18,0.18,0.03,0.21,0.09,0.12,0.15,0.05,0.20,0.08,0.13,Matches,2022-2023
376,Moussa Niakhate,sn SEN,DF,Nott'ham Forest,26,1996,14,14,1163,12.9,0,0,0,0,0,0,1,0,0.6,0.6,0.1,0.7,2,15,3,0.00,0.00,0.00,0.00,0.00,0.05,0.01,0.06,0.05,0.06,Matches,2022-2023
377,Eddie Nketiah,eng ENG,FW,Arsenal,23,1999,30,9,1089,12.1,4,1,5,4,0,0,3,0,8.2,8.2,1.1,9.3,32,15,82,0.33,0.08,0.41,0.33,0.41,0.68,0.09,0.76,0.68,0.76,Matches,2022-2023
378,Matheus Nunes,pt POR,MF,Wolves,23,1998,34,30,2467,27.4,1,1,2,1,0,0,2,1,2.4,2.4,2.2,4.7,59,84,129,0.04,0.04,0.07,0.04,0.07,0.09,0.08,0.17,0.09,0.17,Matches,2022-2023
379,Darwin Núñez,uy URU,FW,Liverpool,23,1999,29,19,1695,18.8,9,3,12,9,0,0,1,1,11.6,11.6,5.4,16.9,61,29,181,0.48,0.16,0.64,0.48,0.64,0.61,0.28,0.90,0.61,0.90,Matches,2022-2023
380,Ethan Nwaneri,eng ENG,FW,Arsenal,15,2007,1,0,1,0.0,0,0,0,0,0,0,0,0,0.0,0.0,0.0,0.0,0,0,0,0.00,0.00,0.00,0.00,0.00,0.00,0.00,0.00,0.00,0.00,Matches,2022-2023
381,Christian Nørgaard,dk DEN,MF,Brentford,28,1994,22,21,1763,19.6,1,3,4,1,0,0,6,0,1.6,1.6,3.1,4.7,4,73,8,0.05,0.15,0.20,0.05,0.20,0.08,0.16,0.24,0.08,0.24,Matches,2022-2023
382,Lewis O'Brien,eng ENG,MF,Nott'ham Forest,23,1998,13,6,584,6.5,1,0,1,1,0,0,2,0,0.3,0.3,0.2,0.5,13,21,3,0.15,0.00,0.15,0.15,0.15,0.05,0.03,0.08,0.05,0.08,Matches,2022-2023
383,Odeluga Offiah,eng ENG,DF,Brighton,19,2002,2,0,25,0.3,0,0,0,0,0,0,0,0,0.0,0.0,0.0,0.0,1,1,1,0.00,0.00,0.00,0.00,0.00,0.00,0.00,0.00,0.00,0.00,Matches,2022-2023
384,Angelo Ogbonna,it ITA,DF,West Ham,34,1988,16,13,1237,13.7,0,0,0,0,0,0,0,0,0.3,0.3,0.2,0.5,0,11,2,0.00,0.00,0.00,0.00,0.00,0.02,0.02,0.03,0.02,0.03,Matches,2022-2023
385,Michael Olise,fr FRA,"FW,MF",Crystal Palace,20,2001,37,31,2749,30.5,2,11,13,2,0,0,2,0,2.9,2.9,8.7,11.6,111,133,243,0.07,0.36,0.43,0.07,0.43,0.09,0.29,0.38,0.09,0.38,Matches,2022-2023
386,Robin Olsen,se SWE,GK,Aston Villa,32,1990,4,2,281,3.1,0,0,0,0,0,0,0,0,0.0,0.0,0.0,0.0,0,0,0,0.00,0.00,0.00,0.00,0.00,0.00,0.00,0.00,0.00,0.00,Matches,2022-2023
387,Amadou Onana,be BEL,MF,Everton,20,2001,33,29,2488,27.6,1,2,3,1,0,0,9,0,3.0,3.0,2.6,5.6,27,79,49,0.04,0.07,0.11,0.04,0.11,0.11,0.09,0.20,0.11,0.20,Matches,2022-2023
388,Josh Onomah,eng ENG,MF,Fulham,25,1997,2,0,15,0.2,0,0,0,0,0,0,0,0,0.0,0.0,0.0,0.0,1,0,0,0.00,0.00,0.00,0.00,0.00,0.00,0.00,0.00,0.00,0.00,Matches,2022-2023
389,Paul Onuachu,ng NGA,FW,Southampton,28,1994,11,4,407,4.5,0,0,0,0,0,0,0,0,1.3,1.3,0.1,1.4,1,7,22,0.00,0.00,0.00,0.00,0.00,0.28,0.03,0.31,0.28,0.31,Matches,2022-2023
390,Frank Onyeka,ng NGA,MF,Brentford,24,1998,21,8,848,9.4,0,2,2,0,0,0,0,0,1.0,1.0,0.6,1.6,9,28,21,0.00,0.21,0.21,0.00,0.21,0.11,0.07,0.18,0.11,0.18,Matches,2022-2023
391,Mislav Oršić,hr CRO,MF,Southampton,29,1992,1,0,7,0.1,0,0,0,0,0,0,0,0,0.0,0.0,0.0,0.0,0,0,0,0.00,0.00,0.00,0.00,0.00,0.00,0.00,0.00,0.00,0.00,Matches,2022-2023
392,Stefan Ortega,de GER,GK,Manchester City,29,1992,3,3,270,3.0,0,0,0,0,0,0,0,0,0.0,0.0,0.0,0.0,0,0,0,0.00,0.00,0.00,0.00,0.00,0.00,0.00,0.00,0.00,0.00,Matches,2022-2023
393,Dango Ouattara,bf BFA,"MF,FW",Bournemouth,20,2002,19,15,1241,13.8,1,3,4,1,0,0,1,0,3.6,3.6,2.5,6.1,39,23,87,0.07,0.22,0.29,0.07,0.29,0.26,0.18,0.44,0.26,0.44,Matches,2022-2023
394,Alex Oxlade-Chamberlain,eng ENG,"FW,MF",Liverpool,28,1993,9,4,335,3.7,1,0,1,1,0,0,0,0,1.2,1.2,0.6,1.8,11,14,28,0.27,0.00,0.27,0.27,0.27,0.32,0.17,0.49,0.32,0.49,Matches,2022-2023
395,David Ozoh,eng ENG,FW,Crystal Palace,17,2005,1,0,1,0.0,0,0,0,0,0,0,0,0,0.0,0.0,0.0,0.0,0,0,0,0.00,0.00,0.00,0.00,0.00,0.00,0.00,0.00,0.00,0.00,Matches,2022-2023
396,João Palhinha,pt POR,MF,Fulham,27,1995,35,35,3108,34.5,3,0,3,3,0,0,14,0,2.9,2.9,0.4,3.3,8,101,18,0.09,0.00,0.09,0.09,0.09,0.08,0.01,0.10,0.08,0.10,Matches,2022-2023
397,Cole Palmer,eng ENG,"MF,FW",Manchester City,20,2002,14,2,370,4.1,0,1,1,0,0,0,1,0,1.2,1.2,0.6,1.8,29,13,40,0.00,0.24,0.24,0.00,0.24,0.30,0.14,0.44,0.30,0.44,Matches,2022-2023
398,Emerson Palmieri,it ITA,DF,West Ham,27,1994,22,16,1320,14.7,1,0,1,1,0,0,2,0,0.8,0.8,0.9,1.7,39,45,57,0.07,0.00,0.07,0.07,0.07,0.05,0.06,0.12,0.05,0.12,Matches,2022-2023
399,Lucas Paquetá,br BRA,MF,West Ham,24,1997,28,27,2151,23.9,4,3,7,3,1,1,5,0,4.4,3.6,2.5,6.1,25,147,63,0.17,0.13,0.29,0.13,0.25,0.18,0.10,0.29,0.15,0.25,Matches,2022-2023
400,Thomas Partey,gh GHA,MF,Arsenal,29,1993,33,28,2483,27.6,3,0,3,3,0,0,5,0,2.2,2.2,1.5,3.8,34,231,35,0.11,0.00,0.11,0.11,0.11,0.08,0.06,0.14,0.08,0.14,Matches,2022-2023
401,Nathan Patterson,sct SCO,"DF,MF",Everton,20,2001,19,14,1279,14.2,0,0,0,0,0,0,3,0,0.5,0.5,0.4,0.9,16,24,51,0.00,0.00,0.00,0.00,0.00,0.03,0.03,0.07,0.03,0.07,Matches,2022-2023
402,Ben Pearson,eng ENG,MF,Bournemouth,27,1995,7,3,286,3.2,0,0,0,0,0,0,1,0,0.0,0.0,0.0,0.0,2,5,4,0.00,0.00,0.00,0.00,0.00,0.01,0.00,0.01,0.01,0.01,Matches,2022-2023
403,Facundo Pellistri,uy URU,"FW,MF",Manchester Utd,20,2001,4,0,64,0.7,0,0,0,0,0,0,0,0,0.0,0.0,0.0,0.0,1,1,2,0.00,0.00,0.00,0.00,0.00,0.00,0.00,0.00,0.00,0.00,Matches,2022-2023
404,Andreas Pereira,br BRA,MF,Fulham,26,1996,33,33,2692,29.9,4,6,10,3,1,1,8,0,7.3,6.5,5.2,11.7,53,121,133,0.13,0.20,0.33,0.10,0.30,0.24,0.17,0.42,0.22,0.39,Matches,2022-2023
405,Ricardo Pereira,pt POR,"DF,MF",Leicester City,28,1993,10,5,454,5.0,1,1,2,1,0,0,2,0,0.1,0.1,0.6,0.7,5,27,14,0.20,0.20,0.40,0.20,0.40,0.02,0.12,0.14,0.02,0.14,Matches,2022-2023
406,Ayoze Pérez,es ESP,"MF,FW",Leicester City,29,1993,8,3,382,4.2,0,1,1,0,0,0,0,0,1.1,1.1,1.5,2.6,17,20,43,0.00,0.24,0.24,0.00,0.24,0.27,0.35,0.62,0.27,0.62,Matches,2022-2023
407,Ivan Perišić,hr CRO,"DF,MF",Tottenham,33,1989,34,23,2108,23.4,1,8,9,1,0,0,6,0,2.6,2.6,6.1,8.8,87,61,181,0.04,0.34,0.38,0.04,0.38,0.11,0.26,0.37,0.11,0.37,Matches,2022-2023
408,Romain Perraud,fr FRA,DF,Southampton,24,1997,29,22,1835,20.4,2,2,4,2,0,0,4,0,1.3,1.3,1.9,3.2,33,62,122,0.10,0.10,0.20,0.10,0.20,0.06,0.09,0.16,0.06,0.16,Matches,2022-2023
409,Máximo Perrone,ar ARG,MF,Manchester City,19,2003,1,0,19,0.2,0,0,0,0,0,0,0,0,0.0,0.0,0.0,0.0,0,2,1,0.00,0.00,0.00,0.00,0.00,0.00,0.00,0.00,0.00,0.00,Matches,2022-2023
410,Cameron Peupion,au AUS,MF,Brighton,19,2002,1,0,6,0.1,0,0,0,0,0,0,0,0,0.1,0.1,0.0,0.1,0,0,2,0.00,0.00,0.00,0.00,0.00,0.90,0.00,0.90,0.90,0.90,Matches,2022-2023
411,Kalvin Phillips,eng ENG,MF,Manchester City,26,1995,12,2,300,3.3,0,0,0,0,0,0,1,0,0.3,0.3,0.2,0.5,1,18,2,0.00,0.00,0.00,0.00,0.00,0.10,0.05,0.14,0.10,0.14,Matches,2022-2023
412,Nathaniel Phillips,eng ENG,DF,Liverpool,25,1997,2,1,66,0.7,0,0,0,0,0,0,0,0,0.0,0.0,0.0,0.0,0,9,0,0.00,0.00,0.00,0.00,0.00,0.06,0.00,0.06,0.06,0.06,Matches,2022-2023
413,Jordan Pickford,eng ENG,GK,Everton,28,1994,37,37,3330,37.0,0,1,1,0,0,0,6,0,0.0,0.0,0.1,0.1,0,2,0,0.00,0.03,0.03,0.00,0.03,0.00,0.00,0.00,0.00,0.00,Matches,2022-2023
414,Ethan Pinnock,jm JAM,DF,Brentford,29,1993,30,30,2700,30.0,3,0,3,3,0,0,0,0,3.0,3.0,1.0,4.0,2,52,16,0.10,0.00,0.10,0.10,0.10,0.10,0.03,0.13,0.10,0.13,Matches,2022-2023
415,Daniel Podence,pt POR,"FW,MF",Wolves,26,1995,32,20,1771,19.7,6,0,6,6,0,0,5,0,3.9,3.9,2.5,6.4,43,95,148,0.30,0.00,0.30,0.30,0.30,0.20,0.13,0.33,0.20,0.33,Matches,2022-2023
416,Nick Pope,eng ENG,GK,Newcastle Utd,30,1992,37,37,3261,36.2,0,0,0,0,0,0,3,1,0.0,0.0,0.1,0.1,0,1,0,0.00,0.00,0.00,0.00,0.00,0.00,0.00,0.00,0.00,0.00,Matches,2022-2023
417,Pedro Porro,es ESP,"DF,MF",Tottenham,22,1999,15,13,1131,12.6,3,3,6,3,0,0,0,0,1.8,1.8,3.0,4.8,34,39,95,0.24,0.24,0.48,0.24,0.48,0.15,0.24,0.38,0.15,0.38,Matches,2022-2023
418,Dennis Praet,be BEL,"MF,FW",Leicester City,28,1994,22,6,649,7.2,1,0,1,1,0,0,1,0,1.0,1.0,0.5,1.5,15,17,42,0.14,0.00,0.14,0.14,0.14,0.14,0.06,0.21,0.14,0.21,Matches,2022-2023
419,Isaac Price,nir NIR,MF,Everton,18,2003,1,0,33,0.4,0,0,0,0,0,0,1,0,0.0,0.0,0.1,0.1,1,1,0,0.00,0.00,0.00,0.00,0.00,0.00,0.26,0.26,0.00,0.26,Matches,2022-2023
420,Christian Pulisic,us USA,"FW,DF",Chelsea,23,1998,24,8,821,9.1,1,1,2,1,0,0,1,0,1.7,1.7,0.7,2.3,35,23,76,0.11,0.11,0.22,0.11,0.22,0.18,0.07,0.26,0.18,0.26,Matches,2022-2023
421,Aaron Ramsdale,eng ENG,GK,Arsenal,24,1998,38,38,3420,38.0,0,0,0,0,0,0,1,0,0.0,0.0,0.0,0.0,0,8,0,0.00,0.00,0.00,0.00,0.00,0.00,0.00,0.00,0.00,0.00,Matches,2022-2023
422,Jacob Ramsey,eng ENG,"MF,FW",Aston Villa,21,2001,35,31,2636,29.3,6,7,13,6,0,0,5,0,5.0,5.0,5.1,10.1,94,98,119,0.20,0.24,0.44,0.20,0.44,0.17,0.17,0.34,0.17,0.34,Matches,2022-2023
423,Marcus Rashford,eng ENG,FW,Manchester Utd,24,1997,35,32,2879,32.0,17,5,22,17,0,0,2,0,15.4,15.4,3.4,18.8,85,88,245,0.53,0.16,0.69,0.53,0.69,0.48,0.11,0.59,0.48,0.59,Matches,2022-2023
424,David Raya,es ESP,GK,Brentford,26,1995,38,38,3420,38.0,0,0,0,0,0,0,1,0,0.1,0.1,0.1,0.3,0,13,0,0.00,0.00,0.00,0.00,0.00,0.00,0.00,0.01,0.00,0.01,Matches,2022-2023
425,Tim Ream,us USA,DF,Fulham,34,1987,33,33,2897,32.2,1,0,1,1,0,0,2,0,0.3,0.3,0.1,0.4,28,142,2,0.03,0.00,0.03,0.03,0.03,0.01,0.00,0.01,0.01,0.01,Matches,2022-2023
426,Nathan Redmond,eng ENG,DF,Southampton,28,1994,1,0,1,0.0,0,0,0,0,0,0,0,0,0.0,0.0,0.0,0.0,0,0,1,0.00,0.00,0.00,0.00,0.00,0.00,0.00,0.00,0.00,0.00,Matches,2022-2023
427,Harrison Reed,eng ENG,MF,Fulham,27,1995,37,35,2866,31.8,3,4,7,3,0,0,5,0,1.9,1.9,4.1,6.0,30,102,107,0.09,0.13,0.22,0.09,0.22,0.06,0.13,0.19,0.06,0.19,Matches,2022-2023
428,Bobby Reid,jm JAM,"FW,DF",Fulham,29,1993,36,29,2475,27.5,4,1,5,4,0,0,8,0,3.9,3.9,1.7,5.6,46,63,186,0.15,0.04,0.18,0.15,0.18,0.14,0.06,0.20,0.14,0.20,Matches,2022-2023
429,Declan Rice,eng ENG,MF,West Ham,23,1999,37,36,3273,36.4,4,1,5,4,0,1,5,0,2.4,1.6,3.2,4.8,89,240,37,0.11,0.03,0.14,0.11,0.14,0.07,0.09,0.15,0.04,0.13,Matches,2022-2023
430,Chris Richards,us USA,DF,Crystal Palace,22,2000,9,4,447,5.0,0,0,0,0,0,0,0,0,0.7,0.7,0.3,1.0,4,14,3,0.00,0.00,0.00,0.00,0.00,0.14,0.05,0.20,0.14,0.20,Matches,2022-2023
431,Richarlison,br BRA,"MF,FW",Tottenham,25,1997,27,12,1010,11.2,1,3,4,1,0,0,3,0,3.3,3.3,2.2,5.5,33,28,75,0.09,0.27,0.36,0.09,0.36,0.29,0.19,0.49,0.29,0.49,Matches,2022-2023
432,Jaïro Riedewald,nl NED,"DF,MF",Crystal Palace,25,1996,6,0,64,0.7,0,0,0,0,0,0,0,0,0.1,0.1,0.0,0.1,1,1,1,0.00,0.00,0.00,0.00,0.00,0.10,0.00,0.10,0.10,0.10,Matches,2022-2023
433,Matt Ritchie,sct SCO,"FW,MF",Newcastle Utd,32,1989,7,0,39,0.4,0,0,0,0,0,0,0,0,0.0,0.0,0.1,0.1,1,1,9,0.00,0.00,0.00,0.00,0.00,0.00,0.24,0.24,0.00,0.24,Matches,2022-2023
434,Andrew Robertson,sct SCO,DF,Liverpool,28,1994,34,29,2583,28.7,0,8,8,0,0,0,3,0,1.3,1.3,6.1,7.4,80,166,194,0.00,0.28,0.28,0.00,0.28,0.05,0.21,0.26,0.05,0.26,Matches,2022-2023
435,Antonee Robinson,us USA,DF,Fulham,24,1997,35,35,3088,34.3,0,1,1,0,0,0,8,0,0.1,0.1,1.3,1.3,113,129,153,0.00,0.03,0.03,0.00,0.03,0.00,0.04,0.04,0.00,0.04,Matches,2022-2023
436,Joel Robles,es ESP,GK,Leeds United,32,1990,4,4,360,4.0,0,0,0,0,0,0,1,0,0.0,0.0,0.0,0.0,0,0,0,0.00,0.00,0.00,0.00,0.00,0.00,0.00,0.00,0.00,0.00,Matches,2022-2023
437,Marc Roca,es ESP,MF,Leeds United,25,1996,32,29,2315,25.7,1,2,3,1,0,0,7,0,2.1,2.1,2.9,5.0,25,172,28,0.04,0.08,0.12,0.04,0.12,0.08,0.11,0.19,0.08,0.19,Matches,2022-2023
438,Marek Rodák,sk SVK,GK,Fulham,25,1996,2,2,180,2.0,0,0,0,0,0,0,0,0,0.0,0.0,0.0,0.0,0,0,0,0.00,0.00,0.00,0.00,0.00,0.00,0.00,0.00,0.00,0.00,Matches,2022-2023
439,Rodri,es ESP,MF,Manchester City,26,1996,36,34,2911,32.3,2,6,8,2,0,0,5,0,4.6,4.6,4.1,8.7,76,260,37,0.06,0.19,0.25,0.06,0.25,0.14,0.13,0.27,0.14,0.27,Matches,2022-2023
440,Rodrigo,es ESP,"FW,MF",Leeds United,31,1991,31,23,1935,21.5,13,1,14,12,1,1,6,0,8.0,7.2,1.8,9.0,40,44,143,0.60,0.05,0.65,0.56,0.60,0.37,0.08,0.46,0.34,0.42,Matches,2022-2023
441,Mads Roerslev,dk DEN,DF,Brentford,23,1999,20,12,1108,12.3,0,0,0,0,0,0,0,0,0.3,0.3,1.2,1.5,8,19,36,0.00,0.00,0.00,0.00,0.00,0.02,0.10,0.12,0.02,0.12,Matches,2022-2023
442,Cristian Romero,ar ARG,DF,Tottenham,24,1998,27,26,2364,26.3,0,1,1,0,0,0,11,1,1.5,1.5,1.2,2.6,19,92,9,0.00,0.04,0.04,0.00,0.04,0.06,0.05,0.10,0.06,0.10,Matches,2022-2023
443,Oriol Romeu,es ESP,MF,Southampton,30,1991,1,1,74,0.8,0,0,0,0,0,0,0,0,0.0,0.0,0.0,0.0,2,4,0,0.00,0.00,0.00,0.00,0.00,0.00,0.00,0.00,0.00,0.00,Matches,2022-2023
444,Cristiano Ronaldo,pt POR,FW,Manchester Utd,37,1985,10,4,525,5.8,1,0,1,1,0,0,2,0,1.9,1.9,0.4,2.3,9,12,33,0.17,0.00,0.17,0.17,0.17,0.32,0.07,0.40,0.32,0.40,Matches,2022-2023
445,Connor Ronan,ie IRL,MF,Wolves,24,1998,1,0,1,0.0,0,0,0,0,0,0,0,0,0.0,0.0,0.0,0.0,0,0,1,0.00,0.00,0.00,0.00,0.00,0.00,0.00,0.00,0.00,0.00,Matches,2022-2023
446,Salomón Rondón,ve VEN,FW,Everton,32,1989,7,1,109,1.2,0,0,0,0,0,0,0,0,0.8,0.8,0.2,1.0,0,1,7,0.00,0.00,0.00,0.00,0.00,0.66,0.13,0.79,0.66,0.79,Matches,2022-2023
447,Joe Rothwell,eng ENG,MF,Bournemouth,27,1995,20,12,1016,11.3,0,1,1,0,0,0,1,0,0.1,0.1,1.0,1.2,12,33,12,0.00,0.09,0.09,0.00,0.09,0.01,0.09,0.10,0.01,0.10,Matches,2022-2023
448,Georginio Rutter,fr FRA,"FW,MF",Leeds United,20,2002,11,1,273,3.0,0,1,1,0,0,0,0,0,0.4,0.4,0.3,0.7,5,6,21,0.00,0.33,0.33,0.00,0.33,0.13,0.10,0.22,0.13,0.22,Matches,2022-2023
449,José Sá,pt POR,GK,Wolves,29,1993,36,36,3240,36.0,0,0,0,0,0,0,2,0,0.0,0.0,0.0,0.0,0,0,0,0.00,0.00,0.00,0.00,0.00,0.00,0.00,0.00,0.00,0.00,Matches,2022-2023
450,Marcel Sabitzer,at AUT,MF,Manchester Utd,28,1994,11,7,627,7.0,0,1,1,0,0,0,1,0,0.7,0.7,0.9,1.7,8,38,26,0.00,0.14,0.14,0.00,0.14,0.11,0.13,0.24,0.11,0.24,Matches,2022-2023
451,Allan Saint-Maximin,fr FRA,FW,Newcastle Utd,25,1997,25,12,1120,12.4,1,5,6,1,0,0,1,0,1.6,1.6,4.6,6.2,93,69,111,0.08,0.40,0.48,0.08,0.48,0.13,0.37,0.50,0.13,0.50,Matches,2022-2023
452,Bukayo Saka,eng ENG,FW,Arsenal,20,2001,38,37,3181,35.3,14,11,25,12,2,3,6,0,11.2,9.1,8.5,17.6,179,109,520,0.40,0.31,0.71,0.34,0.65,0.32,0.24,0.56,0.26,0.50,Matches,2022-2023
453,Mohamed Salah,eg EGY,FW,Liverpool,30,1992,38,37,3290,36.6,19,12,31,17,2,4,2,0,21.6,18.5,7.2,25.7,120,149,421,0.52,0.33,0.85,0.47,0.79,0.59,0.20,0.79,0.51,0.70,Matches,2022-2023
454,William Saliba,fr FRA,DF,Arsenal,21,2001,27,27,2415,26.8,2,1,3,2,0,0,4,0,0.9,0.9,1.2,2.1,13,99,2,0.07,0.04,0.11,0.07,0.11,0.03,0.04,0.08,0.03,0.08,Matches,2022-2023
455,Mohammed Salisu,gh GHA,DF,Southampton,23,1999,22,21,1973,21.9,0,1,1,0,0,0,5,0,1.5,1.5,0.6,2.1,5,82,4,0.00,0.05,0.05,0.00,0.05,0.07,0.03,0.10,0.07,0.10,Matches,2022-2023
456,Albert Sambi Lokonga,be BEL,MF,Arsenal,22,1999,6,2,198,2.2,0,0,0,0,0,0,0,0,0.0,0.0,0.0,0.0,0,12,2,0.00,0.00,0.00,0.00,0.00,0.00,0.01,0.01,0.00,0.01,Matches,2022-2023
457,Albert Sambi Lokonga,be BEL,MF,Crystal Palace,22,1999,9,6,536,6.0,0,0,0,0,0,0,2,0,0.2,0.2,0.0,0.2,2,20,2,0.00,0.00,0.00,0.00,0.00,0.03,0.01,0.03,0.03,0.03,Matches,2022-2023
458,Davinson Sánchez,co COL,DF,Tottenham,26,1996,18,8,858,9.5,0,0,0,0,0,0,1,0,0.6,0.6,0.4,1.0,5,35,4,0.00,0.00,0.00,0.00,0.00,0.07,0.04,0.11,0.07,0.11,Matches,2022-2023
459,Robert Sánchez,es ESP,GK,Brighton,24,1997,23,23,2070,23.0,0,0,0,0,0,0,2,0,0.0,0.0,0.0,0.0,0,0,0,0.00,0.00,0.00,0.00,0.00,0.00,0.00,0.00,0.00,0.00,Matches,2022-2023
460,Jadon Sancho,eng ENG,"FW,MF",Manchester Utd,22,2000,26,21,1686,18.7,6,3,9,6,0,0,0,0,4.2,4.2,5.0,9.2,88,76,173,0.32,0.16,0.48,0.32,0.48,0.22,0.27,0.49,0.22,0.49,Matches,2022-2023
461,Morgan Sanson,fr FRA,MF,Aston Villa,27,1994,2,0,11,0.1,0,0,0,0,0,0,0,0,0.0,0.0,0.0,0.0,0,1,0,0.00,0.00,0.00,0.00,0.00,0.00,0.00,0.00,0.00,0.00,Matches,2022-2023
462,Pablo Sarabia,es ESP,"FW,MF",Wolves,30,1992,13,9,765,8.5,1,0,1,1,0,0,3,0,3.1,3.1,0.8,3.9,17,41,54,0.12,0.00,0.12,0.12,0.12,0.36,0.09,0.46,0.36,0.46,Matches,2022-2023
463,Jeremy Sarmiento,ec ECU,MF,Brighton,20,2002,9,1,176,2.0,0,1,1,0,0,0,1,0,0.3,0.3,0.2,0.5,5,11,20,0.00,0.51,0.51,0.00,0.51,0.17,0.11,0.28,0.17,0.28,Matches,2022-2023
464,Gianluca Scamacca,it ITA,FW,West Ham,23,1999,16,11,926,10.3,3,0,3,3,0,0,3,0,2.5,2.5,0.7,3.1,13,17,48,0.29,0.00,0.29,0.29,0.29,0.24,0.07,0.31,0.24,0.31,Matches,2022-2023
465,Gustavo Scarpa,br BRA,"MF,FW",Nott'ham Forest,28,1994,6,2,181,2.0,0,0,0,0,0,0,1,0,0.3,0.3,0.0,0.3,9,12,4,0.00,0.00,0.00,0.00,0.00,0.13,0.02,0.14,0.13,0.14,Matches,2022-2023
466,Kevin Schade,de GER,FW,Brentford,20,2001,18,7,732,8.1,0,1,1,0,0,0,2,0,2.1,2.1,1.1,3.2,24,15,57,0.00,0.12,0.12,0.00,0.12,0.25,0.13,0.39,0.25,0.39,Matches,2022-2023
467,Fabian Schär,ch SUI,DF,Newcastle Utd,30,1991,36,36,3206,35.6,1,3,4,1,0,0,7,0,4.9,4.9,3.3,8.2,27,139,32,0.03,0.08,0.11,0.03,0.11,0.14,0.09,0.23,0.14,0.23,Matches,2022-2023
468,Jeffrey Schlupp,gh GHA,"MF,FW",Crystal Palace,29,1992,34,30,2531,28.1,3,1,4,3,0,0,7,0,3.2,3.2,1.4,4.6,32,98,67,0.11,0.04,0.14,0.11,0.14,0.11,0.05,0.17,0.11,0.17,Matches,2022-2023
469,Nélson Semedo,pt POR,DF,Wolves,28,1993,36,31,2632,29.2,0,1,1,0,0,0,11,1,0.4,0.4,0.7,1.2,50,110,147,0.00,0.03,0.03,0.00,0.03,0.01,0.03,0.04,0.01,0.04,Matches,2022-2023
470,Antoine Semenyo,gh GHA,"FW,MF",Bournemouth,22,2000,11,2,258,2.9,1,0,1,1,0,0,0,0,0.3,0.3,0.1,0.4,5,5,11,0.35,0.00,0.35,0.35,0.35,0.09,0.03,0.12,0.09,0.12,Matches,2022-2023
471,Marcos Senesi,ar ARG,DF,Bournemouth,25,1997,31,29,2491,27.7,2,0,2,2,0,0,7,0,1.6,1.6,0.5,2.1,9,66,3,0.07,0.00,0.07,0.07,0.07,0.06,0.02,0.08,0.06,0.08,Matches,2022-2023
472,Ryan Sessegnon,eng ENG,DF,Tottenham,22,2000,17,9,813,9.0,2,0,2,2,0,0,4,0,1.6,1.6,1.1,2.7,24,22,64,0.22,0.00,0.22,0.22,0.22,0.18,0.12,0.30,0.18,0.30,Matches,2022-2023
473,Luke Shaw,eng ENG,DF,Manchester Utd,27,1995,31,30,2552,28.4,1,2,3,1,0,0,8,0,1.1,1.1,3.6,4.7,53,140,76,0.04,0.07,0.11,0.04,0.11,0.04,0.13,0.16,0.04,0.16,Matches,2022-2023
474,Jonjo Shelvey,eng ENG,MF,Newcastle Utd,30,1992,3,0,37,0.4,0,0,0,0,0,0,0,0,0.0,0.0,0.0,0.0,0,3,0,0.00,0.00,0.00,0.00,0.00,0.00,0.00,0.00,0.00,0.00,Matches,2022-2023
475,Jonjo Shelvey,eng ENG,MF,Nott'ham Forest,30,1992,8,6,540,6.0,0,0,0,0,0,0,2,0,0.2,0.2,0.3,0.5,1,34,0,0.00,0.00,0.00,0.00,0.00,0.03,0.05,0.08,0.03,0.08,Matches,2022-2023
476,Bernardo Silva,pt POR,"MF,FW",Manchester City,27,1994,34,24,2205,24.5,4,5,9,4,0,0,5,0,2.2,2.2,3.3,5.4,90,130,188,0.16,0.20,0.37,0.16,0.37,0.09,0.13,0.22,0.09,0.22,Matches,2022-2023
477,Thiago Silva,br BRA,DF,Chelsea,37,1984,27,26,2352,26.1,0,2,2,0,0,0,2,0,1.5,1.5,0.5,2.0,8,104,2,0.00,0.08,0.08,0.00,0.08,0.06,0.02,0.08,0.06,0.08,Matches,2022-2023
478,Ellis Simms,eng ENG,FW,Everton,21,2001,11,2,228,2.5,1,0,1,1,0,0,0,0,0.9,0.9,0.1,0.9,2,4,19,0.39,0.00,0.39,0.39,0.39,0.34,0.03,0.37,0.34,0.37,Matches,2022-2023
479,Luis Sinisterra,co COL,FW,Leeds United,23,1999,19,13,867,9.6,5,0,5,5,0,0,3,1,3.7,3.7,0.4,4.2,30,39,84,0.52,0.00,0.52,0.52,0.52,0.39,0.04,0.43,0.39,0.43,Matches,2022-2023
480,Oliver Skipp,eng ENG,MF,Tottenham,21,2000,23,18,1491,16.6,1,0,1,1,0,0,7,0,0.3,0.3,0.6,0.9,14,56,25,0.06,0.00,0.06,0.06,0.06,0.02,0.04,0.05,0.02,0.05,Matches,2022-2023
481,Adam Smith,eng ENG,DF,Bournemouth,31,1991,37,34,2943,32.7,0,1,1,0,0,0,11,0,0.5,0.5,1.3,1.8,28,83,54,0.00,0.03,0.03,0.00,0.03,0.02,0.04,0.05,0.02,0.05,Matches,2022-2023
482,Emile Smith Rowe,eng ENG,"MF,FW",Arsenal,22,2000,12,0,172,1.9,0,2,2,0,0,0,0,0,0.3,0.3,0.7,1.0,2,7,11,0.00,1.05,1.05,0.00,1.05,0.14,0.36,0.50,0.14,0.50,Matches,2022-2023
483,Cédric Soares,pt POR,DF,Arsenal,30,1991,2,0,29,0.3,0,0,0,0,0,0,0,0,0.0,0.0,0.0,0.0,1,3,0,0.00,0.00,0.00,0.00,0.00,0.00,0.00,0.00,0.00,0.00,Matches,2022-2023
484,Cédric Soares,pt POR,DF,Fulham,30,1991,6,2,198,2.2,0,0,0,0,0,0,0,0,0.1,0.1,0.3,0.4,4,12,12,0.00,0.00,0.00,0.00,0.00,0.03,0.13,0.16,0.03,0.16,Matches,2022-2023
485,Dominic Solanke,eng ENG,"FW,MF",Bournemouth,24,1997,33,32,2860,31.8,6,7,13,6,0,0,2,0,9.1,9.1,3.9,13.0,70,47,167,0.19,0.22,0.41,0.19,0.41,0.29,0.12,0.41,0.29,0.41,Matches,2022-2023
486,Manor Solomon,il ISR,FW,Fulham,23,1999,19,4,572,6.4,4,0,4,4,0,0,0,0,1.3,1.3,0.4,1.7,16,24,51,0.63,0.00,0.63,0.63,0.63,0.20,0.06,0.26,0.20,0.26,Matches,2022-2023
487,Tomáš Souček,cz CZE,MF,West Ham,27,1995,36,32,2815,31.3,2,3,5,2,0,0,3,0,4.0,4.0,1.9,6.0,11,88,52,0.06,0.10,0.16,0.06,0.16,0.13,0.06,0.19,0.13,0.19,Matches,2022-2023
488,Boubakary Soumaré,fr FRA,MF,Leicester City,23,1999,26,20,1629,18.1,0,0,0,0,0,0,9,0,0.0,0.0,0.4,0.4,17,73,20,0.00,0.00,0.00,0.00,0.00,0.00,0.02,0.02,0.00,0.02,Matches,2022-2023
489,Harry Souttar,au AUS,DF,Leicester City,23,1998,12,11,992,11.0,0,1,1,0,0,0,2,0,1.4,1.4,0.2,1.6,6,29,4,0.00,0.09,0.09,0.00,0.09,0.13,0.02,0.15,0.13,0.15,Matches,2022-2023
490,Çağlar Söyüncü,tr TUR,DF,Leicester City,26,1996,7,6,529,5.9,1,0,1,1,0,0,2,0,0.4,0.4,0.1,0.5,5,12,0,0.17,0.00,0.17,0.17,0.17,0.07,0.01,0.08,0.07,0.08,Matches,2022-2023
491,Djed Spence,eng ENG,"FW,DF",Tottenham,21,2000,4,0,7,0.1,0,0,0,0,0,0,0,0,0.1,0.1,0.0,0.1,2,0,2,0.00,0.00,0.00,0.00,0.00,0.83,0.00,0.83,0.83,0.83,Matches,2022-2023
492,Jack Stacey,eng ENG,DF,Bournemouth,26,1996,10,3,299,3.3,0,0,0,0,0,0,2,0,0.1,0.1,0.0,0.1,9,2,15,0.00,0.00,0.00,0.00,0.00,0.03,0.00,0.03,0.03,0.03,Matches,2022-2023
493,Junior Stanislas,eng ENG,MF,Bournemouth,32,1989,4,0,61,0.7,0,0,0,0,0,0,0,0,0.0,0.0,0.1,0.2,0,4,5,0.00,0.00,0.00,0.00,0.00,0.05,0.19,0.25,0.05,0.25,Matches,2022-2023
494,Jay Stansfield,eng ENG,FW,Fulham,19,2002,3,1,87,1.0,0,0,0,0,0,0,0,0,0.3,0.3,0.1,0.3,2,0,4,0.00,0.00,0.00,0.00,0.00,0.26,0.09,0.35,0.26,0.35,Matches,2022-2023
495,Jason Steele,eng ENG,GK,Brighton,31,1990,15,15,1350,15.0,0,1,1,0,0,0,1,0,0.0,0.0,0.1,0.1,0,0,0,0.00,0.07,0.07,0.00,0.07,0.00,0.01,0.01,0.00,0.01,Matches,2022-2023
496,Jack Stephens,eng ENG,DF,Southampton,28,1994,2,0,46,0.5,0,0,0,0,0,0,0,0,0.0,0.0,0.0,0.0,3,3,0,0.00,0.00,0.00,0.00,0.00,0.00,0.00,0.00,0.00,0.00,Matches,2022-2023
497,Jack Stephens,eng ENG,DF,Bournemouth,28,1994,15,13,1173,13.0,0,0,0,0,0,0,3,0,0.4,0.4,0.2,0.6,7,34,3,0.00,0.00,0.00,0.00,0.00,0.03,0.02,0.05,0.03,0.05,Matches,2022-2023
498,Raheem Sterling,eng ENG,"FW,MF",Chelsea,27,1994,28,23,1891,21.0,6,3,9,6,0,0,4,0,6.2,6.2,4.6,10.8,81,59,186,0.29,0.14,0.43,0.29,0.43,0.29,0.22,0.51,0.29,0.51,Matches,2022-2023
499,John Stones,eng ENG,"DF,MF",Manchester City,28,1994,23,21,1846,20.5,2,2,4,2,0,0,2,0,1.0,1.0,1.4,2.4,28,101,34,0.10,0.10,0.20,0.10,0.20,0.05,0.07,0.12,0.05,0.12,Matches,2022-2023
500,Pascal Struijk,nl NED,DF,Leeds United,22,1999,29,26,2200,24.4,2,1,3,2,0,0,5,0,1.4,1.4,2.4,3.7,24,119,53,0.08,0.04,0.12,0.08,0.12,0.06,0.10,0.15,0.06,0.15,Matches,2022-2023
501,Kamaldeen Sulemana,gh GHA,"FW,MF",Southampton,20,2002,18,10,966,10.7,2,1,3,2,0,0,1,0,1.7,1.7,1.3,3.0,32,36,80,0.19,0.09,0.28,0.19,0.28,0.16,0.12,0.27,0.16,0.27,Matches,2022-2023
502,Crysencio Summerville,nl NED,FW,Leeds United,20,2001,28,12,1426,15.8,4,2,6,4,0,0,4,0,2.9,2.9,1.6,4.5,51,45,92,0.25,0.13,0.38,0.25,0.38,0.18,0.10,0.28,0.18,0.28,Matches,2022-2023
503,Sam Surridge,eng ENG,FW,Nott'ham Forest,24,1998,20,1,323,3.6,1,0,1,1,0,0,2,0,1.8,1.8,0.1,1.8,2,6,17,0.28,0.00,0.28,0.28,0.28,0.50,0.02,0.51,0.50,0.51,Matches,2022-2023
504,Japhet Tanganga,eng ENG,DF,Tottenham,23,1999,4,2,146,1.6,0,0,0,0,0,0,0,0,0.0,0.0,0.0,0.0,1,5,2,0.00,0.00,0.00,0.00,0.00,0.00,0.00,0.00,0.00,0.00,Matches,2022-2023
505,Matt Targett,eng ENG,DF,Newcastle Utd,26,1995,17,6,610,6.8,0,0,0,0,0,0,1,0,0.0,0.0,0.4,0.4,3,43,13,0.00,0.00,0.00,0.00,0.00,0.00,0.06,0.07,0.00,0.07,Matches,2022-2023
506,James Tarkowski,eng ENG,DF,Everton,29,1992,38,38,3420,38.0,1,1,2,1,0,0,6,0,3.1,3.1,2.9,6.0,13,106,11,0.03,0.03,0.05,0.03,0.05,0.08,0.08,0.16,0.08,0.16,Matches,2022-2023
507,Marcus Tavernier,eng ENG,"MF,FW",Bournemouth,23,1999,23,19,1743,19.4,5,4,9,5,0,0,1,0,3.1,3.1,2.9,6.0,67,56,137,0.26,0.21,0.46,0.26,0.46,0.16,0.15,0.31,0.16,0.31,Matches,2022-2023
508,Tetê,br BRA,FW,Leicester City,22,2000,13,9,734,8.2,1,0,1,1,0,0,0,0,1.8,1.8,0.4,2.2,22,26,55,0.12,0.00,0.12,0.12,0.12,0.22,0.05,0.27,0.22,0.27,Matches,2022-2023
509,Kenny Tete,nl NED,DF,Fulham,26,1995,31,29,2569,28.5,1,5,6,1,0,0,8,0,0.7,0.7,1.9,2.6,75,103,69,0.04,0.18,0.21,0.04,0.21,0.02,0.07,0.09,0.02,0.09,Matches,2022-2023
510,Luke Thomas,eng ENG,DF,Leicester City,21,2001,17,11,1073,11.9,0,0,0,0,0,0,3,0,0.1,0.1,0.7,0.8,10,48,13,0.00,0.00,0.00,0.00,0.00,0.01,0.06,0.07,0.01,0.07,Matches,2022-2023
511,Youri Tielemans,be BEL,MF,Leicester City,25,1997,31,27,2344,26.0,3,2,5,2,1,2,4,0,2.5,0.9,4.7,5.6,35,181,56,0.12,0.08,0.19,0.08,0.15,0.10,0.18,0.28,0.04,0.21,Matches,2022-2023
512,Kieran Tierney,sct SCO,DF,Arsenal,25,1997,27,6,795,8.8,0,1,1,0,0,0,0,0,0.3,0.3,0.3,0.7,25,36,31,0.00,0.11,0.11,0.00,0.11,0.04,0.04,0.08,0.04,0.08,Matches,2022-2023
513,Harry Toffolo,eng ENG,DF,Nott'ham Forest,26,1995,19,9,940,10.4,0,0,0,0,0,0,2,0,0.3,0.3,0.8,1.0,8,29,43,0.00,0.00,0.00,0.00,0.00,0.03,0.07,0.10,0.03,0.10,Matches,2022-2023
514,Takehiro Tomiyasu,jp JPN,DF,Arsenal,23,1998,21,6,663,7.4,0,1,1,0,0,0,2,0,0.2,0.2,0.6,0.8,14,51,28,0.00,0.14,0.14,0.00,0.14,0.03,0.08,0.11,0.03,0.11,Matches,2022-2023
515,James Tomkins,eng ENG,DF,Crystal Palace,33,1989,6,3,338,3.8,1,0,1,1,0,0,3,1,1.0,1.0,0.0,1.0,1,2,1,0.27,0.00,0.27,0.27,0.27,0.27,0.00,0.27,0.27,0.27,Matches,2022-2023
516,Ivan Toney,eng ENG,FW,Brentford,26,1996,33,33,2951,32.8,20,4,24,14,6,7,9,0,18.7,13.2,5.1,18.3,14,79,165,0.61,0.12,0.73,0.43,0.55,0.57,0.16,0.73,0.40,0.56,Matches,2022-2023
517,Adama Traoré,es ESP,"FW,MF",Wolves,26,1996,34,12,1496,16.6,2,1,3,2,0,0,2,0,1.4,1.4,3.7,5.1,85,36,157,0.12,0.06,0.18,0.12,0.18,0.08,0.23,0.31,0.08,0.31,Matches,2022-2023
518,Bertrand Traoré,bf BFA,"FW,MF",Aston Villa,26,1995,8,1,233,2.6,2,0,2,2,0,0,1,0,0.7,0.7,0.1,0.8,9,9,28,0.77,0.00,0.77,0.77,0.77,0.28,0.03,0.30,0.28,0.30,Matches,2022-2023
519,Boubacar Traoré,ml MLI,MF,Wolves,20,2001,10,4,411,4.6,0,1,1,0,0,0,2,0,0.1,0.1,0.2,0.2,4,8,2,0.00,0.22,0.22,0.00,0.22,0.01,0.04,0.05,0.01,0.05,Matches,2022-2023
520,Mark Travers,ie IRL,GK,Bournemouth,23,1999,12,11,1035,11.5,0,0,0,0,0,0,0,0,0.0,0.0,0.0,0.0,0,0,0,0.00,0.00,0.00,0.00,0.00,0.00,0.00,0.00,0.00,0.00,Matches,2022-2023
521,Kieran Trippier,eng ENG,DF,Newcastle Utd,31,1990,38,38,3341,37.1,1,7,8,1,0,0,5,0,0.9,0.9,12.4,13.3,45,260,151,0.03,0.19,0.22,0.03,0.22,0.02,0.33,0.36,0.02,0.36,Matches,2022-2023
522,Leandro Trossard,be BEL,FW,Arsenal,27,1994,20,10,931,10.3,1,10,11,1,0,0,0,0,1.8,1.8,4.7,6.6,36,57,102,0.10,0.97,1.06,0.10,1.06,0.18,0.46,0.63,0.18,0.63,Matches,2022-2023
523,Leandro Trossard,be BEL,"FW,MF",Brighton,27,1994,16,16,1315,14.6,7,2,9,7,0,0,1,0,4.4,4.4,2.1,6.5,40,67,118,0.48,0.14,0.62,0.48,0.62,0.30,0.14,0.45,0.30,0.45,Matches,2022-2023
524,Kostas Tsimikas,gr GRE,DF,Liverpool,26,1996,20,9,771,8.6,0,4,4,0,0,0,3,0,0.3,0.3,1.5,1.9,23,26,77,0.00,0.47,0.47,0.00,0.47,0.04,0.18,0.22,0.04,0.22,Matches,2022-2023
525,Deniz Undav,de GER,"FW,MF",Brighton,26,1996,22,6,628,7.0,5,0,5,5,0,0,2,0,4.5,4.5,1.1,5.6,12,10,40,0.72,0.00,0.72,0.72,0.72,0.65,0.15,0.80,0.65,0.80,Matches,2022-2023
526,Yan Valery,tn TUN,DF,Southampton,23,1999,1,1,45,0.5,0,0,0,0,0,0,0,0,0.0,0.0,0.0,0.0,0,0,0,0.00,0.00,0.00,0.00,0.00,0.00,0.00,0.00,0.00,0.00,Matches,2022-2023
527,Virgil van Dijk,nl NED,DF,Liverpool,31,1991,32,32,2835,31.5,3,1,4,3,0,0,3,0,2.6,2.6,1.2,3.8,10,127,8,0.10,0.03,0.13,0.10,0.13,0.08,0.04,0.12,0.08,0.12,Matches,2022-2023
528,Raphaël Varane,fr FRA,DF,Manchester Utd,29,1993,24,22,1911,21.2,0,0,0,0,0,0,1,0,0.7,0.7,0.2,0.9,17,63,4,0.00,0.00,0.00,0.00,0.00,0.03,0.01,0.04,0.03,0.04,Matches,2022-2023
529,Jamie Vardy,eng ENG,FW,Leicester City,35,1987,37,19,1857,20.6,3,4,7,3,0,1,1,0,6.7,5.9,1.4,7.3,16,14,101,0.15,0.19,0.34,0.15,0.34,0.32,0.07,0.39,0.29,0.35,Matches,2022-2023
530,Joël Veltman,nl NED,DF,Brighton,30,1992,31,25,2188,24.3,1,1,2,1,0,0,6,0,1.8,1.8,0.7,2.5,43,153,49,0.04,0.04,0.08,0.04,0.08,0.07,0.03,0.10,0.07,0.10,Matches,2022-2023
531,Fabio Vieira,pt POR,"MF,FW",Arsenal,22,2000,22,3,514,5.7,1,2,3,1,0,0,0,0,0.8,0.8,2.5,3.3,8,35,40,0.18,0.35,0.53,0.18,0.53,0.15,0.44,0.58,0.15,0.58,Matches,2022-2023
532,Matías Viña,uy URU,DF,Bournemouth,24,1997,12,5,458,5.1,2,0,2,2,0,0,1,0,0.9,0.9,0.2,1.0,10,17,19,0.39,0.00,0.39,0.39,0.39,0.17,0.03,0.20,0.17,0.20,Matches,2022-2023
533,Rúben Vinagre,pt POR,"DF,MF",Everton,23,1999,2,0,26,0.3,0,0,0,0,0,0,0,0,0.0,0.0,0.0,0.0,2,0,1,0.00,0.00,0.00,0.00,0.00,0.00,0.00,0.00,0.00,0.00,Matches,2022-2023
534,Carlos Vinícius,br BRA,FW,Fulham,27,1995,28,11,1109,12.3,5,2,7,5,0,0,3,0,3.3,3.3,0.8,4.0,9,15,46,0.41,0.16,0.57,0.41,0.57,0.27,0.06,0.33,0.27,0.33,Matches,2022-2023
535,Theo Walcott,eng ENG,"FW,MF",Southampton,33,1989,20,13,1129,12.5,2,2,4,2,0,0,1,0,2.2,2.2,2.0,4.2,21,14,62,0.16,0.16,0.32,0.16,0.32,0.18,0.16,0.34,0.18,0.34,Matches,2022-2023
536,Kyle Walker,eng ENG,DF,Manchester City,32,1990,27,22,1958,21.8,0,0,0,0,0,0,3,0,0.4,0.4,0.2,0.7,50,162,75,0.00,0.00,0.00,0.00,0.00,0.02,0.01,0.03,0.02,0.03,Matches,2022-2023
537,Kyle Walker-Peters,eng ENG,DF,Southampton,25,1997,31,30,2650,29.4,1,0,1,1,0,0,4,0,1.0,1.0,1.4,2.5,102,97,114,0.03,0.00,0.03,0.03,0.03,0.03,0.05,0.08,0.03,0.08,Matches,2022-2023
538,Aaron Wan-Bissaka,eng ENG,DF,Manchester Utd,24,1997,19,16,1435,15.9,0,0,0,0,0,0,2,0,1.2,1.2,1.0,2.2,41,55,64,0.00,0.00,0.00,0.00,0.00,0.07,0.06,0.14,0.07,0.14,Matches,2022-2023
539,Danny Ward,wls WAL,GK,Leicester City,29,1993,26,26,2340,26.0,0,0,0,0,0,0,0,0,0.0,0.0,0.0,0.0,0,0,0,0.00,0.00,0.00,0.00,0.00,0.00,0.00,0.00,0.00,0.00,Matches,2022-2023
540,Joel Ward,eng ENG,DF,Crystal Palace,32,1989,28,24,2256,25.1,1,0,1,1,0,0,6,0,1.1,1.1,0.4,1.5,22,101,46,0.04,0.00,0.04,0.04,0.04,0.04,0.02,0.06,0.04,0.06,Matches,2022-2023
541,James Ward-Prowse,eng ENG,MF,Southampton,27,1994,38,38,3371,37.5,9,4,13,7,2,4,6,0,5.7,2.5,6.2,8.7,19,189,58,0.24,0.11,0.35,0.19,0.29,0.15,0.17,0.32,0.07,0.23,Matches,2022-2023
542,Ollie Watkins,eng ENG,FW,Aston Villa,26,1995,37,36,3127,34.7,15,6,21,14,1,2,4,0,16.5,14.9,3.8,18.7,50,39,196,0.43,0.17,0.60,0.40,0.58,0.47,0.11,0.58,0.43,0.54,Matches,2022-2023
543,Adam Webster,eng ENG,DF,Brighton,27,1995,27,23,1985,22.1,0,0,0,0,0,0,2,0,1.8,1.8,0.2,1.9,19,119,9,0.00,0.00,0.00,0.00,0.00,0.08,0.01,0.09,0.08,0.09,Matches,2022-2023
544,Wout Weghorst,nl NED,"FW,MF",Manchester Utd,29,1992,17,10,797,8.9,0,1,1,0,0,0,1,0,2.0,2.0,1.2,3.2,3,17,41,0.00,0.11,0.11,0.00,0.11,0.23,0.13,0.36,0.23,0.36,Matches,2022-2023
545,Danny Welbeck,eng ENG,FW,Brighton,31,1990,31,21,1854,20.6,6,3,9,6,0,0,0,0,9.4,9.4,4.3,13.7,31,49,134,0.29,0.15,0.44,0.29,0.44,0.46,0.21,0.66,0.46,0.66,Matches,2022-2023
546,Ben White,eng ENG,DF,Arsenal,24,1997,38,36,3055,33.9,2,5,7,2,0,0,5,0,1.3,1.3,3.2,4.5,64,249,124,0.06,0.15,0.21,0.06,0.21,0.04,0.09,0.13,0.04,0.13,Matches,2022-2023
547,Harvey White,eng ENG,MF,Tottenham,20,2001,1,0,5,0.1,0,0,0,0,0,0,0,0,0.0,0.0,0.0,0.0,0,0,1,0.00,0.00,0.00,0.00,0.00,0.00,0.00,0.00,0.00,0.00,Matches,2022-2023
548,Joseph Whitworth,eng ENG,GK,Crystal Palace,18,2004,2,2,180,2.0,0,0,0,0,0,0,0,0,0.0,0.0,0.0,0.0,0,0,0,0.00,0.00,0.00,0.00,0.00,0.00,0.00,0.00,0.00,0.00,Matches,2022-2023
549,Neco Williams,wls WAL,DF,Nott'ham Forest,21,2001,31,20,1882,20.9,1,0,1,1,0,0,7,0,1.3,1.3,1.4,2.7,51,33,67,0.05,0.00,0.05,0.05,0.05,0.06,0.07,0.13,0.06,0.13,Matches,2022-2023
550,Willian,br BRA,FW,Fulham,33,1988,27,25,2126,23.6,5,5,10,5,0,0,2,0,3.4,3.4,4.4,7.8,97,113,152,0.21,0.21,0.42,0.21,0.42,0.14,0.19,0.33,0.14,0.33,Matches,2022-2023
551,Joe Willock,eng ENG,MF,Newcastle Utd,22,1999,35,31,2558,28.4,3,6,9,3,0,0,1,0,7.0,7.0,6.0,13.0,97,121,152,0.11,0.21,0.32,0.11,0.32,0.25,0.21,0.46,0.25,0.46,Matches,2022-2023
552,Callum Wilson,eng ENG,FW,Newcastle Utd,30,1992,31,21,1877,20.9,18,5,23,15,3,3,4,0,17.4,15.1,2.7,17.8,27,19,118,0.86,0.24,1.10,0.72,0.96,0.84,0.13,0.97,0.72,0.85,Matches,2022-2023
553,Harry Wilson,wls WAL,FW,Fulham,25,1997,29,13,1100,12.2,2,3,5,2,0,0,1,0,2.0,2.0,0.9,2.9,18,37,87,0.16,0.25,0.41,0.16,0.41,0.16,0.07,0.24,0.16,0.24,Matches,2022-2023
554,Yoane Wissa,cd COD,FW,Brentford,25,1996,38,16,1606,17.8,7,3,10,7,0,0,3,0,5.7,5.7,2.5,8.2,24,27,104,0.39,0.17,0.56,0.39,0.56,0.32,0.14,0.46,0.32,0.46,Matches,2022-2023
555,Maximilian Wöber,at AUT,DF,Leeds United,24,1998,16,14,1266,14.1,0,0,0,0,0,0,3,0,0.7,0.7,0.6,1.4,15,54,15,0.00,0.00,0.00,0.00,0.00,0.05,0.05,0.10,0.05,0.10,Matches,2022-2023
556,Chris Wood,nz NZL,FW,Newcastle Utd,30,1991,18,4,446,5.0,2,0,2,1,1,1,0,0,1.8,1.0,0.3,1.3,1,4,23,0.40,0.00,0.40,0.20,0.20,0.37,0.06,0.43,0.21,0.27,Matches,2022-2023
557,Chris Wood,nz NZL,FW,Nott'ham Forest,30,1991,7,5,372,4.1,1,0,1,1,0,0,0,0,1.0,1.0,0.2,1.2,2,7,12,0.24,0.00,0.24,0.24,0.24,0.23,0.05,0.28,0.23,0.28,Matches,2022-2023
558,Joe Worrall,eng ENG,DF,Nott'ham Forest,25,1997,30,21,2224,24.7,1,0,1,1,0,0,6,0,0.8,0.8,0.8,1.6,5,67,1,0.04,0.00,0.04,0.04,0.04,0.03,0.03,0.06,0.03,0.06,Matches,2022-2023
559,Granit Xhaka,ch SUI,MF,Arsenal,29,1992,37,36,2993,33.3,7,7,14,7,0,0,4,0,4.7,4.7,5.2,9.9,42,196,175,0.21,0.21,0.42,0.21,0.42,0.14,0.16,0.30,0.14,0.30,Matches,2022-2023
560,Ryan Yates,eng ENG,MF,Nott'ham Forest,24,1997,26,21,1837,20.4,0,2,2,0,0,0,5,0,2.3,2.3,1.2,3.4,11,43,27,0.00,0.10,0.10,0.00,0.10,0.11,0.06,0.17,0.11,0.17,Matches,2022-2023
561,Ashley Young,eng ENG,DF,Aston Villa,37,1985,29,23,2036,22.6,1,0,1,1,0,0,7,0,0.5,0.5,1.0,1.4,29,107,33,0.04,0.00,0.04,0.04,0.04,0.02,0.04,0.06,0.02,0.06,Matches,2022-2023
562,Illia Zabarnyi,ua UKR,DF,Bournemouth,19,2002,5,3,299,3.3,0,0,0,0,0,0,0,0,0.0,0.0,0.0,0.0,1,11,0,0.00,0.00,0.00,0.00,0.00,0.00,0.00,0.00,0.00,0.00,Matches,2022-2023
563,Wilfried Zaha,ci CIV,"FW,MF",Crystal Palace,29,1992,27,27,2288,25.4,7,2,9,7,0,2,5,0,6.5,4.8,2.7,7.5,86,75,238,0.28,0.08,0.35,0.28,0.35,0.26,0.11,0.36,0.19,0.30,Matches,2022-2023
564,Denis Zakaria,ch SUI,MF,Chelsea,25,1996,7,5,411,4.6,0,0,0,0,0,0,0,0,0.2,0.2,0.0,0.2,9,6,3,0.00,0.00,0.00,0.00,0.00,0.04,0.01,0.05,0.04,0.05,Matches,2022-2023
565,Jordan Zemura,zw ZIM,DF,Bournemouth,22,1999,19,17,1454,16.2,0,1,1,0,0,0,1,0,0.4,0.4,1.9,2.2,39,45,48,0.00,0.06,0.06,0.00,0.06,0.02,0.11,0.14,0.02,0.14,Matches,2022-2023
566,Oleksandr Zinchenko,ua UKR,DF,Arsenal,25,1996,27,26,2118,23.5,1,2,3,1,0,0,3,0,1.4,1.4,1.4,2.8,67,227,68,0.04,0.08,0.13,0.04,0.13,0.06,0.06,0.12,0.06,0.12,Matches,2022-2023
567,Hakim Ziyech,ma MAR,"FW,MF",Chelsea,29,1993,18,6,661,7.3,0,3,3,0,0,0,1,0,0.6,0.6,2.2,2.8,20,42,69,0.00,0.41,0.41,0.00,0.41,0.08,0.30,0.38,0.08,0.38,Matches,2022-2023
568,Kurt Zouma,fr FRA,DF,West Ham,27,1994,25,24,1989,22.1,2,0,2,2,0,0,0,0,2.2,2.2,0.1,2.3,3,31,1,0.09,0.00,0.09,0.09,0.09,0.10,0.00,0.10,0.10,0.10,Matches,2022-2023
569,Martin Ødegaard,no NOR,MF,Arsenal,23,1998,37,37,3127,34.7,15,7,22,15,0,0,4,0,9.9,9.9,8.1,18.0,83,266,193,0.43,0.20,0.63,0.43,0.63,0.29,0.23,0.52,0.29,0.52,Matches,2022-2023
1,Max Aarons,eng ENG,DF,Norwich City,21,2000,34,32,2881,32.0,0,2,2,0,0,0,8,0,0.8,0.8,1.7,2.5,78,117,85,0.00,0.06,0.06,0.00,0.06,0.03,0.05,0.08,0.03,0.08,Matches,2021-2022
2,Che Adams,sct SCO,FW,Southampton,25,1996,30,23,2039,22.7,7,3,10,7,0,0,0,0,7.1,7.1,3.0,10.1,19,33,153,0.31,0.13,0.44,0.31,0.44,0.31,0.13,0.45,0.31,0.45,Matches,2021-2022
3,Rayan Aït-Nouri,dz ALG,"DF,MF",Wolves,20,2001,23,20,1828,20.3,1,2,3,1,0,0,4,0,0.6,0.6,1.6,2.2,60,49,127,0.05,0.10,0.15,0.05,0.15,0.03,0.08,0.11,0.03,0.11,Matches,2021-2022
4,Kristoffer Ajer,no NOR,DF,Brentford,23,1998,24,23,1995,22.2,1,3,4,1,0,0,5,0,0.8,0.8,1.7,2.5,30,82,29,0.05,0.14,0.18,0.05,0.18,0.04,0.08,0.11,0.04,0.11,Matches,2021-2022
5,Nathan Aké,nl NED,DF,Manchester City,26,1995,14,10,923,10.3,2,0,2,2,0,0,0,0,0.7,0.7,0.6,1.2,12,57,8,0.20,0.00,0.20,0.20,0.20,0.07,0.06,0.12,0.07,0.12,Matches,2021-2022
6,Marc Albrighton,eng ENG,"FW,DF",Leicester City,31,1989,17,11,1132,12.6,1,2,3,1,0,0,3,0,0.5,0.5,2.0,2.5,21,26,56,0.08,0.16,0.24,0.08,0.24,0.04,0.16,0.20,0.04,0.20,Matches,2021-2022
7,Thiago Alcántara,es ESP,MF,Liverpool,30,1991,25,17,1534,17.0,1,4,5,1,0,0,2,0,1.9,1.9,2.3,4.2,24,214,45,0.06,0.23,0.29,0.06,0.29,0.11,0.14,0.25,0.11,0.25,Matches,2021-2022
8,Trent Alexander-Arnold,eng ENG,DF,Liverpool,22,1998,32,32,2853,31.7,2,12,14,2,0,0,2,0,2.4,2.4,12.0,14.4,53,267,201,0.06,0.38,0.44,0.06,0.44,0.07,0.38,0.46,0.07,0.46,Matches,2021-2022
9,Alisson,br BRA,GK,Liverpool,28,1992,36,36,3240,36.0,0,1,1,0,0,0,0,0,0.0,0.0,0.2,0.2,0,1,0,0.00,0.03,0.03,0.00,0.03,0.00,0.01,0.01,0.00,0.01,Matches,2021-2022
10,Allan,br BRA,MF,Everton,30,1991,28,25,2183,24.3,0,2,2,0,0,0,7,1,0.2,0.2,0.8,1.1,26,130,18,0.00,0.08,0.08,0.00,0.08,0.01,0.03,0.04,0.01,0.04,Matches,2021-2022
11,Dele Alli,eng ENG,MF,Tottenham,25,1996,10,8,657,7.3,1,0,1,0,1,1,1,0,1.6,0.8,0.3,1.1,8,18,22,0.14,0.00,0.14,0.00,0.00,0.22,0.04,0.26,0.11,0.15,Matches,2021-2022
12,Dele Alli,eng ENG,"MF,FW",Everton,25,1996,11,1,338,3.8,0,0,0,0,0,0,3,0,0.1,0.1,0.4,0.5,7,13,21,0.00,0.00,0.00,0.00,0.00,0.03,0.09,0.12,0.03,0.12,Matches,2021-2022
13,Miguel Almirón,py PAR,"MF,FW",Newcastle Utd,27,1994,30,19,1716,19.1,1,0,1,1,0,0,2,0,1.7,1.7,0.9,2.6,44,46,85,0.05,0.00,0.05,0.05,0.05,0.09,0.05,0.14,0.09,0.14,Matches,2021-2022
14,Marcos Alonso,es ESP,DF,Chelsea,30,1990,28,25,2167,24.1,4,4,8,4,0,0,8,0,2.8,2.8,4.5,7.3,51,93,192,0.17,0.17,0.33,0.17,0.33,0.12,0.19,0.30,0.12,0.30,Matches,2021-2022
15,Steven Alzate,co COL,MF,Brighton,22,1998,9,5,404,4.5,0,0,0,0,0,0,0,0,0.1,0.1,0.2,0.2,3,21,6,0.00,0.00,0.00,0.00,0.00,0.02,0.03,0.05,0.02,0.05,Matches,2021-2022
16,Daniel Amartey,gh GHA,DF,Leicester City,26,1994,28,23,2123,23.6,0,0,0,0,0,0,4,0,0.0,0.0,0.2,0.2,14,62,0,0.00,0.00,0.00,0.00,0.00,0.00,0.01,0.01,0.00,0.01,Matches,2021-2022
17,Joachim Andersen,dk DEN,DF,Crystal Palace,25,1996,34,32,2916,32.4,0,3,3,0,0,0,4,0,0.7,0.7,1.7,2.4,14,100,4,0.00,0.09,0.09,0.00,0.09,0.02,0.05,0.07,0.02,0.07,Matches,2021-2022
18,Michail Antonio,jm JAM,FW,West Ham,31,1990,36,34,2971,33.0,10,8,18,10,0,1,8,1,10.8,10.2,6.0,16.2,77,46,246,0.30,0.24,0.55,0.30,0.55,0.33,0.18,0.51,0.31,0.49,Matches,2021-2022
19,Cameron Archer,eng ENG,"FW,MF",Aston Villa,20,2001,3,0,27,0.3,0,0,0,0,0,0,0,0,0.0,0.0,0.0,0.0,0,0,1,0.00,0.00,0.00,0.00,0.00,0.15,0.00,0.15,0.15,0.15,Matches,2021-2022
20,Alphonse Areola,fr FRA,GK,West Ham,28,1993,1,1,90,1.0,0,0,0,0,0,0,0,0,0.0,0.0,0.0,0.0,0,0,0,0.00,0.00,0.00,0.00,0.00,0.00,0.00,0.00,0.00,0.00,Matches,2021-2022
21,Adam Armstrong,eng ENG,FW,Southampton,24,1997,23,17,1413,15.7,2,2,4,2,0,0,1,0,4.5,4.5,1.6,6.2,39,30,105,0.13,0.13,0.25,0.13,0.25,0.29,0.10,0.39,0.29,0.39,Matches,2021-2022
22,Stuart Armstrong,sct SCO,MF,Southampton,29,1992,25,15,1473,16.4,2,0,2,2,0,0,1,0,2.5,2.5,1.5,4.0,63,83,78,0.12,0.00,0.12,0.12,0.12,0.15,0.09,0.24,0.15,0.24,Matches,2021-2022
23,Kepa Arrizabalaga,es ESP,GK,Chelsea,26,1994,4,4,360,4.0,0,0,0,0,0,0,0,0,0.0,0.0,0.0,0.0,0,0,0,0.00,0.00,0.00,0.00,0.00,0.00,0.00,0.00,0.00,0.00,Matches,2021-2022
24,Harrison Ashby,sct SCO,DF,West Ham,19,2001,1,0,7,0.1,0,0,0,0,0,0,0,0,0.0,0.0,0.0,0.0,0,0,0,0.00,0.00,0.00,0.00,0.00,0.00,0.00,0.00,0.00,0.00,Matches,2021-2022
25,Pierre-Emerick Aubameyang,ga GAB,FW,Arsenal,32,1989,14,12,1037,11.5,4,1,5,4,0,2,3,0,5.9,4.2,1.0,5.2,21,26,47,0.35,0.09,0.43,0.35,0.43,0.51,0.09,0.60,0.36,0.45,Matches,2021-2022
26,Jordan Ayew,gh GHA,FW,Crystal Palace,29,1991,31,23,2019,22.4,3,3,6,3,0,0,2,0,3.1,3.1,2.8,5.9,98,51,151,0.13,0.13,0.27,0.13,0.27,0.14,0.12,0.26,0.14,0.26,Matches,2021-2022
27,Luke Ayling,eng ENG,DF,Leeds United,29,1991,26,26,2272,25.2,2,2,4,2,0,0,4,1,1.2,1.2,1.8,3.1,45,135,51,0.08,0.08,0.16,0.08,0.16,0.05,0.07,0.12,0.05,0.12,Matches,2021-2022
28,César Azpilicueta,es ESP,DF,Chelsea,31,1989,27,24,2070,23.0,1,2,3,1,0,0,3,0,0.9,0.9,1.8,2.6,49,138,132,0.04,0.09,0.13,0.04,0.13,0.04,0.08,0.11,0.04,0.11,Matches,2021-2022
29,Daniel Bachmann,at AUT,GK,Watford,27,1994,12,12,1080,12.0,0,0,0,0,0,0,0,0,0.0,0.0,0.0,0.0,0,0,0,0.00,0.00,0.00,0.00,0.00,0.00,0.00,0.00,0.00,0.00,Matches,2021-2022
30,Leon Bailey,jm JAM,"FW,MF",Aston Villa,23,1997,18,7,761,8.5,1,2,3,1,0,0,3,0,1.5,1.5,0.8,2.3,34,24,61,0.12,0.24,0.35,0.12,0.35,0.18,0.09,0.27,0.18,0.27,Matches,2021-2022
31,Eric Bailly,ci CIV,DF,Manchester Utd,27,1994,4,3,217,2.4,0,0,0,0,0,0,1,0,0.0,0.0,0.0,0.0,1,5,0,0.00,0.00,0.00,0.00,0.00,0.00,0.00,0.00,0.00,0.00,Matches,2021-2022
32,Folarin Balogun,us USA,FW,Arsenal,20,2001,2,1,70,0.8,0,0,0,0,0,0,0,0,0.2,0.2,0.0,0.2,0,0,4,0.00,0.00,0.00,0.00,0.00,0.29,0.00,0.29,0.29,0.29,Matches,2021-2022
33,Patrick Bamford,eng ENG,FW,Leeds United,27,1993,9,7,559,6.2,2,2,4,2,0,0,2,0,3.0,3.0,1.1,4.0,8,12,24,0.32,0.32,0.64,0.32,0.64,0.48,0.17,0.65,0.48,0.65,Matches,2021-2022
34,Shandon Baptiste,gd GRN,MF,Brentford,23,1998,22,9,910,10.1,1,0,1,1,0,0,2,1,0.7,0.7,0.5,1.3,14,35,29,0.10,0.00,0.10,0.10,0.10,0.07,0.05,0.12,0.07,0.12,Matches,2021-2022
35,Ross Barkley,eng ENG,"MF,FW",Chelsea,27,1993,6,1,179,2.0,1,0,1,1,0,0,0,0,1.0,1.0,0.5,1.5,14,14,17,0.50,0.00,0.50,0.50,0.50,0.49,0.24,0.73,0.49,0.73,Matches,2021-2022
36,Ashley Barnes,eng ENG,FW,Burnley,31,1989,23,8,808,9.0,1,0,1,0,1,1,4,0,2.1,1.4,0.9,2.2,5,17,47,0.11,0.00,0.11,0.00,0.00,0.24,0.10,0.33,0.15,0.25,Matches,2021-2022
37,Harvey Barnes,eng ENG,"FW,MF",Leicester City,23,1997,32,24,2101,23.3,6,10,16,6,0,0,2,0,5.6,5.6,4.6,10.2,107,59,237,0.26,0.43,0.69,0.26,0.69,0.24,0.20,0.44,0.24,0.44,Matches,2021-2022
38,Lewis Bate,eng ENG,MF,Leeds United,18,2002,3,1,146,1.6,0,0,0,0,0,0,0,0,0.0,0.0,0.0,0.0,0,6,1,0.00,0.00,0.00,0.00,0.00,0.01,0.00,0.01,0.01,0.01,Matches,2021-2022
39,Mads Bech Sørensen,dk DEN,DF,Brentford,22,1999,11,9,835,9.3,0,0,0,0,0,0,3,0,0.1,0.1,0.4,0.4,9,20,4,0.00,0.00,0.00,0.00,0.00,0.01,0.04,0.05,0.01,0.05,Matches,2021-2022
40,Jan Bednarek,pl POL,DF,Southampton,25,1996,31,30,2629,29.2,4,0,4,4,0,0,10,0,2.2,2.2,0.4,2.6,0,61,5,0.14,0.00,0.14,0.14,0.14,0.08,0.01,0.09,0.08,0.09,Matches,2021-2022
41,Donny van de Beek,nl NED,MF,Manchester Utd,24,1997,8,0,75,0.8,1,0,1,1,0,0,0,0,0.5,0.5,0.4,0.9,0,4,4,1.20,0.00,1.20,1.20,1.20,0.57,0.47,1.04,0.57,1.04,Matches,2021-2022
42,Donny van de Beek,nl NED,MF,Everton,24,1997,7,5,483,5.4,1,0,1,1,0,0,1,0,1.1,1.1,0.1,1.1,3,20,10,0.19,0.00,0.19,0.19,0.19,0.20,0.01,0.21,0.20,0.21,Matches,2021-2022
43,Asmir Begović,ba BIH,GK,Everton,34,1987,3,3,270,3.0,0,0,0,0,0,0,0,0,0.0,0.0,0.0,0.0,0,0,0,0.00,0.00,0.00,0.00,0.00,0.00,0.00,0.00,0.00,0.00,Matches,2021-2022
44,Saïd Benrahma,dz ALG,"FW,MF",West Ham,25,1995,32,26,2168,24.1,8,6,14,8,0,0,0,0,4.8,4.8,3.7,8.5,73,73,222,0.33,0.25,0.58,0.33,0.58,0.20,0.15,0.35,0.20,0.35,Matches,2021-2022
45,Rodrigo Bentancur,uy URU,MF,Tottenham,24,1997,17,16,1361,15.1,0,4,4,0,0,0,5,0,0.8,0.8,2.6,3.4,20,76,11,0.00,0.26,0.26,0.00,0.26,0.05,0.17,0.23,0.05,0.23,Matches,2021-2022
46,Christian Benteke,be BEL,FW,Crystal Palace,30,1990,25,11,1145,12.7,4,1,5,4,0,0,3,0,4.9,4.9,1.3,6.2,15,24,79,0.31,0.08,0.39,0.31,0.39,0.38,0.10,0.49,0.38,0.49,Matches,2021-2022
47,Jóhann Berg Guðmundsson,is ISL,MF,Burnley,30,1990,18,13,1102,12.2,0,1,1,0,0,0,2,0,1.6,1.6,0.5,2.0,27,16,75,0.00,0.08,0.08,0.00,0.08,0.13,0.04,0.17,0.13,0.17,Matches,2021-2022
48,Steven Bergwijn,nl NED,"FW,MF",Tottenham,23,1997,25,4,565,6.3,3,1,4,3,0,0,1,0,2.5,2.5,0.9,3.5,26,17,53,0.48,0.16,0.64,0.48,0.64,0.40,0.15,0.55,0.40,0.55,Matches,2021-2022
49,Ryan Bertrand,eng ENG,DF,Leicester City,31,1989,4,4,337,3.7,0,0,0,0,0,0,1,0,0.0,0.0,0.0,0.0,2,17,8,0.00,0.00,0.00,0.00,0.00,0.00,0.00,0.00,0.00,0.00,Matches,2021-2022
50,Mads Bidstrup,dk DEN,MF,Brentford,20,2001,4,0,41,0.5,0,0,0,0,0,0,0,0,0.0,0.0,0.0,0.0,0,0,0,0.00,0.00,0.00,0.00,0.00,0.00,0.00,0.00,0.00,0.00,Matches,2021-2022
51,Yves Bissouma,ml MLI,MF,Brighton,24,1996,26,25,2111,23.5,1,2,3,1,0,0,10,0,0.9,0.9,0.8,1.7,40,92,16,0.04,0.09,0.13,0.04,0.13,0.04,0.03,0.07,0.04,0.07,Matches,2021-2022
52,Willy Boly,ci CIV,DF,Wolves,30,1991,10,10,900,10.0,0,0,0,0,0,0,1,0,0.2,0.2,0.1,0.2,6,20,0,0.00,0.00,0.00,0.00,0.00,0.02,0.01,0.02,0.02,0.02,Matches,2021-2022
53,Jarrod Bowen,eng ENG,FW,West Ham,24,1996,36,34,2983,33.1,12,10,22,12,0,0,6,0,11.9,11.9,6.1,18.0,74,66,204,0.36,0.30,0.66,0.36,0.66,0.36,0.18,0.54,0.36,0.54,Matches,2021-2022
54,Jarrad Branthwaite,eng ENG,DF,Everton,19,2002,6,4,388,4.3,1,0,1,1,0,0,0,1,0.5,0.5,0.0,0.5,1,12,0,0.23,0.00,0.23,0.23,0.23,0.12,0.00,0.12,0.12,0.12,Matches,2021-2022
55,Armando Broja,al ALB,FW,Southampton,19,2001,32,21,1975,21.9,6,0,6,6,0,0,2,0,5.9,5.9,1.0,6.9,56,29,114,0.27,0.00,0.27,0.27,0.27,0.27,0.05,0.32,0.27,0.32,Matches,2021-2022
56,Josh Brownhill,eng ENG,MF,Burnley,25,1995,35,32,2955,32.8,2,3,5,2,0,0,10,0,1.4,1.4,2.6,3.9,18,106,37,0.06,0.09,0.15,0.06,0.15,0.04,0.08,0.12,0.04,0.12,Matches,2021-2022
57,Lewis Brunt,eng ENG,MF,Leicester City,20,2000,1,0,24,0.3,0,0,0,0,0,0,0,0,0.0,0.0,0.0,0.0,1,2,2,0.00,0.00,0.00,0.00,0.00,0.00,0.00,0.00,0.00,0.00,Matches,2021-2022
58,Emi Buendía,ar ARG,"MF,FW",Aston Villa,24,1996,35,22,1899,21.1,4,6,10,4,0,0,1,0,3.4,3.4,5.8,9.1,40,117,84,0.19,0.28,0.47,0.19,0.47,0.16,0.27,0.43,0.16,0.43,Matches,2021-2022
59,Dan Burn,eng ENG,DF,Newcastle Utd,29,1992,16,16,1440,16.0,0,1,1,0,0,0,4,0,0.7,0.7,0.4,1.1,6,31,2,0.00,0.06,0.06,0.00,0.06,0.04,0.03,0.07,0.04,0.07,Matches,2021-2022
60,Dan Burn,eng ENG,DF,Brighton,29,1992,13,12,1022,11.4,1,0,1,1,0,0,4,0,1.6,1.5,0.5,2.0,9,50,3,0.09,0.00,0.09,0.09,0.09,0.14,0.04,0.18,0.13,0.17,Matches,2021-2022
61,Jack Butland,eng ENG,GK,Crystal Palace,28,1993,9,8,765,8.5,0,0,0,0,0,0,0,0,0.0,0.0,0.0,0.0,0,0,0,0.00,0.00,0.00,0.00,0.00,0.00,0.00,0.00,0.00,0.00,Matches,2021-2022
62,Sam Byram,eng ENG,DF,Norwich City,27,1993,15,11,1027,11.4,0,0,0,0,0,0,3,0,0.6,0.6,0.2,0.9,11,23,16,0.00,0.00,0.00,0.00,0.00,0.06,0.02,0.08,0.06,0.08,Matches,2021-2022
63,Willy Caballero,ar ARG,GK,Southampton,39,1981,2,2,180,2.0,0,0,0,0,0,0,1,0,0.0,0.0,0.0,0.0,0,0,0,0.00,0.00,0.00,0.00,0.00,0.00,0.00,0.00,0.00,0.00,Matches,2021-2022
64,Moisés Caicedo,ec ECU,MF,Brighton,19,2001,8,8,660,7.3,1,1,2,1,0,0,2,0,0.8,0.8,0.3,1.1,9,22,8,0.14,0.14,0.27,0.14,0.27,0.11,0.04,0.16,0.11,0.16,Matches,2021-2022
65,Dominic Calvert-Lewin,eng ENG,FW,Everton,24,1997,17,15,1283,14.3,5,2,7,3,2,3,2,0,6.5,4.2,1.6,5.7,9,17,50,0.35,0.14,0.49,0.21,0.35,0.46,0.11,0.57,0.29,0.40,Matches,2021-2022
66,Chem Campbell,wls WAL,MF,Wolves,18,2002,1,0,13,0.1,0,0,0,0,0,0,0,0,0.0,0.0,0.0,0.0,0,0,4,0.00,0.00,0.00,0.00,0.00,0.00,0.00,0.00,0.00,0.00,Matches,2021-2022
67,João Cancelo,pt POR,DF,Manchester City,27,1994,36,36,3227,35.9,1,7,8,1,0,0,7,0,4.0,4.0,5.4,9.3,125,357,270,0.03,0.20,0.22,0.03,0.22,0.11,0.15,0.26,0.11,0.26,Matches,2021-2022
68,Sergi Canós,es ESP,"DF,FW",Brentford,24,1997,31,25,2083,23.1,3,2,5,3,0,0,8,1,3.0,3.0,1.7,4.6,52,59,100,0.13,0.09,0.22,0.13,0.22,0.13,0.07,0.20,0.13,0.20,Matches,2021-2022
69,Todd Cantwell,eng ENG,"FW,MF",Norwich City,23,1998,8,5,441,4.9,0,0,0,0,0,0,2,0,0.1,0.1,0.1,0.3,2,10,17,0.00,0.00,0.00,0.00,0.00,0.03,0.03,0.06,0.03,0.06,Matches,2021-2022
70,Matty Cash,pl POL,DF,Aston Villa,23,1997,38,38,3377,37.5,4,3,7,4,0,0,8,0,2.7,2.7,2.8,5.4,89,96,174,0.11,0.08,0.19,0.11,0.19,0.07,0.07,0.14,0.07,0.14,Matches,2021-2022
71,Timothy Castagne,be BEL,DF,Leicester City,25,1995,27,22,2127,23.6,1,0,1,1,0,0,1,0,0.7,0.7,1.5,2.2,32,72,115,0.04,0.00,0.04,0.04,0.04,0.03,0.06,0.09,0.03,0.09,Matches,2021-2022
72,Jonny Castro,es ESP,DF,Wolves,27,1994,13,10,1024,11.4,2,0,2,2,0,0,1,0,1.0,1.0,1.3,2.3,25,35,56,0.18,0.00,0.18,0.18,0.18,0.09,0.12,0.21,0.09,0.21,Matches,2021-2022
73,Craig Cathcart,nir NIR,DF,Watford,32,1989,31,27,2396,26.6,0,1,1,0,0,0,3,0,0.2,0.2,1.2,1.4,6,52,0,0.00,0.04,0.04,0.00,0.04,0.01,0.05,0.05,0.01,0.05,Matches,2021-2022
74,Edinson Cavani,uy URU,FW,Manchester Utd,34,1987,15,7,766,8.5,2,1,3,2,0,0,0,0,3.4,3.4,1.2,4.7,2,9,32,0.23,0.12,0.35,0.23,0.35,0.40,0.14,0.55,0.40,0.55,Matches,2021-2022
75,Kayky Chagas,br BRA,FW,Manchester City,18,2003,1,0,7,0.1,0,0,0,0,0,0,0,0,0.0,0.0,0.0,0.0,1,0,1,0.00,0.00,0.00,0.00,0.00,0.00,0.00,0.00,0.00,0.00,Matches,2021-2022
76,Trevoh Chalobah,eng ENG,DF,Chelsea,22,1999,20,17,1449,16.1,3,1,4,3,0,0,2,0,1.1,1.1,0.3,1.4,24,88,14,0.19,0.06,0.25,0.19,0.25,0.07,0.02,0.09,0.07,0.09,Matches,2021-2022
77,Calum Chambers,eng ENG,DF,Arsenal,26,1995,2,2,170,1.9,0,0,0,0,0,0,0,0,0.1,0.1,0.1,0.2,0,7,5,0.00,0.00,0.00,0.00,0.00,0.04,0.05,0.08,0.04,0.08,Matches,2021-2022
78,Calum Chambers,eng ENG,DF,Aston Villa,26,1995,11,9,831,9.2,1,0,1,1,0,0,1,0,0.2,0.2,0.1,0.3,3,31,1,0.11,0.00,0.11,0.11,0.11,0.02,0.01,0.03,0.02,0.03,Matches,2021-2022
79,Daniel Chesters,eng ENG,MF,West Ham,19,2002,1,0,1,0.0,0,0,0,0,0,0,0,0,0.0,0.0,0.0,0.0,0,0,0,0.00,0.00,0.00,0.00,0.00,0.00,0.00,0.00,0.00,0.00,Matches,2021-2022
80,Ben Chilwell,eng ENG,DF,Chelsea,24,1996,7,6,542,6.0,3,1,4,3,0,0,0,0,0.9,0.9,0.8,1.7,14,18,46,0.50,0.17,0.66,0.50,0.66,0.15,0.13,0.28,0.15,0.28,Matches,2021-2022
81,Chiquinho,pt POR,"DF,FW",Wolves,21,2000,8,1,208,2.3,0,3,3,0,0,0,0,0,0.6,0.6,0.7,1.3,10,7,35,0.00,1.30,1.30,0.00,1.30,0.26,0.30,0.56,0.26,0.56,Matches,2021-2022
82,Hamza Choudhury,bd BAN,"DF,MF",Leicester City,23,1997,6,4,285,3.2,0,0,0,0,0,0,1,0,0.0,0.0,0.0,0.0,0,5,1,0.00,0.00,0.00,0.00,0.00,0.01,0.00,0.01,0.01,0.01,Matches,2021-2022
83,Andreas Christensen,dk DEN,DF,Chelsea,25,1996,19,17,1496,16.6,0,0,0,0,0,0,2,0,0.6,0.6,0.2,0.8,14,81,5,0.00,0.00,0.00,0.00,0.00,0.04,0.01,0.05,0.04,0.05,Matches,2021-2022
84,Carney Chukwuemeka,eng ENG,"MF,FW",Aston Villa,17,2003,12,2,301,3.3,0,1,1,0,0,0,0,0,0.6,0.6,1.0,1.6,9,7,14,0.00,0.30,0.30,0.00,0.30,0.19,0.28,0.47,0.19,0.47,Matches,2021-2022
85,Ciaran Clark,ie IRL,DF,Newcastle Utd,31,1989,13,12,1014,11.3,0,1,1,0,0,0,2,1,1.1,1.1,0.3,1.4,2,17,6,0.00,0.09,0.09,0.00,0.09,0.10,0.03,0.12,0.10,0.12,Matches,2021-2022
86,Tom Cleverley,eng ENG,MF,Watford,31,1989,28,20,1616,18.0,0,2,2,0,0,0,2,0,0.7,0.7,2.1,2.8,8,64,40,0.00,0.11,0.11,0.00,0.11,0.04,0.12,0.15,0.04,0.15,Matches,2021-2022
87,Nathaniel Clyne,eng ENG,DF,Crystal Palace,30,1991,16,15,1351,15.0,0,1,1,0,0,0,1,0,0.1,0.1,0.4,0.5,14,36,25,0.00,0.07,0.07,0.00,0.07,0.01,0.03,0.04,0.01,0.04,Matches,2021-2022
88,Conor Coady,eng ENG,DF,Wolves,28,1993,38,38,3361,37.3,4,0,4,4,0,0,4,0,2.8,2.8,0.1,2.8,6,35,3,0.11,0.00,0.11,0.11,0.11,0.07,0.00,0.08,0.07,0.08,Matches,2021-2022
89,Séamus Coleman,ie IRL,DF,Everton,32,1988,30,30,2656,29.5,1,0,1,1,0,0,4,0,1.2,1.2,0.8,2.0,40,96,77,0.03,0.00,0.03,0.03,0.03,0.04,0.03,0.07,0.04,0.07,Matches,2021-2022
90,Nathan Collins,ie IRL,DF,Burnley,20,2001,19,18,1670,18.6,2,0,2,2,0,0,2,1,1.5,1.5,1.5,3.0,7,44,8,0.11,0.00,0.11,0.11,0.11,0.08,0.08,0.16,0.08,0.16,Matches,2021-2022
91,Aaron Connolly,ie IRL,"FW,MF",Brighton,21,2000,4,1,156,1.7,0,0,0,0,0,0,0,0,0.4,0.4,0.1,0.5,3,1,7,0.00,0.00,0.00,0.00,0.00,0.21,0.06,0.26,0.21,0.26,Matches,2021-2022
92,Liam Cooper,sct SCO,DF,Leeds United,29,1991,21,21,1814,20.2,0,1,1,0,0,0,5,0,0.4,0.4,0.1,0.5,7,46,2,0.00,0.05,0.05,0.00,0.05,0.02,0.01,0.02,0.02,0.02,Matches,2021-2022
93,Jack Cork,eng ENG,MF,Burnley,32,1989,20,20,1670,18.6,1,0,1,1,0,0,4,0,0.7,0.7,0.3,1.0,12,46,12,0.05,0.00,0.05,0.05,0.05,0.04,0.02,0.05,0.04,0.05,Matches,2021-2022
94,Maxwel Cornet,ci CIV,"FW,MF",Burnley,24,1996,26,21,1766,19.6,9,1,10,9,0,1,2,0,6.7,5.9,1.7,7.7,28,30,125,0.46,0.05,0.51,0.46,0.51,0.34,0.09,0.43,0.30,0.39,Matches,2021-2022
95,Hélder Costa,ao ANG,MF,Leeds United,27,1994,1,0,22,0.2,0,0,0,0,0,0,0,0,0.0,0.0,0.0,0.0,0,0,2,0.00,0.00,0.00,0.00,0.00,0.03,0.00,0.03,0.03,0.03,Matches,2021-2022
96,Vladimír Coufal,cz CZE,DF,West Ham,28,1992,28,25,2209,24.5,0,4,4,0,0,0,5,1,0.8,0.8,2.1,2.9,51,113,119,0.00,0.16,0.16,0.00,0.16,0.03,0.08,0.12,0.03,0.12,Matches,2021-2022
97,Philippe Coutinho,br BRA,"MF,FW",Aston Villa,29,1992,19,16,1329,14.8,5,3,8,5,0,0,0,0,3.8,3.8,2.9,6.7,48,94,62,0.34,0.20,0.54,0.34,0.54,0.25,0.20,0.45,0.25,0.45,Matches,2021-2022
98,Aaron Cresswell,eng ENG,DF,West Ham,31,1989,31,31,2726,30.3,2,3,5,2,0,0,3,0,1.1,1.1,3.2,4.2,54,186,99,0.07,0.10,0.17,0.07,0.17,0.04,0.10,0.14,0.04,0.14,Matches,2021-2022
99,Charlie Cresswell,eng ENG,DF,Leeds United,18,2002,5,1,141,1.6,0,0,0,0,0,0,1,0,0.1,0.1,0.0,0.1,1,4,0,0.00,0.00,0.00,0.00,0.00,0.05,0.00,0.05,0.05,0.05,Matches,2021-2022
100,Cucho,co COL,"FW,MF",Watford,22,1999,25,11,1147,12.7,5,2,7,5,0,0,3,0,2.5,2.5,1.9,4.3,22,39,85,0.39,0.16,0.55,0.39,0.55,0.19,0.15,0.34,0.19,0.34,Matches,2021-2022
101,Marc Cucurella,es ESP,DF,Brighton,23,1998,35,35,3089,34.3,1,1,2,1,0,0,6,0,0.7,0.7,2.7,3.4,104,191,208,0.03,0.03,0.06,0.03,0.06,0.02,0.08,0.10,0.02,0.10,Matches,2021-2022
102,Luke Cundle,eng ENG,MF,Wolves,19,2002,4,2,180,2.0,0,0,0,0,0,0,0,0,0.0,0.0,0.2,0.2,3,9,3,0.00,0.00,0.00,0.00,0.00,0.00,0.12,0.12,0.00,0.12,Matches,2021-2022
103,Patson Daka,zm ZAM,FW,Leicester City,22,1998,23,13,1159,12.9,5,3,8,5,0,0,2,0,4.2,4.2,2.0,6.1,10,17,66,0.39,0.23,0.62,0.39,0.62,0.32,0.15,0.48,0.32,0.48,Matches,2021-2022
104,Stuart Dallas,nir NIR,"DF,MF",Leeds United,30,1991,34,34,2919,32.4,1,1,2,1,0,0,5,0,1.9,1.9,2.3,4.1,82,170,79,0.03,0.03,0.06,0.03,0.06,0.06,0.07,0.13,0.06,0.13,Matches,2021-2022
105,Diogo Dalot,pt POR,DF,Manchester Utd,22,1999,24,19,1801,20.0,0,0,0,0,0,0,4,0,0.6,0.6,1.2,1.7,53,105,75,0.00,0.00,0.00,0.00,0.00,0.03,0.06,0.09,0.03,0.09,Matches,2021-2022
106,Karl Darlow,wls WAL,GK,Newcastle Utd,30,1990,8,8,720,8.0,0,0,0,0,0,0,1,0,0.0,0.0,0.0,0.0,0,0,0,0.00,0.00,0.00,0.00,0.00,0.00,0.00,0.00,0.00,0.00,Matches,2021-2022
107,Josh Dasilva,eng ENG,"MF,FW",Brentford,22,1998,9,2,257,2.9,0,0,0,0,0,0,0,1,0.1,0.1,0.1,0.2,10,11,10,0.00,0.00,0.00,0.00,0.00,0.03,0.05,0.08,0.03,0.08,Matches,2021-2022
108,Ben Davies,wls WAL,DF,Tottenham,28,1993,29,28,2538,28.2,1,1,2,1,0,0,6,0,2.3,2.3,0.5,2.9,62,137,60,0.04,0.04,0.07,0.04,0.07,0.08,0.02,0.10,0.08,0.10,Matches,2021-2022
109,Tom Davies,eng ENG,MF,Everton,23,1998,6,2,234,2.6,1,0,1,1,0,0,1,0,0.8,0.8,0.0,0.8,1,7,3,0.38,0.00,0.38,0.38,0.38,0.32,0.00,0.32,0.32,0.32,Matches,2021-2022
110,Keinan Davis,eng ENG,FW,Aston Villa,23,1998,1,0,12,0.1,0,0,0,0,0,0,0,0,0.0,0.0,0.0,0.0,0,0,1,0.00,0.00,0.00,0.00,0.00,0.00,0.00,0.00,0.00,0.00,Matches,2021-2022
111,Craig Dawson,eng ENG,DF,West Ham,31,1990,34,30,2754,30.6,2,2,4,2,0,0,5,1,3.0,3.0,1.0,4.0,4,54,3,0.07,0.07,0.13,0.07,0.13,0.10,0.03,0.13,0.10,0.13,Matches,2021-2022
112,Kevin De Bruyne,be BEL,MF,Manchester City,30,1991,30,25,2201,24.5,15,8,23,15,0,0,2,0,5.7,5.7,10.4,16.1,84,204,175,0.61,0.33,0.94,0.61,0.94,0.23,0.42,0.66,0.23,0.66,Matches,2021-2022
113,Troy Deeney,eng ENG,FW,Watford,33,1988,2,0,25,0.3,0,0,0,0,0,0,0,0,0.1,0.1,0.1,0.1,0,1,5,0.00,0.00,0.00,0.00,0.00,0.28,0.25,0.54,0.28,0.54,Matches,2021-2022
114,Liam Delap,eng ENG,FW,Manchester City,18,2003,1,0,10,0.1,0,0,0,0,0,0,0,0,0.0,0.0,0.0,0.0,0,1,0,0.00,0.00,0.00,0.00,0.00,0.00,0.00,0.00,0.00,0.00,Matches,2021-2022
115,Fabian Delph,eng ENG,MF,Everton,31,1989,11,8,662,7.4,0,0,0,0,0,0,2,0,0.0,0.0,0.1,0.1,2,34,3,0.00,0.00,0.00,0.00,0.00,0.00,0.01,0.01,0.00,0.01,Matches,2021-2022
116,Leander Dendoncker,be BEL,MF,Wolves,26,1995,30,21,1950,21.7,2,2,4,2,0,0,4,0,2.2,2.2,1.1,3.3,9,64,45,0.09,0.09,0.18,0.09,0.18,0.10,0.05,0.15,0.10,0.15,Matches,2021-2022
117,Emmanuel Dennis,ng NGA,"FW,MF",Watford,23,1997,33,30,2581,28.7,10,6,16,10,0,0,9,1,7.3,7.3,4.1,11.3,90,61,172,0.35,0.21,0.56,0.35,0.56,0.26,0.14,0.40,0.25,0.40,Matches,2021-2022
118,Kiernan Dewsbury-Hall,eng ENG,MF,Leicester City,22,1998,28,23,2105,23.4,1,2,3,1,0,0,4,0,1.2,1.2,2.7,3.9,82,132,98,0.04,0.09,0.13,0.04,0.13,0.05,0.12,0.17,0.05,0.17,Matches,2021-2022
119,Ibrahima Diallo,fr FRA,MF,Southampton,22,1999,23,10,1023,11.4,0,2,2,0,0,0,1,0,0.4,0.4,1.0,1.5,17,57,20,0.00,0.18,0.18,0.00,0.18,0.04,0.09,0.13,0.04,0.13,Matches,2021-2022
120,Rúben Dias,pt POR,DF,Manchester City,24,1997,29,27,2402,26.7,2,4,6,2,0,0,5,0,2.7,2.7,3.2,5.9,33,139,4,0.07,0.15,0.22,0.07,0.22,0.10,0.12,0.22,0.10,0.22,Matches,2021-2022
121,Luis Díaz,co COL,FW,Liverpool,24,1997,13,11,958,10.6,4,3,7,4,0,0,0,0,3.6,3.6,2.6,6.2,53,38,127,0.38,0.28,0.66,0.38,0.66,0.33,0.25,0.58,0.33,0.58,Matches,2021-2022
122,Eric Dier,eng ENG,DF,Tottenham,27,1994,35,35,3071,34.1,0,0,0,0,0,0,1,0,1.2,1.2,1.1,2.3,13,103,6,0.00,0.00,0.00,0.00,0.00,0.04,0.03,0.07,0.04,0.07,Matches,2021-2022
123,Lucas Digne,fr FRA,DF,Aston Villa,28,1993,16,16,1269,14.1,0,4,4,0,0,0,2,0,0.5,0.5,2.2,2.7,34,48,121,0.00,0.28,0.28,0.00,0.28,0.04,0.16,0.19,0.04,0.19,Matches,2021-2022
124,Lucas Digne,fr FRA,DF,Everton,28,1993,13,13,1170,13.0,0,0,0,0,0,0,4,0,0.3,0.3,1.4,1.8,25,49,47,0.00,0.00,0.00,0.00,0.00,0.03,0.11,0.14,0.03,0.14,Matches,2021-2022
125,Issa Diop,fr FRA,DF,West Ham,24,1997,13,10,963,10.7,0,1,1,0,0,0,0,0,0.1,0.1,0.4,0.5,4,14,1,0.00,0.09,0.09,0.00,0.09,0.01,0.04,0.05,0.01,0.05,Matches,2021-2022
126,Moussa Djenepo,ml MLI,MF,Southampton,23,1998,12,5,457,5.1,0,0,0,0,0,0,3,0,1.5,1.5,0.3,1.8,20,18,30,0.00,0.00,0.00,0.00,0.00,0.29,0.06,0.35,0.29,0.35,Matches,2021-2022
127,Lewis Dobbin,eng ENG,"FW,MF",Everton,18,2003,3,0,32,0.4,0,0,0,0,0,0,1,0,0.0,0.0,0.0,0.0,1,1,2,0.00,0.00,0.00,0.00,0.00,0.00,0.00,0.00,0.00,0.00,Matches,2021-2022
128,Matt Doherty,ie IRL,DF,Tottenham,29,1992,15,9,875,9.7,2,4,6,2,0,0,0,0,2.5,2.5,2.0,4.5,29,24,80,0.21,0.41,0.62,0.21,0.62,0.25,0.20,0.46,0.25,0.46,Matches,2021-2022
129,Abdoulaye Doucouré,ml MLI,MF,Everton,28,1993,30,29,2537,28.2,2,4,6,2,0,0,6,0,2.2,2.2,2.0,4.2,33,113,54,0.07,0.14,0.21,0.07,0.21,0.08,0.07,0.15,0.08,0.15,Matches,2021-2022
130,Kieran Dowell,eng ENG,"FW,MF",Norwich City,23,1997,19,11,912,10.1,1,1,2,1,0,0,0,0,1.1,1.1,1.5,2.6,14,31,49,0.10,0.10,0.20,0.10,0.20,0.10,0.15,0.26,0.10,0.26,Matches,2021-2022
131,Cody Drameh,eng ENG,"DF,MF",Leeds United,19,2001,3,1,128,1.4,0,0,0,0,0,0,1,0,0.0,0.0,0.0,0.0,3,6,3,0.00,0.00,0.00,0.00,0.00,0.00,0.02,0.02,0.00,0.02,Matches,2021-2022
132,Martin Dúbravka,sk SVK,GK,Newcastle Utd,32,1989,26,26,2340,26.0,0,0,0,0,0,0,1,0,0.0,0.0,0.0,0.0,0,0,0,0.00,0.00,0.00,0.00,0.00,0.00,0.00,0.00,0.00,0.00,Matches,2021-2022
133,Shane Duffy,ie IRL,DF,Brighton,29,1992,18,15,1436,16.0,1,0,1,1,0,0,7,0,1.0,1.0,0.2,1.2,3,41,3,0.06,0.00,0.06,0.06,0.06,0.06,0.01,0.07,0.06,0.07,Matches,2021-2022
134,Paul Dummett,wls WAL,DF,Newcastle Utd,29,1991,3,2,198,2.2,0,0,0,0,0,0,2,0,0.0,0.0,0.0,0.0,0,5,2,0.00,0.00,0.00,0.00,0.00,0.00,0.00,0.00,0.00,0.00,Matches,2021-2022
135,Lewis Dunk,eng ENG,DF,Brighton,29,1991,29,29,2573,28.6,1,0,1,1,0,0,3,1,1.3,1.3,0.4,1.8,14,83,3,0.03,0.00,0.03,0.03,0.03,0.05,0.01,0.06,0.05,0.06,Matches,2021-2022
136,Ederson,br BRA,GK,Manchester City,27,1993,37,37,3330,37.0,0,0,0,0,0,0,3,0,0.0,0.0,0.0,0.0,0,3,0,0.00,0.00,0.00,0.00,0.00,0.00,0.00,0.00,0.00,0.00,Matches,2021-2022
137,Odsonne Édouard,fr FRA,FW,Crystal Palace,23,1998,28,18,1564,17.4,6,3,9,5,1,1,4,0,6.4,5.6,1.9,7.5,42,42,109,0.35,0.17,0.52,0.29,0.46,0.37,0.11,0.48,0.32,0.43,Matches,2021-2022
138,CJ Egan-Riley,eng ENG,DF,Manchester City,18,2003,1,0,4,0.0,0,0,0,0,0,0,0,0,0.0,0.0,0.0,0.0,0,0,0,0.00,0.00,0.00,0.00,0.00,0.00,0.00,0.00,0.00,0.00,Matches,2021-2022
139,Anthony Elanga,se SWE,FW,Manchester Utd,19,2002,21,14,1214,13.5,2,2,4,2,0,0,0,0,2.6,2.6,2.4,5.1,32,18,114,0.15,0.15,0.30,0.15,0.30,0.19,0.18,0.37,0.19,0.37,Matches,2021-2022
140,Harvey Elliott,eng ENG,MF,Liverpool,18,2003,6,4,346,3.8,0,0,0,0,0,0,0,0,0.8,0.8,0.6,1.4,10,36,38,0.00,0.00,0.00,0.00,0.00,0.21,0.16,0.37,0.21,0.37,Matches,2021-2022
141,Mohamed Elneny,eg EGY,MF,Arsenal,29,1992,14,8,806,9.0,0,2,2,0,0,0,1,0,0.2,0.2,0.4,0.6,5,43,2,0.00,0.22,0.22,0.00,0.22,0.02,0.05,0.07,0.02,0.07,Matches,2021-2022
142,Mohamed Elyounoussi,no NOR,"MF,FW",Southampton,26,1994,30,23,2042,22.7,4,2,6,4,0,0,4,0,5.5,5.5,2.3,7.8,59,81,124,0.18,0.09,0.26,0.18,0.26,0.24,0.10,0.34,0.24,0.34,Matches,2021-2022
143,Emerson,br BRA,"DF,MF",Tottenham,22,1999,31,26,2286,25.4,1,1,2,1,0,0,5,0,1.5,1.5,2.2,3.6,68,68,175,0.04,0.04,0.08,0.04,0.08,0.06,0.09,0.14,0.06,0.14,Matches,2021-2022
144,Christian Eriksen,dk DEN,MF,Brentford,29,1992,11,10,939,10.4,1,4,5,1,0,0,1,0,1.3,1.3,3.5,4.8,21,82,22,0.10,0.38,0.48,0.10,0.48,0.12,0.34,0.46,0.12,0.46,Matches,2021-2022
145,Oghenekaro Etebo,ng NGA,MF,Watford,25,1995,9,4,401,4.5,0,0,0,0,0,0,3,0,0.1,0.1,0.1,0.2,3,16,1,0.00,0.00,0.00,0.00,0.00,0.01,0.02,0.03,0.01,0.03,Matches,2021-2022
146,Jonny Evans,nir NIR,DF,Leicester City,33,1988,18,16,1348,15.0,1,1,2,1,0,0,3,0,0.6,0.6,0.8,1.4,1,49,4,0.07,0.07,0.13,0.07,0.13,0.04,0.05,0.09,0.04,0.09,Matches,2021-2022
147,Eberechi Eze,eng ENG,"MF,FW",Crystal Palace,23,1998,13,6,605,6.7,1,1,2,1,0,0,1,0,0.4,0.4,0.9,1.3,20,33,38,0.15,0.15,0.30,0.15,0.30,0.07,0.13,0.20,0.07,0.20,Matches,2021-2022
148,Łukasz Fabiański,pl POL,GK,West Ham,36,1985,37,37,3330,37.0,0,0,0,0,0,0,2,0,0.0,0.0,0.0,0.0,0,0,0,0.00,0.00,0.00,0.00,0.00,0.00,0.00,0.00,0.00,0.00,Matches,2021-2022
149,Fabinho,br BRA,MF,Liverpool,27,1993,29,26,2314,25.7,5,1,6,3,2,2,7,0,3.9,2.4,1.3,3.7,18,134,37,0.19,0.04,0.23,0.12,0.16,0.15,0.05,0.20,0.09,0.14,Matches,2021-2022
150,Kiko Femenía,es ESP,DF,Watford,30,1991,27,26,2142,23.8,0,5,5,0,0,0,2,0,0.1,0.1,3.6,3.8,40,100,48,0.00,0.21,0.21,0.00,0.21,0.00,0.15,0.16,0.00,0.16,Matches,2021-2022
151,Evan Ferguson,ie IRL,MF,Brighton,16,2004,1,0,23,0.3,0,0,0,0,0,0,0,0,0.0,0.0,0.0,0.0,0,0,1,0.00,0.00,0.00,0.00,0.00,0.00,0.00,0.00,0.00,0.00,Matches,2021-2022
152,Nathan Ferguson,eng ENG,DF,Crystal Palace,20,2000,1,0,9,0.1,0,0,0,0,0,0,0,0,0.0,0.0,0.0,0.0,0,0,0,0.00,0.00,0.00,0.00,0.00,0.00,0.00,0.00,0.00,0.00,Matches,2021-2022
153,Bruno Fernandes,pt POR,MF,Manchester Utd,26,1994,36,35,3111,34.6,10,6,16,10,0,2,10,0,9.7,8.1,9.0,17.1,78,237,190,0.29,0.17,0.46,0.29,0.46,0.28,0.26,0.54,0.23,0.50,Matches,2021-2022
154,Álvaro Fernández,es ESP,GK,Brentford,23,1998,12,12,1080,12.0,0,0,0,0,0,0,0,0,0.0,0.0,0.0,0.0,0,1,0,0.00,0.00,0.00,0.00,0.00,0.00,0.00,0.00,0.00,0.00,Matches,2021-2022
155,Federico Fernández,ar ARG,DF,Newcastle Utd,32,1989,7,5,523,5.8,0,0,0,0,0,0,0,0,0.4,0.4,0.3,0.7,0,12,1,0.00,0.00,0.00,0.00,0.00,0.07,0.06,0.13,0.07,0.13,Matches,2021-2022
156,Fernandinho,br BRA,"MF,DF",Manchester City,36,1985,19,10,964,10.7,2,1,3,2,0,0,1,0,1.6,1.6,1.0,2.5,16,81,11,0.19,0.09,0.28,0.19,0.28,0.15,0.09,0.24,0.15,0.24,Matches,2021-2022
157,Roberto Firmino,br BRA,FW,Liverpool,29,1991,20,10,990,11.0,5,4,9,5,0,0,3,0,4.7,4.7,1.7,6.4,27,40,100,0.45,0.36,0.82,0.45,0.82,0.43,0.16,0.59,0.43,0.59,Matches,2021-2022
158,Junior Firpo,do DOM,"DF,MF",Leeds United,24,1996,24,19,1711,19.0,0,2,2,0,0,0,11,0,0.9,0.9,1.9,2.8,36,111,72,0.00,0.11,0.11,0.00,0.11,0.05,0.10,0.15,0.05,0.15,Matches,2021-2022
159,Ashley Fletcher,eng ENG,FW,Watford,25,1995,3,0,30,0.3,0,0,0,0,0,0,0,0,0.6,0.6,0.0,0.6,1,0,1,0.00,0.00,0.00,0.00,0.00,1.80,0.00,1.80,1.80,1.80,Matches,2021-2022
160,Phil Foden,eng ENG,FW,Manchester City,21,2000,28,24,2128,23.6,9,5,14,9,0,0,1,0,9.4,9.4,6.3,15.7,71,98,248,0.38,0.21,0.59,0.38,0.59,0.40,0.27,0.66,0.40,0.66,Matches,2021-2022
161,Wesley Fofana,fr FRA,DF,Leicester City,20,2000,7,7,630,7.0,0,0,0,0,0,0,2,0,0.4,0.4,0.0,0.4,10,28,1,0.00,0.00,0.00,0.00,0.00,0.06,0.00,0.06,0.06,0.06,Matches,2021-2022
162,Pablo Fornals,es ESP,"FW,MF",West Ham,25,1996,36,32,2795,31.1,6,3,9,6,0,0,4,0,4.6,4.6,6.3,10.9,49,191,200,0.19,0.10,0.29,0.19,0.29,0.15,0.20,0.35,0.15,0.35,Matches,2021-2022
163,Adam Forshaw,eng ENG,MF,Leeds United,29,1991,22,17,1530,17.0,0,1,1,0,0,0,5,0,0.5,0.5,1.0,1.5,19,80,26,0.00,0.06,0.06,0.00,0.06,0.03,0.06,0.09,0.03,0.09,Matches,2021-2022
164,Marcus Forss,fi FIN,"FW,MF",Brentford,22,1999,7,1,209,2.3,0,1,1,0,0,0,0,0,0.3,0.3,0.2,0.6,2,6,12,0.00,0.43,0.43,0.00,0.43,0.14,0.10,0.24,0.14,0.24,Matches,2021-2022
165,Fraser Forster,eng ENG,GK,Southampton,33,1988,19,19,1710,19.0,0,0,0,0,0,0,1,0,0.0,0.0,0.0,0.0,0,0,0,0.00,0.00,0.00,0.00,0.00,0.00,0.00,0.00,0.00,0.00,Matches,2021-2022
166,Ben Foster,eng ENG,GK,Watford,38,1983,26,26,2340,26.0,0,1,1,0,0,0,0,0,0.0,0.0,0.1,0.1,0,0,0,0.00,0.04,0.04,0.00,0.04,0.00,0.00,0.00,0.00,0.00,Matches,2021-2022
167,Tariqe Fosu,gh GHA,DF,Brentford,25,1995,1,0,17,0.2,0,0,0,0,0,0,0,0,0.0,0.0,0.0,0.0,3,1,4,0.00,0.00,0.00,0.00,0.00,0.22,0.00,0.22,0.22,0.22,Matches,2021-2022
168,Ryan Fraser,sct SCO,"FW,MF",Newcastle Utd,27,1994,27,18,1465,16.3,2,3,5,2,0,0,3,0,2.7,2.7,2.1,4.7,35,34,86,0.12,0.18,0.31,0.12,0.31,0.16,0.13,0.29,0.16,0.29,Matches,2021-2022
169,Fred,br BRA,MF,Manchester Utd,28,1993,28,24,2028,22.5,4,4,8,4,0,0,5,0,1.3,1.3,2.2,3.5,17,138,41,0.18,0.18,0.36,0.18,0.36,0.06,0.10,0.16,0.06,0.16,Matches,2021-2022
170,Ryan Fredericks,eng ENG,DF,West Ham,28,1992,7,3,307,3.4,0,0,0,0,0,0,1,0,0.0,0.0,0.1,0.1,4,6,14,0.00,0.00,0.00,0.00,0.00,0.00,0.04,0.04,0.00,0.04,Matches,2021-2022
171,Leo Fuhr Hjelde,no NOR,"MF,DF",Leeds United,17,2003,2,0,150,1.7,0,0,0,0,0,0,0,0,0.0,0.0,0.0,0.0,1,3,4,0.00,0.00,0.00,0.00,0.00,0.00,0.01,0.01,0.00,0.01,Matches,2021-2022
172,Conor Gallagher,eng ENG,MF,Crystal Palace,21,2000,34,33,2845,31.6,8,3,11,8,0,0,10,0,6.3,6.3,3.1,9.4,42,94,118,0.25,0.09,0.35,0.25,0.35,0.20,0.10,0.30,0.20,0.30,Matches,2021-2022
173,Alejandro Garnacho,ar ARG,"FW,MF",Manchester Utd,17,2004,2,0,13,0.1,0,0,0,0,0,0,0,0,0.0,0.0,0.0,0.0,0,0,0,0.00,0.00,0.00,0.00,0.00,0.00,0.00,0.00,0.00,0.00,Matches,2021-2022
174,Dwight Gayle,eng ENG,"FW,DF",Newcastle Utd,30,1990,8,0,38,0.4,0,0,0,0,0,0,1,0,0.6,0.6,0.3,0.9,0,0,4,0.00,0.00,0.00,0.00,0.00,1.31,0.71,2.02,1.31,2.02,Matches,2021-2022
175,Jean-Philippe Gbamin,ci CIV,MF,Everton,25,1995,3,1,67,0.7,0,0,0,0,0,0,0,0,0.0,0.0,0.0,0.0,1,0,0,0.00,0.00,0.00,0.00,0.00,0.00,0.00,0.00,0.00,0.00,Matches,2021-2022
176,David de Gea,es ESP,GK,Manchester Utd,30,1990,38,38,3420,38.0,0,0,0,0,0,0,0,0,0.0,0.0,0.0,0.0,0,0,0,0.00,0.00,0.00,0.00,0.00,0.00,0.00,0.00,0.00,0.00,Matches,2021-2022
177,Joe Gelhardt,eng ENG,"FW,MF",Leeds United,19,2002,20,5,746,8.3,2,2,4,2,0,0,4,0,3.0,3.0,1.6,4.6,17,15,55,0.24,0.24,0.48,0.24,0.48,0.36,0.20,0.56,0.36,0.56,Matches,2021-2022
178,Anwar El Ghazi,nl NED,"FW,MF",Aston Villa,26,1995,9,4,386,4.3,1,1,2,0,1,1,2,0,1.1,0.3,0.4,0.7,13,5,38,0.23,0.23,0.47,0.00,0.23,0.25,0.10,0.35,0.06,0.16,Matches,2021-2022
179,Anwar El Ghazi,nl NED,"FW,MF",Everton,26,1995,2,0,13,0.1,0,0,0,0,0,0,0,0,0.0,0.0,0.0,0.0,2,0,2,0.00,0.00,0.00,0.00,0.00,0.00,0.00,0.00,0.00,0.00,Matches,2021-2022
180,Saman Ghoddos,ir IRN,"MF,DF",Brentford,27,1993,17,4,536,6.0,1,1,2,1,0,0,2,0,0.5,0.5,1.2,1.7,7,25,40,0.17,0.17,0.34,0.17,0.34,0.08,0.20,0.28,0.08,0.28,Matches,2021-2022
181,Dimitris Giannoulis,gr GRE,DF,Norwich City,25,1995,18,14,1169,13.0,0,1,1,0,0,0,2,0,0.1,0.1,0.6,0.7,33,40,58,0.00,0.08,0.08,0.00,0.08,0.01,0.05,0.06,0.01,0.06,Matches,2021-2022
182,Morgan Gibbs-White,eng ENG,"DF,FW",Wolves,21,2000,2,0,9,0.1,0,0,0,0,0,0,1,0,0.1,0.1,0.0,0.1,0,2,2,0.00,0.00,0.00,0.00,0.00,1.40,0.00,1.40,1.40,1.40,Matches,2021-2022
183,Ben Gibson,eng ENG,DF,Norwich City,28,1993,28,28,2494,27.7,0,0,0,0,0,0,5,1,1.4,1.4,0.2,1.5,11,68,0,0.00,0.00,0.00,0.00,0.00,0.05,0.01,0.05,0.05,0.05,Matches,2021-2022
184,Bryan Gil,es ESP,"FW,MF",Tottenham,20,2001,9,0,94,1.0,0,0,0,0,0,0,0,0,0.1,0.1,0.1,0.2,6,7,17,0.00,0.00,0.00,0.00,0.00,0.06,0.11,0.17,0.06,0.17,Matches,2021-2022
185,Billy Gilmour,sct SCO,MF,Norwich City,20,2001,24,21,1855,20.6,0,1,1,0,0,0,2,0,0.9,0.9,1.4,2.3,30,112,17,0.00,0.05,0.05,0.00,0.05,0.04,0.07,0.11,0.04,0.11,Matches,2021-2022
186,Ben Godfrey,eng ENG,DF,Everton,23,1998,23,23,2029,22.5,0,0,0,0,0,0,6,0,1.4,1.4,0.8,2.2,23,67,26,0.00,0.00,0.00,0.00,0.00,0.06,0.03,0.10,0.06,0.10,Matches,2021-2022
187,André Gomes,pt POR,MF,Everton,28,1993,14,7,619,6.9,0,1,1,0,0,0,3,0,0.7,0.7,0.2,0.8,6,25,13,0.00,0.15,0.15,0.00,0.15,0.10,0.03,0.12,0.10,0.12,Matches,2021-2022
188,Toti Gomes,pt POR,DF,Wolves,22,1999,4,4,360,4.0,0,0,0,0,0,0,1,0,0.0,0.0,0.0,0.0,2,7,2,0.00,0.00,0.00,0.00,0.00,0.01,0.00,0.01,0.01,0.01,Matches,2021-2022
189,Joe Gomez,eng ENG,DF,Liverpool,24,1997,8,4,331,3.7,0,1,1,0,0,0,2,0,0.0,0.0,0.8,0.8,11,36,29,0.00,0.27,0.27,0.00,0.27,0.01,0.21,0.22,0.01,0.22,Matches,2021-2022
190,Charlie Goode,eng ENG,DF,Brentford,25,1995,6,4,450,5.0,0,0,0,0,0,0,3,0,0.1,0.1,1.0,1.0,5,18,9,0.00,0.00,0.00,0.00,0.00,0.01,0.19,0.20,0.01,0.20,Matches,2021-2022
191,Anthony Gordon,eng ENG,"MF,FW",Everton,20,2001,35,25,2285,25.4,4,2,6,4,0,0,4,0,3.5,3.5,3.8,7.3,74,51,137,0.16,0.08,0.24,0.16,0.24,0.14,0.15,0.29,0.14,0.29,Matches,2021-2022
192,Kaide Gordon,eng ENG,FW,Liverpool,16,2004,1,0,9,0.1,0,0,0,0,0,0,0,0,0.4,0.4,0.0,0.4,1,0,3,0.00,0.00,0.00,0.00,0.00,4.50,0.00,4.50,4.50,4.50,Matches,2021-2022
193,Dan Gosling,eng ENG,MF,Watford,31,1990,4,2,166,1.8,1,0,1,1,0,0,0,0,0.2,0.2,0.0,0.3,2,4,5,0.54,0.00,0.54,0.54,0.54,0.12,0.02,0.14,0.12,0.14,Matches,2021-2022
194,Demarai Gray,jm JAM,"MF,FW",Everton,25,1996,34,28,2338,26.0,5,4,9,5,0,0,3,0,4.0,4.0,3.6,7.6,93,59,169,0.19,0.15,0.35,0.19,0.35,0.15,0.14,0.29,0.15,0.29,Matches,2021-2022
195,Jack Grealish,eng ENG,FW,Manchester City,25,1995,26,22,1914,21.3,3,3,6,3,0,0,3,0,5.3,5.3,6.0,11.3,153,100,267,0.14,0.14,0.28,0.14,0.28,0.25,0.28,0.53,0.25,0.53,Matches,2021-2022
196,Mason Greenwood,eng ENG,"FW,MF",Manchester Utd,19,2001,18,16,1271,14.1,5,1,6,5,0,0,1,0,4.3,4.3,1.8,6.1,48,39,109,0.35,0.07,0.42,0.35,0.42,0.30,0.13,0.43,0.30,0.43,Matches,2021-2022
197,Sam Greenwood,eng ENG,"MF,FW",Leeds United,19,2002,7,1,237,2.6,0,2,2,0,0,0,0,0,0.3,0.3,0.2,0.5,3,5,10,0.00,0.76,0.76,0.00,0.76,0.11,0.09,0.20,0.11,0.20,Matches,2021-2022
198,Pascal Groß,de GER,"MF,DF",Brighton,30,1991,29,24,2038,22.6,2,4,6,2,0,1,1,0,2.9,2.1,5.5,7.7,39,149,141,0.09,0.18,0.26,0.09,0.26,0.13,0.24,0.37,0.09,0.34,Matches,2021-2022
199,Vicente Guaita,es ESP,GK,Crystal Palace,34,1987,30,30,2655,29.5,0,0,0,0,0,0,2,0,0.0,0.0,0.0,0.0,0,0,0,0.00,0.00,0.00,0.00,0.00,0.00,0.00,0.00,0.00,0.00,Matches,2021-2022
200,Marc Guéhi,eng ENG,DF,Crystal Palace,21,2000,36,36,3222,35.8,2,1,3,2,0,0,4,0,2.5,2.5,1.3,3.8,17,111,7,0.06,0.03,0.08,0.06,0.08,0.07,0.04,0.11,0.07,0.11,Matches,2021-2022
201,Bruno Guimarães,br BRA,MF,Newcastle Utd,23,1997,17,11,1034,11.5,5,1,6,5,0,0,4,0,3.1,3.1,1.1,4.2,18,54,15,0.44,0.09,0.52,0.44,0.52,0.27,0.10,0.37,0.27,0.37,Matches,2021-2022
202,İlkay Gündoğan,de GER,MF,Manchester City,30,1990,27,20,1857,20.6,8,4,12,8,0,0,1,0,9.0,9.0,4.9,13.9,60,126,107,0.39,0.19,0.58,0.39,0.58,0.44,0.24,0.67,0.44,0.67,Matches,2021-2022
203,Angus Gunn,sct SCO,GK,Norwich City,25,1996,9,9,810,9.0,0,0,0,0,0,0,0,0,0.0,0.0,0.0,0.0,0,0,0,0.00,0.00,0.00,0.00,0.00,0.00,0.00,0.00,0.00,0.00,Matches,2021-2022
204,Grant Hanley,sct SCO,DF,Norwich City,29,1991,33,33,2897,32.2,1,0,1,1,0,0,2,0,2.1,2.1,0.9,3.0,2,27,3,0.03,0.00,0.03,0.03,0.03,0.07,0.03,0.09,0.07,0.09,Matches,2021-2022
205,Jack Harrison,eng ENG,"FW,MF",Leeds United,24,1996,35,32,2639,29.3,8,1,9,8,0,0,3,0,4.4,4.4,3.2,7.6,120,89,234,0.27,0.03,0.31,0.27,0.31,0.15,0.11,0.26,0.15,0.26,Matches,2021-2022
206,Kortney Hause,eng ENG,DF,Aston Villa,26,1995,7,4,397,4.4,1,0,1,1,0,0,0,0,0.1,0.1,0.0,0.1,2,14,3,0.23,0.00,0.23,0.23,0.23,0.03,0.00,0.03,0.03,0.03,Matches,2021-2022
207,Kai Havertz,de GER,"FW,MF",Chelsea,22,1999,29,22,1809,20.1,8,3,11,8,0,0,3,0,8.7,8.7,2.2,10.9,64,62,203,0.40,0.15,0.55,0.40,0.55,0.43,0.11,0.54,0.43,0.54,Matches,2021-2022
208,Isaac Hayden,eng ENG,"MF,DF",Newcastle Utd,26,1995,14,12,1002,11.1,1,0,1,1,0,0,5,0,0.4,0.4,0.0,0.5,3,15,10,0.09,0.00,0.09,0.09,0.09,0.04,0.00,0.04,0.04,0.04,Matches,2021-2022
209,Hwang Hee-chan,kr KOR,"FW,MF",Wolves,25,1996,30,20,1816,20.2,5,1,6,5,0,0,2,0,4.4,4.4,1.3,5.8,66,57,114,0.25,0.05,0.30,0.25,0.30,0.22,0.07,0.29,0.22,0.29,Matches,2021-2022
210,Jordan Henderson,eng ENG,MF,Liverpool,31,1990,35,29,2597,28.9,2,5,7,2,0,0,3,0,1.5,1.5,3.5,5.0,54,245,116,0.07,0.17,0.24,0.07,0.24,0.05,0.12,0.17,0.05,0.17,Matches,2021-2022
211,Jeff Hendrick,ie IRL,MF,Newcastle Utd,29,1992,3,0,72,0.8,1,0,1,1,0,0,0,0,0.1,0.1,0.0,0.1,1,0,1,1.25,0.00,1.25,1.25,1.25,0.11,0.03,0.14,0.11,0.14,Matches,2021-2022
212,Wayne Hennessey,wls WAL,GK,Burnley,34,1987,2,2,180,2.0,0,0,0,0,0,0,0,0,0.0,0.0,0.2,0.2,0,0,0,0.00,0.00,0.00,0.00,0.00,0.00,0.09,0.09,0.00,0.09,Matches,2021-2022
213,Rico Henry,eng ENG,DF,Brentford,24,1997,34,33,2776,30.8,3,0,3,3,0,0,2,0,1.5,1.5,1.7,3.3,61,81,131,0.10,0.00,0.10,0.10,0.10,0.05,0.06,0.11,0.05,0.11,Matches,2021-2022
214,Son Heung-min,kr KOR,"MF,FW",Tottenham,29,1992,35,35,3006,33.4,23,7,30,23,0,0,2,0,15.9,15.9,7.5,23.4,116,90,242,0.69,0.21,0.90,0.69,0.90,0.48,0.22,0.70,0.48,0.70,Matches,2021-2022
215,Ki-Jana Hoever,nl NED,"DF,MF",Wolves,19,2002,8,4,308,3.4,0,0,0,0,0,0,1,0,0.0,0.0,0.1,0.1,9,5,22,0.00,0.00,0.00,0.00,0.00,0.01,0.02,0.03,0.01,0.03,Matches,2021-2022
216,Rob Holding,eng ENG,DF,Arsenal,25,1995,15,9,845,9.4,1,0,1,1,0,0,4,1,0.4,0.4,0.0,0.4,4,23,0,0.11,0.00,0.11,0.11,0.11,0.04,0.00,0.04,0.04,0.04,Matches,2021-2022
217,Mason Holgate,eng ENG,DF,Everton,24,1996,25,23,2134,23.7,2,1,3,2,0,0,7,1,1.3,1.3,0.1,1.4,4,40,2,0.08,0.04,0.13,0.08,0.13,0.06,0.00,0.06,0.06,0.06,Matches,2021-2022
218,Callum Hudson-Odoi,eng ENG,"MF,FW",Chelsea,20,2000,15,11,962,10.7,1,2,3,1,0,0,1,0,2.5,2.5,2.1,4.6,67,41,102,0.09,0.19,0.28,0.09,0.28,0.23,0.20,0.43,0.23,0.43,Matches,2021-2022
219,Will Hughes,eng ENG,MF,Crystal Palace,26,1995,16,13,1053,11.7,0,1,1,0,0,0,6,0,0.1,0.1,0.6,0.8,5,38,7,0.00,0.09,0.09,0.00,0.09,0.01,0.05,0.06,0.01,0.06,Matches,2021-2022
220,Pierre Højbjerg,dk DEN,MF,Tottenham,25,1995,36,36,3196,35.5,2,2,4,2,0,0,3,0,1.9,1.9,2.3,4.2,46,242,47,0.06,0.06,0.11,0.06,0.11,0.05,0.06,0.12,0.05,0.12,Matches,2021-2022
221,Adam Idah,ie IRL,"FW,MF",Norwich City,20,2001,17,6,625,6.9,1,1,2,1,0,0,0,0,2.3,2.3,0.6,2.9,11,10,48,0.14,0.14,0.29,0.14,0.29,0.33,0.09,0.42,0.33,0.42,Matches,2021-2022
222,Kelechi Iheanacho,ng NGA,FW,Leicester City,24,1996,26,13,1264,14.0,4,5,9,4,0,0,1,0,3.6,3.6,2.5,6.1,28,37,85,0.28,0.36,0.64,0.28,0.64,0.26,0.18,0.43,0.26,0.43,Matches,2021-2022
223,Danny Ings,eng ENG,FW,Aston Villa,29,1992,30,22,1898,21.1,7,6,13,6,1,1,4,0,7.1,6.3,1.6,8.0,24,39,117,0.33,0.28,0.62,0.28,0.57,0.34,0.08,0.41,0.30,0.38,Matches,2021-2022
224,Tim Iroegbunam,eng ENG,MF,Aston Villa,18,2003,3,1,92,1.0,0,0,0,0,0,0,1,0,0.1,0.1,0.0,0.1,1,4,0,0.00,0.00,0.00,0.00,0.00,0.11,0.00,0.11,0.11,0.11,Matches,2021-2022
225,Alex Iwobi,ng NGA,"MF,DF",Everton,25,1996,28,22,2035,22.6,2,2,4,2,0,0,1,0,2.3,2.3,2.6,4.9,44,103,104,0.09,0.09,0.18,0.09,0.18,0.10,0.12,0.22,0.10,0.22,Matches,2021-2022
226,Daniel James,wls WAL,FW,Manchester Utd,23,1997,2,2,126,1.4,0,0,0,0,0,0,0,0,0.2,0.2,0.3,0.6,5,3,16,0.00,0.00,0.00,0.00,0.00,0.18,0.24,0.42,0.18,0.42,Matches,2021-2022
227,Daniel James,wls WAL,"FW,MF",Leeds United,23,1997,32,29,2366,26.3,4,4,8,4,0,0,7,1,6.1,6.1,2.9,8.9,69,57,186,0.15,0.15,0.30,0.15,0.30,0.23,0.11,0.34,0.23,0.34,Matches,2021-2022
228,Reece James,eng ENG,DF,Chelsea,21,1999,26,22,1864,20.7,5,9,14,5,0,0,4,1,3.1,3.1,5.9,9.1,52,149,203,0.24,0.43,0.68,0.24,0.68,0.15,0.29,0.44,0.15,0.44,Matches,2021-2022
229,Vitaly Janelt,de GER,MF,Brentford,23,1998,31,27,2298,25.5,4,0,4,4,0,0,3,0,2.4,2.4,1.9,4.2,25,103,60,0.16,0.00,0.16,0.16,0.16,0.09,0.07,0.17,0.09,0.17,Matches,2021-2022
230,Pontus Jansson,se SWE,DF,Brentford,30,1991,37,37,3321,36.9,3,1,4,3,0,0,7,0,3.0,3.0,0.3,3.3,4,67,5,0.08,0.03,0.11,0.08,0.11,0.08,0.01,0.09,0.08,0.09,Matches,2021-2022
231,Mathias Jensen,dk DEN,MF,Brentford,25,1996,31,19,1601,17.8,0,1,1,0,0,0,0,0,2.9,2.9,3.2,6.2,14,103,54,0.00,0.06,0.06,0.00,0.06,0.17,0.18,0.35,0.17,0.35,Matches,2021-2022
232,Gabriel Jesus,br BRA,FW,Manchester City,24,1997,28,21,1877,20.9,8,8,16,7,1,1,1,0,9.8,9.0,5.7,14.7,51,55,220,0.38,0.38,0.77,0.34,0.72,0.47,0.28,0.74,0.43,0.71,Matches,2021-2022
233,Raúl Jiménez,mx MEX,FW,Wolves,30,1991,34,30,2631,29.2,6,4,10,5,1,1,9,2,6.1,5.4,3.1,8.5,40,65,163,0.21,0.14,0.34,0.17,0.31,0.21,0.10,0.31,0.19,0.29,Matches,2021-2022
234,João Pedro,br BRA,"FW,MF",Watford,19,2001,28,15,1644,18.3,3,1,4,3,0,0,1,0,3.6,3.6,2.8,6.3,54,77,102,0.16,0.05,0.22,0.16,0.22,0.20,0.15,0.35,0.20,0.35,Matches,2021-2022
235,Joelinton,br BRA,"MF,FW",Newcastle Utd,24,1996,35,30,2558,28.4,4,1,5,4,0,0,8,0,3.3,3.3,1.9,5.2,45,92,90,0.14,0.04,0.18,0.14,0.18,0.12,0.07,0.18,0.12,0.18,Matches,2021-2022
236,Ben Johnson,eng ENG,DF,West Ham,21,2000,20,16,1397,15.5,1,0,1,1,0,0,1,0,0.2,0.2,0.6,0.7,23,64,67,0.06,0.00,0.06,0.06,0.06,0.01,0.04,0.05,0.01,0.05,Matches,2021-2022
237,Curtis Jones,eng ENG,MF,Liverpool,20,2001,15,10,851,9.5,1,1,2,1,0,0,0,0,0.9,0.9,0.6,1.5,25,58,54,0.11,0.11,0.21,0.11,0.21,0.10,0.07,0.16,0.10,0.16,Matches,2021-2022
238,Phil Jones,eng ENG,DF,Manchester Utd,29,1992,4,2,163,1.8,0,0,0,0,0,0,0,0,0.0,0.0,0.0,0.0,1,2,0,0.00,0.00,0.00,0.00,0.00,0.00,0.00,0.00,0.00,0.00,Matches,2021-2022
239,Jorginho,it ITA,MF,Chelsea,29,1991,29,26,2273,25.3,6,2,8,0,6,7,5,0,5.8,0.3,2.7,3.0,18,178,19,0.24,0.08,0.32,0.00,0.08,0.23,0.11,0.34,0.01,0.12,Matches,2021-2022
240,Diogo Jota,pt POR,FW,Liverpool,24,1996,35,27,2364,26.3,15,4,19,15,0,0,3,0,16.3,16.3,5.8,22.0,74,87,191,0.57,0.15,0.72,0.57,0.72,0.62,0.22,0.84,0.62,0.84,Matches,2021-2022
241,James Justin,eng ENG,DF,Leicester City,23,1998,13,11,998,11.1,0,0,0,0,0,0,0,0,0.3,0.3,1.0,1.3,23,44,52,0.00,0.00,0.00,0.00,0.00,0.03,0.09,0.12,0.03,0.12,Matches,2021-2022
242,Mathias Jørgensen,dk DEN,DF,Brentford,31,1990,8,6,518,5.8,1,0,1,1,0,0,2,0,0.1,0.1,0.3,0.4,5,18,1,0.17,0.00,0.17,0.17,0.17,0.02,0.05,0.07,0.02,0.07,Matches,2021-2022
243,Ozan Kabak,tr TUR,DF,Norwich City,21,2000,11,11,922,10.2,0,0,0,0,0,0,2,0,0.3,0.3,0.0,0.3,9,20,0,0.00,0.00,0.00,0.00,0.00,0.03,0.00,0.03,0.03,0.03,Matches,2021-2022
244,Christian Kabasele,be BEL,DF,Watford,30,1991,16,12,1193,13.3,0,0,0,0,0,0,0,0,0.9,0.9,0.2,1.0,5,21,1,0.00,0.00,0.00,0.00,0.00,0.07,0.01,0.08,0.07,0.08,Matches,2021-2022
245,Samuel Kalu,ng NGA,FW,Watford,23,1997,4,2,222,2.5,0,0,0,0,0,0,0,0,0.4,0.4,0.1,0.5,7,8,18,0.00,0.00,0.00,0.00,0.00,0.16,0.04,0.20,0.16,0.20,Matches,2021-2022
246,Hassane Kamara,ci CIV,DF,Watford,27,1994,19,18,1623,18.0,1,0,1,1,0,0,5,1,0.2,0.2,0.6,0.8,32,55,25,0.06,0.00,0.06,0.06,0.06,0.01,0.03,0.04,0.01,0.04,Matches,2021-2022
247,Harry Kane,eng ENG,FW,Tottenham,28,1993,37,36,3232,35.9,17,9,26,13,4,4,5,0,18.6,15.4,9.1,24.5,87,143,212,0.47,0.25,0.72,0.36,0.61,0.52,0.25,0.77,0.43,0.68,Matches,2021-2022
248,N'Golo Kanté,fr FRA,MF,Chelsea,30,1991,26,21,1773,19.7,2,4,6,2,0,0,2,0,1.5,1.5,2.1,3.6,72,159,62,0.10,0.20,0.30,0.10,0.30,0.08,0.11,0.19,0.08,0.19,Matches,2021-2022
249,Edo Kayembe,cd COD,MF,Watford,23,1998,13,9,799,8.9,0,0,0,0,0,0,0,0,0.1,0.1,0.3,0.5,9,47,8,0.00,0.00,0.00,0.00,0.00,0.02,0.04,0.05,0.02,0.05,Matches,2021-2022
250,Moise Kean,it ITA,FW,Everton,21,2000,1,0,1,0.0,0,0,0,0,0,0,0,0,0.0,0.0,0.0,0.0,0,0,0,0.00,0.00,0.00,0.00,0.00,0.00,0.00,0.00,0.00,0.00,Matches,2021-2022
251,Michael Keane,eng ENG,DF,Everton,28,1993,32,31,2792,31.0,3,2,5,3,0,0,4,1,1.2,1.2,1.6,2.8,9,79,4,0.10,0.06,0.16,0.10,0.16,0.04,0.05,0.09,0.04,0.09,Matches,2021-2022
252,Naby Keïta,gn GUI,MF,Liverpool,26,1995,23,14,1173,13.0,3,1,4,3,0,0,3,0,2.2,2.2,1.9,4.1,39,75,42,0.23,0.08,0.31,0.23,0.31,0.17,0.14,0.31,0.17,0.31,Matches,2021-2022
253,Caoimhín Kelleher,ie IRL,GK,Liverpool,22,1998,2,2,180,2.0,0,0,0,0,0,0,0,0,0.0,0.0,0.0,0.0,0,0,0,0.00,0.00,0.00,0.00,0.00,0.00,0.00,0.00,0.00,0.00,Matches,2021-2022
254,Kenedy,br BRA,DF,Chelsea,25,1996,1,1,58,0.6,0,1,1,0,0,0,0,0,0.0,0.0,0.6,0.6,2,5,10,0.00,1.55,1.55,0.00,1.55,0.06,0.94,1.00,0.06,1.00,Matches,2021-2022
255,Jonjoe Kenny,eng ENG,DF,Everton,24,1997,15,11,1018,11.3,0,1,1,0,0,0,3,1,0.2,0.2,0.8,1.0,9,36,25,0.00,0.09,0.09,0.00,0.09,0.02,0.07,0.09,0.02,0.09,Matches,2021-2022
256,Max Kilman,eng ENG,DF,Wolves,24,1997,30,30,2687,29.9,1,0,1,1,0,0,3,0,1.1,1.1,0.2,1.3,31,95,7,0.03,0.00,0.03,0.03,0.03,0.04,0.01,0.04,0.04,0.04,Matches,2021-2022
257,Joshua King,no NOR,FW,Watford,29,1992,32,27,2248,25.0,5,3,8,4,1,1,5,0,8.9,8.1,3.8,11.9,41,39,157,0.20,0.12,0.32,0.16,0.28,0.36,0.15,0.51,0.32,0.48,Matches,2021-2022
258,Kristoffer Klaesson,no NOR,GK,Leeds United,20,2000,1,0,36,0.4,0,0,0,0,0,0,0,0,0.0,0.0,0.0,0.0,0,0,0,0.00,0.00,0.00,0.00,0.00,0.00,0.00,0.00,0.00,0.00,Matches,2021-2022
259,Mateusz Klich,pl POL,MF,Leeds United,31,1990,33,26,2073,23.0,1,2,3,1,0,0,5,0,2.8,2.8,2.2,5.0,45,105,129,0.04,0.09,0.13,0.04,0.13,0.12,0.10,0.22,0.12,0.22,Matches,2021-2022
260,Robin Koch,de GER,"MF,DF",Leeds United,25,1996,20,17,1574,17.5,0,0,0,0,0,0,3,0,0.8,0.8,0.4,1.2,3,52,14,0.00,0.00,0.00,0.00,0.00,0.04,0.02,0.07,0.04,0.07,Matches,2021-2022
261,Sead Kolašinac,ba BIH,DF,Arsenal,28,1993,2,1,91,1.0,0,0,0,0,0,0,1,0,0.0,0.0,0.0,0.0,0,0,0,0.00,0.00,0.00,0.00,0.00,0.00,0.00,0.00,0.00,0.00,Matches,2021-2022
262,Ibrahima Konaté,fr FRA,DF,Liverpool,22,1999,11,11,990,11.0,0,0,0,0,0,0,2,0,0.2,0.2,0.0,0.2,7,51,2,0.00,0.00,0.00,0.00,0.00,0.02,0.00,0.02,0.02,0.02,Matches,2021-2022
263,Ezri Konsa,eng ENG,DF,Aston Villa,23,1997,29,29,2477,27.5,2,0,2,2,0,0,6,2,1.6,1.6,0.3,1.9,8,45,7,0.07,0.00,0.07,0.07,0.07,0.06,0.01,0.07,0.06,0.07,Matches,2021-2022
264,Cheikhou Kouyaté,sn SEN,MF,Crystal Palace,31,1989,27,23,1974,21.9,0,1,1,0,0,0,3,0,0.5,0.5,0.8,1.3,7,54,9,0.00,0.05,0.05,0.00,0.05,0.02,0.04,0.06,0.02,0.06,Matches,2021-2022
265,Mateo Kovačić,hr CRO,MF,Chelsea,27,1994,25,16,1558,17.3,2,5,7,2,0,0,4,0,1.6,1.6,3.2,4.7,42,135,37,0.12,0.29,0.40,0.12,0.40,0.09,0.18,0.27,0.09,0.27,Matches,2021-2022
266,Emil Krafth,se SWE,DF,Newcastle Utd,26,1994,20,18,1634,18.2,0,1,1,0,0,0,5,0,0.3,0.3,1.0,1.3,29,50,24,0.00,0.06,0.06,0.00,0.06,0.02,0.06,0.07,0.02,0.07,Matches,2021-2022
267,Alex Král,cz CZE,MF,West Ham,23,1998,1,0,1,0.0,0,0,0,0,0,0,0,0,0.0,0.0,0.0,0.0,0,0,0,0.00,0.00,0.00,0.00,0.00,0.00,0.00,0.00,0.00,0.00,Matches,2021-2022
268,Tim Krul,nl NED,GK,Norwich City,33,1988,29,29,2610,29.0,0,0,0,0,0,0,1,0,0.0,0.0,0.6,0.6,0,1,0,0.00,0.00,0.00,0.00,0.00,0.00,0.02,0.02,0.00,0.02,Matches,2021-2022
269,Juraj Kucka,sk SVK,MF,Watford,34,1987,26,22,1920,21.3,1,1,2,1,0,0,5,1,3.2,3.2,0.9,4.1,21,60,31,0.05,0.05,0.09,0.05,0.09,0.15,0.04,0.19,0.15,0.19,Matches,2021-2022
270,Dejan Kulusevski,se SWE,"MF,FW",Tottenham,21,2000,18,14,1261,14.0,5,8,13,5,0,0,3,0,2.7,2.7,3.4,6.2,51,35,100,0.36,0.57,0.93,0.36,0.93,0.20,0.25,0.44,0.20,0.44,Matches,2021-2022
271,Alexandre Lacazette,fr FRA,FW,Arsenal,30,1991,30,20,1782,19.8,4,7,11,2,2,3,0,0,8.4,6.0,3.0,9.1,19,52,106,0.20,0.35,0.56,0.10,0.45,0.42,0.15,0.58,0.30,0.46,Matches,2021-2022
272,Adam Lallana,eng ENG,MF,Brighton,33,1988,24,18,1561,17.3,0,1,1,0,0,0,4,0,1.1,1.1,0.9,2.0,17,76,47,0.00,0.06,0.06,0.00,0.06,0.06,0.05,0.11,0.06,0.11,Matches,2021-2022
273,Tariq Lamptey,gh GHA,"DF,FW",Brighton,20,2000,30,16,1561,17.3,0,2,2,0,0,0,4,0,0.8,0.8,2.6,3.4,81,36,153,0.00,0.12,0.12,0.00,0.12,0.05,0.15,0.20,0.05,0.20,Matches,2021-2022
274,Manuel Lanzini,ar ARG,"MF,FW",West Ham,28,1993,30,19,1786,19.8,5,3,8,2,3,3,2,0,3.7,1.3,2.4,3.7,29,119,57,0.25,0.15,0.40,0.10,0.25,0.19,0.12,0.31,0.07,0.19,Matches,2021-2022
275,Aymeric Laporte,es ESP,DF,Manchester City,27,1994,33,33,2828,31.4,4,0,4,4,0,0,5,1,4.9,4.9,0.6,5.5,51,271,8,0.13,0.00,0.13,0.13,0.13,0.16,0.02,0.18,0.16,0.18,Matches,2021-2022
276,Jamaal Lascelles,eng ENG,DF,Newcastle Utd,27,1993,26,22,2058,22.9,1,0,1,1,0,0,5,0,0.9,0.9,0.4,1.3,0,18,5,0.04,0.00,0.04,0.04,0.04,0.04,0.02,0.06,0.04,0.06,Matches,2021-2022
277,Pierre Lees-Melou,fr FRA,MF,Norwich City,28,1993,33,27,2265,25.2,1,0,1,1,0,0,5,0,1.6,1.6,1.9,3.6,33,114,60,0.04,0.00,0.04,0.04,0.04,0.06,0.08,0.14,0.06,0.14,Matches,2021-2022
278,Aaron Lennon,eng ENG,"MF,FW",Burnley,34,1987,28,17,1551,17.2,2,0,2,2,0,0,2,0,1.1,1.1,0.5,1.6,38,19,77,0.12,0.00,0.12,0.12,0.12,0.06,0.03,0.09,0.06,0.09,Matches,2021-2022
279,Bernd Leno,de GER,GK,Arsenal,29,1992,4,4,360,4.0,0,0,0,0,0,0,0,0,0.0,0.0,0.0,0.0,0,0,0,0.00,0.00,0.00,0.00,0.00,0.00,0.00,0.00,0.00,0.00,Matches,2021-2022
280,Jamal Lewis,nir NIR,DF,Newcastle Utd,23,1998,5,4,262,2.9,0,0,0,0,0,0,1,0,0.0,0.0,0.0,0.0,3,7,7,0.00,0.00,0.00,0.00,0.00,0.00,0.01,0.01,0.00,0.01,Matches,2021-2022
281,Victor Lindelöf,se SWE,DF,Manchester Utd,27,1994,28,26,2355,26.2,0,2,2,0,0,0,4,0,0.2,0.2,0.6,0.8,14,72,3,0.00,0.08,0.08,0.00,0.08,0.01,0.02,0.03,0.01,0.03,Matches,2021-2022
282,Jesse Lingard,eng ENG,"FW,MF",Manchester Utd,28,1992,16,2,367,4.1,2,0,2,2,0,0,1,0,0.6,0.6,0.3,1.0,9,13,22,0.49,0.00,0.49,0.49,0.49,0.16,0.08,0.24,0.16,0.24,Matches,2021-2022
283,Valentino Livramento,eng ENG,DF,Southampton,18,2002,28,25,2202,24.5,1,1,2,1,0,0,2,0,1.4,1.4,2.7,4.1,79,80,118,0.04,0.04,0.08,0.04,0.08,0.06,0.11,0.17,0.06,0.17,Matches,2021-2022
284,Diego Llorente,es ESP,DF,Leeds United,27,1993,28,28,2340,26.0,3,0,3,3,0,0,7,0,1.0,1.0,0.1,1.0,20,97,1,0.12,0.00,0.12,0.12,0.12,0.04,0.00,0.04,0.04,0.04,Matches,2021-2022
285,Hugo Lloris,fr FRA,GK,Tottenham,34,1986,38,38,3420,38.0,0,0,0,0,0,0,2,0,0.0,0.0,0.2,0.2,0,0,0,0.00,0.00,0.00,0.00,0.00,0.00,0.01,0.01,0.00,0.01,Matches,2021-2022
286,Giovani Lo Celso,ar ARG,"MF,FW",Tottenham,25,1996,9,2,238,2.6,0,0,0,0,0,0,0,0,0.6,0.6,0.7,1.3,10,8,15,0.00,0.00,0.00,0.00,0.00,0.23,0.26,0.49,0.23,0.49,Matches,2021-2022
287,Jürgen Locadia,cw CUW,"MF,FW",Brighton,27,1993,1,0,23,0.3,0,0,0,0,0,0,0,0,0.2,0.2,0.0,0.2,0,0,0,0.00,0.00,0.00,0.00,0.00,0.61,0.00,0.61,0.61,0.61,Matches,2021-2022
288,Ruben Loftus-Cheek,eng ENG,"MF,DF",Chelsea,25,1996,24,13,1394,15.5,0,2,2,0,0,0,1,0,1.2,1.2,2.4,3.6,69,108,53,0.00,0.13,0.13,0.00,0.13,0.08,0.16,0.24,0.08,0.24,Matches,2021-2022
289,Kevin Long,ie IRL,DF,Burnley,30,1990,6,4,410,4.6,0,0,0,0,0,0,1,0,0.2,0.2,0.0,0.2,1,4,0,0.00,0.00,0.00,0.00,0.00,0.03,0.00,0.03,0.03,0.03,Matches,2021-2022
290,Shane Long,ie IRL,FW,Southampton,34,1987,13,3,308,3.4,1,0,1,1,0,0,1,0,0.9,0.9,0.1,1.0,5,3,24,0.29,0.00,0.29,0.29,0.29,0.25,0.04,0.30,0.25,0.30,Matches,2021-2022
291,Sean Longstaff,eng ENG,MF,Newcastle Utd,23,1997,24,15,1464,16.3,1,1,2,1,0,0,1,0,0.7,0.7,0.8,1.6,2,43,15,0.06,0.06,0.12,0.06,0.12,0.05,0.05,0.10,0.05,0.10,Matches,2021-2022
292,Ademola Lookman,ng NGA,"FW,MF",Leicester City,23,1997,26,16,1453,16.1,6,0,6,6,0,0,2,0,4.5,4.5,1.9,6.4,43,54,139,0.37,0.00,0.37,0.37,0.37,0.28,0.11,0.40,0.28,0.40,Matches,2021-2022
293,Jonas Lössl,dk DEN,GK,Brentford,32,1989,2,2,180,2.0,0,0,0,0,0,0,0,0,0.0,0.0,0.0,0.0,0,1,0,0.00,0.00,0.00,0.00,0.00,0.00,0.00,0.00,0.00,0.00,Matches,2021-2022
294,Imran Louza,ma MAR,MF,Watford,22,1999,20,17,1416,15.7,0,0,0,0,0,0,6,0,1.2,1.2,1.1,2.3,17,67,24,0.00,0.00,0.00,0.00,0.00,0.08,0.07,0.15,0.08,0.15,Matches,2021-2022
295,Matthew Lowton,eng ENG,DF,Burnley,32,1989,25,20,1772,19.7,1,2,3,1,0,0,3,1,0.7,0.7,2.1,2.8,21,74,39,0.05,0.10,0.15,0.05,0.15,0.03,0.11,0.14,0.03,0.14,Matches,2021-2022
296,Douglas Luiz,br BRA,MF,Aston Villa,23,1998,34,31,2715,30.2,2,3,5,2,0,0,7,0,2.0,2.0,2.5,4.4,28,105,44,0.07,0.10,0.17,0.07,0.17,0.07,0.08,0.15,0.07,0.15,Matches,2021-2022
297,Romelu Lukaku,be BEL,FW,Chelsea,28,1993,26,16,1589,17.7,8,0,8,7,1,1,1,0,6.6,5.8,3.0,8.8,29,19,125,0.45,0.00,0.45,0.40,0.40,0.38,0.17,0.54,0.33,0.50,Matches,2021-2022
298,Lyanco,br BRA,DF,Southampton,24,1997,15,9,911,10.1,0,0,0,0,0,0,2,0,0.3,0.3,0.1,0.4,3,18,1,0.00,0.00,0.00,0.00,0.00,0.03,0.01,0.04,0.03,0.04,Matches,2021-2022
299,Alexis Mac Allister,ar ARG,"MF,FW",Brighton,22,1998,33,22,2123,23.6,5,2,7,3,2,3,4,0,6.3,4.0,1.9,5.9,30,137,66,0.21,0.08,0.30,0.13,0.21,0.27,0.08,0.35,0.17,0.25,Matches,2021-2022
300,James Maddison,eng ENG,"MF,FW",Leicester City,24,1996,35,28,2459,27.3,12,8,20,12,0,0,3,0,7.5,7.5,5.1,12.7,53,136,141,0.44,0.29,0.73,0.44,0.73,0.28,0.19,0.46,0.28,0.46,Matches,2021-2022
301,Gabriel Magalhães,br BRA,DF,Arsenal,23,1997,35,35,3063,34.0,5,0,5,5,0,0,8,1,3.2,3.2,0.7,3.9,12,110,9,0.15,0.00,0.15,0.15,0.15,0.09,0.02,0.12,0.09,0.12,Matches,2021-2022
302,Harry Maguire,eng ENG,DF,Manchester Utd,28,1993,30,28,2515,27.9,1,0,1,1,0,0,9,1,1.9,1.9,0.1,2.1,22,115,5,0.04,0.00,0.04,0.04,0.04,0.07,0.00,0.07,0.07,0.07,Matches,2021-2022
303,Riyad Mahrez,dz ALG,FW,Manchester City,30,1991,28,15,1498,16.6,11,5,16,7,4,5,0,0,10.1,6.2,4.2,10.4,74,70,234,0.66,0.30,0.96,0.42,0.72,0.61,0.25,0.86,0.37,0.62,Matches,2021-2022
304,Ainsley Maitland-Niles,eng ENG,MF,Arsenal,23,1997,8,2,268,3.0,0,0,0,0,0,0,0,0,0.1,0.1,0.3,0.3,2,15,8,0.00,0.00,0.00,0.00,0.00,0.02,0.09,0.12,0.02,0.12,Matches,2021-2022
305,Sadio Mané,sn SEN,FW,Liverpool,29,1992,34,32,2819,31.3,16,2,18,16,0,0,5,0,17.2,17.2,5.2,22.5,105,130,305,0.51,0.06,0.57,0.51,0.57,0.55,0.17,0.72,0.55,0.72,Matches,2021-2022
306,Javier Manquillo,es ESP,DF,Newcastle Utd,27,1994,19,15,1257,14.0,1,2,3,1,0,0,5,0,0.3,0.3,0.3,0.6,6,22,25,0.07,0.14,0.21,0.07,0.21,0.02,0.02,0.04,0.02,0.04,Matches,2021-2022
307,Fernando Marçal,br BRA,"MF,DF",Wolves,32,1989,18,17,1449,16.1,0,0,0,0,0,0,3,0,0.4,0.4,0.6,1.0,39,50,98,0.00,0.00,0.00,0.00,0.00,0.02,0.04,0.06,0.02,0.06,Matches,2021-2022
308,Solly March,eng ENG,"DF,FW",Brighton,27,1994,31,17,1746,19.4,0,2,2,0,0,0,1,0,1.2,1.2,2.3,3.5,71,69,148,0.00,0.10,0.10,0.00,0.10,0.06,0.12,0.18,0.06,0.18,Matches,2021-2022
309,Pablo Marí,es ESP,DF,Arsenal,27,1993,2,2,180,2.0,0,0,0,0,0,0,1,0,0.1,0.1,0.1,0.2,0,9,0,0.00,0.00,0.00,0.00,0.00,0.04,0.06,0.10,0.04,0.10,Matches,2021-2022
310,Anthony Martial,fr FRA,FW,Manchester Utd,25,1995,8,2,212,2.4,1,0,1,1,0,0,0,0,0.7,0.7,0.0,0.7,10,14,32,0.42,0.00,0.42,0.42,0.42,0.28,0.00,0.28,0.28,0.28,Matches,2021-2022
311,Gabriel Martinelli,br BRA,"FW,MF",Arsenal,20,2001,29,21,1860,20.7,6,6,12,5,1,1,3,1,7.3,6.6,4.3,11.0,79,37,207,0.29,0.29,0.58,0.24,0.53,0.35,0.21,0.56,0.32,0.53,Matches,2021-2022
312,Emiliano Martínez,ar ARG,GK,Aston Villa,28,1992,36,36,3240,36.0,0,0,0,0,0,0,4,0,0.0,0.0,0.0,0.0,0,0,0,0.00,0.00,0.00,0.00,0.00,0.00,0.00,0.00,0.00,0.00,Matches,2021-2022
313,Adam Masina,ma MAR,DF,Watford,27,1994,15,13,1077,12.0,0,1,1,0,0,0,0,0,0.3,0.3,0.7,1.0,9,37,12,0.00,0.08,0.08,0.00,0.08,0.03,0.06,0.08,0.03,0.08,Matches,2021-2022
314,Arthur Masuaku,cd COD,"DF,FW",West Ham,27,1993,13,6,650,7.2,1,1,2,1,0,0,1,0,0.1,0.1,0.8,0.9,16,33,26,0.14,0.14,0.28,0.14,0.28,0.01,0.12,0.12,0.01,0.12,Matches,2021-2022
315,Juan Mata,es ESP,MF,Manchester Utd,33,1988,7,2,235,2.6,0,0,0,0,0,0,0,0,0.3,0.3,0.2,0.6,8,16,13,0.00,0.00,0.00,0.00,0.00,0.12,0.09,0.22,0.12,0.22,Matches,2021-2022
316,Jean-Philippe Mateta,fr FRA,FW,Crystal Palace,24,1997,22,13,1145,12.7,5,1,6,5,0,0,2,0,5.8,5.8,1.3,7.1,16,6,46,0.39,0.08,0.47,0.39,0.47,0.46,0.10,0.56,0.46,0.56,Matches,2021-2022
317,Nemanja Matić,rs SRB,MF,Manchester Utd,32,1988,23,16,1382,15.4,0,4,4,0,0,0,3,0,0.2,0.2,2.0,2.2,32,98,7,0.00,0.26,0.26,0.00,0.26,0.01,0.13,0.14,0.01,0.14,Matches,2021-2022
318,Joël Matip,cm CMR,DF,Liverpool,29,1991,31,31,2790,31.0,3,3,6,3,0,0,2,0,3.4,3.4,1.3,4.6,55,186,7,0.10,0.10,0.19,0.10,0.19,0.11,0.04,0.15,0.11,0.15,Matches,2021-2022
319,Neal Maupay,fr FRA,FW,Brighton,24,1996,32,25,2276,25.3,8,2,10,7,1,2,7,0,8.7,7.1,2.4,9.5,21,48,164,0.32,0.08,0.40,0.28,0.36,0.34,0.10,0.44,0.28,0.38,Matches,2021-2022
320,Bryan Mbeumo,cm CMR,FW,Brentford,21,1999,35,34,2905,32.3,4,7,11,3,1,1,4,0,9.3,8.5,3.7,12.2,81,56,273,0.12,0.22,0.34,0.09,0.31,0.29,0.11,0.40,0.26,0.38,Matches,2021-2022
321,James McArthur,sct SCO,MF,Crystal Palace,33,1987,21,15,1439,16.0,0,3,3,0,0,0,4,0,0.3,0.3,1.4,1.7,29,84,22,0.00,0.19,0.19,0.00,0.19,0.02,0.09,0.11,0.02,0.11,Matches,2021-2022
322,James Mcatee,eng ENG,"MF,FW",Manchester City,18,2002,2,0,20,0.2,0,0,0,0,0,0,0,0,0.1,0.1,0.0,0.1,2,1,3,0.00,0.00,0.00,0.00,0.00,0.37,0.00,0.37,0.37,0.37,Matches,2021-2022
323,Kasey McAteer,ie IRL,FW,Leicester City,19,2001,1,0,3,0.0,0,0,0,0,0,0,0,0,0.0,0.0,0.0,0.0,0,0,0,0.00,0.00,0.00,0.00,0.00,0.00,0.00,0.00,0.00,0.00,Matches,2021-2022
324,Liam McCarron,sct SCO,FW,Leeds United,20,2001,1,0,10,0.1,0,0,0,0,0,0,0,0,0.0,0.0,0.0,0.0,0,0,0,0.00,0.00,0.00,0.00,0.00,0.00,0.00,0.00,0.00,0.00,Matches,2021-2022
325,Alex McCarthy,eng ENG,GK,Southampton,31,1989,17,17,1530,17.0,0,0,0,0,0,0,1,0,0.0,0.0,0.0,0.0,0,0,0,0.00,0.00,0.00,0.00,0.00,0.00,0.00,0.00,0.00,0.00,Matches,2021-2022
326,John McGinn,sct SCO,MF,Aston Villa,26,1994,35,35,3090,34.3,3,4,7,3,0,0,8,0,1.5,1.5,5.3,6.8,52,196,67,0.09,0.12,0.20,0.09,0.20,0.04,0.15,0.20,0.04,0.20,Matches,2021-2022
327,Stuart McKinstry,sct SCO,MF,Leeds United,18,2002,1,0,4,0.0,0,0,0,0,0,0,0,0,0.0,0.0,0.0,0.0,0,0,1,0.00,0.00,0.00,0.00,0.00,0.00,0.00,0.00,0.00,0.00,Matches,2021-2022
328,Kenny McLean,sct SCO,MF,Norwich City,29,1992,31,29,2706,30.1,1,0,1,1,0,0,3,0,1.8,1.8,0.8,2.6,32,99,61,0.03,0.00,0.03,0.03,0.03,0.06,0.03,0.09,0.06,0.09,Matches,2021-2022
329,Dwight McNeil,eng ENG,MF,Burnley,21,1999,38,35,3107,34.5,0,1,1,0,0,0,1,0,2.3,2.3,4.6,6.9,93,104,112,0.00,0.03,0.03,0.00,0.03,0.07,0.13,0.20,0.07,0.20,Matches,2021-2022
330,Scott McTominay,sct SCO,MF,Manchester Utd,24,1996,30,28,2387,26.5,1,1,2,1,0,0,9,0,1.4,1.4,1.5,2.9,40,125,37,0.04,0.04,0.08,0.04,0.08,0.05,0.06,0.11,0.05,0.11,Matches,2021-2022
331,Ben Mee,eng ENG,DF,Burnley,31,1989,21,21,1839,20.4,3,0,3,3,0,0,3,0,2.3,2.3,1.0,3.4,3,38,2,0.15,0.00,0.15,0.15,0.15,0.11,0.05,0.17,0.11,0.17,Matches,2021-2022
332,Hannibal Mejbri,tn TUN,FW,Manchester Utd,18,2003,2,1,68,0.8,0,0,0,0,0,0,2,0,0.1,0.1,0.0,0.1,0,0,4,0.00,0.00,0.00,0.00,0.00,0.09,0.00,0.09,0.09,0.09,Matches,2021-2022
333,Benjamin Mendy,fr FRA,DF,Manchester City,27,1994,1,1,78,0.9,0,0,0,0,0,0,0,0,0.0,0.0,0.1,0.1,4,9,4,0.00,0.00,0.00,0.00,0.00,0.00,0.16,0.16,0.00,0.16,Matches,2021-2022
334,Edouard Mendy,sn SEN,GK,Chelsea,29,1992,34,34,3060,34.0,0,0,0,0,0,0,3,0,0.0,0.0,0.0,0.0,0,0,0,0.00,0.00,0.00,0.00,0.00,0.00,0.00,0.00,0.00,0.00,Matches,2021-2022
335,Nampalys Mendy,sn SEN,MF,Leicester City,29,1992,14,12,1032,11.5,0,0,0,0,0,0,3,0,0.0,0.0,0.0,0.0,9,36,8,0.00,0.00,0.00,0.00,0.00,0.00,0.00,0.00,0.00,0.00,Matches,2021-2022
336,Illan Meslier,fr FRA,GK,Leeds United,21,2000,38,38,3384,37.6,0,0,0,0,0,0,2,0,0.0,0.0,0.0,0.0,0,0,0,0.00,0.00,0.00,0.00,0.00,0.00,0.00,0.00,0.00,0.00,Matches,2021-2022
337,Luka Milivojević,rs SRB,MF,Crystal Palace,30,1991,15,9,774,8.6,0,0,0,0,0,0,1,0,0.3,0.3,0.7,1.0,2,37,4,0.00,0.00,0.00,0.00,0.00,0.03,0.08,0.11,0.03,0.11,Matches,2021-2022
338,James Milner,eng ENG,"MF,DF",Liverpool,35,1986,24,9,853,9.5,0,1,1,0,0,0,2,0,0.4,0.4,2.2,2.5,9,73,38,0.00,0.11,0.11,0.00,0.11,0.04,0.23,0.26,0.04,0.26,Matches,2021-2022
339,Yerry Mina,co COL,DF,Everton,26,1994,13,11,846,9.4,0,0,0,0,0,0,3,0,0.3,0.3,0.0,0.3,1,20,2,0.00,0.00,0.00,0.00,0.00,0.03,0.00,0.03,0.03,0.03,Matches,2021-2022
340,Takumi Minamino,jp JPN,"FW,MF",Liverpool,26,1995,11,1,186,2.1,3,0,3,3,0,0,1,0,1.6,1.6,0.5,2.2,2,5,15,1.45,0.00,1.45,1.45,1.45,0.79,0.25,1.04,0.79,1.04,Matches,2021-2022
341,Tyrone Mings,eng ENG,DF,Aston Villa,28,1993,36,35,3189,35.4,1,3,4,1,0,0,11,0,1.6,1.6,1.6,3.3,23,91,17,0.03,0.08,0.11,0.03,0.11,0.05,0.05,0.09,0.05,0.09,Matches,2021-2022
342,Tyrick Mitchell,eng ENG,DF,Crystal Palace,21,1999,36,35,3101,34.5,0,2,2,0,0,0,1,0,0.2,0.2,1.7,1.9,41,134,116,0.00,0.06,0.06,0.00,0.06,0.01,0.05,0.05,0.01,0.05,Matches,2021-2022
343,Jakub Moder,pl POL,MF,Brighton,22,1999,28,19,1701,18.9,0,3,3,0,0,0,1,0,2.6,2.6,2.2,4.8,42,89,102,0.00,0.16,0.16,0.00,0.16,0.14,0.12,0.25,0.14,0.25,Matches,2021-2022
344,Wesley Moraes,br BRA,FW,Aston Villa,24,1996,1,0,1,0.0,0,0,0,0,0,0,0,0,0.0,0.0,0.0,0.0,0,0,0,0.00,0.00,0.00,0.00,0.00,0.00,0.00,0.00,0.00,0.00,Matches,2021-2022
345,Tyler Morton,eng ENG,MF,Liverpool,18,2002,2,1,66,0.7,0,0,0,0,0,0,1,0,0.0,0.0,0.0,0.0,0,4,0,0.00,0.00,0.00,0.00,0.00,0.00,0.00,0.00,0.00,0.00,Matches,2021-2022
346,Mason Mount,eng ENG,MF,Chelsea,22,1999,32,27,2363,26.3,11,10,21,10,1,1,4,0,8.0,7.2,6.7,14.0,92,164,276,0.42,0.38,0.80,0.38,0.76,0.31,0.26,0.56,0.28,0.53,Matches,2021-2022
347,Lucas Moura,br BRA,"FW,MF",Tottenham,28,1992,34,19,1775,19.7,2,6,8,2,0,0,4,0,2.7,2.7,5.0,7.7,48,99,87,0.10,0.30,0.41,0.10,0.41,0.14,0.25,0.39,0.14,0.39,Matches,2021-2022
348,João Moutinho,pt POR,MF,Wolves,34,1986,35,34,2970,33.0,2,1,3,2,0,0,4,0,1.3,1.3,2.7,3.9,42,196,37,0.06,0.03,0.09,0.06,0.09,0.04,0.08,0.12,0.04,0.12,Matches,2021-2022
349,Bali Mumba,eng ENG,DF,Norwich City,19,2001,1,0,45,0.5,0,0,0,0,0,0,0,0,0.0,0.0,0.0,0.0,1,1,0,0.00,0.00,0.00,0.00,0.00,0.00,0.00,0.00,0.00,0.00,Matches,2021-2022
350,Jacob Murphy,eng ENG,"FW,DF",Newcastle Utd,26,1995,33,13,1473,16.4,1,2,3,1,0,0,4,0,2.2,2.2,2.6,4.8,51,44,80,0.06,0.12,0.18,0.06,0.18,0.13,0.16,0.29,0.13,0.29,Matches,2021-2022
351,Enock Mwepu,zm ZAM,MF,Brighton,23,1998,18,12,996,11.1,2,4,6,2,0,0,2,0,2.1,2.1,1.6,3.7,22,27,44,0.18,0.36,0.54,0.18,0.54,0.19,0.14,0.33,0.19,0.33,Matches,2021-2022
352,Vitaliy Mykolenko,ua UKR,DF,Everton,22,1999,13,12,1055,11.7,1,0,1,1,0,0,0,0,0.5,0.5,0.8,1.2,8,27,27,0.09,0.00,0.09,0.09,0.09,0.04,0.06,0.11,0.04,0.11,Matches,2021-2022
353,Marvelous Nakamba,zw ZIM,MF,Aston Villa,27,1994,16,10,904,10.0,0,0,0,0,0,0,5,0,0.0,0.0,0.0,0.0,5,24,0,0.00,0.00,0.00,0.00,0.00,0.00,0.00,0.00,0.00,0.00,Matches,2021-2022
354,Wilfred Ndidi,ng NGA,"MF,DF",Leicester City,24,1996,19,18,1618,18.0,0,0,0,0,0,0,4,0,0.7,0.7,0.0,0.8,14,57,13,0.00,0.00,0.00,0.00,0.00,0.04,0.00,0.04,0.04,0.04,Matches,2021-2022
355,Tanguy Ndombele,fr FRA,MF,Tottenham,24,1996,9,6,484,5.4,1,1,2,1,0,0,1,0,0.4,0.4,0.4,0.8,14,21,25,0.19,0.19,0.37,0.19,0.37,0.08,0.07,0.16,0.08,0.16,Matches,2021-2022
356,Reiss Nelson,eng ENG,FW,Arsenal,21,1999,1,0,20,0.2,0,0,0,0,0,0,0,0,0.1,0.1,0.0,0.1,0,0,4,0.00,0.00,0.00,0.00,0.00,0.24,0.21,0.45,0.24,0.45,Matches,2021-2022
357,Pedro Neto,pt POR,"FW,MF",Wolves,21,2000,13,5,466,5.2,1,1,2,1,0,0,3,0,1.5,1.5,1.0,2.5,27,10,49,0.19,0.19,0.39,0.19,0.39,0.29,0.20,0.49,0.29,0.49,Matches,2021-2022
358,Rúben Neves,pt POR,MF,Wolves,24,1997,33,31,2661,29.6,4,2,6,4,0,0,9,0,1.1,1.1,3.1,4.3,34,202,19,0.14,0.07,0.20,0.14,0.20,0.04,0.11,0.14,0.04,0.14,Matches,2021-2022
359,Jeremy Ngakia,,DF,Watford,20,2000,16,9,903,10.0,0,0,0,0,0,0,0,0,0.1,0.1,0.5,0.6,18,39,20,0.00,0.00,0.00,0.00,0.00,0.01,0.05,0.06,0.01,0.06,Matches,2021-2022
360,Saúl Ñíguez,es ESP,"DF,MF",Chelsea,26,1994,10,5,480,5.3,0,0,0,0,0,0,1,0,0.3,0.3,0.5,0.9,4,15,27,0.00,0.00,0.00,0.00,0.00,0.07,0.10,0.16,0.07,0.16,Matches,2021-2022
361,Eddie Nketiah,eng ENG,FW,Arsenal,22,1999,21,8,835,9.3,5,1,6,5,0,0,3,0,4.4,4.4,2.0,6.4,27,21,66,0.54,0.11,0.65,0.54,0.65,0.47,0.22,0.69,0.47,0.69,Matches,2021-2022
362,Nicolas Nkoulou,cm CMR,DF,Watford,31,1990,3,2,168,1.9,0,0,0,0,0,0,0,0,0.0,0.0,0.0,0.0,0,2,0,0.00,0.00,0.00,0.00,0.00,0.00,0.01,0.01,0.00,0.01,Matches,2021-2022
363,Mark Noble,eng ENG,MF,West Ham,34,1987,11,3,332,3.7,1,0,1,0,1,2,0,0,1.6,0.0,0.0,0.0,2,14,3,0.27,0.00,0.27,0.00,0.00,0.43,0.00,0.43,0.00,0.00,Matches,2021-2022
364,Mathias Normann,no NOR,MF,Norwich City,25,1996,23,20,1645,18.3,1,2,3,1,0,0,6,0,0.9,0.9,1.8,2.7,16,75,8,0.05,0.11,0.16,0.05,0.16,0.05,0.10,0.15,0.05,0.15,Matches,2021-2022
365,Christian Nørgaard,dk DEN,MF,Brentford,27,1994,35,35,3054,33.9,3,4,7,3,0,0,8,0,3.8,3.8,3.3,7.1,17,169,31,0.09,0.12,0.21,0.09,0.21,0.11,0.10,0.21,0.11,0.21,Matches,2021-2022
366,Angelo Ogbonna,it ITA,DF,West Ham,33,1988,11,11,921,10.2,1,0,1,1,0,0,1,0,0.3,0.3,0.0,0.3,2,14,0,0.10,0.00,0.10,0.10,0.10,0.03,0.00,0.03,0.03,0.03,Matches,2021-2022
367,Michael Olise,fr FRA,"FW,MF",Crystal Palace,19,2001,26,12,1141,12.7,2,5,7,2,0,0,4,0,1.7,1.7,3.9,5.6,55,63,110,0.16,0.39,0.55,0.16,0.55,0.13,0.30,0.44,0.13,0.44,Matches,2021-2022
368,Robin Olsen,se SWE,GK,Aston Villa,31,1990,1,1,90,1.0,0,0,0,0,0,0,0,0,0.0,0.0,0.0,0.0,0,0,0,0.00,0.00,0.00,0.00,0.00,0.00,0.00,0.00,0.00,0.00,Matches,2021-2022
369,Andrew Omobamidele,ie IRL,DF,Norwich City,19,2002,5,4,382,4.2,1,0,1,1,0,0,1,0,0.2,0.2,0.0,0.2,6,14,1,0.24,0.00,0.24,0.24,0.24,0.06,0.00,0.06,0.06,0.06,Matches,2021-2022
370,Tyler Onyango,eng ENG,MF,Everton,18,2003,3,0,28,0.3,0,0,0,0,0,0,0,0,0.0,0.0,0.0,0.0,0,0,0,0.00,0.00,0.00,0.00,0.00,0.15,0.00,0.15,0.15,0.15,Matches,2021-2022
371,Frank Onyeka,ng NGA,MF,Brentford,23,1998,20,12,1045,11.6,0,0,0,0,0,0,4,0,0.8,0.8,0.2,1.0,18,35,27,0.00,0.00,0.00,0.00,0.00,0.07,0.02,0.09,0.07,0.09,Matches,2021-2022
372,Divock Origi,be BEL,FW,Liverpool,26,1995,7,0,133,1.5,3,0,3,3,0,0,0,0,1.5,1.5,0.0,1.5,3,2,9,2.03,0.00,2.03,2.03,2.03,1.02,0.00,1.02,1.02,1.02,Matches,2021-2022
373,Alex Oxlade-Chamberlain,eng ENG,"MF,FW",Liverpool,27,1993,17,9,785,8.7,2,1,3,2,0,0,0,0,1.3,1.3,1.1,2.5,34,61,63,0.23,0.11,0.34,0.23,0.34,0.15,0.13,0.28,0.15,0.28,Matches,2021-2022
374,Cole Palmer,eng ENG,"FW,MF",Manchester City,19,2002,4,1,123,1.4,0,0,0,0,0,0,0,0,0.4,0.4,0.2,0.6,3,3,15,0.00,0.00,0.00,0.00,0.00,0.31,0.16,0.47,0.31,0.47,Matches,2021-2022
375,Emerson Palmieri,it ITA,DF,Chelsea,26,1994,1,0,5,0.1,0,0,0,0,0,0,0,0,0.0,0.0,0.0,0.0,0,0,1,0.00,0.00,0.00,0.00,0.00,0.00,0.00,0.00,0.00,0.00,Matches,2021-2022
376,Thomas Partey,gh GHA,MF,Arsenal,28,1993,24,23,2028,22.5,2,1,3,2,0,0,6,0,2.8,2.8,1.0,3.8,20,119,11,0.09,0.04,0.13,0.09,0.13,0.12,0.05,0.17,0.12,0.17,Matches,2021-2022
377,Nicolas Pépé,ci CIV,"FW,MF",Arsenal,26,1995,20,5,696,7.7,1,2,3,1,0,0,0,0,2.6,2.6,1.7,4.3,20,17,97,0.13,0.26,0.39,0.13,0.39,0.34,0.22,0.56,0.34,0.56,Matches,2021-2022
378,Ricardo Pereira,pt POR,DF,Leicester City,27,1993,14,13,991,11.0,1,3,4,1,0,0,3,0,0.7,0.7,1.3,2.0,28,43,34,0.09,0.27,0.36,0.09,0.36,0.06,0.12,0.18,0.06,0.18,Matches,2021-2022
379,Ayoze Pérez,es ESP,"MF,FW",Leicester City,28,1993,14,6,445,4.9,2,3,5,2,0,0,0,1,1.6,1.6,1.6,3.2,16,18,30,0.40,0.61,1.01,0.40,1.01,0.32,0.32,0.64,0.32,0.64,Matches,2021-2022
380,Sonny Perkins,eng ENG,MF,West Ham,17,2004,1,0,4,0.0,0,0,0,0,0,0,0,0,0.0,0.0,0.0,0.0,0,0,0,0.00,0.00,0.00,0.00,0.00,0.00,0.00,0.00,0.00,0.00,Matches,2021-2022
381,Romain Perraud,fr FRA,DF,Southampton,23,1997,20,18,1623,18.0,0,1,1,0,0,0,3,0,0.5,0.5,0.7,1.2,34,48,91,0.00,0.06,0.06,0.00,0.06,0.03,0.04,0.07,0.03,0.07,Matches,2021-2022
382,Kalvin Phillips,eng ENG,MF,Leeds United,25,1995,20,18,1596,17.7,0,1,1,0,0,0,4,0,0.7,0.7,0.7,1.4,6,93,14,0.00,0.06,0.06,0.00,0.06,0.04,0.04,0.08,0.04,0.08,Matches,2021-2022
383,Jaden Philogene Bidace,eng ENG,FW,Aston Villa,19,2002,1,0,5,0.1,0,0,0,0,0,0,0,0,0.0,0.0,0.0,0.0,0,0,0,0.00,0.00,0.00,0.00,0.00,0.00,0.00,0.00,0.00,0.00,Matches,2021-2022
384,Jordan Pickford,eng ENG,GK,Everton,27,1994,35,35,3150,35.0,0,0,0,0,0,0,2,0,0.0,0.0,0.1,0.1,0,0,0,0.00,0.00,0.00,0.00,0.00,0.00,0.00,0.00,0.00,0.00,Matches,2021-2022
385,Erik Pieters,nl NED,DF,Burnley,32,1988,12,8,730,8.1,0,1,1,0,0,0,1,0,0.2,0.2,1.0,1.2,7,15,11,0.00,0.12,0.12,0.00,0.12,0.02,0.12,0.14,0.02,0.14,Matches,2021-2022
386,Ethan Pinnock,jm JAM,DF,Brentford,28,1993,32,32,2694,29.9,1,1,2,1,0,0,1,0,1.2,1.2,1.2,2.4,11,77,18,0.03,0.03,0.07,0.03,0.07,0.04,0.04,0.08,0.04,0.08,Matches,2021-2022
387,Daniel Podence,pt POR,"FW,MF",Wolves,25,1995,26,15,1484,16.5,2,3,5,2,0,0,2,0,2.0,2.0,3.9,5.9,63,75,102,0.12,0.18,0.30,0.12,0.30,0.12,0.23,0.36,0.12,0.36,Matches,2021-2022
388,Paul Pogba,fr FRA,"MF,FW",Manchester Utd,28,1993,20,16,1349,15.0,1,9,10,1,0,0,7,1,2.6,2.6,3.5,6.1,34,117,62,0.07,0.60,0.67,0.07,0.67,0.18,0.23,0.41,0.18,0.41,Matches,2021-2022
389,Nick Pope,eng ENG,GK,Burnley,29,1992,36,36,3240,36.0,0,0,0,0,0,0,1,0,0.0,0.0,0.1,0.1,0,0,0,0.00,0.00,0.00,0.00,0.00,0.00,0.00,0.00,0.00,0.00,Matches,2021-2022
390,Isaac Price,nir NIR,MF,Everton,17,2003,1,0,14,0.2,0,0,0,0,0,0,0,0,0.1,0.1,0.0,0.1,0,0,1,0.00,0.00,0.00,0.00,0.00,0.56,0.00,0.56,0.56,0.56,Matches,2021-2022
391,Teemu Pukki,fi FIN,FW,Norwich City,31,1990,37,37,3253,36.1,11,3,14,8,3,3,4,0,11.4,9.1,3.8,12.9,62,34,186,0.30,0.08,0.39,0.22,0.30,0.32,0.11,0.42,0.25,0.36,Matches,2021-2022
392,Christian Pulisic,us USA,"MF,FW",Chelsea,22,1998,22,13,1290,14.3,6,2,8,6,0,0,2,0,4.9,4.9,1.3,6.2,44,38,108,0.42,0.14,0.56,0.42,0.56,0.34,0.09,0.43,0.34,0.43,Matches,2021-2022
393,Przemysław Płacheta,pl POL,"FW,MF",Norwich City,23,1998,12,6,504,5.6,0,0,0,0,0,0,1,0,0.4,0.4,0.8,1.1,19,10,35,0.00,0.00,0.00,0.00,0.00,0.07,0.14,0.20,0.07,0.20,Matches,2021-2022
394,Jesurun Rak Sakyi,eng ENG,"FW,MF",Crystal Palace,18,2002,2,1,80,0.9,0,0,0,0,0,0,0,0,0.0,0.0,0.0,0.0,2,0,4,0.00,0.00,0.00,0.00,0.00,0.00,0.00,0.00,0.00,0.00,Matches,2021-2022
395,Aaron Ramsdale,eng ENG,GK,Arsenal,23,1998,34,34,3060,34.0,0,0,0,0,0,0,1,0,0.0,0.0,0.0,0.0,0,1,0,0.00,0.00,0.00,0.00,0.00,0.00,0.00,0.00,0.00,0.00,Matches,2021-2022
396,Jacob Ramsey,eng ENG,MF,Aston Villa,20,2001,34,29,2467,27.4,6,1,7,6,0,0,6,0,4.0,4.0,1.9,5.9,91,132,92,0.22,0.04,0.26,0.22,0.26,0.15,0.07,0.22,0.15,0.22,Matches,2021-2022
397,Raphinha,br BRA,"FW,MF",Leeds United,24,1996,35,34,2915,32.4,11,3,14,7,4,4,7,0,10.2,7.0,7.5,14.5,89,134,286,0.34,0.09,0.43,0.22,0.31,0.31,0.23,0.54,0.22,0.45,Matches,2021-2022
398,Marcus Rashford,eng ENG,"FW,MF",Manchester Utd,23,1997,25,13,1235,13.7,4,2,6,4,0,0,2,0,2.9,2.9,2.1,5.0,50,28,118,0.29,0.15,0.44,0.29,0.44,0.21,0.15,0.36,0.21,0.36,Matches,2021-2022
399,Milot Rashica,xk KVX,"FW,MF",Norwich City,25,1996,31,25,2229,24.8,1,2,3,1,0,0,0,0,2.6,2.6,2.1,4.7,76,46,138,0.04,0.08,0.12,0.04,0.12,0.11,0.08,0.19,0.11,0.19,Matches,2021-2022
400,David Raya,es ESP,GK,Brentford,25,1995,24,24,2160,24.0,0,0,0,0,0,0,1,0,0.0,0.0,0.0,0.0,0,3,0,0.00,0.00,0.00,0.00,0.00,0.00,0.00,0.00,0.00,0.00,Matches,2021-2022
401,Nathan Redmond,eng ENG,"MF,FW",Southampton,27,1994,27,20,1833,20.4,1,5,6,1,0,0,0,0,1.7,1.7,3.9,5.6,71,95,131,0.05,0.25,0.29,0.05,0.29,0.08,0.19,0.27,0.08,0.27,Matches,2021-2022
402,Sergio Reguilón,es ESP,"DF,MF",Tottenham,24,1996,25,22,1916,21.3,2,3,5,2,0,0,4,0,3.0,3.0,3.3,6.4,63,50,144,0.09,0.14,0.23,0.09,0.23,0.14,0.16,0.30,0.14,0.30,Matches,2021-2022
403,Declan Rice,eng ENG,MF,West Ham,22,1999,36,35,3179,35.3,1,4,5,1,0,0,8,0,1.1,1.1,1.7,2.8,104,256,44,0.03,0.11,0.14,0.03,0.14,0.03,0.05,0.08,0.03,0.08,Matches,2021-2022
404,Taylor Richards,eng ENG,MF,Brighton,20,2000,2,0,25,0.3,0,0,0,0,0,0,0,0,0.0,0.0,0.0,0.0,1,3,7,0.00,0.00,0.00,0.00,0.00,0.05,0.04,0.09,0.05,0.09,Matches,2021-2022
405,Richarlison,br BRA,FW,Everton,24,1997,30,28,2523,28.0,10,5,15,7,3,3,9,0,9.2,6.8,3.6,10.4,44,42,146,0.36,0.18,0.54,0.25,0.43,0.33,0.13,0.46,0.24,0.37,Matches,2021-2022
406,Jaïro Riedewald,nl NED,MF,Crystal Palace,24,1996,3,1,118,1.3,0,0,0,0,0,0,0,0,0.0,0.0,0.1,0.1,1,4,2,0.00,0.00,0.00,0.00,0.00,0.00,0.07,0.07,0.00,0.07,Matches,2021-2022
407,Matt Ritchie,sct SCO,DF,Newcastle Utd,31,1989,18,14,1337,14.9,0,2,2,0,0,0,5,0,0.7,0.7,2.0,2.7,8,48,40,0.00,0.13,0.13,0.00,0.13,0.05,0.13,0.18,0.05,0.18,Matches,2021-2022
408,Connor Roberts,wls WAL,DF,Burnley,25,1995,21,19,1692,18.8,1,1,2,1,0,0,2,0,0.4,0.4,1.2,1.6,23,61,44,0.05,0.05,0.11,0.05,0.11,0.02,0.07,0.09,0.02,0.09,Matches,2021-2022
409,Tyler Roberts,wls WAL,"MF,FW",Leeds United,22,1999,23,7,987,11.0,1,1,2,1,0,0,5,0,2.4,2.4,1.0,3.4,17,29,63,0.09,0.09,0.18,0.09,0.18,0.22,0.09,0.31,0.22,0.31,Matches,2021-2022
410,Andrew Robertson,sct SCO,DF,Liverpool,27,1994,29,29,2537,28.2,3,10,13,3,0,0,5,1,1.4,1.4,5.6,7.0,96,186,239,0.11,0.35,0.46,0.11,0.46,0.05,0.20,0.25,0.05,0.25,Matches,2021-2022
411,Joe Rodon,wls WAL,DF,Tottenham,23,1997,3,0,89,1.0,0,0,0,0,0,0,0,0,0.0,0.0,0.0,0.0,0,0,0,0.00,0.00,0.00,0.00,0.00,0.00,0.00,0.00,0.00,0.00,Matches,2021-2022
412,Rodri,es ESP,MF,Manchester City,25,1996,33,33,2884,32.0,7,2,9,7,0,0,5,0,2.3,2.3,1.4,3.7,43,285,47,0.22,0.06,0.28,0.22,0.28,0.07,0.04,0.11,0.07,0.11,Matches,2021-2022
413,Rodrigo,es ESP,"MF,FW",Leeds United,30,1991,31,27,2265,25.2,6,1,7,5,1,1,9,0,4.2,3.5,3.1,6.6,47,105,164,0.24,0.04,0.28,0.20,0.24,0.17,0.12,0.29,0.14,0.26,Matches,2021-2022
414,Jay Rodriguez,eng ENG,FW,Burnley,32,1989,29,13,1382,15.4,2,2,4,2,0,0,3,0,4.8,4.8,2.1,6.9,18,19,60,0.13,0.13,0.26,0.13,0.26,0.31,0.14,0.45,0.31,0.45,Matches,2021-2022
415,Mads Roerslev,dk DEN,DF,Brentford,22,1999,21,12,1240,13.8,1,1,2,1,0,0,1,0,0.4,0.4,0.6,0.9,14,22,54,0.07,0.07,0.15,0.07,0.15,0.03,0.04,0.07,0.03,0.07,Matches,2021-2022
416,Cristian Romero,ar ARG,DF,Tottenham,23,1998,22,21,1844,20.5,1,0,1,1,0,0,8,0,0.5,0.5,0.3,0.7,23,65,9,0.05,0.00,0.05,0.05,0.05,0.02,0.01,0.04,0.02,0.04,Matches,2021-2022
417,Oriol Romeu,es ESP,MF,Southampton,29,1991,36,34,2889,32.1,2,2,4,2,0,0,9,0,1.4,1.4,2.9,4.3,38,156,29,0.06,0.06,0.12,0.06,0.12,0.04,0.09,0.13,0.04,0.13,Matches,2021-2022
418,Cristiano Ronaldo,pt POR,FW,Manchester Utd,36,1985,30,27,2456,27.3,18,3,21,15,3,3,8,0,17.7,15.4,2.9,18.2,67,64,192,0.66,0.11,0.77,0.55,0.66,0.65,0.11,0.75,0.56,0.67,Matches,2021-2022
419,Salomón Rondón,ve VEN,FW,Everton,31,1989,20,8,790,8.8,1,1,2,1,0,0,3,1,1.8,1.8,0.7,2.6,5,9,41,0.11,0.11,0.23,0.11,0.23,0.21,0.08,0.29,0.21,0.29,Matches,2021-2022
420,Danny Rose,eng ENG,DF,Watford,31,1990,8,7,689,7.7,0,0,0,0,0,0,4,0,0.2,0.2,0.8,1.0,12,33,19,0.00,0.00,0.00,0.00,0.00,0.03,0.10,0.13,0.03,0.13,Matches,2021-2022
421,Jon Rowe,eng ENG,"FW,MF",Norwich City,18,2003,13,0,223,2.5,0,1,1,0,0,0,0,0,0.3,0.3,0.5,0.8,4,3,21,0.00,0.40,0.40,0.00,0.40,0.10,0.21,0.31,0.10,0.31,Matches,2021-2022
422,John Ruddy,eng ENG,GK,Wolves,34,1986,2,1,135,1.5,0,0,0,0,0,0,0,0,0.0,0.0,0.0,0.0,0,0,0,0.00,0.00,0.00,0.00,0.00,0.00,0.00,0.00,0.00,0.00,Matches,2021-2022
423,Antonio Rüdiger,de GER,DF,Chelsea,28,1993,34,34,3035,33.7,3,0,3,3,0,0,9,0,2.3,2.3,0.7,3.0,54,188,21,0.09,0.00,0.09,0.09,0.09,0.07,0.02,0.09,0.07,0.09,Matches,2021-2022
424,Lukas Rupp,de GER,MF,Norwich City,30,1991,19,7,769,8.5,0,0,0,0,0,0,0,0,0.7,0.7,1.4,2.0,17,35,23,0.00,0.00,0.00,0.00,0.00,0.08,0.16,0.24,0.08,0.24,Matches,2021-2022
425,José Sá,pt POR,GK,Wolves,28,1993,37,37,3285,36.5,0,1,1,0,0,0,3,0,0.0,0.0,0.9,0.9,0,2,0,0.00,0.03,0.03,0.00,0.03,0.00,0.02,0.02,0.00,0.02,Matches,2021-2022
426,Allan Saint-Maximin,fr FRA,"FW,MF",Newcastle Utd,24,1997,35,31,2804,31.2,5,5,10,5,0,0,6,0,5.2,5.2,4.3,9.5,180,87,167,0.16,0.16,0.32,0.16,0.32,0.17,0.14,0.30,0.17,0.30,Matches,2021-2022
427,Romain Saïss,ma MAR,DF,Wolves,31,1990,31,31,2705,30.1,2,0,2,2,0,0,6,0,2.7,2.7,0.3,3.1,18,137,9,0.07,0.00,0.07,0.07,0.07,0.09,0.01,0.10,0.09,0.10,Matches,2021-2022
428,Bukayo Saka,eng ENG,"FW,MF",Arsenal,19,2001,38,36,2978,33.1,11,7,18,9,2,2,6,0,10.3,8.7,7.5,16.3,140,101,388,0.33,0.21,0.54,0.27,0.48,0.31,0.23,0.54,0.26,0.49,Matches,2021-2022
429,Mohamed Salah,eg EGY,FW,Liverpool,29,1992,35,30,2762,30.7,23,13,36,18,5,6,1,0,22.7,17.8,10.0,27.8,125,122,451,0.75,0.42,1.17,0.59,1.01,0.74,0.33,1.07,0.58,0.91,Matches,2021-2022
430,Mohammed Salisu,gh GHA,DF,Southampton,22,1999,34,33,2972,33.0,0,0,0,0,0,0,10,1,2.0,2.0,0.8,2.7,31,136,7,0.00,0.00,0.00,0.00,0.00,0.06,0.02,0.08,0.06,0.08,Matches,2021-2022
431,Albert Sambi Lokonga,be BEL,MF,Arsenal,21,1999,19,12,1134,12.6,0,0,0,0,0,0,5,0,0.6,0.6,1.0,1.6,28,84,16,0.00,0.00,0.00,0.00,0.00,0.05,0.08,0.13,0.05,0.13,Matches,2021-2022
432,Davinson Sánchez,co COL,DF,Tottenham,25,1996,23,17,1631,18.1,2,0,2,2,0,0,4,0,2.1,2.1,0.3,2.4,21,65,8,0.11,0.00,0.11,0.11,0.11,0.11,0.02,0.13,0.11,0.13,Matches,2021-2022
433,Robert Sánchez,es ESP,GK,Brighton,23,1997,37,37,3329,37.0,0,0,0,0,0,0,3,1,0.0,0.0,0.4,0.4,0,1,0,0.00,0.00,0.00,0.00,0.00,0.00,0.01,0.01,0.00,0.01,Matches,2021-2022
434,Jadon Sancho,eng ENG,"FW,MF",Manchester Utd,21,2000,29,20,1900,21.1,3,3,6,3,0,0,0,0,3.6,3.6,4.1,7.7,111,88,222,0.14,0.14,0.28,0.14,0.28,0.17,0.19,0.37,0.17,0.37,Matches,2021-2022
435,Morgan Sanson,fr FRA,MF,Aston Villa,26,1994,10,3,356,4.0,0,0,0,0,0,0,0,0,0.0,0.0,0.0,0.0,16,21,10,0.00,0.00,0.00,0.00,0.00,0.00,0.01,0.01,0.00,0.01,Matches,2021-2022
436,Samir Santos,br BRA,DF,Watford,26,1994,19,19,1673,18.6,0,0,0,0,0,0,4,0,0.5,0.5,0.1,0.6,1,24,2,0.00,0.00,0.00,0.00,0.00,0.03,0.00,0.03,0.03,0.03,Matches,2021-2022
437,Josh Sargent,us USA,"FW,MF",Norwich City,21,2000,26,18,1572,17.5,2,1,3,2,0,0,1,0,2.5,2.5,0.9,3.4,21,12,88,0.11,0.06,0.17,0.11,0.17,0.14,0.05,0.19,0.14,0.19,Matches,2021-2022
438,Jeremy Sarmiento,ec ECU,"FW,MF",Brighton,19,2002,5,1,48,0.5,0,0,0,0,0,0,0,0,0.0,0.0,0.0,0.0,4,1,3,0.00,0.00,0.00,0.00,0.00,0.00,0.00,0.00,0.00,0.00,Matches,2021-2022
439,Ismaila Sarr,sn SEN,"FW,MF",Watford,23,1998,22,21,1861,20.7,5,2,7,5,0,1,2,0,4.8,4.0,2.9,6.9,79,52,158,0.24,0.10,0.34,0.24,0.34,0.23,0.14,0.37,0.19,0.34,Matches,2021-2022
440,Malang Sarr,fr FRA,DF,Chelsea,22,1999,8,6,546,6.1,0,0,0,0,0,0,2,0,0.0,0.0,0.4,0.4,9,23,15,0.00,0.00,0.00,0.00,0.00,0.01,0.06,0.07,0.01,0.07,Matches,2021-2022
441,Dane Scarlett,eng ENG,MF,Tottenham,17,2004,1,0,4,0.0,0,0,0,0,0,0,0,0,0.0,0.0,0.0,0.0,0,0,0,0.00,0.00,0.00,0.00,0.00,0.00,0.00,0.00,0.00,0.00,Matches,2021-2022
442,Fabian Schär,ch SUI,DF,Newcastle Utd,29,1991,25,25,2158,24.0,2,2,4,2,0,0,4,0,1.2,1.2,1.1,2.3,20,59,2,0.08,0.08,0.17,0.08,0.17,0.05,0.05,0.10,0.05,0.10,Matches,2021-2022
443,Jeffrey Schlupp,gh GHA,"MF,FW",Crystal Palace,28,1992,32,20,1851,20.6,4,1,5,4,0,0,1,0,3.4,3.4,1.6,4.9,31,70,60,0.19,0.05,0.24,0.19,0.24,0.16,0.08,0.24,0.16,0.24,Matches,2021-2022
444,Kasper Schmeichel,dk DEN,GK,Leicester City,34,1986,37,37,3330,37.0,0,0,0,0,0,0,2,0,0.0,0.0,0.0,0.0,1,2,0,0.00,0.00,0.00,0.00,0.00,0.00,0.00,0.00,0.00,0.00,Matches,2021-2022
445,Ken Sema,se SWE,"MF,FW",Watford,27,1993,18,7,852,9.5,0,0,0,0,0,0,1,0,0.1,0.1,1.3,1.4,19,8,36,0.00,0.00,0.00,0.00,0.00,0.01,0.13,0.15,0.01,0.15,Matches,2021-2022
446,Nélson Semedo,pt POR,"MF,DF",Wolves,27,1993,25,25,2131,23.7,0,1,1,0,0,0,1,0,1.6,1.6,1.3,2.9,79,78,146,0.00,0.04,0.04,0.00,0.04,0.07,0.06,0.12,0.07,0.12,Matches,2021-2022
447,Ryan Sessegnon,eng ENG,"DF,MF",Tottenham,21,2000,15,13,1047,11.6,0,2,2,0,0,0,2,0,0.3,0.3,2.7,3.0,30,22,80,0.00,0.17,0.17,0.00,0.17,0.03,0.23,0.26,0.03,0.26,Matches,2021-2022
448,Jamie Shackleton,eng ENG,"DF,MF",Leeds United,21,1999,14,7,709,7.9,0,0,0,0,0,0,4,0,0.2,0.2,0.0,0.2,20,36,20,0.00,0.00,0.00,0.00,0.00,0.02,0.00,0.02,0.02,0.02,Matches,2021-2022
449,Luke Shaw,eng ENG,DF,Manchester Utd,26,1995,20,19,1601,17.8,0,3,3,0,0,0,8,0,0.1,0.1,3.6,3.7,48,82,69,0.00,0.17,0.17,0.00,0.17,0.01,0.20,0.21,0.01,0.21,Matches,2021-2022
450,Jonjo Shelvey,eng ENG,MF,Newcastle Utd,29,1992,24,22,1983,22.0,2,1,3,2,0,0,7,1,0.9,0.9,1.0,1.9,11,84,7,0.09,0.05,0.14,0.09,0.14,0.04,0.05,0.09,0.04,0.09,Matches,2021-2022
451,Shola Shoretire,eng ENG,MF,Manchester Utd,17,2004,1,0,16,0.2,0,0,0,0,0,0,0,0,0.0,0.0,0.0,0.0,0,0,1,0.00,0.00,0.00,0.00,0.00,0.00,0.00,0.00,0.00,0.00,Matches,2021-2022
452,Francisco Sierralta,cl CHI,DF,Watford,24,1997,5,5,427,4.7,0,0,0,0,0,0,0,0,0.1,0.1,0.0,0.1,1,2,0,0.00,0.00,0.00,0.00,0.00,0.01,0.00,0.01,0.01,0.01,Matches,2021-2022
453,Bernardo Silva,pt POR,"MF,FW",Manchester City,26,1994,35,33,2857,31.7,8,4,12,8,0,0,6,0,6.7,6.7,6.5,13.2,146,170,277,0.25,0.13,0.38,0.25,0.38,0.21,0.21,0.42,0.21,0.42,Matches,2021-2022
454,Fábio Silva,pt POR,FW,Wolves,19,2002,22,6,572,6.4,0,0,0,0,0,0,0,0,1.8,1.8,0.2,1.9,14,14,41,0.00,0.00,0.00,0.00,0.00,0.28,0.03,0.30,0.28,0.30,Matches,2021-2022
455,Thiago Silva,br BRA,DF,Chelsea,36,1984,32,28,2650,29.4,3,0,3,3,0,0,2,0,0.9,0.9,0.2,1.1,14,145,2,0.10,0.00,0.10,0.10,0.10,0.03,0.01,0.04,0.03,0.04,Matches,2021-2022
456,Ellis Simms,eng ENG,FW,Everton,20,2001,1,1,61,0.7,0,0,0,0,0,0,0,0,0.0,0.0,0.0,0.0,0,0,2,0.00,0.00,0.00,0.00,0.00,0.00,0.00,0.00,0.00,0.00,Matches,2021-2022
457,Moussa Sissoko,fr FRA,MF,Watford,31,1989,36,36,3220,35.8,2,1,3,2,0,0,5,0,3.8,3.7,3.1,6.8,51,116,71,0.06,0.03,0.08,0.06,0.08,0.11,0.09,0.19,0.10,0.19,Matches,2021-2022
458,Oliver Skipp,eng ENG,MF,Tottenham,20,2000,18,14,1350,15.0,0,0,0,0,0,0,6,0,0.2,0.2,0.7,1.0,27,76,18,0.00,0.00,0.00,0.00,0.00,0.02,0.05,0.07,0.02,0.07,Matches,2021-2022
459,William Smallbone,ie IRL,"MF,FW",Southampton,21,2000,4,2,133,1.5,0,0,0,0,0,0,0,0,0.1,0.1,0.0,0.1,4,2,7,0.00,0.00,0.00,0.00,0.00,0.03,0.03,0.06,0.03,0.06,Matches,2021-2022
460,Emile Smith Rowe,eng ENG,"MF,FW",Arsenal,21,2000,33,21,1921,21.3,10,2,12,10,0,0,1,0,6.0,6.0,2.0,8.0,65,85,139,0.47,0.09,0.56,0.47,0.56,0.28,0.09,0.38,0.28,0.38,Matches,2021-2022
461,Cédric Soares,pt POR,DF,Arsenal,29,1991,21,16,1486,16.5,1,1,2,1,0,0,3,0,0.6,0.6,1.6,2.1,17,84,56,0.06,0.06,0.12,0.06,0.12,0.03,0.09,0.13,0.03,0.13,Matches,2021-2022
462,Tomáš Souček,cz CZE,MF,West Ham,26,1995,35,34,3062,34.0,5,1,6,5,0,0,3,0,5.5,4.8,2.2,7.0,36,141,54,0.15,0.03,0.18,0.15,0.18,0.16,0.06,0.22,0.14,0.20,Matches,2021-2022
463,Boubakary Soumaré,fr FRA,MF,Leicester City,22,1999,19,12,1102,12.2,0,1,1,0,0,0,0,0,0.4,0.4,0.4,0.7,10,45,16,0.00,0.08,0.08,0.00,0.08,0.03,0.03,0.06,0.03,0.06,Matches,2021-2022
464,Çağlar Söyüncü,tr TUR,DF,Leicester City,25,1996,28,28,2497,27.7,1,0,1,1,0,0,5,0,1.0,1.0,0.1,1.1,19,71,5,0.04,0.00,0.04,0.04,0.04,0.04,0.00,0.04,0.04,0.04,Matches,2021-2022
465,Tony Springett,ie IRL,"MF,FW",Norwich City,18,2002,3,1,141,1.6,0,0,0,0,0,0,1,0,0.2,0.2,0.5,0.7,8,2,11,0.00,0.00,0.00,0.00,0.00,0.11,0.34,0.45,0.11,0.45,Matches,2021-2022
466,Jason Steele,eng ENG,GK,Brighton,30,1990,1,1,90,1.0,0,0,0,0,0,0,0,0,0.0,0.0,0.0,0.0,0,0,0,0.00,0.00,0.00,0.00,0.00,0.00,0.00,0.00,0.00,0.00,Matches,2021-2022
467,Jed Steer,eng ENG,GK,Aston Villa,28,1992,1,1,90,1.0,0,0,0,0,0,0,0,0,0.0,0.0,0.0,0.0,0,0,0,0.00,0.00,0.00,0.00,0.00,0.00,0.00,0.00,0.00,0.00,Matches,2021-2022
468,Zack Steffen,us USA,GK,Manchester City,26,1995,1,1,90,1.0,0,0,0,0,0,0,0,0,0.0,0.0,0.0,0.0,0,0,0,0.00,0.00,0.00,0.00,0.00,0.00,0.00,0.00,0.00,0.00,Matches,2021-2022
469,Dale Stephens,eng ENG,MF,Burnley,32,1989,3,1,124,1.4,0,0,0,0,0,0,1,0,0.0,0.0,0.0,0.1,0,5,1,0.00,0.00,0.00,0.00,0.00,0.02,0.02,0.04,0.02,0.04,Matches,2021-2022
470,Jack Stephens,eng ENG,DF,Southampton,27,1994,11,9,811,9.0,0,0,0,0,0,0,3,0,0.0,0.0,0.3,0.3,7,28,3,0.00,0.00,0.00,0.00,0.00,0.00,0.04,0.04,0.00,0.04,Matches,2021-2022
471,Raheem Sterling,eng ENG,FW,Manchester City,26,1994,30,23,2128,23.6,13,5,18,11,2,3,1,0,14.0,11.5,5.5,17.0,108,65,317,0.55,0.21,0.76,0.47,0.68,0.59,0.23,0.82,0.49,0.72,Matches,2021-2022
472,Finley Stevens,wls WAL,DF,Brentford,18,2003,1,0,15,0.2,0,0,0,0,0,0,0,0,0.0,0.0,0.1,0.1,0,2,2,0.00,0.00,0.00,0.00,0.00,0.00,0.33,0.33,0.00,0.33,Matches,2021-2022
473,John Stones,eng ENG,DF,Manchester City,27,1994,14,12,1119,12.4,1,0,1,1,0,0,0,0,0.9,0.9,0.2,1.1,28,63,7,0.08,0.00,0.08,0.08,0.08,0.07,0.01,0.09,0.07,0.09,Matches,2021-2022
474,Pascal Struijk,nl NED,"DF,MF",Leeds United,21,1999,29,22,2055,22.8,1,0,1,1,0,0,6,1,1.4,1.4,0.4,1.9,8,86,10,0.04,0.00,0.04,0.04,0.04,0.06,0.02,0.08,0.06,0.08,Matches,2021-2022
475,Crysencio Summerville,nl NED,"MF,FW",Leeds United,19,2001,6,0,130,1.4,0,0,0,0,0,0,0,0,0.2,0.2,0.0,0.3,5,7,16,0.00,0.00,0.00,0.00,0.00,0.17,0.03,0.19,0.17,0.19,Matches,2021-2022
476,Jakob Sørensen,dk DEN,"MF,DF",Norwich City,23,1998,10,6,604,6.7,0,0,0,0,0,0,0,0,0.5,0.5,0.0,0.5,4,20,4,0.00,0.00,0.00,0.00,0.00,0.07,0.00,0.07,0.07,0.07,Matches,2021-2022
477,Japhet Tanganga,eng ENG,DF,Tottenham,22,1999,11,10,735,8.2,0,0,0,0,0,0,4,1,0.4,0.4,0.2,0.7,13,20,21,0.00,0.00,0.00,0.00,0.00,0.05,0.03,0.08,0.05,0.08,Matches,2021-2022
478,Matt Targett,eng ENG,DF,Aston Villa,25,1995,17,17,1431,15.9,1,1,2,1,0,0,2,0,0.5,0.5,1.7,2.2,19,83,79,0.06,0.06,0.13,0.06,0.13,0.03,0.11,0.14,0.03,0.14,Matches,2021-2022
479,Matt Targett,eng ENG,DF,Newcastle Utd,25,1995,16,16,1440,16.0,0,0,0,0,0,0,1,0,0.3,0.3,1.9,2.2,11,53,40,0.00,0.00,0.00,0.00,0.00,0.02,0.12,0.14,0.02,0.14,Matches,2021-2022
480,James Tarkowski,eng ENG,DF,Burnley,28,1992,35,35,3106,34.5,1,2,3,1,0,0,11,0,2.5,2.5,0.5,3.0,3,97,11,0.03,0.06,0.09,0.03,0.09,0.07,0.01,0.09,0.07,0.09,Matches,2021-2022
481,Nuno Tavares,pt POR,DF,Arsenal,21,2000,22,13,1176,13.1,1,1,2,1,0,0,2,0,1.9,1.9,1.1,2.9,47,42,91,0.08,0.08,0.15,0.08,0.15,0.14,0.08,0.22,0.14,0.22,Matches,2021-2022
482,Charlie Taylor,eng ENG,DF,Burnley,27,1993,31,30,2731,30.3,0,3,3,0,0,0,3,0,0.2,0.2,3.8,4.0,58,91,77,0.00,0.10,0.10,0.00,0.10,0.01,0.13,0.13,0.01,0.13,Matches,2021-2022
483,Nathan Tella,ng NGA,"MF,FW",Southampton,22,1999,14,10,804,8.9,0,1,1,0,0,0,2,0,0.6,0.6,0.6,1.2,22,17,44,0.00,0.11,0.11,0.00,0.11,0.07,0.07,0.13,0.07,0.13,Matches,2021-2022
484,Alex Telles,br BRA,DF,Manchester Utd,28,1992,21,18,1660,18.4,0,4,4,0,0,0,1,0,0.4,0.4,1.9,2.3,36,66,102,0.00,0.22,0.22,0.00,0.22,0.02,0.10,0.12,0.02,0.12,Matches,2021-2022
485,Luke Thomas,eng ENG,DF,Leicester City,20,2001,22,21,1912,21.2,0,1,1,0,0,0,2,0,0.1,0.1,1.3,1.5,28,95,59,0.00,0.05,0.05,0.00,0.05,0.01,0.06,0.07,0.01,0.07,Matches,2021-2022
486,Dominic Thompson,eng ENG,DF,Brentford,21,2000,2,2,146,1.6,0,0,0,0,0,0,0,0,0.1,0.1,0.0,0.1,0,0,3,0.00,0.00,0.00,0.00,0.00,0.04,0.00,0.04,0.04,0.04,Matches,2021-2022
487,Youri Tielemans,be BEL,MF,Leicester City,24,1997,32,29,2631,29.2,6,4,10,4,2,2,3,0,4.4,2.8,4.2,7.0,31,202,69,0.21,0.14,0.34,0.14,0.27,0.15,0.15,0.29,0.10,0.24,Matches,2021-2022
488,Kieran Tierney,sct SCO,DF,Arsenal,24,1997,22,22,1915,21.3,1,3,4,1,0,0,0,0,0.6,0.6,1.8,2.4,62,105,128,0.05,0.14,0.19,0.05,0.19,0.03,0.09,0.11,0.03,0.11,Matches,2021-2022
489,Takehiro Tomiyasu,jp JPN,DF,Arsenal,22,1998,21,20,1679,18.7,0,1,1,0,0,0,2,0,0.6,0.6,1.0,1.6,32,96,41,0.00,0.05,0.05,0.00,0.05,0.03,0.05,0.09,0.03,0.09,Matches,2021-2022
490,James Tomkins,eng ENG,DF,Crystal Palace,32,1989,8,6,547,6.1,1,0,1,1,0,0,2,0,0.5,0.5,0.2,0.7,1,8,1,0.16,0.00,0.16,0.16,0.16,0.08,0.03,0.11,0.08,0.11,Matches,2021-2022
491,Ivan Toney,eng ENG,FW,Brentford,25,1996,33,32,2909,32.3,12,5,17,7,5,5,8,0,11.4,7.4,5.8,13.3,28,83,168,0.37,0.15,0.53,0.22,0.37,0.35,0.18,0.53,0.23,0.41,Matches,2021-2022
492,Ferrán Torres,es ESP,FW,Manchester City,21,2000,4,4,303,3.4,2,1,3,2,0,0,0,0,2.8,2.8,0.0,2.8,5,4,26,0.59,0.30,0.89,0.59,0.89,0.83,0.01,0.84,0.83,0.84,Matches,2021-2022
493,Cenk Tosun,tr TUR,MF,Everton,30,1991,1,0,7,0.1,0,0,0,0,0,0,0,0,0.0,0.0,0.0,0.0,0,0,0,0.00,0.00,0.00,0.00,0.00,0.00,0.00,0.00,0.00,0.00,Matches,2021-2022
494,Andros Townsend,eng ENG,"MF,FW",Everton,30,1991,21,17,1455,16.2,3,2,5,2,1,1,3,0,2.2,1.5,3.1,4.5,41,50,100,0.19,0.12,0.31,0.12,0.25,0.14,0.19,0.33,0.09,0.28,Matches,2021-2022
495,Adama Traoré,es ESP,"FW,MF",Wolves,25,1996,20,10,1067,11.9,1,0,1,1,0,0,0,0,3.0,3.0,1.4,4.4,84,29,85,0.08,0.00,0.08,0.08,0.08,0.25,0.12,0.37,0.25,0.37,Matches,2021-2022
496,Bertrand Traoré,bf BFA,"MF,FW",Aston Villa,25,1995,9,1,220,2.4,0,0,0,0,0,0,0,0,0.3,0.3,0.0,0.3,12,12,13,0.00,0.00,0.00,0.00,0.00,0.13,0.00,0.13,0.13,0.13,Matches,2021-2022
497,Trézéguet,eg EGY,FW,Aston Villa,26,1994,1,0,11,0.1,0,0,0,0,0,0,0,0,0.0,0.0,0.0,0.0,0,1,4,0.00,0.00,0.00,0.00,0.00,0.38,0.00,0.38,0.38,0.38,Matches,2021-2022
498,Francisco Trincão,pt POR,"FW,MF",Wolves,21,1999,28,16,1336,14.8,2,1,3,2,0,0,0,0,3.7,3.7,1.6,5.4,56,40,93,0.13,0.07,0.20,0.13,0.20,0.25,0.11,0.36,0.25,0.36,Matches,2021-2022
499,Kieran Trippier,eng ENG,DF,Newcastle Utd,30,1990,6,5,429,4.8,2,0,2,2,0,0,0,0,0.2,0.2,0.3,0.5,2,17,8,0.42,0.00,0.42,0.42,0.42,0.05,0.06,0.10,0.05,0.10,Matches,2021-2022
500,William Troost-Ekong,ng NGA,DF,Watford,27,1993,17,15,1390,15.4,0,0,0,0,0,0,3,0,0.1,0.1,0.1,0.2,7,30,3,0.00,0.00,0.00,0.00,0.00,0.01,0.00,0.01,0.01,0.01,Matches,2021-2022
501,Leandro Trossard,be BEL,"FW,MF",Brighton,26,1994,34,32,2805,31.2,8,3,11,7,1,1,2,0,6.7,5.9,4.8,10.7,97,154,222,0.26,0.10,0.35,0.22,0.32,0.21,0.15,0.37,0.19,0.34,Matches,2021-2022
502,Kostas Tsimikas,gr GRE,DF,Liverpool,25,1996,13,9,877,9.7,0,2,2,0,0,0,3,0,0.6,0.6,2.7,3.3,48,47,109,0.00,0.21,0.21,0.00,0.21,0.06,0.27,0.34,0.06,0.34,Matches,2021-2022
503,Axel Tuanzebe,cd COD,DF,Aston Villa,23,1997,9,6,508,5.6,0,0,0,0,0,0,1,0,0.1,0.1,0.0,0.1,1,6,0,0.00,0.00,0.00,0.00,0.00,0.02,0.00,0.02,0.02,0.02,Matches,2021-2022
504,Ozan Tufan,tr TUR,MF,Watford,26,1995,7,4,334,3.7,0,0,0,0,0,0,0,0,0.6,0.6,0.3,0.9,2,16,13,0.00,0.00,0.00,0.00,0.00,0.15,0.09,0.24,0.15,0.24,Matches,2021-2022
505,Christos Tzolis,gr GRE,"FW,MF",Norwich City,19,2002,14,3,336,3.7,0,0,0,0,0,0,0,0,0.4,0.4,0.7,1.1,8,13,31,0.00,0.00,0.00,0.00,0.00,0.12,0.18,0.30,0.12,0.30,Matches,2021-2022
506,Yan Valery,tn TUN,DF,Southampton,22,1999,5,3,370,4.1,0,0,0,0,0,0,0,0,0.0,0.0,0.1,0.2,3,10,4,0.00,0.00,0.00,0.00,0.00,0.01,0.03,0.04,0.01,0.04,Matches,2021-2022
507,Virgil van Dijk,nl NED,DF,Liverpool,30,1991,34,34,3060,34.0,3,1,4,3,0,0,3,0,2.0,2.0,1.5,3.6,11,145,4,0.09,0.03,0.12,0.09,0.12,0.06,0.05,0.11,0.06,0.11,Matches,2021-2022
508,Raphaël Varane,fr FRA,DF,Manchester Utd,28,1993,22,20,1831,20.3,1,1,2,1,0,0,0,0,0.7,0.7,0.2,0.9,11,49,2,0.05,0.05,0.10,0.05,0.10,0.03,0.01,0.05,0.03,0.05,Matches,2021-2022
509,Jamie Vardy,eng ENG,FW,Leicester City,34,1987,25,20,1806,20.1,15,2,17,15,0,0,2,0,10.8,10.8,1.4,12.2,37,28,112,0.75,0.10,0.85,0.75,0.85,0.54,0.07,0.61,0.54,0.61,Matches,2021-2022
510,Joël Veltman,nl NED,DF,Brighton,29,1992,34,33,2874,31.9,1,1,2,1,0,0,6,0,0.7,0.7,1.6,2.3,25,124,65,0.03,0.03,0.06,0.03,0.06,0.02,0.05,0.07,0.02,0.07,Matches,2021-2022
511,Jannik Vestergaard,dk DEN,DF,Leicester City,28,1992,10,6,567,6.3,0,0,0,0,0,0,2,0,0.1,0.1,0.0,0.1,2,19,0,0.00,0.00,0.00,0.00,0.00,0.02,0.00,0.02,0.02,0.02,Matches,2021-2022
512,Nikola Vlašić,hr CRO,"FW,MF",West Ham,23,1997,19,6,560,6.2,1,0,1,1,0,0,0,0,1.3,1.3,0.6,2.0,21,14,48,0.16,0.00,0.16,0.16,0.16,0.21,0.10,0.31,0.21,0.31,Matches,2021-2022
513,Matěj Vydra,cz CZE,FW,Burnley,29,1992,22,5,679,7.5,2,3,5,2,0,0,1,0,2.9,2.9,0.7,3.7,2,7,43,0.27,0.40,0.66,0.27,0.66,0.39,0.10,0.49,0.39,0.49,Matches,2021-2022
514,Theo Walcott,eng ENG,"MF,FW",Southampton,32,1989,9,5,379,4.2,0,0,0,0,0,0,0,0,0.6,0.6,0.0,0.7,3,5,19,0.00,0.00,0.00,0.00,0.00,0.15,0.01,0.16,0.15,0.16,Matches,2021-2022
515,Kyle Walker,eng ENG,DF,Manchester City,31,1990,20,20,1755,19.5,0,2,2,0,0,0,1,0,0.3,0.3,1.3,1.5,43,146,65,0.00,0.10,0.10,0.00,0.10,0.01,0.06,0.08,0.01,0.08,Matches,2021-2022
516,Kyle Walker-Peters,eng ENG,DF,Southampton,24,1997,32,29,2633,29.3,1,2,3,1,0,0,5,0,1.1,1.1,2.7,3.8,134,147,165,0.03,0.07,0.10,0.03,0.10,0.04,0.09,0.13,0.04,0.13,Matches,2021-2022
517,Aaron Wan-Bissaka,eng ENG,DF,Manchester Utd,23,1997,20,20,1793,19.9,0,0,0,0,0,0,2,0,0.3,0.3,0.9,1.2,55,61,90,0.00,0.00,0.00,0.00,0.00,0.02,0.04,0.06,0.02,0.06,Matches,2021-2022
518,Danny Ward,wls WAL,GK,Leicester City,28,1993,1,1,90,1.0,0,0,0,0,0,0,0,0,0.0,0.0,0.0,0.0,0,0,0,0.00,0.00,0.00,0.00,0.00,0.00,0.00,0.00,0.00,0.00,Matches,2021-2022
519,Joel Ward,eng ENG,DF,Crystal Palace,31,1989,28,27,2487,27.6,0,0,0,0,0,0,8,0,0.3,0.3,0.5,0.8,27,119,37,0.00,0.00,0.00,0.00,0.00,0.01,0.02,0.03,0.01,0.03,Matches,2021-2022
520,James Ward-Prowse,eng ENG,MF,Southampton,26,1994,36,36,3215,35.7,10,5,15,6,4,4,3,1,5.4,2.2,6.5,8.7,21,189,42,0.28,0.14,0.42,0.17,0.31,0.15,0.18,0.33,0.06,0.24,Matches,2021-2022
521,Ollie Watkins,eng ENG,FW,Aston Villa,25,1995,35,33,2952,32.8,11,2,13,10,1,1,7,0,11.6,11.0,3.4,14.4,74,60,226,0.34,0.06,0.40,0.30,0.37,0.35,0.10,0.46,0.34,0.44,Matches,2021-2022
522,Adam Webster,eng ENG,DF,Brighton,26,1995,22,16,1434,15.9,2,0,2,2,0,0,5,0,0.9,0.9,0.0,0.9,19,109,7,0.13,0.00,0.13,0.13,0.13,0.06,0.00,0.06,0.06,0.06,Matches,2021-2022
523,Wout Weghorst,nl NED,FW,Burnley,28,1992,20,17,1450,16.1,2,3,5,2,0,0,3,0,4.8,4.8,1.5,6.2,7,26,81,0.12,0.19,0.31,0.12,0.31,0.30,0.09,0.39,0.30,0.39,Matches,2021-2022
524,Danny Welbeck,eng ENG,"FW,MF",Brighton,30,1990,25,15,1478,16.4,6,2,8,6,0,0,0,0,6.6,6.6,1.2,7.8,22,23,105,0.37,0.12,0.49,0.37,0.49,0.40,0.08,0.47,0.40,0.47,Matches,2021-2022
525,Timo Werner,de GER,"FW,MF",Chelsea,25,1996,21,15,1283,14.3,4,1,5,4,0,0,1,0,6.8,6.8,0.3,7.1,46,18,144,0.28,0.07,0.35,0.28,0.35,0.48,0.02,0.50,0.48,0.50,Matches,2021-2022
526,Ashley Westwood,eng ENG,MF,Burnley,31,1990,27,26,2287,25.4,0,3,3,0,0,0,7,0,0.6,0.6,4.1,4.7,12,130,27,0.00,0.12,0.12,0.00,0.12,0.02,0.16,0.19,0.02,0.19,Matches,2021-2022
527,Ben White,eng ENG,DF,Arsenal,23,1997,32,32,2880,32.0,0,0,0,0,0,0,3,0,1.0,1.0,1.3,2.3,38,124,4,0.00,0.00,0.00,0.00,0.00,0.03,0.04,0.07,0.03,0.07,Matches,2021-2022
528,Brandon Williams,eng ENG,DF,Norwich City,20,2000,26,23,2120,23.6,0,1,1,0,0,0,8,0,0.2,0.2,1.9,2.2,57,90,58,0.00,0.04,0.04,0.00,0.04,0.01,0.08,0.09,0.01,0.09,Matches,2021-2022
529,Neco Williams,wls WAL,DF,Liverpool,20,2001,1,0,8,0.1,0,1,1,0,0,0,0,0,0.0,0.0,0.7,0.7,1,0,2,0.00,11.25,11.25,0.00,11.25,0.00,7.82,7.82,0.00,7.82,Matches,2021-2022
530,Joe Willock,eng ENG,MF,Newcastle Utd,21,1999,29,24,2038,22.6,2,0,2,2,0,0,0,0,3.2,3.2,1.2,4.4,48,58,77,0.09,0.00,0.09,0.09,0.09,0.14,0.05,0.20,0.14,0.20,Matches,2021-2022
531,Callum Wilson,eng ENG,FW,Newcastle Utd,29,1992,18,16,1386,15.4,8,0,8,6,2,2,4,0,6.2,4.6,0.5,5.1,14,9,52,0.52,0.00,0.52,0.39,0.39,0.40,0.03,0.43,0.30,0.33,Matches,2021-2022
532,Harry Winks,eng ENG,MF,Tottenham,25,1996,19,9,912,10.1,0,1,1,0,0,0,2,0,0.1,0.1,1.5,1.6,10,73,18,0.00,0.10,0.10,0.00,0.10,0.01,0.15,0.16,0.01,0.16,Matches,2021-2022
533,Yoane Wissa,cd COD,FW,Brentford,24,1996,30,12,1284,14.3,7,1,8,7,0,0,0,0,3.1,3.1,0.9,4.0,19,29,84,0.49,0.07,0.56,0.49,0.56,0.22,0.06,0.28,0.22,0.28,Matches,2021-2022
534,Chris Wood,nz NZL,FW,Burnley,29,1991,17,17,1367,15.2,3,0,3,3,0,0,1,0,4.2,4.2,0.5,4.7,5,23,69,0.20,0.00,0.20,0.20,0.20,0.28,0.03,0.31,0.28,0.31,Matches,2021-2022
535,Chris Wood,nz NZL,FW,Newcastle Utd,29,1991,17,15,1327,14.7,2,0,2,1,1,1,0,0,3.1,2.3,1.1,3.4,5,18,60,0.14,0.00,0.14,0.07,0.07,0.21,0.07,0.28,0.16,0.23,Matches,2021-2022
536,Freddie Woodman,eng ENG,GK,Newcastle Utd,24,1997,4,4,360,4.0,0,0,0,0,0,0,0,0,0.0,0.0,0.0,0.0,0,0,0,0.00,0.00,0.00,0.00,0.00,0.00,0.00,0.00,0.00,0.00,Matches,2021-2022
537,Granit Xhaka,ch SUI,"MF,DF",Arsenal,28,1992,27,27,2327,25.9,1,2,3,1,0,0,10,1,1.4,1.4,2.3,3.7,39,230,67,0.04,0.08,0.12,0.04,0.12,0.05,0.09,0.14,0.05,0.14,Matches,2021-2022
538,Andriy Yarmolenko,ua UKR,"FW,MF",West Ham,31,1989,19,1,316,3.5,1,0,1,1,0,0,1,0,0.8,0.8,0.3,1.1,12,12,28,0.28,0.00,0.28,0.28,0.28,0.22,0.08,0.30,0.22,0.30,Matches,2021-2022
539,Ashley Young,eng ENG,"DF,FW",Aston Villa,36,1985,24,10,1250,13.9,0,2,2,0,0,0,2,0,0.4,0.4,1.0,1.4,27,45,57,0.00,0.14,0.14,0.00,0.14,0.03,0.07,0.10,0.03,0.10,Matches,2021-2022
540,Nathan Young-Coombes,eng ENG,MF,Brentford,18,2003,1,0,4,0.0,0,0,0,0,0,0,0,0,0.0,0.0,0.0,0.0,0,0,0,0.00,0.00,0.00,0.00,0.00,0.00,0.00,0.00,0.00,0.00,Matches,2021-2022
541,Wilfried Zaha,ci CIV,FW,Crystal Palace,28,1992,33,31,2760,30.7,14,1,15,9,5,7,6,1,9.5,3.9,5.1,9.0,113,121,265,0.46,0.03,0.49,0.29,0.33,0.31,0.17,0.48,0.13,0.29,Matches,2021-2022
542,Christoph Zimmermann,de GER,DF,Norwich City,28,1993,3,2,157,1.7,0,0,0,0,0,0,0,0,0.0,0.0,0.0,0.0,1,4,0,0.00,0.00,0.00,0.00,0.00,0.03,0.00,0.03,0.03,0.03,Matches,2021-2022
543,Oleksandr Zinchenko,ua UKR,DF,Manchester City,24,1996,15,10,1047,11.6,0,4,4,0,0,0,0,0,0.5,0.5,2.7,3.2,32,113,88,0.00,0.34,0.34,0.00,0.34,0.04,0.23,0.27,0.04,0.27,Matches,2021-2022
544,Hakim Ziyech,ma MAR,"MF,FW",Chelsea,28,1993,23,14,1319,14.7,4,3,7,4,0,0,3,0,3.4,3.4,2.9,6.3,50,88,142,0.27,0.20,0.48,0.27,0.48,0.23,0.20,0.43,0.23,0.43,Matches,2021-2022
545,Kurt Zouma,fr FRA,DF,West Ham,26,1994,24,24,2078,23.1,1,0,1,1,0,0,1,0,1.1,1.1,0.1,1.2,11,33,2,0.04,0.00,0.04,0.04,0.04,0.05,0.00,0.05,0.05,0.05,Matches,2021-2022
546,Martin Ødegaard,no NOR,"MF,FW",Arsenal,22,1998,36,32,2785,30.9,7,4,11,7,0,0,4,0,4.8,4.8,6.3,11.1,57,224,146,0.23,0.13,0.36,0.23,0.36,0.15,0.20,0.36,0.15,0.36,Matches,2021-2022
1,Patrick van Aanholt,nl NED,DF,Crystal Palace,29,1990,22,20,1777,19.7,0,1,1,0,0,0,2,0,1.4,1.4,0.7,2.1,38,103,87,0.00,0.05,0.05,0.00,0.05,0.07,0.04,0.11,0.07,0.11,Matches,2020-2021
2,Tammy Abraham,eng ENG,FW,Chelsea,22,1997,22,12,1040,11.6,6,1,7,6,0,0,0,0,5.9,5.9,0.7,6.6,12,11,66,0.52,0.09,0.61,0.52,0.61,0.51,0.06,0.57,0.51,0.57,Matches,2020-2021
3,Che Adams,sct SCO,FW,Southampton,24,1996,36,30,2667,29.6,9,5,14,9,0,0,1,0,9.8,9.8,5.0,14.8,32,57,149,0.30,0.17,0.47,0.30,0.47,0.33,0.17,0.50,0.33,0.50,Matches,2020-2021
4,Tosin Adarabioyo,eng ENG,DF,Fulham,22,1997,33,33,2953,32.8,0,0,0,0,0,0,1,0,1.1,1.1,0.3,1.4,5,75,3,0.00,0.00,0.00,0.00,0.00,0.03,0.01,0.04,0.03,0.04,Matches,2020-2021
5,Adrián,es ESP,GK,Liverpool,33,1987,3,3,270,3.0,0,0,0,0,0,0,0,0,0.0,0.0,0.0,0.0,0,0,0,0.00,0.00,0.00,0.00,0.00,0.00,0.00,0.00,0.00,0.00,Matches,2020-2021
6,Sergio Agüero,ar ARG,FW,Manchester City,32,1988,12,7,559,6.2,4,1,5,3,1,2,0,0,3.5,1.9,1.2,3.1,12,12,39,0.64,0.16,0.81,0.48,0.64,0.56,0.19,0.75,0.31,0.50,Matches,2020-2021
7,Ola Aina,ng NGA,DF,Fulham,23,1996,31,31,2664,29.6,2,1,3,2,0,0,3,0,1.2,1.2,1.5,2.8,63,106,50,0.07,0.03,0.10,0.07,0.10,0.04,0.05,0.09,0.04,0.09,Matches,2020-2021
8,Rayan Aït-Nouri,dz ALG,DF,Wolves,19,2001,21,16,1404,15.6,1,1,2,1,0,0,1,0,0.6,0.6,0.6,1.2,47,54,85,0.06,0.06,0.13,0.06,0.13,0.04,0.04,0.08,0.04,0.08,Matches,2020-2021
9,Semi Ajayi,ng NGA,DF,West Brom,26,1993,33,31,2780,30.9,2,0,2,2,0,0,3,1,1.9,1.9,0.5,2.4,13,73,7,0.06,0.00,0.06,0.06,0.06,0.06,0.02,0.08,0.06,0.08,Matches,2020-2021
10,Nathan Aké,nl NED,DF,Manchester City,25,1995,10,9,797,8.9,1,0,1,1,0,0,4,0,0.3,0.3,0.0,0.3,12,52,6,0.11,0.00,0.11,0.11,0.11,0.03,0.00,0.03,0.03,0.03,Matches,2020-2021
11,Marc Albrighton,eng ENG,"DF,FW",Leicester City,30,1989,31,17,1746,19.4,1,5,6,1,0,0,2,0,1.2,1.2,3.5,4.7,46,84,139,0.05,0.26,0.31,0.05,0.31,0.06,0.18,0.24,0.06,0.24,Matches,2020-2021
12,Thiago Alcántara,es ESP,MF,Liverpool,29,1991,24,20,1854,20.6,1,0,1,1,0,0,4,0,1.2,1.2,2.3,3.5,27,203,25,0.05,0.00,0.05,0.05,0.05,0.06,0.11,0.17,0.06,0.17,Matches,2020-2021
13,Toby Alderweireld,be BEL,DF,Tottenham,31,1989,25,25,2240,24.9,1,0,1,1,0,0,2,0,0.7,0.7,0.7,1.4,3,59,1,0.04,0.00,0.04,0.04,0.04,0.03,0.03,0.06,0.03,0.06,Matches,2020-2021
14,Rúnar Alex Rúnarsson,is ISL,GK,Arsenal,25,1995,1,0,16,0.2,0,0,0,0,0,0,0,0,0.0,0.0,0.0,0.0,0,0,0,0.00,0.00,0.00,0.00,0.00,0.00,0.00,0.00,0.00,0.00,Matches,2020-2021
15,Trent Alexander-Arnold,eng ENG,DF,Liverpool,21,1998,36,34,3031,33.7,2,7,9,2,0,0,2,0,2.6,2.6,8.6,11.2,98,251,249,0.06,0.21,0.27,0.06,0.27,0.08,0.26,0.33,0.08,0.33,Matches,2020-2021
16,Ezgjan Alioski,mk MKD,"DF,MF",Leeds United,28,1992,36,29,2461,27.3,2,3,5,2,0,0,7,0,1.6,1.6,3.3,4.9,77,132,122,0.07,0.11,0.18,0.07,0.18,0.06,0.12,0.18,0.06,0.18,Matches,2020-2021
17,Alisson,br BRA,GK,Liverpool,27,1992,33,33,2970,33.0,1,0,1,1,0,0,1,0,0.1,0.1,0.0,0.1,0,1,0,0.03,0.00,0.03,0.03,0.03,0.00,0.00,0.00,0.00,0.00,Matches,2020-2021
18,Allan,br BRA,MF,Everton,29,1991,24,23,2051,22.8,0,0,0,0,0,0,6,0,0.3,0.3,0.8,1.1,30,92,8,0.00,0.00,0.00,0.00,0.00,0.01,0.03,0.05,0.01,0.05,Matches,2020-2021
19,Dele Alli,eng ENG,MF,Tottenham,24,1996,15,7,620,6.9,0,1,1,0,0,0,0,0,2.0,2.0,1.2,3.3,15,26,30,0.00,0.15,0.15,0.00,0.15,0.30,0.18,0.47,0.30,0.47,Matches,2020-2021
20,Miguel Almirón,py PAR,"MF,FW",Newcastle Utd,26,1994,34,28,2429,27.0,4,1,5,4,0,0,3,0,3.2,3.2,2.9,6.1,70,90,109,0.15,0.04,0.19,0.15,0.19,0.12,0.11,0.23,0.12,0.23,Matches,2020-2021
21,Marcos Alonso,es ESP,DF,Chelsea,29,1990,13,11,960,10.7,2,0,2,2,0,0,2,0,1.8,1.8,1.3,3.2,24,42,74,0.19,0.00,0.19,0.19,0.19,0.17,0.13,0.30,0.17,0.30,Matches,2020-2021
22,Steven Alzate,co COL,MF,Brighton,21,1998,15,10,896,10.0,1,0,1,1,0,0,2,0,0.8,0.8,0.6,1.4,16,39,16,0.10,0.00,0.10,0.10,0.10,0.08,0.06,0.14,0.08,0.14,Matches,2020-2021
23,Daniel Amartey,gh GHA,DF,Leicester City,25,1994,12,8,722,8.0,1,0,1,1,0,0,3,0,0.4,0.4,0.0,0.4,4,24,0,0.12,0.00,0.12,0.12,0.12,0.05,0.00,0.05,0.05,0.05,Matches,2020-2021
24,Ethan Ampadu,wls WAL,"DF,MF",Sheffield Utd,19,2000,25,23,2089,23.2,0,0,0,0,0,0,3,0,0.3,0.3,1.2,1.5,25,100,23,0.00,0.00,0.00,0.00,0.00,0.01,0.05,0.07,0.01,0.07,Matches,2020-2021
25,Joachim Andersen,dk DEN,DF,Fulham,24,1996,31,30,2730,30.3,1,1,2,1,0,0,7,1,1.2,1.2,0.4,1.7,20,95,7,0.03,0.03,0.07,0.03,0.07,0.04,0.01,0.05,0.04,0.05,Matches,2020-2021
26,Elliot Anderson,eng ENG,MF,Newcastle Utd,17,2002,1,0,4,0.0,0,0,0,0,0,0,0,0,0.0,0.0,0.0,0.0,0,0,1,0.00,0.00,0.00,0.00,0.00,0.00,0.00,0.00,0.00,0.00,Matches,2020-2021
27,Felipe Anderson,br BRA,"FW,MF",West Ham,27,1993,2,0,3,0.0,0,0,0,0,0,0,0,0,0.0,0.0,0.0,0.0,2,1,0,0.00,0.00,0.00,0.00,0.00,0.00,0.00,0.00,0.00,0.00,Matches,2020-2021
28,Michail Antonio,jm JAM,FW,West Ham,30,1990,26,24,1974,21.9,10,5,15,10,0,0,3,0,12.9,12.9,3.0,16.0,59,36,177,0.46,0.23,0.68,0.46,0.68,0.59,0.14,0.73,0.59,0.73,Matches,2020-2021
29,Alphonse Areola,fr FRA,GK,Fulham,27,1993,36,36,3240,36.0,0,0,0,0,0,0,2,0,0.0,0.0,0.0,0.0,0,0,0,0.00,0.00,0.00,0.00,0.00,0.00,0.00,0.00,0.00,0.00,Matches,2020-2021
30,Stuart Armstrong,sct SCO,MF,Southampton,28,1992,33,32,2764,30.7,4,5,9,4,0,0,3,0,2.7,2.7,2.6,5.3,109,144,118,0.13,0.16,0.29,0.13,0.29,0.09,0.08,0.17,0.09,0.17,Matches,2020-2021
31,Kepa Arrizabalaga,es ESP,GK,Chelsea,25,1994,7,6,585,6.5,0,0,0,0,0,0,1,0,0.0,0.0,0.0,0.0,0,2,0,0.00,0.00,0.00,0.00,0.00,0.00,0.00,0.00,0.00,0.00,Matches,2020-2021
32,Pierre-Emerick Aubameyang,ga GAB,FW,Arsenal,31,1989,29,26,2332,25.9,10,3,13,8,2,2,2,0,10.2,8.6,2.4,11.0,65,66,195,0.39,0.12,0.50,0.31,0.42,0.39,0.09,0.48,0.33,0.42,Matches,2020-2021
33,Serge Aurier,ci CIV,DF,Tottenham,27,1992,19,19,1605,17.8,2,3,5,2,0,0,0,0,1.1,1.1,3.4,4.5,28,59,82,0.11,0.17,0.28,0.11,0.28,0.06,0.19,0.25,0.06,0.25,Matches,2020-2021
34,Charlie Austin,eng ENG,"FW,MF",West Brom,31,1989,5,0,138,1.5,0,0,0,0,0,0,0,0,0.4,0.4,0.0,0.4,1,3,4,0.00,0.00,0.00,0.00,0.00,0.29,0.00,0.29,0.29,0.29,Matches,2020-2021
35,Jordan Ayew,gh GHA,"FW,MF",Crystal Palace,28,1991,33,23,2096,23.3,1,3,4,1,0,0,4,0,2.2,2.2,0.7,2.9,58,35,109,0.04,0.13,0.17,0.04,0.17,0.09,0.03,0.13,0.09,0.13,Matches,2020-2021
36,Luke Ayling,eng ENG,DF,Leeds United,28,1991,38,38,3399,37.8,0,0,0,0,0,0,7,0,1.7,1.7,3.2,4.9,110,224,110,0.00,0.00,0.00,0.00,0.00,0.05,0.08,0.13,0.05,0.13,Matches,2020-2021
37,César Azpilicueta,es ESP,DF,Chelsea,30,1989,26,24,2188,24.3,1,2,3,1,0,0,5,1,0.7,0.7,2.5,3.2,37,135,83,0.04,0.08,0.12,0.04,0.12,0.03,0.10,0.13,0.03,0.13,Matches,2020-2021
38,Eric Bailly,ci CIV,DF,Manchester Utd,26,1994,12,10,916,10.2,0,0,0,0,0,0,3,0,0.1,0.1,0.0,0.1,6,37,0,0.00,0.00,0.00,0.00,0.00,0.01,0.00,0.01,0.01,0.01,Matches,2020-2021
39,Fabián Balbuena,py PAR,DF,West Ham,28,1991,14,13,1198,13.3,1,0,1,1,0,0,1,1,0.7,0.7,0.0,0.7,3,30,2,0.08,0.00,0.08,0.08,0.08,0.05,0.00,0.05,0.05,0.05,Matches,2020-2021
40,George Baldock,gr GRE,DF,Sheffield Utd,27,1993,32,32,2787,31.0,0,2,2,0,0,0,7,0,1.2,1.2,2.9,4.0,68,75,140,0.00,0.06,0.06,0.00,0.06,0.04,0.09,0.13,0.04,0.13,Matches,2020-2021
41,Gareth Bale,wls WAL,FW,Tottenham,31,1989,20,10,920,10.2,11,2,13,11,0,0,1,0,5.8,5.8,1.8,7.6,31,43,85,1.08,0.20,1.27,1.08,1.27,0.57,0.18,0.74,0.57,0.74,Matches,2020-2021
42,Patrick Bamford,eng ENG,FW,Leeds United,26,1993,38,37,3050,33.9,17,7,24,15,2,2,3,0,18.2,16.6,3.5,20.2,32,31,167,0.50,0.21,0.71,0.44,0.65,0.54,0.10,0.64,0.49,0.60,Matches,2020-2021
43,Phil Bardsley,sct SCO,DF,Burnley,35,1985,4,3,274,3.0,0,0,0,0,0,0,2,0,0.1,0.1,0.0,0.1,4,10,6,0.00,0.00,0.00,0.00,0.00,0.03,0.00,0.03,0.03,0.03,Matches,2020-2021
44,Ross Barkley,eng ENG,MF,Aston Villa,26,1993,24,18,1531,17.0,3,1,4,3,0,0,0,0,3.1,3.1,4.2,7.3,40,88,73,0.18,0.06,0.24,0.18,0.24,0.18,0.24,0.43,0.18,0.43,Matches,2020-2021
45,Ross Barkley,eng ENG,"FW,MF",Chelsea,26,1993,2,0,42,0.5,0,0,0,0,0,0,0,0,0.0,0.0,0.1,0.1,2,2,1,0.00,0.00,0.00,0.00,0.00,0.05,0.19,0.24,0.05,0.24,Matches,2020-2021
46,Ashley Barnes,eng ENG,FW,Burnley,30,1989,22,15,1331,14.8,3,0,3,2,1,1,4,0,4.1,3.3,0.8,4.1,8,20,79,0.20,0.00,0.20,0.14,0.14,0.27,0.05,0.33,0.22,0.27,Matches,2020-2021
47,Harvey Barnes,eng ENG,"FW,MF",Leicester City,22,1997,25,22,1945,21.6,9,4,13,9,0,0,0,0,5.9,5.9,1.6,7.5,105,56,163,0.42,0.19,0.60,0.42,0.60,0.27,0.07,0.35,0.27,0.35,Matches,2020-2021
48,Kyle Bartley,eng ENG,DF,West Brom,29,1991,30,28,2584,28.7,3,1,4,3,0,0,4,0,2.5,2.5,1.4,3.9,2,44,3,0.10,0.03,0.14,0.10,0.14,0.09,0.05,0.14,0.09,0.14,Matches,2020-2021
49,Chris Basham,eng ENG,"DF,MF",Sheffield Utd,32,1988,31,31,2576,28.6,0,1,1,0,0,0,5,0,0.7,0.7,0.9,1.6,38,82,48,0.00,0.03,0.03,0.00,0.03,0.03,0.03,0.06,0.03,0.06,Matches,2020-2021
50,Michy Batshuayi,be BEL,FW,Crystal Palace,26,1993,18,7,728,8.1,2,1,3,2,0,0,0,0,1.6,1.6,1.6,3.2,16,13,44,0.25,0.12,0.37,0.25,0.37,0.19,0.20,0.40,0.19,0.40,Matches,2020-2021
51,Jan Bednarek,pl POL,DF,Southampton,24,1996,36,36,3100,34.4,1,1,2,1,0,0,5,1,0.7,0.7,0.6,1.3,13,76,3,0.03,0.03,0.06,0.03,0.06,0.02,0.02,0.04,0.02,0.04,Matches,2020-2021
52,Donny van de Beek,nl NED,"MF,FW",Manchester Utd,23,1997,19,4,524,5.8,1,1,2,1,0,0,1,0,0.4,0.4,0.9,1.3,7,16,39,0.17,0.17,0.34,0.17,0.34,0.06,0.16,0.22,0.06,0.22,Matches,2020-2021
53,Héctor Bellerín,es ESP,"DF,MF",Arsenal,25,1995,25,24,2089,23.2,1,2,3,1,0,0,8,0,0.8,0.8,2.4,3.2,46,108,142,0.04,0.09,0.13,0.04,0.13,0.03,0.10,0.14,0.03,0.14,Matches,2020-2021
54,Saïd Benrahma,dz ALG,"FW,MF",West Ham,24,1995,30,14,1391,15.5,1,6,7,1,0,0,0,0,2.6,2.6,4.1,6.7,63,60,107,0.06,0.39,0.45,0.06,0.45,0.17,0.26,0.43,0.17,0.43,Matches,2020-2021
55,Josh Benson,eng ENG,MF,Burnley,20,1999,6,2,264,2.9,0,0,0,0,0,0,0,0,0.2,0.2,0.0,0.2,1,6,8,0.00,0.00,0.00,0.00,0.00,0.07,0.00,0.07,0.07,0.07,Matches,2020-2021
56,Christian Benteke,be BEL,FW,Crystal Palace,29,1990,30,21,1816,20.2,10,1,11,10,0,0,3,1,8.3,8.3,0.9,9.1,14,36,124,0.50,0.05,0.55,0.50,0.55,0.41,0.04,0.45,0.41,0.45,Matches,2020-2021
57,Gaetano Berardi,ch SUI,DF,Leeds United,31,1988,2,1,113,1.3,0,0,0,0,0,0,0,0,0.1,0.1,0.0,0.1,0,2,1,0.00,0.00,0.00,0.00,0.00,0.09,0.00,0.09,0.09,0.09,Matches,2020-2021
58,Jóhann Berg Guðmundsson,is ISL,MF,Burnley,29,1990,22,16,1363,15.1,2,0,2,2,0,0,2,0,1.2,1.2,0.5,1.7,25,31,74,0.13,0.00,0.13,0.13,0.13,0.08,0.03,0.11,0.08,0.11,Matches,2020-2021
59,Sander Berge,no NOR,MF,Sheffield Utd,22,1998,15,13,1120,12.4,1,1,2,0,1,1,4,0,1.2,0.4,1.1,1.6,39,39,33,0.08,0.08,0.16,0.00,0.08,0.10,0.09,0.19,0.04,0.13,Matches,2020-2021
60,Steven Bergwijn,nl NED,"FW,MF",Tottenham,22,1997,21,13,1208,13.4,1,3,4,1,0,0,3,0,2.0,2.0,0.9,2.9,32,25,83,0.07,0.22,0.30,0.07,0.30,0.15,0.06,0.21,0.15,0.21,Matches,2020-2021
61,Bernard,br BRA,"MF,FW",Everton,27,1992,12,3,455,5.1,1,0,1,1,0,0,2,0,0.3,0.3,0.6,0.8,13,37,42,0.20,0.00,0.20,0.20,0.20,0.05,0.11,0.16,0.05,0.16,Matches,2020-2021
62,Bernardo,br BRA,"DF,MF",Brighton,25,1995,3,2,206,2.3,0,0,0,0,0,0,0,0,0.4,0.4,0.1,0.5,2,9,15,0.00,0.00,0.00,0.00,0.00,0.16,0.06,0.22,0.16,0.22,Matches,2020-2021
63,Ryan Bertrand,eng ENG,DF,Southampton,30,1989,29,29,2598,28.9,0,1,1,0,0,0,5,0,0.4,0.4,1.3,1.6,46,101,120,0.00,0.03,0.03,0.00,0.03,0.01,0.04,0.06,0.01,0.06,Matches,2020-2021
64,Yves Bissouma,ml MLI,MF,Brighton,23,1996,36,35,3111,34.6,1,0,1,1,0,0,8,1,1.4,1.4,0.9,2.3,55,146,26,0.03,0.00,0.03,0.03,0.03,0.04,0.03,0.07,0.04,0.07,Matches,2020-2021
65,Jayden Bogle,eng ENG,"DF,MF",Sheffield Utd,20,2000,16,12,1110,12.3,2,0,2,2,0,0,2,0,1.9,1.9,0.2,2.2,11,24,61,0.16,0.00,0.16,0.16,0.16,0.16,0.02,0.17,0.16,0.17,Matches,2020-2021
66,Willy Boly,ci CIV,DF,Wolves,29,1991,21,21,1879,20.9,1,1,2,1,0,0,2,0,1.1,1.1,0.3,1.4,5,44,1,0.05,0.05,0.10,0.05,0.10,0.05,0.01,0.06,0.05,0.06,Matches,2020-2021
67,Jarrod Bowen,eng ENG,"FW,MF",West Ham,23,1996,38,30,2562,28.5,8,5,13,8,0,0,0,0,7.1,7.1,5.0,12.0,83,44,165,0.28,0.18,0.46,0.28,0.46,0.25,0.17,0.42,0.25,0.42,Matches,2020-2021
68,Robbie Brady,ie IRL,MF,Burnley,28,1992,19,12,1052,11.7,1,1,2,1,0,0,3,0,0.8,0.8,0.9,1.7,14,26,40,0.09,0.09,0.17,0.09,0.17,0.07,0.08,0.15,0.07,0.15,Matches,2020-2021
69,Rhian Brewster,eng ENG,"FW,MF",Sheffield Utd,20,2000,27,12,1128,12.5,0,0,0,0,0,0,1,0,1.8,1.8,1.6,3.4,11,20,48,0.00,0.00,0.00,0.00,0.00,0.14,0.13,0.27,0.14,0.27,Matches,2020-2021
70,Nathan Broadhead,wls WAL,FW,Everton,22,1998,1,0,3,0.0,0,0,0,0,0,0,0,0,0.0,0.0,0.0,0.0,0,0,0,0.00,0.00,0.00,0.00,0.00,0.00,0.00,0.00,0.00,0.00,Matches,2020-2021
71,Josh Brownhill,eng ENG,MF,Burnley,24,1995,33,32,2813,31.3,0,1,1,0,0,0,2,0,1.9,1.9,0.7,2.6,22,83,69,0.00,0.03,0.03,0.00,0.03,0.06,0.02,0.08,0.06,0.08,Matches,2020-2021
72,Joe Bryan,eng ENG,"DF,MF",Fulham,26,1993,16,7,669,7.4,1,0,1,1,0,0,2,0,0.6,0.6,0.3,0.9,13,31,33,0.13,0.00,0.13,0.13,0.13,0.07,0.04,0.12,0.07,0.12,Matches,2020-2021
73,Kean Bryan,eng ENG,DF,Sheffield Utd,23,1996,13,12,1004,11.2,1,0,1,1,0,0,1,0,0.9,0.9,0.6,1.5,7,22,18,0.09,0.00,0.09,0.09,0.09,0.08,0.05,0.14,0.08,0.14,Matches,2020-2021
74,Oliver Burke,sct SCO,FW,Sheffield Utd,23,1997,25,14,1269,14.1,1,1,2,1,0,0,2,0,2.1,2.1,2.2,4.3,30,19,108,0.07,0.07,0.14,0.07,0.14,0.15,0.16,0.31,0.15,0.31,Matches,2020-2021
75,Dan Burn,eng ENG,DF,Brighton,28,1992,27,23,2061,22.9,1,0,1,1,0,0,5,0,1.5,1.5,0.8,2.3,34,87,73,0.04,0.00,0.04,0.04,0.04,0.07,0.04,0.10,0.07,0.10,Matches,2020-2021
76,Jack Butland,eng ENG,GK,Crystal Palace,27,1993,1,1,90,1.0,0,0,0,0,0,0,0,0,0.0,0.0,0.0,0.0,0,0,0,0.00,0.00,0.00,0.00,0.00,0.00,0.00,0.00,0.00,0.00,Matches,2020-2021
77,David Button,eng ENG,GK,West Brom,31,1989,1,1,90,1.0,0,0,0,0,0,0,0,0,0.0,0.0,0.0,0.0,0,0,0,0.00,0.00,0.00,0.00,0.00,0.00,0.00,0.00,0.00,0.00,Matches,2020-2021
78,Oskar Buur,dk DEN,DF,Wolves,22,1998,1,0,22,0.2,0,0,0,0,0,0,0,0,0.0,0.0,0.0,0.0,1,0,0,0.00,0.00,0.00,0.00,0.00,0.00,0.00,0.00,0.00,0.00,Matches,2020-2021
79,Willy Caballero,ar ARG,GK,Chelsea,38,1981,1,1,90,1.0,0,0,0,0,0,0,0,0,0.0,0.0,0.0,0.0,0,0,0,0.00,0.00,0.00,0.00,0.00,0.00,0.00,0.00,0.00,0.00,Matches,2020-2021
80,Gary Cahill,eng ENG,DF,Crystal Palace,34,1985,20,20,1800,20.0,1,1,2,1,0,0,3,0,0.7,0.7,0.6,1.4,3,46,0,0.05,0.05,0.10,0.05,0.10,0.04,0.03,0.07,0.04,0.07,Matches,2020-2021
81,Tom Cairney,sct SCO,MF,Fulham,29,1991,10,9,759,8.4,1,1,2,1,0,0,2,0,0.5,0.5,1.1,1.6,22,72,25,0.12,0.12,0.24,0.12,0.24,0.06,0.13,0.19,0.06,0.19,Matches,2020-2021
82,Dominic Calvert-Lewin,eng ENG,FW,Everton,23,1997,33,32,2871,31.9,16,0,16,16,0,0,3,0,16.3,16.3,2.0,18.3,36,46,160,0.50,0.00,0.50,0.50,0.50,0.51,0.06,0.57,0.51,0.57,Matches,2020-2021
83,João Cancelo,pt POR,"DF,MF",Manchester City,26,1994,28,27,2299,25.5,2,3,5,2,0,0,5,1,1.6,1.6,4.6,6.2,80,200,150,0.08,0.12,0.20,0.08,0.20,0.06,0.18,0.24,0.06,0.24,Matches,2020-2021
84,Andy Carroll,eng ENG,FW,Newcastle Utd,31,1989,18,4,392,4.4,1,0,1,1,0,0,1,0,0.8,0.8,0.1,0.9,2,12,18,0.23,0.00,0.23,0.23,0.23,0.19,0.02,0.21,0.19,0.21,Matches,2020-2021
85,Scott Carson,eng ENG,GK,Manchester City,34,1985,1,1,90,1.0,0,0,0,0,0,0,0,0,0.0,0.0,0.0,0.0,0,0,0,0.00,0.00,0.00,0.00,0.00,0.00,0.00,0.00,0.00,0.00,Matches,2020-2021
86,Fabio Carvalho,pt POR,"MF,FW",Fulham,17,2002,4,3,255,2.8,1,0,1,1,0,0,0,0,1.2,1.2,0.4,1.6,10,6,14,0.35,0.00,0.35,0.35,0.35,0.41,0.15,0.56,0.41,0.56,Matches,2020-2021
87,Matty Cash,pl POL,DF,Aston Villa,22,1997,28,28,2372,26.4,0,2,2,0,0,0,8,1,0.3,0.3,1.7,2.0,43,76,62,0.00,0.08,0.08,0.00,0.08,0.01,0.07,0.08,0.01,0.08,Matches,2020-2021
88,Kiko Casilla,es ESP,GK,Leeds United,33,1986,3,3,270,3.0,0,0,0,0,0,0,0,0,0.0,0.0,0.0,0.0,0,0,0,0.00,0.00,0.00,0.00,0.00,0.00,0.00,0.00,0.00,0.00,Matches,2020-2021
89,Timothy Castagne,be BEL,DF,Leicester City,24,1995,27,27,2345,26.1,2,3,5,2,0,0,1,0,1.1,1.1,2.2,3.4,52,91,148,0.08,0.12,0.19,0.08,0.19,0.04,0.09,0.13,0.04,0.13,Matches,2020-2021
90,Jonny Castro,es ESP,"MF,DF",Wolves,26,1994,7,7,495,5.5,0,0,0,0,0,0,0,0,0.1,0.1,0.1,0.1,13,16,18,0.00,0.00,0.00,0.00,0.00,0.01,0.01,0.02,0.01,0.02,Matches,2020-2021
91,Ivan Cavaleiro,pt POR,FW,Fulham,26,1993,36,27,2472,27.5,3,0,3,2,1,2,2,0,6.4,4.8,2.7,7.5,68,63,230,0.11,0.00,0.11,0.07,0.07,0.23,0.10,0.33,0.17,0.27,Matches,2020-2021
92,Edinson Cavani,uy URU,FW,Manchester Utd,33,1987,26,13,1375,15.3,10,3,13,10,0,0,4,0,8.0,8.0,2.2,10.3,5,30,80,0.65,0.20,0.85,0.65,0.85,0.52,0.15,0.67,0.52,0.67,Matches,2020-2021
93,Dani Ceballos,es ESP,MF,Arsenal,23,1996,25,17,1615,17.9,0,3,3,0,0,0,4,0,0.6,0.6,2.6,3.3,54,150,52,0.00,0.17,0.17,0.00,0.17,0.04,0.15,0.18,0.04,0.18,Matches,2020-2021
94,Calum Chambers,eng ENG,DF,Arsenal,25,1995,10,8,753,8.4,0,2,2,0,0,0,0,0,0.4,0.4,1.1,1.5,16,40,49,0.00,0.24,0.24,0.00,0.24,0.05,0.13,0.18,0.05,0.18,Matches,2020-2021
95,Ben Chilwell,eng ENG,DF,Chelsea,23,1996,27,27,2286,25.4,3,5,8,3,0,0,3,0,2.4,2.4,2.4,4.9,94,111,186,0.12,0.20,0.31,0.12,0.31,0.10,0.10,0.19,0.10,0.19,Matches,2020-2021
96,Hamza Choudhury,bd BAN,MF,Leicester City,22,1997,10,4,316,3.5,0,0,0,0,0,0,1,0,0.4,0.4,0.0,0.4,3,15,1,0.00,0.00,0.00,0.00,0.00,0.11,0.00,0.11,0.11,0.11,Matches,2020-2021
97,Andreas Christensen,dk DEN,DF,Chelsea,24,1996,17,15,1371,15.2,0,0,0,0,0,0,2,1,0.1,0.1,0.3,0.4,7,43,1,0.00,0.00,0.00,0.00,0.00,0.01,0.02,0.03,0.01,0.03,Matches,2020-2021
98,Carney Chukwuemeka,eng ENG,"MF,FW",Aston Villa,16,2003,2,0,20,0.2,0,0,0,0,0,0,0,0,0.0,0.0,0.0,0.0,0,1,1,0.00,0.00,0.00,0.00,0.00,0.17,0.00,0.17,0.17,0.17,Matches,2020-2021
99,Ciaran Clark,ie IRL,DF,Newcastle Utd,30,1989,22,21,1891,21.0,1,0,1,1,0,0,3,0,0.7,0.7,0.1,0.8,9,35,4,0.05,0.00,0.05,0.05,0.05,0.03,0.01,0.04,0.03,0.04,Matches,2020-2021
100,Nathaniel Clyne,eng ENG,DF,Crystal Palace,29,1991,13,13,1145,12.7,0,1,1,0,0,0,2,0,0.2,0.2,0.2,0.4,18,42,20,0.00,0.08,0.08,0.00,0.08,0.01,0.02,0.03,0.01,0.03,Matches,2020-2021
101,Conor Coady,eng ENG,DF,Wolves,27,1993,37,37,3303,36.7,1,0,1,1,0,0,5,0,1.0,1.0,0.2,1.2,4,67,2,0.03,0.00,0.03,0.03,0.03,0.03,0.00,0.03,0.03,0.03,Matches,2020-2021
102,Séamus Coleman,ie IRL,"DF,MF",Everton,31,1988,25,18,1613,17.9,0,3,3,0,0,0,0,0,0.9,0.9,1.8,2.7,31,49,90,0.00,0.17,0.17,0.00,0.17,0.05,0.10,0.15,0.05,0.15,Matches,2020-2021
103,Aaron Connolly,ie IRL,FW,Brighton,20,2000,17,9,791,8.8,2,1,3,2,0,0,0,0,4.0,4.0,0.2,4.2,12,4,58,0.23,0.11,0.34,0.23,0.34,0.45,0.02,0.48,0.45,0.48,Matches,2020-2021
104,Liam Cooper,sct SCO,DF,Leeds United,28,1991,25,25,2185,24.3,1,0,1,1,0,0,4,1,1.8,1.8,0.0,1.8,12,88,1,0.04,0.00,0.04,0.04,0.04,0.08,0.00,0.08,0.08,0.08,Matches,2020-2021
105,Theo Corbeanu,ca CAN,FW,Wolves,18,2002,1,0,9,0.1,0,0,0,0,0,0,0,0,0.0,0.0,0.0,0.0,0,0,1,0.00,0.00,0.00,0.00,0.00,0.00,0.42,0.42,0.00,0.42,Matches,2020-2021
106,Jack Cork,eng ENG,MF,Burnley,31,1989,16,15,1350,15.0,0,0,0,0,0,0,2,0,0.2,0.2,0.6,0.8,8,37,13,0.00,0.00,0.00,0.00,0.00,0.02,0.04,0.05,0.02,0.05,Matches,2020-2021
107,Hélder Costa,ao ANG,"MF,FW",Leeds United,26,1994,22,13,1156,12.8,3,3,6,3,0,0,0,0,2.2,2.2,0.6,2.8,47,28,84,0.23,0.23,0.47,0.23,0.47,0.17,0.04,0.22,0.17,0.22,Matches,2020-2021
108,Vladimír Coufal,cz CZE,DF,West Ham,27,1992,34,34,3054,33.9,0,7,7,0,0,0,3,0,1.3,1.3,5.5,6.7,70,128,159,0.00,0.21,0.21,0.00,0.21,0.04,0.16,0.20,0.04,0.20,Matches,2020-2021
109,Aaron Cresswell,eng ENG,DF,West Ham,30,1989,36,36,3170,35.2,0,8,8,0,0,0,3,0,1.0,1.0,6.5,7.5,35,162,96,0.00,0.23,0.23,0.00,0.23,0.03,0.18,0.21,0.03,0.21,Matches,2020-2021
110,Patrick Cutrone,it ITA,FW,Wolves,22,1998,2,0,25,0.3,0,0,0,0,0,0,0,0,0.1,0.1,0.0,0.1,0,0,3,0.00,0.00,0.00,0.00,0.00,0.30,0.00,0.30,0.30,0.30,Matches,2020-2021
111,Stuart Dallas,nir NIR,"MF,DF",Leeds United,29,1991,38,38,3409,37.9,8,2,10,8,0,0,7,0,4.2,4.2,1.8,6.1,95,233,126,0.21,0.05,0.26,0.21,0.26,0.11,0.05,0.16,0.11,0.16,Matches,2020-2021
112,Scott Dann,eng ENG,DF,Crystal Palace,33,1987,15,15,1350,15.0,1,0,1,1,0,0,1,0,0.3,0.3,0.0,0.3,2,34,0,0.07,0.00,0.07,0.07,0.07,0.02,0.00,0.02,0.02,0.02,Matches,2020-2021
113,Karl Darlow,wls WAL,GK,Newcastle Utd,29,1990,25,25,2250,25.0,0,0,0,0,0,0,3,0,0.0,0.0,0.0,0.0,0,0,0,0.00,0.00,0.00,0.00,0.00,0.00,0.00,0.00,0.00,0.00,Matches,2020-2021
114,Ben Davies,wls WAL,DF,Tottenham,27,1993,20,14,1346,15.0,0,1,1,0,0,0,1,0,0.2,0.2,0.6,0.8,28,51,55,0.00,0.07,0.07,0.00,0.07,0.01,0.04,0.05,0.01,0.05,Matches,2020-2021
115,Tom Davies,eng ENG,MF,Everton,22,1998,25,17,1423,15.8,0,1,1,0,0,0,3,0,0.2,0.2,0.9,1.1,11,49,17,0.00,0.06,0.06,0.00,0.06,0.01,0.06,0.07,0.01,0.07,Matches,2020-2021
116,Keinan Davis,eng ENG,"FW,MF",Aston Villa,22,1998,15,1,277,3.1,1,1,2,1,0,0,0,0,1.5,1.5,0.6,2.1,7,6,37,0.32,0.32,0.65,0.32,0.65,0.47,0.19,0.67,0.47,0.67,Matches,2020-2021
117,Leif Davis,eng ENG,DF,Leeds United,20,2000,2,0,33,0.4,0,0,0,0,0,0,0,0,0.0,0.0,0.0,0.0,1,1,0,0.00,0.00,0.00,0.00,0.00,0.00,0.00,0.00,0.00,0.00,Matches,2020-2021
118,Craig Dawson,eng ENG,DF,West Ham,30,1990,22,22,1925,21.4,3,0,3,3,0,0,5,1,1.9,1.9,0.1,1.9,2,39,1,0.14,0.00,0.14,0.14,0.14,0.09,0.00,0.09,0.09,0.09,Matches,2020-2021
119,Kevin De Bruyne,be BEL,MF,Manchester City,29,1991,25,23,1997,22.2,6,12,18,4,2,3,1,0,9.3,6.9,8.0,14.9,102,213,186,0.27,0.54,0.81,0.18,0.72,0.42,0.36,0.78,0.31,0.67,Matches,2020-2021
120,Liam Delap,eng ENG,FW,Manchester City,17,2003,1,0,40,0.4,0,0,0,0,0,0,0,0,0.0,0.0,0.0,0.0,0,0,1,0.00,0.00,0.00,0.00,0.00,0.10,0.00,0.10,0.10,0.10,Matches,2020-2021
121,Fabian Delph,eng ENG,"MF,DF",Everton,30,1989,8,2,266,3.0,0,0,0,0,0,0,1,0,0.0,0.0,0.1,0.1,2,11,4,0.00,0.00,0.00,0.00,0.00,0.01,0.02,0.03,0.01,0.03,Matches,2020-2021
122,Leander Dendoncker,be BEL,"MF,DF",Wolves,25,1995,33,28,2503,27.8,1,0,1,1,0,0,4,0,3.1,3.1,0.7,3.9,15,88,31,0.04,0.00,0.04,0.04,0.04,0.11,0.03,0.14,0.11,0.14,Matches,2020-2021
123,Mbaye Diagne,sn SEN,FW,West Brom,28,1991,16,14,1189,13.2,3,2,5,3,0,0,2,0,6.6,6.6,1.0,7.6,4,12,60,0.23,0.15,0.38,0.23,0.38,0.50,0.07,0.58,0.50,0.58,Matches,2020-2021
124,Amad Diallo,ci CIV,FW,Manchester Utd,18,2002,3,2,166,1.8,0,1,1,0,0,0,0,0,0.0,0.0,0.5,0.5,9,9,7,0.00,0.54,0.54,0.00,0.54,0.02,0.27,0.29,0.02,0.29,Matches,2020-2021
125,Ibrahima Diallo,fr FRA,MF,Southampton,21,1999,22,10,1020,11.3,0,0,0,0,0,0,3,0,0.5,0.5,0.6,1.1,11,46,13,0.00,0.00,0.00,0.00,0.00,0.04,0.06,0.10,0.04,0.10,Matches,2020-2021
126,Grady Diangana,cd COD,"MF,FW",West Brom,22,1998,20,15,1235,13.7,1,0,1,1,0,0,0,0,1.1,1.1,0.2,1.2,25,32,84,0.07,0.00,0.07,0.07,0.07,0.08,0.01,0.09,0.08,0.09,Matches,2020-2021
127,Rúben Dias,pt POR,DF,Manchester City,23,1997,32,32,2843,31.6,1,0,1,1,0,0,4,0,1.9,1.9,0.1,2.0,38,154,5,0.03,0.00,0.03,0.03,0.03,0.06,0.00,0.06,0.06,0.06,Matches,2020-2021
128,Eric Dier,eng ENG,DF,Tottenham,26,1994,28,28,2520,28.0,0,0,0,0,0,0,3,0,1.2,1.2,0.3,1.4,21,65,6,0.00,0.00,0.00,0.00,0.00,0.04,0.01,0.05,0.04,0.05,Matches,2020-2021
129,Lucas Digne,fr FRA,"DF,MF",Everton,27,1993,30,30,2681,29.8,0,7,7,0,0,0,2,1,0.5,0.5,5.2,5.7,59,98,197,0.00,0.23,0.23,0.00,0.23,0.02,0.17,0.19,0.02,0.19,Matches,2020-2021
130,Issa Diop,fr FRA,DF,West Ham,23,1997,18,15,1381,15.3,2,0,2,2,0,0,3,0,0.5,0.5,0.0,0.5,4,30,1,0.13,0.00,0.13,0.13,0.13,0.03,0.00,0.03,0.03,0.03,Matches,2020-2021
131,Moussa Djenepo,ml MLI,MF,Southampton,22,1998,27,15,1240,13.8,1,0,1,1,0,0,5,0,0.8,0.8,0.4,1.2,28,32,78,0.07,0.00,0.07,0.07,0.07,0.06,0.03,0.08,0.06,0.08,Matches,2020-2021
132,Matt Doherty,ie IRL,DF,Tottenham,28,1992,17,13,1240,13.8,0,2,2,0,0,0,4,1,0.4,0.4,0.7,1.1,18,42,68,0.00,0.15,0.15,0.00,0.15,0.03,0.05,0.08,0.03,0.08,Matches,2020-2021
133,Abdoulaye Doucouré,ml MLI,MF,Everton,27,1993,29,29,2443,27.1,2,3,5,2,0,0,6,0,2.3,2.3,2.0,4.3,34,104,70,0.07,0.11,0.18,0.07,0.18,0.09,0.07,0.16,0.09,0.16,Matches,2020-2021
134,Martin Dúbravka,sk SVK,GK,Newcastle Utd,31,1989,13,13,1170,13.0,0,0,0,0,0,0,0,0,0.0,0.0,0.0,0.0,0,0,0,0.00,0.00,0.00,0.00,0.00,0.00,0.00,0.00,0.00,0.00,Matches,2020-2021
135,Paul Dummett,wls WAL,DF,Newcastle Utd,28,1991,15,14,1255,13.9,1,0,1,1,0,0,2,0,0.3,0.3,0.2,0.5,2,29,5,0.07,0.00,0.07,0.07,0.07,0.02,0.01,0.04,0.02,0.04,Matches,2020-2021
136,Lewis Dunk,eng ENG,DF,Brighton,28,1991,33,33,2931,32.6,5,0,5,5,0,0,5,2,2.2,2.2,1.2,3.4,27,82,7,0.15,0.00,0.15,0.15,0.15,0.07,0.04,0.10,0.07,0.10,Matches,2020-2021
137,Jimmy Dunne,ie IRL,DF,Burnley,22,1997,3,3,270,3.0,1,0,1,1,0,0,1,0,0.5,0.5,0.1,0.6,0,4,1,0.33,0.00,0.33,0.33,0.33,0.17,0.04,0.20,0.17,0.20,Matches,2020-2021
138,Ederson,br BRA,GK,Manchester City,26,1993,36,36,3240,36.0,0,1,1,0,0,0,3,0,0.0,0.0,0.3,0.3,0,1,0,0.00,0.03,0.03,0.00,0.03,0.00,0.01,0.01,0.00,0.01,Matches,2020-2021
139,Kyle Edwards,eng ENG,"MF,FW",West Brom,22,1998,5,1,118,1.3,0,0,0,0,0,0,0,0,0.1,0.1,0.0,0.1,5,3,4,0.00,0.00,0.00,0.00,0.00,0.09,0.02,0.11,0.09,0.11,Matches,2020-2021
140,John Egan,ie IRL,DF,Sheffield Utd,27,1992,31,30,2629,29.2,0,1,1,0,0,0,7,1,0.8,0.8,0.6,1.4,11,60,2,0.00,0.03,0.03,0.00,0.03,0.03,0.02,0.05,0.03,0.05,Matches,2020-2021
141,Anthony Elanga,se SWE,FW,Manchester Utd,18,2002,2,2,155,1.7,1,0,1,1,0,0,0,0,0.4,0.4,0.0,0.5,2,3,13,0.58,0.00,0.58,0.58,0.58,0.26,0.02,0.28,0.26,0.28,Matches,2020-2021
142,Ahmed Elmohamady,eg EGY,DF,Aston Villa,32,1987,14,8,839,9.3,0,0,0,0,0,0,2,0,0.4,0.4,1.0,1.4,10,45,36,0.00,0.00,0.00,0.00,0.00,0.05,0.11,0.15,0.05,0.15,Matches,2020-2021
143,Mohamed Elneny,eg EGY,MF,Arsenal,28,1992,23,17,1544,17.2,1,0,1,1,0,0,3,0,0.4,0.4,0.2,0.6,17,99,12,0.06,0.00,0.06,0.06,0.06,0.02,0.01,0.03,0.02,0.03,Matches,2020-2021
144,Jonny Evans,nir NIR,DF,Leicester City,32,1988,28,28,2473,27.5,2,2,4,2,0,0,7,0,1.7,1.7,0.4,2.1,7,96,5,0.07,0.07,0.15,0.07,0.15,0.06,0.02,0.08,0.06,0.08,Matches,2020-2021
145,Eberechi Eze,eng ENG,MF,Crystal Palace,22,1998,34,29,2559,28.4,4,6,10,4,0,0,3,0,2.2,2.2,3.9,6.1,79,127,126,0.14,0.21,0.35,0.14,0.35,0.08,0.14,0.21,0.08,0.21,Matches,2020-2021
146,Łukasz Fabiański,pl POL,GK,West Ham,35,1985,35,35,3150,35.0,0,0,0,0,0,0,2,0,0.0,0.0,0.0,0.0,0,0,0,0.00,0.00,0.00,0.00,0.00,0.00,0.00,0.00,0.00,0.00,Matches,2020-2021
147,Fabinho,br BRA,"DF,MF",Liverpool,26,1993,30,28,2567,28.5,0,0,0,0,0,0,6,0,0.3,0.3,0.3,0.6,27,124,13,0.00,0.00,0.00,0.00,0.00,0.01,0.01,0.02,0.01,0.02,Matches,2020-2021
148,Bruno Fernandes,pt POR,MF,Manchester Utd,25,1994,37,35,3099,34.4,18,12,30,9,9,10,6,0,16.1,8.2,11.4,19.6,80,285,263,0.52,0.35,0.87,0.26,0.61,0.47,0.33,0.80,0.24,0.57,Matches,2020-2021
149,Federico Fernández,ar ARG,DF,Newcastle Utd,31,1989,24,24,2079,23.1,0,0,0,0,0,0,4,0,0.3,0.3,0.6,0.8,1,32,7,0.00,0.00,0.00,0.00,0.00,0.01,0.03,0.04,0.01,0.04,Matches,2020-2021
150,Fernandinho,br BRA,MF,Manchester City,35,1985,21,12,1188,13.2,0,2,2,0,0,0,6,0,0.7,0.7,1.3,1.9,31,114,5,0.00,0.15,0.15,0.00,0.15,0.05,0.10,0.15,0.05,0.15,Matches,2020-2021
151,Sam Field,eng ENG,MF,West Brom,22,1998,3,0,62,0.7,0,0,0,0,0,0,0,0,0.0,0.0,0.0,0.0,0,2,0,0.00,0.00,0.00,0.00,0.00,0.00,0.00,0.00,0.00,0.00,Matches,2020-2021
152,Roberto Firmino,br BRA,FW,Liverpool,28,1991,36,33,2838,31.5,9,7,16,9,0,0,2,0,11.3,11.3,5.6,16.9,66,140,222,0.29,0.22,0.51,0.29,0.51,0.36,0.18,0.54,0.36,0.54,Matches,2020-2021
153,Will Fish,eng ENG,FW,Manchester Utd,17,2003,1,0,1,0.0,0,0,0,0,0,0,0,0,0.0,0.0,0.0,0.0,0,0,0,0.00,0.00,0.00,0.00,0.00,0.00,0.00,0.00,0.00,0.00,Matches,2020-2021
154,John Fleck,sct SCO,MF,Sheffield Utd,28,1991,31,29,2575,28.6,0,2,2,0,0,0,4,0,0.6,0.6,2.9,3.5,54,151,62,0.00,0.07,0.07,0.00,0.07,0.02,0.10,0.12,0.02,0.12,Matches,2020-2021
155,Phil Foden,eng ENG,"FW,MF",Manchester City,20,2000,28,17,1616,18.0,9,5,14,9,0,0,0,0,5.0,5.0,3.6,8.6,81,69,213,0.50,0.28,0.78,0.50,0.78,0.28,0.20,0.48,0.28,0.48,Matches,2020-2021
156,Wesley Fofana,fr FRA,DF,Leicester City,19,2000,28,27,2262,25.1,0,0,0,0,0,0,7,0,1.0,1.0,0.3,1.3,37,93,8,0.00,0.00,0.00,0.00,0.00,0.04,0.01,0.05,0.04,0.05,Matches,2020-2021
157,Pablo Fornals,es ESP,"FW,MF",West Ham,24,1996,33,31,2572,28.6,5,4,9,5,0,0,3,0,6.0,6.0,2.3,8.4,59,134,142,0.17,0.14,0.31,0.17,0.31,0.21,0.08,0.29,0.21,0.29,Matches,2020-2021
158,Fraser Forster,eng ENG,GK,Southampton,32,1988,8,8,720,8.0,0,0,0,0,0,0,0,0,0.0,0.0,0.0,0.0,0,0,0,0.00,0.00,0.00,0.00,0.00,0.00,0.00,0.00,0.00,0.00,Matches,2020-2021
159,Timothy Fosu-Mensah,nl NED,DF,Manchester Utd,22,1998,1,1,80,0.9,0,0,0,0,0,0,1,0,0.0,0.0,0.3,0.3,2,5,13,0.00,0.00,0.00,0.00,0.00,0.03,0.31,0.33,0.03,0.33,Matches,2020-2021
160,Tyrese Francois,au AUS,DF,Fulham,20,2000,1,0,15,0.2,0,0,0,0,0,0,0,0,0.0,0.0,0.0,0.0,2,1,2,0.00,0.00,0.00,0.00,0.00,0.00,0.00,0.00,0.00,0.00,Matches,2020-2021
161,Ryan Fraser,sct SCO,"FW,MF",Newcastle Utd,26,1994,18,9,928,10.3,0,2,2,0,0,0,2,1,0.9,0.9,2.0,2.9,21,18,71,0.00,0.19,0.19,0.00,0.19,0.09,0.19,0.28,0.09,0.28,Matches,2020-2021
162,Fred,br BRA,MF,Manchester Utd,27,1993,30,27,2390,26.6,1,0,1,1,0,0,5,0,1.8,1.8,1.9,3.7,31,189,33,0.04,0.00,0.04,0.04,0.04,0.07,0.07,0.14,0.07,0.14,Matches,2020-2021
163,Ryan Fredericks,eng ENG,"DF,FW",West Ham,27,1992,14,6,569,6.3,1,1,2,1,0,0,2,0,0.3,0.3,1.2,1.5,11,20,39,0.16,0.16,0.32,0.16,0.32,0.04,0.19,0.24,0.04,0.24,Matches,2020-2021
164,Christian Fuchs,at AUT,DF,Leicester City,34,1986,9,8,702,7.8,0,0,0,0,0,0,4,0,0.1,0.1,0.0,0.1,2,39,7,0.00,0.00,0.00,0.00,0.00,0.01,0.00,0.01,0.01,0.01,Matches,2020-2021
165,Darnell Furlong,eng ENG,DF,West Brom,24,1995,35,32,2932,32.6,1,3,4,1,0,0,5,0,2.0,2.0,1.9,4.0,44,78,104,0.03,0.09,0.12,0.03,0.12,0.06,0.06,0.12,0.06,0.12,Matches,2020-2021
166,Conor Gallagher,eng ENG,MF,West Brom,20,2000,30,28,2531,28.1,2,2,4,2,0,0,11,0,1.5,1.5,1.8,3.3,32,97,59,0.07,0.07,0.14,0.07,0.14,0.05,0.06,0.12,0.05,0.12,Matches,2020-2021
167,Eric García,es ESP,DF,Manchester City,19,2001,6,3,383,4.3,0,0,0,0,0,0,0,0,0.1,0.1,0.0,0.1,8,22,0,0.00,0.00,0.00,0.00,0.00,0.02,0.00,0.02,0.02,0.02,Matches,2020-2021
168,Dwight Gayle,eng ENG,"FW,MF",Newcastle Utd,29,1990,18,4,514,5.7,1,1,2,1,0,0,0,0,2.9,2.9,0.3,3.3,3,6,30,0.18,0.18,0.35,0.18,0.35,0.51,0.06,0.57,0.51,0.57,Matches,2020-2021
169,Jean-Philippe Gbamin,ci CIV,MF,Everton,24,1995,1,0,12,0.1,0,0,0,0,0,0,0,0,0.0,0.0,0.0,0.0,0,2,0,0.00,0.00,0.00,0.00,0.00,0.00,0.00,0.00,0.00,0.00,Matches,2020-2021
170,David de Gea,es ESP,GK,Manchester Utd,29,1990,26,26,2295,25.5,0,0,0,0,0,0,0,0,0.0,0.0,0.0,0.0,0,0,0,0.00,0.00,0.00,0.00,0.00,0.00,0.00,0.00,0.00,0.00,Matches,2020-2021
171,Anwar El Ghazi,nl NED,FW,Aston Villa,25,1995,28,17,1613,17.9,10,0,10,6,4,4,2,0,8.4,5.3,1.8,7.1,50,47,163,0.56,0.00,0.56,0.33,0.33,0.47,0.10,0.57,0.30,0.39,Matches,2020-2021
172,Kieran Gibbs,eng ENG,DF,West Brom,30,1989,10,9,809,9.0,0,0,0,0,0,0,1,1,0.1,0.1,0.4,0.4,11,19,17,0.00,0.00,0.00,0.00,0.00,0.01,0.04,0.05,0.01,0.05,Matches,2020-2021
173,Morgan Gibbs-White,eng ENG,"MF,FW",Wolves,20,2000,11,4,414,4.6,1,0,1,1,0,0,1,0,0.8,0.8,0.4,1.2,15,28,27,0.22,0.00,0.22,0.22,0.22,0.17,0.09,0.25,0.17,0.25,Matches,2020-2021
174,Billy Gilmour,sct SCO,MF,Chelsea,19,2001,5,3,261,2.9,0,0,0,0,0,0,0,0,0.1,0.1,0.2,0.2,3,18,1,0.00,0.00,0.00,0.00,0.00,0.02,0.06,0.07,0.02,0.07,Matches,2020-2021
175,Olivier Giroud,fr FRA,FW,Chelsea,33,1986,17,8,748,8.3,4,0,4,4,0,0,1,0,4.2,4.2,1.1,5.3,0,5,40,0.48,0.00,0.48,0.48,0.48,0.51,0.13,0.64,0.51,0.64,Matches,2020-2021
176,Ben Godfrey,eng ENG,DF,Everton,22,1998,31,29,2685,29.8,0,2,2,0,0,0,4,0,1.0,1.0,0.8,1.8,46,63,10,0.00,0.07,0.07,0.00,0.07,0.03,0.03,0.06,0.03,0.06,Matches,2020-2021
177,André Gomes,pt POR,MF,Everton,27,1993,28,17,1570,17.4,0,1,1,0,0,0,3,0,0.5,0.5,1.0,1.4,30,103,28,0.00,0.06,0.06,0.00,0.06,0.03,0.06,0.08,0.03,0.08,Matches,2020-2021
178,Joe Gomez,eng ENG,DF,Liverpool,23,1997,7,6,590,6.6,0,0,0,0,0,0,0,0,0.0,0.0,0.0,0.0,4,38,1,0.00,0.00,0.00,0.00,0.00,0.00,0.01,0.01,0.00,0.01,Matches,2020-2021
179,Anthony Gordon,eng ENG,"FW,MF",Everton,19,2001,3,1,88,1.0,0,0,0,0,0,0,0,0,0.0,0.0,0.0,0.0,3,2,5,0.00,0.00,0.00,0.00,0.00,0.00,0.03,0.03,0.00,0.03,Matches,2020-2021
180,Karlan Grant,eng ENG,"FW,MF",West Brom,22,1997,21,14,1127,12.5,1,0,1,1,0,0,1,0,1.8,1.8,0.2,2.0,21,13,69,0.08,0.00,0.08,0.08,0.08,0.15,0.02,0.16,0.15,0.16,Matches,2020-2021
181,Demarai Gray,jm JAM,FW,Leicester City,24,1996,1,0,19,0.2,0,0,0,0,0,0,0,0,0.1,0.1,0.0,0.1,1,0,3,0.00,0.00,0.00,0.00,0.00,0.32,0.00,0.32,0.32,0.32,Matches,2020-2021
182,Jack Grealish,eng ENG,"FW,MF",Aston Villa,24,1995,26,24,2185,24.3,6,10,16,6,0,0,6,0,4.6,4.6,7.4,12.0,172,189,212,0.25,0.41,0.66,0.25,0.66,0.19,0.30,0.50,0.19,0.50,Matches,2020-2021
183,Mason Greenwood,eng ENG,FW,Manchester Utd,18,2001,31,21,1822,20.2,7,2,9,7,0,0,2,0,6.0,6.0,2.2,8.2,67,52,175,0.35,0.10,0.44,0.35,0.44,0.29,0.11,0.40,0.29,0.40,Matches,2020-2021
184,Pascal Groß,de GER,"MF,DF",Brighton,29,1991,34,27,2484,27.6,3,8,11,0,3,4,3,0,4.9,1.7,5.2,6.9,57,165,168,0.11,0.29,0.40,0.00,0.29,0.18,0.19,0.36,0.06,0.25,Matches,2020-2021
185,Kamil Grosicki,pl POL,"MF,FW",West Brom,32,1988,3,2,148,1.6,0,1,1,0,0,0,0,0,0.1,0.1,0.3,0.4,7,4,12,0.00,0.61,0.61,0.00,0.61,0.07,0.19,0.26,0.07,0.26,Matches,2020-2021
186,Vicente Guaita,es ESP,GK,Crystal Palace,33,1987,37,37,3330,37.0,0,0,0,0,0,0,2,0,0.0,0.0,0.0,0.0,0,0,0,0.00,0.00,0.00,0.00,0.00,0.00,0.00,0.00,0.00,0.00,Matches,2020-2021
187,İlkay Gündoğan,de GER,MF,Manchester City,29,1990,28,23,2029,22.5,13,2,15,12,1,2,1,0,9.0,7.4,3.5,10.9,69,167,92,0.58,0.09,0.67,0.53,0.62,0.40,0.15,0.55,0.33,0.48,Matches,2020-2021
188,Antwoine Hackford,eng ENG,DF,Sheffield Utd,16,2004,1,0,11,0.1,0,0,0,0,0,0,0,0,0.1,0.1,0.0,0.1,0,0,0,0.00,0.00,0.00,0.00,0.00,0.84,0.00,0.84,0.84,0.84,Matches,2020-2021
189,Sébastien Haller,ci CIV,FW,West Ham,26,1994,16,10,937,10.4,3,0,3,3,0,0,0,0,2.9,2.9,1.4,4.3,4,19,52,0.29,0.00,0.29,0.29,0.29,0.28,0.14,0.41,0.28,0.41,Matches,2020-2021
190,Rekeem Harper,eng ENG,MF,West Brom,20,2000,2,0,32,0.4,0,0,0,0,0,0,0,0,0.0,0.0,0.0,0.0,0,1,1,0.00,0.00,0.00,0.00,0.00,0.09,0.00,0.09,0.09,0.09,Matches,2020-2021
191,Jack Harrison,eng ENG,"MF,FW",Leeds United,23,1996,36,34,2847,31.6,8,8,16,8,0,0,2,0,5.8,5.8,6.5,12.4,108,98,307,0.25,0.25,0.51,0.25,0.51,0.18,0.21,0.39,0.18,0.39,Matches,2020-2021
192,Kortney Hause,eng ENG,DF,Aston Villa,25,1995,7,7,630,7.0,1,0,1,1,0,0,2,0,1.0,1.0,0.0,1.0,1,10,0,0.14,0.00,0.14,0.14,0.14,0.15,0.00,0.15,0.15,0.15,Matches,2020-2021
193,Kai Havertz,de GER,"MF,FW",Chelsea,21,1999,27,18,1520,16.9,4,3,7,4,0,0,2,0,5.5,5.5,1.3,6.8,47,74,133,0.24,0.18,0.41,0.24,0.41,0.33,0.08,0.40,0.33,0.40,Matches,2020-2021
194,Isaac Hayden,eng ENG,"MF,DF",Newcastle Utd,25,1995,24,22,1942,21.6,0,0,0,0,0,0,8,0,0.7,0.7,0.3,1.0,7,47,20,0.00,0.00,0.00,0.00,0.00,0.03,0.01,0.04,0.03,0.04,Matches,2020-2021
195,Michael Hector,jm JAM,DF,Fulham,28,1992,4,3,263,2.9,0,0,0,0,0,0,2,0,0.1,0.1,0.0,0.1,0,12,0,0.00,0.00,0.00,0.00,0.00,0.02,0.01,0.03,0.02,0.03,Matches,2020-2021
196,Ahmed Hegazi,eg EGY,DF,West Brom,29,1991,1,1,90,1.0,0,0,0,0,0,0,0,0,0.0,0.0,0.0,0.0,0,2,0,0.00,0.00,0.00,0.00,0.00,0.00,0.00,0.00,0.00,0.00,Matches,2020-2021
197,Dean Henderson,eng ENG,GK,Manchester Utd,23,1997,13,12,1125,12.5,0,0,0,0,0,0,3,0,0.0,0.0,0.0,0.0,0,0,0,0.00,0.00,0.00,0.00,0.00,0.00,0.00,0.00,0.00,0.00,Matches,2020-2021
198,Jordan Henderson,eng ENG,"MF,DF",Liverpool,30,1990,21,20,1704,18.9,1,1,2,1,0,0,0,0,1.3,1.3,1.5,2.8,46,169,21,0.05,0.05,0.11,0.05,0.11,0.07,0.08,0.15,0.07,0.15,Matches,2020-2021
199,Jeff Hendrick,ie IRL,MF,Newcastle Utd,28,1992,22,17,1422,15.8,2,1,3,2,0,0,3,1,1.1,1.1,1.1,2.2,7,37,24,0.13,0.06,0.19,0.13,0.19,0.07,0.07,0.14,0.07,0.14,Matches,2020-2021
200,Pablo Hernández,es ESP,MF,Leeds United,35,1985,16,3,427,4.7,0,2,2,0,0,0,1,0,1.1,1.1,0.7,1.8,33,70,34,0.00,0.42,0.42,0.00,0.42,0.23,0.15,0.38,0.23,0.38,Matches,2020-2021
201,Son Heung-min,kr KOR,FW,Tottenham,28,1992,37,36,3114,34.6,17,10,27,16,1,1,0,0,9.7,8.9,8.4,17.4,88,87,266,0.49,0.29,0.78,0.46,0.75,0.28,0.24,0.52,0.26,0.50,Matches,2020-2021
202,Ki-Jana Hoever,nl NED,"DF,MF",Wolves,18,2002,12,5,577,6.4,0,0,0,0,0,0,1,0,0.0,0.0,0.2,0.2,17,19,38,0.00,0.00,0.00,0.00,0.00,0.01,0.03,0.04,0.01,0.04,Matches,2020-2021
203,Rob Holding,eng ENG,DF,Arsenal,24,1995,30,28,2558,28.4,0,1,1,0,0,0,2,0,1.0,1.0,0.2,1.2,10,114,1,0.00,0.04,0.04,0.00,0.04,0.04,0.01,0.04,0.04,0.04,Matches,2020-2021
204,Mason Holgate,eng ENG,DF,Everton,23,1996,28,26,2287,25.4,1,0,1,1,0,0,9,0,1.0,1.0,0.7,1.7,21,57,36,0.04,0.00,0.04,0.04,0.04,0.04,0.03,0.07,0.04,0.07,Matches,2020-2021
205,Conor Hourihane,ie IRL,MF,Aston Villa,29,1991,4,3,225,2.5,1,1,2,1,0,0,0,0,0.7,0.7,0.6,1.3,1,23,11,0.40,0.40,0.80,0.40,0.80,0.26,0.25,0.51,0.26,0.51,Matches,2020-2021
206,Callum Hudson-Odoi,eng ENG,"FW,DF",Chelsea,19,2000,23,10,1059,11.8,2,3,5,2,0,0,0,0,1.3,1.3,2.8,4.1,89,75,155,0.17,0.25,0.42,0.17,0.42,0.11,0.24,0.35,0.11,0.35,Matches,2020-2021
207,Niall Huggins,wls WAL,DF,Leeds United,19,2000,1,0,38,0.4,0,0,0,0,0,0,0,0,0.0,0.0,0.0,0.0,1,1,1,0.00,0.00,0.00,0.00,0.00,0.00,0.00,0.00,0.00,0.00,Matches,2020-2021
208,Pierre Højbjerg,dk DEN,MF,Tottenham,24,1995,38,38,3420,38.0,2,4,6,2,0,0,9,0,1.1,1.1,1.6,2.7,36,218,26,0.05,0.11,0.16,0.05,0.16,0.03,0.04,0.07,0.03,0.07,Matches,2020-2021
209,Odion Ighalo,ng NGA,FW,Manchester Utd,31,1989,1,0,10,0.1,0,0,0,0,0,0,0,0,0.0,0.0,0.0,0.0,0,0,1,0.00,0.00,0.00,0.00,0.00,0.00,0.00,0.00,0.00,0.00,Matches,2020-2021
210,Kelechi Iheanacho,ng NGA,FW,Leicester City,23,1996,25,16,1459,16.2,12,2,14,12,0,1,1,0,8.2,7.4,3.7,11.1,31,41,124,0.74,0.12,0.86,0.74,0.86,0.51,0.23,0.74,0.46,0.69,Matches,2020-2021
211,Danny Ings,eng ENG,FW,Southampton,28,1992,29,26,2173,24.1,12,4,16,10,2,2,1,0,8.5,6.9,2.1,9.1,37,52,134,0.50,0.17,0.66,0.41,0.58,0.35,0.09,0.44,0.29,0.38,Matches,2020-2021
212,Branislav Ivanović,rs SRB,DF,West Brom,36,1984,13,8,767,8.5,0,0,0,0,0,0,2,0,0.5,0.5,0.1,0.6,0,10,1,0.00,0.00,0.00,0.00,0.00,0.06,0.01,0.07,0.06,0.07,Matches,2020-2021
213,Alex Iwobi,ng NGA,"FW,MF",Everton,24,1996,30,17,1542,17.1,1,2,3,1,0,0,0,0,0.9,0.9,1.9,2.8,72,65,99,0.06,0.12,0.18,0.06,0.18,0.05,0.11,0.16,0.05,0.16,Matches,2020-2021
214,José Izquierdo,co COL,DF,Brighton,28,1992,1,0,9,0.1,0,0,0,0,0,0,0,0,0.0,0.0,0.0,0.0,1,0,2,0.00,0.00,0.00,0.00,0.00,0.24,0.00,0.24,0.24,0.24,Matches,2020-2021
215,Phil Jagielka,eng ENG,DF,Sheffield Utd,37,1982,10,6,526,5.8,0,0,0,0,0,0,1,1,0.0,0.0,0.0,0.0,1,6,2,0.00,0.00,0.00,0.00,0.00,0.00,0.00,0.00,0.00,0.00,Matches,2020-2021
216,Alireza Jahanbakhsh,ir IRN,"FW,MF",Brighton,26,1993,21,6,528,5.9,0,1,1,0,0,0,3,0,1.5,1.5,3.0,4.5,18,28,53,0.00,0.17,0.17,0.00,0.17,0.26,0.51,0.77,0.26,0.77,Matches,2020-2021
217,Daniel James,wls WAL,FW,Manchester Utd,22,1997,15,11,910,10.1,3,1,4,3,0,0,3,0,2.2,2.2,0.9,3.1,36,32,84,0.30,0.10,0.40,0.30,0.40,0.22,0.09,0.31,0.22,0.31,Matches,2020-2021
218,Reece James,eng ENG,DF,Chelsea,20,1999,32,25,2373,26.4,1,2,3,1,0,0,3,0,1.6,1.6,3.5,5.0,80,128,204,0.04,0.08,0.11,0.04,0.11,0.06,0.13,0.19,0.06,0.19,Matches,2020-2021
219,Alexandre Jankewitz,ch SUI,MF,Southampton,18,2001,2,1,3,0.0,0,0,0,0,0,0,0,1,0.0,0.0,0.0,0.0,0,1,0,0.00,0.00,0.00,0.00,0.00,0.00,0.00,0.00,0.00,0.00,Matches,2020-2021
220,Daniel Jebbison,eng ENG,FW,Sheffield Utd,16,2003,4,3,284,3.2,1,0,1,1,0,0,0,0,1.1,1.1,0.0,1.2,2,1,6,0.32,0.00,0.32,0.32,0.32,0.36,0.01,0.37,0.36,0.37,Matches,2020-2021
221,Gabriel Jesus,br BRA,FW,Manchester City,23,1997,29,22,2063,22.9,9,4,13,9,0,0,2,0,8.7,8.7,2.7,11.4,54,41,202,0.39,0.17,0.57,0.39,0.57,0.38,0.12,0.50,0.38,0.50,Matches,2020-2021
222,Raúl Jiménez,mx MEX,FW,Wolves,29,1991,10,10,823,9.1,4,0,4,4,0,0,0,0,2.4,2.4,0.3,2.7,23,26,46,0.44,0.00,0.44,0.44,0.44,0.27,0.03,0.29,0.27,0.29,Matches,2020-2021
223,Joelinton,br BRA,"FW,MF",Newcastle Utd,23,1996,31,23,1983,22.0,4,2,6,3,1,1,3,0,5.4,4.6,2.4,7.1,34,39,104,0.18,0.09,0.27,0.14,0.23,0.25,0.11,0.36,0.21,0.32,Matches,2020-2021
224,Ben Johnson,eng ENG,"DF,FW",West Ham,20,2000,14,5,523,5.8,1,0,1,1,0,0,1,0,0.4,0.4,0.4,0.8,11,20,24,0.17,0.00,0.17,0.17,0.17,0.07,0.07,0.14,0.07,0.14,Matches,2020-2021
225,Sam Johnstone,eng ENG,GK,West Brom,27,1993,37,37,3330,37.0,0,1,1,0,0,0,1,0,0.0,0.0,0.2,0.2,0,0,0,0.00,0.03,0.03,0.00,0.03,0.00,0.01,0.01,0.00,0.01,Matches,2020-2021
226,Curtis Jones,eng ENG,MF,Liverpool,19,2001,24,13,1179,13.1,1,2,3,1,0,0,2,0,1.7,1.7,1.5,3.2,42,89,79,0.08,0.15,0.23,0.08,0.23,0.13,0.11,0.24,0.13,0.24,Matches,2020-2021
227,Jorginho,it ITA,MF,Chelsea,28,1991,28,23,2010,22.3,7,1,8,0,7,9,2,0,7.3,0.2,1.7,1.8,16,145,14,0.31,0.04,0.36,0.00,0.04,0.33,0.07,0.40,0.01,0.08,Matches,2020-2021
228,Willian José,br BRA,FW,Wolves,28,1991,17,12,1110,12.3,1,0,1,1,0,0,0,0,1.6,1.6,1.2,2.8,12,15,55,0.08,0.00,0.08,0.08,0.08,0.13,0.10,0.23,0.13,0.23,Matches,2020-2021
229,Diogo Jota,pt POR,FW,Liverpool,23,1996,19,12,1112,12.4,9,0,9,9,0,0,2,0,6.4,6.4,1.6,8.0,54,43,125,0.73,0.00,0.73,0.73,0.73,0.51,0.13,0.64,0.51,0.64,Matches,2020-2021
230,James Justin,eng ENG,DF,Leicester City,22,1998,23,23,2070,23.0,2,1,3,2,0,0,4,0,2.2,2.2,2.0,4.1,64,94,135,0.09,0.04,0.13,0.09,0.13,0.09,0.09,0.18,0.09,0.18,Matches,2020-2021
231,Ozan Kabak,tr TUR,DF,Liverpool,20,2000,9,9,801,8.9,0,0,0,0,0,0,3,0,0.1,0.1,0.0,0.2,3,20,1,0.00,0.00,0.00,0.00,0.00,0.02,0.00,0.02,0.02,0.02,Matches,2020-2021
232,Aboubakar Kamara,mr MTN,"FW,MF",Fulham,25,1995,11,2,315,3.5,0,0,0,0,0,0,1,1,0.5,0.5,0.3,0.9,11,6,30,0.00,0.00,0.00,0.00,0.00,0.16,0.09,0.25,0.16,0.25,Matches,2020-2021
233,Harry Kane,eng ENG,FW,Tottenham,27,1993,35,35,3082,34.2,23,14,37,19,4,4,1,0,20.1,16.9,7.1,24.0,75,132,185,0.67,0.41,1.08,0.55,0.96,0.59,0.21,0.79,0.49,0.70,Matches,2020-2021
234,N'Golo Kanté,fr FRA,MF,Chelsea,29,1991,30,24,2146,23.8,0,2,2,0,0,0,7,0,0.6,0.6,1.3,1.9,38,116,39,0.00,0.08,0.08,0.00,0.08,0.02,0.05,0.08,0.02,0.08,Matches,2020-2021
235,Moise Kean,it ITA,"FW,MF",Everton,20,2000,2,0,15,0.2,0,0,0,0,0,0,0,0,0.0,0.0,0.0,0.0,4,0,5,0.00,0.00,0.00,0.00,0.00,0.28,0.00,0.28,0.28,0.28,Matches,2020-2021
236,Michael Keane,eng ENG,DF,Everton,27,1993,35,33,2991,33.2,3,1,4,3,0,0,4,0,1.5,1.5,1.1,2.6,14,78,3,0.09,0.03,0.12,0.09,0.12,0.05,0.03,0.08,0.05,0.08,Matches,2020-2021
237,Neeskens Kebano,cd COD,"FW,MF",Fulham,28,1992,5,1,119,1.3,0,0,0,0,0,0,0,0,0.3,0.3,0.0,0.3,7,1,15,0.00,0.00,0.00,0.00,0.00,0.20,0.01,0.21,0.20,0.21,Matches,2020-2021
238,Naby Keïta,gn GUI,MF,Liverpool,25,1995,10,7,520,5.8,0,0,0,0,0,0,1,0,0.4,0.4,0.6,1.0,18,33,19,0.00,0.00,0.00,0.00,0.00,0.07,0.11,0.18,0.07,0.18,Matches,2020-2021
239,Caoimhín Kelleher,ie IRL,GK,Liverpool,21,1998,2,2,180,2.0,0,0,0,0,0,0,0,0,0.0,0.0,0.0,0.0,0,0,0,0.00,0.00,0.00,0.00,0.00,0.00,0.00,0.00,0.00,0.00,Matches,2020-2021
240,Martin Kelly,eng ENG,DF,Crystal Palace,30,1990,1,0,2,0.0,0,0,0,0,0,0,0,0,0.0,0.0,0.0,0.0,0,0,0,0.00,0.00,0.00,0.00,0.00,0.00,0.00,0.00,0.00,0.00,Matches,2020-2021
241,Jonjoe Kenny,eng ENG,DF,Everton,23,1997,4,1,79,0.9,0,0,0,0,0,0,0,0,0.0,0.0,0.0,0.0,2,1,7,0.00,0.00,0.00,0.00,0.00,0.00,0.00,0.00,0.00,0.00,Matches,2020-2021
242,Reda Khadra,de GER,MF,Brighton,19,2001,1,0,5,0.1,0,0,0,0,0,0,0,0,0.0,0.0,0.0,0.0,1,0,1,0.00,0.00,0.00,0.00,0.00,0.00,0.00,0.00,0.00,0.00,Matches,2020-2021
243,Max Kilman,eng ENG,DF,Wolves,23,1997,18,14,1310,14.6,0,1,1,0,0,0,4,0,0.8,0.8,0.5,1.3,11,46,2,0.00,0.07,0.07,0.00,0.07,0.05,0.04,0.09,0.05,0.09,Matches,2020-2021
244,Joshua King,no NOR,"MF,FW",Everton,28,1992,11,0,148,1.6,0,0,0,0,0,0,0,0,0.6,0.6,0.0,0.6,9,5,20,0.00,0.00,0.00,0.00,0.00,0.37,0.00,0.37,0.37,0.37,Matches,2020-2021
245,Mateusz Klich,pl POL,MF,Leeds United,30,1990,35,28,2393,26.6,4,5,9,2,2,2,6,0,3.0,1.4,3.4,4.9,70,184,152,0.15,0.19,0.34,0.08,0.26,0.11,0.13,0.24,0.05,0.18,Matches,2020-2021
246,Robin Koch,de GER,"DF,MF",Leeds United,24,1996,17,13,1132,12.6,0,0,0,0,0,0,1,0,0.7,0.7,0.1,0.8,8,49,3,0.00,0.00,0.00,0.00,0.00,0.06,0.01,0.07,0.06,0.07,Matches,2020-2021
247,Sead Kolašinac,ba BIH,DF,Arsenal,27,1993,1,1,90,1.0,0,0,0,0,0,0,0,0,0.0,0.0,0.0,0.0,2,2,9,0.00,0.00,0.00,0.00,0.00,0.00,0.00,0.00,0.00,0.00,Matches,2020-2021
248,Terence Kongolo,nl NED,DF,Fulham,26,1994,1,1,90,1.0,0,0,0,0,0,0,0,0,0.0,0.0,0.0,0.0,0,3,1,0.00,0.00,0.00,0.00,0.00,0.00,0.00,0.00,0.00,0.00,Matches,2020-2021
249,Ezri Konsa,eng ENG,DF,Aston Villa,22,1997,36,35,3196,35.5,2,0,2,2,0,0,3,0,2.4,2.4,0.1,2.5,3,32,5,0.06,0.00,0.06,0.06,0.06,0.07,0.00,0.07,0.07,0.07,Matches,2020-2021
250,Cheikhou Kouyaté,sn SEN,DF,Crystal Palace,30,1989,36,35,3121,34.7,1,0,1,1,0,0,4,0,0.7,0.7,1.0,1.6,6,32,11,0.03,0.00,0.03,0.03,0.03,0.02,0.03,0.05,0.02,0.05,Matches,2020-2021
251,Mateo Kovačić,hr CRO,MF,Chelsea,26,1994,27,21,1815,20.2,0,1,1,0,0,0,4,0,1.0,1.0,1.7,2.7,51,189,37,0.00,0.05,0.05,0.00,0.05,0.05,0.08,0.13,0.05,0.13,Matches,2020-2021
252,Emil Krafth,se SWE,DF,Newcastle Utd,25,1994,16,14,1288,14.3,1,0,1,1,0,0,4,0,0.3,0.3,0.4,0.7,12,28,25,0.07,0.00,0.07,0.07,0.07,0.02,0.03,0.05,0.02,0.05,Matches,2020-2021
253,Filip Krovinović,hr CRO,MF,West Brom,24,1995,11,5,546,6.1,0,0,0,0,0,0,0,0,0.3,0.3,0.2,0.4,15,41,21,0.00,0.00,0.00,0.00,0.00,0.04,0.03,0.07,0.04,0.07,Matches,2020-2021
254,Alexandre Lacazette,fr FRA,FW,Arsenal,29,1991,31,22,1923,21.4,13,2,15,10,3,3,3,0,11.7,9.3,2.2,11.5,15,55,112,0.61,0.09,0.70,0.47,0.56,0.55,0.10,0.65,0.43,0.54,Matches,2020-2021
255,Adam Lallana,eng ENG,"MF,FW",Brighton,32,1988,30,16,1596,17.7,1,1,2,1,0,0,0,0,1.6,1.6,2.6,4.2,33,109,77,0.06,0.06,0.11,0.06,0.11,0.09,0.14,0.23,0.09,0.23,Matches,2020-2021
256,Érik Lamela,ar ARG,"FW,MF",Tottenham,28,1992,23,5,717,8.0,1,0,1,1,0,0,6,1,1.1,1.1,1.0,2.1,28,36,49,0.13,0.00,0.13,0.13,0.13,0.14,0.12,0.26,0.14,0.26,Matches,2020-2021
257,Tariq Lamptey,gh GHA,"DF,MF",Brighton,19,2000,11,11,886,9.8,1,1,2,1,0,0,4,1,0.7,0.7,0.8,1.5,40,26,76,0.10,0.10,0.20,0.10,0.20,0.07,0.08,0.15,0.07,0.15,Matches,2020-2021
258,Manuel Lanzini,ar ARG,"MF,FW",West Ham,27,1993,17,5,566,6.3,1,1,2,1,0,0,1,0,1.0,1.0,0.9,1.8,7,28,20,0.16,0.16,0.32,0.16,0.32,0.15,0.14,0.29,0.15,0.29,Matches,2020-2021
259,Aymeric Laporte,es ESP,DF,Manchester City,26,1994,16,14,1344,14.9,0,0,0,0,0,0,1,0,0.8,0.8,0.4,1.1,28,99,1,0.00,0.00,0.00,0.00,0.00,0.05,0.02,0.07,0.05,0.07,Matches,2020-2021
260,Jamaal Lascelles,eng ENG,DF,Newcastle Utd,26,1993,19,19,1625,18.1,2,0,2,2,0,0,4,0,1.3,1.3,0.1,1.4,4,22,2,0.11,0.00,0.11,0.11,0.11,0.07,0.01,0.08,0.07,0.08,Matches,2020-2021
261,Maxime Le Marchand,fr FRA,DF,Fulham,30,1989,2,1,123,1.4,0,0,0,0,0,0,2,0,0.0,0.0,0.0,0.0,0,8,0,0.00,0.00,0.00,0.00,0.00,0.01,0.00,0.01,0.01,0.01,Matches,2020-2021
262,Mario Lemina,ga GAB,MF,Fulham,26,1993,28,19,1703,18.9,1,0,1,1,0,0,5,0,0.7,0.7,0.8,1.5,19,78,15,0.05,0.00,0.05,0.05,0.05,0.04,0.04,0.08,0.04,0.08,Matches,2020-2021
263,Bernd Leno,de GER,GK,Arsenal,28,1992,35,35,3131,34.8,0,0,0,0,0,0,0,1,0.0,0.0,0.0,0.0,0,2,0,0.00,0.00,0.00,0.00,0.00,0.00,0.00,0.00,0.00,0.00,Matches,2020-2021
264,Khanya Leshabela,za RSA,MF,Leicester City,20,1999,1,0,10,0.1,0,0,0,0,0,0,0,0,0.0,0.0,0.0,0.0,3,2,0,0.00,0.00,0.00,0.00,0.00,0.00,0.00,0.00,0.00,0.00,Matches,2020-2021
265,Jamal Lewis,nir NIR,DF,Newcastle Utd,22,1998,24,20,1837,20.4,0,1,1,0,0,0,4,0,0.1,0.1,1.0,1.1,27,41,56,0.00,0.05,0.05,0.00,0.05,0.01,0.05,0.06,0.01,0.06,Matches,2020-2021
266,Victor Lindelöf,se SWE,DF,Manchester Utd,26,1994,29,29,2585,28.7,1,1,2,1,0,0,0,0,0.6,0.6,0.3,0.9,18,92,2,0.03,0.03,0.07,0.03,0.07,0.02,0.01,0.03,0.02,0.03,Matches,2020-2021
267,Jesse Lingard,eng ENG,"MF,FW",West Ham,27,1992,16,16,1421,15.8,9,4,13,8,1,2,3,0,4.5,2.8,2.1,5.0,59,75,84,0.57,0.25,0.82,0.51,0.76,0.29,0.13,0.42,0.18,0.31,Matches,2020-2021
268,Jake Livermore,eng ENG,MF,West Brom,30,1989,18,15,1242,13.8,0,0,0,0,0,0,2,1,0.3,0.3,0.2,0.5,0,26,6,0.00,0.00,0.00,0.00,0.00,0.02,0.01,0.04,0.02,0.04,Matches,2020-2021
269,Diego Llorente,es ESP,DF,Leeds United,26,1993,15,14,1204,13.4,1,0,1,1,0,0,1,0,0.8,0.8,0.5,1.3,7,26,1,0.07,0.00,0.07,0.07,0.07,0.06,0.04,0.10,0.06,0.10,Matches,2020-2021
270,Hugo Lloris,fr FRA,GK,Tottenham,33,1986,38,38,3420,38.0,0,0,0,0,0,0,0,0,0.0,0.0,0.0,0.0,0,0,0,0.00,0.00,0.00,0.00,0.00,0.00,0.00,0.00,0.00,0.00,Matches,2020-2021
271,Giovani Lo Celso,ar ARG,MF,Tottenham,24,1996,18,11,945,10.5,1,1,2,1,0,0,5,0,1.4,1.4,1.0,2.4,21,71,34,0.10,0.10,0.19,0.10,0.19,0.14,0.09,0.23,0.14,0.23,Matches,2020-2021
272,Ruben Loftus-Cheek,eng ENG,FW,Chelsea,24,1996,1,1,60,0.7,0,0,0,0,0,0,0,0,0.0,0.0,0.0,0.0,1,0,2,0.00,0.00,0.00,0.00,0.00,0.00,0.00,0.00,0.00,0.00,Matches,2020-2021
273,Ruben Loftus-Cheek,eng ENG,"MF,FW",Fulham,24,1996,30,21,1909,21.2,1,0,1,1,0,0,3,0,3.4,3.4,1.2,4.6,57,82,97,0.05,0.00,0.05,0.05,0.05,0.16,0.06,0.22,0.16,0.22,Matches,2020-2021
274,Kevin Long,ie IRL,DF,Burnley,29,1990,8,7,637,7.1,0,0,0,0,0,0,2,0,0.4,0.4,0.0,0.4,0,15,1,0.00,0.00,0.00,0.00,0.00,0.06,0.00,0.06,0.06,0.06,Matches,2020-2021
275,Shane Long,ie IRL,FW,Southampton,33,1987,11,1,210,2.3,0,0,0,0,0,0,0,0,0.1,0.1,0.0,0.1,1,3,10,0.00,0.00,0.00,0.00,0.00,0.03,0.00,0.03,0.03,0.03,Matches,2020-2021
276,Matthew Longstaff,eng ENG,MF,Newcastle Utd,20,2000,5,4,377,4.2,0,0,0,0,0,0,0,0,0.0,0.0,0.2,0.2,1,6,2,0.00,0.00,0.00,0.00,0.00,0.00,0.04,0.04,0.00,0.04,Matches,2020-2021
277,Sean Longstaff,eng ENG,MF,Newcastle Utd,22,1997,22,15,1412,15.7,0,1,1,0,0,0,2,0,1.4,1.4,1.0,2.3,5,45,18,0.00,0.06,0.06,0.00,0.06,0.09,0.06,0.15,0.09,0.15,Matches,2020-2021
278,Ademola Lookman,ng NGA,"FW,MF",Fulham,22,1997,34,31,2747,30.5,4,4,8,4,0,1,5,0,6.3,5.5,5.2,10.7,110,110,236,0.13,0.13,0.26,0.13,0.26,0.21,0.17,0.37,0.18,0.35,Matches,2020-2021
279,Max Lowe,eng ENG,DF,Sheffield Utd,23,1997,8,7,550,6.1,0,0,0,0,0,0,1,0,0.1,0.1,0.1,0.2,10,14,32,0.00,0.00,0.00,0.00,0.00,0.01,0.02,0.03,0.01,0.03,Matches,2020-2021
280,Matthew Lowton,eng ENG,DF,Burnley,31,1989,34,34,3060,34.0,1,1,2,1,0,0,5,0,0.8,0.8,3.1,3.9,49,127,59,0.03,0.03,0.06,0.03,0.06,0.02,0.09,0.12,0.02,0.12,Matches,2020-2021
281,David Luiz,br BRA,DF,Arsenal,33,1987,20,17,1396,15.5,1,0,1,1,0,0,1,1,0.9,0.9,0.5,1.4,22,68,3,0.06,0.00,0.06,0.06,0.06,0.06,0.03,0.09,0.06,0.09,Matches,2020-2021
282,Douglas Luiz,br BRA,MF,Aston Villa,22,1998,33,32,2781,30.9,0,2,2,0,0,0,10,1,1.2,1.2,1.6,2.8,47,131,32,0.00,0.06,0.06,0.00,0.06,0.04,0.05,0.09,0.04,0.09,Matches,2020-2021
283,John Lundstram,eng ENG,MF,Sheffield Utd,26,1994,28,23,2032,22.6,0,2,2,0,0,1,8,1,1.9,1.1,1.3,2.4,35,78,73,0.00,0.09,0.09,0.00,0.09,0.08,0.06,0.14,0.05,0.11,Matches,2020-2021
284,Alexis Mac Allister,ar ARG,"MF,FW",Brighton,21,1998,21,13,1115,12.4,1,1,2,1,0,0,1,0,1.3,1.3,1.5,2.7,15,48,55,0.08,0.08,0.16,0.08,0.16,0.10,0.12,0.22,0.10,0.22,Matches,2020-2021
285,James Maddison,eng ENG,MF,Leicester City,23,1996,31,24,2099,23.3,8,5,13,8,0,0,4,0,3.8,3.8,5.1,8.9,43,134,116,0.34,0.21,0.56,0.34,0.56,0.16,0.22,0.38,0.16,0.38,Matches,2020-2021
286,Gabriel Magalhães,br BRA,DF,Arsenal,22,1997,23,22,1996,22.2,2,0,2,2,0,0,4,1,1.3,1.3,0.1,1.4,18,80,8,0.09,0.00,0.09,0.09,0.09,0.06,0.00,0.06,0.06,0.06,Matches,2020-2021
287,Harry Maguire,eng ENG,DF,Manchester Utd,27,1993,34,34,3047,33.9,2,1,3,2,0,0,11,0,2.3,2.2,0.3,2.5,42,194,14,0.06,0.03,0.09,0.06,0.09,0.07,0.01,0.08,0.07,0.08,Matches,2020-2021
288,Riyad Mahrez,dz ALG,FW,Manchester City,29,1991,27,23,1949,21.7,9,6,15,9,0,0,0,0,4.7,4.7,5.0,9.7,88,88,247,0.42,0.28,0.69,0.42,0.69,0.22,0.23,0.45,0.22,0.45,Matches,2020-2021
289,Ainsley Maitland-Niles,eng ENG,"MF,DF",Arsenal,22,1997,11,5,490,5.4,0,0,0,0,0,0,0,0,0.1,0.1,0.1,0.2,12,24,21,0.00,0.00,0.00,0.00,0.00,0.01,0.02,0.04,0.01,0.04,Matches,2020-2021
290,Ainsley Maitland-Niles,eng ENG,MF,West Brom,22,1997,15,14,1230,13.7,0,0,0,0,0,0,2,0,0.6,0.6,0.7,1.2,25,47,52,0.00,0.00,0.00,0.00,0.00,0.04,0.05,0.09,0.04,0.09,Matches,2020-2021
291,Josh Maja,ng NGA,FW,Fulham,21,1998,15,9,810,9.0,3,0,3,2,1,1,0,0,4.5,3.7,0.5,4.2,5,15,33,0.33,0.00,0.33,0.22,0.22,0.50,0.05,0.55,0.41,0.47,Matches,2020-2021
292,Sadio Mané,sn SEN,FW,Liverpool,28,1992,35,31,2810,31.2,11,7,18,11,0,0,3,0,14.1,14.1,7.0,21.0,142,112,366,0.35,0.22,0.58,0.35,0.58,0.45,0.22,0.67,0.45,0.67,Matches,2020-2021
293,Javier Manquillo,es ESP,DF,Newcastle Utd,26,1994,13,10,825,9.2,0,0,0,0,0,0,1,0,0.0,0.0,0.3,0.3,13,20,29,0.00,0.00,0.00,0.00,0.00,0.00,0.03,0.03,0.00,0.03,Matches,2020-2021
294,Fernando Marçal,br BRA,"DF,MF",Wolves,31,1989,13,7,623,6.9,0,0,0,0,0,0,2,0,0.1,0.1,0.1,0.2,8,23,14,0.00,0.00,0.00,0.00,0.00,0.01,0.02,0.03,0.01,0.03,Matches,2020-2021
295,Solly March,eng ENG,"DF,MF",Brighton,26,1994,21,19,1672,18.6,2,1,3,2,0,0,0,0,1.7,1.7,1.5,3.2,74,79,146,0.11,0.05,0.16,0.11,0.16,0.09,0.08,0.17,0.09,0.17,Matches,2020-2021
296,Pablo Marí,es ESP,DF,Arsenal,26,1993,10,10,900,10.0,0,0,0,0,0,0,2,0,0.1,0.1,0.3,0.3,4,21,0,0.00,0.00,0.00,0.00,0.00,0.01,0.03,0.03,0.01,0.03,Matches,2020-2021
297,Anthony Martial,fr FRA,FW,Manchester Utd,24,1995,22,17,1480,16.4,4,3,7,4,0,0,0,1,6.5,6.5,2.0,8.5,48,46,155,0.24,0.18,0.43,0.24,0.43,0.40,0.12,0.52,0.40,0.52,Matches,2020-2021
298,Gabriel Martinelli,br BRA,FW,Arsenal,19,2001,14,7,589,6.5,2,1,3,2,0,0,0,0,3.3,3.3,1.8,5.1,23,8,62,0.31,0.15,0.46,0.31,0.46,0.50,0.27,0.78,0.50,0.78,Matches,2020-2021
299,Emiliano Martínez,ar ARG,GK,Aston Villa,27,1992,38,38,3420,38.0,0,0,0,0,0,0,1,0,0.0,0.0,0.1,0.1,0,0,0,0.00,0.00,0.00,0.00,0.00,0.00,0.00,0.00,0.00,0.00,Matches,2020-2021
300,Arthur Masuaku,cd COD,"DF,MF",West Ham,26,1993,12,12,1006,11.2,0,2,2,0,0,0,2,0,0.5,0.5,2.2,2.7,45,43,54,0.00,0.18,0.18,0.00,0.18,0.04,0.20,0.24,0.04,0.24,Matches,2020-2021
301,Juan Mata,es ESP,"FW,MF",Manchester Utd,32,1988,9,6,509,5.7,1,2,3,0,1,1,0,0,1.0,0.2,0.8,1.1,13,23,32,0.18,0.35,0.53,0.00,0.35,0.18,0.15,0.33,0.04,0.19,Matches,2020-2021
302,Jean-Philippe Mateta,fr FRA,FW,Crystal Palace,23,1997,7,2,221,2.5,1,0,1,1,0,0,0,0,0.3,0.3,0.0,0.3,2,3,11,0.41,0.00,0.41,0.41,0.41,0.13,0.01,0.14,0.13,0.14,Matches,2020-2021
303,Nemanja Matić,rs SRB,MF,Manchester Utd,31,1988,20,12,1106,12.3,0,0,0,0,0,0,2,0,0.3,0.3,0.7,1.0,40,86,12,0.00,0.00,0.00,0.00,0.00,0.02,0.06,0.08,0.02,0.08,Matches,2020-2021
304,Joël Matip,cm CMR,DF,Liverpool,28,1991,10,9,691,7.7,1,2,3,1,0,0,2,0,0.8,0.8,0.9,1.7,6,28,1,0.13,0.26,0.39,0.13,0.39,0.10,0.11,0.22,0.10,0.22,Matches,2020-2021
305,Neal Maupay,fr FRA,"FW,MF",Brighton,23,1996,33,29,2512,27.9,8,2,10,5,3,4,1,1,13.2,10.1,3.9,13.9,44,61,181,0.29,0.07,0.36,0.18,0.25,0.47,0.14,0.61,0.36,0.50,Matches,2020-2021
306,James McArthur,sct SCO,MF,Crystal Palace,32,1987,18,17,1466,16.3,0,2,2,0,0,0,3,0,0.3,0.3,1.2,1.5,15,80,29,0.00,0.12,0.12,0.00,0.12,0.02,0.07,0.09,0.02,0.09,Matches,2020-2021
307,Oliver McBurnie,sct SCO,FW,Sheffield Utd,24,1996,23,12,1324,14.7,1,0,1,1,0,0,2,0,3.9,3.9,1.1,5.0,14,44,58,0.07,0.00,0.07,0.07,0.07,0.26,0.07,0.34,0.26,0.34,Matches,2020-2021
308,Alex McCarthy,eng ENG,GK,Southampton,30,1989,30,30,2700,30.0,0,0,0,0,0,0,2,0,0.0,0.0,0.0,0.0,0,0,1,0.00,0.00,0.00,0.00,0.00,0.00,0.00,0.00,0.00,0.00,Matches,2020-2021
309,James McCarthy,ie IRL,MF,Crystal Palace,29,1990,16,10,821,9.1,0,0,0,0,0,0,1,0,0.0,0.0,0.3,0.3,1,28,4,0.00,0.00,0.00,0.00,0.00,0.00,0.03,0.04,0.00,0.04,Matches,2020-2021
310,John McGinn,sct SCO,MF,Aston Villa,25,1994,37,37,3330,37.0,3,5,8,3,0,0,12,0,2.5,2.5,3.6,6.1,33,221,79,0.08,0.14,0.22,0.08,0.22,0.07,0.10,0.17,0.07,0.17,Matches,2020-2021
311,David McGoldrick,ie IRL,"FW,MF",Sheffield Utd,32,1987,35,28,2397,26.6,8,1,9,8,0,0,7,0,6.9,6.9,1.1,8.0,42,94,162,0.30,0.04,0.34,0.30,0.34,0.26,0.04,0.30,0.26,0.30,Matches,2020-2021
312,Dwight McNeil,eng ENG,MF,Burnley,20,1999,36,34,3069,34.1,2,5,7,2,0,0,1,0,1.1,1.1,6.2,7.2,102,101,102,0.06,0.15,0.21,0.06,0.21,0.03,0.18,0.21,0.03,0.21,Matches,2020-2021
313,Scott McTominay,sct SCO,MF,Manchester Utd,23,1996,32,24,2129,23.7,4,1,5,4,0,0,3,0,2.1,2.1,1.7,3.8,57,118,26,0.17,0.04,0.21,0.17,0.21,0.09,0.07,0.16,0.09,0.16,Matches,2020-2021
314,Ben Mee,eng ENG,DF,Burnley,30,1989,30,30,2693,29.9,2,0,2,2,0,0,3,0,2.3,2.3,0.3,2.6,0,54,3,0.07,0.00,0.07,0.07,0.07,0.08,0.01,0.09,0.08,0.09,Matches,2020-2021
315,Hannibal Mejbri,tn TUN,MF,Manchester Utd,17,2003,1,0,9,0.1,0,0,0,0,0,0,0,0,0.0,0.0,0.0,0.0,0,1,0,0.00,0.00,0.00,0.00,0.00,0.00,0.00,0.00,0.00,0.00,Matches,2020-2021
316,Benjamin Mendy,fr FRA,DF,Manchester City,26,1994,13,11,953,10.6,2,1,3,2,0,0,2,0,0.3,0.3,0.2,0.6,13,29,74,0.19,0.09,0.28,0.19,0.28,0.03,0.02,0.06,0.03,0.06,Matches,2020-2021
317,Edouard Mendy,sn SEN,GK,Chelsea,28,1992,31,31,2745,30.5,0,0,0,0,0,0,2,0,0.0,0.0,0.0,0.0,0,0,0,0.00,0.00,0.00,0.00,0.00,0.00,0.00,0.00,0.00,0.00,Matches,2020-2021
318,Nampalys Mendy,sn SEN,MF,Leicester City,28,1992,23,15,1459,16.2,0,1,1,0,0,0,5,0,0.1,0.1,0.2,0.2,16,66,3,0.00,0.06,0.06,0.00,0.06,0.00,0.01,0.01,0.00,0.01,Matches,2020-2021
319,Illan Meslier,fr FRA,GK,Leeds United,20,2000,35,35,3150,35.0,0,0,0,0,0,0,0,0,0.0,0.0,0.0,0.0,0,0,0,0.00,0.00,0.00,0.00,0.00,0.00,0.00,0.00,0.00,0.00,Matches,2020-2021
320,Luka Milivojević,rs SRB,MF,Crystal Palace,29,1991,31,27,2359,26.2,1,1,2,0,1,2,8,1,2.4,0.8,1.7,2.5,12,120,11,0.04,0.04,0.08,0.00,0.04,0.09,0.07,0.16,0.03,0.10,Matches,2020-2021
321,James Milner,eng ENG,"MF,DF",Liverpool,34,1986,26,11,1070,11.9,0,1,1,0,0,0,3,0,0.4,0.4,0.8,1.2,21,100,51,0.00,0.08,0.08,0.00,0.08,0.03,0.07,0.10,0.03,0.10,Matches,2020-2021
322,Yerry Mina,co COL,DF,Everton,25,1994,24,23,1937,21.5,2,0,2,2,0,0,2,0,1.6,1.6,0.0,1.6,9,48,2,0.09,0.00,0.09,0.09,0.09,0.07,0.00,0.08,0.07,0.08,Matches,2020-2021
323,Takumi Minamino,jp JPN,MF,Southampton,25,1995,10,9,711,7.9,2,0,2,2,0,0,1,0,1.5,1.5,0.5,2.0,19,15,42,0.25,0.00,0.25,0.25,0.25,0.18,0.06,0.25,0.18,0.25,Matches,2020-2021
324,Takumi Minamino,jp JPN,"MF,FW",Liverpool,25,1995,9,2,293,3.3,1,0,1,1,0,0,0,0,1.1,1.1,0.0,1.1,3,8,16,0.31,0.00,0.31,0.31,0.31,0.34,0.00,0.34,0.34,0.34,Matches,2020-2021
325,Tyrone Mings,eng ENG,DF,Aston Villa,27,1993,36,36,3194,35.5,2,2,4,2,0,0,6,1,1.9,1.9,0.4,2.4,12,104,5,0.06,0.06,0.11,0.06,0.11,0.05,0.01,0.07,0.05,0.07,Matches,2020-2021
326,Tyrick Mitchell,eng ENG,DF,Crystal Palace,20,1999,19,19,1710,19.0,1,1,2,1,0,0,1,0,0.8,0.8,0.2,1.1,15,77,30,0.05,0.05,0.11,0.05,0.11,0.04,0.01,0.06,0.04,0.06,Matches,2020-2021
327,Aleksandar Mitrović,rs SRB,FW,Fulham,25,1994,27,13,1402,15.6,3,3,6,2,1,2,3,0,6.2,4.6,2.7,7.3,10,27,88,0.19,0.19,0.39,0.13,0.32,0.40,0.18,0.57,0.29,0.47,Matches,2020-2021
328,Jakub Moder,pl POL,"DF,MF",Brighton,21,1999,12,7,647,7.2,0,0,0,0,0,0,0,0,0.8,0.8,0.2,0.9,21,30,50,0.00,0.00,0.00,0.00,0.00,0.11,0.02,0.13,0.11,0.13,Matches,2020-2021
329,Jayson Molumby,ie IRL,MF,Brighton,20,1999,1,0,1,0.0,0,0,0,0,0,0,0,0,0.0,0.0,0.0,0.0,0,0,0,0.00,0.00,0.00,0.00,0.00,0.00,0.00,0.00,0.00,0.00,Matches,2020-2021
330,Wesley Moraes,br BRA,FW,Aston Villa,23,1996,3,0,18,0.2,0,0,0,0,0,0,0,0,0.0,0.0,0.0,0.0,0,0,1,0.00,0.00,0.00,0.00,0.00,0.23,0.00,0.23,0.23,0.23,Matches,2020-2021
331,Wes Morgan,jm JAM,DF,Leicester City,36,1984,3,0,18,0.2,0,0,0,0,0,0,0,0,0.0,0.0,0.0,0.0,0,2,0,0.00,0.00,0.00,0.00,0.00,0.00,0.00,0.00,0.00,0.00,Matches,2020-2021
332,Mason Mount,eng ENG,MF,Chelsea,21,1999,36,32,2890,32.1,6,5,11,5,1,1,2,0,6.3,5.5,8.2,13.7,131,233,225,0.19,0.16,0.34,0.16,0.31,0.20,0.26,0.45,0.17,0.43,Matches,2020-2021
333,Lucas Moura,br BRA,"FW,MF",Tottenham,27,1992,30,14,1411,15.7,3,4,7,3,0,0,1,0,1.9,1.9,2.0,3.9,43,46,78,0.19,0.26,0.45,0.19,0.45,0.12,0.13,0.25,0.12,0.25,Matches,2020-2021
334,Lys Mousset,fr FRA,"FW,MF",Sheffield Utd,24,1996,11,2,296,3.3,0,0,0,0,0,0,0,0,1.0,1.0,0.3,1.3,3,3,16,0.00,0.00,0.00,0.00,0.00,0.29,0.10,0.39,0.29,0.39,Matches,2020-2021
335,João Moutinho,pt POR,MF,Wolves,33,1986,33,28,2528,28.1,1,1,2,1,0,0,5,1,0.6,0.6,2.4,3.1,32,169,37,0.04,0.04,0.07,0.04,0.07,0.02,0.09,0.11,0.02,0.11,Matches,2020-2021
336,Joel Mumbongo,se SWE,FW,Burnley,21,1999,4,0,40,0.4,0,0,0,0,0,0,1,0,0.0,0.0,0.0,0.0,0,0,1,0.00,0.00,0.00,0.00,0.00,0.00,0.00,0.00,0.00,0.00,Matches,2020-2021
337,Jacob Murphy,eng ENG,"DF,MF",Newcastle Utd,25,1995,26,17,1626,18.1,2,3,5,2,0,0,3,0,1.7,1.7,3.8,5.4,48,47,46,0.11,0.17,0.28,0.11,0.28,0.09,0.21,0.30,0.09,0.30,Matches,2020-2021
338,Shkodran Mustafi,de GER,DF,Arsenal,28,1992,3,0,47,0.5,0,0,0,0,0,0,0,0,0.0,0.0,0.0,0.0,0,7,1,0.00,0.00,0.00,0.00,0.00,0.00,0.00,0.00,0.00,0.00,Matches,2020-2021
339,Marvelous Nakamba,zw ZIM,MF,Aston Villa,26,1994,13,9,749,8.3,0,0,0,0,0,0,3,0,0.0,0.0,0.1,0.1,1,9,2,0.00,0.00,0.00,0.00,0.00,0.01,0.01,0.01,0.01,0.01,Matches,2020-2021
340,Iliman Ndiaye,sn SEN,MF,Sheffield Utd,20,2000,1,0,12,0.1,0,0,0,0,0,0,0,0,0.0,0.0,0.0,0.0,0,0,0,0.00,0.00,0.00,0.00,0.00,0.00,0.00,0.00,0.00,0.00,Matches,2020-2021
341,Wilfred Ndidi,ng NGA,"MF,DF",Leicester City,23,1996,26,25,2176,24.2,1,4,5,1,0,0,6,0,0.7,0.7,1.3,2.0,7,73,17,0.04,0.17,0.21,0.04,0.21,0.03,0.05,0.08,0.03,0.08,Matches,2020-2021
342,Tanguy Ndombele,fr FRA,MF,Tottenham,23,1996,33,28,2091,23.2,3,2,5,3,0,0,3,0,1.6,1.6,1.8,3.4,60,114,58,0.13,0.09,0.22,0.13,0.22,0.07,0.08,0.15,0.07,0.15,Matches,2020-2021
343,Reiss Nelson,eng ENG,"FW,MF",Arsenal,20,1999,2,0,71,0.8,0,0,0,0,0,0,0,0,0.1,0.1,0.0,0.1,4,4,6,0.00,0.00,0.00,0.00,0.00,0.08,0.00,0.08,0.08,0.08,Matches,2020-2021
344,Pedro Neto,pt POR,"FW,MF",Wolves,20,2000,31,30,2550,28.3,5,6,11,5,0,0,4,0,5.1,5.1,5.4,10.6,154,54,255,0.18,0.21,0.39,0.18,0.39,0.18,0.19,0.37,0.18,0.37,Matches,2020-2021
345,Rúben Neves,pt POR,MF,Wolves,23,1997,36,31,2675,29.7,5,1,6,2,3,3,8,0,5.1,2.7,1.9,4.6,22,212,25,0.17,0.03,0.20,0.07,0.10,0.17,0.06,0.23,0.09,0.15,Matches,2020-2021
346,Eddie Nketiah,eng ENG,FW,Arsenal,21,1999,17,4,423,4.7,2,1,3,2,0,0,0,0,1.8,1.8,0.6,2.4,6,6,29,0.43,0.21,0.64,0.43,0.64,0.38,0.14,0.51,0.38,0.51,Matches,2020-2021
347,Niels Nkounkou,fr FRA,"DF,FW",Everton,19,2000,2,1,81,0.9,0,0,0,0,0,0,1,0,0.0,0.0,0.0,0.0,4,2,8,0.00,0.00,0.00,0.00,0.00,0.03,0.00,0.03,0.03,0.03,Matches,2020-2021
348,Dan Nlundulu,eng ENG,"FW,MF",Southampton,21,1999,13,0,111,1.2,0,0,0,0,0,0,0,0,0.1,0.1,0.0,0.1,1,4,13,0.00,0.00,0.00,0.00,0.00,0.04,0.03,0.07,0.04,0.07,Matches,2020-2021
349,Mark Noble,eng ENG,MF,West Ham,33,1987,21,8,712,7.9,0,0,0,0,0,0,1,0,0.0,0.0,0.3,0.3,11,25,13,0.00,0.00,0.00,0.00,0.00,0.01,0.03,0.04,0.01,0.04,Matches,2020-2021
350,Will Norris,eng ENG,GK,Burnley,26,1993,2,2,180,2.0,0,0,0,0,0,0,0,0,0.0,0.0,0.0,0.0,0,0,0,0.00,0.00,0.00,0.00,0.00,0.00,0.02,0.02,0.00,0.02,Matches,2020-2021
351,Oliver Norwood,nir NIR,MF,Sheffield Utd,29,1991,32,26,2220,24.7,0,0,0,0,0,0,6,0,0.5,0.5,2.0,2.4,7,125,19,0.00,0.00,0.00,0.00,0.00,0.02,0.08,0.10,0.02,0.10,Matches,2020-2021
352,Jack O'Connell,eng ENG,DF,Sheffield Utd,26,1994,2,2,180,2.0,0,0,0,0,0,0,0,0,0.0,0.0,0.0,0.0,0,5,2,0.00,0.00,0.00,0.00,0.00,0.00,0.00,0.00,0.00,0.00,Matches,2020-2021
353,Dara O'Shea,ie IRL,DF,West Brom,21,1999,28,25,2102,23.4,0,0,0,0,0,0,3,0,0.1,0.1,0.2,0.3,7,62,12,0.00,0.00,0.00,0.00,0.00,0.00,0.01,0.01,0.00,0.01,Matches,2020-2021
354,Michael Obafemi,ie IRL,FW,Southampton,20,2000,4,0,61,0.7,0,0,0,0,0,0,0,0,0.0,0.0,0.1,0.1,1,1,5,0.00,0.00,0.00,0.00,0.00,0.00,0.10,0.10,0.00,0.10,Matches,2020-2021
355,Denis Odoi,gh GHA,DF,Fulham,32,1988,3,3,270,3.0,0,0,0,0,0,0,1,0,0.1,0.1,0.1,0.1,5,10,5,0.00,0.00,0.00,0.00,0.00,0.02,0.02,0.04,0.02,0.04,Matches,2020-2021
356,Angelo Ogbonna,it ITA,DF,West Ham,32,1988,28,28,2492,27.7,3,0,3,3,0,0,5,0,1.7,1.7,0.8,2.5,7,36,3,0.11,0.00,0.11,0.11,0.11,0.06,0.03,0.09,0.06,0.09,Matches,2020-2021
357,Robin Olsen,se SWE,GK,Everton,30,1990,7,7,630,7.0,0,0,0,0,0,0,1,0,0.0,0.0,0.0,0.0,0,0,0,0.00,0.00,0.00,0.00,0.00,0.00,0.00,0.00,0.00,0.00,Matches,2020-2021
358,Josh Onomah,eng ENG,MF,Fulham,23,1997,11,4,374,4.2,0,0,0,0,0,0,1,0,0.4,0.4,0.0,0.4,8,19,14,0.00,0.00,0.00,0.00,0.00,0.09,0.01,0.10,0.09,0.10,Matches,2020-2021
359,Divock Origi,be BEL,FW,Liverpool,25,1995,9,2,186,2.1,0,0,0,0,0,0,0,0,1.1,1.1,0.2,1.3,5,5,18,0.00,0.00,0.00,0.00,0.00,0.54,0.07,0.62,0.54,0.62,Matches,2020-2021
360,Ben Osborn,eng ENG,"MF,DF",Sheffield Utd,25,1994,24,17,1604,17.8,1,0,1,1,0,0,1,0,1.1,1.1,2.0,3.2,27,77,100,0.06,0.00,0.06,0.06,0.06,0.06,0.12,0.18,0.06,0.18,Matches,2020-2021
361,Owen Otasowie,us USA,"MF,FW",Wolves,19,2001,6,2,187,2.1,0,1,1,0,0,0,1,0,0.5,0.5,0.1,0.6,3,3,7,0.00,0.48,0.48,0.00,0.48,0.24,0.06,0.30,0.24,0.30,Matches,2020-2021
362,Alex Oxlade-Chamberlain,eng ENG,"MF,FW",Liverpool,26,1993,13,2,253,2.8,1,1,2,1,0,0,0,0,0.3,0.3,0.3,0.6,5,20,21,0.36,0.36,0.71,0.36,0.71,0.11,0.10,0.21,0.11,0.21,Matches,2020-2021
363,Emerson Palmieri,it ITA,DF,Chelsea,25,1994,2,0,90,1.0,0,0,0,0,0,0,0,0,0.0,0.0,0.0,0.0,3,0,5,0.00,0.00,0.00,0.00,0.00,0.00,0.00,0.00,0.00,0.00,Matches,2020-2021
364,Thomas Partey,gh GHA,MF,Arsenal,27,1993,24,18,1534,17.0,0,2,2,0,0,0,5,0,1.3,1.3,1.0,2.4,33,121,18,0.00,0.12,0.12,0.00,0.12,0.08,0.06,0.14,0.08,0.14,Matches,2020-2021
365,Rui Patrício,pt POR,GK,Wolves,32,1988,37,37,3329,37.0,0,0,0,0,0,0,1,0,0.0,0.0,0.0,0.0,0,0,0,0.00,0.00,0.00,0.00,0.00,0.00,0.00,0.00,0.00,0.00,Matches,2020-2021
366,Bailey Peacock-Farrell,nir NIR,GK,Burnley,23,1996,4,4,360,4.0,0,0,0,0,0,0,0,0,0.0,0.0,0.0,0.0,0,0,0,0.00,0.00,0.00,0.00,0.00,0.00,0.00,0.00,0.00,0.00,Matches,2020-2021
367,Lee Peltier,eng ENG,DF,West Brom,33,1986,4,3,229,2.5,0,0,0,0,0,0,1,0,0.0,0.0,0.0,0.0,0,6,4,0.00,0.00,0.00,0.00,0.00,0.00,0.01,0.01,0.00,0.01,Matches,2020-2021
368,Nicolas Pépé,ci CIV,FW,Arsenal,25,1995,29,16,1616,18.0,10,1,11,9,1,1,1,1,5.8,5.0,1.0,6.0,56,45,199,0.56,0.06,0.61,0.50,0.56,0.32,0.05,0.38,0.28,0.33,Matches,2020-2021
369,Matheus Pereira,br BRA,"MF,FW",West Brom,24,1996,33,30,2577,28.6,11,6,17,7,4,4,2,1,7.3,4.2,6.3,10.5,79,115,133,0.38,0.21,0.59,0.24,0.45,0.26,0.22,0.48,0.15,0.37,Matches,2020-2021
370,Ricardo Pereira,pt POR,"DF,FW",Leicester City,26,1993,15,10,959,10.7,0,1,1,0,0,0,3,0,0.3,0.3,0.6,1.0,20,45,53,0.00,0.09,0.09,0.00,0.09,0.03,0.06,0.09,0.03,0.09,Matches,2020-2021
371,Ayoze Pérez,es ESP,"MF,FW",Leicester City,27,1993,25,15,1331,14.8,2,1,3,2,0,0,2,0,3.3,3.3,1.3,4.6,39,54,114,0.14,0.07,0.20,0.14,0.20,0.23,0.09,0.31,0.23,0.31,Matches,2020-2021
372,Kalvin Phillips,eng ENG,MF,Leeds United,24,1995,29,28,2428,27.0,1,2,3,1,0,0,10,0,0.5,0.5,3.4,3.9,13,137,14,0.04,0.07,0.11,0.04,0.11,0.02,0.13,0.15,0.02,0.15,Matches,2020-2021
373,Matt Phillips,sct SCO,MF,West Brom,29,1991,33,20,1828,20.3,2,1,3,2,0,0,1,0,2.8,2.8,3.4,6.3,47,51,99,0.10,0.05,0.15,0.10,0.15,0.14,0.17,0.31,0.14,0.31,Matches,2020-2021
374,Nathaniel Phillips,eng ENG,DF,Liverpool,23,1997,17,15,1456,16.2,1,1,2,1,0,0,2,0,1.0,1.0,0.6,1.6,9,55,3,0.06,0.06,0.12,0.06,0.12,0.06,0.04,0.10,0.06,0.10,Matches,2020-2021
375,Jaden Philogene Bidace,eng ENG,FW,Aston Villa,18,2002,1,0,1,0.0,0,0,0,0,0,0,0,0,0.0,0.0,0.0,0.0,0,0,0,0.00,0.00,0.00,0.00,0.00,0.00,0.00,0.00,0.00,0.00,Matches,2020-2021
376,Jordan Pickford,eng ENG,GK,Everton,26,1994,31,31,2742,30.5,0,0,0,0,0,0,1,0,0.0,0.0,0.0,0.0,0,0,0,0.00,0.00,0.00,0.00,0.00,0.00,0.00,0.00,0.00,0.00,Matches,2020-2021
377,Erik Pieters,nl NED,"DF,MF",Burnley,31,1988,20,13,1266,14.1,0,1,1,0,0,0,1,0,0.2,0.2,0.4,0.6,14,37,16,0.00,0.07,0.07,0.00,0.07,0.01,0.03,0.04,0.01,0.04,Matches,2020-2021
378,Daniel Podence,pt POR,"MF,FW",Wolves,24,1995,24,22,1661,18.5,3,2,5,3,0,0,3,0,2.5,2.5,1.7,4.2,47,72,117,0.16,0.11,0.27,0.16,0.27,0.13,0.09,0.23,0.13,0.23,Matches,2020-2021
379,Paul Pogba,fr FRA,"MF,FW",Manchester Utd,27,1993,26,21,1897,21.1,3,3,6,3,0,0,3,0,2.8,2.8,2.4,5.2,46,139,101,0.14,0.14,0.28,0.14,0.28,0.13,0.11,0.25,0.13,0.25,Matches,2020-2021
380,Nick Pope,eng ENG,GK,Burnley,28,1992,32,32,2880,32.0,0,0,0,0,0,0,1,0,0.0,0.0,0.1,0.1,0,1,0,0.00,0.00,0.00,0.00,0.00,0.00,0.00,0.00,0.00,0.00,Matches,2020-2021
381,Ian Poveda,eng ENG,MF,Leeds United,20,2000,14,0,355,3.9,0,0,0,0,0,0,0,0,0.3,0.3,1.1,1.4,21,17,47,0.00,0.00,0.00,0.00,0.00,0.08,0.28,0.36,0.08,0.36,Matches,2020-2021
382,Dennis Praet,be BEL,MF,Leicester City,26,1994,15,10,718,8.0,1,1,2,1,0,0,0,0,0.4,0.4,1.1,1.5,22,25,55,0.13,0.13,0.25,0.13,0.25,0.05,0.14,0.19,0.05,0.19,Matches,2020-2021
383,Davy Pröpper,nl NED,MF,Brighton,28,1991,7,2,213,2.4,0,0,0,0,0,0,0,0,0.2,0.2,0.0,0.2,4,14,8,0.00,0.00,0.00,0.00,0.00,0.08,0.00,0.08,0.08,0.08,Matches,2020-2021
384,Christian Pulisic,us USA,"FW,MF",Chelsea,21,1998,27,18,1738,19.3,4,2,6,4,0,0,2,0,6.1,6.1,2.8,8.9,86,82,160,0.21,0.10,0.31,0.21,0.31,0.32,0.15,0.46,0.32,0.46,Matches,2020-2021
385,Aaron Ramsdale,eng ENG,GK,Sheffield Utd,22,1998,38,38,3420,38.0,0,0,0,0,0,0,1,0,0.0,0.0,0.1,0.1,0,0,0,0.00,0.00,0.00,0.00,0.00,0.00,0.00,0.00,0.00,0.00,Matches,2020-2021
386,Jacob Ramsey,eng ENG,MF,Aston Villa,19,2001,22,6,626,7.0,0,0,0,0,0,0,0,0,0.5,0.5,0.3,0.8,8,23,21,0.00,0.00,0.00,0.00,0.00,0.07,0.04,0.11,0.07,0.11,Matches,2020-2021
387,Kayne Ramsey,eng ENG,DF,Southampton,19,2000,1,1,90,1.0,0,0,0,0,0,0,1,0,0.0,0.0,0.0,0.0,0,0,0,0.00,0.00,0.00,0.00,0.00,0.00,0.00,0.00,0.00,0.00,Matches,2020-2021
388,Darren Randolph,ie IRL,GK,West Ham,33,1987,3,3,270,3.0,0,0,0,0,0,0,0,0,0.0,0.0,0.0,0.0,0,0,0,0.00,0.00,0.00,0.00,0.00,0.00,0.00,0.00,0.00,0.00,Matches,2020-2021
389,Raphinha,br BRA,"MF,FW",Leeds United,23,1996,30,26,2360,26.2,6,9,15,6,0,0,3,0,5.7,5.7,7.9,13.6,102,97,222,0.23,0.34,0.57,0.23,0.57,0.22,0.30,0.52,0.22,0.52,Matches,2020-2021
390,Marcus Rashford,eng ENG,FW,Manchester Utd,22,1997,37,33,2920,32.4,11,9,20,11,0,0,4,0,8.9,8.9,3.8,12.8,134,117,330,0.34,0.28,0.62,0.34,0.62,0.28,0.12,0.39,0.28,0.39,Matches,2020-2021
391,Tim Ream,us USA,DF,Fulham,32,1987,7,7,630,7.0,0,0,0,0,0,0,0,0,0.0,0.0,0.0,0.0,7,31,0,0.00,0.00,0.00,0.00,0.00,0.00,0.00,0.00,0.00,0.00,Matches,2020-2021
392,Nathan Redmond,eng ENG,"MF,FW",Southampton,26,1994,29,17,1738,19.3,2,3,5,2,0,0,1,0,3.1,3.1,3.2,6.2,70,75,149,0.10,0.16,0.26,0.10,0.26,0.16,0.16,0.32,0.16,0.32,Matches,2020-2021
393,Harrison Reed,eng ENG,MF,Fulham,25,1995,31,26,2247,25.0,0,2,2,0,0,0,5,0,0.4,0.4,1.7,2.1,24,127,16,0.00,0.08,0.08,0.00,0.08,0.02,0.07,0.08,0.02,0.08,Matches,2020-2021
394,Sergio Reguilón,es ESP,DF,Tottenham,23,1996,27,26,2244,24.9,0,3,3,0,0,0,5,0,1.0,1.0,2.0,3.1,52,73,152,0.00,0.12,0.12,0.00,0.12,0.04,0.08,0.12,0.04,0.12,Matches,2020-2021
395,Bobby Reid,jm JAM,"MF,FW",Fulham,27,1993,33,28,2372,26.4,5,2,7,5,0,0,7,0,3.8,3.8,1.1,4.9,44,67,138,0.19,0.08,0.27,0.19,0.27,0.14,0.04,0.19,0.14,0.19,Matches,2020-2021
396,Declan Rice,eng ENG,MF,West Ham,21,1999,32,32,2879,32.0,2,1,3,1,1,2,2,0,3.2,1.6,1.8,3.4,74,169,37,0.06,0.03,0.09,0.03,0.06,0.10,0.06,0.16,0.05,0.11,Matches,2020-2021
397,Lewis Richardson,eng ENG,"FW,MF",Burnley,17,2003,2,0,4,0.0,0,0,0,0,0,0,0,0,0.0,0.0,0.0,0.0,1,0,1,0.00,0.00,0.00,0.00,0.00,0.00,0.00,0.00,0.00,0.00,Matches,2020-2021
398,Richarlison,br BRA,FW,Everton,23,1997,34,33,2861,31.8,7,3,10,6,1,1,4,1,9.7,8.8,3.3,12.1,113,58,195,0.22,0.09,0.31,0.19,0.28,0.31,0.10,0.41,0.28,0.38,Matches,2020-2021
399,Jaïro Riedewald,nl NED,MF,Crystal Palace,23,1996,33,19,1820,20.2,2,0,2,2,0,0,4,0,0.6,0.6,0.8,1.3,15,73,23,0.10,0.00,0.10,0.10,0.10,0.03,0.04,0.07,0.03,0.07,Matches,2020-2021
400,Matt Ritchie,sct SCO,"DF,MF",Newcastle Utd,30,1989,18,15,1350,15.0,0,2,2,0,0,0,2,0,0.4,0.4,2.2,2.6,23,38,42,0.00,0.13,0.13,0.00,0.13,0.03,0.14,0.17,0.03,0.17,Matches,2020-2021
401,Tyler Roberts,wls WAL,"MF,FW",Leeds United,21,1999,27,14,1340,14.9,1,2,3,1,0,0,3,0,1.8,1.8,2.3,4.1,33,53,89,0.07,0.13,0.20,0.07,0.20,0.12,0.16,0.28,0.12,0.28,Matches,2020-2021
402,Andrew Robertson,sct SCO,DF,Liverpool,26,1994,38,38,3383,37.6,1,7,8,1,0,0,2,0,1.5,1.5,6.6,8.0,119,228,289,0.03,0.19,0.21,0.03,0.21,0.04,0.17,0.21,0.04,0.21,Matches,2020-2021
403,Antonee Robinson,us USA,DF,Fulham,22,1997,28,24,2162,24.0,0,0,0,0,0,0,4,1,0.4,0.4,1.9,2.3,98,82,145,0.00,0.00,0.00,0.00,0.00,0.02,0.08,0.10,0.02,0.10,Matches,2020-2021
404,Callum Robinson,ie IRL,"FW,MF",West Brom,25,1995,28,20,1560,17.3,5,0,5,5,0,0,0,0,3.1,3.1,1.0,4.1,36,27,119,0.29,0.00,0.29,0.29,0.29,0.18,0.06,0.24,0.18,0.24,Matches,2020-2021
405,Jack Robinson,eng ENG,DF,Sheffield Utd,26,1993,11,9,877,9.7,0,1,1,0,0,0,3,0,0.7,0.7,0.6,1.3,3,22,6,0.00,0.10,0.10,0.00,0.10,0.07,0.06,0.13,0.07,0.13,Matches,2020-2021
406,Hal Robson-Kanu,wls WAL,FW,West Brom,31,1989,19,2,561,6.2,2,0,2,2,0,0,2,0,1.2,1.2,0.2,1.5,8,11,33,0.32,0.00,0.32,0.32,0.32,0.19,0.04,0.23,0.19,0.23,Matches,2020-2021
407,Marek Rodák,sk SVK,GK,Fulham,23,1996,2,2,180,2.0,0,0,0,0,0,0,0,0,0.0,0.0,0.0,0.0,0,0,0,0.00,0.00,0.00,0.00,0.00,0.00,0.00,0.00,0.00,0.00,Matches,2020-2021
408,Joe Rodon,wls WAL,DF,Tottenham,22,1997,12,8,733,8.1,0,0,0,0,0,0,0,0,0.0,0.0,0.0,0.0,2,12,0,0.00,0.00,0.00,0.00,0.00,0.00,0.00,0.00,0.00,0.00,Matches,2020-2021
409,Rodri,es ESP,MF,Manchester City,24,1996,34,31,2748,30.5,2,2,4,1,1,1,6,0,2.4,1.6,1.4,3.1,42,227,31,0.07,0.07,0.13,0.03,0.10,0.08,0.05,0.13,0.05,0.10,Matches,2020-2021
410,Rodrigo,es ESP,"MF,FW",Leeds United,29,1991,26,14,1288,14.3,7,2,9,7,0,0,3,0,5.1,5.1,3.5,8.7,30,80,118,0.49,0.14,0.63,0.49,0.63,0.36,0.25,0.60,0.36,0.60,Matches,2020-2021
411,James Rodríguez,co COL,"FW,MF",Everton,29,1991,23,21,1764,19.6,6,4,10,6,0,0,4,0,2.8,2.8,4.8,7.6,36,133,89,0.31,0.20,0.51,0.31,0.51,0.14,0.25,0.39,0.14,0.39,Matches,2020-2021
412,Jay Rodriguez,eng ENG,FW,Burnley,31,1989,31,12,1265,14.1,1,2,3,1,0,0,3,0,3.0,3.0,1.1,4.1,16,23,79,0.07,0.14,0.21,0.07,0.21,0.22,0.08,0.29,0.22,0.29,Matches,2020-2021
413,Oriol Romeu,es ESP,MF,Southampton,28,1991,21,20,1763,19.6,1,1,2,1,0,0,6,0,0.5,0.5,1.4,1.8,25,91,15,0.05,0.05,0.10,0.05,0.10,0.02,0.07,0.09,0.02,0.09,Matches,2020-2021
414,John Ruddy,eng ENG,GK,Wolves,33,1986,2,1,91,1.0,0,0,0,0,0,0,0,0,0.0,0.0,0.0,0.0,0,0,0,0.00,0.00,0.00,0.00,0.00,0.00,0.00,0.00,0.00,0.00,Matches,2020-2021
415,Antonio Rüdiger,de GER,DF,Chelsea,27,1993,19,19,1710,19.0,1,0,1,1,0,0,0,0,1.3,1.3,0.4,1.7,24,71,6,0.05,0.00,0.05,0.05,0.05,0.07,0.02,0.09,0.07,0.09,Matches,2020-2021
416,Mathew Ryan,au AUS,GK,Arsenal,28,1992,3,3,270,3.0,0,0,0,0,0,0,0,0,0.0,0.0,0.1,0.1,0,0,1,0.00,0.00,0.00,0.00,0.00,0.00,0.02,0.02,0.00,0.02,Matches,2020-2021
417,Mathew Ryan,au AUS,GK,Brighton,28,1992,11,11,990,11.0,0,0,0,0,0,0,1,0,0.0,0.0,0.0,0.0,0,0,0,0.00,0.00,0.00,0.00,0.00,0.00,0.00,0.00,0.00,0.00,Matches,2020-2021
418,Allan Saint-Maximin,fr FRA,"FW,MF",Newcastle Utd,23,1997,25,19,1560,17.3,3,4,7,3,0,0,0,0,2.6,2.6,3.7,6.3,81,65,86,0.17,0.23,0.40,0.17,0.40,0.15,0.21,0.36,0.15,0.36,Matches,2020-2021
419,Romain Saïss,ma MAR,DF,Wolves,30,1990,27,27,2407,26.7,3,0,3,3,0,0,2,0,3.0,3.0,0.2,3.3,12,100,24,0.11,0.00,0.11,0.11,0.11,0.11,0.01,0.12,0.11,0.12,Matches,2020-2021
420,Bukayo Saka,eng ENG,"FW,MF",Arsenal,18,2001,32,30,2553,28.4,5,3,8,5,0,0,1,0,6.9,6.9,4.4,11.3,85,101,269,0.18,0.11,0.28,0.18,0.28,0.24,0.16,0.40,0.24,0.40,Matches,2020-2021
421,Mamadou Sakho,fr FRA,DF,Crystal Palace,30,1990,4,3,276,3.1,0,0,0,0,0,0,0,0,0.1,0.1,0.0,0.1,0,4,2,0.00,0.00,0.00,0.00,0.00,0.02,0.00,0.02,0.02,0.02,Matches,2020-2021
422,Mohamed Salah,eg EGY,FW,Liverpool,28,1992,37,34,3078,34.2,22,5,27,16,6,6,0,0,19.3,14.6,6.2,20.8,111,136,396,0.64,0.15,0.79,0.47,0.61,0.56,0.18,0.75,0.43,0.61,Matches,2020-2021
423,Mohammed Salisu,gh GHA,DF,Southampton,21,1999,12,8,844,9.4,0,0,0,0,0,0,1,0,0.3,0.3,0.4,0.7,8,13,8,0.00,0.00,0.00,0.00,0.00,0.03,0.04,0.07,0.03,0.07,Matches,2020-2021
424,Davinson Sánchez,co COL,DF,Tottenham,24,1996,18,17,1486,16.5,0,0,0,0,0,0,1,0,0.8,0.8,0.0,0.8,2,36,0,0.00,0.00,0.00,0.00,0.00,0.05,0.00,0.05,0.05,0.05,Matches,2020-2021
425,Robert Sánchez,es ESP,GK,Brighton,22,1997,27,27,2430,27.0,0,0,0,0,0,0,2,0,0.0,0.0,0.0,0.0,0,1,0,0.00,0.00,0.00,0.00,0.00,0.00,0.00,0.00,0.00,0.00,Matches,2020-2021
426,Morgan Sanson,fr FRA,MF,Aston Villa,25,1994,9,3,294,3.3,0,0,0,0,0,0,3,0,0.0,0.0,0.1,0.2,9,16,13,0.00,0.00,0.00,0.00,0.00,0.01,0.04,0.05,0.01,0.05,Matches,2020-2021
427,Romaine Sawyers,kn SKN,MF,West Brom,28,1991,19,17,1487,16.5,0,0,0,0,0,0,2,0,0.1,0.1,0.6,0.7,11,67,9,0.00,0.00,0.00,0.00,0.00,0.01,0.03,0.04,0.01,0.04,Matches,2020-2021
428,Dane Scarlett,eng ENG,FW,Tottenham,16,2004,1,0,1,0.0,0,0,0,0,0,0,0,0,0.0,0.0,0.0,0.0,0,0,0,0.00,0.00,0.00,0.00,0.00,0.00,0.00,0.00,0.00,0.00,Matches,2020-2021
429,Fabian Schär,ch SUI,DF,Newcastle Utd,28,1991,18,13,1246,13.8,1,0,1,0,1,1,4,1,1.3,0.5,0.0,0.5,6,41,0,0.07,0.00,0.07,0.00,0.00,0.09,0.00,0.09,0.04,0.04,Matches,2020-2021
430,Jeffrey Schlupp,gh GHA,MF,Crystal Palace,27,1992,27,15,1428,15.9,2,3,5,2,0,0,3,0,1.9,1.9,2.0,4.0,37,44,75,0.13,0.19,0.32,0.13,0.32,0.12,0.13,0.25,0.12,0.25,Matches,2020-2021
431,Kasper Schmeichel,dk DEN,GK,Leicester City,33,1986,38,38,3420,38.0,0,0,0,0,0,0,0,0,0.0,0.0,0.0,0.0,0,0,0,0.00,0.00,0.00,0.00,0.00,0.00,0.00,0.00,0.00,0.00,Matches,2020-2021
432,Nélson Semedo,pt POR,"DF,MF",Wolves,26,1993,34,34,2983,33.1,1,1,2,1,0,0,5,0,1.3,1.3,1.3,2.6,111,138,155,0.03,0.03,0.06,0.03,0.06,0.04,0.04,0.08,0.04,0.08,Matches,2020-2021
433,Femi Seriki,eng ENG,MF,Sheffield Utd,18,2002,1,0,1,0.0,0,0,0,0,0,0,0,0,0.0,0.0,0.0,0.0,0,0,0,0.00,0.00,0.00,0.00,0.00,0.00,0.00,0.00,0.00,0.00,Matches,2020-2021
434,Jamie Shackleton,eng ENG,"MF,DF",Leeds United,20,1999,13,3,461,5.1,0,0,0,0,0,0,0,0,0.0,0.0,0.1,0.1,7,11,21,0.00,0.00,0.00,0.00,0.00,0.00,0.03,0.03,0.00,0.03,Matches,2020-2021
435,Xherdan Shaqiri,ch SUI,"MF,FW",Liverpool,28,1991,14,5,556,6.2,0,2,2,0,0,0,2,0,0.5,0.5,2.5,3.0,5,54,32,0.00,0.32,0.32,0.00,0.32,0.08,0.41,0.48,0.08,0.48,Matches,2020-2021
436,Billy Sharp,eng ENG,FW,Sheffield Utd,34,1986,16,7,735,8.2,3,0,3,1,2,2,1,0,3.0,1.5,0.5,2.0,9,11,65,0.37,0.00,0.37,0.12,0.12,0.37,0.07,0.44,0.18,0.24,Matches,2020-2021
437,Luke Shaw,eng ENG,DF,Manchester Utd,25,1995,32,30,2654,29.5,1,5,6,1,0,0,8,0,0.6,0.6,6.4,7.0,110,147,209,0.03,0.17,0.20,0.03,0.20,0.02,0.22,0.24,0.02,0.24,Matches,2020-2021
438,Jonjo Shelvey,eng ENG,MF,Newcastle Utd,28,1992,30,29,2617,29.1,1,3,4,1,0,0,7,0,2.5,2.5,3.0,5.5,20,132,24,0.03,0.10,0.14,0.03,0.14,0.09,0.10,0.19,0.09,0.19,Matches,2020-2021
439,Shola Shoretire,eng ENG,FW,Manchester Utd,16,2004,2,0,11,0.1,0,0,0,0,0,0,0,0,0.0,0.0,0.0,0.0,0,0,2,0.00,0.00,0.00,0.00,0.00,0.00,0.00,0.00,0.00,0.00,Matches,2020-2021
440,Gylfi Sigurðsson,is ISL,"MF,FW",Everton,30,1989,36,24,2253,25.0,6,5,11,3,3,4,2,0,6.5,3.4,3.8,7.2,24,81,78,0.24,0.20,0.44,0.12,0.32,0.26,0.15,0.41,0.13,0.29,Matches,2020-2021
441,Bernardo Silva,pt POR,"MF,FW",Manchester City,25,1994,26,24,2065,22.9,2,6,8,2,0,0,5,0,2.8,2.8,3.8,6.5,123,116,173,0.09,0.26,0.35,0.09,0.35,0.12,0.16,0.29,0.12,0.29,Matches,2020-2021
442,Fábio Silva,pt POR,FW,Wolves,18,2002,32,11,1369,15.2,4,3,7,3,1,1,2,0,5.3,4.5,1.0,5.5,14,17,74,0.26,0.20,0.46,0.20,0.39,0.35,0.07,0.41,0.29,0.36,Matches,2020-2021
443,Thiago Silva,br BRA,DF,Chelsea,35,1984,23,23,1935,21.5,2,0,2,2,0,0,5,1,1.7,1.7,0.3,2.0,6,82,1,0.09,0.00,0.09,0.09,0.09,0.08,0.01,0.09,0.08,0.09,Matches,2020-2021
444,Moussa Sissoko,fr FRA,MF,Tottenham,30,1989,25,15,1585,17.6,0,0,0,0,0,0,3,0,0.2,0.2,0.1,0.4,32,57,34,0.00,0.00,0.00,0.00,0.00,0.01,0.01,0.02,0.01,0.02,Matches,2020-2021
445,Islam Slimani,dz ALG,FW,Leicester City,32,1988,1,0,20,0.2,0,0,0,0,0,0,0,0,0.1,0.1,0.1,0.1,0,1,4,0.00,0.00,0.00,0.00,0.00,0.28,0.23,0.50,0.28,0.50,Matches,2020-2021
446,William Smallbone,ie IRL,MF,Southampton,20,2000,3,2,172,1.9,0,0,0,0,0,0,0,0,0.1,0.1,0.0,0.1,5,7,10,0.00,0.00,0.00,0.00,0.00,0.03,0.00,0.03,0.03,0.03,Matches,2020-2021
447,Emile Smith Rowe,eng ENG,"MF,FW",Arsenal,20,2000,20,18,1440,16.0,2,4,6,2,0,0,0,0,1.8,1.8,3.4,5.1,51,68,113,0.12,0.25,0.37,0.12,0.37,0.11,0.21,0.32,0.11,0.32,Matches,2020-2021
448,Robert Snodgrass,sct SCO,"MF,FW",West Brom,32,1987,8,6,526,5.8,0,0,0,0,0,0,2,0,0.2,0.2,0.4,0.7,6,14,25,0.00,0.00,0.00,0.00,0.00,0.04,0.07,0.12,0.04,0.12,Matches,2020-2021
449,Robert Snodgrass,sct SCO,"FW,MF",West Ham,32,1987,3,0,5,0.1,0,0,0,0,0,0,0,0,0.0,0.0,0.0,0.0,0,1,2,0.00,0.00,0.00,0.00,0.00,0.00,0.00,0.00,0.00,0.00,Matches,2020-2021
450,Cédric Soares,pt POR,DF,Arsenal,28,1991,10,8,746,8.3,0,1,1,0,0,0,1,0,0.3,0.3,0.9,1.2,21,46,40,0.00,0.12,0.12,0.00,0.12,0.03,0.11,0.15,0.03,0.15,Matches,2020-2021
451,Tomáš Souček,cz CZE,MF,West Ham,25,1995,38,38,3419,38.0,10,1,11,10,0,0,7,1,8.4,8.4,2.0,10.4,27,165,47,0.26,0.03,0.29,0.26,0.29,0.22,0.05,0.27,0.22,0.27,Matches,2020-2021
452,Çağlar Söyüncü,tr TUR,DF,Leicester City,24,1996,23,19,1819,20.2,1,0,1,1,0,0,2,0,0.7,0.7,0.5,1.2,27,90,2,0.05,0.00,0.05,0.05,0.05,0.03,0.02,0.06,0.03,0.06,Matches,2020-2021
453,Zack Steffen,us USA,GK,Manchester City,25,1995,1,1,90,1.0,0,0,0,0,0,0,0,0,0.0,0.0,0.0,0.0,0,0,0,0.00,0.00,0.00,0.00,0.00,0.00,0.00,0.00,0.00,0.00,Matches,2020-2021
454,Dale Stephens,eng ENG,MF,Burnley,31,1989,7,3,261,2.9,0,0,0,0,0,0,1,0,0.2,0.2,0.0,0.2,2,11,1,0.00,0.00,0.00,0.00,0.00,0.06,0.00,0.06,0.06,0.06,Matches,2020-2021
455,Jack Stephens,eng ENG,DF,Southampton,26,1994,18,17,1537,17.1,0,0,0,0,0,0,2,0,0.8,0.8,0.3,1.1,17,65,3,0.00,0.00,0.00,0.00,0.00,0.05,0.02,0.06,0.05,0.06,Matches,2020-2021
456,Raheem Sterling,eng ENG,FW,Manchester City,25,1994,31,28,2536,28.2,10,7,17,10,0,1,4,0,11.0,10.2,5.7,15.9,129,67,351,0.35,0.25,0.60,0.35,0.60,0.39,0.20,0.59,0.36,0.57,Matches,2020-2021
457,Enda Stevens,ie IRL,DF,Sheffield Utd,30,1990,30,30,2700,30.0,0,1,1,0,0,0,6,0,1.3,1.3,1.6,2.9,44,124,99,0.00,0.03,0.03,0.00,0.03,0.04,0.05,0.10,0.04,0.10,Matches,2020-2021
458,John Stones,eng ENG,DF,Manchester City,26,1994,22,22,1933,21.5,4,0,4,4,0,0,0,1,1.8,1.8,0.1,1.8,38,101,3,0.19,0.00,0.19,0.19,0.19,0.08,0.00,0.09,0.08,0.09,Matches,2020-2021
459,Pascal Struijk,nl NED,"DF,MF",Leeds United,20,1999,27,22,2075,23.1,1,0,1,1,0,0,3,0,1.7,1.7,0.1,1.8,4,71,5,0.04,0.00,0.04,0.04,0.04,0.07,0.01,0.08,0.07,0.08,Matches,2020-2021
460,Japhet Tanganga,eng ENG,DF,Tottenham,21,1999,6,6,487,5.4,0,0,0,0,0,0,2,0,0.4,0.4,0.6,1.1,8,14,11,0.00,0.00,0.00,0.00,0.00,0.08,0.12,0.20,0.08,0.20,Matches,2020-2021
461,Matt Targett,eng ENG,DF,Aston Villa,24,1995,38,38,3404,37.8,0,2,2,0,0,0,7,0,0.3,0.3,2.5,2.8,26,231,156,0.00,0.05,0.05,0.00,0.05,0.01,0.07,0.07,0.01,0.07,Matches,2020-2021
462,James Tarkowski,eng ENG,DF,Burnley,27,1992,36,36,3240,36.0,1,0,1,1,0,0,6,0,3.4,3.4,1.2,4.5,4,83,13,0.03,0.00,0.03,0.03,0.03,0.09,0.03,0.13,0.09,0.13,Matches,2020-2021
463,Percy Tau,za RSA,FW,Brighton,26,1994,3,1,103,1.1,0,1,1,0,0,0,0,0,0.0,0.0,0.4,0.4,4,1,11,0.00,0.87,0.87,0.00,0.87,0.00,0.36,0.36,0.00,0.36,Matches,2020-2021
464,Sidnei Tavares,pt POR,MF,Leicester City,18,2001,2,1,85,0.9,0,0,0,0,0,0,0,0,0.1,0.1,0.0,0.1,1,2,6,0.00,0.00,0.00,0.00,0.00,0.06,0.00,0.06,0.06,0.06,Matches,2020-2021
465,Charlie Taylor,eng ENG,DF,Burnley,26,1993,29,28,2426,27.0,0,1,1,0,0,0,1,0,0.1,0.1,1.4,1.5,62,73,68,0.00,0.04,0.04,0.00,0.04,0.00,0.05,0.06,0.00,0.06,Matches,2020-2021
466,Neil Taylor,wls WAL,DF,Aston Villa,31,1989,1,0,16,0.2,0,0,0,0,0,0,1,0,0.0,0.0,0.0,0.0,0,1,0,0.00,0.00,0.00,0.00,0.00,0.00,0.00,0.00,0.00,0.00,Matches,2020-2021
467,Allan Tchaptchet,fr FRA,DF,Southampton,18,2001,1,0,13,0.1,0,0,0,0,0,0,0,0,0.0,0.0,0.0,0.0,0,0,0,0.00,0.00,0.00,0.00,0.00,0.00,0.00,0.00,0.00,0.00,Matches,2020-2021
468,Nathan Tella,ng NGA,"FW,MF",Southampton,21,1999,18,7,745,8.3,1,1,2,1,0,0,2,0,1.6,1.6,0.8,2.4,19,9,36,0.12,0.12,0.24,0.12,0.24,0.20,0.09,0.29,0.20,0.29,Matches,2020-2021
469,Alex Telles,br BRA,DF,Manchester Utd,27,1992,9,8,690,7.7,0,2,2,0,0,0,0,0,0.2,0.2,0.9,1.0,27,48,40,0.00,0.26,0.26,0.00,0.26,0.02,0.12,0.14,0.02,0.14,Matches,2020-2021
470,Kenny Tete,nl NED,"DF,MF",Fulham,24,1995,22,18,1481,16.5,0,1,1,0,0,0,3,0,0.3,0.3,1.4,1.7,38,71,73,0.00,0.06,0.06,0.00,0.06,0.02,0.09,0.10,0.02,0.10,Matches,2020-2021
471,Luke Thomas,eng ENG,DF,Leicester City,19,2001,14,12,969,10.8,1,0,1,1,0,0,2,0,0.3,0.3,0.7,1.0,15,27,45,0.09,0.00,0.09,0.09,0.09,0.03,0.06,0.09,0.03,0.09,Matches,2020-2021
472,Youri Tielemans,be BEL,MF,Leicester City,23,1997,38,37,3357,37.3,6,4,10,4,2,2,6,0,4.4,2.8,3.1,5.9,52,272,66,0.16,0.11,0.27,0.11,0.21,0.12,0.08,0.20,0.08,0.16,Matches,2020-2021
473,Kieran Tierney,sct SCO,DF,Arsenal,23,1997,27,26,2299,25.5,1,3,4,1,0,0,4,0,0.5,0.5,3.5,4.0,82,95,194,0.04,0.12,0.16,0.04,0.16,0.02,0.14,0.16,0.02,0.16,Matches,2020-2021
474,James Tomkins,eng ENG,DF,Crystal Palace,31,1989,8,6,553,6.1,0,0,0,0,0,0,1,0,0.2,0.2,0.3,0.5,0,5,1,0.00,0.00,0.00,0.00,0.00,0.03,0.05,0.08,0.03,0.08,Matches,2020-2021
475,Fikayo Tomori,eng ENG,DF,Chelsea,22,1997,1,0,45,0.5,0,0,0,0,0,0,0,0,0.0,0.0,0.0,0.0,0,0,0,0.00,0.00,0.00,0.00,0.00,0.00,0.00,0.00,0.00,0.00,Matches,2020-2021
476,Ferrán Torres,es ESP,"FW,MF",Manchester City,20,2000,24,15,1306,14.5,7,2,9,7,0,0,1,0,4.9,4.9,2.2,7.1,30,31,118,0.48,0.14,0.62,0.48,0.62,0.33,0.15,0.49,0.33,0.49,Matches,2020-2021
477,Cenk Tosun,tr TUR,FW,Everton,29,1991,5,0,48,0.5,0,0,0,0,0,0,1,0,0.0,0.0,0.1,0.1,0,0,4,0.00,0.00,0.00,0.00,0.00,0.00,0.12,0.12,0.00,0.12,Matches,2020-2021
478,Andros Townsend,eng ENG,"MF,FW",Crystal Palace,29,1991,34,25,2258,25.1,1,5,6,1,0,0,0,0,2.3,2.3,4.0,6.2,72,75,112,0.04,0.20,0.24,0.04,0.24,0.09,0.16,0.25,0.09,0.25,Matches,2020-2021
479,Conor Townsend,eng ENG,DF,West Brom,27,1993,25,25,2234,24.8,0,2,2,0,0,0,0,0,1.1,1.1,2.7,3.7,37,113,74,0.00,0.08,0.08,0.00,0.08,0.04,0.11,0.15,0.04,0.15,Matches,2020-2021
480,Adama Traoré,es ESP,"FW,MF",Wolves,24,1996,37,28,2649,29.4,2,2,4,2,0,0,4,0,2.0,2.0,4.8,6.9,219,70,220,0.07,0.07,0.14,0.07,0.14,0.07,0.16,0.23,0.07,0.23,Matches,2020-2021
481,Bertrand Traoré,bf BFA,FW,Aston Villa,24,1995,36,29,2317,25.7,7,6,13,7,0,0,1,0,6.6,6.6,4.3,10.9,51,77,125,0.27,0.23,0.50,0.27,0.50,0.26,0.17,0.42,0.26,0.42,Matches,2020-2021
482,Trézéguet,eg EGY,FW,Aston Villa,25,1994,21,12,1166,13.0,2,1,3,2,0,0,0,0,3.8,3.8,2.1,5.9,31,35,79,0.15,0.08,0.23,0.15,0.23,0.29,0.16,0.46,0.29,0.46,Matches,2020-2021
483,Leandro Trossard,be BEL,"MF,FW",Brighton,25,1994,35,30,2607,29.0,5,5,10,5,0,0,2,0,4.6,4.6,4.9,9.5,73,142,219,0.17,0.17,0.35,0.17,0.35,0.16,0.17,0.33,0.16,0.33,Matches,2020-2021
484,Kostas Tsimikas,gr GRE,"DF,FW",Liverpool,24,1996,2,0,7,0.1,0,0,0,0,0,0,0,0,0.0,0.0,0.0,0.0,1,0,3,0.00,0.00,0.00,0.00,0.00,0.00,0.00,0.00,0.00,0.00,Matches,2020-2021
485,Axel Tuanzebe,cd COD,DF,Manchester Utd,22,1997,9,4,404,4.5,0,0,0,0,0,0,2,0,0.0,0.0,0.0,0.0,3,13,3,0.00,0.00,0.00,0.00,0.00,0.00,0.00,0.00,0.00,0.00,Matches,2020-2021
486,Cengiz Ünder,tr TUR,"FW,MF",Leicester City,23,1997,9,1,281,3.1,0,2,2,0,0,0,0,0,0.3,0.3,1.6,1.9,12,7,39,0.00,0.64,0.64,0.00,0.64,0.09,0.51,0.59,0.09,0.59,Matches,2020-2021
487,Yan Valery,tn TUN,"DF,MF",Southampton,21,1999,3,1,103,1.1,0,0,0,0,0,0,0,0,0.2,0.2,0.1,0.2,6,3,9,0.00,0.00,0.00,0.00,0.00,0.16,0.05,0.21,0.16,0.21,Matches,2020-2021
488,Virgil van Dijk,nl NED,DF,Liverpool,29,1991,5,5,370,4.1,1,0,1,1,0,0,1,0,0.2,0.2,0.0,0.2,0,30,1,0.24,0.00,0.24,0.24,0.24,0.06,0.00,0.06,0.06,0.06,Matches,2020-2021
489,Jamie Vardy,eng ENG,FW,Leicester City,33,1987,34,31,2840,31.6,15,9,24,7,8,9,1,0,19.9,12.8,4.7,17.5,57,31,202,0.48,0.29,0.76,0.22,0.51,0.63,0.15,0.78,0.41,0.55,Matches,2020-2021
490,Joël Veltman,nl NED,DF,Brighton,28,1992,28,25,2281,25.3,1,1,2,1,0,0,3,0,1.1,1.1,1.7,2.8,39,136,99,0.04,0.04,0.08,0.04,0.08,0.04,0.07,0.11,0.04,0.11,Matches,2020-2021
491,Jannik Vestergaard,dk DEN,DF,Southampton,27,1992,30,29,2574,28.6,3,0,3,3,0,0,3,1,1.5,1.5,0.5,2.1,14,82,2,0.10,0.00,0.10,0.10,0.10,0.05,0.02,0.07,0.05,0.07,Matches,2020-2021
492,Rúben Vinagre,pt POR,"MF,DF",Wolves,21,1999,2,1,173,1.9,0,0,0,0,0,0,0,0,0.0,0.0,0.1,0.1,4,2,11,0.00,0.00,0.00,0.00,0.00,0.00,0.03,0.03,0.00,0.03,Matches,2020-2021
493,Carlos Vinícius,br BRA,FW,Tottenham,25,1995,9,3,308,3.4,1,0,1,1,0,0,2,0,1.2,1.2,0.1,1.3,1,2,12,0.29,0.00,0.29,0.29,0.29,0.36,0.02,0.39,0.36,0.39,Matches,2020-2021
494,João Virgínia,pt POR,GK,Everton,20,1999,1,0,48,0.5,0,0,0,0,0,0,0,0,0.0,0.0,0.0,0.0,0,0,0,0.00,0.00,0.00,0.00,0.00,0.00,0.00,0.00,0.00,0.00,Matches,2020-2021
495,Vitinha,pt POR,MF,Wolves,20,2000,19,5,520,5.8,0,1,1,0,0,0,0,0,0.5,0.5,0.6,1.2,11,20,18,0.00,0.17,0.17,0.00,0.17,0.09,0.11,0.20,0.09,0.20,Matches,2020-2021
496,Jake Vokins,eng ENG,DF,Southampton,20,2000,1,1,66,0.7,0,0,0,0,0,0,0,0,0.0,0.0,0.1,0.1,1,3,2,0.00,0.00,0.00,0.00,0.00,0.00,0.08,0.08,0.00,0.08,Matches,2020-2021
497,Matěj Vydra,cz CZE,FW,Burnley,28,1992,28,15,1371,15.2,3,2,5,3,0,0,0,0,5.2,5.2,1.8,7.0,19,19,112,0.20,0.13,0.33,0.20,0.33,0.34,0.12,0.46,0.34,0.46,Matches,2020-2021
498,Theo Walcott,eng ENG,"MF,FW",Southampton,31,1989,21,20,1618,18.0,3,3,6,3,0,0,0,0,2.3,2.3,1.0,3.3,37,37,105,0.17,0.17,0.33,0.17,0.33,0.13,0.06,0.18,0.13,0.18,Matches,2020-2021
499,Theo Walcott,eng ENG,FW,Everton,31,1989,1,0,13,0.1,0,0,0,0,0,0,0,0,0.0,0.0,0.0,0.0,1,0,0,0.00,0.00,0.00,0.00,0.00,0.00,0.00,0.00,0.00,0.00,Matches,2020-2021
500,Kyle Walker,eng ENG,DF,Manchester City,30,1990,24,22,1946,21.6,1,1,2,1,0,0,1,0,0.3,0.3,0.6,0.9,80,130,71,0.05,0.05,0.09,0.05,0.09,0.01,0.03,0.04,0.01,0.04,Matches,2020-2021
501,Kyle Walker-Peters,eng ENG,DF,Southampton,23,1997,30,30,2645,29.4,0,2,2,0,0,0,4,0,1.0,1.0,1.2,2.2,92,89,112,0.00,0.07,0.07,0.00,0.07,0.04,0.04,0.08,0.04,0.08,Matches,2020-2021
502,Aaron Wan-Bissaka,eng ENG,DF,Manchester Utd,22,1997,34,34,3060,34.0,2,4,6,2,0,0,3,0,0.9,0.9,2.3,3.2,89,145,176,0.06,0.12,0.18,0.06,0.18,0.03,0.07,0.09,0.03,0.09,Matches,2020-2021
503,Joel Ward,eng ENG,DF,Crystal Palace,30,1989,26,25,2256,25.1,0,1,1,0,0,0,5,0,0.1,0.1,0.6,0.6,20,83,35,0.00,0.04,0.04,0.00,0.04,0.00,0.02,0.02,0.00,0.02,Matches,2020-2021
504,James Ward-Prowse,eng ENG,MF,Southampton,25,1994,38,38,3420,38.0,8,7,15,5,3,4,5,0,5.7,2.5,3.9,6.4,34,189,51,0.21,0.18,0.39,0.13,0.32,0.15,0.10,0.25,0.07,0.17,Matches,2020-2021
505,Ollie Watkins,eng ENG,FW,Aston Villa,24,1995,37,37,3328,37.0,14,5,19,13,1,2,4,1,14.5,13.0,5.3,18.3,84,55,290,0.38,0.14,0.51,0.35,0.49,0.39,0.14,0.53,0.35,0.49,Matches,2020-2021
506,Caleb Watts,au AUS,MF,Southampton,18,2002,3,0,39,0.4,0,0,0,0,0,0,1,0,0.0,0.0,0.0,0.0,0,0,2,0.00,0.00,0.00,0.00,0.00,0.00,0.00,0.00,0.00,0.00,Matches,2020-2021
507,Adam Webster,eng ENG,DF,Brighton,25,1995,29,29,2594,28.8,1,0,1,1,0,0,4,0,2.0,2.0,0.2,2.2,42,133,4,0.03,0.00,0.03,0.03,0.03,0.07,0.01,0.08,0.07,0.08,Matches,2020-2021
508,Danny Welbeck,eng ENG,FW,Brighton,29,1990,24,17,1545,17.2,6,1,7,6,0,1,0,0,6.6,5.8,2.8,8.7,21,25,98,0.35,0.06,0.41,0.35,0.41,0.39,0.16,0.55,0.34,0.50,Matches,2020-2021
509,Timo Werner,de GER,"FW,MF",Chelsea,24,1996,35,29,2602,28.9,6,8,14,6,0,0,2,0,11.4,11.4,5.6,17.0,103,69,238,0.21,0.28,0.48,0.21,0.48,0.39,0.19,0.59,0.39,0.59,Matches,2020-2021
510,Ashley Westwood,eng ENG,MF,Burnley,30,1990,38,38,3410,37.9,3,3,6,3,0,0,7,0,1.2,1.2,6.8,8.0,21,231,39,0.08,0.08,0.16,0.08,0.16,0.03,0.18,0.21,0.03,0.21,Matches,2020-2021
511,Ben White,eng ENG,"DF,MF",Brighton,22,1997,36,36,3191,35.5,0,0,0,0,0,0,5,1,0.5,0.5,0.9,1.4,50,149,38,0.00,0.00,0.00,0.00,0.00,0.01,0.03,0.04,0.01,0.04,Matches,2020-2021
512,Georginio Wijnaldum,nl NED,MF,Liverpool,29,1990,38,34,2941,32.7,2,0,2,2,0,0,1,0,2.6,2.6,1.4,3.9,62,133,59,0.06,0.00,0.06,0.06,0.06,0.08,0.04,0.12,0.08,0.12,Matches,2020-2021
513,Brandon Williams,eng ENG,DF,Manchester Utd,19,2000,4,2,188,2.1,0,0,0,0,0,0,0,0,0.2,0.2,0.0,0.3,5,5,7,0.00,0.00,0.00,0.00,0.00,0.11,0.02,0.13,0.11,0.13,Matches,2020-2021
514,Neco Williams,wls WAL,DF,Liverpool,19,2001,6,3,249,2.8,0,0,0,0,0,0,1,0,0.1,0.1,0.2,0.3,10,14,29,0.00,0.00,0.00,0.00,0.00,0.03,0.06,0.09,0.03,0.09,Matches,2020-2021
515,Rhys Williams,eng ENG,DF,Liverpool,19,2001,9,7,661,7.3,0,0,0,0,0,0,0,0,0.5,0.5,0.2,0.7,2,23,1,0.00,0.00,0.00,0.00,0.00,0.07,0.02,0.09,0.07,0.09,Matches,2020-2021
516,Willian,br BRA,FW,Arsenal,31,1988,25,16,1406,15.6,1,5,6,1,0,0,0,0,1.9,1.9,3.0,5.0,51,78,119,0.06,0.32,0.38,0.06,0.38,0.12,0.19,0.32,0.12,0.32,Matches,2020-2021
517,Joe Willock,eng ENG,MF,Arsenal,20,1999,7,2,238,2.6,0,0,0,0,0,0,1,0,0.3,0.3,0.1,0.3,8,11,13,0.00,0.00,0.00,0.00,0.00,0.10,0.02,0.12,0.10,0.12,Matches,2020-2021
518,Joe Willock,eng ENG,MF,Newcastle Utd,20,1999,14,11,978,10.9,8,0,8,8,0,1,0,0,3.9,3.0,0.5,3.5,23,29,34,0.74,0.00,0.74,0.74,0.74,0.36,0.05,0.41,0.28,0.33,Matches,2020-2021
519,Callum Wilson,eng ENG,FW,Newcastle Utd,28,1992,26,23,2084,23.2,12,5,17,8,4,4,2,0,12.4,9.3,2.8,12.1,42,32,116,0.52,0.22,0.73,0.35,0.56,0.54,0.12,0.66,0.40,0.52,Matches,2020-2021
520,Harry Winks,eng ENG,MF,Tottenham,24,1996,15,9,861,9.6,0,0,0,0,0,0,5,0,0.1,0.1,0.2,0.2,9,62,1,0.00,0.00,0.00,0.00,0.00,0.01,0.02,0.02,0.01,0.02,Matches,2020-2021
521,Chris Wood,nz NZL,FW,Burnley,28,1991,33,32,2741,30.5,12,3,15,10,2,2,0,0,13.0,11.4,1.9,13.4,17,20,217,0.39,0.10,0.49,0.33,0.43,0.43,0.06,0.49,0.38,0.44,Matches,2020-2021
522,Granit Xhaka,ch SUI,"MF,DF",Arsenal,27,1992,31,29,2522,28.0,1,2,3,1,0,0,7,1,0.9,0.9,1.5,2.3,41,276,31,0.04,0.07,0.11,0.04,0.11,0.03,0.05,0.08,0.03,0.08,Matches,2020-2021
523,Andriy Yarmolenko,ua UKR,"FW,MF",West Ham,30,1989,15,1,375,4.2,0,1,1,0,0,0,3,0,0.3,0.3,0.8,1.1,22,17,38,0.00,0.24,0.24,0.00,0.24,0.06,0.19,0.25,0.06,0.25,Matches,2020-2021
524,DeAndre Yedlin,us USA,DF,Newcastle Utd,27,1993,6,5,436,4.8,0,0,0,0,0,0,0,0,0.1,0.1,0.1,0.2,6,12,15,0.00,0.00,0.00,0.00,0.00,0.02,0.02,0.04,0.02,0.04,Matches,2020-2021
525,Okay Yokuşlu,tr TUR,MF,West Brom,26,1994,16,15,1317,14.6,0,1,1,0,0,0,4,0,0.9,0.9,0.7,1.5,5,54,5,0.00,0.07,0.07,0.00,0.07,0.06,0.05,0.10,0.06,0.10,Matches,2020-2021
526,Wilfried Zaha,ci CIV,FW,Crystal Palace,27,1992,30,29,2612,29.0,11,2,13,9,2,2,6,0,8.1,6.5,3.1,9.6,103,72,259,0.38,0.07,0.45,0.31,0.38,0.28,0.11,0.39,0.22,0.33,Matches,2020-2021
527,Andre-Frank Zambo Anguissa,cm CMR,MF,Fulham,24,1995,36,29,2587,28.7,0,3,3,0,0,0,6,0,1.6,1.6,2.5,4.0,81,156,68,0.00,0.10,0.10,0.00,0.10,0.05,0.09,0.14,0.05,0.14,Matches,2020-2021
528,Andi Zeqiri,ch SUI,"FW,DF",Brighton,21,1999,9,0,171,1.9,0,0,0,0,0,0,0,0,0.7,0.7,0.1,0.8,2,2,14,0.00,0.00,0.00,0.00,0.00,0.38,0.04,0.42,0.38,0.42,Matches,2020-2021
529,Oleksandr Zinchenko,ua UKR,DF,Manchester City,23,1996,20,15,1478,16.4,0,0,0,0,0,0,0,0,0.7,0.7,0.9,1.6,38,118,65,0.00,0.00,0.00,0.00,0.00,0.04,0.06,0.10,0.04,0.10,Matches,2020-2021
530,Hakim Ziyech,ma MAR,"MF,FW",Chelsea,27,1993,23,15,1172,13.0,2,3,5,2,0,0,3,0,1.9,1.9,3.6,5.5,27,91,108,0.15,0.23,0.38,0.15,0.38,0.14,0.28,0.42,0.14,0.42,Matches,2020-2021
531,Kurt Zouma,fr FRA,DF,Chelsea,25,1994,24,22,2029,22.5,5,0,5,5,0,0,3,0,2.0,2.0,0.1,2.1,14,74,8,0.22,0.00,0.22,0.22,0.22,0.09,0.00,0.09,0.09,0.09,Matches,2020-2021
532,Martin Ødegaard,no NOR,MF,Arsenal,21,1998,14,9,866,9.6,1,2,3,1,0,0,0,0,0.7,0.7,2.0,2.7,16,65,49,0.10,0.21,0.31,0.10,0.31,0.08,0.21,0.29,0.08,0.29,Matches,2020-2021
1,Patrick van Aanholt,nl NED,DF,Crystal Palace,28,1990,29,29,2507,27.9,3,2,5,2,1,1,0,0,2.1,1.3,3.7,5.1,60,143,89,0.11,0.07,0.18,0.07,0.14,0.08,0.13,0.21,0.05,0.18,Matches,2019-2020
2,Max Aarons,eng ENG,DF,Norwich City,19,2000,36,36,3240,36.0,0,1,1,0,0,0,7,0,0.6,0.6,3.9,4.5,92,78,151,0.00,0.03,0.03,0.00,0.03,0.02,0.11,0.12,0.02,0.12,Matches,2019-2020
3,Tammy Abraham,eng ENG,FW,Chelsea,21,1997,34,25,2215,24.6,15,3,18,15,0,0,2,0,16.4,16.4,2.7,19.0,31,34,134,0.61,0.12,0.73,0.61,0.73,0.67,0.11,0.77,0.67,0.77,Matches,2019-2020
4,Che Adams,sct SCO,FW,Southampton,23,1996,30,12,1111,12.3,4,2,6,4,0,0,0,0,5.3,5.3,1.7,7.0,20,16,87,0.32,0.16,0.49,0.32,0.49,0.43,0.14,0.57,0.43,0.57,Matches,2019-2020
5,Adrián,es ESP,GK,Liverpool,32,1987,11,9,875,9.7,0,0,0,0,0,0,1,0,0.0,0.0,0.0,0.0,0,0,0,0.00,0.00,0.00,0.00,0.00,0.00,0.00,0.00,0.00,0.00,Matches,2019-2020
6,Sergio Agüero,ar ARG,FW,Manchester City,31,1988,24,18,1452,16.1,16,3,19,14,2,3,1,0,14.5,12.1,2.3,14.4,35,34,105,0.99,0.19,1.18,0.87,1.05,0.90,0.14,1.04,0.75,0.89,Matches,2019-2020
7,Albian Ajeti,ch SUI,FW,West Ham,22,1997,9,0,139,1.5,0,0,0,0,0,0,0,0,0.2,0.2,0.1,0.2,0,0,10,0.00,0.00,0.00,0.00,0.00,0.11,0.05,0.16,0.11,0.16,Matches,2019-2020
8,Nathan Aké,nl NED,DF,Bournemouth,24,1995,29,29,2503,27.8,2,2,4,2,0,0,2,0,3.0,3.0,2.2,5.1,12,81,7,0.07,0.07,0.14,0.07,0.14,0.11,0.08,0.18,0.11,0.18,Matches,2019-2020
9,Marc Albrighton,eng ENG,"MF,DF",Leicester City,29,1989,20,9,867,9.6,0,3,3,0,0,0,2,0,0.4,0.4,2.2,2.6,20,45,94,0.00,0.31,0.31,0.00,0.31,0.04,0.22,0.27,0.04,0.27,Matches,2019-2020
10,Toby Alderweireld,be BEL,DF,Tottenham,30,1989,33,33,2957,32.9,2,2,4,2,0,0,7,0,0.7,0.7,1.3,2.1,11,96,10,0.06,0.06,0.12,0.06,0.12,0.02,0.04,0.06,0.02,0.06,Matches,2019-2020
11,Trent Alexander-Arnold,eng ENG,DF,Liverpool,20,1998,38,35,3175,35.3,4,13,17,4,0,0,5,0,2.8,2.8,10.9,13.7,98,247,226,0.11,0.37,0.48,0.11,0.48,0.08,0.31,0.39,0.08,0.39,Matches,2019-2020
12,Alisson,br BRA,GK,Liverpool,26,1992,29,29,2543,28.3,0,1,1,0,0,0,0,1,0.0,0.0,0.3,0.3,0,1,0,0.00,0.04,0.04,0.00,0.04,0.00,0.01,0.01,0.00,0.01,Matches,2019-2020
13,Dele Alli,eng ENG,"MF,FW",Tottenham,23,1996,25,21,1847,20.5,8,4,12,7,1,1,2,0,8.1,7.3,3.5,10.8,56,69,152,0.39,0.19,0.58,0.34,0.54,0.40,0.17,0.56,0.36,0.53,Matches,2019-2020
14,Miguel Almirón,py PAR,"MF,FW",Newcastle Utd,25,1994,36,35,3021,33.6,4,2,6,4,0,0,5,0,6.7,6.7,3.0,9.7,120,77,160,0.12,0.06,0.18,0.12,0.18,0.20,0.09,0.29,0.20,0.29,Matches,2019-2020
15,Marcos Alonso,es ESP,DF,Chelsea,28,1990,18,15,1430,15.9,4,2,6,4,0,0,4,0,2.6,2.6,2.6,5.2,62,69,155,0.25,0.13,0.38,0.25,0.38,0.16,0.17,0.33,0.16,0.33,Matches,2019-2020
16,Steven Alzate,co COL,"MF,DF",Brighton,20,1998,19,12,1188,13.2,0,0,0,0,0,0,1,0,1.2,1.2,0.7,2.0,34,66,92,0.00,0.00,0.00,0.00,0.00,0.09,0.06,0.15,0.09,0.15,Matches,2019-2020
17,Ibrahim Amadou,fr FRA,"DF,MF",Norwich City,26,1993,11,8,759,8.4,0,0,0,0,0,0,1,0,0.8,0.8,0.0,0.8,4,13,1,0.00,0.00,0.00,0.00,0.00,0.09,0.00,0.10,0.09,0.10,Matches,2019-2020
18,Felipe Anderson,br BRA,"MF,FW",West Ham,26,1993,25,20,1497,16.6,1,4,5,1,0,0,1,0,2.5,2.5,3.1,5.6,106,100,132,0.06,0.24,0.30,0.06,0.30,0.15,0.18,0.34,0.15,0.34,Matches,2019-2020
19,Florin Andone,ro ROU,FW,Brighton,26,1993,3,1,73,0.8,1,0,1,1,0,0,0,1,0.4,0.4,0.1,0.4,2,0,4,1.23,0.00,1.23,1.23,1.23,0.45,0.06,0.51,0.45,0.51,Matches,2019-2020
20,Angeliño,es ESP,DF,Manchester City,22,1997,6,4,423,4.7,0,0,0,0,0,0,1,0,0.2,0.2,1.5,1.7,21,41,70,0.00,0.00,0.00,0.00,0.00,0.05,0.32,0.36,0.05,0.36,Matches,2019-2020
21,Faustino Anjorin,eng ENG,FW,Chelsea,17,2001,1,0,20,0.2,0,0,0,0,0,0,0,0,0.0,0.0,0.0,0.0,1,1,1,0.00,0.00,0.00,0.00,0.00,0.11,0.00,0.11,0.11,0.11,Matches,2019-2020
22,Michail Antonio,jm JAM,FW,West Ham,29,1990,24,19,1768,19.6,10,3,13,9,1,1,3,0,12.9,12.1,3.7,15.9,53,39,178,0.51,0.15,0.66,0.46,0.61,0.66,0.19,0.85,0.62,0.81,Matches,2019-2020
23,Stuart Armstrong,sct SCO,MF,Southampton,27,1992,30,19,1715,19.1,5,3,8,5,0,0,4,0,2.8,2.8,2.0,4.8,45,71,101,0.26,0.16,0.42,0.26,0.42,0.15,0.10,0.25,0.15,0.25,Matches,2019-2020
24,Kepa Arrizabalaga,es ESP,GK,Chelsea,24,1994,33,33,2970,33.0,0,0,0,0,0,0,0,0,0.0,0.0,0.0,0.0,0,0,0,0.00,0.00,0.00,0.00,0.00,0.00,0.00,0.00,0.00,0.00,Matches,2019-2020
25,Christian Atsu,gh GHA,"MF,FW",Newcastle Utd,27,1992,19,6,749,8.3,0,3,3,0,0,0,2,0,0.2,0.2,1.3,1.5,29,16,22,0.00,0.36,0.36,0.00,0.36,0.03,0.15,0.18,0.03,0.18,Matches,2019-2020
26,Pierre-Emerick Aubameyang,ga GAB,FW,Arsenal,30,1989,36,35,3136,34.8,22,3,25,20,2,2,3,1,14.7,13.2,3.3,16.5,98,81,288,0.63,0.09,0.72,0.57,0.66,0.42,0.09,0.52,0.38,0.47,Matches,2019-2020
27,Serge Aurier,ci CIV,DF,Tottenham,26,1992,33,31,2700,30.0,1,5,6,1,0,0,4,1,0.5,0.5,3.4,3.9,66,93,205,0.03,0.17,0.20,0.03,0.20,0.02,0.11,0.13,0.02,0.13,Matches,2019-2020
28,Jordan Ayew,gh GHA,FW,Crystal Palace,27,1991,37,37,3148,35.0,9,2,11,9,0,0,6,0,7.5,7.5,2.5,10.0,77,60,184,0.26,0.06,0.31,0.26,0.31,0.21,0.07,0.29,0.21,0.29,Matches,2019-2020
29,César Azpilicueta,es ESP,DF,Chelsea,29,1989,36,36,3229,35.9,2,6,8,2,0,0,1,0,2.4,2.4,6.0,8.5,59,193,226,0.06,0.17,0.22,0.06,0.22,0.07,0.17,0.24,0.07,0.24,Matches,2019-2020
30,Eric Bailly,ci CIV,DF,Manchester Utd,25,1994,4,1,150,1.7,0,0,0,0,0,0,0,0,0.0,0.0,0.0,0.0,1,4,1,0.00,0.00,0.00,0.00,0.00,0.00,0.00,0.00,0.00,0.00,Matches,2019-2020
31,Leighton Baines,eng ENG,DF,Everton,34,1984,8,4,404,4.5,0,0,0,0,0,0,0,0,0.1,0.1,0.8,0.9,12,10,18,0.00,0.00,0.00,0.00,0.00,0.01,0.18,0.20,0.01,0.20,Matches,2019-2020
32,Fabián Balbuena,py PAR,DF,West Ham,27,1991,17,13,1177,13.1,1,0,1,1,0,0,2,0,1.5,1.5,0.5,2.0,8,35,2,0.08,0.00,0.08,0.08,0.08,0.12,0.03,0.15,0.12,0.15,Matches,2019-2020
33,George Baldock,gr GRE,DF,Sheffield Utd,26,1993,38,38,3420,38.0,2,3,5,2,0,0,7,0,0.6,0.6,1.7,2.4,97,103,197,0.05,0.08,0.13,0.05,0.13,0.02,0.05,0.06,0.02,0.06,Matches,2019-2020
34,Phil Bardsley,sct SCO,DF,Burnley,34,1985,21,21,1890,21.0,0,1,1,0,0,0,6,0,0.3,0.3,1.4,1.7,23,70,27,0.00,0.05,0.05,0.00,0.05,0.02,0.07,0.08,0.02,0.08,Matches,2019-2020
35,Ross Barkley,eng ENG,MF,Chelsea,25,1993,21,13,1103,12.3,1,4,5,1,0,0,0,0,2.7,2.7,2.3,5.1,46,64,63,0.08,0.33,0.41,0.08,0.41,0.22,0.19,0.41,0.22,0.41,Matches,2019-2020
36,Ashley Barnes,eng ENG,FW,Burnley,29,1989,19,17,1352,15.0,6,0,6,5,1,1,4,0,6.2,5.4,0.3,5.7,10,18,61,0.40,0.00,0.40,0.33,0.33,0.41,0.02,0.43,0.36,0.38,Matches,2019-2020
37,Harvey Barnes,eng ENG,"MF,FW",Leicester City,21,1997,36,24,2083,23.1,6,8,14,6,0,0,0,0,8.1,8.1,4.1,12.2,95,90,221,0.26,0.35,0.60,0.26,0.60,0.35,0.18,0.53,0.35,0.53,Matches,2019-2020
38,Chris Basham,eng ENG,DF,Sheffield Utd,31,1988,38,38,3242,36.0,0,1,1,0,0,0,4,0,0.3,0.3,1.3,1.6,32,82,70,0.00,0.03,0.03,0.00,0.03,0.01,0.04,0.04,0.01,0.04,Matches,2019-2020
39,Borja Bastón,es ESP,"MF,FW",Aston Villa,26,1992,2,0,18,0.2,0,0,0,0,0,0,0,0,0.0,0.0,0.0,0.0,0,1,0,0.00,0.00,0.00,0.00,0.00,0.00,0.00,0.00,0.00,0.00,Matches,2019-2020
40,Michy Batshuayi,be BEL,FW,Chelsea,25,1993,16,1,239,2.7,1,1,2,1,0,0,0,0,2.4,2.4,0.2,2.6,8,1,22,0.38,0.38,0.75,0.38,0.75,0.92,0.06,0.98,0.92,0.98,Matches,2019-2020
41,Jan Bednarek,pl POL,DF,Southampton,23,1996,34,34,3057,34.0,1,1,2,1,0,0,4,0,1.1,1.1,1.1,2.2,4,90,0,0.03,0.03,0.06,0.03,0.06,0.03,0.03,0.07,0.03,0.07,Matches,2019-2020
42,Héctor Bellerín,es ESP,"DF,MF",Arsenal,24,1995,15,13,1158,12.9,1,0,1,1,0,0,2,0,0.4,0.4,0.4,0.8,34,58,70,0.08,0.00,0.08,0.08,0.08,0.03,0.03,0.06,0.03,0.06,Matches,2019-2020
43,Ryan Bennett,eng ENG,DF,Wolves,29,1990,11,7,606,6.7,0,0,0,0,0,0,2,0,0.1,0.1,0.1,0.1,3,17,0,0.00,0.00,0.00,0.00,0.00,0.01,0.01,0.02,0.01,0.02,Matches,2019-2020
44,Ryan Bennett,eng ENG,DF,Leicester City,29,1990,5,3,331,3.7,0,0,0,0,0,0,0,0,0.0,0.0,0.0,0.0,3,13,1,0.00,0.00,0.00,0.00,0.00,0.00,0.00,0.00,0.00,0.00,Matches,2019-2020
45,Nabil Bentaleb,dz ALG,MF,Newcastle Utd,24,1994,12,8,751,8.3,0,0,0,0,0,0,2,0,0.1,0.1,0.2,0.3,2,19,1,0.00,0.00,0.00,0.00,0.00,0.01,0.03,0.04,0.01,0.04,Matches,2019-2020
46,Christian Benteke,be BEL,FW,Crystal Palace,28,1990,24,13,1261,14.0,2,1,3,2,0,0,4,1,5.1,5.1,2.6,7.7,22,28,79,0.14,0.07,0.21,0.14,0.21,0.36,0.19,0.55,0.36,0.55,Matches,2019-2020
47,Jóhann Berg Guðmundsson,is ISL,MF,Burnley,28,1990,12,6,621,6.9,1,1,2,1,0,0,0,0,0.6,0.6,1.0,1.6,18,6,31,0.14,0.14,0.29,0.14,0.29,0.09,0.14,0.23,0.09,0.23,Matches,2019-2020
48,Sander Berge,no NOR,MF,Sheffield Utd,21,1998,14,12,943,10.5,1,1,2,1,0,0,0,0,0.6,0.6,0.6,1.3,18,52,35,0.10,0.10,0.19,0.10,0.19,0.06,0.06,0.12,0.06,0.12,Matches,2019-2020
49,Steven Bergwijn,nl NED,"FW,MF",Tottenham,21,1997,14,8,704,7.8,3,1,4,3,0,0,2,0,1.0,1.0,0.9,1.9,24,12,50,0.38,0.13,0.51,0.38,0.51,0.13,0.11,0.25,0.13,0.25,Matches,2019-2020
50,Bernard,br BRA,"MF,FW",Everton,26,1992,27,15,1280,14.2,3,2,5,3,0,0,2,0,1.8,1.8,2.4,4.1,40,76,106,0.21,0.14,0.35,0.21,0.35,0.13,0.17,0.29,0.13,0.29,Matches,2019-2020
51,Bernardo,br BRA,"DF,MF",Brighton,24,1995,14,7,679,7.5,0,0,0,0,0,0,1,0,0.5,0.5,1.1,1.6,22,56,41,0.00,0.00,0.00,0.00,0.00,0.06,0.15,0.21,0.06,0.21,Matches,2019-2020
52,Ryan Bertrand,eng ENG,DF,Southampton,29,1989,32,31,2742,30.5,1,1,2,1,0,0,3,1,1.7,1.7,3.3,5.1,78,130,134,0.03,0.03,0.07,0.03,0.07,0.06,0.11,0.17,0.06,0.17,Matches,2019-2020
53,Muhamed Bešić,ba BIH,MF,Sheffield Utd,26,1992,9,2,250,2.8,0,0,0,0,0,0,2,0,0.2,0.2,0.1,0.2,3,11,0,0.00,0.00,0.00,0.00,0.00,0.06,0.03,0.08,0.06,0.08,Matches,2019-2020
54,Philip Billing,dk DEN,MF,Bournemouth,23,1996,34,29,2530,28.1,1,1,2,1,0,0,8,0,2.0,2.0,1.7,3.6,29,100,59,0.04,0.04,0.07,0.04,0.07,0.07,0.06,0.13,0.07,0.13,Matches,2019-2020
55,Yves Bissouma,ml MLI,MF,Brighton,22,1996,22,15,1259,14.0,1,0,1,1,0,0,4,0,0.4,0.4,0.2,0.6,25,63,16,0.07,0.00,0.07,0.07,0.07,0.03,0.01,0.04,0.03,0.04,Matches,2019-2020
56,Willy Boly,ci CIV,DF,Wolves,28,1991,22,22,1979,22.0,0,1,1,0,0,0,3,1,0.4,0.4,1.1,1.5,4,48,5,0.00,0.05,0.05,0.00,0.05,0.02,0.05,0.07,0.02,0.07,Matches,2019-2020
57,Gaëtan Bong,cm CMR,"DF,MF",Brighton,31,1988,4,0,59,0.7,0,0,0,0,0,0,0,0,0.0,0.0,0.2,0.2,4,5,8,0.00,0.00,0.00,0.00,0.00,0.00,0.34,0.34,0.00,0.34,Matches,2019-2020
58,Sofiane Boufal,ma MAR,"MF,FW",Southampton,25,1993,20,8,764,8.5,0,2,2,0,0,0,2,0,1.0,1.0,2.9,3.9,48,41,67,0.00,0.24,0.24,0.00,0.24,0.12,0.34,0.46,0.12,0.46,Matches,2019-2020
59,Jarrod Bowen,eng ENG,"FW,MF",West Ham,22,1996,13,11,917,10.2,1,4,5,1,0,0,0,0,2.3,2.3,2.7,5.0,33,19,80,0.10,0.39,0.49,0.10,0.49,0.22,0.27,0.49,0.22,0.49,Matches,2019-2020
60,Robbie Brady,ie IRL,MF,Burnley,27,1992,17,5,454,5.0,1,2,3,1,0,0,1,0,1.1,1.1,0.4,1.5,5,20,23,0.20,0.40,0.59,0.20,0.59,0.22,0.07,0.29,0.22,0.29,Matches,2019-2020
61,Jarrad Branthwaite,eng ENG,DF,Everton,17,2002,4,2,300,3.3,0,0,0,0,0,0,0,0,0.0,0.0,0.0,0.0,0,4,0,0.00,0.00,0.00,0.00,0.00,0.00,0.00,0.00,0.00,0.00,Matches,2019-2020
62,Claudio Bravo,cl CHI,GK,Manchester City,36,1983,4,3,347,3.9,0,0,0,0,0,0,0,0,0.0,0.0,0.0,0.0,0,0,0,0.00,0.00,0.00,0.00,0.00,0.00,0.00,0.00,0.00,0.00,Matches,2019-2020
63,Armando Broja,al ALB,FW,Chelsea,17,2001,1,0,5,0.1,0,0,0,0,0,0,0,0,0.0,0.0,0.0,0.0,0,0,2,0.00,0.00,0.00,0.00,0.00,0.00,0.00,0.00,0.00,0.00,Matches,2019-2020
64,David Brooks,wls WAL,"MF,FW",Bournemouth,22,1997,9,8,506,5.6,1,0,1,1,0,0,1,0,0.5,0.5,0.3,0.8,4,17,24,0.18,0.00,0.18,0.18,0.18,0.08,0.05,0.14,0.08,0.14,Matches,2019-2020
65,Josh Brownhill,eng ENG,MF,Burnley,23,1995,10,9,805,8.9,0,0,0,0,0,0,2,0,0.5,0.5,0.1,0.7,2,20,15,0.00,0.00,0.00,0.00,0.00,0.06,0.02,0.08,0.06,0.08,Matches,2019-2020
66,Emi Buendía,ar ARG,"FW,MF",Norwich City,22,1996,36,28,2464,27.4,1,7,8,1,0,0,6,1,2.2,2.2,6.8,9.0,68,194,106,0.04,0.26,0.29,0.04,0.29,0.08,0.25,0.33,0.08,0.33,Matches,2019-2020
67,Dan Burn,eng ENG,DF,Brighton,27,1992,34,33,2880,32.0,0,0,0,0,0,0,5,0,1.2,1.2,1.3,2.5,52,135,93,0.00,0.00,0.00,0.00,0.00,0.04,0.04,0.08,0.04,0.08,Matches,2019-2020
68,Sam Byram,eng ENG,DF,Norwich City,25,1993,17,15,1293,14.4,0,0,0,0,0,0,4,0,1.4,1.4,0.4,1.7,21,41,58,0.00,0.00,0.00,0.00,0.00,0.10,0.03,0.12,0.10,0.12,Matches,2019-2020
69,Willy Caballero,ar ARG,GK,Chelsea,37,1981,5,5,450,5.0,0,0,0,0,0,0,0,0,0.0,0.0,0.0,0.0,0,0,0,0.00,0.00,0.00,0.00,0.00,0.00,0.00,0.00,0.00,0.00,Matches,2019-2020
70,Gary Cahill,eng ENG,DF,Crystal Palace,33,1985,25,25,2167,24.1,0,1,1,0,0,0,1,0,1.6,1.6,0.2,1.8,5,48,2,0.00,0.04,0.04,0.00,0.04,0.06,0.01,0.07,0.06,0.07,Matches,2019-2020
71,Dominic Calvert-Lewin,eng ENG,FW,Everton,22,1997,36,30,2626,29.2,13,1,14,13,0,0,9,0,15.3,15.3,1.5,16.8,40,50,156,0.45,0.03,0.48,0.45,0.48,0.52,0.05,0.57,0.52,0.57,Matches,2019-2020
72,Víctor Camarasa,es ESP,FW,Crystal Palace,25,1994,1,0,6,0.1,0,0,0,0,0,0,0,0,0.0,0.0,0.0,0.0,0,0,0,0.00,0.00,0.00,0.00,0.00,0.00,0.00,0.00,0.00,0.00,Matches,2019-2020
73,João Cancelo,pt POR,DF,Manchester City,25,1994,17,13,1208,13.4,0,0,0,0,0,0,4,0,0.6,0.6,2.8,3.3,42,105,80,0.00,0.00,0.00,0.00,0.00,0.04,0.21,0.25,0.04,0.25,Matches,2019-2020
74,Todd Cantwell,eng ENG,"FW,MF",Norwich City,21,1998,37,30,2489,27.7,6,2,8,6,0,0,6,0,5.4,5.4,1.9,7.3,75,99,138,0.22,0.07,0.29,0.22,0.29,0.19,0.07,0.26,0.19,0.26,Matches,2019-2020
75,Étienne Capoue,fr FRA,MF,Watford,31,1988,30,30,2627,29.2,0,3,3,0,0,0,8,0,0.8,0.8,3.3,4.1,16,132,23,0.00,0.10,0.10,0.00,0.10,0.03,0.11,0.14,0.03,0.14,Matches,2019-2020
76,Andy Carroll,eng ENG,FW,Newcastle Utd,30,1989,19,4,632,7.0,0,4,4,0,0,0,1,0,1.2,1.2,1.4,2.6,4,17,34,0.00,0.57,0.57,0.00,0.57,0.17,0.20,0.37,0.17,0.37,Matches,2019-2020
77,Jonny Castro,es ESP,"MF,DF",Wolves,25,1994,35,33,2887,32.1,2,2,4,2,0,0,4,0,1.6,1.6,1.3,2.8,100,97,180,0.06,0.06,0.12,0.06,0.12,0.05,0.04,0.09,0.05,0.09,Matches,2019-2020
78,Craig Cathcart,nir NIR,DF,Watford,30,1989,29,28,2488,27.6,0,0,0,0,0,0,7,0,0.2,0.2,0.1,0.3,2,61,3,0.00,0.00,0.00,0.00,0.00,0.01,0.00,0.01,0.01,0.01,Matches,2019-2020
79,Dani Ceballos,es ESP,MF,Arsenal,22,1996,24,18,1692,18.8,0,2,2,0,0,0,1,0,0.6,0.6,1.8,2.3,60,174,38,0.00,0.11,0.11,0.00,0.11,0.03,0.09,0.12,0.03,0.12,Matches,2019-2020
80,Nathaniel Chalobah,eng ENG,MF,Watford,24,1994,22,10,930,10.3,0,1,1,0,0,0,1,0,0.5,0.5,1.3,1.7,4,35,22,0.00,0.10,0.10,0.00,0.10,0.04,0.12,0.17,0.04,0.17,Matches,2019-2020
81,Calum Chambers,eng ENG,DF,Arsenal,24,1995,14,13,1102,12.2,1,1,2,1,0,0,5,0,0.8,0.8,1.6,2.4,16,45,67,0.08,0.08,0.16,0.08,0.16,0.06,0.13,0.20,0.06,0.20,Matches,2019-2020
82,Ben Chilwell,eng ENG,DF,Leicester City,22,1996,27,27,2373,26.4,3,3,6,3,0,0,3,0,1.0,1.0,3.9,4.9,109,126,180,0.11,0.11,0.23,0.11,0.23,0.04,0.15,0.19,0.04,0.19,Matches,2019-2020
83,Tahith Chong,nl NED,"FW,DF",Manchester Utd,19,1999,3,0,37,0.4,0,0,0,0,0,0,0,0,0.1,0.1,0.0,0.1,2,0,5,0.00,0.00,0.00,0.00,0.00,0.13,0.00,0.13,0.13,0.13,Matches,2019-2020
84,Hamza Choudhury,bd BAN,MF,Leicester City,21,1997,20,10,893,9.9,1,1,2,1,0,0,4,1,0.4,0.4,0.1,0.5,5,32,10,0.10,0.10,0.20,0.10,0.20,0.04,0.01,0.05,0.04,0.05,Matches,2019-2020
85,Andreas Christensen,dk DEN,DF,Chelsea,23,1996,21,21,1751,19.5,0,0,0,0,0,0,5,0,0.5,0.5,0.9,1.4,17,75,1,0.00,0.00,0.00,0.00,0.00,0.03,0.05,0.07,0.03,0.07,Matches,2019-2020
86,Ciaran Clark,ie IRL,DF,Newcastle Utd,29,1989,14,14,1186,13.2,2,0,2,2,0,0,3,0,1.3,1.3,0.0,1.3,2,16,2,0.15,0.00,0.15,0.15,0.15,0.10,0.00,0.10,0.10,0.10,Matches,2019-2020
87,Leon Clarke,eng ENG,"FW,MF",Sheffield Utd,34,1985,2,0,35,0.4,0,0,0,0,0,0,0,0,0.5,0.5,0.0,0.5,0,0,2,0.00,0.00,0.00,0.00,0.00,1.19,0.00,1.19,1.19,1.19,Matches,2019-2020
88,Tom Cleverley,eng ENG,MF,Watford,29,1989,18,11,971,10.8,1,0,1,1,0,0,2,0,2.1,2.1,0.7,2.8,13,49,43,0.09,0.00,0.09,0.09,0.09,0.19,0.07,0.26,0.19,0.26,Matches,2019-2020
89,Conor Coady,eng ENG,DF,Wolves,26,1993,38,38,3420,38.0,0,0,0,0,0,0,5,0,0.0,0.0,0.5,0.5,3,64,0,0.00,0.00,0.00,0.00,0.00,0.00,0.01,0.01,0.00,0.01,Matches,2019-2020
90,Séamus Coleman,ie IRL,DF,Everton,30,1988,27,21,1839,20.4,0,1,1,0,0,0,5,1,0.9,0.9,1.7,2.7,49,77,93,0.00,0.05,0.05,0.00,0.05,0.05,0.08,0.13,0.05,0.13,Matches,2019-2020
91,Aaron Connolly,ie IRL,FW,Brighton,19,2000,24,14,1258,14.0,3,1,4,3,0,0,0,0,4.0,4.0,0.5,4.5,21,10,86,0.21,0.07,0.29,0.21,0.29,0.28,0.04,0.32,0.28,0.32,Matches,2019-2020
92,Lewis Cook,eng ENG,"MF,FW",Bournemouth,22,1997,27,14,1352,15.0,0,0,0,0,0,0,5,0,0.3,0.3,0.5,0.8,18,80,31,0.00,0.00,0.00,0.00,0.00,0.02,0.03,0.05,0.02,0.05,Matches,2019-2020
93,Steve Cook,eng ENG,DF,Bournemouth,28,1991,29,28,2428,27.0,1,0,1,1,0,0,6,1,0.7,0.7,0.5,1.2,7,73,5,0.04,0.00,0.04,0.04,0.04,0.03,0.02,0.04,0.03,0.04,Matches,2019-2020
94,Jack Cork,eng ENG,MF,Burnley,30,1989,30,30,2613,29.0,0,0,0,0,0,0,1,0,2.0,2.0,1.1,3.1,13,67,31,0.00,0.00,0.00,0.00,0.00,0.07,0.04,0.11,0.07,0.11,Matches,2019-2020
95,Aaron Cresswell,eng ENG,DF,West Ham,29,1989,31,31,2727,30.3,3,0,3,3,0,0,7,0,1.4,1.4,3.2,4.5,43,166,97,0.10,0.00,0.10,0.10,0.10,0.05,0.11,0.15,0.05,0.15,Matches,2019-2020
96,Patrick Cutrone,it ITA,FW,Wolves,21,1998,12,3,297,3.3,2,0,2,2,0,0,0,0,2.2,2.2,0.3,2.5,5,1,20,0.61,0.00,0.61,0.61,0.61,0.68,0.08,0.76,0.68,0.76,Matches,2019-2020
97,Diogo Dalot,pt POR,"DF,MF",Manchester Utd,20,1999,4,1,67,0.7,0,0,0,0,0,0,0,0,0.3,0.3,0.0,0.3,2,3,7,0.00,0.00,0.00,0.00,0.00,0.39,0.00,0.39,0.39,0.39,Matches,2019-2020
98,Charlie Daniels,eng ENG,DF,Bournemouth,32,1986,2,2,126,1.4,0,0,0,0,0,0,0,0,0.0,0.0,0.1,0.1,1,2,3,0.00,0.00,0.00,0.00,0.00,0.00,0.06,0.06,0.00,0.06,Matches,2019-2020
99,Arnaut Danjuma,nl NED,MF,Bournemouth,22,1997,14,6,630,7.0,0,0,0,0,0,0,0,0,1.2,1.2,0.2,1.4,31,21,60,0.00,0.00,0.00,0.00,0.00,0.17,0.03,0.20,0.17,0.20,Matches,2019-2020
100,Scott Dann,eng ENG,DF,Crystal Palace,32,1987,16,14,1266,14.1,0,1,1,0,0,0,0,0,0.8,0.8,0.4,1.2,1,28,2,0.00,0.07,0.07,0.00,0.07,0.06,0.03,0.09,0.06,0.09,Matches,2019-2020
101,Kevin Danso,at AUT,DF,Southampton,20,1998,6,3,277,3.1,0,1,1,0,0,0,2,1,0.1,0.1,0.2,0.3,6,12,4,0.00,0.32,0.32,0.00,0.32,0.02,0.08,0.10,0.02,0.10,Matches,2019-2020
102,Ben Davies,wls WAL,DF,Tottenham,26,1993,18,16,1431,15.9,0,0,0,0,0,0,6,0,0.2,0.2,0.9,1.1,32,53,54,0.00,0.00,0.00,0.00,0.00,0.01,0.05,0.07,0.01,0.07,Matches,2019-2020
103,Tom Davies,eng ENG,MF,Everton,21,1998,30,23,2027,22.5,1,0,1,1,0,0,8,0,1.6,1.6,0.5,2.1,24,113,32,0.04,0.00,0.04,0.04,0.04,0.07,0.02,0.09,0.07,0.09,Matches,2019-2020
104,Keinan Davis,eng ENG,FW,Aston Villa,21,1998,18,4,548,6.1,0,0,0,0,0,0,0,0,2.7,2.7,0.2,2.9,19,9,50,0.00,0.00,0.00,0.00,0.00,0.44,0.03,0.47,0.44,0.47,Matches,2019-2020
105,Craig Dawson,eng ENG,DF,Watford,29,1990,29,26,2361,26.2,2,0,2,2,0,0,6,0,3.0,3.0,0.5,3.5,4,63,7,0.08,0.00,0.08,0.08,0.08,0.11,0.02,0.13,0.11,0.13,Matches,2019-2020
106,Kevin De Bruyne,be BEL,MF,Manchester City,28,1991,35,32,2791,31.0,13,20,33,11,2,2,3,0,7.3,5.8,20.0,25.8,139,280,257,0.42,0.64,1.06,0.35,1.00,0.24,0.65,0.88,0.19,0.83,Matches,2019-2020
107,Troy Deeney,eng ENG,FW,Watford,31,1988,27,26,2225,24.7,10,2,12,5,5,6,3,0,10.5,5.8,3.5,9.3,12,81,104,0.40,0.08,0.49,0.20,0.28,0.42,0.14,0.57,0.23,0.38,Matches,2019-2020
108,Fabian Delph,eng ENG,MF,Everton,29,1989,16,13,1190,13.2,0,0,0,0,0,0,5,1,0.1,0.1,0.4,0.5,19,94,9,0.00,0.00,0.00,0.00,0.00,0.01,0.03,0.04,0.01,0.04,Matches,2019-2020
109,Leander Dendoncker,be BEL,"MF,DF",Wolves,24,1995,38,32,2795,31.1,4,0,4,4,0,0,5,0,1.8,1.8,0.7,2.5,17,68,39,0.13,0.00,0.13,0.13,0.13,0.06,0.02,0.08,0.06,0.08,Matches,2019-2020
110,Gerard Deulofeu,es ESP,FW,Watford,25,1994,28,25,2098,23.3,4,5,9,3,1,1,3,0,6.3,5.5,4.1,9.6,123,63,170,0.17,0.21,0.39,0.13,0.34,0.27,0.17,0.45,0.24,0.41,Matches,2019-2020
111,Eric Dier,eng ENG,"DF,MF",Tottenham,25,1994,19,15,1344,14.9,0,2,2,0,0,0,5,0,0.9,0.9,0.4,1.3,4,37,4,0.00,0.13,0.13,0.00,0.13,0.06,0.03,0.08,0.06,0.08,Matches,2019-2020
112,Lucas Digne,fr FRA,DF,Everton,26,1993,35,35,3030,33.7,0,7,7,0,0,0,6,0,1.5,1.5,6.3,7.7,69,134,251,0.00,0.21,0.21,0.00,0.21,0.04,0.19,0.23,0.04,0.23,Matches,2019-2020
113,Issa Diop,fr FRA,DF,West Ham,22,1997,32,31,2766,30.7,3,1,4,3,0,0,8,0,1.5,1.5,1.2,2.6,7,44,2,0.10,0.03,0.13,0.10,0.13,0.05,0.04,0.09,0.05,0.09,Matches,2019-2020
114,Moussa Djenepo,ml MLI,"MF,DF",Southampton,21,1998,18,10,928,10.3,2,2,4,2,0,0,4,1,2.4,2.4,1.9,4.3,39,27,72,0.19,0.19,0.39,0.19,0.39,0.23,0.19,0.41,0.23,0.41,Matches,2019-2020
115,Matt Doherty,ie IRL,"MF,DF",Wolves,27,1992,36,32,2839,31.5,4,3,7,4,0,0,1,0,6.9,6.9,2.2,9.1,75,158,155,0.13,0.10,0.22,0.13,0.22,0.22,0.07,0.29,0.22,0.29,Matches,2019-2020
116,Abdoulaye Doucouré,ml MLI,MF,Watford,26,1993,37,36,3156,35.1,4,2,6,4,0,0,9,0,5.2,5.2,3.9,9.0,69,161,96,0.11,0.06,0.17,0.11,0.17,0.15,0.11,0.26,0.15,0.26,Matches,2019-2020
117,Tommy Doyle,eng ENG,MF,Manchester City,17,2001,1,0,16,0.2,0,0,0,0,0,0,0,0,0.0,0.0,0.0,0.0,0,0,0,0.00,0.00,0.00,0.00,0.00,0.24,0.00,0.24,0.24,0.24,Matches,2019-2020
118,Danny Drinkwater,eng ENG,MF,Aston Villa,29,1990,4,4,259,2.9,0,0,0,0,0,0,1,0,0.1,0.1,0.0,0.2,2,20,4,0.00,0.00,0.00,0.00,0.00,0.04,0.01,0.05,0.04,0.05,Matches,2019-2020
119,Danny Drinkwater,eng ENG,MF,Burnley,29,1990,1,1,58,0.6,0,0,0,0,0,0,0,0,0.0,0.0,0.0,0.0,0,0,1,0.00,0.00,0.00,0.00,0.00,0.00,0.00,0.00,0.00,0.00,Matches,2019-2020
120,Josip Drmić,ch SUI,FW,Norwich City,26,1992,21,5,647,7.2,1,0,1,1,0,0,0,1,3.1,3.1,1.1,4.1,5,4,42,0.14,0.00,0.14,0.14,0.14,0.43,0.15,0.58,0.43,0.58,Matches,2019-2020
121,Martin Dúbravka,sk SVK,GK,Newcastle Utd,30,1989,38,38,3420,38.0,0,0,0,0,0,0,0,0,0.0,0.0,0.0,0.0,0,0,0,0.00,0.00,0.00,0.00,0.00,0.00,0.00,0.00,0.00,0.00,Matches,2019-2020
122,Ondrej Duda,sk SVK,MF,Norwich City,24,1994,10,9,724,8.0,0,0,0,0,0,0,0,0,0.5,0.5,1.5,2.0,8,25,17,0.00,0.00,0.00,0.00,0.00,0.06,0.19,0.25,0.06,0.25,Matches,2019-2020
123,Shane Duffy,ie IRL,DF,Brighton,27,1992,19,12,1238,13.8,1,0,1,1,0,0,2,0,1.2,1.2,0.2,1.3,4,29,2,0.07,0.00,0.07,0.07,0.07,0.09,0.01,0.10,0.09,0.10,Matches,2019-2020
124,Paul Dummett,wls WAL,DF,Newcastle Utd,27,1991,16,14,1228,13.6,0,0,0,0,0,0,2,0,0.1,0.1,0.2,0.3,7,31,16,0.00,0.00,0.00,0.00,0.00,0.00,0.02,0.02,0.00,0.02,Matches,2019-2020
125,Lewis Dunk,eng ENG,DF,Brighton,27,1991,36,36,3230,35.9,3,3,6,3,0,0,9,0,4.5,4.5,1.5,6.0,18,110,5,0.08,0.08,0.17,0.08,0.17,0.13,0.04,0.17,0.13,0.17,Matches,2019-2020
126,Ederson,br BRA,GK,Manchester City,25,1993,35,35,3071,34.1,0,0,0,0,0,0,3,1,0.0,0.0,0.1,0.1,0,0,0,0.00,0.00,0.00,0.00,0.00,0.00,0.00,0.00,0.00,0.00,Matches,2019-2020
127,John Egan,ie IRL,DF,Sheffield Utd,26,1992,36,36,3187,35.4,2,0,2,2,0,0,5,1,2.7,2.7,0.4,3.2,6,66,5,0.06,0.00,0.06,0.06,0.06,0.08,0.01,0.09,0.08,0.09,Matches,2019-2020
128,Harvey Elliott,eng ENG,DF,Liverpool,16,2003,2,0,8,0.1,0,0,0,0,0,0,0,0,0.0,0.0,0.0,0.0,0,2,1,0.00,0.00,0.00,0.00,0.00,0.00,0.00,0.00,0.00,0.00,Matches,2019-2020
129,Ahmed Elmohamady,eg EGY,DF,Aston Villa,31,1987,18,11,1031,11.5,1,1,2,1,0,0,1,0,0.2,0.2,2.8,3.0,39,47,37,0.09,0.09,0.17,0.09,0.17,0.02,0.24,0.26,0.02,0.26,Matches,2019-2020
130,Björn Engels,be BEL,DF,Aston Villa,24,1994,17,15,1447,16.1,1,0,1,1,0,0,1,0,1.0,0.9,0.3,1.2,5,43,2,0.06,0.00,0.06,0.06,0.06,0.06,0.02,0.08,0.06,0.07,Matches,2019-2020
131,Christian Eriksen,dk DEN,"MF,FW",Tottenham,27,1992,20,10,1097,12.2,2,2,4,2,0,0,5,0,1.9,1.9,1.9,3.8,28,74,32,0.16,0.16,0.33,0.16,0.33,0.15,0.16,0.31,0.15,0.31,Matches,2019-2020
132,Jonny Evans,nir NIR,DF,Leicester City,31,1988,38,38,3383,37.6,1,1,2,1,0,0,8,1,3.7,3.7,0.7,4.4,31,157,4,0.03,0.03,0.05,0.03,0.05,0.10,0.02,0.12,0.10,0.12,Matches,2019-2020
133,Łukasz Fabiański,pl POL,GK,West Ham,34,1985,25,25,2117,23.5,0,0,0,0,0,0,1,0,0.0,0.0,0.0,0.0,0,0,0,0.00,0.00,0.00,0.00,0.00,0.00,0.00,0.00,0.00,0.00,Matches,2019-2020
134,Fabinho,br BRA,MF,Liverpool,25,1993,28,22,2079,23.1,2,3,5,2,0,0,6,0,0.4,0.4,1.6,2.1,19,129,23,0.09,0.13,0.22,0.09,0.22,0.02,0.07,0.09,0.02,0.09,Matches,2019-2020
135,Ralf Fährmann,de GER,GK,Norwich City,30,1988,1,1,21,0.2,0,0,0,0,0,0,0,0,0.0,0.0,0.0,0.0,0,0,0,0.00,0.00,0.00,0.00,0.00,0.00,0.00,0.00,0.00,0.00,Matches,2019-2020
136,Akin Famewo,eng ENG,MF,Norwich City,20,1998,1,0,1,0.0,0,0,0,0,0,0,0,0,0.0,0.0,0.0,0.0,0,0,0,0.00,0.00,0.00,0.00,0.00,0.00,0.00,0.00,0.00,0.00,Matches,2019-2020
137,Kiko Femenía,es ESP,DF,Watford,28,1991,28,26,2237,24.9,0,0,0,0,0,0,5,0,0.1,0.1,1.4,1.5,49,85,81,0.00,0.00,0.00,0.00,0.00,0.01,0.06,0.06,0.01,0.06,Matches,2019-2020
138,Bruno Fernandes,pt POR,MF,Manchester Utd,24,1994,14,14,1186,13.2,8,7,15,4,4,4,2,0,6.2,3.0,2.5,5.5,34,110,92,0.61,0.53,1.14,0.30,0.83,0.47,0.19,0.66,0.23,0.42,Matches,2019-2020
139,Gedson Fernandes,pt POR,"MF,DF",Tottenham,20,1999,7,0,68,0.8,0,0,0,0,0,0,0,0,0.0,0.0,0.1,0.1,9,4,15,0.00,0.00,0.00,0.00,0.00,0.03,0.13,0.16,0.03,0.16,Matches,2019-2020
140,Federico Fernández,ar ARG,DF,Newcastle Utd,30,1989,32,29,2620,29.1,2,2,4,2,0,0,8,0,1.4,1.4,1.2,2.6,4,43,13,0.07,0.07,0.14,0.07,0.14,0.05,0.04,0.09,0.05,0.09,Matches,2019-2020
141,Fernandinho,br BRA,DF,Manchester City,34,1985,30,26,2397,26.6,0,1,1,0,0,0,9,2,1.0,1.0,0.4,1.4,51,213,7,0.00,0.04,0.04,0.00,0.04,0.04,0.01,0.05,0.04,0.05,Matches,2019-2020
142,Roberto Firmino,br BRA,FW,Liverpool,27,1991,38,34,2988,33.2,9,8,17,9,0,0,0,0,14.0,14.0,6.5,20.5,90,111,218,0.27,0.24,0.51,0.27,0.51,0.42,0.20,0.62,0.42,0.62,Matches,2019-2020
143,John Fleck,sct SCO,MF,Sheffield Utd,27,1991,30,28,2516,28.0,5,2,7,5,0,0,8,0,3.1,3.1,3.4,6.5,48,139,90,0.18,0.07,0.25,0.18,0.25,0.11,0.12,0.23,0.11,0.23,Matches,2019-2020
144,Phil Foden,eng ENG,"FW,MF",Manchester City,19,2000,23,9,901,10.0,5,2,7,5,0,0,0,0,3.3,3.3,1.2,4.5,36,49,102,0.50,0.20,0.70,0.50,0.70,0.33,0.12,0.45,0.33,0.45,Matches,2019-2020
145,Pablo Fornals,es ESP,"MF,FW",West Ham,23,1996,36,24,2172,24.1,2,5,7,2,0,0,3,0,2.3,2.3,2.5,4.8,45,91,156,0.08,0.21,0.29,0.08,0.29,0.10,0.10,0.20,0.10,0.20,Matches,2019-2020
146,Ben Foster,eng ENG,GK,Watford,36,1983,38,38,3420,38.0,0,0,0,0,0,0,1,0,0.1,0.1,0.0,0.1,0,0,0,0.00,0.00,0.00,0.00,0.00,0.00,0.00,0.00,0.00,0.00,Matches,2019-2020
147,Timothy Fosu-Mensah,nl NED,DF,Manchester Utd,21,1998,3,2,136,1.5,0,0,0,0,0,0,1,0,0.1,0.1,0.1,0.2,4,4,11,0.00,0.00,0.00,0.00,0.00,0.05,0.07,0.11,0.05,0.11,Matches,2019-2020
148,Dimitri Foulquier,fr FRA,"DF,MF",Watford,26,1993,3,1,59,0.7,0,0,0,0,0,0,0,0,0.0,0.0,0.0,0.0,3,3,1,0.00,0.00,0.00,0.00,0.00,0.00,0.00,0.00,0.00,0.00,Matches,2019-2020
149,Juan Foyth,ar ARG,DF,Tottenham,21,1998,4,1,68,0.8,0,0,0,0,0,0,1,0,0.0,0.0,0.0,0.0,0,4,0,0.00,0.00,0.00,0.00,0.00,0.00,0.04,0.04,0.00,0.04,Matches,2019-2020
150,Simon Francis,eng ENG,DF,Bournemouth,34,1985,15,10,969,10.8,0,0,0,0,0,0,5,1,0.1,0.1,0.2,0.4,5,26,16,0.00,0.00,0.00,0.00,0.00,0.01,0.02,0.03,0.01,0.03,Matches,2019-2020
151,Ryan Fraser,sct SCO,"MF,FW",Bournemouth,25,1994,28,21,2067,23.0,1,4,5,1,0,0,2,0,3.7,3.7,3.9,7.6,99,100,164,0.04,0.17,0.22,0.04,0.22,0.16,0.17,0.33,0.16,0.33,Matches,2019-2020
152,Fred,br BRA,MF,Manchester Utd,26,1993,29,23,2163,24.0,0,0,0,0,0,0,8,0,1.7,1.7,2.1,3.8,28,158,39,0.00,0.00,0.00,0.00,0.00,0.07,0.09,0.16,0.07,0.16,Matches,2019-2020
153,Ryan Fredericks,eng ENG,DF,West Ham,26,1992,27,25,2237,24.9,0,3,3,0,0,0,7,0,0.1,0.1,2.6,2.7,63,72,110,0.00,0.12,0.12,0.00,0.12,0.01,0.10,0.11,0.01,0.11,Matches,2019-2020
154,Kieron Freeman,wls WAL,FW,Sheffield Utd,27,1992,2,0,7,0.1,0,0,0,0,0,0,0,0,0.0,0.0,0.0,0.0,0,0,0,0.00,0.00,0.00,0.00,0.00,0.00,0.00,0.00,0.00,0.00,Matches,2019-2020
155,Luke Freeman,eng ENG,MF,Sheffield Utd,27,1992,11,3,366,4.1,0,0,0,0,0,0,2,0,0.1,0.1,0.2,0.2,14,20,23,0.00,0.00,0.00,0.00,0.00,0.02,0.04,0.06,0.02,0.06,Matches,2019-2020
156,Christian Fuchs,at AUT,DF,Leicester City,33,1986,11,8,772,8.6,0,0,0,0,0,0,0,0,0.2,0.2,0.1,0.3,8,46,18,0.00,0.00,0.00,0.00,0.00,0.03,0.01,0.04,0.03,0.04,Matches,2019-2020
157,Eric García,es ESP,DF,Manchester City,18,2001,13,8,793,8.8,0,0,0,0,0,0,1,0,0.5,0.5,0.2,0.7,7,53,0,0.00,0.00,0.00,0.00,0.00,0.06,0.02,0.08,0.06,0.08,Matches,2019-2020
158,James Garner,eng ENG,MF,Manchester Utd,18,2001,1,0,9,0.1,0,0,0,0,0,0,0,0,0.0,0.0,0.0,0.0,0,0,0,0.00,0.00,0.00,0.00,0.00,0.00,0.00,0.00,0.00,0.00,Matches,2019-2020
159,Dwight Gayle,eng ENG,FW,Newcastle Utd,28,1990,20,10,850,9.4,4,2,6,4,0,0,2,0,4.3,4.3,0.8,5.1,7,7,43,0.42,0.21,0.64,0.42,0.64,0.46,0.09,0.54,0.46,0.54,Matches,2019-2020
160,Paulo Gazzaniga,ar ARG,GK,Tottenham,27,1992,18,17,1613,17.9,0,0,0,0,0,0,1,0,0.0,0.0,0.3,0.3,0,0,0,0.00,0.00,0.00,0.00,0.00,0.00,0.02,0.02,0.00,0.02,Matches,2019-2020
161,Jean-Philippe Gbamin,ci CIV,MF,Everton,23,1995,2,1,136,1.5,0,0,0,0,0,0,0,0,0.0,0.0,0.0,0.0,0,7,3,0.00,0.00,0.00,0.00,0.00,0.00,0.00,0.00,0.00,0.00,Matches,2019-2020
162,David de Gea,es ESP,GK,Manchester Utd,28,1990,38,38,3420,38.0,0,0,0,0,0,0,2,0,0.0,0.0,0.0,0.0,0,0,0,0.00,0.00,0.00,0.00,0.00,0.00,0.00,0.00,0.00,0.00,Matches,2019-2020
163,Anwar El Ghazi,nl NED,"FW,MF",Aston Villa,24,1995,34,26,2051,22.8,4,4,8,3,1,1,3,0,6.2,5.4,2.7,8.2,65,47,155,0.18,0.18,0.35,0.13,0.31,0.27,0.12,0.39,0.24,0.36,Matches,2019-2020
164,Morgan Gibbs-White,eng ENG,"MF,FW",Wolves,19,2000,7,1,129,1.4,0,0,0,0,0,0,0,0,0.1,0.1,0.1,0.2,5,6,11,0.00,0.00,0.00,0.00,0.00,0.06,0.07,0.13,0.06,0.13,Matches,2019-2020
165,Billy Gilmour,sct SCO,MF,Chelsea,18,2001,6,2,194,2.2,0,0,0,0,0,0,0,0,0.0,0.0,0.1,0.2,4,11,3,0.00,0.00,0.00,0.00,0.00,0.01,0.06,0.07,0.01,0.07,Matches,2019-2020
166,Olivier Giroud,fr FRA,FW,Chelsea,32,1986,18,12,993,11.0,8,0,8,8,0,0,1,0,7.3,7.3,0.9,8.2,6,7,59,0.73,0.00,0.73,0.73,0.73,0.66,0.08,0.74,0.66,0.74,Matches,2019-2020
167,Ben Godfrey,eng ENG,DF,Norwich City,21,1998,30,30,2644,29.4,0,0,0,0,0,0,3,1,0.7,0.7,0.1,0.8,23,76,2,0.00,0.00,0.00,0.00,0.00,0.02,0.00,0.03,0.02,0.03,Matches,2019-2020
168,André Gomes,pt POR,MF,Everton,26,1993,19,17,1458,16.2,0,1,1,0,0,0,6,0,0.2,0.2,1.1,1.2,10,105,16,0.00,0.06,0.06,0.00,0.06,0.01,0.07,0.08,0.01,0.08,Matches,2019-2020
169,Angel Gomes,eng ENG,MF,Manchester Utd,18,2000,2,0,21,0.2,0,0,0,0,0,0,0,0,0.0,0.0,0.1,0.1,2,4,2,0.00,0.00,0.00,0.00,0.00,0.00,0.59,0.59,0.00,0.59,Matches,2019-2020
170,Joe Gomez,eng ENG,DF,Liverpool,22,1997,28,22,2004,22.3,0,0,0,0,0,0,7,0,0.0,0.0,0.2,0.2,17,115,11,0.00,0.00,0.00,0.00,0.00,0.00,0.01,0.01,0.00,0.01,Matches,2019-2020
171,Anthony Gordon,eng ENG,"MF,FW",Everton,18,2001,11,4,440,4.9,0,1,1,0,0,0,0,0,0.3,0.3,0.4,0.7,13,9,26,0.00,0.20,0.20,0.00,0.20,0.06,0.08,0.14,0.06,0.14,Matches,2019-2020
172,Dan Gosling,eng ENG,MF,Bournemouth,29,1990,24,14,1264,14.0,3,1,4,3,0,0,3,0,2.9,2.9,1.1,4.0,10,55,36,0.21,0.07,0.28,0.21,0.28,0.21,0.08,0.28,0.21,0.28,Matches,2019-2020
173,Andre Gray,jm JAM,FW,Watford,28,1991,23,7,755,8.4,2,0,2,2,0,0,1,0,2.4,2.4,1.8,4.2,6,15,64,0.24,0.00,0.24,0.24,0.24,0.29,0.21,0.50,0.29,0.50,Matches,2019-2020
174,Demarai Gray,jm JAM,"MF,FW",Leicester City,23,1996,21,3,622,6.9,2,3,5,2,0,1,1,0,2.8,2.0,2.1,4.0,40,21,78,0.29,0.43,0.72,0.29,0.72,0.40,0.30,0.70,0.28,0.59,Matches,2019-2020
175,Jack Grealish,eng ENG,"FW,MF",Aston Villa,23,1995,36,36,3233,35.9,8,6,14,8,0,1,8,0,6.8,6.0,7.4,13.4,212,197,209,0.22,0.17,0.39,0.22,0.39,0.19,0.21,0.40,0.17,0.37,Matches,2019-2020
176,Mason Greenwood,eng ENG,FW,Manchester Utd,17,2001,31,12,1320,14.7,10,1,11,10,0,0,0,0,2.9,2.9,1.0,3.9,32,37,116,0.68,0.07,0.75,0.68,0.75,0.20,0.07,0.27,0.20,0.27,Matches,2019-2020
177,Pascal Groß,de GER,"MF,FW",Brighton,28,1991,29,22,1796,20.0,2,4,6,2,0,0,4,0,1.6,1.6,5.3,6.9,36,135,198,0.10,0.20,0.30,0.10,0.30,0.08,0.26,0.34,0.08,0.34,Matches,2019-2020
178,Vicente Guaita,es ESP,GK,Crystal Palace,32,1987,35,35,3150,35.0,0,0,0,0,0,0,1,0,0.0,0.0,0.0,0.0,0,0,0,0.00,0.00,0.00,0.00,0.00,0.00,0.00,0.00,0.00,0.00,Matches,2019-2020
179,Mattéo Guendouzi,fr FRA,MF,Arsenal,20,1999,24,19,1748,19.4,0,1,1,0,0,0,6,0,0.8,0.8,1.1,1.9,50,160,27,0.00,0.05,0.05,0.00,0.05,0.04,0.06,0.10,0.04,0.10,Matches,2019-2020
180,Frederic Guilbert,fr FRA,"DF,MF",Aston Villa,24,1994,25,22,2041,22.7,0,2,2,0,0,0,7,0,0.3,0.3,1.5,1.9,56,81,96,0.00,0.09,0.09,0.00,0.09,0.02,0.07,0.08,0.02,0.08,Matches,2019-2020
181,İlkay Gündoğan,de GER,MF,Manchester City,28,1990,31,21,2020,22.4,2,1,3,1,1,2,7,0,4.0,2.4,2.1,4.5,39,202,56,0.09,0.04,0.13,0.04,0.09,0.18,0.10,0.27,0.11,0.20,Matches,2019-2020
182,Angus Gunn,sct SCO,GK,Southampton,23,1996,10,10,900,10.0,0,0,0,0,0,0,0,0,0.0,0.0,0.0,0.0,0,0,0,0.00,0.00,0.00,0.00,0.00,0.00,0.00,0.00,0.00,0.00,Matches,2019-2020
183,Sébastien Haller,ci CIV,FW,West Ham,25,1994,32,24,2266,25.2,7,1,8,7,0,0,1,0,8.0,8.0,2.5,10.5,17,59,140,0.28,0.04,0.32,0.28,0.32,0.32,0.10,0.42,0.32,0.42,Matches,2019-2020
184,Grant Hanley,sct SCO,DF,Norwich City,27,1991,15,14,1262,14.0,0,0,0,0,0,0,4,0,0.6,0.6,0.0,0.6,0,17,0,0.00,0.00,0.00,0.00,0.00,0.04,0.00,0.04,0.04,0.04,Matches,2019-2020
185,Kortney Hause,eng ENG,DF,Aston Villa,24,1995,18,17,1545,17.2,1,0,1,1,0,0,3,0,2.5,2.5,0.5,2.9,8,46,4,0.06,0.00,0.06,0.06,0.06,0.14,0.03,0.17,0.14,0.17,Matches,2019-2020
186,Isaac Hayden,eng ENG,MF,Newcastle Utd,24,1995,29,26,2223,24.7,1,2,3,1,0,0,4,1,1.2,1.2,2.3,3.5,24,52,30,0.04,0.08,0.12,0.04,0.12,0.05,0.09,0.14,0.05,0.14,Matches,2019-2020
187,Tom Heaton,eng ENG,GK,Aston Villa,33,1986,20,20,1794,19.9,0,0,0,0,0,0,0,0,0.0,0.0,0.0,0.0,0,0,0,0.00,0.00,0.00,0.00,0.00,0.00,0.00,0.00,0.00,0.00,Matches,2019-2020
188,Dean Henderson,eng ENG,GK,Sheffield Utd,22,1997,36,36,3240,36.0,0,0,0,0,0,0,2,0,0.1,0.1,0.0,0.1,0,0,0,0.00,0.00,0.00,0.00,0.00,0.00,0.00,0.00,0.00,0.00,Matches,2019-2020
189,Jordan Henderson,eng ENG,MF,Liverpool,29,1990,30,26,2238,24.9,4,5,9,4,0,0,2,0,1.1,1.1,3.1,4.2,51,197,77,0.16,0.20,0.36,0.16,0.36,0.04,0.13,0.17,0.04,0.17,Matches,2019-2020
190,Jeff Hendrick,ie IRL,MF,Burnley,27,1992,24,22,1931,21.5,2,2,4,2,0,0,8,0,1.7,1.7,1.6,3.3,24,40,61,0.09,0.09,0.19,0.09,0.19,0.08,0.07,0.16,0.08,0.16,Matches,2019-2020
191,Wayne Hennessey,wls WAL,GK,Crystal Palace,32,1987,3,3,270,3.0,0,0,0,0,0,0,0,0,0.0,0.0,0.0,0.0,0,0,0,0.00,0.00,0.00,0.00,0.00,0.00,0.00,0.00,0.00,0.00,Matches,2019-2020
192,Javier Hernández,mx MEX,FW,West Ham,31,1988,2,1,107,1.2,1,0,1,1,0,0,0,0,1.0,1.0,0.0,1.0,0,3,4,0.84,0.00,0.84,0.84,0.84,0.82,0.00,0.82,0.82,0.82,Matches,2019-2020
193,Onel Hernández,cu CUB,"FW,MF",Norwich City,26,1993,26,14,1384,15.4,1,2,3,1,0,0,0,0,2.2,2.2,0.9,3.2,72,22,124,0.07,0.13,0.20,0.07,0.20,0.15,0.06,0.21,0.15,0.21,Matches,2019-2020
194,Son Heung-min,kr KOR,FW,Tottenham,27,1992,30,28,2476,27.5,11,10,21,11,0,1,0,2,8.9,8.0,6.4,14.4,90,71,215,0.40,0.36,0.76,0.40,0.76,0.32,0.23,0.56,0.29,0.53,Matches,2019-2020
195,George Hirst,sct SCO,"MF,DF",Leicester City,20,1999,2,0,11,0.1,0,0,0,0,0,0,0,0,0.1,0.1,0.0,0.1,0,0,1,0.00,0.00,0.00,0.00,0.00,1.21,0.00,1.21,1.21,1.21,Matches,2019-2020
196,Rob Holding,eng ENG,DF,Arsenal,23,1995,8,6,581,6.5,0,0,0,0,0,0,1,0,0.2,0.2,0.0,0.2,3,16,1,0.00,0.00,0.00,0.00,0.00,0.03,0.00,0.03,0.03,0.03,Matches,2019-2020
197,José Holebas,gr GRE,DF,Watford,35,1984,14,11,1025,11.4,0,0,0,0,0,0,5,0,0.3,0.3,0.7,1.1,23,51,27,0.00,0.00,0.00,0.00,0.00,0.03,0.06,0.09,0.03,0.09,Matches,2019-2020
198,Mason Holgate,eng ENG,DF,Everton,22,1996,27,24,2054,22.8,0,3,3,0,0,0,5,0,1.7,1.7,0.7,2.4,18,58,4,0.00,0.13,0.13,0.00,0.13,0.08,0.03,0.10,0.08,0.10,Matches,2019-2020
199,Nathan Holland,eng ENG,MF,West Ham,21,1998,2,0,33,0.4,0,0,0,0,0,0,0,0,0.0,0.0,0.0,0.0,1,1,6,0.00,0.00,0.00,0.00,0.00,0.06,0.00,0.06,0.06,0.06,Matches,2019-2020
200,Conor Hourihane,ie IRL,MF,Aston Villa,28,1991,27,18,1534,17.0,3,5,8,3,0,0,4,0,1.7,1.7,6.0,7.7,9,75,57,0.18,0.29,0.47,0.18,0.47,0.10,0.35,0.45,0.10,0.45,Matches,2019-2020
201,Callum Hudson-Odoi,eng ENG,"FW,MF",Chelsea,18,2000,22,7,863,9.6,1,5,6,1,0,0,1,0,1.9,1.9,2.0,4.0,63,43,116,0.10,0.52,0.63,0.10,0.63,0.20,0.21,0.41,0.20,0.41,Matches,2019-2020
202,Will Hughes,eng ENG,MF,Watford,24,1995,30,27,2252,25.0,1,1,2,1,0,0,9,0,2.3,2.3,2.1,4.4,40,87,60,0.04,0.04,0.08,0.04,0.08,0.09,0.08,0.17,0.09,0.17,Matches,2019-2020
203,Pierre Højbjerg,dk DEN,MF,Southampton,23,1995,33,30,2752,30.6,0,1,1,0,0,0,5,0,3.2,3.2,1.8,5.0,33,219,55,0.00,0.03,0.03,0.00,0.03,0.11,0.06,0.16,0.11,0.16,Matches,2019-2020
204,Jordon Ibe,eng ENG,DF,Bournemouth,23,1995,2,0,50,0.6,0,0,0,0,0,0,0,0,0.0,0.0,0.0,0.0,4,2,4,0.00,0.00,0.00,0.00,0.00,0.00,0.00,0.00,0.00,0.00,Matches,2019-2020
205,Adam Idah,ie IRL,"FW,MF",Norwich City,18,2001,12,1,228,2.5,0,0,0,0,0,0,0,0,1.0,1.0,0.0,1.1,5,2,11,0.00,0.00,0.00,0.00,0.00,0.40,0.02,0.41,0.40,0.41,Matches,2019-2020
206,Odion Ighalo,ng NGA,FW,Manchester Utd,30,1989,11,0,101,1.1,0,0,0,0,0,0,0,0,1.9,1.9,0.1,2.0,2,2,13,0.00,0.00,0.00,0.00,0.00,1.68,0.07,1.75,1.68,1.75,Matches,2019-2020
207,Kelechi Iheanacho,ng NGA,FW,Leicester City,22,1996,20,12,960,10.7,5,3,8,5,0,0,1,0,6.0,6.0,2.6,8.6,22,29,88,0.47,0.28,0.75,0.47,0.75,0.56,0.24,0.80,0.56,0.80,Matches,2019-2020
208,Danny Ings,eng ENG,FW,Southampton,27,1992,38,32,2804,31.2,22,2,24,21,1,2,3,0,16.2,14.7,2.7,17.3,50,75,194,0.71,0.06,0.77,0.67,0.74,0.52,0.09,0.61,0.47,0.56,Matches,2019-2020
209,Alex Iwobi,ng NGA,"MF,FW",Everton,23,1996,25,19,1596,17.7,1,0,1,1,0,0,0,0,2.5,2.5,1.9,4.4,60,106,84,0.06,0.00,0.06,0.06,0.06,0.14,0.11,0.25,0.14,0.25,Matches,2019-2020
210,Phil Jagielka,eng ENG,DF,Sheffield Utd,36,1982,6,2,244,2.7,0,0,0,0,0,0,0,0,0.0,0.0,0.0,0.0,0,4,0,0.00,0.00,0.00,0.00,0.00,0.00,0.00,0.00,0.00,0.00,Matches,2019-2020
211,Alireza Jahanbakhsh,ir IRN,"FW,MF",Brighton,25,1993,10,3,311,3.5,2,0,2,2,0,0,0,0,0.6,0.6,0.6,1.2,8,12,51,0.58,0.00,0.58,0.58,0.58,0.17,0.18,0.35,0.17,0.35,Matches,2019-2020
212,Daniel James,wls WAL,FW,Manchester Utd,21,1997,33,26,2287,25.4,3,6,9,3,0,0,4,0,3.1,3.1,3.9,7.0,140,60,263,0.12,0.24,0.35,0.12,0.35,0.12,0.15,0.28,0.12,0.28,Matches,2019-2020
213,Matty James,eng ENG,MF,Leicester City,28,1991,1,0,6,0.1,0,0,0,0,0,0,0,0,0.0,0.0,0.0,0.0,0,1,0,0.00,0.00,0.00,0.00,0.00,0.00,0.00,0.00,0.00,0.00,Matches,2019-2020
214,Reece James,eng ENG,DF,Chelsea,19,1999,24,16,1515,16.8,0,2,2,0,0,0,1,0,0.8,0.8,2.7,3.5,43,98,115,0.00,0.12,0.12,0.00,0.12,0.04,0.16,0.21,0.04,0.21,Matches,2019-2020
215,Daryl Janmaat,nl NED,DF,Watford,30,1989,8,7,607,6.7,0,1,1,0,0,0,1,0,0.3,0.3,0.5,0.8,15,29,30,0.00,0.15,0.15,0.00,0.15,0.04,0.07,0.11,0.04,0.11,Matches,2019-2020
216,Gabriel Jesus,br BRA,FW,Manchester City,22,1997,34,21,2030,22.6,14,7,21,14,0,1,3,0,18.2,17.4,3.2,20.6,55,37,203,0.62,0.31,0.93,0.62,0.93,0.81,0.14,0.95,0.77,0.91,Matches,2019-2020
217,Raúl Jiménez,mx MEX,FW,Wolves,28,1991,38,37,3236,36.0,17,6,23,13,4,4,3,0,16.6,13.4,7.0,20.4,89,102,223,0.47,0.17,0.64,0.36,0.53,0.46,0.19,0.65,0.37,0.57,Matches,2019-2020
218,João Pedro,br BRA,"FW,MF",Watford,17,2001,3,0,25,0.3,0,0,0,0,0,0,0,0,0.0,0.0,0.0,0.0,2,1,3,0.00,0.00,0.00,0.00,0.00,0.18,0.00,0.18,0.18,0.18,Matches,2019-2020
219,Joelinton,br BRA,FW,Newcastle Utd,22,1996,38,32,2683,29.8,2,2,4,2,0,0,7,0,5.5,5.5,2.9,8.3,47,56,133,0.07,0.07,0.13,0.07,0.13,0.18,0.10,0.28,0.18,0.28,Matches,2019-2020
220,Ben Johnson,eng ENG,DF,West Ham,19,2000,3,3,270,3.0,0,0,0,0,0,0,0,0,0.0,0.0,0.1,0.1,7,19,8,0.00,0.00,0.00,0.00,0.00,0.00,0.02,0.02,0.00,0.02,Matches,2019-2020
221,Curtis Jones,eng ENG,MF,Liverpool,18,2001,6,1,126,1.4,1,0,1,1,0,0,0,0,0.4,0.4,0.0,0.4,4,9,7,0.71,0.00,0.71,0.71,0.71,0.32,0.00,0.32,0.32,0.32,Matches,2019-2020
222,Phil Jones,eng ENG,DF,Manchester Utd,27,1992,2,2,135,1.5,0,0,0,0,0,0,0,0,0.1,0.1,0.0,0.1,2,7,1,0.00,0.00,0.00,0.00,0.00,0.09,0.00,0.09,0.09,0.09,Matches,2019-2020
223,Bruno Jordão,pt POR,FW,Wolves,20,1998,1,0,7,0.1,0,0,0,0,0,0,0,0,0.0,0.0,0.1,0.1,0,1,0,0.00,0.00,0.00,0.00,0.00,0.00,0.82,0.82,0.00,0.82,Matches,2019-2020
224,Jorginho,it ITA,MF,Chelsea,27,1991,31,27,2379,26.4,4,2,6,1,3,3,10,0,3.2,0.9,2.8,3.7,24,218,29,0.15,0.08,0.23,0.04,0.11,0.12,0.11,0.23,0.03,0.14,Matches,2019-2020
225,Jota,es ESP,"FW,MF",Aston Villa,28,1991,10,4,335,3.7,0,1,1,0,0,0,0,0,0.3,0.3,0.6,0.9,10,14,23,0.00,0.27,0.27,0.00,0.27,0.08,0.15,0.23,0.08,0.23,Matches,2019-2020
226,Diogo Jota,pt POR,FW,Wolves,22,1996,34,27,2284,25.4,7,1,8,7,0,0,4,0,11.5,11.5,2.7,14.2,131,68,200,0.28,0.04,0.32,0.28,0.32,0.45,0.11,0.56,0.45,0.56,Matches,2019-2020
227,James Justin,eng ENG,"DF,MF",Leicester City,21,1998,13,11,1012,11.2,0,1,1,0,0,0,1,0,0.3,0.3,1.0,1.3,30,56,59,0.00,0.09,0.09,0.00,0.09,0.03,0.09,0.11,0.03,0.11,Matches,2019-2020
228,Christian Kabasele,be BEL,DF,Watford,28,1991,27,26,2250,25.0,0,2,2,0,0,0,3,2,0.9,0.9,0.9,1.8,1,36,0,0.00,0.08,0.08,0.00,0.08,0.04,0.03,0.07,0.04,0.07,Matches,2019-2020
229,Harry Kane,eng ENG,FW,Tottenham,26,1993,29,29,2587,28.7,18,2,20,16,2,2,4,0,12.5,10.9,3.3,14.2,46,76,174,0.63,0.07,0.70,0.56,0.63,0.43,0.11,0.55,0.38,0.49,Matches,2019-2020
230,N'Golo Kanté,fr FRA,MF,Chelsea,28,1991,22,20,1732,19.2,3,0,3,3,0,0,4,0,1.4,1.4,1.5,2.9,41,132,63,0.16,0.00,0.16,0.16,0.16,0.07,0.08,0.15,0.07,0.15,Matches,2019-2020
231,Moise Kean,it ITA,FW,Everton,19,2000,29,6,852,9.5,2,2,4,2,0,0,1,0,4.0,4.0,2.0,6.0,26,12,60,0.21,0.21,0.42,0.21,0.42,0.42,0.21,0.63,0.42,0.63,Matches,2019-2020
232,Michael Keane,eng ENG,DF,Everton,26,1993,31,28,2559,28.4,2,0,2,2,0,0,3,0,1.9,1.9,0.7,2.5,9,84,3,0.07,0.00,0.07,0.07,0.07,0.07,0.02,0.09,0.07,0.09,Matches,2019-2020
233,Naby Keïta,gn GUI,MF,Liverpool,24,1995,18,9,815,9.1,2,3,5,2,0,0,1,0,1.6,1.6,2.7,4.4,35,69,36,0.22,0.33,0.55,0.22,0.55,0.18,0.30,0.48,0.18,0.48,Matches,2019-2020
234,Lloyd Kelly,eng ENG,DF,Bournemouth,20,1998,8,7,639,7.1,0,0,0,0,0,0,2,0,0.0,0.0,0.3,0.3,6,9,9,0.00,0.00,0.00,0.00,0.00,0.00,0.04,0.05,0.00,0.05,Matches,2019-2020
235,Martin Kelly,eng ENG,DF,Crystal Palace,29,1990,19,17,1549,17.2,0,1,1,0,0,0,0,0,0.1,0.1,0.8,0.9,6,35,14,0.00,0.06,0.06,0.00,0.06,0.00,0.05,0.05,0.00,0.05,Matches,2019-2020
236,Max Kilman,eng ENG,DF,Wolves,22,1997,3,2,185,2.1,0,0,0,0,0,0,0,0,0.0,0.0,0.0,0.0,0,10,0,0.00,0.00,0.00,0.00,0.00,0.00,0.00,0.00,0.00,0.00,Matches,2019-2020
237,Joshua King,no NOR,"FW,MF",Bournemouth,27,1992,26,24,2011,22.3,6,4,10,3,3,3,0,0,6.5,4.1,4.1,8.2,60,46,151,0.27,0.18,0.45,0.13,0.31,0.29,0.18,0.47,0.18,0.37,Matches,2019-2020
238,Timm Klose,ch SUI,DF,Norwich City,31,1988,7,7,585,6.5,0,0,0,0,0,0,0,0,0.2,0.2,0.0,0.2,4,17,1,0.00,0.00,0.00,0.00,0.00,0.03,0.00,0.03,0.03,0.03,Matches,2019-2020
239,Jonathan Kodjia,ci CIV,FW,Aston Villa,29,1989,6,0,117,1.3,0,0,0,0,0,0,1,0,0.1,0.1,0.1,0.2,4,1,10,0.00,0.00,0.00,0.00,0.00,0.09,0.05,0.14,0.09,0.14,Matches,2019-2020
240,Sead Kolašinac,ba BIH,DF,Arsenal,26,1993,26,19,1701,18.9,0,2,2,0,0,0,4,0,0.4,0.4,1.3,1.7,36,74,88,0.00,0.11,0.11,0.00,0.11,0.02,0.07,0.09,0.02,0.09,Matches,2019-2020
241,Ezri Konsa,eng ENG,DF,Aston Villa,21,1997,25,24,2039,22.7,1,2,3,1,0,0,3,0,1.5,1.5,1.0,2.4,8,53,13,0.04,0.09,0.13,0.04,0.13,0.06,0.04,0.11,0.06,0.11,Matches,2019-2020
242,Cheikhou Kouyaté,sn SEN,"MF,DF",Crystal Palace,29,1989,35,29,2528,28.1,1,1,2,1,0,0,4,0,2.7,2.7,0.9,3.6,12,64,55,0.04,0.04,0.07,0.04,0.07,0.10,0.03,0.13,0.10,0.13,Matches,2019-2020
243,Mateo Kovačić,hr CRO,MF,Chelsea,25,1994,31,23,2073,23.0,1,3,4,1,0,0,8,0,0.9,0.9,1.8,2.7,72,215,31,0.04,0.13,0.17,0.04,0.17,0.04,0.08,0.12,0.04,0.12,Matches,2019-2020
244,Emil Krafth,se SWE,DF,Newcastle Utd,24,1994,17,11,1020,11.3,0,1,1,0,0,0,0,0,0.3,0.3,0.6,1.0,11,19,20,0.00,0.09,0.09,0.00,0.09,0.03,0.06,0.08,0.03,0.08,Matches,2019-2020
245,Tim Krul,nl NED,GK,Norwich City,31,1988,36,36,3240,36.0,0,0,0,0,0,0,4,0,0.0,0.0,0.0,0.0,0,1,0,0.00,0.00,0.00,0.00,0.00,0.00,0.00,0.00,0.00,0.00,Matches,2019-2020
246,Alexandre Lacazette,fr FRA,FW,Arsenal,28,1991,30,22,1874,20.8,10,4,14,10,0,0,8,0,8.1,8.1,2.9,11.1,21,49,137,0.48,0.19,0.67,0.48,0.67,0.39,0.14,0.53,0.39,0.53,Matches,2019-2020
247,Adam Lallana,eng ENG,"MF,FW",Liverpool,31,1988,15,3,382,4.2,1,1,2,1,0,0,1,0,0.8,0.8,0.6,1.3,9,23,17,0.24,0.24,0.47,0.24,0.47,0.18,0.14,0.31,0.18,0.31,Matches,2019-2020
248,Érik Lamela,ar ARG,"MF,FW",Tottenham,27,1992,25,12,1215,13.5,2,1,3,2,0,0,3,0,2.9,2.9,1.1,4.0,51,45,84,0.15,0.07,0.22,0.15,0.22,0.22,0.08,0.30,0.22,0.30,Matches,2019-2020
249,Tariq Lamptey,gh GHA,DF,Chelsea,18,2000,1,0,32,0.4,0,0,0,0,0,0,0,0,0.0,0.0,0.1,0.1,1,2,1,0.00,0.00,0.00,0.00,0.00,0.00,0.18,0.18,0.00,0.18,Matches,2019-2020
250,Tariq Lamptey,gh GHA,DF,Brighton,18,2000,8,7,588,6.5,0,1,1,0,0,0,2,0,0.1,0.1,1.0,1.1,17,15,32,0.00,0.15,0.15,0.00,0.15,0.01,0.15,0.16,0.01,0.16,Matches,2019-2020
251,Henri Lansbury,eng ENG,MF,Aston Villa,28,1990,10,2,195,2.2,0,0,0,0,0,0,0,0,0.1,0.1,0.1,0.2,0,7,2,0.00,0.00,0.00,0.00,0.00,0.04,0.03,0.07,0.04,0.07,Matches,2019-2020
252,Manuel Lanzini,ar ARG,"MF,FW",West Ham,26,1993,24,14,1379,15.3,0,2,2,0,0,0,1,0,2.2,2.2,2.2,4.4,46,77,59,0.00,0.13,0.13,0.00,0.13,0.14,0.15,0.29,0.14,0.29,Matches,2019-2020
253,Aymeric Laporte,es ESP,DF,Manchester City,25,1994,15,14,1097,12.2,1,0,1,1,0,0,1,0,0.5,0.5,0.1,0.7,23,112,3,0.08,0.00,0.08,0.08,0.08,0.04,0.01,0.05,0.04,0.05,Matches,2019-2020
254,Jamaal Lascelles,eng ENG,DF,Newcastle Utd,25,1993,24,24,2076,23.1,1,0,1,1,0,0,5,0,0.5,0.5,0.2,0.7,3,21,1,0.04,0.00,0.04,0.04,0.04,0.02,0.01,0.03,0.02,0.03,Matches,2019-2020
255,Valentino Lazaro,at AUT,"DF,MF",Newcastle Utd,23,1996,13,4,480,5.3,1,0,1,1,0,0,0,1,0.4,0.4,0.2,0.6,7,7,14,0.19,0.00,0.19,0.19,0.19,0.07,0.04,0.11,0.07,0.11,Matches,2019-2020
256,Moritz Leitner,de GER,MF,Norwich City,26,1992,9,7,685,7.6,0,0,0,0,0,0,1,0,0.3,0.3,0.3,0.6,17,62,23,0.00,0.00,0.00,0.00,0.00,0.04,0.04,0.08,0.04,0.08,Matches,2019-2020
257,Florian Lejeune,fr FRA,DF,Newcastle Utd,28,1991,6,4,442,4.9,2,0,2,2,0,0,0,0,1.2,1.2,0.0,1.2,1,7,0,0.41,0.00,0.41,0.41,0.41,0.24,0.01,0.25,0.24,0.25,Matches,2019-2020
258,Aaron Lennon,eng ENG,MF,Burnley,32,1987,16,4,496,5.5,0,0,0,0,0,0,4,0,0.0,0.0,0.1,0.2,11,7,18,0.00,0.00,0.00,0.00,0.00,0.01,0.03,0.03,0.01,0.03,Matches,2019-2020
259,Bernd Leno,de GER,GK,Arsenal,27,1992,30,30,2649,29.4,0,0,0,0,0,0,2,0,0.0,0.0,0.0,0.0,0,0,0,0.00,0.00,0.00,0.00,0.00,0.00,0.00,0.00,0.00,0.00,Matches,2019-2020
260,Jefferson Lerma,co COL,MF,Bournemouth,24,1994,33,31,2703,30.0,1,2,3,1,0,0,13,1,1.2,1.2,1.4,2.6,16,137,13,0.03,0.07,0.10,0.03,0.10,0.04,0.05,0.09,0.04,0.09,Matches,2019-2020
261,Jamal Lewis,nir NIR,DF,Norwich City,21,1998,28,25,2304,25.6,1,0,1,1,0,0,4,0,0.4,0.4,1.0,1.4,100,74,106,0.04,0.00,0.04,0.04,0.04,0.01,0.04,0.05,0.01,0.05,Matches,2019-2020
262,Victor Lindelöf,se SWE,DF,Manchester Utd,25,1994,35,35,3092,34.4,1,0,1,1,0,0,6,0,0.3,0.3,0.3,0.7,16,111,3,0.03,0.00,0.03,0.03,0.03,0.01,0.01,0.02,0.01,0.02,Matches,2019-2020
263,Jesse Lingard,eng ENG,"MF,FW",Manchester Utd,26,1992,22,9,935,10.4,1,0,1,1,0,0,3,0,1.9,1.9,1.0,2.9,28,45,73,0.10,0.00,0.10,0.10,0.10,0.18,0.09,0.28,0.18,0.28,Matches,2019-2020
264,Hugo Lloris,fr FRA,GK,Tottenham,32,1986,21,21,1807,20.1,0,0,0,0,0,0,0,0,0.0,0.0,0.0,0.0,0,0,0,0.00,0.00,0.00,0.00,0.00,0.00,0.00,0.00,0.00,0.00,Matches,2019-2020
265,Giovani Lo Celso,ar ARG,"MF,FW",Tottenham,23,1996,28,15,1492,16.6,0,2,2,0,0,0,6,0,1.3,1.3,1.6,2.9,62,112,50,0.00,0.12,0.12,0.00,0.12,0.08,0.10,0.18,0.08,0.18,Matches,2019-2020
266,Jürgen Locadia,cw CUW,"FW,MF",Brighton,25,1993,2,1,86,1.0,0,0,0,0,0,0,0,0,0.3,0.3,0.0,0.3,1,0,6,0.00,0.00,0.00,0.00,0.00,0.27,0.00,0.27,0.27,0.27,Matches,2019-2020
267,Ruben Loftus-Cheek,eng ENG,"MF,FW",Chelsea,23,1996,7,2,208,2.3,0,1,1,0,0,0,0,0,0.5,0.5,0.4,0.9,4,15,11,0.00,0.43,0.43,0.00,0.43,0.21,0.18,0.39,0.21,0.39,Matches,2019-2020
268,Kevin Long,ie IRL,DF,Burnley,28,1990,8,6,564,6.3,0,0,0,0,0,0,0,0,0.2,0.2,0.0,0.2,0,8,0,0.00,0.00,0.00,0.00,0.00,0.03,0.00,0.03,0.03,0.03,Matches,2019-2020
269,Shane Long,ie IRL,FW,Southampton,32,1987,26,15,1395,15.5,2,2,4,2,0,0,0,0,4.8,4.8,2.4,7.2,23,20,105,0.13,0.13,0.26,0.13,0.26,0.31,0.15,0.46,0.31,0.46,Matches,2019-2020
270,Matthew Longstaff,eng ENG,MF,Newcastle Utd,19,2000,9,6,575,6.4,2,0,2,2,0,0,1,0,0.3,0.3,0.4,0.7,4,17,2,0.31,0.00,0.31,0.31,0.31,0.04,0.06,0.10,0.04,0.10,Matches,2019-2020
271,Sean Longstaff,eng ENG,MF,Newcastle Utd,21,1997,23,14,1378,15.3,1,1,2,1,0,0,2,1,1.4,1.4,1.2,2.5,8,33,12,0.07,0.07,0.13,0.07,0.13,0.09,0.08,0.17,0.09,0.17,Matches,2019-2020
272,Dejan Lovren,hr CRO,DF,Liverpool,30,1989,10,9,777,8.6,0,1,1,0,0,0,1,0,0.4,0.4,0.3,0.7,8,46,3,0.00,0.12,0.12,0.00,0.12,0.05,0.04,0.08,0.05,0.08,Matches,2019-2020
273,Matthew Lowton,eng ENG,DF,Burnley,30,1989,17,17,1530,17.0,0,1,1,0,0,0,2,0,0.0,0.0,1.2,1.2,17,64,42,0.00,0.06,0.06,0.00,0.06,0.00,0.07,0.07,0.00,0.07,Matches,2019-2020
274,David Luiz,br BRA,DF,Arsenal,32,1987,33,32,2809,31.2,2,1,3,2,0,0,5,2,1.6,1.6,0.9,2.5,21,106,4,0.06,0.03,0.10,0.06,0.10,0.05,0.03,0.08,0.05,0.08,Matches,2019-2020
275,Douglas Luiz,br BRA,MF,Aston Villa,21,1998,36,28,2612,29.0,3,2,5,3,0,0,8,0,2.6,2.6,1.7,4.2,35,143,46,0.10,0.07,0.17,0.10,0.17,0.09,0.06,0.15,0.09,0.15,Matches,2019-2020
276,John Lundstram,eng ENG,MF,Sheffield Utd,25,1994,34,26,2458,27.3,5,3,8,5,0,0,5,0,5.3,5.3,3.4,8.7,36,122,111,0.18,0.11,0.29,0.18,0.29,0.19,0.12,0.32,0.19,0.32,Matches,2019-2020
277,Alexis Mac Allister,ar ARG,"MF,FW",Brighton,20,1998,9,4,352,3.9,0,0,0,0,0,0,0,0,0.5,0.5,0.3,0.7,2,6,13,0.00,0.00,0.00,0.00,0.00,0.12,0.07,0.19,0.12,0.19,Matches,2019-2020
278,James Maddison,eng ENG,MF,Leicester City,22,1996,31,29,2624,29.2,6,3,9,6,0,0,4,0,5.3,5.3,6.4,11.8,53,192,138,0.21,0.10,0.31,0.21,0.31,0.18,0.22,0.40,0.18,0.40,Matches,2019-2020
279,Harry Maguire,eng ENG,DF,Manchester Utd,26,1993,38,38,3420,38.0,1,1,2,1,0,0,6,0,2.1,2.1,1.4,3.4,69,171,10,0.03,0.03,0.05,0.03,0.05,0.06,0.04,0.09,0.05,0.09,Matches,2019-2020
280,Riyad Mahrez,dz ALG,"FW,MF",Manchester City,28,1991,33,21,1944,21.6,11,9,20,10,1,1,0,0,7.8,7.0,10.0,17.0,118,120,246,0.51,0.42,0.93,0.46,0.88,0.36,0.46,0.83,0.33,0.79,Matches,2019-2020
281,Ainsley Maitland-Niles,eng ENG,DF,Arsenal,21,1997,20,15,1386,15.4,0,2,2,0,0,0,6,1,0.4,0.4,1.5,2.0,38,61,34,0.00,0.13,0.13,0.00,0.13,0.03,0.10,0.13,0.03,0.13,Matches,2019-2020
282,Sadio Mané,sn SEN,FW,Liverpool,27,1992,35,31,2747,30.5,18,7,25,18,0,0,3,0,13.2,13.2,6.6,19.8,159,128,286,0.59,0.23,0.82,0.59,0.82,0.43,0.22,0.65,0.43,0.65,Matches,2019-2020
283,Javier Manquillo,es ESP,DF,Newcastle Utd,25,1994,21,18,1599,17.8,0,1,1,0,0,0,5,0,0.0,0.0,0.2,0.3,22,28,49,0.00,0.06,0.06,0.00,0.06,0.00,0.01,0.02,0.00,0.02,Matches,2019-2020
284,Solly March,eng ENG,"FW,MF",Brighton,25,1994,19,11,1143,12.7,0,1,1,0,0,0,2,0,1.4,1.4,0.9,2.3,50,55,112,0.00,0.08,0.08,0.00,0.08,0.11,0.07,0.18,0.11,0.18,Matches,2019-2020
285,Pablo Marí,es ESP,DF,Arsenal,25,1993,2,2,113,1.3,0,0,0,0,0,0,0,0,0.0,0.0,0.0,0.0,0,5,0,0.00,0.00,0.00,0.00,0.00,0.00,0.00,0.00,0.00,0.00,Matches,2019-2020
286,Adrian Mariappa,jm JAM,DF,Watford,32,1986,20,15,1513,16.8,0,0,0,0,0,0,6,1,0.2,0.2,0.2,0.5,2,38,9,0.00,0.00,0.00,0.00,0.00,0.01,0.01,0.03,0.01,0.03,Matches,2019-2020
287,Anthony Martial,fr FRA,FW,Manchester Utd,23,1995,32,31,2624,29.2,17,6,23,17,0,1,1,0,12.1,11.3,4.4,15.7,76,82,275,0.58,0.21,0.79,0.58,0.79,0.41,0.15,0.56,0.39,0.54,Matches,2019-2020
288,David Martin,eng ENG,GK,West Ham,33,1986,5,4,436,4.8,0,0,0,0,0,0,1,0,0.0,0.0,0.0,0.0,0,0,0,0.00,0.00,0.00,0.00,0.00,0.00,0.00,0.00,0.00,0.00,Matches,2019-2020
289,Josh Martin,eng ENG,"FW,MF",Norwich City,17,2001,5,0,37,0.4,0,0,0,0,0,0,0,0,0.1,0.1,0.0,0.1,1,0,3,0.00,0.00,0.00,0.00,0.00,0.19,0.00,0.19,0.19,0.19,Matches,2019-2020
290,Gabriel Martinelli,br BRA,FW,Arsenal,18,2001,14,6,663,7.4,3,0,3,3,0,0,1,0,2.2,2.2,0.1,2.3,31,12,65,0.41,0.00,0.41,0.41,0.41,0.29,0.01,0.31,0.29,0.31,Matches,2019-2020
291,Emiliano Martínez,ar ARG,GK,Arsenal,26,1992,9,8,771,8.6,0,0,0,0,0,0,2,0,0.0,0.0,0.0,0.0,0,0,0,0.00,0.00,0.00,0.00,0.00,0.00,0.00,0.00,0.00,0.00,Matches,2019-2020
292,Adam Masina,ma MAR,DF,Watford,25,1994,26,20,1821,20.2,1,0,1,1,0,0,3,0,0.9,0.9,0.6,1.5,18,73,32,0.05,0.00,0.05,0.05,0.05,0.05,0.03,0.07,0.05,0.07,Matches,2019-2020
293,Arthur Masuaku,cd COD,DF,West Ham,25,1993,17,10,937,10.4,0,1,1,0,0,0,6,1,0.1,0.1,1.2,1.3,41,40,37,0.00,0.10,0.10,0.00,0.10,0.01,0.11,0.13,0.01,0.13,Matches,2019-2020
294,Juan Mata,es ESP,"MF,FW",Manchester Utd,31,1988,19,8,758,8.4,0,2,2,0,0,0,1,0,1.1,1.1,2.1,3.2,17,64,65,0.00,0.24,0.24,0.00,0.24,0.13,0.25,0.38,0.13,0.38,Matches,2019-2020
295,Nemanja Matić,rs SRB,MF,Manchester Utd,30,1988,21,18,1581,17.6,0,2,2,0,0,0,3,0,0.2,0.2,0.7,1.0,39,121,8,0.00,0.11,0.11,0.00,0.11,0.01,0.04,0.05,0.01,0.05,Matches,2019-2020
296,Joël Matip,cm CMR,DF,Liverpool,27,1991,9,8,703,7.8,1,0,1,1,0,0,0,0,0.3,0.3,0.0,0.4,6,36,2,0.13,0.00,0.13,0.13,0.13,0.04,0.00,0.05,0.04,0.05,Matches,2019-2020
297,Neal Maupay,fr FRA,FW,Brighton,22,1996,37,30,2766,30.7,10,3,13,9,1,2,3,0,13.4,11.8,2.1,13.9,63,66,255,0.33,0.10,0.42,0.29,0.39,0.44,0.07,0.50,0.38,0.45,Matches,2019-2020
298,James McArthur,sct SCO,MF,Crystal Palace,31,1987,37,37,3090,34.3,0,3,3,0,0,0,6,0,2.0,2.0,2.4,4.4,54,174,123,0.00,0.09,0.09,0.00,0.09,0.06,0.07,0.13,0.06,0.13,Matches,2019-2020
299,Oliver McBurnie,sct SCO,FW,Sheffield Utd,23,1996,36,24,2113,23.5,6,0,6,6,0,0,4,0,7.7,7.7,1.1,8.8,26,58,109,0.26,0.00,0.26,0.26,0.26,0.33,0.05,0.38,0.33,0.38,Matches,2019-2020
300,Alex McCarthy,eng ENG,GK,Southampton,29,1989,28,28,2520,28.0,0,0,0,0,0,0,0,0,0.0,0.0,0.0,0.0,0,1,0,0.00,0.00,0.00,0.00,0.00,0.00,0.00,0.00,0.00,0.00,Matches,2019-2020
301,James McCarthy,ie IRL,MF,Crystal Palace,28,1990,33,16,1680,18.7,0,0,0,0,0,0,9,0,0.5,0.5,1.3,1.8,8,55,23,0.00,0.00,0.00,0.00,0.00,0.03,0.07,0.10,0.03,0.10,Matches,2019-2020
302,John McGinn,sct SCO,MF,Aston Villa,24,1994,28,27,2312,25.7,3,3,6,3,0,0,3,0,3.9,3.9,2.5,6.4,38,113,84,0.12,0.12,0.23,0.12,0.23,0.15,0.10,0.25,0.15,0.25,Matches,2019-2020
303,David McGoldrick,ie IRL,FW,Sheffield Utd,31,1987,28,22,1815,20.2,2,2,4,2,0,0,2,0,8.0,8.0,2.3,10.3,29,43,129,0.10,0.10,0.20,0.10,0.20,0.40,0.12,0.51,0.40,0.51,Matches,2019-2020
304,Michael McGovern,nir NIR,GK,Norwich City,35,1984,2,1,159,1.8,0,0,0,0,0,0,0,0,0.0,0.0,0.0,0.0,0,0,0,0.00,0.00,0.00,0.00,0.00,0.00,0.00,0.00,0.00,0.00,Matches,2019-2020
305,Kenny McLean,sct SCO,MF,Norwich City,27,1992,37,32,2968,33.0,1,1,2,1,0,0,5,0,1.4,1.4,2.6,4.0,46,173,73,0.03,0.03,0.06,0.03,0.06,0.04,0.08,0.12,0.04,0.12,Matches,2019-2020
306,Dwight McNeil,eng ENG,MF,Burnley,19,1999,38,38,3338,37.1,2,6,8,2,0,0,5,0,2.3,2.3,7.7,10.0,146,97,109,0.05,0.16,0.22,0.05,0.22,0.06,0.21,0.27,0.06,0.27,Matches,2019-2020
307,Scott McTominay,sct SCO,MF,Manchester Utd,22,1996,27,20,1772,19.7,4,1,5,4,0,0,2,0,2.2,2.2,1.0,3.2,25,95,27,0.20,0.05,0.25,0.20,0.25,0.11,0.05,0.16,0.11,0.16,Matches,2019-2020
308,Ben Mee,eng ENG,DF,Burnley,29,1989,32,32,2880,32.0,1,1,2,1,0,0,7,0,1.7,1.7,1.6,3.2,5,56,5,0.03,0.03,0.06,0.03,0.06,0.05,0.05,0.10,0.05,0.10,Matches,2019-2020
309,Benjamin Mendy,fr FRA,DF,Manchester City,25,1994,19,18,1492,16.6,0,2,2,0,0,0,3,0,0.4,0.4,1.4,1.8,60,87,176,0.00,0.12,0.12,0.00,0.12,0.02,0.09,0.11,0.02,0.11,Matches,2019-2020
310,Nampalys Mendy,sn SEN,MF,Leicester City,27,1992,7,4,291,3.2,0,0,0,0,0,0,0,0,0.0,0.0,0.1,0.1,1,13,6,0.00,0.00,0.00,0.00,0.00,0.01,0.03,0.04,0.01,0.04,Matches,2019-2020
311,Chris Mepham,wls WAL,DF,Bournemouth,21,1997,12,10,912,10.1,1,0,1,1,0,0,1,0,0.9,0.9,0.1,1.0,4,28,3,0.10,0.00,0.10,0.10,0.10,0.09,0.01,0.10,0.09,0.10,Matches,2019-2020
312,Max Meyer,de GER,"MF,FW",Crystal Palace,23,1995,17,6,655,7.3,0,0,0,0,0,0,1,0,0.5,0.5,0.2,0.7,9,16,32,0.00,0.00,0.00,0.00,0.00,0.07,0.03,0.10,0.07,0.10,Matches,2019-2020
313,Luka Milivojević,rs SRB,MF,Crystal Palace,28,1991,31,28,2513,27.9,3,1,4,1,2,2,12,0,2.7,1.2,2.1,3.3,7,127,11,0.11,0.04,0.14,0.04,0.07,0.10,0.08,0.17,0.04,0.12,Matches,2019-2020
314,James Milner,eng ENG,"MF,DF",Liverpool,33,1986,22,9,937,10.4,2,2,4,0,2,2,4,0,2.2,0.6,0.7,1.3,18,71,42,0.19,0.19,0.38,0.00,0.19,0.21,0.07,0.28,0.06,0.13,Matches,2019-2020
315,Yerry Mina,co COL,DF,Everton,24,1994,29,25,2284,25.4,2,1,3,2,0,0,3,0,3.4,3.4,1.4,4.8,11,83,4,0.08,0.04,0.12,0.08,0.12,0.13,0.05,0.19,0.13,0.19,Matches,2019-2020
316,Takumi Minamino,jp JPN,"FW,MF",Liverpool,24,1995,10,2,249,2.8,0,0,0,0,0,0,0,0,0.8,0.8,0.0,0.9,8,4,22,0.00,0.00,0.00,0.00,0.00,0.30,0.01,0.31,0.30,0.31,Matches,2019-2020
317,Tyrone Mings,eng ENG,DF,Aston Villa,26,1993,33,33,2902,32.2,2,2,4,2,0,0,7,0,0.8,0.8,0.7,1.5,12,60,11,0.06,0.06,0.12,0.06,0.12,0.02,0.02,0.05,0.02,0.05,Matches,2019-2020
318,Tyrick Mitchell,eng ENG,DF,Crystal Palace,19,1999,4,2,195,2.2,0,0,0,0,0,0,1,0,0.0,0.0,0.2,0.2,5,12,8,0.00,0.00,0.00,0.00,0.00,0.00,0.08,0.08,0.00,0.08,Matches,2019-2020
319,Henrikh Mkhitaryan,am ARM,FW,Arsenal,30,1989,3,1,112,1.2,0,0,0,0,0,0,1,0,0.3,0.3,0.3,0.6,3,8,19,0.00,0.00,0.00,0.00,0.00,0.26,0.21,0.47,0.26,0.47,Matches,2019-2020
320,Nacho Monreal,es ESP,DF,Arsenal,33,1986,3,3,270,3.0,0,0,0,0,0,0,0,0,0.0,0.0,0.3,0.4,4,12,14,0.00,0.00,0.00,0.00,0.00,0.01,0.11,0.13,0.01,0.13,Matches,2019-2020
321,Martín Montoya,es ESP,"DF,MF",Brighton,28,1991,27,23,1896,21.1,0,1,1,0,0,0,5,0,1.5,1.5,1.8,3.3,57,91,117,0.00,0.05,0.05,0.00,0.05,0.07,0.09,0.16,0.07,0.16,Matches,2019-2020
322,Simon Moore,eng ENG,GK,Sheffield Utd,29,1990,2,2,180,2.0,0,0,0,0,0,0,0,0,0.0,0.0,0.0,0.0,0,0,0,0.00,0.00,0.00,0.00,0.00,0.00,0.00,0.00,0.00,0.00,Matches,2019-2020
323,Aaron Mooy,au AUS,"MF,FW",Brighton,28,1990,31,25,2085,23.2,2,2,4,2,0,0,3,1,2.3,2.3,4.5,6.8,71,158,135,0.09,0.09,0.17,0.09,0.17,0.10,0.19,0.29,0.10,0.29,Matches,2019-2020
324,Wesley Moraes,br BRA,FW,Aston Villa,22,1996,21,21,1782,19.8,5,1,6,5,0,1,3,0,6.4,5.5,1.0,6.5,13,21,89,0.25,0.05,0.30,0.25,0.30,0.32,0.05,0.37,0.28,0.33,Matches,2019-2020
325,Wes Morgan,jm JAM,DF,Leicester City,35,1984,11,4,436,4.8,0,0,0,0,0,0,0,0,0.5,0.5,0.0,0.5,1,3,1,0.00,0.00,0.00,0.00,0.00,0.11,0.00,0.11,0.11,0.11,Matches,2019-2020
326,Ravel Morrison,jm JAM,MF,Sheffield Utd,26,1993,1,0,13,0.1,0,0,0,0,0,0,0,0,0.0,0.0,0.0,0.0,1,1,0,0.00,0.00,0.00,0.00,0.00,0.34,0.00,0.34,0.34,0.34,Matches,2019-2020
327,Mason Mount,eng ENG,"MF,FW",Chelsea,20,1999,37,32,2867,31.9,7,5,12,7,0,0,3,0,6.4,6.4,5.4,11.8,101,138,221,0.22,0.16,0.38,0.22,0.38,0.20,0.17,0.37,0.20,0.37,Matches,2019-2020
328,Lucas Moura,br BRA,"FW,MF",Tottenham,26,1992,35,25,2242,24.9,4,4,8,4,0,0,3,0,5.6,5.6,3.2,8.8,79,69,140,0.16,0.16,0.32,0.16,0.32,0.23,0.13,0.36,0.23,0.36,Matches,2019-2020
329,Lys Mousset,fr FRA,FW,Sheffield Utd,23,1996,30,11,1240,13.8,6,4,10,6,0,0,1,0,5.5,5.5,3.2,8.8,30,13,93,0.44,0.29,0.73,0.44,0.73,0.40,0.23,0.64,0.40,0.64,Matches,2019-2020
330,João Moutinho,pt POR,MF,Wolves,32,1986,38,34,3108,34.5,1,6,7,1,0,0,7,0,0.9,0.9,7.9,8.8,38,216,51,0.03,0.17,0.20,0.03,0.20,0.03,0.23,0.26,0.03,0.26,Matches,2019-2020
331,Glenn Murray,eng ENG,FW,Brighton,35,1983,23,7,797,8.9,1,1,2,1,0,0,0,0,2.4,2.4,0.7,3.1,6,15,66,0.11,0.11,0.23,0.11,0.23,0.27,0.08,0.35,0.27,0.35,Matches,2019-2020
332,Shkodran Mustafi,de GER,DF,Arsenal,27,1992,15,13,1207,13.4,0,1,1,0,0,0,2,0,0.9,0.9,0.4,1.3,7,61,6,0.00,0.07,0.07,0.00,0.07,0.07,0.03,0.10,0.07,0.10,Matches,2019-2020
333,Yoshinori Mutō,jp JPN,"MF,FW",Newcastle Utd,27,1992,8,2,212,2.4,0,0,0,0,0,0,0,0,0.1,0.1,0.0,0.1,4,5,10,0.00,0.00,0.00,0.00,0.00,0.03,0.01,0.04,0.03,0.04,Matches,2019-2020
334,Georges-Kévin N'Koudou,cm CMR,FW,Tottenham,24,1995,1,0,3,0.0,0,0,0,0,0,0,0,0,0.0,0.0,0.0,0.0,1,0,1,0.00,0.00,0.00,0.00,0.00,1.15,0.00,1.15,1.15,1.15,Matches,2019-2020
335,Marvelous Nakamba,zw ZIM,MF,Aston Villa,25,1994,29,19,1836,20.4,0,0,0,0,0,0,5,0,0.2,0.2,0.5,0.7,10,57,8,0.00,0.00,0.00,0.00,0.00,0.01,0.03,0.03,0.01,0.03,Matches,2019-2020
336,Wilfred Ndidi,ng NGA,MF,Leicester City,22,1996,32,29,2674,29.7,2,1,3,2,0,0,6,0,1.6,1.6,0.6,2.2,13,109,19,0.07,0.03,0.10,0.07,0.10,0.06,0.02,0.08,0.06,0.08,Matches,2019-2020
337,Tanguy Ndombele,fr FRA,MF,Tottenham,22,1996,21,12,1009,11.2,2,2,4,2,0,0,3,0,0.4,0.4,0.7,1.1,22,77,33,0.18,0.18,0.36,0.18,0.36,0.03,0.07,0.10,0.03,0.10,Matches,2019-2020
338,Reiss Nelson,eng ENG,FW,Arsenal,19,1999,17,7,631,7.0,1,0,1,1,0,0,1,0,0.9,0.9,0.4,1.3,30,20,58,0.14,0.00,0.14,0.14,0.14,0.13,0.06,0.19,0.13,0.19,Matches,2019-2020
339,Pedro Neto,pt POR,"FW,MF",Wolves,19,2000,29,9,939,10.4,3,3,6,3,0,0,3,0,2.2,2.2,2.6,4.8,53,23,101,0.29,0.29,0.58,0.29,0.58,0.21,0.25,0.46,0.21,0.46,Matches,2019-2020
340,Rúben Neves,pt POR,MF,Wolves,22,1997,38,35,3056,34.0,2,2,4,2,0,0,9,0,2.0,2.0,2.2,4.2,19,216,23,0.06,0.06,0.12,0.06,0.12,0.06,0.06,0.12,0.06,0.12,Matches,2019-2020
341,Jeremy Ngakia,,DF,West Ham,18,2000,5,5,440,4.9,0,0,0,0,0,0,0,0,0.0,0.0,0.0,0.0,10,4,9,0.00,0.00,0.00,0.00,0.00,0.00,0.00,0.00,0.00,0.00,Matches,2019-2020
342,Oumar Niasse,sn SEN,FW,Everton,29,1990,3,0,22,0.2,0,0,0,0,0,0,0,0,0.0,0.0,0.0,0.0,0,0,2,0.00,0.00,0.00,0.00,0.00,0.00,0.00,0.00,0.00,0.00,Matches,2019-2020
343,Eddie Nketiah,eng ENG,FW,Arsenal,20,1999,13,7,633,7.0,2,0,2,2,0,0,0,1,3.1,3.1,0.6,3.7,19,16,38,0.28,0.00,0.28,0.28,0.28,0.45,0.08,0.53,0.45,0.53,Matches,2019-2020
344,Mark Noble,eng ENG,MF,West Ham,32,1987,33,32,2674,29.7,4,3,7,1,3,3,5,0,2.9,0.6,3.1,3.6,26,198,53,0.13,0.10,0.24,0.03,0.13,0.10,0.10,0.20,0.02,0.12,Matches,2019-2020
345,Oliver Norwood,nir NIR,MF,Sheffield Utd,28,1991,38,37,3090,34.3,1,1,2,0,1,1,8,0,1.5,0.7,4.3,5.0,7,258,26,0.03,0.03,0.06,0.00,0.03,0.04,0.13,0.17,0.02,0.15,Matches,2019-2020
346,Ørjan Nyland,no NOR,GK,Aston Villa,28,1990,7,5,539,6.0,0,0,0,0,0,0,0,0,0.0,0.0,0.0,0.0,0,1,0,0.00,0.00,0.00,0.00,0.00,0.00,0.00,0.00,0.00,0.00,Matches,2019-2020
347,Jack O'Connell,eng ENG,DF,Sheffield Utd,25,1994,33,32,2916,32.4,0,1,1,0,0,0,4,0,1.0,1.0,3.1,4.2,12,131,59,0.00,0.03,0.03,0.00,0.03,0.03,0.10,0.13,0.03,0.13,Matches,2019-2020
348,Michael Obafemi,ie IRL,FW,Southampton,19,2000,21,8,665,7.4,3,2,5,3,0,0,1,0,1.8,1.8,1.1,2.9,8,7,52,0.41,0.27,0.68,0.41,0.68,0.24,0.15,0.39,0.24,0.39,Matches,2019-2020
349,Angelo Ogbonna,it ITA,DF,West Ham,31,1988,31,31,2786,31.0,2,0,2,2,0,0,4,0,1.8,1.8,0.1,1.9,5,50,5,0.06,0.00,0.06,0.06,0.06,0.06,0.00,0.06,0.06,0.06,Matches,2019-2020
350,Divock Origi,be BEL,FW,Liverpool,24,1995,28,7,717,8.0,4,1,5,4,0,0,1,0,1.8,1.8,0.8,2.6,37,12,90,0.50,0.13,0.63,0.50,0.63,0.22,0.10,0.32,0.22,0.32,Matches,2019-2020
351,Ben Osborn,eng ENG,"MF,DF",Sheffield Utd,24,1994,13,6,594,6.6,0,0,0,0,0,0,0,0,0.3,0.3,0.9,1.1,7,25,23,0.00,0.00,0.00,0.00,0.00,0.04,0.13,0.17,0.04,0.17,Matches,2019-2020
352,Nicolás Otamendi,ar ARG,DF,Manchester City,31,1988,24,18,1715,19.1,2,0,2,2,0,0,3,0,1.9,1.9,0.2,2.1,14,78,4,0.10,0.00,0.10,0.10,0.10,0.10,0.01,0.11,0.10,0.11,Matches,2019-2020
353,Alex Oxlade-Chamberlain,eng ENG,"MF,FW",Liverpool,25,1993,30,17,1485,16.5,4,1,5,4,0,0,1,0,2.8,2.8,1.1,3.9,48,97,95,0.24,0.06,0.30,0.24,0.30,0.17,0.06,0.24,0.17,0.24,Matches,2019-2020
354,Mesut Özil,de GER,MF,Arsenal,30,1988,18,18,1438,16.0,1,2,3,1,0,0,1,0,1.4,1.4,2.3,3.8,48,114,136,0.06,0.13,0.19,0.06,0.19,0.09,0.15,0.24,0.09,0.24,Matches,2019-2020
355,Emerson Palmieri,it ITA,DF,Chelsea,24,1994,15,13,1024,11.4,0,0,0,0,0,0,3,0,1.1,1.1,1.3,2.4,39,37,87,0.00,0.00,0.00,0.00,0.00,0.10,0.12,0.21,0.10,0.21,Matches,2019-2020
356,Sokratis Papastathopoulos,gr GRE,DF,Arsenal,31,1988,19,19,1696,18.8,2,0,2,2,0,0,6,0,1.1,1.1,0.3,1.3,5,27,5,0.11,0.00,0.11,0.11,0.11,0.06,0.01,0.07,0.06,0.07,Matches,2019-2020
357,Troy Parrott,ie IRL,FW,Tottenham,17,2002,2,0,7,0.1,0,0,0,0,0,0,0,0,0.0,0.0,0.0,0.0,0,0,0,0.00,0.00,0.00,0.00,0.00,0.00,0.00,0.00,0.00,0.00,Matches,2019-2020
358,Rui Patrício,pt POR,GK,Wolves,31,1988,38,38,3420,38.0,0,0,0,0,0,0,0,0,0.0,0.0,0.0,0.0,0,0,1,0.00,0.00,0.00,0.00,0.00,0.00,0.00,0.00,0.00,0.00,Matches,2019-2020
359,Pedro,es ESP,"FW,MF",Chelsea,32,1987,11,8,661,7.3,1,1,2,1,0,0,1,0,2.0,2.0,0.9,2.9,24,41,52,0.14,0.14,0.27,0.14,0.27,0.27,0.13,0.40,0.27,0.40,Matches,2019-2020
360,Nicolas Pépé,ci CIV,FW,Arsenal,24,1995,31,22,2010,22.3,5,6,11,4,1,1,4,0,4.9,4.1,4.8,8.9,98,67,191,0.22,0.27,0.49,0.18,0.45,0.22,0.21,0.43,0.18,0.40,Matches,2019-2020
361,Andreas Pereira,br BRA,"MF,FW",Manchester Utd,23,1996,25,18,1484,16.5,1,3,4,1,0,0,3,0,2.3,2.3,4.0,6.2,49,89,102,0.06,0.18,0.24,0.06,0.24,0.14,0.24,0.38,0.14,0.38,Matches,2019-2020
362,Ricardo Pereira,pt POR,DF,Leicester City,25,1993,28,28,2520,28.0,3,2,5,3,0,0,1,0,1.2,1.2,3.8,4.9,116,177,138,0.11,0.07,0.18,0.11,0.18,0.04,0.13,0.18,0.04,0.18,Matches,2019-2020
363,Roberto Pereyra,ar ARG,"FW,MF",Watford,28,1991,28,17,1648,18.3,3,0,3,2,1,1,4,0,3.1,2.3,1.5,3.8,50,48,102,0.16,0.00,0.16,0.11,0.11,0.17,0.08,0.25,0.13,0.21,Matches,2019-2020
364,Ayoze Pérez,es ESP,"MF,FW",Leicester City,26,1993,33,26,2004,22.3,8,4,12,7,1,1,0,0,6.5,5.7,4.0,9.7,47,62,159,0.36,0.18,0.54,0.31,0.49,0.29,0.18,0.47,0.26,0.44,Matches,2019-2020
365,Jordan Pickford,eng ENG,GK,Everton,25,1994,38,38,3420,38.0,0,0,0,0,0,0,2,0,0.0,0.0,0.1,0.1,0,0,0,0.00,0.00,0.00,0.00,0.00,0.00,0.00,0.00,0.00,0.00,Matches,2019-2020
366,Brandon Pierrick,eng ENG,"MF,FW",Crystal Palace,17,2001,2,0,15,0.2,0,0,0,0,0,0,0,0,0.0,0.0,0.1,0.1,1,2,1,0.00,0.00,0.00,0.00,0.00,0.00,0.53,0.53,0.00,0.53,Matches,2019-2020
367,Erik Pieters,nl NED,"DF,MF",Burnley,30,1988,24,21,1878,20.9,0,4,4,0,0,0,2,0,0.5,0.5,2.5,3.0,21,50,39,0.00,0.19,0.19,0.00,0.19,0.02,0.12,0.14,0.02,0.14,Matches,2019-2020
368,Daniel Podence,pt POR,"FW,MF",Wolves,23,1995,9,3,289,3.2,1,0,1,1,0,0,0,0,1.2,1.2,0.7,1.9,18,9,24,0.31,0.00,0.31,0.31,0.31,0.39,0.21,0.60,0.39,0.60,Matches,2019-2020
369,Paul Pogba,fr FRA,MF,Manchester Utd,26,1993,16,13,1204,13.4,1,3,4,1,0,1,1,0,2.4,1.6,2.5,4.1,27,111,30,0.07,0.22,0.30,0.07,0.30,0.18,0.19,0.37,0.12,0.31,Matches,2019-2020
370,Nick Pope,eng ENG,GK,Burnley,27,1992,38,38,3420,38.0,0,0,0,0,0,0,1,0,0.0,0.0,0.4,0.4,0,0,0,0.00,0.00,0.00,0.00,0.00,0.00,0.01,0.01,0.00,0.01,Matches,2019-2020
371,Dennis Praet,be BEL,MF,Leicester City,25,1994,27,12,1134,12.6,1,2,3,1,0,0,2,0,0.9,0.9,1.3,2.3,10,42,42,0.08,0.16,0.24,0.08,0.24,0.07,0.11,0.18,0.07,0.18,Matches,2019-2020
372,Sebastian Prödl,at AUT,DF,Watford,32,1987,1,1,56,0.6,0,0,0,0,0,0,0,0,0.1,0.1,0.0,0.1,0,0,0,0.00,0.00,0.00,0.00,0.00,0.16,0.00,0.16,0.16,0.16,Matches,2019-2020
373,Davy Pröpper,nl NED,MF,Brighton,27,1991,35,32,2829,31.4,1,2,3,1,0,0,4,0,1.6,1.6,2.5,4.2,55,265,43,0.03,0.06,0.10,0.03,0.10,0.05,0.08,0.13,0.05,0.13,Matches,2019-2020
374,Teemu Pukki,fi FIN,FW,Norwich City,29,1990,36,33,2886,32.1,11,3,14,9,2,2,3,0,11.2,9.7,3.8,13.5,46,22,194,0.34,0.09,0.44,0.28,0.37,0.35,0.12,0.47,0.30,0.42,Matches,2019-2020
375,Christian Pulisic,us USA,FW,Chelsea,20,1998,25,19,1722,19.1,9,4,13,9,0,0,0,0,9.0,9.0,3.6,12.6,107,73,188,0.47,0.21,0.68,0.47,0.68,0.47,0.19,0.66,0.47,0.66,Matches,2019-2020
376,Ignacio Pussetto,ar ARG,"FW,MF",Watford,23,1995,7,0,74,0.8,0,0,0,0,0,0,1,0,0.0,0.0,0.0,0.0,1,3,0,0.00,0.00,0.00,0.00,0.00,0.00,0.00,0.00,0.00,0.00,Matches,2019-2020
377,Domingos Quina,pt POR,"MF,FW",Watford,19,1999,4,0,22,0.2,0,0,0,0,0,0,0,0,0.0,0.0,0.0,0.0,1,1,0,0.00,0.00,0.00,0.00,0.00,0.11,0.00,0.11,0.11,0.11,Matches,2019-2020
378,Aaron Ramsdale,eng ENG,GK,Bournemouth,21,1998,37,37,3330,37.0,0,1,1,0,0,0,0,0,0.0,0.0,0.7,0.7,0,0,0,0.00,0.03,0.03,0.00,0.03,0.00,0.02,0.02,0.00,0.02,Matches,2019-2020
379,Darren Randolph,ie IRL,GK,West Ham,32,1987,2,2,180,2.0,0,0,0,0,0,0,0,0,0.0,0.0,0.0,0.0,0,0,0,0.00,0.00,0.00,0.00,0.00,0.00,0.00,0.00,0.00,0.00,Matches,2019-2020
380,Marcus Rashford,eng ENG,FW,Manchester Utd,21,1997,31,31,2643,29.4,17,7,24,11,6,8,3,0,19.2,12.9,5.0,17.9,105,124,250,0.58,0.24,0.82,0.37,0.61,0.65,0.17,0.82,0.44,0.61,Matches,2019-2020
381,Nathan Redmond,eng ENG,"MF,FW",Southampton,25,1994,32,32,2762,30.7,4,4,8,4,0,0,2,0,5.1,5.1,3.3,8.4,126,104,200,0.13,0.13,0.26,0.13,0.26,0.17,0.11,0.27,0.17,0.27,Matches,2019-2020
382,Pepe Reina,es ESP,GK,Aston Villa,36,1982,12,12,1080,12.0,0,0,0,0,0,0,1,0,0.0,0.0,0.0,0.0,0,0,0,0.00,0.00,0.00,0.00,0.00,0.00,0.00,0.00,0.00,0.00,Matches,2019-2020
383,Declan Rice,eng ENG,MF,West Ham,20,1999,38,38,3420,38.0,1,3,4,1,0,0,6,0,1.3,1.3,1.4,2.7,52,180,36,0.03,0.08,0.11,0.03,0.11,0.03,0.04,0.07,0.03,0.07,Matches,2019-2020
384,Richarlison,br BRA,"FW,MF",Everton,22,1997,36,36,3070,34.1,13,3,16,13,0,0,8,0,9.1,9.1,6.7,15.7,95,93,222,0.38,0.09,0.47,0.38,0.47,0.27,0.20,0.46,0.27,0.46,Matches,2019-2020
385,Diego Rico,es ESP,DF,Bournemouth,26,1993,27,27,2332,25.9,0,4,4,0,0,0,6,0,0.4,0.4,3.2,3.6,42,145,81,0.00,0.15,0.15,0.00,0.15,0.02,0.12,0.14,0.02,0.14,Matches,2019-2020
386,Jaïro Riedewald,nl NED,"DF,MF",Crystal Palace,22,1996,17,7,769,8.5,0,0,0,0,0,0,0,0,0.1,0.1,0.2,0.3,8,31,20,0.00,0.00,0.00,0.00,0.00,0.01,0.02,0.03,0.01,0.03,Matches,2019-2020
387,Matt Ritchie,sct SCO,"DF,MF",Newcastle Utd,29,1989,18,14,1315,14.6,2,1,3,2,0,1,4,0,1.7,0.9,2.3,3.2,23,52,43,0.14,0.07,0.21,0.14,0.21,0.12,0.16,0.28,0.06,0.22,Matches,2019-2020
388,Roberto,es ESP,GK,West Ham,33,1986,8,7,687,7.6,0,0,0,0,0,0,0,0,0.0,0.0,0.0,0.0,0,0,0,0.00,0.00,0.00,0.00,0.00,0.00,0.00,0.00,0.00,0.00,Matches,2019-2020
389,Patrick Roberts,eng ENG,"FW,MF",Norwich City,22,1997,3,0,26,0.3,0,0,0,0,0,0,0,0,0.0,0.0,0.0,0.0,1,2,2,0.00,0.00,0.00,0.00,0.00,0.00,0.00,0.00,0.00,0.00,Matches,2019-2020
390,Andrew Robertson,sct SCO,DF,Liverpool,25,1994,36,34,3111,34.6,2,12,14,2,0,0,2,0,1.8,1.8,7.5,9.3,149,219,277,0.06,0.35,0.41,0.06,0.41,0.05,0.22,0.27,0.05,0.27,Matches,2019-2020
391,Callum Robinson,ie IRL,"FW,MF",Sheffield Utd,24,1995,16,9,676,7.5,1,1,2,1,0,0,1,0,1.6,1.6,0.4,2.0,12,10,50,0.13,0.13,0.27,0.13,0.27,0.21,0.05,0.26,0.21,0.26,Matches,2019-2020
392,Jack Robinson,eng ENG,DF,Sheffield Utd,25,1993,6,6,504,5.6,0,0,0,0,0,0,0,0,0.0,0.0,0.2,0.2,4,17,1,0.00,0.00,0.00,0.00,0.00,0.00,0.03,0.03,0.00,0.03,Matches,2019-2020
393,Rodri,es ESP,MF,Manchester City,23,1996,35,29,2486,27.6,3,2,5,3,0,0,8,0,0.9,0.9,2.6,3.5,41,232,21,0.11,0.07,0.18,0.11,0.18,0.03,0.09,0.13,0.03,0.13,Matches,2019-2020
394,Jay Rodriguez,eng ENG,FW,Burnley,30,1989,36,20,2016,22.4,8,1,9,7,1,1,1,0,8.8,8.0,0.6,8.6,31,33,126,0.36,0.04,0.40,0.31,0.36,0.39,0.03,0.42,0.36,0.38,Matches,2019-2020
395,Jack Rodwell,eng ENG,MF,Sheffield Utd,28,1991,1,0,16,0.2,0,0,0,0,0,0,0,0,0.0,0.0,0.0,0.0,0,0,0,0.00,0.00,0.00,0.00,0.00,0.00,0.00,0.00,0.00,0.00,Matches,2019-2020
396,Marcos Rojo,ar ARG,DF,Manchester Utd,29,1990,3,1,122,1.4,0,0,0,0,0,0,1,0,0.2,0.2,0.0,0.2,0,6,1,0.00,0.00,0.00,0.00,0.00,0.15,0.00,0.15,0.15,0.15,Matches,2019-2020
397,Oriol Romeu,es ESP,MF,Southampton,27,1991,30,20,1860,20.7,0,0,0,0,0,0,5,0,0.2,0.2,1.6,1.9,17,110,13,0.00,0.00,0.00,0.00,0.00,0.01,0.08,0.09,0.01,0.09,Matches,2019-2020
398,Danny Rose,eng ENG,DF,Tottenham,29,1990,12,10,893,9.9,0,0,0,0,0,0,5,0,0.1,0.1,0.6,0.7,23,65,30,0.00,0.00,0.00,0.00,0.00,0.01,0.06,0.07,0.01,0.07,Matches,2019-2020
399,Danny Rose,eng ENG,DF,Newcastle Utd,29,1990,11,10,863,9.6,0,0,0,0,0,0,2,0,0.0,0.0,0.2,0.2,4,32,21,0.00,0.00,0.00,0.00,0.00,0.00,0.02,0.02,0.00,0.02,Matches,2019-2020
400,Antonio Rüdiger,de GER,DF,Chelsea,26,1993,20,19,1710,19.0,2,0,2,2,0,0,3,0,0.9,0.9,0.6,1.5,11,99,0,0.11,0.00,0.11,0.11,0.11,0.05,0.03,0.08,0.05,0.08,Matches,2019-2020
401,Lukas Rupp,de GER,"FW,MF",Norwich City,28,1991,12,8,695,7.7,0,0,0,0,0,0,1,0,0.9,0.9,0.9,1.7,3,18,23,0.00,0.00,0.00,0.00,0.00,0.11,0.11,0.22,0.11,0.22,Matches,2019-2020
402,Mathew Ryan,au AUS,GK,Brighton,27,1992,38,38,3420,38.0,0,0,0,0,0,0,0,0,0.0,0.0,0.0,0.0,0,0,0,0.00,0.00,0.00,0.00,0.00,0.00,0.00,0.00,0.00,0.00,Matches,2019-2020
403,Allan Saint-Maximin,fr FRA,"MF,FW",Newcastle Utd,22,1997,26,23,1863,20.7,3,4,7,3,0,0,0,0,3.3,3.3,3.3,6.6,125,49,92,0.14,0.19,0.34,0.14,0.34,0.16,0.16,0.32,0.16,0.32,Matches,2019-2020
404,Romain Saïss,ma MAR,DF,Wolves,29,1990,33,31,2705,30.1,2,1,3,2,0,0,12,1,3.4,3.4,1.3,4.8,10,132,9,0.07,0.03,0.10,0.07,0.10,0.11,0.04,0.16,0.11,0.16,Matches,2019-2020
405,Bukayo Saka,eng ENG,"DF,FW",Arsenal,17,2001,26,19,1753,19.5,1,5,6,1,0,0,6,0,1.0,1.0,3.3,4.3,67,67,143,0.05,0.26,0.31,0.05,0.31,0.05,0.17,0.22,0.05,0.22,Matches,2019-2020
406,Mamadou Sakho,fr FRA,DF,Crystal Palace,29,1990,14,11,931,10.3,0,0,0,0,0,0,1,1,0.0,0.0,0.1,0.1,1,26,2,0.00,0.00,0.00,0.00,0.00,0.00,0.01,0.01,0.00,0.01,Matches,2019-2020
407,Mohamed Salah,eg EGY,FW,Liverpool,27,1992,34,33,2876,32.0,19,10,29,16,3,3,1,0,19.0,16.6,7.8,24.5,105,91,347,0.59,0.31,0.91,0.50,0.81,0.59,0.25,0.84,0.52,0.77,Matches,2019-2020
408,Mbwana Samatta,tz TAN,FW,Aston Villa,26,1992,14,11,943,10.5,1,0,1,1,0,0,1,0,2.3,2.3,0.6,2.9,6,11,49,0.10,0.00,0.10,0.10,0.10,0.22,0.06,0.28,0.22,0.28,Matches,2019-2020
409,Carlos Sánchez,co COL,MF,West Ham,33,1986,6,1,117,1.3,0,0,0,0,0,0,0,0,0.0,0.0,0.0,0.0,0,5,0,0.00,0.00,0.00,0.00,0.00,0.00,0.00,0.00,0.00,0.00,Matches,2019-2020
410,Davinson Sánchez,co COL,DF,Tottenham,23,1996,29,27,2431,27.0,0,0,0,0,0,0,6,0,0.6,0.6,0.0,0.7,10,53,9,0.00,0.00,0.00,0.00,0.00,0.02,0.00,0.03,0.02,0.03,Matches,2019-2020
411,Leroy Sané,de GER,FW,Manchester City,23,1996,1,0,12,0.1,0,0,0,0,0,0,0,0,0.1,0.1,0.0,0.1,2,1,4,0.00,0.00,0.00,0.00,0.00,0.86,0.00,0.86,0.86,0.86,Matches,2019-2020
412,Ismaila Sarr,sn SEN,"FW,MF",Watford,21,1998,28,22,2028,22.5,5,4,9,5,0,0,1,0,6.1,6.1,4.5,10.6,107,41,200,0.22,0.18,0.40,0.22,0.40,0.27,0.20,0.47,0.27,0.47,Matches,2019-2020
413,Fabian Schär,ch SUI,"DF,MF",Newcastle Utd,27,1991,22,18,1672,18.6,2,0,2,2,0,0,5,0,1.4,1.4,0.1,1.6,20,53,6,0.11,0.00,0.11,0.11,0.11,0.08,0.01,0.09,0.08,0.09,Matches,2019-2020
414,Ezequiel Schelotto,it ITA,DF,Brighton,30,1989,8,4,361,4.0,0,0,0,0,0,0,2,0,0.2,0.2,0.0,0.2,15,9,40,0.00,0.00,0.00,0.00,0.00,0.06,0.00,0.06,0.06,0.06,Matches,2019-2020
415,Jeffrey Schlupp,gh GHA,"FW,MF",Crystal Palace,26,1992,17,11,1036,11.5,3,1,4,3,0,0,2,0,1.7,1.7,0.8,2.6,23,42,53,0.26,0.09,0.35,0.26,0.35,0.15,0.07,0.22,0.15,0.22,Matches,2019-2020
416,Kasper Schmeichel,dk DEN,GK,Leicester City,32,1986,38,38,3420,38.0,0,0,0,0,0,0,2,0,0.0,0.0,0.5,0.5,0,1,0,0.00,0.00,0.00,0.00,0.00,0.00,0.01,0.01,0.00,0.01,Matches,2019-2020
417,Morgan Schneiderlin,fr FRA,MF,Everton,29,1989,15,12,1001,11.1,0,0,0,0,0,0,6,1,0.2,0.2,0.1,0.4,4,62,3,0.00,0.00,0.00,0.00,0.00,0.02,0.01,0.03,0.02,0.03,Matches,2019-2020
418,Ryan Sessegnon,eng ENG,"DF,FW",Tottenham,19,2000,6,4,342,3.8,0,0,0,0,0,0,0,0,0.1,0.1,0.1,0.1,13,17,24,0.00,0.00,0.00,0.00,0.00,0.02,0.02,0.03,0.02,0.03,Matches,2019-2020
419,Xherdan Shaqiri,ch SUI,"FW,MF",Liverpool,27,1991,7,2,185,2.1,1,0,1,1,0,0,0,0,0.5,0.5,0.2,0.7,1,18,15,0.49,0.00,0.49,0.49,0.49,0.25,0.09,0.33,0.25,0.33,Matches,2019-2020
420,Billy Sharp,eng ENG,FW,Sheffield Utd,33,1986,25,10,1051,11.7,3,2,5,3,0,0,1,1,3.8,3.8,2.3,6.1,18,22,106,0.26,0.17,0.43,0.26,0.43,0.33,0.19,0.52,0.33,0.52,Matches,2019-2020
421,Luke Shaw,eng ENG,DF,Manchester Utd,24,1995,24,20,1733,19.3,0,0,0,0,0,0,7,0,0.7,0.7,1.4,2.1,60,122,103,0.00,0.00,0.00,0.00,0.00,0.03,0.07,0.11,0.03,0.11,Matches,2019-2020
422,Jonjo Shelvey,eng ENG,MF,Newcastle Utd,27,1992,26,25,2119,23.5,6,2,8,6,0,0,3,0,2.5,2.5,3.6,6.1,22,124,28,0.25,0.08,0.34,0.25,0.34,0.10,0.15,0.26,0.10,0.26,Matches,2019-2020
423,Djibril Sidibé,fr FRA,"DF,MF",Everton,27,1992,25,18,1824,20.3,0,4,4,0,0,0,3,0,0.4,0.4,2.3,2.7,61,86,102,0.00,0.20,0.20,0.00,0.20,0.02,0.11,0.13,0.02,0.13,Matches,2019-2020
424,Gylfi Sigurðsson,is ISL,MF,Everton,29,1989,35,28,2560,28.4,2,3,5,1,1,1,3,0,4.0,3.2,4.2,7.4,27,127,73,0.07,0.11,0.18,0.04,0.14,0.14,0.15,0.29,0.11,0.26,Matches,2019-2020
425,Bernardo Silva,pt POR,"FW,MF",Manchester City,24,1994,34,23,2030,22.6,6,7,13,6,0,0,5,0,6.0,6.0,5.0,10.9,117,122,259,0.27,0.31,0.58,0.27,0.58,0.26,0.22,0.48,0.26,0.48,Matches,2019-2020
426,David Silva,es ESP,MF,Manchester City,33,1986,27,22,1826,20.3,6,10,16,6,0,0,0,0,6.4,6.4,6.5,12.9,82,203,175,0.30,0.49,0.79,0.30,0.79,0.31,0.32,0.63,0.31,0.63,Matches,2019-2020
427,Jack Simpson,eng ENG,DF,Bournemouth,22,1996,4,1,241,2.7,0,0,0,0,0,0,0,0,0.0,0.0,0.1,0.1,0,5,3,0.00,0.00,0.00,0.00,0.00,0.01,0.02,0.04,0.01,0.04,Matches,2019-2020
428,Moussa Sissoko,fr FRA,MF,Tottenham,29,1989,29,28,2452,27.2,2,1,3,2,0,0,8,0,2.2,2.2,1.1,3.3,72,96,58,0.07,0.04,0.11,0.07,0.11,0.08,0.04,0.12,0.08,0.12,Matches,2019-2020
429,Oliver Skipp,eng ENG,MF,Tottenham,18,2000,7,1,77,0.9,0,0,0,0,0,0,0,0,0.0,0.0,0.0,0.0,0,5,0,0.00,0.00,0.00,0.00,0.00,0.00,0.00,0.00,0.00,0.00,Matches,2019-2020
430,William Smallbone,ie IRL,MF,Southampton,19,2000,9,4,393,4.4,0,2,2,0,0,0,0,0,0.3,0.3,0.2,0.4,4,12,13,0.00,0.46,0.46,0.00,0.46,0.06,0.04,0.10,0.06,0.10,Matches,2019-2020
431,Adam Smith,eng ENG,DF,Bournemouth,28,1991,24,24,2055,22.8,0,1,1,0,0,0,7,0,0.8,0.8,1.1,1.8,75,93,69,0.00,0.04,0.04,0.00,0.04,0.03,0.05,0.08,0.03,0.08,Matches,2019-2020
432,Emile Smith Rowe,eng ENG,MF,Arsenal,19,2000,2,1,97,1.1,0,0,0,0,0,0,0,0,0.0,0.0,0.0,0.0,4,2,5,0.00,0.00,0.00,0.00,0.00,0.00,0.00,0.00,0.00,0.00,Matches,2019-2020
433,Robert Snodgrass,sct SCO,"MF,FW",West Ham,31,1987,24,17,1509,16.8,5,5,10,5,0,0,4,0,2.5,2.5,3.2,5.7,44,57,117,0.30,0.30,0.60,0.30,0.60,0.15,0.19,0.34,0.15,0.34,Matches,2019-2020
434,Cédric Soares,pt POR,"MF,DF",Arsenal,27,1991,5,3,249,2.8,1,0,1,1,0,0,0,0,0.0,0.0,0.0,0.1,6,11,25,0.36,0.00,0.36,0.36,0.36,0.01,0.01,0.02,0.01,0.02,Matches,2019-2020
435,Cédric Soares,pt POR,DF,Southampton,27,1991,16,16,1306,14.5,0,1,1,0,0,0,1,0,0.6,0.6,0.7,1.3,29,47,46,0.00,0.07,0.07,0.00,0.07,0.04,0.05,0.09,0.04,0.09,Matches,2019-2020
436,Dominic Solanke,eng ENG,FW,Bournemouth,21,1997,32,17,1651,18.3,3,1,4,3,0,0,1,0,4.6,4.6,1.2,5.8,35,35,109,0.16,0.05,0.22,0.16,0.22,0.25,0.07,0.32,0.25,0.32,Matches,2019-2020
437,Tomáš Souček,cz CZE,MF,West Ham,24,1995,13,12,1040,11.6,3,0,3,3,0,0,0,0,2.8,2.8,0.3,3.1,3,40,17,0.26,0.00,0.26,0.26,0.26,0.24,0.03,0.27,0.24,0.27,Matches,2019-2020
438,Çağlar Söyüncü,tr TUR,DF,Leicester City,23,1996,34,34,3036,33.7,1,1,2,1,0,0,4,1,2.1,2.1,0.8,2.9,22,125,5,0.03,0.03,0.06,0.03,0.06,0.06,0.02,0.09,0.06,0.09,Matches,2019-2020
439,Dennis Srbeny,de GER,"MF,FW",Norwich City,25,1994,8,0,47,0.5,1,0,1,1,0,0,0,0,0.5,0.5,0.0,0.5,0,1,4,1.91,0.00,1.91,1.91,1.91,1.00,0.00,1.00,1.00,1.00,Matches,2019-2020
440,Jack Stacey,eng ENG,DF,Bournemouth,23,1996,19,17,1549,17.2,0,2,2,0,0,0,2,0,0.5,0.5,2.2,2.7,38,50,57,0.00,0.12,0.12,0.00,0.12,0.03,0.13,0.16,0.03,0.16,Matches,2019-2020
441,Junior Stanislas,eng ENG,"MF,FW",Bournemouth,29,1989,15,7,712,7.9,3,0,3,2,1,1,1,0,2.1,1.4,0.8,2.2,30,26,42,0.38,0.00,0.38,0.25,0.25,0.27,0.10,0.37,0.17,0.27,Matches,2019-2020
442,Jed Steer,eng ENG,GK,Aston Villa,26,1992,1,1,7,0.1,0,0,0,0,0,0,0,0,0.0,0.0,0.0,0.0,0,0,0,0.00,0.00,0.00,0.00,0.00,0.00,0.00,0.00,0.00,0.00,Matches,2019-2020
443,Dale Stephens,eng ENG,MF,Brighton,30,1989,33,28,2530,28.1,0,1,1,0,0,0,8,0,0.6,0.6,1.3,1.9,9,160,14,0.00,0.04,0.04,0.00,0.04,0.02,0.05,0.07,0.02,0.07,Matches,2019-2020
444,Jack Stephens,eng ENG,DF,Southampton,25,1994,28,27,2451,27.2,1,3,4,1,0,0,4,1,1.0,1.0,1.4,2.4,17,81,11,0.04,0.11,0.15,0.04,0.15,0.04,0.05,0.09,0.04,0.09,Matches,2019-2020
445,Raheem Sterling,eng ENG,FW,Manchester City,24,1994,33,30,2651,29.5,20,1,21,20,0,2,5,0,18.2,16.4,6.2,22.7,151,100,429,0.68,0.03,0.71,0.68,0.71,0.62,0.21,0.83,0.56,0.77,Matches,2019-2020
446,Enda Stevens,ie IRL,DF,Sheffield Utd,29,1990,38,38,3345,37.2,2,4,6,2,0,0,7,0,1.3,1.3,5.3,6.6,92,174,197,0.05,0.11,0.16,0.05,0.16,0.04,0.14,0.18,0.04,0.18,Matches,2019-2020
447,Marco Stiepermann,de GER,MF,Norwich City,28,1991,24,14,1180,13.1,0,0,0,0,0,0,6,0,1.5,1.5,0.8,2.3,35,46,52,0.00,0.00,0.00,0.00,0.00,0.11,0.06,0.18,0.11,0.18,Matches,2019-2020
448,John Stones,eng ENG,DF,Manchester City,25,1994,16,12,1122,12.5,0,0,0,0,0,0,0,0,0.4,0.4,0.1,0.5,22,83,1,0.00,0.00,0.00,0.00,0.00,0.03,0.01,0.04,0.03,0.04,Matches,2019-2020
449,Isaac Success,ng NGA,"FW,MF",Watford,23,1996,5,0,70,0.8,0,0,0,0,0,0,1,0,0.1,0.1,0.1,0.1,4,2,9,0.00,0.00,0.00,0.00,0.00,0.07,0.07,0.14,0.07,0.14,Matches,2019-2020
450,Ki Sung-yueng,kr KOR,MF,Newcastle Utd,30,1989,3,1,137,1.5,0,0,0,0,0,0,0,0,0.0,0.0,0.1,0.1,1,6,3,0.00,0.00,0.00,0.00,0.00,0.00,0.05,0.05,0.00,0.05,Matches,2019-2020
451,Andrew Surman,eng ENG,MF,Bournemouth,32,1986,5,2,235,2.6,0,0,0,0,0,0,1,0,0.0,0.0,0.0,0.1,1,5,1,0.00,0.00,0.00,0.00,0.00,0.01,0.02,0.02,0.01,0.02,Matches,2019-2020
452,Sam Surridge,eng ENG,"FW,MF",Bournemouth,21,1998,4,0,27,0.3,0,0,0,0,0,0,0,0,0.5,0.5,0.1,0.6,0,2,5,0.00,0.00,0.00,0.00,0.00,1.75,0.19,1.94,1.75,1.94,Matches,2019-2020
453,Japhet Tanganga,eng ENG,DF,Tottenham,20,1999,6,6,525,5.8,0,0,0,0,0,0,1,0,0.1,0.1,0.1,0.1,3,14,7,0.00,0.00,0.00,0.00,0.00,0.01,0.01,0.02,0.01,0.02,Matches,2019-2020
454,Matt Targett,eng ENG,"DF,MF",Aston Villa,23,1995,28,27,2291,25.5,1,2,3,1,0,0,4,0,0.4,0.4,2.6,3.0,22,115,81,0.04,0.08,0.12,0.04,0.12,0.02,0.10,0.12,0.02,0.12,Matches,2019-2020
455,James Tarkowski,eng ENG,DF,Burnley,26,1992,38,38,3420,38.0,2,2,4,2,0,0,10,0,2.1,2.1,3.1,5.2,2,83,2,0.05,0.05,0.11,0.05,0.11,0.06,0.08,0.14,0.06,0.14,Matches,2019-2020
456,Charlie Taylor,eng ENG,DF,Burnley,25,1993,24,22,1945,21.6,0,1,1,0,0,0,3,0,0.0,0.0,0.9,1.0,61,54,46,0.00,0.05,0.05,0.00,0.05,0.00,0.04,0.04,0.00,0.04,Matches,2019-2020
457,Neil Taylor,wls WAL,DF,Aston Villa,30,1989,14,11,1091,12.1,0,0,0,0,0,0,2,0,0.2,0.2,0.4,0.6,7,48,25,0.00,0.00,0.00,0.00,0.00,0.01,0.03,0.05,0.01,0.05,Matches,2019-2020
458,Nathan Tella,ng NGA,FW,Southampton,20,1999,1,0,3,0.0,0,0,0,0,0,0,0,0,0.0,0.0,0.0,0.0,1,0,1,0.00,0.00,0.00,0.00,0.00,1.27,0.00,1.27,1.27,1.27,Matches,2019-2020
459,Alexander Tettey,no NOR,"MF,DF",Norwich City,33,1986,30,28,2338,26.0,1,1,2,1,0,0,5,0,0.8,0.8,0.5,1.4,19,54,12,0.04,0.04,0.08,0.04,0.08,0.03,0.02,0.05,0.03,0.05,Matches,2019-2020
460,Jordan Thomas,eng ENG,FW,Norwich City,18,2001,1,0,1,0.0,0,0,0,0,0,0,0,0,0.0,0.0,0.0,0.0,0,0,0,0.00,0.00,0.00,0.00,0.00,0.00,0.00,0.00,0.00,0.00,Matches,2019-2020
461,Luke Thomas,eng ENG,"MF,DF",Leicester City,18,2001,3,3,267,3.0,0,1,1,0,0,0,0,0,0.0,0.0,0.6,0.6,6,13,16,0.00,0.34,0.34,0.00,0.34,0.00,0.21,0.21,0.00,0.21,Matches,2019-2020
462,Max Thompson,eng ENG,FW,Burnley,17,2002,1,0,3,0.0,0,0,0,0,0,0,0,0,0.0,0.0,0.0,0.0,0,0,0,0.00,0.00,0.00,0.00,0.00,0.00,0.00,0.00,0.00,0.00,Matches,2019-2020
463,Youri Tielemans,be BEL,MF,Leicester City,22,1997,37,32,2828,31.4,3,6,9,3,0,0,2,0,2.7,2.7,4.5,7.2,46,215,123,0.10,0.19,0.29,0.10,0.29,0.09,0.14,0.23,0.09,0.23,Matches,2019-2020
464,Kieran Tierney,sct SCO,"DF,MF",Arsenal,22,1997,15,12,989,11.0,1,1,2,1,0,0,2,0,0.2,0.2,1.0,1.2,26,34,67,0.09,0.09,0.18,0.09,0.18,0.02,0.09,0.11,0.02,0.11,Matches,2019-2020
465,James Tomkins,eng ENG,DF,Crystal Palace,30,1989,18,18,1582,17.6,1,1,2,1,0,0,5,0,1.1,1.1,0.1,1.2,1,14,4,0.06,0.06,0.11,0.06,0.11,0.06,0.01,0.07,0.06,0.07,Matches,2019-2020
466,Fikayo Tomori,eng ENG,DF,Chelsea,21,1997,15,15,1291,14.3,1,0,1,1,0,0,3,0,0.4,0.4,0.1,0.6,14,50,4,0.07,0.00,0.07,0.07,0.07,0.03,0.01,0.04,0.03,0.04,Matches,2019-2020
467,Lucas Torreira,uy URU,MF,Arsenal,23,1996,29,17,1512,16.8,1,1,2,1,0,0,7,0,1.4,1.4,0.8,2.2,13,83,20,0.06,0.06,0.12,0.06,0.12,0.08,0.05,0.13,0.08,0.13,Matches,2019-2020
468,Cenk Tosun,tr TUR,FW,Crystal Palace,28,1991,5,2,177,2.0,1,0,1,1,0,0,0,0,0.5,0.5,0.6,1.1,5,7,11,0.51,0.00,0.51,0.51,0.51,0.27,0.29,0.55,0.27,0.55,Matches,2019-2020
469,Cenk Tosun,tr TUR,FW,Everton,28,1991,5,2,291,3.2,1,0,1,1,0,0,0,0,1.0,1.0,0.2,1.1,2,6,27,0.31,0.00,0.31,0.31,0.31,0.29,0.05,0.35,0.29,0.35,Matches,2019-2020
470,Andros Townsend,eng ENG,"FW,MF",Crystal Palace,28,1991,24,14,1294,14.4,1,1,2,1,0,0,0,0,0.4,0.4,1.9,2.3,56,44,77,0.07,0.07,0.14,0.07,0.14,0.03,0.13,0.16,0.03,0.16,Matches,2019-2020
471,Adama Traoré,es ESP,"FW,DF",Wolves,23,1996,37,27,2605,28.9,4,9,13,4,0,0,1,0,3.8,3.8,6.6,10.4,252,88,246,0.14,0.31,0.45,0.14,0.45,0.13,0.23,0.36,0.13,0.36,Matches,2019-2020
472,Mark Travers,ie IRL,GK,Bournemouth,20,1999,1,1,90,1.0,0,0,0,0,0,0,0,0,0.0,0.0,0.0,0.0,0,0,0,0.00,0.00,0.00,0.00,0.00,0.00,0.00,0.00,0.00,0.00,Matches,2019-2020
473,Trézéguet,eg EGY,"FW,MF",Aston Villa,24,1994,34,20,1950,21.7,6,1,7,6,0,0,4,1,4.7,4.7,1.0,5.8,59,37,170,0.28,0.05,0.32,0.28,0.32,0.22,0.05,0.27,0.22,0.27,Matches,2019-2020
474,Leandro Trossard,be BEL,"FW,MF",Brighton,24,1994,31,22,2011,22.3,5,3,8,5,0,0,0,0,5.0,5.0,3.9,9.0,68,95,228,0.22,0.13,0.36,0.22,0.36,0.23,0.18,0.40,0.23,0.40,Matches,2019-2020
475,Tom Trybull,de GER,MF,Norwich City,26,1993,16,14,1130,12.6,0,0,0,0,0,0,2,0,0.5,0.5,0.1,0.6,3,33,2,0.00,0.00,0.00,0.00,0.00,0.04,0.01,0.05,0.04,0.05,Matches,2019-2020
476,Axel Tuanzebe,cd COD,DF,Manchester Utd,21,1997,5,2,189,2.1,0,0,0,0,0,0,0,0,0.0,0.0,0.0,0.0,1,8,2,0.00,0.00,0.00,0.00,0.00,0.00,0.00,0.00,0.00,0.00,Matches,2019-2020
477,Yan Valery,tn TUN,DF,Southampton,20,1999,11,10,779,8.7,0,0,0,0,0,0,1,0,0.3,0.3,1.0,1.3,20,14,31,0.00,0.00,0.00,0.00,0.00,0.03,0.12,0.15,0.03,0.15,Matches,2019-2020
478,Jesús Vallejo,es ESP,DF,Wolves,22,1997,2,1,163,1.8,0,0,0,0,0,0,1,0,0.0,0.0,0.0,0.0,0,6,0,0.00,0.00,0.00,0.00,0.00,0.00,0.00,0.00,0.00,0.00,Matches,2019-2020
479,Virgil van Dijk,nl NED,DF,Liverpool,28,1991,38,38,3420,38.0,5,1,6,5,0,0,1,0,2.9,2.9,1.3,4.2,21,170,14,0.13,0.03,0.16,0.13,0.16,0.08,0.04,0.11,0.08,0.11,Matches,2019-2020
480,Jamie Vardy,eng ENG,FW,Leicester City,32,1987,35,34,3033,33.7,23,5,28,19,4,5,2,0,19.2,15.3,5.9,21.2,61,44,200,0.68,0.15,0.83,0.56,0.71,0.57,0.18,0.75,0.45,0.63,Matches,2019-2020
481,Indiana Vassilev,us USA,"FW,MF",Aston Villa,18,2001,4,0,51,0.6,0,0,0,0,0,0,0,0,0.0,0.0,0.0,0.0,0,0,4,0.00,0.00,0.00,0.00,0.00,0.06,0.00,0.06,0.06,0.06,Matches,2019-2020
482,Jan Vertonghen,be BEL,DF,Tottenham,32,1987,23,19,1645,18.3,1,1,2,1,0,0,2,0,0.4,0.4,0.9,1.4,13,58,13,0.05,0.05,0.11,0.05,0.11,0.02,0.05,0.07,0.02,0.07,Matches,2019-2020
483,Jannik Vestergaard,dk DEN,DF,Southampton,26,1992,19,17,1497,16.6,1,0,1,1,0,0,3,0,1.4,1.4,0.5,1.8,12,55,1,0.06,0.00,0.06,0.06,0.06,0.08,0.03,0.11,0.08,0.11,Matches,2019-2020
484,Rúben Vinagre,pt POR,"MF,DF",Wolves,20,1999,16,6,652,7.2,0,0,0,0,0,0,1,0,0.3,0.3,0.6,0.9,36,8,32,0.00,0.00,0.00,0.00,0.00,0.04,0.08,0.12,0.04,0.12,Matches,2019-2020
485,Jake Vokins,eng ENG,DF,Southampton,19,2000,1,1,90,1.0,0,0,0,0,0,0,0,0,0.0,0.0,0.1,0.1,4,3,11,0.00,0.00,0.00,0.00,0.00,0.02,0.08,0.10,0.02,0.10,Matches,2019-2020
486,Mario Vrančić,ba BIH,MF,Norwich City,30,1989,20,6,636,7.1,1,0,1,1,0,0,3,0,1.5,1.5,0.9,2.4,17,62,14,0.14,0.00,0.14,0.14,0.14,0.21,0.13,0.34,0.21,0.34,Matches,2019-2020
487,Matěj Vydra,cz CZE,FW,Burnley,27,1992,19,7,819,9.1,2,1,3,2,0,0,0,0,3.8,3.8,1.0,4.8,13,4,52,0.22,0.11,0.33,0.22,0.33,0.41,0.11,0.52,0.41,0.52,Matches,2019-2020
488,Theo Walcott,eng ENG,"MF,FW",Everton,30,1989,25,17,1287,14.3,2,3,5,2,0,0,1,0,3.1,3.1,3.7,6.8,34,34,127,0.14,0.21,0.35,0.14,0.35,0.22,0.26,0.48,0.22,0.48,Matches,2019-2020
489,Kyle Walker,eng ENG,DF,Manchester City,29,1990,29,28,2392,26.6,1,4,5,1,0,0,5,0,1.2,1.2,1.5,2.7,107,194,121,0.04,0.15,0.19,0.04,0.19,0.05,0.06,0.10,0.05,0.10,Matches,2019-2020
490,Kyle Walker-Peters,eng ENG,DF,Southampton,22,1997,10,7,703,7.8,0,0,0,0,0,0,1,0,0.1,0.1,0.6,0.7,26,18,25,0.00,0.00,0.00,0.00,0.00,0.01,0.08,0.10,0.01,0.10,Matches,2019-2020
491,Kyle Walker-Peters,eng ENG,DF,Tottenham,22,1997,3,3,241,2.7,0,0,0,0,0,0,0,0,0.0,0.0,0.1,0.1,9,15,20,0.00,0.00,0.00,0.00,0.00,0.01,0.03,0.04,0.01,0.04,Matches,2019-2020
492,Aaron Wan-Bissaka,eng ENG,DF,Manchester Utd,21,1997,35,34,3070,34.1,0,4,4,0,0,0,8,0,0.7,0.7,3.0,3.7,100,134,175,0.00,0.12,0.12,0.00,0.12,0.02,0.09,0.11,0.02,0.11,Matches,2019-2020
493,Victor Wanyama,ke KEN,MF,Tottenham,28,1991,2,0,25,0.3,0,0,0,0,0,0,1,0,0.0,0.0,0.0,0.0,0,5,0,0.00,0.00,0.00,0.00,0.00,0.00,0.00,0.00,0.00,0.00,Matches,2019-2020
494,Joel Ward,eng ENG,DF,Crystal Palace,29,1989,29,27,2382,26.5,0,0,0,0,0,0,4,0,0.3,0.3,0.3,0.6,22,115,54,0.00,0.00,0.00,0.00,0.00,0.01,0.01,0.02,0.01,0.02,Matches,2019-2020
495,James Ward-Prowse,eng ENG,"MF,DF",Southampton,24,1994,38,38,3420,38.0,5,3,8,4,1,3,9,0,7.3,4.8,6.8,11.6,17,170,82,0.13,0.08,0.21,0.11,0.18,0.19,0.18,0.37,0.13,0.31,Matches,2019-2020
496,Kelland Watts,eng ENG,DF,Newcastle Utd,19,1999,1,0,17,0.2,0,0,0,0,0,0,0,0,0.0,0.0,0.0,0.0,0,0,0,0.00,0.00,0.00,0.00,0.00,0.00,0.00,0.00,0.00,0.00,Matches,2019-2020
497,Adam Webster,eng ENG,DF,Brighton,24,1995,31,31,2668,29.6,3,1,4,3,0,0,4,0,1.3,1.3,1.3,2.6,29,119,4,0.10,0.03,0.13,0.10,0.13,0.05,0.04,0.09,0.05,0.09,Matches,2019-2020
498,Danny Welbeck,eng ENG,"FW,MF",Watford,28,1990,18,8,822,9.1,2,0,2,2,0,0,0,0,3.9,3.9,0.2,4.0,13,10,66,0.22,0.00,0.22,0.22,0.22,0.43,0.02,0.44,0.43,0.44,Matches,2019-2020
499,Ashley Westwood,eng ENG,MF,Burnley,29,1990,35,35,3150,35.0,2,6,8,2,0,0,9,0,1.1,1.1,6.2,7.3,22,177,33,0.06,0.17,0.23,0.06,0.23,0.03,0.18,0.21,0.03,0.21,Matches,2019-2020
500,Connor Wickham,eng ENG,"FW,MF",Crystal Palace,26,1993,6,0,96,1.1,1,1,2,1,0,0,0,0,1.4,1.4,0.6,1.9,3,6,10,0.94,0.94,1.87,0.94,1.87,1.28,0.52,1.80,1.28,1.80,Matches,2019-2020
501,Georginio Wijnaldum,nl NED,MF,Liverpool,28,1990,37,35,2935,32.6,4,0,4,4,0,0,0,0,2.6,2.6,0.8,3.3,74,137,99,0.12,0.00,0.12,0.12,0.12,0.08,0.02,0.10,0.08,0.10,Matches,2019-2020
502,Jetro Willems,nl NED,DF,Newcastle Utd,25,1994,19,18,1493,16.6,2,2,4,2,0,0,0,0,0.6,0.6,0.9,1.5,24,43,31,0.12,0.12,0.24,0.12,0.24,0.03,0.06,0.09,0.03,0.09,Matches,2019-2020
503,Brandon Williams,eng ENG,DF,Manchester Utd,18,2000,17,11,1006,11.2,1,0,1,1,0,0,6,0,1.0,1.0,0.6,1.6,40,44,70,0.09,0.00,0.09,0.09,0.09,0.09,0.05,0.14,0.09,0.14,Matches,2019-2020
504,Neco Williams,wls WAL,DF,Liverpool,18,2001,6,3,230,2.6,0,0,0,0,0,0,1,0,0.3,0.3,0.1,0.3,10,9,17,0.00,0.00,0.00,0.00,0.00,0.10,0.03,0.13,0.10,0.13,Matches,2019-2020
505,Willian,br BRA,"FW,MF",Chelsea,30,1988,36,29,2600,28.9,9,7,16,5,4,4,4,0,7.6,4.5,7.7,12.1,189,173,294,0.31,0.24,0.55,0.17,0.42,0.26,0.27,0.53,0.16,0.42,Matches,2019-2020
506,Joe Willock,eng ENG,"MF,FW",Arsenal,19,1999,29,8,857,9.5,1,1,2,1,0,0,2,0,1.6,1.6,1.1,2.7,39,41,51,0.11,0.11,0.21,0.11,0.21,0.17,0.11,0.28,0.17,0.28,Matches,2019-2020
507,Jack Wilshere,eng ENG,MF,West Ham,27,1992,8,2,215,2.4,0,0,0,0,0,0,0,0,0.0,0.0,0.0,0.0,6,8,7,0.00,0.00,0.00,0.00,0.00,0.00,0.00,0.00,0.00,0.00,Matches,2019-2020
508,Callum Wilson,eng ENG,FW,Bournemouth,27,1992,35,32,2908,32.3,8,1,9,8,0,0,10,0,9.9,9.9,2.8,12.8,45,52,197,0.25,0.03,0.28,0.25,0.28,0.31,0.09,0.39,0.31,0.39,Matches,2019-2020
509,Harry Wilson,wls WAL,"MF,FW",Bournemouth,22,1997,31,20,1646,18.3,7,0,7,7,0,0,2,0,4.0,4.0,2.4,6.4,29,66,89,0.38,0.00,0.38,0.38,0.38,0.22,0.13,0.35,0.22,0.35,Matches,2019-2020
510,Harry Winks,eng ENG,MF,Tottenham,23,1996,31,26,2221,24.7,0,0,0,0,0,0,9,0,0.5,0.5,1.0,1.5,44,190,18,0.00,0.00,0.00,0.00,0.00,0.02,0.04,0.06,0.02,0.06,Matches,2019-2020
511,Chris Wood,nz NZL,FW,Burnley,27,1991,32,29,2437,27.1,14,1,15,13,1,1,1,0,15.7,14.9,1.8,16.7,13,16,160,0.52,0.04,0.55,0.48,0.52,0.58,0.07,0.64,0.55,0.62,Matches,2019-2020
512,Granit Xhaka,ch SUI,MF,Arsenal,26,1992,31,30,2586,28.7,1,2,3,1,0,0,10,0,0.5,0.5,1.0,1.5,38,237,33,0.03,0.07,0.10,0.03,0.10,0.02,0.03,0.05,0.02,0.05,Matches,2019-2020
513,Andriy Yarmolenko,ua UKR,"MF,FW",West Ham,29,1989,23,10,991,11.0,5,1,6,5,0,0,2,0,2.4,2.4,3.5,5.9,40,41,64,0.45,0.09,0.54,0.45,0.54,0.22,0.32,0.54,0.22,0.54,Matches,2019-2020
514,DeAndre Yedlin,us USA,DF,Newcastle Utd,26,1993,16,10,938,10.4,1,0,1,1,0,0,3,0,0.8,0.8,0.3,1.1,12,14,40,0.10,0.00,0.10,0.10,0.10,0.07,0.03,0.10,0.07,0.10,Matches,2019-2020
515,Maya Yoshida,jp JPN,DF,Southampton,30,1988,8,6,560,6.2,0,0,0,0,0,0,1,0,0.7,0.7,0.0,0.7,1,12,3,0.00,0.00,0.00,0.00,0.00,0.11,0.00,0.11,0.11,0.11,Matches,2019-2020
516,Ashley Young,eng ENG,DF,Manchester Utd,34,1985,12,10,955,10.6,0,0,0,0,0,0,5,0,0.1,0.1,1.5,1.6,25,72,35,0.00,0.00,0.00,0.00,0.00,0.01,0.14,0.15,0.01,0.15,Matches,2019-2020
517,Pablo Zabaleta,ar ARG,DF,West Ham,34,1985,10,6,592,6.6,0,0,0,0,0,0,2,0,0.0,0.0,0.4,0.4,10,29,41,0.00,0.00,0.00,0.00,0.00,0.00,0.05,0.05,0.00,0.05,Matches,2019-2020
518,Wilfried Zaha,ci CIV,"FW,MF",Crystal Palace,26,1992,38,37,3280,36.4,4,3,7,4,0,0,5,0,5.2,5.2,4.0,9.1,210,146,354,0.11,0.08,0.19,0.11,0.19,0.14,0.11,0.25,0.14,0.25,Matches,2019-2020
519,Christoph Zimmermann,de GER,DF,Norwich City,26,1993,17,16,1430,15.9,0,1,1,0,0,0,3,0,0.4,0.4,0.1,0.5,8,33,0,0.00,0.06,0.06,0.00,0.06,0.02,0.01,0.03,0.02,0.03,Matches,2019-2020
520,Oleksandr Zinchenko,ua UKR,DF,Manchester City,22,1996,19,13,1276,14.2,0,0,0,0,0,0,2,1,0.5,0.5,1.5,2.0,37,114,134,0.00,0.00,0.00,0.00,0.00,0.03,0.11,0.14,0.03,0.14,Matches,2019-2020
521,Richairo Živković,cw CUW,FW,Sheffield Utd,22,1996,5,0,112,1.2,0,0,0,0,0,0,0,0,0.1,0.1,0.1,0.2,1,1,8,0.00,0.00,0.00,0.00,0.00,0.06,0.08,0.14,0.06,0.14,Matches,2019-2020
522,Kurt Zouma,fr FRA,DF,Chelsea,24,1994,28,25,2344,26.0,0,0,0,0,0,0,6,0,1.2,1.2,0.2,1.3,16,108,2,0.00,0.00,0.00,0.00,0.00,0.04,0.01,0.05,0.04,0.05,Matches,2019-2020
1,Patrick van Aanholt,nl NED,DF,Crystal Palace,27,1990,36,36,3195,35.5,3,2,5,3,0,0,3,0,2.6,2.6,4.4,7.0,89,212,106,0.08,0.06,0.14,0.08,0.14,0.07,0.12,0.20,0.07,0.20,Matches,2018-2019
2,Sergio Agüero,ar ARG,FW,Manchester City,30,1988,33,31,2459,27.3,21,8,29,19,2,2,4,0,18.1,16.5,5.0,21.5,81,76,253,0.77,0.29,1.06,0.70,0.99,0.66,0.18,0.85,0.60,0.79,Matches,2018-2019
3,Nathan Aké,nl NED,DF,Bournemouth,23,1995,38,38,3411,37.9,4,0,4,4,0,0,3,0,3.4,3.4,1.0,4.4,20,98,25,0.11,0.00,0.11,0.11,0.11,0.09,0.03,0.11,0.09,0.11,Matches,2018-2019
4,Marc Albrighton,eng ENG,"FW,MF",Leicester City,28,1989,27,18,1625,18.1,2,2,4,2,0,0,3,0,1.2,1.2,2.9,4.1,54,64,172,0.11,0.11,0.22,0.11,0.22,0.07,0.16,0.23,0.07,0.23,Matches,2018-2019
5,Toby Alderweireld,be BEL,DF,Tottenham,29,1989,34,33,2922,32.5,0,0,0,0,0,0,3,0,1.1,1.1,0.6,1.8,25,161,5,0.00,0.00,0.00,0.00,0.00,0.03,0.02,0.05,0.03,0.05,Matches,2018-2019
6,Trent Alexander-Arnold,eng ENG,DF,Liverpool,19,1998,29,27,2462,27.4,1,12,13,1,0,0,3,0,1.6,1.6,6.3,7.9,70,157,174,0.04,0.44,0.48,0.04,0.48,0.06,0.23,0.29,0.06,0.29,Matches,2018-2019
7,Alisson,br BRA,GK,Liverpool,25,1992,38,38,3420,38.0,0,0,0,0,0,0,1,0,0.0,0.0,0.0,0.0,1,0,0,0.00,0.00,0.00,0.00,0.00,0.00,0.00,0.00,0.00,0.00,Matches,2018-2019
8,Dele Alli,eng ENG,MF,Tottenham,22,1996,25,22,1825,20.3,5,3,8,5,0,0,4,0,4.8,4.8,3.1,7.9,48,111,153,0.25,0.15,0.39,0.25,0.39,0.23,0.15,0.39,0.23,0.39,Matches,2018-2019
9,Miguel Almirón,py PAR,MF,Newcastle Utd,24,1994,10,9,759,8.4,0,0,0,0,0,0,0,0,1.5,1.5,0.6,2.1,31,25,45,0.00,0.00,0.00,0.00,0.00,0.18,0.07,0.25,0.17,0.24,Matches,2018-2019
10,Marcos Alonso,es ESP,DF,Chelsea,27,1990,31,31,2759,30.7,2,4,6,2,0,0,6,0,3.4,3.4,3.4,6.8,102,146,230,0.07,0.13,0.20,0.07,0.20,0.11,0.11,0.22,0.11,0.22,Matches,2018-2019
11,Daniel Amartey,gh GHA,DF,Leicester City,23,1994,9,7,641,7.1,0,0,0,0,0,0,2,0,0.3,0.3,0.1,0.5,8,34,8,0.00,0.00,0.00,0.00,0.00,0.05,0.02,0.06,0.05,0.06,Matches,2018-2019
12,Luke Amos,eng ENG,MF,Tottenham,21,1997,1,0,3,0.0,0,0,0,0,0,0,0,0,0.0,0.0,0.0,0.0,0,0,0,0.00,0.00,0.00,0.00,0.00,0.00,0.00,0.00,0.00,0.00,Matches,2018-2019
13,Felipe Anderson,br BRA,"MF,FW",West Ham,25,1993,36,36,3043,33.8,9,4,13,9,0,0,3,0,5.5,5.5,6.1,11.5,201,191,253,0.27,0.12,0.38,0.27,0.38,0.16,0.18,0.34,0.16,0.34,Matches,2018-2019
14,Florin Andone,ro ROU,FW,Brighton,25,1993,23,8,881,9.8,3,0,3,3,0,0,5,0,2.5,2.5,0.1,2.6,13,4,62,0.31,0.00,0.31,0.31,0.31,0.25,0.01,0.26,0.25,0.26,Matches,2018-2019
15,Michail Antonio,jm JAM,"MF,FW",West Ham,28,1990,33,22,2103,23.4,6,4,10,6,0,0,3,0,7.1,7.1,4.4,11.5,87,69,204,0.26,0.17,0.43,0.26,0.43,0.30,0.19,0.49,0.30,0.49,Matches,2018-2019
16,Stuart Armstrong,sct SCO,MF,Southampton,26,1992,29,16,1432,15.9,3,2,5,3,0,0,2,0,2.0,2.0,1.5,3.4,40,86,90,0.19,0.13,0.31,0.19,0.31,0.12,0.09,0.22,0.12,0.22,Matches,2018-2019
17,Marko Arnautović,at AUT,FW,West Ham,29,1989,28,24,1990,22.1,10,4,14,9,1,1,3,0,8.9,8.1,4.4,12.5,38,43,195,0.45,0.18,0.63,0.41,0.59,0.40,0.20,0.60,0.37,0.56,Matches,2018-2019
18,Kepa Arrizabalaga,es ESP,GK,Chelsea,23,1994,36,36,3240,36.0,0,0,0,0,0,0,2,0,0.0,0.0,0.0,0.0,0,0,0,0.00,0.00,0.00,0.00,0.00,0.00,0.00,0.00,0.00,0.00,Matches,2018-2019
19,Harry Arter,ie IRL,MF,Cardiff City,28,1989,25,24,1997,22.2,0,1,1,0,0,0,10,0,0.9,0.9,0.5,1.4,13,73,23,0.00,0.05,0.05,0.00,0.05,0.04,0.02,0.06,0.04,0.06,Matches,2018-2019
20,Christian Atsu,gh GHA,MF,Newcastle Utd,26,1992,28,15,1493,16.6,1,0,1,1,0,0,2,0,2.1,2.1,1.6,3.7,48,31,72,0.06,0.00,0.06,0.06,0.06,0.13,0.09,0.22,0.13,0.22,Matches,2018-2019
21,Pierre-Emerick Aubameyang,ga GAB,FW,Arsenal,29,1989,36,30,2726,30.3,22,5,27,18,4,5,0,0,22.5,18.5,4.2,22.7,82,70,228,0.73,0.17,0.89,0.59,0.76,0.74,0.14,0.88,0.61,0.75,Matches,2018-2019
22,Serge Aurier,ci CIV,DF,Tottenham,25,1992,8,6,564,6.3,0,2,2,0,0,0,1,0,0.1,0.1,1.0,1.1,11,26,29,0.00,0.32,0.32,0.00,0.32,0.02,0.16,0.18,0.02,0.18,Matches,2018-2019
23,Charlie Austin,eng ENG,FW,Southampton,29,1989,25,11,983,10.9,2,2,4,2,0,1,1,0,3.6,3.3,0.9,4.1,6,5,44,0.18,0.18,0.37,0.18,0.37,0.33,0.08,0.41,0.30,0.38,Matches,2018-2019
24,Jordan Ayew,gh GHA,FW,Crystal Palace,26,1991,20,14,1181,13.1,1,2,3,1,0,0,3,0,2.9,2.9,1.2,4.0,31,19,90,0.08,0.15,0.23,0.08,0.23,0.22,0.09,0.31,0.22,0.31,Matches,2018-2019
25,Floyd Ayité,tg TOG,"FW,MF",Fulham,29,1988,16,3,476,5.3,1,0,1,1,0,0,0,0,0.4,0.4,0.5,0.9,14,23,44,0.19,0.00,0.19,0.19,0.19,0.07,0.10,0.17,0.07,0.17,Matches,2018-2019
26,César Azpilicueta,es ESP,DF,Chelsea,28,1989,38,38,3402,37.8,1,5,6,1,0,0,4,0,1.2,1.2,2.4,3.6,46,160,205,0.03,0.13,0.16,0.03,0.16,0.03,0.06,0.10,0.03,0.10,Matches,2018-2019
27,Ryan Babel,nl NED,"FW,MF",Fulham,31,1986,16,15,1251,13.9,5,3,8,5,0,0,3,0,5.7,5.7,2.2,7.9,42,40,109,0.36,0.22,0.58,0.36,0.58,0.41,0.16,0.57,0.41,0.57,Matches,2018-2019
28,Juninho Bacuna,cw CUW,"MF,DF",Huddersfield,20,1997,21,16,1412,15.7,1,0,1,1,0,0,4,0,0.7,0.7,1.4,2.1,24,95,30,0.06,0.00,0.06,0.06,0.06,0.04,0.09,0.14,0.04,0.14,Matches,2018-2019
29,Leandro Bacuna,cw CUW,MF,Cardiff City,26,1991,11,4,561,6.2,0,0,0,0,0,0,2,0,0.1,0.1,0.1,0.2,11,16,5,0.00,0.00,0.00,0.00,0.00,0.02,0.01,0.03,0.02,0.03,Matches,2018-2019
30,Eric Bailly,ci CIV,DF,Manchester Utd,24,1994,12,8,638,7.1,0,0,0,0,0,0,0,1,0.2,0.2,0.0,0.2,3,13,2,0.00,0.00,0.00,0.00,0.00,0.03,0.00,0.03,0.03,0.03,Matches,2018-2019
31,Leighton Baines,eng ENG,DF,Everton,33,1984,6,5,375,4.2,0,0,0,0,0,0,0,0,0.1,0.1,0.2,0.3,6,17,13,0.00,0.00,0.00,0.00,0.00,0.02,0.05,0.07,0.02,0.07,Matches,2018-2019
32,Fabián Balbuena,py PAR,DF,West Ham,26,1991,23,23,2013,22.4,1,0,1,1,0,0,2,0,2.1,2.1,0.2,2.3,1,49,4,0.04,0.00,0.04,0.04,0.04,0.10,0.01,0.10,0.10,0.10,Matches,2018-2019
33,Leon Balogun,ng NGA,DF,Brighton,30,1988,8,5,594,6.6,1,0,1,1,0,0,2,0,0.1,0.1,0.0,0.1,1,6,1,0.15,0.00,0.15,0.15,0.15,0.01,0.00,0.01,0.01,0.01,Matches,2018-2019
34,Sol Bamba,ci CIV,DF,Cardiff City,33,1985,28,28,2474,27.5,4,1,5,4,0,0,7,0,4.0,4.0,0.2,4.1,6,48,2,0.15,0.04,0.18,0.15,0.18,0.14,0.01,0.15,0.14,0.15,Matches,2018-2019
35,Phil Bardsley,sct SCO,DF,Burnley,33,1985,19,19,1670,18.6,0,0,0,0,0,0,9,0,0.3,0.3,1.1,1.5,19,68,23,0.00,0.00,0.00,0.00,0.00,0.02,0.06,0.08,0.02,0.08,Matches,2018-2019
36,Ross Barkley,eng ENG,MF,Chelsea,24,1993,27,13,1245,13.8,3,5,8,3,0,0,1,0,4.0,4.0,2.1,6.2,32,90,50,0.22,0.36,0.58,0.22,0.58,0.29,0.15,0.45,0.29,0.45,Matches,2018-2019
37,Ashley Barnes,eng ENG,FW,Burnley,28,1989,37,26,2388,26.5,12,2,14,10,2,2,8,0,13.8,12.2,3.3,15.5,23,41,142,0.45,0.08,0.53,0.38,0.45,0.52,0.12,0.64,0.46,0.58,Matches,2018-2019
38,Harvey Barnes,eng ENG,"MF,FW",Leicester City,20,1997,16,11,1004,11.2,1,2,3,1,0,0,0,0,3.9,3.9,1.7,5.6,62,27,115,0.09,0.18,0.27,0.09,0.27,0.35,0.15,0.51,0.35,0.51,Matches,2018-2019
39,Antonio Barreca,it ITA,DF,Newcastle Utd,23,1995,1,0,5,0.1,0,0,0,0,0,0,0,0,0.0,0.0,0.0,0.0,0,0,1,0.00,0.00,0.00,0.00,0.00,0.00,0.00,0.00,0.00,0.00,Matches,2018-2019
40,Michy Batshuayi,be BEL,FW,Crystal Palace,24,1993,11,9,750,8.3,5,0,5,5,0,0,0,0,4.0,4.0,0.1,4.1,13,9,44,0.60,0.00,0.60,0.60,0.60,0.48,0.01,0.49,0.48,0.49,Matches,2018-2019
41,Jan Bednarek,pl POL,DF,Southampton,22,1996,25,24,2151,23.9,0,1,1,0,0,0,7,0,0.8,0.8,0.7,1.5,7,68,2,0.00,0.04,0.04,0.00,0.04,0.03,0.03,0.06,0.03,0.06,Matches,2018-2019
42,Asmir Begović,ba BIH,GK,Bournemouth,31,1987,24,24,2160,24.0,0,0,0,0,0,0,0,0,0.0,0.0,0.0,0.0,0,0,0,0.00,0.00,0.00,0.00,0.00,0.00,0.00,0.00,0.00,0.00,Matches,2018-2019
43,Héctor Bellerín,es ESP,DF,Arsenal,23,1995,19,18,1533,17.0,0,5,5,0,0,0,3,0,0.9,0.9,2.2,3.1,48,88,121,0.00,0.29,0.29,0.00,0.29,0.05,0.13,0.18,0.05,0.18,Matches,2018-2019
44,Joe Bennett,eng ENG,DF,Cardiff City,28,1990,30,30,2639,29.3,0,1,1,0,0,0,5,0,0.5,0.5,0.9,1.4,28,86,41,0.00,0.03,0.03,0.00,0.03,0.02,0.03,0.05,0.02,0.05,Matches,2018-2019
45,Ryan Bennett,eng ENG,DF,Wolves,28,1990,34,34,3060,34.0,1,0,1,1,0,0,12,0,1.3,1.3,1.0,2.2,14,92,10,0.03,0.00,0.03,0.03,0.03,0.04,0.03,0.07,0.04,0.07,Matches,2018-2019
46,Christian Benteke,be BEL,FW,Crystal Palace,27,1990,16,9,814,9.0,1,1,2,1,0,0,1,0,3.4,3.4,0.8,4.2,6,13,53,0.11,0.11,0.22,0.11,0.22,0.37,0.09,0.47,0.37,0.47,Matches,2018-2019
47,Jóhann Berg Guðmundsson,is ISL,MF,Burnley,27,1990,29,19,1752,19.5,3,6,9,3,0,0,2,0,2.8,2.8,4.3,7.1,55,39,108,0.15,0.31,0.46,0.15,0.46,0.15,0.22,0.37,0.15,0.37,Matches,2018-2019
48,Bernard,br BRA,"FW,MF",Everton,25,1992,34,25,2116,23.5,1,3,4,1,0,0,5,0,2.6,2.6,2.3,5.0,99,89,202,0.04,0.13,0.17,0.04,0.17,0.11,0.10,0.21,0.11,0.21,Matches,2018-2019
49,Bernardo,br BRA,DF,Brighton,23,1995,22,19,1752,19.5,0,1,1,0,0,0,4,0,0.4,0.4,0.6,1.1,46,84,53,0.00,0.05,0.05,0.00,0.05,0.02,0.03,0.05,0.02,0.05,Matches,2018-2019
50,Ryan Bertrand,eng ENG,DF,Southampton,28,1989,24,24,2160,24.0,1,0,1,1,0,0,8,0,1.2,1.2,1.7,2.9,49,94,102,0.04,0.00,0.04,0.04,0.04,0.05,0.07,0.12,0.05,0.12,Matches,2018-2019
51,Marcus Bettinelli,eng ENG,GK,Fulham,26,1992,7,7,630,7.0,0,0,0,0,0,0,1,0,0.0,0.0,0.0,0.0,0,0,0,0.00,0.00,0.00,0.00,0.00,0.00,0.00,0.00,0.00,0.00,Matches,2018-2019
52,Philip Billing,dk DEN,MF,Huddersfield,22,1996,27,25,2188,24.3,2,0,2,2,0,0,7,0,1.8,1.8,1.7,3.4,53,101,59,0.08,0.00,0.08,0.08,0.08,0.07,0.07,0.14,0.07,0.14,Matches,2018-2019
53,Yves Bissouma,ml MLI,MF,Brighton,21,1996,28,17,1774,19.7,0,0,0,0,0,0,5,0,1.8,1.8,1.0,2.8,53,83,39,0.00,0.00,0.00,0.00,0.00,0.09,0.05,0.14,0.09,0.14,Matches,2018-2019
54,Willy Boly,ci CIV,DF,Wolves,27,1991,36,36,3167,35.2,4,0,4,4,0,0,2,1,3.6,3.6,2.1,5.6,29,136,12,0.11,0.00,0.11,0.11,0.11,0.10,0.06,0.16,0.10,0.16,Matches,2018-2019
55,Léo Bonatini,br BRA,FW,Wolves,24,1994,7,0,135,1.5,0,1,1,0,0,0,0,0,1.3,1.3,0.1,1.4,1,8,15,0.00,0.67,0.67,0.00,0.67,0.85,0.09,0.94,0.85,0.94,Matches,2018-2019
56,Gaëtan Bong,cm CMR,DF,Brighton,30,1988,22,19,1808,20.1,0,0,0,0,0,0,0,0,0.1,0.1,0.5,0.6,36,66,40,0.00,0.00,0.00,0.00,0.00,0.00,0.02,0.03,0.00,0.03,Matches,2018-2019
57,Artur Boruc,pl POL,GK,Bournemouth,38,1980,12,12,1080,12.0,0,0,0,0,0,0,2,0,0.0,0.0,0.0,0.0,0,0,0,0.00,0.00,0.00,0.00,0.00,0.00,0.00,0.00,0.00,0.00,Matches,2018-2019
58,Robbie Brady,ie IRL,MF,Burnley,26,1992,16,6,720,8.0,0,1,1,0,0,0,3,1,0.6,0.6,1.4,2.0,14,19,26,0.00,0.12,0.12,0.00,0.12,0.07,0.18,0.25,0.07,0.25,Matches,2018-2019
59,Miguel Britos,uy URU,DF,Watford,33,1985,3,2,185,2.1,0,0,0,0,0,0,0,0,0.0,0.0,0.0,0.0,0,4,0,0.00,0.00,0.00,0.00,0.00,0.00,0.00,0.00,0.00,0.00,Matches,2018-2019
60,David Brooks,wls WAL,"MF,FW",Bournemouth,21,1997,30,29,2261,25.1,7,5,12,7,0,0,3,0,6.0,6.0,5.0,10.9,66,95,144,0.28,0.20,0.48,0.28,0.48,0.24,0.20,0.44,0.24,0.44,Matches,2018-2019
61,Bruno,es ESP,DF,Brighton,37,1980,14,14,1131,12.6,0,1,1,0,0,0,2,0,0.1,0.1,0.6,0.7,4,52,26,0.00,0.08,0.08,0.00,0.08,0.01,0.05,0.06,0.01,0.06,Matches,2018-2019
62,Joe Bryan,eng ENG,"DF,MF",Fulham,24,1993,28,27,2345,26.1,0,1,1,0,0,0,5,0,0.7,0.7,3.5,4.2,73,118,95,0.00,0.04,0.04,0.00,0.04,0.03,0.14,0.16,0.03,0.16,Matches,2018-2019
63,David Button,eng ENG,GK,Brighton,29,1989,4,4,360,4.0,0,0,0,0,0,0,0,0,0.0,0.0,0.0,0.0,0,0,0,0.00,0.00,0.00,0.00,0.00,0.00,0.00,0.00,0.00,0.00,Matches,2018-2019
64,Willy Caballero,ar ARG,GK,Chelsea,36,1981,2,2,180,2.0,0,0,0,0,0,0,0,0,0.0,0.0,0.0,0.0,0,0,0,0.00,0.00,0.00,0.00,0.00,0.00,0.00,0.00,0.00,0.00,Matches,2018-2019
65,Gary Cahill,eng ENG,DF,Chelsea,32,1985,2,0,24,0.3,0,0,0,0,0,0,0,0,0.0,0.0,0.0,0.0,0,7,0,0.00,0.00,0.00,0.00,0.00,0.00,0.00,0.00,0.00,0.00,Matches,2018-2019
66,Tom Cairney,sct SCO,"MF,FW",Fulham,27,1991,31,24,2194,24.4,1,1,2,1,0,0,0,0,1.1,1.1,2.6,3.7,60,169,106,0.04,0.04,0.08,0.04,0.08,0.05,0.11,0.15,0.05,0.15,Matches,2018-2019
67,Dominic Calvert-Lewin,eng ENG,FW,Everton,21,1997,35,19,1784,19.8,6,2,8,6,0,0,3,0,5.5,5.5,1.4,6.9,32,31,136,0.30,0.10,0.40,0.30,0.40,0.28,0.07,0.35,0.28,0.35,Matches,2018-2019
68,Rafael Camacho,pt POR,DF,Liverpool,18,2000,1,0,1,0.0,0,0,0,0,0,0,0,0,0.0,0.0,0.0,0.0,0,0,0,0.00,0.00,0.00,0.00,0.00,0.00,0.00,0.00,0.00,0.00,Matches,2018-2019
69,Víctor Camarasa,es ESP,MF,Cardiff City,24,1994,32,31,2569,28.5,5,4,9,4,1,1,6,0,4.0,3.2,3.8,6.9,50,77,92,0.18,0.14,0.32,0.14,0.28,0.14,0.13,0.27,0.11,0.24,Matches,2018-2019
70,Étienne Capoue,fr FRA,MF,Watford,30,1988,33,33,2944,32.7,1,3,4,1,0,0,14,1,1.4,1.4,1.0,2.4,17,170,11,0.03,0.09,0.12,0.03,0.12,0.04,0.03,0.07,0.04,0.07,Matches,2018-2019
71,Andy Carroll,eng ENG,FW,West Ham,29,1989,12,3,461,5.1,0,0,0,0,0,0,2,0,2.2,2.2,0.4,2.6,1,9,15,0.00,0.00,0.00,0.00,0.00,0.43,0.07,0.50,0.43,0.50,Matches,2018-2019
72,Jonny Castro,es ESP,"DF,MF",Wolves,24,1994,33,32,2771,30.8,1,1,2,1,0,0,6,0,2.0,2.0,1.6,3.6,85,75,161,0.03,0.03,0.06,0.03,0.06,0.06,0.05,0.12,0.06,0.12,Matches,2018-2019
73,Craig Cathcart,nir NIR,DF,Watford,29,1989,36,35,3096,34.4,3,0,3,3,0,0,2,0,1.5,1.5,0.2,1.8,6,71,2,0.09,0.00,0.09,0.09,0.09,0.04,0.01,0.05,0.04,0.05,Matches,2018-2019
74,Ivan Cavaleiro,pt POR,"FW,MF",Wolves,24,1993,23,6,693,7.7,3,1,4,3,0,0,1,0,2.2,2.2,1.5,3.7,42,25,101,0.39,0.13,0.52,0.39,0.52,0.29,0.20,0.48,0.29,0.48,Matches,2018-2019
75,Petr Čech,cz CZE,GK,Arsenal,36,1982,7,7,584,6.5,0,0,0,0,0,0,0,0,0.0,0.0,0.0,0.0,0,0,0,0.00,0.00,0.00,0.00,0.00,0.00,0.00,0.00,0.00,0.00,Matches,2018-2019
76,Nathaniel Chalobah,eng ENG,MF,Watford,23,1994,9,3,270,3.0,0,0,0,0,0,0,2,0,0.1,0.1,0.3,0.3,0,8,8,0.00,0.00,0.00,0.00,0.00,0.03,0.09,0.12,0.03,0.12,Matches,2018-2019
77,Calum Chambers,eng ENG,"MF,DF",Fulham,23,1995,31,29,2588,28.8,2,0,2,2,0,0,9,0,2.3,2.3,0.9,3.2,20,158,28,0.07,0.00,0.07,0.07,0.07,0.08,0.03,0.11,0.08,0.11,Matches,2018-2019
78,Ben Chilwell,eng ENG,DF,Leicester City,21,1996,36,36,3240,36.0,0,4,4,0,0,0,4,0,1.1,1.1,2.9,4.1,146,146,215,0.00,0.11,0.11,0.00,0.11,0.03,0.08,0.11,0.03,0.11,Matches,2018-2019
79,Tahith Chong,nl NED,FW,Manchester Utd,18,1999,2,0,38,0.4,0,0,0,0,0,0,0,0,0.4,0.4,0.0,0.4,2,5,7,0.00,0.00,0.00,0.00,0.00,0.84,0.00,0.84,0.84,0.84,Matches,2018-2019
80,Hamza Choudhury,bd BAN,MF,Leicester City,20,1997,9,7,595,6.6,0,0,0,0,0,0,0,0,0.5,0.5,0.4,0.9,3,21,12,0.00,0.00,0.00,0.00,0.00,0.07,0.07,0.14,0.07,0.14,Matches,2018-2019
81,Andreas Christensen,dk DEN,DF,Chelsea,22,1996,8,6,617,6.9,0,0,0,0,0,0,1,0,0.0,0.0,0.0,0.0,3,35,1,0.00,0.00,0.00,0.00,0.00,0.00,0.00,0.00,0.00,0.00,Matches,2018-2019
82,Cyrus Christie,ie IRL,"DF,MF",Fulham,25,1992,28,19,1948,21.6,0,1,1,0,0,0,7,0,0.4,0.4,1.2,1.7,70,81,138,0.00,0.05,0.05,0.00,0.05,0.02,0.06,0.08,0.02,0.08,Matches,2018-2019
83,Ibrahima Cissé,gn GUI,MF,Fulham,24,1994,3,1,88,1.0,0,0,0,0,0,0,0,0,0.0,0.0,0.0,0.0,0,3,0,0.00,0.00,0.00,0.00,0.00,0.00,0.00,0.00,0.00,0.00,Matches,2018-2019
84,Ciaran Clark,ie IRL,DF,Newcastle Utd,28,1989,11,9,858,9.5,3,0,3,3,0,0,1,0,0.5,0.5,0.1,0.6,1,15,2,0.31,0.00,0.31,0.31,0.31,0.05,0.01,0.06,0.05,0.06,Matches,2018-2019
85,Tom Cleverley,eng ENG,MF,Watford,28,1989,13,4,478,5.3,1,0,1,1,0,0,2,0,0.2,0.2,0.1,0.3,6,17,6,0.19,0.00,0.19,0.19,0.19,0.04,0.02,0.06,0.04,0.06,Matches,2018-2019
86,Nathaniel Clyne,eng ENG,DF,Bournemouth,27,1991,14,13,1143,12.7,0,1,1,0,0,0,2,0,0.1,0.1,0.1,0.3,14,39,32,0.00,0.08,0.08,0.00,0.08,0.01,0.01,0.02,0.01,0.02,Matches,2018-2019
87,Nathaniel Clyne,eng ENG,DF,Liverpool,27,1991,4,1,111,1.2,0,0,0,0,0,0,0,0,0.1,0.1,0.0,0.1,2,4,3,0.00,0.00,0.00,0.00,0.00,0.06,0.00,0.06,0.06,0.06,Matches,2018-2019
88,Conor Coady,eng ENG,DF,Wolves,25,1993,38,38,3420,38.0,0,0,0,0,0,0,5,0,0.0,0.0,0.0,0.0,11,78,0,0.00,0.00,0.00,0.00,0.00,0.00,0.00,0.00,0.00,0.00,Matches,2018-2019
89,Joel Coleman,eng ENG,GK,Huddersfield,22,1995,1,1,90,1.0,0,0,0,0,0,0,0,0,0.0,0.0,0.0,0.0,0,0,0,0.00,0.00,0.00,0.00,0.00,0.00,0.00,0.00,0.00,0.00,Matches,2018-2019
90,Séamus Coleman,ie IRL,DF,Everton,29,1988,29,29,2558,28.4,2,2,4,2,0,0,1,0,1.6,1.6,3.6,5.2,71,125,190,0.07,0.07,0.14,0.07,0.14,0.06,0.13,0.18,0.06,0.18,Matches,2018-2019
91,Lewis Cook,eng ENG,MF,Bournemouth,21,1997,13,8,723,8.0,0,0,0,0,0,0,2,0,0.1,0.1,0.1,0.2,11,48,8,0.00,0.00,0.00,0.00,0.00,0.02,0.01,0.02,0.02,0.02,Matches,2018-2019
92,Steve Cook,eng ENG,DF,Bournemouth,27,1991,31,31,2786,31.0,1,1,2,1,0,0,3,0,1.3,1.3,0.9,2.2,25,106,10,0.03,0.03,0.06,0.03,0.06,0.04,0.03,0.07,0.04,0.07,Matches,2018-2019
93,Jack Cork,eng ENG,MF,Burnley,29,1989,37,37,3312,36.8,1,2,3,1,0,0,6,0,1.4,1.4,2.2,3.6,21,99,56,0.03,0.05,0.08,0.03,0.08,0.04,0.06,0.10,0.04,0.10,Matches,2018-2019
94,Hélder Costa,ao ANG,"FW,MF",Wolves,24,1994,25,16,1341,14.9,1,2,3,1,0,0,3,0,2.4,2.4,2.2,4.6,67,37,127,0.07,0.13,0.20,0.07,0.20,0.16,0.15,0.31,0.16,0.31,Matches,2018-2019
95,Aaron Cresswell,eng ENG,DF,West Ham,28,1989,20,18,1589,17.7,0,1,1,0,0,0,1,0,0.5,0.5,1.1,1.5,35,94,103,0.00,0.06,0.06,0.00,0.06,0.03,0.06,0.09,0.03,0.09,Matches,2018-2019
96,Peter Crouch,eng ENG,FW,Burnley,37,1981,6,0,92,1.0,0,0,0,0,0,0,1,0,0.6,0.6,0.0,0.6,0,4,12,0.00,0.00,0.00,0.00,0.00,0.60,0.00,0.60,0.60,0.60,Matches,2018-2019
97,Greg Cunningham,ie IRL,DF,Cardiff City,27,1991,7,7,630,7.0,0,0,0,0,0,0,3,0,0.1,0.1,0.2,0.3,4,24,9,0.00,0.00,0.00,0.00,0.00,0.01,0.03,0.04,0.01,0.04,Matches,2018-2019
98,Diogo Dalot,pt POR,"DF,FW",Manchester Utd,19,1999,16,12,1013,11.3,0,2,2,0,0,0,3,0,0.7,0.7,2.3,3.0,42,31,82,0.00,0.18,0.18,0.00,0.18,0.06,0.20,0.27,0.06,0.27,Matches,2018-2019
99,Matty Daly,eng ENG,MF,Huddersfield,17,2001,2,0,75,0.8,0,0,0,0,0,0,0,0,0.0,0.0,0.0,0.0,1,1,2,0.00,0.00,0.00,0.00,0.00,0.00,0.00,0.00,0.00,0.00,Matches,2018-2019
100,Loïc Damour,fr FRA,MF,Cardiff City,27,1991,2,0,23,0.3,0,0,0,0,0,0,0,0,0.0,0.0,0.0,0.0,0,1,0,0.00,0.00,0.00,0.00,0.00,0.12,0.00,0.12,0.12,0.12,Matches,2018-2019
101,Charlie Daniels,eng ENG,DF,Bournemouth,31,1986,21,17,1585,17.6,1,0,1,1,0,0,4,0,0.4,0.4,0.6,1.0,40,83,82,0.06,0.00,0.06,0.06,0.06,0.03,0.03,0.06,0.03,0.06,Matches,2018-2019
102,Danilo,br BRA,DF,Manchester City,27,1991,11,9,807,9.0,1,0,1,1,0,0,1,0,0.4,0.4,0.2,0.6,20,77,33,0.11,0.00,0.11,0.11,0.11,0.05,0.02,0.07,0.05,0.07,Matches,2018-2019
103,Scott Dann,eng ENG,DF,Crystal Palace,31,1987,10,7,663,7.4,0,1,1,0,0,0,1,0,0.2,0.2,0.7,0.9,3,11,0,0.00,0.14,0.14,0.00,0.14,0.03,0.09,0.13,0.03,0.13,Matches,2018-2019
104,Matteo Darmian,it ITA,DF,Manchester Utd,28,1989,6,5,443,4.9,0,0,0,0,0,0,0,0,0.0,0.0,0.1,0.1,7,20,18,0.00,0.00,0.00,0.00,0.00,0.01,0.02,0.02,0.01,0.02,Matches,2018-2019
105,Ben Davies,wls WAL,DF,Tottenham,25,1993,27,20,1844,20.5,0,0,0,0,0,0,2,0,0.5,0.5,2.1,2.6,44,101,117,0.00,0.00,0.00,0.00,0.00,0.03,0.10,0.13,0.03,0.13,Matches,2018-2019
106,Tom Davies,eng ENG,MF,Everton,20,1998,16,10,980,10.9,0,0,0,0,0,0,3,0,0.3,0.3,0.5,0.8,11,55,20,0.00,0.00,0.00,0.00,0.00,0.03,0.05,0.07,0.03,0.07,Matches,2018-2019
107,Steven Davis,nir NIR,MF,Southampton,33,1985,3,1,98,1.1,0,1,1,0,0,0,0,0,0.0,0.0,0.5,0.5,1,7,1,0.00,0.92,0.92,0.00,0.92,0.00,0.44,0.44,0.00,0.44,Matches,2018-2019
108,Kevin De Bruyne,be BEL,MF,Manchester City,27,1991,19,11,975,10.8,2,2,4,2,0,0,2,0,1.4,1.4,5.7,7.0,50,109,88,0.18,0.18,0.37,0.18,0.37,0.13,0.52,0.65,0.13,0.65,Matches,2018-2019
109,Troy Deeney,eng ENG,FW,Watford,30,1988,32,28,2545,28.3,9,5,14,8,1,1,4,1,9.5,8.7,4.6,13.4,23,87,161,0.32,0.18,0.50,0.28,0.46,0.34,0.16,0.50,0.31,0.47,Matches,2018-2019
110,Jermain Defoe,eng ENG,FW,Bournemouth,35,1982,4,0,25,0.3,0,0,0,0,0,0,0,0,0.1,0.1,0.0,0.1,0,0,0,0.00,0.00,0.00,0.00,0.00,0.42,0.00,0.42,0.42,0.42,Matches,2018-2019
111,Steven Defour,be BEL,MF,Burnley,30,1988,6,6,448,5.0,0,0,0,0,0,0,0,0,0.0,0.0,0.1,0.1,6,23,3,0.00,0.00,0.00,0.00,0.00,0.00,0.01,0.01,0.00,0.01,Matches,2018-2019
112,Fabian Delph,eng ENG,DF,Manchester City,28,1989,11,8,725,8.1,0,1,1,0,0,0,1,1,0.1,0.1,0.3,0.4,20,59,23,0.00,0.12,0.12,0.00,0.12,0.01,0.04,0.06,0.01,0.06,Matches,2018-2019
113,Mousa Dembélé,be BEL,MF,Tottenham,31,1987,10,7,515,5.7,0,0,0,0,0,0,1,0,0.0,0.0,0.0,0.0,7,16,9,0.00,0.00,0.00,0.00,0.00,0.01,0.00,0.01,0.01,0.01,Matches,2018-2019
114,Leander Dendoncker,be BEL,MF,Wolves,23,1995,19,17,1467,16.3,2,0,2,2,0,0,1,0,3.4,3.4,1.2,4.7,15,44,31,0.12,0.00,0.12,0.12,0.12,0.21,0.07,0.29,0.21,0.29,Matches,2018-2019
115,Laurent Depoitre,be BEL,FW,Huddersfield,29,1988,23,10,1068,11.9,0,1,1,0,0,0,1,0,2.5,2.5,0.7,3.2,10,20,72,0.00,0.08,0.08,0.00,0.08,0.21,0.06,0.27,0.21,0.27,Matches,2018-2019
116,Gerard Deulofeu,es ESP,"FW,MF",Watford,24,1994,30,26,2066,23.0,10,5,15,10,0,0,3,0,8.0,8.0,4.1,12.1,100,67,193,0.44,0.22,0.65,0.44,0.65,0.35,0.18,0.53,0.35,0.53,Matches,2018-2019
117,Fousseni Diabaté,ml MLI,FW,Leicester City,22,1995,1,1,54,0.6,0,0,0,0,0,0,0,0,0.0,0.0,0.1,0.1,0,0,5,0.00,0.00,0.00,0.00,0.00,0.00,0.11,0.11,0.00,0.11,Matches,2018-2019
118,Adama Diakhaby,fr FRA,"FW,MF",Huddersfield,22,1996,12,6,552,6.1,0,0,0,0,0,0,1,0,0.6,0.6,0.5,1.1,22,5,57,0.00,0.00,0.00,0.00,0.00,0.11,0.07,0.18,0.11,0.18,Matches,2018-2019
119,Mohamed Diamé,sn SEN,MF,Newcastle Utd,31,1987,29,24,2166,24.1,0,0,0,0,0,0,3,0,1.0,1.0,0.1,1.2,17,58,15,0.00,0.00,0.00,0.00,0.00,0.04,0.01,0.05,0.04,0.05,Matches,2018-2019
120,Grady Diangana,cd COD,"MF,FW",West Ham,20,1998,17,6,609,6.8,0,1,1,0,0,0,0,0,0.5,0.5,1.2,1.7,20,21,72,0.00,0.15,0.15,0.00,0.15,0.08,0.18,0.25,0.08,0.25,Matches,2018-2019
121,Eric Dier,eng ENG,"MF,DF",Tottenham,24,1994,20,18,1506,16.7,3,0,3,3,0,0,4,0,1.0,1.0,1.0,2.0,18,95,7,0.18,0.00,0.18,0.18,0.18,0.06,0.06,0.12,0.06,0.12,Matches,2018-2019
122,Lucas Digne,fr FRA,DF,Everton,25,1993,35,33,2965,32.9,4,4,8,4,0,0,5,1,1.3,1.3,7.1,8.4,82,167,221,0.12,0.12,0.24,0.12,0.24,0.04,0.21,0.25,0.04,0.25,Matches,2018-2019
123,Issa Diop,fr FRA,DF,West Ham,21,1997,33,33,2970,33.0,1,0,1,1,0,0,4,0,1.2,1.2,0.2,1.3,9,73,2,0.03,0.00,0.03,0.03,0.03,0.04,0.01,0.04,0.04,0.04,Matches,2018-2019
124,Matt Doherty,ie IRL,"DF,MF",Wolves,26,1992,38,35,3144,34.9,4,5,9,4,0,0,5,0,4.4,4.4,5.1,9.5,80,129,221,0.11,0.14,0.26,0.11,0.26,0.13,0.15,0.27,0.13,0.27,Matches,2018-2019
125,Abdoulaye Doucouré,ml MLI,MF,Watford,25,1993,35,34,3062,34.0,5,6,11,5,0,0,7,0,6.2,6.2,4.7,10.8,58,202,83,0.15,0.18,0.32,0.15,0.32,0.18,0.14,0.32,0.18,0.32,Matches,2018-2019
126,Luke Dreher,eng ENG,FW,Crystal Palace,19,1998,1,0,1,0.0,0,0,0,0,0,0,0,0,0.0,0.0,0.0,0.0,0,0,0,0.00,0.00,0.00,0.00,0.00,0.00,0.00,0.00,0.00,0.00,Matches,2018-2019
127,Martin Dúbravka,sk SVK,GK,Newcastle Utd,29,1989,38,38,3420,38.0,0,0,0,0,0,0,1,0,0.0,0.0,0.0,0.0,0,0,0,0.00,0.00,0.00,0.00,0.00,0.00,0.00,0.00,0.00,0.00,Matches,2018-2019
128,Shane Duffy,ie IRL,DF,Brighton,26,1992,35,35,3087,34.3,5,1,6,5,0,0,4,1,3.1,3.1,0.3,3.4,1,35,11,0.15,0.03,0.17,0.15,0.17,0.09,0.01,0.10,0.09,0.10,Matches,2018-2019
129,Demeaco Duhaney,eng ENG,DF,Huddersfield,19,1998,1,1,45,0.5,0,0,0,0,0,0,0,0,0.0,0.0,0.0,0.0,1,2,1,0.00,0.00,0.00,0.00,0.00,0.00,0.00,0.00,0.00,0.00,Matches,2018-2019
130,Paul Dummett,wls WAL,DF,Newcastle Utd,26,1991,26,21,1990,22.1,0,0,0,0,0,0,1,0,0.3,0.3,0.7,1.0,10,68,16,0.00,0.00,0.00,0.00,0.00,0.01,0.03,0.04,0.01,0.04,Matches,2018-2019
131,Lewis Dunk,eng ENG,DF,Brighton,26,1991,36,36,3151,35.0,2,1,3,2,0,0,7,2,1.8,1.8,0.8,2.6,16,63,6,0.06,0.03,0.09,0.06,0.09,0.05,0.02,0.07,0.05,0.07,Matches,2018-2019
132,Erik Durm,de GER,DF,Huddersfield,26,1992,28,21,2055,22.8,0,1,1,0,0,0,0,0,0.4,0.4,0.6,1.0,42,61,106,0.00,0.04,0.04,0.00,0.04,0.02,0.03,0.04,0.02,0.04,Matches,2018-2019
133,Bruno Ecuele Manga,ga GAB,DF,Cardiff City,30,1988,38,37,3376,37.5,0,1,1,0,0,0,0,0,1.1,1.1,0.4,1.5,18,102,19,0.00,0.03,0.03,0.00,0.03,0.03,0.01,0.04,0.03,0.04,Matches,2018-2019
134,Ederson,br BRA,GK,Manchester City,24,1993,38,38,3420,38.0,0,1,1,0,0,0,2,0,0.0,0.0,0.1,0.1,0,3,0,0.00,0.03,0.03,0.00,0.03,0.00,0.00,0.00,0.00,0.00,Matches,2018-2019
135,Harvey Elliott,eng ENG,MF,Fulham,15,2003,2,0,20,0.2,0,0,0,0,0,0,0,0,0.1,0.1,0.0,0.1,1,2,2,0.00,0.00,0.00,0.00,0.00,0.27,0.00,0.27,0.27,0.27,Matches,2018-2019
136,Mohamed Elneny,eg EGY,MF,Arsenal,26,1992,8,5,380,4.2,0,0,0,0,0,0,0,0,0.4,0.4,0.2,0.6,4,31,4,0.00,0.00,0.00,0.00,0.00,0.11,0.05,0.15,0.11,0.15,Matches,2018-2019
137,Mohamed Elyounoussi,no NOR,MF,Southampton,23,1994,16,8,793,8.8,0,0,0,0,0,0,0,0,2.1,2.1,1.1,3.2,20,20,54,0.00,0.00,0.00,0.00,0.00,0.23,0.13,0.36,0.23,0.36,Matches,2018-2019
138,Christian Eriksen,dk DEN,MF,Tottenham,26,1992,35,30,2774,30.8,8,12,20,8,0,0,3,0,5.4,5.4,7.4,12.8,78,212,132,0.26,0.39,0.65,0.26,0.65,0.17,0.24,0.42,0.17,0.42,Matches,2018-2019
139,Neil Etheridge,ph PHI,GK,Cardiff City,28,1990,38,38,3420,38.0,0,0,0,0,0,0,2,0,0.0,0.0,0.1,0.1,0,0,0,0.00,0.00,0.00,0.00,0.00,0.00,0.00,0.00,0.00,0.00,Matches,2018-2019
140,Jonny Evans,nir NIR,DF,Leicester City,30,1988,24,21,1996,22.2,1,0,1,1,0,0,2,0,0.9,0.9,0.3,1.1,4,33,3,0.05,0.00,0.05,0.05,0.05,0.04,0.01,0.05,0.04,0.05,Matches,2018-2019
141,Łukasz Fabiański,pl POL,GK,West Ham,33,1985,38,38,3420,38.0,0,0,0,0,0,0,0,0,0.0,0.0,0.1,0.1,0,0,0,0.00,0.00,0.00,0.00,0.00,0.00,0.00,0.00,0.00,0.00,Matches,2018-2019
142,Fabinho,br BRA,MF,Liverpool,24,1993,28,21,2017,22.4,1,2,3,1,0,0,6,0,1.0,1.0,1.8,2.8,28,130,19,0.04,0.09,0.13,0.04,0.13,0.05,0.08,0.12,0.05,0.12,Matches,2018-2019
143,Cesc Fàbregas,es ESP,MF,Chelsea,31,1987,6,1,180,2.0,0,0,0,0,0,0,1,0,0.1,0.1,0.2,0.3,3,21,9,0.00,0.00,0.00,0.00,0.00,0.03,0.10,0.13,0.03,0.13,Matches,2018-2019
144,Fabricio,es ESP,GK,Fulham,30,1987,2,2,180,2.0,0,0,0,0,0,0,0,0,0.0,0.0,0.0,0.0,0,0,0,0.00,0.00,0.00,0.00,0.00,0.00,0.00,0.00,0.00,0.00,Matches,2018-2019
145,Marouane Fellaini,be BEL,MF,Manchester Utd,30,1987,14,6,752,8.4,0,1,1,0,0,0,1,0,0.4,0.4,0.4,0.9,1,36,29,0.00,0.12,0.12,0.00,0.12,0.05,0.05,0.11,0.05,0.11,Matches,2018-2019
146,Kiko Femenía,es ESP,DF,Watford,27,1991,29,22,2049,22.8,1,1,2,1,0,0,1,0,0.4,0.4,1.6,2.0,41,106,84,0.04,0.04,0.09,0.04,0.09,0.02,0.07,0.09,0.02,0.09,Matches,2018-2019
147,Federico Fernández,ar ARG,DF,Newcastle Utd,29,1989,19,17,1484,16.5,0,1,1,0,0,0,2,0,0.2,0.2,0.5,0.7,2,40,3,0.00,0.06,0.06,0.00,0.06,0.01,0.03,0.04,0.01,0.04,Matches,2018-2019
148,Fernandinho,br BRA,MF,Manchester City,33,1985,29,27,2377,26.4,1,3,4,1,0,0,5,0,1.6,1.6,3.0,4.5,58,236,29,0.04,0.11,0.15,0.04,0.15,0.06,0.11,0.17,0.06,0.17,Matches,2018-2019
149,Roberto Firmino,br BRA,"FW,MF",Liverpool,26,1991,34,31,2607,29.0,12,6,18,11,1,1,0,0,13.6,12.8,5.5,18.3,62,148,244,0.41,0.21,0.62,0.38,0.59,0.47,0.19,0.66,0.44,0.63,Matches,2018-2019
150,Phil Foden,eng ENG,MF,Manchester City,18,2000,13,3,335,3.7,1,0,1,1,0,0,0,0,2.1,2.1,0.9,3.0,23,18,35,0.27,0.00,0.27,0.27,0.27,0.57,0.23,0.80,0.57,0.80,Matches,2018-2019
151,Fraser Forster,eng ENG,GK,Southampton,30,1988,1,1,90,1.0,0,0,0,0,0,0,0,0,0.0,0.0,0.0,0.0,0,0,0,0.00,0.00,0.00,0.00,0.00,0.00,0.00,0.00,0.00,0.00,Matches,2018-2019
152,Ben Foster,eng ENG,GK,Watford,35,1983,38,38,3420,38.0,0,0,0,0,0,0,1,0,0.0,0.0,0.2,0.3,0,0,0,0.00,0.00,0.00,0.00,0.00,0.00,0.01,0.01,0.00,0.01,Matches,2018-2019
153,Timothy Fosu-Mensah,nl NED,DF,Fulham,20,1998,12,10,793,8.8,0,0,0,0,0,0,3,0,0.1,0.1,0.4,0.5,22,39,43,0.00,0.00,0.00,0.00,0.00,0.01,0.04,0.05,0.01,0.05,Matches,2018-2019
154,Juan Foyth,ar ARG,DF,Tottenham,20,1998,12,10,888,9.9,1,0,1,1,0,0,3,1,0.7,0.7,0.8,1.5,8,26,3,0.10,0.00,0.10,0.10,0.10,0.07,0.08,0.15,0.07,0.15,Matches,2018-2019
155,Simon Francis,eng ENG,DF,Bournemouth,33,1985,17,13,1229,13.7,0,2,2,0,0,0,1,0,0.1,0.1,0.6,0.8,18,69,35,0.00,0.15,0.15,0.00,0.15,0.01,0.05,0.06,0.01,0.06,Matches,2018-2019
156,Ryan Fraser,sct SCO,"MF,FW",Bournemouth,24,1994,38,35,3166,35.2,7,14,21,7,0,0,2,0,4.7,4.7,13.4,18.1,119,142,279,0.20,0.40,0.60,0.20,0.60,0.13,0.38,0.51,0.13,0.51,Matches,2018-2019
157,Fred,br BRA,MF,Manchester Utd,25,1993,17,13,1041,11.6,1,1,2,1,0,0,2,0,0.8,0.8,1.0,1.9,18,73,21,0.09,0.09,0.17,0.09,0.17,0.07,0.09,0.16,0.07,0.16,Matches,2018-2019
158,Ryan Fredericks,eng ENG,DF,West Ham,25,1992,15,12,1086,12.1,1,0,1,1,0,0,5,0,0.5,0.5,0.5,1.0,30,31,37,0.08,0.00,0.08,0.08,0.08,0.04,0.04,0.09,0.04,0.09,Matches,2018-2019
159,Christian Fuchs,at AUT,DF,Leicester City,32,1986,3,2,207,2.3,0,0,0,0,0,0,0,0,0.1,0.1,0.2,0.3,3,14,24,0.00,0.00,0.00,0.00,0.00,0.03,0.10,0.13,0.03,0.13,Matches,2018-2019
160,Manolo Gabbiadini,it ITA,"FW,MF",Southampton,26,1991,12,4,476,5.3,1,0,1,1,0,0,0,0,1.2,1.2,0.4,1.6,5,5,25,0.19,0.00,0.19,0.19,0.19,0.24,0.07,0.30,0.24,0.30,Matches,2018-2019
161,Sam Gallagher,eng ENG,FW,Southampton,22,1995,4,0,34,0.4,0,0,0,0,0,0,0,0,0.0,0.0,0.0,0.0,0,0,1,0.00,0.00,0.00,0.00,0.00,0.00,0.00,0.00,0.00,0.00,Matches,2018-2019
162,Idrissa Gana Gueye,sn SEN,MF,Everton,28,1989,33,32,2822,31.4,0,2,2,0,0,0,6,0,0.6,0.6,0.8,1.4,40,216,30,0.00,0.06,0.06,0.00,0.06,0.02,0.03,0.05,0.02,0.05,Matches,2018-2019
163,James Garner,eng ENG,MF,Manchester Utd,17,2001,1,0,1,0.0,0,0,0,0,0,0,0,0,0.0,0.0,0.0,0.0,0,0,0,0.00,0.00,0.00,0.00,0.00,0.00,0.00,0.00,0.00,0.00,Matches,2018-2019
164,Paulo Gazzaniga,ar ARG,GK,Tottenham,26,1992,3,3,270,3.0,0,0,0,0,0,0,0,0,0.0,0.0,0.0,0.0,0,0,0,0.00,0.00,0.00,0.00,0.00,0.00,0.00,0.00,0.00,0.00,Matches,2018-2019
165,David de Gea,es ESP,GK,Manchester Utd,27,1990,38,38,3420,38.0,0,0,0,0,0,0,1,0,0.0,0.0,0.0,0.0,0,0,0,0.00,0.00,0.00,0.00,0.00,0.00,0.00,0.00,0.00,0.00,Matches,2018-2019
166,Rachid Ghezzal,dz ALG,"FW,MF",Leicester City,26,1992,19,8,743,8.3,1,0,1,1,0,0,3,0,1.4,1.4,1.7,3.1,36,40,77,0.12,0.00,0.12,0.12,0.12,0.17,0.20,0.38,0.17,0.38,Matches,2018-2019
167,Morgan Gibbs-White,eng ENG,"MF,FW",Wolves,18,2000,26,5,663,7.4,0,1,1,0,0,0,1,0,1.1,1.1,1.3,2.4,13,28,47,0.00,0.14,0.14,0.00,0.14,0.15,0.17,0.32,0.15,0.32,Matches,2018-2019
168,Ben Gibson,eng ENG,DF,Burnley,25,1993,1,1,62,0.7,1,0,1,1,0,0,1,0,0.7,0.7,0.0,0.7,0,2,0,1.45,0.00,1.45,1.45,1.45,1.06,0.00,1.06,1.06,1.06,Matches,2018-2019
169,Olivier Giroud,fr FRA,FW,Chelsea,31,1986,27,7,847,9.4,2,4,6,2,0,0,1,0,4.6,4.6,2.2,6.8,3,9,75,0.21,0.43,0.64,0.21,0.64,0.49,0.23,0.72,0.49,0.72,Matches,2018-2019
170,André Gomes,pt POR,MF,Everton,25,1993,27,24,1980,22.0,1,1,2,1,0,0,7,0,1.6,1.6,0.6,2.2,49,145,22,0.05,0.05,0.09,0.05,0.09,0.07,0.03,0.10,0.07,0.10,Matches,2018-2019
171,Angel Gomes,eng ENG,"MF,FW",Manchester Utd,17,2000,2,0,27,0.3,0,0,0,0,0,0,0,0,0.1,0.1,0.0,0.1,2,2,3,0.00,0.00,0.00,0.00,0.00,0.28,0.00,0.28,0.28,0.28,Matches,2018-2019
172,Joe Gomez,eng ENG,DF,Liverpool,21,1997,16,12,1063,11.8,0,0,0,0,0,0,2,0,0.3,0.3,0.4,0.7,6,38,13,0.00,0.00,0.00,0.00,0.00,0.03,0.03,0.06,0.03,0.06,Matches,2018-2019
173,Jon Gorenc Stanković,si SVN,"MF,DF",Huddersfield,22,1996,11,9,715,7.9,1,0,1,1,0,0,2,0,1.0,1.0,0.1,1.1,5,17,4,0.13,0.00,0.13,0.13,0.13,0.13,0.01,0.14,0.13,0.14,Matches,2018-2019
174,Dan Gosling,eng ENG,MF,Bournemouth,28,1990,25,19,1739,19.3,2,1,3,2,0,0,8,0,1.9,1.9,1.5,3.4,7,116,23,0.10,0.05,0.16,0.10,0.16,0.10,0.08,0.17,0.10,0.17,Matches,2018-2019
175,Karlan Grant,eng ENG,FW,Huddersfield,20,1997,13,9,877,9.7,4,0,4,4,0,0,0,0,3.6,3.6,0.3,3.9,22,14,51,0.41,0.00,0.41,0.41,0.41,0.37,0.03,0.40,0.37,0.40,Matches,2018-2019
176,Andre Gray,jm JAM,FW,Watford,27,1991,29,13,1366,15.2,7,2,9,7,0,0,2,0,5.0,5.0,1.9,7.0,21,15,96,0.46,0.13,0.59,0.46,0.59,0.33,0.13,0.46,0.33,0.46,Matches,2018-2019
177,Demarai Gray,jm JAM,"FW,MF",Leicester City,22,1996,34,23,1985,22.1,4,1,5,4,0,0,2,0,4.5,4.5,1.3,5.8,73,53,180,0.18,0.05,0.23,0.18,0.23,0.20,0.06,0.26,0.20,0.26,Matches,2018-2019
178,Mason Greenwood,eng ENG,FW,Manchester Utd,16,2001,3,1,117,1.3,0,0,0,0,0,0,0,0,0.7,0.7,0.1,0.8,8,3,18,0.00,0.00,0.00,0.00,0.00,0.51,0.07,0.58,0.51,0.58,Matches,2018-2019
179,Pascal Groß,de GER,"MF,FW",Brighton,27,1991,25,24,1864,20.7,3,3,6,2,1,2,1,0,4.4,2.8,5.5,8.4,26,110,106,0.14,0.14,0.29,0.10,0.24,0.21,0.27,0.48,0.14,0.40,Matches,2018-2019
180,Vicente Guaita,es ESP,GK,Crystal Palace,31,1987,20,20,1754,19.5,0,0,0,0,0,0,2,0,0.0,0.0,0.0,0.0,0,0,0,0.00,0.00,0.00,0.00,0.00,0.00,0.00,0.00,0.00,0.00,Matches,2018-2019
181,Mattéo Guendouzi,fr FRA,MF,Arsenal,19,1999,33,23,2149,23.9,0,0,0,0,0,0,9,0,0.6,0.6,1.8,2.4,71,200,50,0.00,0.00,0.00,0.00,0.00,0.02,0.07,0.10,0.02,0.10,Matches,2018-2019
182,İlkay Gündoğan,de GER,MF,Manchester City,27,1990,31,23,2137,23.7,6,3,9,6,0,0,3,0,4.1,4.1,4.3,8.4,82,205,91,0.25,0.13,0.38,0.25,0.38,0.17,0.18,0.35,0.17,0.35,Matches,2018-2019
183,Angus Gunn,sct SCO,GK,Southampton,22,1996,12,12,1080,12.0,0,0,0,0,0,0,0,0,0.0,0.0,0.0,0.0,0,0,0,0.00,0.00,0.00,0.00,0.00,0.00,0.00,0.00,0.00,0.00,Matches,2018-2019
184,Aron Gunnarsson,is ISL,MF,Cardiff City,29,1989,28,27,2266,25.2,1,1,2,1,0,0,5,0,2.0,2.0,1.6,3.6,10,85,12,0.04,0.04,0.08,0.04,0.08,0.08,0.06,0.14,0.08,0.14,Matches,2018-2019
185,Florent Hadergjonaj,xk KVX,"DF,MF",Huddersfield,24,1994,24,19,1842,20.5,0,0,0,0,0,0,1,0,0.2,0.2,1.5,1.7,47,65,106,0.00,0.00,0.00,0.00,0.00,0.01,0.07,0.08,0.01,0.08,Matches,2018-2019
186,Ben Hamer,eng ENG,GK,Huddersfield,30,1987,7,7,552,6.1,0,0,0,0,0,0,0,0,0.0,0.0,0.0,0.0,0,0,0,0.00,0.00,0.00,0.00,0.00,0.00,0.00,0.00,0.00,0.00,Matches,2018-2019
187,Kadeem Harris,eng ENG,MF,Cardiff City,25,1993,13,3,375,4.2,1,0,1,1,0,0,1,0,0.5,0.5,0.4,1.0,15,5,34,0.24,0.00,0.24,0.24,0.24,0.13,0.11,0.23,0.13,0.23,Matches,2018-2019
188,Joe Hart,eng ENG,GK,Burnley,31,1987,19,19,1710,19.0,0,0,0,0,0,0,0,0,0.0,0.0,0.1,0.1,1,2,0,0.00,0.00,0.00,0.00,0.00,0.00,0.00,0.00,0.00,0.00,Matches,2018-2019
189,Isaac Hayden,eng ENG,MF,Newcastle Utd,23,1995,25,21,1859,20.7,1,4,5,1,0,0,3,1,0.9,0.9,2.3,3.2,10,54,38,0.05,0.19,0.24,0.05,0.24,0.05,0.11,0.16,0.05,0.16,Matches,2018-2019
190,Eden Hazard,be BEL,FW,Chelsea,27,1991,37,32,2923,32.5,16,15,31,12,4,4,2,0,10.5,7.4,10.0,17.4,276,249,439,0.49,0.46,0.95,0.37,0.83,0.32,0.31,0.63,0.23,0.53,Matches,2018-2019
191,Rhys Healey,wls WAL,FW,Cardiff City,23,1994,3,0,52,0.6,0,0,0,0,0,0,0,0,0.0,0.0,0.1,0.1,2,0,7,0.00,0.00,0.00,0.00,0.00,0.07,0.19,0.25,0.07,0.25,Matches,2018-2019
192,Tom Heaton,eng ENG,GK,Burnley,32,1986,19,19,1710,19.0,0,0,0,0,0,0,3,0,0.0,0.0,0.1,0.1,0,0,0,0.00,0.00,0.00,0.00,0.00,0.00,0.00,0.01,0.00,0.01,Matches,2018-2019
193,Jordan Henderson,eng ENG,MF,Liverpool,28,1990,32,21,1987,22.1,1,3,4,1,0,0,3,2,1.5,1.5,1.8,3.2,36,160,59,0.05,0.14,0.18,0.05,0.18,0.07,0.08,0.15,0.07,0.15,Matches,2018-2019
194,Jeff Hendrick,ie IRL,"MF,FW",Burnley,26,1992,32,25,2063,22.9,3,0,3,3,0,0,4,0,1.8,1.8,0.8,2.7,18,63,78,0.13,0.00,0.13,0.13,0.13,0.08,0.04,0.12,0.08,0.12,Matches,2018-2019
195,Wayne Hennessey,wls WAL,GK,Crystal Palace,31,1987,18,17,1576,17.5,0,0,0,0,0,0,0,0,0.0,0.0,0.0,0.0,0,1,0,0.00,0.00,0.00,0.00,0.00,0.00,0.00,0.00,0.00,0.00,Matches,2018-2019
196,Javier Hernández,mx MEX,FW,West Ham,30,1988,25,14,1334,14.8,7,1,8,7,0,0,2,0,6.6,6.6,1.4,8.1,10,31,83,0.47,0.07,0.54,0.47,0.54,0.45,0.10,0.54,0.45,0.54,Matches,2018-2019
197,Ander Herrera,es ESP,MF,Manchester Utd,28,1989,22,16,1403,15.6,2,3,5,2,0,0,4,0,1.3,1.3,1.6,2.9,21,93,30,0.13,0.19,0.32,0.13,0.32,0.08,0.10,0.19,0.08,0.19,Matches,2018-2019
198,Son Heung-min,kr KOR,"FW,MF",Tottenham,26,1992,31,23,2039,22.7,12,6,18,12,0,0,2,1,7.5,7.5,3.6,11.1,105,81,201,0.53,0.26,0.79,0.53,0.79,0.33,0.16,0.49,0.33,0.49,Matches,2018-2019
199,Gonzalo Higuaín,ar ARG,FW,Chelsea,30,1987,14,13,1085,12.1,5,0,5,5,0,0,0,0,4.9,4.9,1.3,6.1,12,17,92,0.41,0.00,0.41,0.41,0.41,0.40,0.10,0.51,0.40,0.51,Matches,2018-2019
200,Wesley Hoedt,nl NED,DF,Southampton,24,1994,13,13,1170,13.0,0,0,0,0,0,0,2,0,0.4,0.4,0.0,0.4,6,46,0,0.00,0.00,0.00,0.00,0.00,0.03,0.00,0.03,0.03,0.03,Matches,2018-2019
201,Jonathan Hogg,eng ENG,MF,Huddersfield,29,1988,29,29,2367,26.3,0,1,1,0,0,0,8,1,0.3,0.3,0.8,1.1,10,147,34,0.00,0.04,0.04,0.00,0.04,0.01,0.03,0.04,0.01,0.04,Matches,2018-2019
202,Junior Hoilett,ca CAN,"MF,FW",Cardiff City,28,1990,32,23,2141,23.8,3,1,4,3,0,0,4,0,3.4,3.4,1.5,4.9,54,39,125,0.13,0.04,0.17,0.13,0.17,0.14,0.06,0.21,0.14,0.21,Matches,2018-2019
203,Rob Holding,eng ENG,DF,Arsenal,22,1995,10,9,807,9.0,0,0,0,0,0,0,1,0,0.1,0.1,0.2,0.3,4,29,2,0.00,0.00,0.00,0.00,0.00,0.01,0.02,0.03,0.01,0.03,Matches,2018-2019
204,José Holebas,gr GRE,DF,Watford,34,1984,28,27,2393,26.6,3,6,9,3,0,0,12,1,1.0,1.0,4.1,5.1,44,77,58,0.11,0.23,0.34,0.11,0.34,0.04,0.15,0.19,0.04,0.19,Matches,2018-2019
205,Mason Holgate,eng ENG,DF,Everton,21,1996,5,4,408,4.5,0,0,0,0,0,0,1,0,0.0,0.0,0.0,0.0,2,34,0,0.00,0.00,0.00,0.00,0.00,0.00,0.00,0.00,0.00,0.00,Matches,2018-2019
206,Callum Hudson-Odoi,eng ENG,FW,Chelsea,17,2000,10,4,393,4.4,0,1,1,0,0,0,0,0,0.7,0.7,1.4,2.2,20,13,59,0.00,0.23,0.23,0.00,0.23,0.16,0.33,0.50,0.16,0.50,Matches,2018-2019
207,Will Hughes,eng ENG,MF,Watford,23,1995,32,31,2418,26.9,2,4,6,2,0,0,5,0,2.5,2.5,2.6,5.1,50,102,134,0.07,0.15,0.22,0.07,0.22,0.09,0.10,0.19,0.09,0.19,Matches,2018-2019
208,Emerson Hyndman,us USA,MF,Bournemouth,22,1996,1,0,38,0.4,0,0,0,0,0,0,0,0,0.0,0.0,0.0,0.0,0,2,0,0.00,0.00,0.00,0.00,0.00,0.00,0.00,0.00,0.00,0.00,Matches,2018-2019
209,Pierre Højbjerg,dk DEN,MF,Southampton,22,1995,31,31,2760,30.7,4,3,7,4,0,0,9,3,2.6,2.6,2.4,5.0,43,204,73,0.13,0.10,0.23,0.13,0.23,0.08,0.08,0.16,0.08,0.16,Matches,2018-2019
210,Jordon Ibe,eng ENG,"MF,DF",Bournemouth,22,1995,19,9,797,8.9,1,1,2,1,0,0,1,0,0.8,0.8,0.6,1.4,56,28,47,0.11,0.11,0.23,0.11,0.23,0.09,0.07,0.16,0.09,0.16,Matches,2018-2019
211,Vicente Iborra,es ESP,MF,Leicester City,30,1988,8,3,229,2.5,0,0,0,0,0,0,0,0,0.1,0.1,0.1,0.2,1,16,2,0.00,0.00,0.00,0.00,0.00,0.06,0.02,0.08,0.06,0.08,Matches,2018-2019
212,Kelechi Iheanacho,ng NGA,"FW,MF",Leicester City,21,1996,30,9,941,10.5,1,3,4,1,0,0,2,0,2.1,2.1,1.6,3.6,13,23,63,0.10,0.29,0.38,0.10,0.38,0.20,0.15,0.35,0.20,0.35,Matches,2018-2019
213,Danny Ings,eng ENG,FW,Southampton,26,1992,24,23,1651,18.3,7,3,10,4,3,3,1,0,9.4,7.0,3.1,10.1,21,56,125,0.38,0.16,0.55,0.22,0.38,0.51,0.17,0.68,0.38,0.55,Matches,2018-2019
214,Alex Iwobi,ng NGA,"FW,MF",Arsenal,22,1996,35,22,1970,21.9,3,6,9,3,0,0,0,0,3.5,3.5,7.0,10.5,132,141,234,0.14,0.27,0.41,0.14,0.41,0.16,0.32,0.48,0.16,0.48,Matches,2018-2019
215,José Izquierdo,co COL,"MF,FW",Brighton,26,1992,15,9,795,8.8,0,1,1,0,0,0,1,0,0.6,0.6,0.4,1.0,20,19,58,0.00,0.11,0.11,0.00,0.11,0.06,0.05,0.11,0.06,0.11,Matches,2018-2019
216,Phil Jagielka,eng ENG,DF,Everton,35,1982,7,4,331,3.7,1,0,1,1,0,0,0,1,0.6,0.6,0.3,0.9,0,6,0,0.27,0.00,0.27,0.27,0.27,0.16,0.07,0.24,0.16,0.24,Matches,2018-2019
217,Alireza Jahanbakhsh,ir IRN,"FW,MF",Brighton,24,1993,19,12,1020,11.3,0,0,0,0,0,0,2,0,0.8,0.8,0.2,1.0,14,18,56,0.00,0.00,0.00,0.00,0.00,0.07,0.02,0.09,0.07,0.09,Matches,2018-2019
218,Daryl Janmaat,nl NED,DF,Watford,29,1989,18,17,1520,16.9,0,2,2,0,0,0,3,0,0.5,0.5,0.8,1.2,32,67,51,0.00,0.12,0.12,0.00,0.12,0.03,0.05,0.07,0.03,0.07,Matches,2018-2019
219,Vincent Janssen,nl NED,FW,Tottenham,24,1994,3,0,39,0.4,0,0,0,0,0,0,0,0,0.4,0.4,0.0,0.4,1,0,6,0.00,0.00,0.00,0.00,0.00,0.86,0.00,0.86,0.86,0.86,Matches,2018-2019
220,Carl Jenkinson,eng ENG,DF,Arsenal,26,1992,3,2,166,1.8,0,0,0,0,0,0,0,0,0.0,0.0,0.0,0.0,2,7,9,0.00,0.00,0.00,0.00,0.00,0.00,0.02,0.02,0.00,0.02,Matches,2018-2019
221,Gabriel Jesus,br BRA,FW,Manchester City,21,1997,29,8,1036,11.5,7,3,10,6,1,1,1,0,11.2,10.5,2.3,12.7,35,21,128,0.61,0.26,0.87,0.52,0.78,0.97,0.20,1.17,0.91,1.11,Matches,2018-2019
222,Raúl Jiménez,mx MEX,FW,Wolves,27,1991,38,36,3111,34.6,13,7,20,11,2,2,4,0,15.1,13.6,6.3,19.8,76,82,236,0.38,0.20,0.58,0.32,0.52,0.44,0.18,0.62,0.39,0.57,Matches,2018-2019
223,Stefan Johansen,no NOR,MF,Fulham,27,1991,12,4,417,4.6,0,0,0,0,0,0,4,0,0.1,0.1,0.1,0.1,3,36,15,0.00,0.00,0.00,0.00,0.00,0.01,0.01,0.02,0.01,0.02,Matches,2018-2019
224,Ben Johnson,eng ENG,DF,West Ham,18,2000,1,1,62,0.7,0,0,0,0,0,0,0,0,0.0,0.0,0.0,0.0,0,0,1,0.00,0.00,0.00,0.00,0.00,0.00,0.00,0.00,0.00,0.00,Matches,2018-2019
225,Tyreke Johnson,eng ENG,MF,Southampton,19,1998,1,0,1,0.0,0,0,0,0,0,0,0,0,0.0,0.0,0.0,0.0,0,0,0,0.00,0.00,0.00,0.00,0.00,0.00,0.00,0.00,0.00,0.00,Matches,2018-2019
226,Phil Jones,eng ENG,DF,Manchester Utd,26,1992,18,15,1263,14.0,0,1,1,0,0,0,1,0,0.4,0.4,0.5,1.0,11,35,2,0.00,0.07,0.07,0.00,0.07,0.03,0.04,0.07,0.03,0.07,Matches,2018-2019
227,Jorginho,it ITA,MF,Chelsea,26,1991,37,37,3156,35.1,2,0,2,1,1,1,8,0,1.4,0.6,3.2,3.8,30,323,46,0.06,0.00,0.06,0.03,0.03,0.04,0.09,0.13,0.02,0.11,Matches,2018-2019
228,Joselu,es ESP,FW,Newcastle Utd,28,1990,16,5,596,6.6,2,0,2,2,0,0,1,0,1.6,1.6,0.0,1.6,4,8,28,0.30,0.00,0.30,0.30,0.30,0.24,0.00,0.25,0.24,0.25,Matches,2018-2019
229,Diogo Jota,pt POR,"FW,MF",Wolves,21,1996,33,29,2355,26.2,9,5,14,9,0,0,11,0,8.8,8.8,5.3,14.0,125,71,182,0.34,0.19,0.54,0.34,0.54,0.34,0.20,0.54,0.34,0.54,Matches,2018-2019
230,Mathias Jørgensen,dk DEN,DF,Huddersfield,28,1990,24,24,2147,23.9,3,1,4,3,0,0,6,0,1.4,1.4,0.3,1.7,21,93,6,0.13,0.04,0.17,0.13,0.17,0.06,0.01,0.07,0.06,0.07,Matches,2018-2019
231,Christian Kabasele,be BEL,DF,Watford,27,1991,21,19,1586,17.6,0,0,0,0,0,0,4,1,1.5,1.5,0.6,2.1,1,25,1,0.00,0.00,0.00,0.00,0.00,0.08,0.04,0.12,0.08,0.12,Matches,2018-2019
232,Elias Kachunga,cd COD,"FW,MF",Huddersfield,26,1992,20,13,1182,13.1,0,0,0,0,0,0,2,0,0.9,0.9,0.2,1.1,29,22,66,0.00,0.00,0.00,0.00,0.00,0.07,0.02,0.08,0.07,0.08,Matches,2018-2019
233,Aboubakar Kamara,mr MTN,FW,Fulham,23,1995,13,5,693,7.7,3,0,3,2,1,2,2,0,3.7,2.1,0.7,2.8,24,6,93,0.39,0.00,0.39,0.26,0.26,0.48,0.09,0.57,0.27,0.36,Matches,2018-2019
234,Harry Kane,eng ENG,FW,Tottenham,25,1993,28,27,2424,26.9,17,4,21,13,4,4,5,0,14.4,11.3,4.0,15.3,59,80,194,0.63,0.15,0.78,0.48,0.63,0.54,0.15,0.68,0.42,0.57,Matches,2018-2019
235,N'Golo Kanté,fr FRA,MF,Chelsea,27,1991,36,36,3092,34.4,4,4,8,4,0,0,3,0,2.9,2.9,3.5,6.4,82,178,159,0.12,0.12,0.23,0.12,0.23,0.09,0.10,0.19,0.09,0.19,Matches,2018-2019
236,Beram Kayal,il ISR,MF,Brighton,30,1988,18,9,940,10.4,1,1,2,1,0,0,4,0,0.4,0.4,1.1,1.5,16,32,11,0.10,0.10,0.19,0.10,0.19,0.04,0.11,0.14,0.04,0.14,Matches,2018-2019
237,Michael Keane,eng ENG,DF,Everton,25,1993,33,33,2969,33.0,1,2,3,1,0,0,2,0,2.3,2.3,1.4,3.8,11,113,2,0.03,0.06,0.09,0.03,0.09,0.07,0.04,0.11,0.07,0.11,Matches,2018-2019
238,Neeskens Kebano,cd COD,"FW,MF",Fulham,26,1992,7,0,108,1.2,0,0,0,0,0,0,0,0,0.1,0.1,0.0,0.1,6,4,17,0.00,0.00,0.00,0.00,0.00,0.05,0.00,0.05,0.05,0.05,Matches,2018-2019
239,Naby Keïta,gn GUI,"MF,FW",Liverpool,23,1995,25,16,1390,15.4,2,1,3,2,0,0,0,0,2.0,2.0,1.0,3.0,68,103,79,0.13,0.06,0.19,0.13,0.19,0.13,0.06,0.19,0.13,0.19,Matches,2018-2019
240,Martin Kelly,eng ENG,DF,Crystal Palace,28,1990,13,12,1111,12.3,0,0,0,0,0,0,2,0,0.4,0.4,0.0,0.5,4,22,1,0.00,0.00,0.00,0.00,0.00,0.03,0.00,0.04,0.03,0.04,Matches,2018-2019
241,Kenedy,br BRA,"MF,DF",Newcastle Utd,22,1996,25,14,1348,15.0,1,1,2,1,0,1,1,0,2.2,1.4,0.7,2.1,30,41,66,0.07,0.07,0.13,0.07,0.13,0.15,0.04,0.19,0.10,0.14,Matches,2018-2019
242,Jonjoe Kenny,eng ENG,DF,Everton,21,1997,10,8,791,8.8,0,1,1,0,0,0,1,0,0.1,0.1,0.6,0.7,16,51,35,0.00,0.11,0.11,0.00,0.11,0.01,0.07,0.08,0.01,0.08,Matches,2018-2019
243,Max Kilman,eng ENG,DF,Wolves,21,1997,1,0,1,0.0,0,0,0,0,0,0,0,0,0.0,0.0,0.0,0.0,0,0,0,0.00,0.00,0.00,0.00,0.00,0.00,0.00,0.00,0.00,0.00,Matches,2018-2019
244,Joshua King,no NOR,"FW,MF",Bournemouth,26,1992,35,34,2961,32.9,12,3,15,7,5,6,3,0,13.5,8.7,3.8,12.5,131,85,248,0.36,0.09,0.46,0.21,0.30,0.41,0.12,0.52,0.27,0.38,Matches,2018-2019
245,Anthony Knockaert,fr FRA,"MF,FW",Brighton,26,1991,30,18,1837,20.4,2,6,8,2,0,0,4,1,2.1,2.1,3.6,5.7,56,58,119,0.10,0.29,0.39,0.10,0.39,0.10,0.18,0.28,0.10,0.28,Matches,2018-2019
246,Sead Kolašinac,ba BIH,"DF,MF",Arsenal,25,1993,24,22,1887,21.0,0,5,5,0,0,0,5,0,0.4,0.4,6.0,6.3,74,76,179,0.00,0.24,0.24,0.00,0.24,0.02,0.28,0.30,0.02,0.30,Matches,2018-2019
247,Vincent Kompany,be BEL,DF,Manchester City,32,1986,17,13,1224,13.6,1,0,1,1,0,0,6,0,0.3,0.3,0.0,0.3,17,83,3,0.07,0.00,0.07,0.07,0.07,0.02,0.00,0.02,0.02,0.02,Matches,2018-2019
248,Terence Kongolo,nl NED,DF,Huddersfield,24,1994,32,32,2716,30.2,1,1,2,1,0,0,4,0,1.3,1.3,1.1,2.3,25,90,42,0.03,0.03,0.07,0.03,0.07,0.04,0.04,0.08,0.04,0.08,Matches,2018-2019
249,Laurent Koscielny,fr FRA,DF,Arsenal,32,1985,17,13,1331,14.8,3,0,3,3,0,0,1,0,1.4,1.4,0.2,1.5,8,37,3,0.20,0.00,0.20,0.20,0.20,0.09,0.01,0.10,0.09,0.10,Matches,2018-2019
250,Cheikhou Kouyaté,sn SEN,MF,Crystal Palace,28,1989,31,21,1899,21.1,0,2,2,0,0,0,3,0,1.1,1.1,1.1,2.2,19,86,31,0.00,0.09,0.09,0.00,0.09,0.05,0.05,0.11,0.05,0.11,Matches,2018-2019
251,Mateo Kovačić,hr CRO,MF,Chelsea,24,1994,32,21,1735,19.3,0,2,2,0,0,0,3,0,2.2,2.2,1.7,3.9,59,140,66,0.00,0.10,0.10,0.00,0.10,0.11,0.09,0.20,0.11,0.20,Matches,2018-2019
252,Rajiv van La Parra,nl NED,"FW,MF",Huddersfield,27,1991,5,5,405,4.5,0,0,0,0,0,0,0,0,0.2,0.2,0.1,0.3,19,7,18,0.00,0.00,0.00,0.00,0.00,0.05,0.02,0.07,0.05,0.07,Matches,2018-2019
253,Alexandre Lacazette,fr FRA,FW,Arsenal,27,1991,35,27,2502,27.8,13,8,21,13,0,0,2,0,11.7,11.7,3.7,15.4,45,92,265,0.47,0.29,0.76,0.47,0.76,0.42,0.13,0.55,0.42,0.55,Matches,2018-2019
254,Adam Lallana,eng ENG,"MF,FW",Liverpool,30,1988,13,5,468,5.2,0,0,0,0,0,0,1,0,0.3,0.3,0.5,0.7,18,30,39,0.00,0.00,0.00,0.00,0.00,0.05,0.09,0.14,0.05,0.14,Matches,2018-2019
255,Érik Lamela,ar ARG,"MF,FW",Tottenham,26,1992,19,9,974,10.8,4,2,6,4,0,0,2,0,3.3,3.3,1.8,5.2,34,34,95,0.37,0.18,0.55,0.37,0.55,0.31,0.17,0.48,0.31,0.48,Matches,2018-2019
256,Manuel Lanzini,ar ARG,MF,West Ham,25,1993,10,8,686,7.6,1,1,2,1,0,0,2,0,1.1,1.1,0.8,2.0,22,39,28,0.13,0.13,0.26,0.13,0.26,0.15,0.11,0.26,0.15,0.26,Matches,2018-2019
257,Aymeric Laporte,es ESP,DF,Manchester City,24,1994,35,34,3057,34.0,3,3,6,3,0,0,3,0,3.0,3.0,0.8,3.8,94,294,9,0.09,0.09,0.18,0.09,0.18,0.09,0.02,0.11,0.09,0.11,Matches,2018-2019
258,Jamaal Lascelles,eng ENG,DF,Newcastle Utd,24,1993,32,32,2745,30.5,0,1,1,0,0,0,4,0,0.6,0.6,0.9,1.5,5,53,9,0.00,0.03,0.03,0.00,0.03,0.02,0.03,0.05,0.02,0.05,Matches,2018-2019
259,Maxime Le Marchand,fr FRA,DF,Fulham,28,1989,26,25,2250,25.0,0,1,1,0,0,0,5,0,0.3,0.3,0.7,1.0,16,77,15,0.00,0.04,0.04,0.00,0.04,0.01,0.03,0.04,0.01,0.04,Matches,2018-2019
260,Florian Lejeune,fr FRA,DF,Newcastle Utd,27,1991,12,12,1054,11.7,0,0,0,0,0,0,0,0,0.4,0.4,0.4,0.8,9,33,8,0.00,0.00,0.00,0.00,0.00,0.04,0.03,0.07,0.04,0.07,Matches,2018-2019
261,Mario Lemina,ga GAB,MF,Southampton,24,1993,21,18,1613,17.9,1,1,2,1,0,0,5,0,1.1,1.1,1.1,2.2,41,92,29,0.06,0.06,0.11,0.06,0.11,0.06,0.06,0.12,0.06,0.12,Matches,2018-2019
262,Aaron Lennon,eng ENG,MF,Burnley,31,1987,16,14,1215,13.5,1,1,2,1,0,0,1,0,0.8,0.8,0.7,1.5,21,18,55,0.07,0.07,0.15,0.07,0.15,0.06,0.05,0.11,0.06,0.11,Matches,2018-2019
263,Bernd Leno,de GER,GK,Arsenal,26,1992,32,31,2836,31.5,0,0,0,0,0,0,0,0,0.0,0.0,0.0,0.0,0,2,0,0.00,0.00,0.00,0.00,0.00,0.00,0.00,0.00,0.00,0.00,Matches,2018-2019
264,Jefferson Lerma,co COL,MF,Bournemouth,23,1994,30,29,2506,27.8,2,0,2,2,0,0,12,0,1.3,1.3,1.1,2.3,17,133,17,0.07,0.00,0.07,0.07,0.07,0.05,0.04,0.08,0.05,0.08,Matches,2018-2019
265,Stephan Lichtsteiner,ch SUI,DF,Arsenal,34,1984,14,10,938,10.4,0,0,0,0,0,0,3,0,0.0,0.0,0.1,0.1,24,32,48,0.00,0.00,0.00,0.00,0.00,0.00,0.01,0.01,0.00,0.01,Matches,2018-2019
266,Victor Lindelöf,se SWE,DF,Manchester Utd,24,1994,30,29,2601,28.9,1,1,2,1,0,0,1,0,0.7,0.7,1.2,1.9,14,83,2,0.03,0.03,0.07,0.03,0.07,0.02,0.04,0.06,0.02,0.06,Matches,2018-2019
267,Jesse Lingard,eng ENG,"FW,MF",Manchester Utd,25,1992,27,19,1663,18.5,4,2,6,3,1,1,3,0,4.7,3.9,2.7,6.6,41,55,109,0.22,0.11,0.32,0.16,0.27,0.25,0.15,0.40,0.21,0.36,Matches,2018-2019
268,Fernando Llorente,es ESP,FW,Tottenham,33,1985,20,6,694,7.7,1,4,5,1,0,0,2,0,3.4,3.4,1.6,5.0,3,10,72,0.13,0.52,0.65,0.13,0.65,0.44,0.21,0.64,0.44,0.64,Matches,2018-2019
269,Hugo Lloris,fr FRA,GK,Tottenham,31,1986,33,33,2970,33.0,0,0,0,0,0,0,0,0,0.0,0.0,0.0,0.0,0,0,0,0.00,0.00,0.00,0.00,0.00,0.00,0.00,0.00,0.00,0.00,Matches,2018-2019
270,Jürgen Locadia,cw CUW,"FW,MF",Brighton,24,1993,26,12,1236,13.7,2,0,2,2,0,0,1,0,2.7,2.7,1.0,3.7,17,15,104,0.15,0.00,0.15,0.15,0.15,0.20,0.07,0.27,0.20,0.27,Matches,2018-2019
271,Ruben Loftus-Cheek,eng ENG,"MF,FW",Chelsea,22,1996,24,6,998,11.1,6,2,8,6,0,0,0,0,2.8,2.8,0.8,3.7,52,61,75,0.54,0.18,0.72,0.54,0.72,0.26,0.07,0.33,0.26,0.33,Matches,2018-2019
272,Kevin Long,ie IRL,DF,Burnley,27,1990,6,5,514,5.7,0,1,1,0,0,0,0,0,0.1,0.1,0.5,0.5,1,10,0,0.00,0.18,0.18,0.00,0.18,0.01,0.08,0.09,0.01,0.09,Matches,2018-2019
273,Shane Long,ie IRL,"FW,MF",Southampton,31,1987,26,12,1272,14.1,5,1,6,5,0,0,3,0,4.6,4.6,1.6,6.2,13,18,98,0.35,0.07,0.42,0.35,0.42,0.33,0.11,0.44,0.33,0.44,Matches,2018-2019
274,Sean Longstaff,eng ENG,MF,Newcastle Utd,20,1997,9,8,687,7.6,1,0,1,1,0,0,2,0,0.7,0.7,0.5,1.2,2,28,6,0.13,0.00,0.13,0.13,0.13,0.09,0.07,0.16,0.09,0.16,Matches,2018-2019
275,Ademola Lookman,ng NGA,"FW,MF",Everton,20,1997,21,3,618,6.9,0,2,2,0,0,0,0,0,1.4,1.4,1.4,2.8,34,24,52,0.00,0.29,0.29,0.00,0.29,0.20,0.21,0.41,0.20,0.41,Matches,2018-2019
276,Jonas Lössl,dk DEN,GK,Huddersfield,29,1989,31,30,2778,30.9,0,1,1,0,0,0,1,0,0.0,0.0,0.5,0.5,0,0,0,0.00,0.03,0.03,0.00,0.03,0.00,0.02,0.02,0.00,0.02,Matches,2018-2019
277,Dejan Lovren,hr CRO,DF,Liverpool,29,1989,13,11,986,11.0,1,0,1,1,0,0,1,0,0.7,0.7,0.1,0.8,2,27,2,0.09,0.00,0.09,0.09,0.09,0.06,0.01,0.07,0.06,0.07,Matches,2018-2019
278,Chris Löwe,de GER,"DF,MF",Huddersfield,29,1989,29,23,2057,22.9,0,2,2,0,0,0,2,0,0.6,0.6,1.7,2.4,46,64,86,0.00,0.09,0.09,0.00,0.09,0.03,0.08,0.10,0.03,0.10,Matches,2018-2019
279,Matthew Lowton,eng ENG,DF,Burnley,29,1989,21,19,1750,19.4,0,0,0,0,0,0,7,0,0.6,0.6,0.7,1.3,18,74,38,0.00,0.00,0.00,0.00,0.00,0.03,0.03,0.07,0.03,0.07,Matches,2018-2019
280,David Luiz,br BRA,DF,Chelsea,31,1987,36,36,3238,36.0,3,2,5,3,0,0,3,0,2.6,2.6,2.9,5.5,54,247,4,0.08,0.06,0.14,0.08,0.14,0.07,0.08,0.15,0.07,0.15,Matches,2018-2019
281,Romelu Lukaku,be BEL,FW,Manchester Utd,25,1993,32,22,2136,23.7,12,0,12,12,0,0,4,0,10.5,10.5,2.2,12.7,44,55,200,0.51,0.00,0.51,0.51,0.51,0.44,0.09,0.54,0.44,0.54,Matches,2018-2019
282,James Maddison,eng ENG,"MF,FW",Leicester City,21,1996,36,35,2831,31.5,7,7,14,6,1,2,5,2,7.4,5.9,8.2,14.0,63,198,148,0.22,0.22,0.45,0.19,0.41,0.24,0.26,0.50,0.19,0.45,Matches,2018-2019
283,Gary Madine,eng ENG,"FW,MF",Cardiff City,27,1990,5,0,37,0.4,0,0,0,0,0,0,0,0,0.0,0.0,0.0,0.0,0,3,4,0.00,0.00,0.00,0.00,0.00,0.00,0.00,0.00,0.00,0.00,Matches,2018-2019
284,Harry Maguire,eng ENG,DF,Leicester City,25,1993,31,31,2596,28.8,3,0,3,3,0,0,6,1,2.4,2.4,0.8,3.2,53,190,23,0.10,0.00,0.10,0.10,0.10,0.08,0.03,0.11,0.08,0.11,Matches,2018-2019
285,Riyad Mahrez,dz ALG,"FW,MF",Manchester City,27,1991,27,14,1343,14.9,7,4,11,7,0,1,0,0,5.5,4.7,4.6,9.3,87,73,191,0.47,0.27,0.74,0.47,0.74,0.37,0.31,0.68,0.32,0.62,Matches,2018-2019
286,Ainsley Maitland-Niles,eng ENG,DF,Arsenal,20,1997,16,11,987,11.0,1,1,2,1,0,0,2,1,0.9,0.9,0.9,1.8,32,60,66,0.09,0.09,0.18,0.09,0.18,0.08,0.08,0.17,0.08,0.17,Matches,2018-2019
287,Sadio Mané,sn SEN,FW,Liverpool,26,1992,36,35,3077,34.2,22,1,23,22,0,0,2,0,15.1,15.1,4.5,19.7,121,129,285,0.64,0.03,0.67,0.64,0.67,0.44,0.13,0.58,0.44,0.58,Matches,2018-2019
288,Javier Manquillo,es ESP,DF,Newcastle Utd,24,1994,18,12,1101,12.2,0,3,3,0,0,0,2,0,0.1,0.1,0.7,0.7,26,29,39,0.00,0.25,0.25,0.00,0.25,0.00,0.05,0.06,0.00,0.06,Matches,2018-2019
289,Solly March,eng ENG,"FW,MF",Brighton,24,1994,35,30,2463,27.4,1,5,6,1,0,0,1,0,2.5,2.5,4.3,6.8,65,60,208,0.04,0.18,0.22,0.04,0.22,0.09,0.16,0.25,0.09,0.25,Matches,2018-2019
290,Adrian Mariappa,jm JAM,DF,Watford,31,1986,26,20,1927,21.4,0,0,0,0,0,0,3,0,0.7,0.7,0.6,1.3,3,41,0,0.00,0.00,0.00,0.00,0.00,0.03,0.03,0.06,0.03,0.06,Matches,2018-2019
291,Lazar Marković,rs SRB,MF,Fulham,24,1994,1,0,45,0.5,0,0,0,0,0,0,0,0,0.0,0.0,0.0,0.0,1,3,7,0.00,0.00,0.00,0.00,0.00,0.00,0.05,0.05,0.00,0.05,Matches,2018-2019
292,Anthony Martial,fr FRA,FW,Manchester Utd,22,1995,27,18,1621,18.0,10,2,12,9,1,1,2,0,6.2,5.4,2.9,8.2,109,66,205,0.56,0.11,0.67,0.50,0.61,0.34,0.16,0.50,0.30,0.46,Matches,2018-2019
293,Adam Masina,ma MAR,DF,Watford,24,1994,14,11,1004,11.2,0,1,1,0,0,0,5,0,0.1,0.1,0.8,0.9,10,39,13,0.00,0.09,0.09,0.00,0.09,0.01,0.07,0.08,0.01,0.08,Matches,2018-2019
294,Arthur Masuaku,cd COD,DF,West Ham,24,1993,23,19,1759,19.5,0,1,1,0,0,0,2,0,0.1,0.1,0.8,0.9,69,96,53,0.00,0.05,0.05,0.00,0.05,0.01,0.04,0.05,0.01,0.05,Matches,2018-2019
295,Juan Mata,es ESP,"FW,MF",Manchester Utd,30,1988,22,16,1289,14.3,3,2,5,3,0,0,3,0,1.6,1.6,2.9,4.5,24,75,96,0.21,0.14,0.35,0.21,0.35,0.11,0.20,0.31,0.11,0.31,Matches,2018-2019
296,Nemanja Matić,rs SRB,MF,Manchester Utd,29,1988,28,28,2436,27.1,1,0,1,1,0,0,8,2,1.3,1.3,0.5,1.8,42,165,13,0.04,0.00,0.04,0.04,0.04,0.05,0.02,0.07,0.05,0.07,Matches,2018-2019
297,Joël Matip,cm CMR,DF,Liverpool,26,1991,22,17,1537,17.1,1,0,1,1,0,0,3,0,0.7,0.7,0.2,0.9,27,66,2,0.06,0.00,0.06,0.06,0.06,0.04,0.01,0.05,0.04,0.05,Matches,2018-2019
298,Konstantinos Mavropanos,gr GRE,DF,Arsenal,20,1997,4,3,148,1.6,0,0,0,0,0,0,1,0,0.1,0.1,0.3,0.4,3,9,0,0.00,0.00,0.00,0.00,0.00,0.07,0.17,0.25,0.07,0.25,Matches,2018-2019
299,Alfie Mawson,eng ENG,DF,Fulham,24,1994,15,13,1131,12.6,0,0,0,0,0,0,2,0,0.1,0.1,0.1,0.2,1,26,0,0.00,0.00,0.00,0.00,0.00,0.01,0.00,0.01,0.01,0.01,Matches,2018-2019
300,Isaac Mbenza,be BEL,"FW,MF",Huddersfield,22,1996,22,10,986,11.0,1,1,2,1,0,0,1,0,1.0,1.0,0.9,1.9,25,18,57,0.09,0.09,0.18,0.09,0.18,0.09,0.09,0.17,0.09,0.17,Matches,2018-2019
301,James McArthur,sct SCO,MF,Crystal Palace,30,1987,38,36,3058,34.0,3,6,9,3,0,0,7,0,4.1,4.1,3.3,7.4,42,142,137,0.09,0.18,0.26,0.09,0.26,0.12,0.10,0.22,0.12,0.22,Matches,2018-2019
302,Alex McCarthy,eng ENG,GK,Southampton,28,1989,25,25,2250,25.0,0,0,0,0,0,0,1,0,0.0,0.0,0.0,0.0,0,0,0,0.00,0.00,0.00,0.00,0.00,0.00,0.00,0.00,0.00,0.00,Matches,2018-2019
303,James McCarthy,ie IRL,MF,Everton,27,1990,1,0,15,0.2,0,0,0,0,0,0,0,0,0.0,0.0,0.0,0.0,0,0,0,0.00,0.00,0.00,0.00,0.00,0.00,0.00,0.00,0.00,0.00,Matches,2018-2019
304,Kevin McDonald,sct SCO,MF,Fulham,29,1988,15,10,841,9.3,0,0,0,0,0,0,5,1,0.1,0.1,0.1,0.2,2,41,2,0.00,0.00,0.00,0.00,0.00,0.01,0.01,0.03,0.01,0.03,Matches,2018-2019
305,Dwight McNeil,eng ENG,MF,Burnley,18,1999,21,19,1591,17.7,3,5,8,3,0,0,2,0,2.0,2.0,3.4,5.4,75,41,56,0.17,0.28,0.45,0.17,0.45,0.11,0.19,0.30,0.11,0.30,Matches,2018-2019
306,Scott McTominay,sct SCO,"MF,DF",Manchester Utd,21,1996,16,9,867,9.6,2,0,2,2,0,0,1,0,1.5,1.5,0.0,1.5,8,34,12,0.21,0.00,0.21,0.21,0.21,0.15,0.00,0.16,0.15,0.16,Matches,2018-2019
307,Ben Mee,eng ENG,DF,Burnley,28,1989,38,38,3420,38.0,0,2,2,0,0,0,9,0,1.6,1.6,1.1,2.7,9,99,9,0.00,0.05,0.05,0.00,0.05,0.04,0.03,0.07,0.04,0.07,Matches,2018-2019
308,Nathaniel Mendez-Laing,gt GUA,"MF,FW",Cardiff City,26,1992,20,11,985,10.9,4,1,5,3,1,1,0,0,2.3,1.5,1.5,2.9,46,19,69,0.37,0.09,0.46,0.27,0.37,0.21,0.13,0.34,0.13,0.27,Matches,2018-2019
309,Benjamin Mendy,fr FRA,DF,Manchester City,24,1994,10,10,900,10.0,0,5,5,0,0,0,1,0,0.2,0.2,1.6,1.8,48,70,59,0.00,0.50,0.50,0.00,0.50,0.02,0.16,0.18,0.02,0.18,Matches,2018-2019
310,Nampalys Mendy,sn SEN,MF,Leicester City,26,1992,31,23,2092,23.2,0,0,0,0,0,0,5,0,0.1,0.1,0.2,0.3,16,104,19,0.00,0.00,0.00,0.00,0.00,0.00,0.01,0.01,0.00,0.01,Matches,2018-2019
311,Chris Mepham,wls WAL,DF,Bournemouth,20,1997,13,10,850,9.4,0,1,1,0,0,0,1,0,0.1,0.1,0.5,0.6,7,22,1,0.00,0.11,0.11,0.00,0.11,0.01,0.05,0.06,0.01,0.06,Matches,2018-2019
312,Max Meyer,de GER,MF,Crystal Palace,22,1995,29,15,1416,15.7,1,2,3,1,0,0,3,0,1.8,1.8,1.2,2.9,47,73,80,0.06,0.13,0.19,0.06,0.19,0.11,0.07,0.18,0.11,0.18,Matches,2018-2019
313,Luka Milivojević,rs SRB,MF,Crystal Palace,27,1991,38,38,3420,38.0,12,2,14,2,10,11,10,0,10.9,2.2,3.0,5.2,32,219,15,0.32,0.05,0.37,0.05,0.11,0.29,0.08,0.37,0.06,0.14,Matches,2018-2019
314,James Milner,eng ENG,"MF,DF",Liverpool,32,1986,31,19,1789,19.9,5,4,9,2,3,3,7,2,3.4,1.1,5.3,6.4,38,164,139,0.25,0.20,0.45,0.10,0.30,0.17,0.27,0.44,0.05,0.32,Matches,2018-2019
315,Yerry Mina,co COL,DF,Everton,23,1994,13,10,892,9.9,1,0,1,1,0,0,3,0,0.3,0.3,0.1,0.4,7,39,3,0.10,0.00,0.10,0.10,0.10,0.03,0.01,0.05,0.03,0.05,Matches,2018-2019
316,Tyrone Mings,eng ENG,DF,Bournemouth,25,1993,5,2,143,1.6,0,0,0,0,0,0,0,0,0.0,0.0,0.1,0.1,2,6,1,0.00,0.00,0.00,0.00,0.00,0.00,0.04,0.04,0.00,0.04,Matches,2018-2019
317,Aleksandar Mitrović,rs SRB,FW,Fulham,23,1994,37,37,3280,36.4,11,3,14,10,1,1,7,0,14.1,13.3,3.2,16.5,28,62,244,0.30,0.08,0.38,0.27,0.36,0.39,0.09,0.47,0.36,0.45,Matches,2018-2019
318,Henrikh Mkhitaryan,am ARM,"FW,MF",Arsenal,29,1989,25,19,1641,18.2,6,4,10,6,0,0,1,0,5.0,5.0,6.2,11.2,68,107,144,0.33,0.22,0.55,0.33,0.55,0.28,0.34,0.62,0.28,0.62,Matches,2018-2019
319,Nacho Monreal,es ESP,DF,Arsenal,32,1986,22,21,1861,20.7,1,3,4,1,0,0,5,0,1.3,1.3,1.7,3.1,32,87,95,0.05,0.15,0.19,0.05,0.19,0.06,0.08,0.15,0.06,0.15,Matches,2018-2019
320,Martín Montoya,es ESP,DF,Brighton,27,1991,25,24,2167,24.1,0,1,1,0,0,0,4,0,0.2,0.2,1.2,1.4,35,88,36,0.00,0.04,0.04,0.00,0.04,0.01,0.05,0.06,0.01,0.06,Matches,2018-2019
321,Aaron Mooy,au AUS,"MF,FW",Huddersfield,27,1990,29,25,2330,25.9,3,1,4,2,1,1,4,0,2.8,2.1,2.6,4.6,61,154,94,0.12,0.04,0.15,0.08,0.12,0.11,0.10,0.21,0.08,0.18,Matches,2018-2019
322,Álvaro Morata,es ESP,FW,Chelsea,25,1992,16,11,941,10.5,5,0,5,5,0,0,3,0,6.1,6.1,0.2,6.4,12,13,82,0.48,0.00,0.48,0.48,0.48,0.59,0.02,0.61,0.59,0.61,Matches,2018-2019
323,Alberto Moreno,es ESP,DF,Liverpool,26,1992,2,2,154,1.7,0,0,0,0,0,0,0,0,0.0,0.0,0.1,0.2,3,12,10,0.00,0.00,0.00,0.00,0.00,0.02,0.09,0.10,0.02,0.10,Matches,2018-2019
324,Wes Morgan,jm JAM,DF,Leicester City,34,1984,22,21,1925,21.4,3,0,3,3,0,0,3,2,1.8,1.8,0.2,2.0,6,43,9,0.14,0.00,0.14,0.14,0.14,0.08,0.01,0.09,0.08,0.09,Matches,2018-2019
325,Sean Morrison,eng ENG,DF,Cardiff City,27,1991,34,34,3039,33.8,1,3,4,1,0,0,6,0,5.0,5.0,3.7,8.7,7,49,16,0.03,0.09,0.12,0.03,0.12,0.15,0.11,0.26,0.15,0.26,Matches,2018-2019
326,Victor Moses,ng NGA,FW,Chelsea,27,1990,2,0,28,0.3,0,0,0,0,0,0,0,0,0.0,0.0,0.1,0.1,1,0,1,0.00,0.00,0.00,0.00,0.00,0.00,0.20,0.20,0.00,0.20,Matches,2018-2019
327,Steve Mounié,bj BEN,FW,Huddersfield,23,1994,31,19,1778,19.8,2,3,5,2,0,0,1,1,5.8,5.8,1.9,7.7,22,34,94,0.10,0.15,0.25,0.10,0.25,0.30,0.09,0.39,0.30,0.39,Matches,2018-2019
328,Lucas Moura,br BRA,"FW,MF",Tottenham,25,1992,32,25,2121,23.6,10,0,10,10,0,0,3,0,6.3,6.3,1.5,7.8,79,63,193,0.42,0.00,0.42,0.42,0.42,0.27,0.06,0.33,0.27,0.33,Matches,2018-2019
329,Lys Mousset,fr FRA,FW,Bournemouth,22,1996,24,1,368,4.1,1,0,1,1,0,0,1,0,1.4,1.4,0.3,1.6,5,12,41,0.24,0.00,0.24,0.24,0.24,0.34,0.06,0.40,0.34,0.40,Matches,2018-2019
330,João Moutinho,pt POR,MF,Wolves,31,1986,38,35,3032,33.7,1,8,9,1,0,0,4,0,0.7,0.7,6.5,7.2,34,220,48,0.03,0.24,0.27,0.03,0.27,0.02,0.19,0.21,0.02,0.21,Matches,2018-2019
331,Jacob Murphy,eng ENG,"MF,DF",Newcastle Utd,23,1995,9,3,302,3.4,0,1,1,0,0,0,0,0,0.1,0.1,0.6,0.7,8,7,17,0.00,0.30,0.30,0.00,0.30,0.02,0.18,0.20,0.02,0.20,Matches,2018-2019
332,Josh Murphy,eng ENG,"MF,FW",Cardiff City,23,1995,29,22,1817,20.2,3,2,5,3,0,0,2,0,4.1,4.1,3.9,8.0,81,23,126,0.15,0.10,0.25,0.15,0.25,0.20,0.19,0.40,0.20,0.40,Matches,2018-2019
333,Glenn Murray,eng ENG,FW,Brighton,34,1983,38,30,2508,27.9,13,1,14,9,4,4,5,0,11.4,8.1,1.3,9.4,12,41,136,0.47,0.04,0.50,0.32,0.36,0.41,0.05,0.46,0.29,0.34,Matches,2018-2019
334,Shkodran Mustafi,de GER,DF,Arsenal,26,1992,31,31,2611,29.0,2,0,2,2,0,0,9,0,1.5,1.5,0.6,2.1,26,118,12,0.07,0.00,0.07,0.07,0.07,0.05,0.02,0.07,0.05,0.07,Matches,2018-2019
335,Yoshinori Mutō,jp JPN,"FW,MF",Newcastle Utd,26,1992,17,5,524,5.8,1,0,1,1,0,0,1,0,0.9,0.9,0.8,1.7,9,6,28,0.17,0.00,0.17,0.17,0.17,0.16,0.14,0.30,0.16,0.30,Matches,2018-2019
336,Georges-Kévin N'Koudou,cm CMR,FW,Tottenham,23,1995,1,0,5,0.1,0,1,1,0,0,0,0,0,0.0,0.0,0.5,0.5,0,0,3,0.00,18.00,18.00,0.00,18.00,0.00,9.73,9.73,0.00,9.73,Matches,2018-2019
337,Samir Nasri,fr FRA,MF,West Ham,31,1987,5,3,245,2.7,0,2,2,0,0,0,0,0,0.1,0.1,0.3,0.5,9,17,10,0.00,0.73,0.73,0.00,0.73,0.05,0.13,0.17,0.05,0.17,Matches,2018-2019
338,Marc Navarro,es ESP,DF,Watford,23,1995,2,1,84,0.9,0,0,0,0,0,0,0,0,0.0,0.0,0.0,0.0,1,0,4,0.00,0.00,0.00,0.00,0.00,0.00,0.00,0.00,0.00,0.00,Matches,2018-2019
339,Wilfred Ndidi,ng NGA,MF,Leicester City,21,1996,38,37,3296,36.6,2,0,2,2,0,0,8,0,3.7,3.7,1.8,5.5,26,201,35,0.05,0.00,0.05,0.05,0.05,0.10,0.05,0.15,0.10,0.15,Matches,2018-2019
340,Rúben Neves,pt POR,MF,Wolves,21,1997,35,34,3007,33.4,4,3,7,2,2,2,8,0,4.0,2.4,1.9,4.3,15,206,12,0.12,0.09,0.21,0.06,0.15,0.12,0.06,0.18,0.07,0.13,Matches,2018-2019
341,Oumar Niasse,sn SEN,FW,Cardiff City,28,1990,13,12,931,10.3,0,0,0,0,0,0,0,0,3.4,3.4,0.6,4.0,23,16,64,0.00,0.00,0.00,0.00,0.00,0.33,0.05,0.39,0.33,0.39,Matches,2018-2019
342,Oumar Niasse,sn SEN,FW,Everton,28,1990,5,0,63,0.7,0,0,0,0,0,0,0,0,0.5,0.5,0.2,0.7,1,3,10,0.00,0.00,0.00,0.00,0.00,0.71,0.34,1.05,0.71,1.05,Matches,2018-2019
343,Eddie Nketiah,eng ENG,"MF,FW",Arsenal,19,1999,5,0,67,0.7,1,0,1,1,0,0,0,0,0.2,0.2,0.1,0.3,3,1,7,1.34,0.00,1.34,1.34,1.34,0.27,0.18,0.45,0.27,0.45,Matches,2018-2019
344,Mark Noble,eng ENG,MF,West Ham,31,1987,31,29,2291,25.5,5,5,10,1,4,4,6,1,3.7,0.5,1.9,2.4,23,197,47,0.20,0.20,0.39,0.04,0.24,0.14,0.07,0.22,0.02,0.09,Matches,2018-2019
345,Håvard Nordtveit,no NOR,DF,Fulham,28,1990,5,4,362,4.0,0,1,1,0,0,0,0,0,0.0,0.0,0.1,0.1,0,5,0,0.00,0.25,0.25,0.00,0.25,0.00,0.04,0.04,0.00,0.04,Matches,2018-2019
346,Will Norris,eng ENG,GK,Wolves,24,1993,1,0,1,0.0,0,0,0,0,0,0,0,0,0.0,0.0,0.0,0.0,0,0,0,0.00,0.00,0.00,0.00,0.00,0.00,0.00,0.00,0.00,0.00,Matches,2018-2019
347,Michael Obafemi,ie IRL,FW,Southampton,18,2000,6,1,137,1.5,1,1,2,1,0,0,1,0,1.7,1.7,0.4,2.1,5,2,12,0.66,0.66,1.31,0.66,1.31,1.12,0.23,1.35,1.12,1.35,Matches,2018-2019
348,Pedro Obiang,gq EQG,MF,West Ham,26,1992,24,12,1128,12.5,0,1,1,0,0,0,0,0,0.6,0.6,1.0,1.6,11,65,22,0.00,0.08,0.08,0.00,0.08,0.05,0.08,0.13,0.05,0.13,Matches,2018-2019
349,Denis Odoi,gh GHA,DF,Fulham,30,1988,31,29,2594,28.8,0,1,1,0,0,0,4,0,0.6,0.6,0.7,1.3,36,101,16,0.00,0.03,0.03,0.00,0.03,0.02,0.02,0.04,0.02,0.04,Matches,2018-2019
350,Angelo Ogbonna,it ITA,DF,West Ham,30,1988,24,20,1874,20.8,1,1,2,1,0,0,2,0,1.8,1.8,0.9,2.8,6,43,1,0.05,0.05,0.10,0.05,0.10,0.09,0.04,0.13,0.09,0.13,Matches,2018-2019
351,Stefano Okaka,it ITA,"FW,MF",Watford,28,1989,2,0,24,0.3,0,0,0,0,0,0,1,0,0.5,0.5,0.1,0.6,1,1,7,0.00,0.00,0.00,0.00,0.00,2.01,0.41,2.42,2.01,2.42,Matches,2018-2019
352,Shinji Okazaki,jp JPN,"MF,FW",Leicester City,32,1986,21,1,288,3.2,0,1,1,0,0,0,0,0,0.6,0.6,0.1,0.7,0,7,26,0.00,0.31,0.31,0.00,0.31,0.17,0.03,0.20,0.17,0.20,Matches,2018-2019
353,Divock Origi,be BEL,FW,Liverpool,23,1995,12,4,371,4.1,3,1,4,3,0,0,0,0,2.2,2.2,0.2,2.3,16,7,28,0.73,0.24,0.97,0.73,0.97,0.53,0.04,0.57,0.53,0.57,Matches,2018-2019
354,Nicolás Otamendi,ar ARG,DF,Manchester City,30,1988,18,14,1236,13.7,0,0,0,0,0,0,1,0,1.3,1.3,0.2,1.5,27,92,3,0.00,0.00,0.00,0.00,0.00,0.10,0.01,0.11,0.10,0.11,Matches,2018-2019
355,Alex Oxlade-Chamberlain,eng ENG,MF,Liverpool,24,1993,2,0,21,0.2,0,0,0,0,0,0,0,0,0.5,0.5,0.1,0.6,0,4,1,0.00,0.00,0.00,0.00,0.00,2.33,0.30,2.62,2.33,2.62,Matches,2018-2019
356,Mesut Özil,de GER,"MF,FW",Arsenal,29,1988,24,20,1735,19.3,5,2,7,5,0,0,2,0,1.7,1.7,4.1,5.8,75,146,174,0.26,0.10,0.36,0.26,0.36,0.09,0.21,0.30,0.09,0.30,Matches,2018-2019
357,Emerson Palmieri,it ITA,DF,Chelsea,23,1994,10,7,663,7.4,0,0,0,0,0,0,0,0,0.3,0.3,0.3,0.6,39,34,50,0.00,0.00,0.00,0.00,0.00,0.04,0.04,0.08,0.04,0.08,Matches,2018-2019
358,Sokratis Papastathopoulos,gr GRE,DF,Arsenal,30,1988,25,25,2198,24.4,1,2,3,1,0,0,12,0,0.8,0.8,0.7,1.5,14,43,3,0.04,0.08,0.12,0.04,0.12,0.03,0.03,0.06,0.03,0.06,Matches,2018-2019
359,Callum Paterson,sct SCO,"FW,MF",Cardiff City,23,1994,27,21,1998,22.2,4,1,5,4,0,0,4,0,5.5,5.5,2.8,8.2,13,68,63,0.18,0.05,0.23,0.18,0.23,0.25,0.12,0.37,0.25,0.37,Matches,2018-2019
360,Rui Patrício,pt POR,GK,Wolves,30,1988,37,37,3329,37.0,0,0,0,0,0,0,1,0,0.0,0.0,0.0,0.0,0,0,0,0.00,0.00,0.00,0.00,0.00,0.00,0.00,0.00,0.00,0.00,Matches,2018-2019
361,Pedro,es ESP,FW,Chelsea,31,1987,31,21,1778,19.8,8,2,10,8,0,0,2,0,5.3,5.3,3.5,8.8,63,94,202,0.40,0.10,0.51,0.40,0.51,0.27,0.18,0.45,0.27,0.45,Matches,2018-2019
362,Lee Peltier,eng ENG,DF,Cardiff City,31,1986,20,17,1544,17.2,0,0,0,0,0,0,4,0,0.0,0.0,0.1,0.1,1,33,11,0.00,0.00,0.00,0.00,0.00,0.00,0.01,0.01,0.00,0.01,Matches,2018-2019
363,Andreas Pereira,br BRA,MF,Manchester Utd,22,1996,15,6,599,6.7,1,1,2,1,0,0,5,0,0.3,0.3,0.9,1.1,10,33,19,0.15,0.15,0.30,0.15,0.30,0.04,0.13,0.17,0.04,0.17,Matches,2018-2019
364,Ricardo Pereira,pt POR,"DF,FW",Leicester City,24,1993,35,35,3123,34.7,2,6,8,2,0,0,7,0,1.2,1.2,5.2,6.4,114,170,150,0.06,0.17,0.23,0.06,0.23,0.04,0.15,0.18,0.04,0.18,Matches,2018-2019
365,Roberto Pereyra,ar ARG,MF,Watford,27,1991,33,33,2815,31.3,6,1,7,6,0,0,3,0,5.4,5.4,3.2,8.6,101,117,188,0.19,0.03,0.22,0.19,0.22,0.17,0.10,0.28,0.17,0.28,Matches,2018-2019
366,Ayoze Pérez,es ESP,"MF,FW",Newcastle Utd,25,1993,37,34,2917,32.4,12,2,14,12,0,0,2,0,7.5,7.5,3.6,11.1,72,82,159,0.37,0.06,0.43,0.37,0.43,0.23,0.11,0.34,0.23,0.34,Matches,2018-2019
367,Lucas Pérez,es ESP,"FW,MF",West Ham,29,1988,15,4,475,5.3,3,0,3,3,0,0,0,0,1.3,1.3,0.8,2.1,2,7,34,0.57,0.00,0.57,0.57,0.57,0.24,0.16,0.39,0.24,0.39,Matches,2018-2019
368,Jordan Pickford,eng ENG,GK,Everton,24,1994,38,38,3420,38.0,0,0,0,0,0,0,1,0,0.0,0.0,0.0,0.0,0,0,0,0.00,0.00,0.00,0.00,0.00,0.00,0.00,0.00,0.00,0.00,Matches,2018-2019
369,Paul Pogba,fr FRA,MF,Manchester Utd,25,1993,35,34,3006,33.4,13,9,22,6,7,10,6,0,15.0,7.1,4.7,11.8,100,295,205,0.39,0.27,0.66,0.18,0.45,0.45,0.14,0.59,0.21,0.35,Matches,2018-2019
370,Alex Pritchard,eng ENG,"MF,FW",Huddersfield,25,1993,30,26,2081,23.1,2,0,2,2,0,0,2,0,2.7,2.7,1.8,4.5,72,91,164,0.09,0.00,0.09,0.09,0.09,0.12,0.08,0.19,0.12,0.19,Matches,2018-2019
371,Sebastian Prödl,at AUT,DF,Watford,31,1987,1,0,13,0.1,0,0,0,0,0,0,0,0,0.0,0.0,0.0,0.0,0,0,0,0.00,0.00,0.00,0.00,0.00,0.00,0.00,0.00,0.00,0.00,Matches,2018-2019
372,Davy Pröpper,nl NED,MF,Brighton,26,1991,30,30,2546,28.3,1,1,2,1,0,0,2,0,0.9,0.9,1.3,2.1,28,165,58,0.04,0.04,0.07,0.04,0.07,0.03,0.05,0.08,0.03,0.08,Matches,2018-2019
373,Jason Puncheon,eng ENG,MF,Crystal Palace,32,1986,5,0,13,0.1,0,0,0,0,0,0,0,0,0.0,0.0,0.0,0.0,0,0,1,0.00,0.00,0.00,0.00,0.00,0.00,0.00,0.00,0.00,0.00,Matches,2018-2019
374,Jason Puncheon,eng ENG,MF,Huddersfield,32,1986,6,5,382,4.2,0,0,0,0,0,0,1,0,0.3,0.3,0.5,0.8,6,26,17,0.00,0.00,0.00,0.00,0.00,0.06,0.12,0.19,0.06,0.19,Matches,2018-2019
375,Collin Quaner,de GER,FW,Huddersfield,27,1991,2,0,39,0.4,0,0,0,0,0,0,0,0,0.0,0.0,0.1,0.1,0,4,2,0.00,0.00,0.00,0.00,0.00,0.00,0.17,0.17,0.00,0.17,Matches,2018-2019
376,Domingos Quina,pt POR,MF,Watford,18,1999,8,3,338,3.8,1,0,1,1,0,0,0,0,0.2,0.2,0.1,0.2,8,20,6,0.27,0.00,0.27,0.27,0.27,0.04,0.02,0.06,0.04,0.06,Matches,2018-2019
377,Joe Ralls,eng ENG,MF,Cardiff City,24,1993,28,22,1959,21.8,0,0,0,0,0,1,4,1,1.6,0.8,3.2,4.1,20,111,18,0.00,0.00,0.00,0.00,0.00,0.07,0.15,0.22,0.04,0.19,Matches,2018-2019
378,Aaron Ramsey,wls WAL,MF,Arsenal,27,1990,28,14,1331,14.8,4,6,10,4,0,0,0,0,3.4,3.4,2.0,5.4,47,88,133,0.27,0.41,0.68,0.27,0.68,0.23,0.14,0.37,0.23,0.37,Matches,2018-2019
379,Kayne Ramsey,eng ENG,DF,Southampton,17,2000,1,1,90,1.0,0,0,0,0,0,0,0,0,0.0,0.0,0.0,0.0,0,0,0,0.00,0.00,0.00,0.00,0.00,0.00,0.00,0.00,0.00,0.00,Matches,2018-2019
380,Marcus Rashford,eng ENG,FW,Manchester Utd,20,1997,33,26,2334,25.9,10,6,16,10,0,0,3,1,10.7,10.7,5.0,15.7,74,65,225,0.39,0.23,0.62,0.39,0.62,0.41,0.19,0.60,0.41,0.60,Matches,2018-2019
381,Tim Ream,us USA,DF,Fulham,30,1987,26,25,2047,22.7,0,0,0,0,0,0,1,0,0.0,0.0,0.1,0.2,13,68,1,0.00,0.00,0.00,0.00,0.00,0.00,0.01,0.01,0.00,0.01,Matches,2018-2019
382,Nathan Redmond,eng ENG,"MF,FW",Southampton,24,1994,38,36,3270,36.3,6,4,10,6,0,0,3,0,7.6,7.6,4.7,12.2,174,129,301,0.17,0.11,0.28,0.17,0.28,0.21,0.13,0.34,0.21,0.34,Matches,2018-2019
383,Bobby Reid,jm JAM,"FW,MF",Cardiff City,25,1993,27,16,1424,15.8,5,2,7,4,1,1,0,0,3.8,3.0,1.2,4.2,15,23,76,0.32,0.13,0.44,0.25,0.38,0.24,0.07,0.31,0.19,0.26,Matches,2018-2019
384,Declan Rice,eng ENG,MF,West Ham,19,1999,34,34,3003,33.4,2,0,2,2,0,0,4,0,1.2,1.2,0.4,1.6,27,127,11,0.06,0.00,0.06,0.06,0.06,0.04,0.01,0.05,0.04,0.05,Matches,2018-2019
385,Jazz Richards,wls WAL,"DF,MF",Cardiff City,27,1991,4,0,132,1.5,0,0,0,0,0,0,0,0,0.0,0.0,0.0,0.0,0,3,2,0.00,0.00,0.00,0.00,0.00,0.00,0.00,0.00,0.00,0.00,Matches,2018-2019
386,Richarlison,br BRA,"FW,MF",Everton,21,1997,35,32,2665,29.6,13,1,14,13,0,0,5,1,9.4,9.3,2.0,11.3,95,74,220,0.44,0.03,0.47,0.44,0.47,0.32,0.07,0.38,0.32,0.38,Matches,2018-2019
387,Diego Rico,es ESP,"DF,MF",Bournemouth,25,1993,12,5,612,6.8,0,0,0,0,0,0,1,0,0.2,0.2,1.1,1.3,11,39,34,0.00,0.00,0.00,0.00,0.00,0.04,0.16,0.20,0.04,0.20,Matches,2018-2019
388,Sergio Rico,es ESP,GK,Fulham,24,1993,29,29,2610,29.0,0,0,0,0,0,0,1,0,0.0,0.0,0.1,0.1,0,0,0,0.00,0.00,0.00,0.00,0.00,0.00,0.00,0.00,0.00,0.00,Matches,2018-2019
389,Matt Ritchie,sct SCO,"DF,MF",Newcastle Utd,28,1989,36,35,2928,32.5,2,8,10,1,1,2,9,0,5.1,3.6,5.3,8.9,56,83,131,0.06,0.25,0.31,0.03,0.28,0.16,0.16,0.32,0.11,0.27,Matches,2018-2019
390,Andrew Robertson,sct SCO,DF,Liverpool,24,1994,36,36,3216,35.7,0,11,11,0,0,0,4,0,0.7,0.7,7.2,7.9,124,244,263,0.00,0.31,0.31,0.00,0.31,0.02,0.20,0.22,0.02,0.22,Matches,2018-2019
391,Marcos Rojo,ar ARG,DF,Manchester Utd,28,1990,5,2,212,2.4,0,0,0,0,0,0,2,0,0.2,0.2,0.0,0.2,1,8,3,0.00,0.00,0.00,0.00,0.00,0.10,0.00,0.10,0.10,0.10,Matches,2018-2019
392,Oriol Romeu,es ESP,MF,Southampton,26,1991,31,25,2136,23.7,1,0,1,1,0,0,11,0,0.9,0.9,1.0,1.9,19,147,10,0.04,0.00,0.04,0.04,0.04,0.04,0.04,0.08,0.04,0.08,Matches,2018-2019
393,Salomón Rondón,ve VEN,FW,Newcastle Utd,28,1989,32,30,2603,28.9,11,7,18,11,0,0,1,0,10.4,10.4,3.0,13.4,38,46,154,0.38,0.24,0.62,0.38,0.62,0.36,0.10,0.46,0.36,0.46,Matches,2018-2019
394,Danny Rose,eng ENG,DF,Tottenham,28,1990,26,20,1798,20.0,0,3,3,0,0,0,5,0,0.7,0.7,2.2,2.9,83,99,141,0.00,0.15,0.15,0.00,0.15,0.04,0.11,0.15,0.04,0.15,Matches,2018-2019
395,Aaron Rowe,eng ENG,FW,Huddersfield,17,2000,2,1,69,0.8,0,0,0,0,0,0,0,0,0.0,0.0,0.0,0.0,0,1,6,0.00,0.00,0.00,0.00,0.00,0.00,0.00,0.00,0.00,0.00,Matches,2018-2019
396,John Ruddy,eng ENG,GK,Wolves,31,1986,1,1,90,1.0,0,0,0,0,0,0,0,0,0.0,0.0,0.0,0.0,0,0,0,0.00,0.00,0.00,0.00,0.00,0.00,0.00,0.00,0.00,0.00,Matches,2018-2019
397,Antonio Rüdiger,de GER,DF,Chelsea,25,1993,33,33,2871,31.9,1,0,1,1,0,0,7,0,2.5,2.5,0.6,3.1,21,174,1,0.03,0.00,0.03,0.03,0.03,0.08,0.02,0.10,0.08,0.10,Matches,2018-2019
398,Mathew Ryan,au AUS,GK,Brighton,26,1992,34,34,3060,34.0,0,0,0,0,0,0,2,0,0.0,0.0,0.0,0.0,0,0,0,0.00,0.00,0.00,0.00,0.00,0.00,0.00,0.00,0.00,0.00,Matches,2018-2019
399,Abdelhamid Sabiri,ma MAR,FW,Huddersfield,21,1996,2,1,48,0.5,0,0,0,0,0,0,0,0,0.0,0.0,0.0,0.0,0,0,1,0.00,0.00,0.00,0.00,0.00,0.00,0.00,0.00,0.00,0.00,Matches,2018-2019
400,Romain Saïss,ma MAR,"MF,DF",Wolves,28,1990,19,12,1149,12.8,2,0,2,2,0,0,7,0,1.4,1.4,0.6,2.0,9,66,8,0.16,0.00,0.16,0.16,0.16,0.11,0.05,0.16,0.11,0.16,Matches,2018-2019
401,Bukayo Saka,eng ENG,FW,Arsenal,16,2001,1,0,8,0.1,0,0,0,0,0,0,0,0,0.0,0.0,0.0,0.0,0,0,0,0.00,0.00,0.00,0.00,0.00,0.00,0.00,0.00,0.00,0.00,Matches,2018-2019
402,Mamadou Sakho,fr FRA,DF,Crystal Palace,28,1990,27,27,2416,26.8,0,0,0,0,0,0,2,0,0.4,0.4,0.2,0.6,8,91,3,0.00,0.00,0.00,0.00,0.00,0.02,0.01,0.02,0.02,0.02,Matches,2018-2019
403,Bakary Sako,ml MLI,FW,Crystal Palace,30,1988,4,0,29,0.3,0,0,0,0,0,0,0,0,0.0,0.0,0.0,0.0,2,0,2,0.00,0.00,0.00,0.00,0.00,0.00,0.00,0.00,0.00,0.00,Matches,2018-2019
404,Mohamed Salah,eg EGY,FW,Liverpool,26,1992,38,37,3250,36.1,22,8,30,19,3,3,1,0,20.2,17.9,9.4,27.2,131,127,429,0.61,0.22,0.83,0.53,0.75,0.56,0.26,0.82,0.49,0.75,Matches,2018-2019
405,Alexis Sánchez,cl CHI,"FW,MF",Manchester Utd,29,1988,20,9,880,9.8,1,3,4,1,0,0,3,0,1.5,1.5,3.0,4.5,37,50,89,0.10,0.31,0.41,0.10,0.41,0.15,0.31,0.46,0.15,0.46,Matches,2018-2019
406,Carlos Sánchez,co COL,MF,West Ham,32,1986,7,2,245,2.7,0,0,0,0,0,0,0,0,0.1,0.1,0.1,0.1,1,14,1,0.00,0.00,0.00,0.00,0.00,0.03,0.02,0.05,0.03,0.05,Matches,2018-2019
407,Davinson Sánchez,co COL,DF,Tottenham,22,1996,23,22,1942,21.6,1,1,2,1,0,0,2,0,1.4,1.4,0.4,1.8,5,59,2,0.05,0.05,0.09,0.05,0.09,0.06,0.02,0.08,0.06,0.08,Matches,2018-2019
408,Leroy Sané,de GER,FW,Manchester City,22,1996,31,21,1867,20.7,10,10,20,10,0,0,1,0,6.7,6.7,7.4,14.1,84,67,341,0.48,0.48,0.96,0.48,0.96,0.32,0.36,0.68,0.32,0.68,Matches,2018-2019
409,Fabian Schär,ch SUI,DF,Newcastle Utd,26,1991,24,22,1999,22.2,4,1,5,4,0,0,12,0,1.9,1.9,0.7,2.6,26,72,8,0.18,0.05,0.23,0.18,0.23,0.08,0.03,0.12,0.08,0.12,Matches,2018-2019
410,Christopher Schindler,de GER,DF,Huddersfield,28,1990,37,37,3260,36.2,1,0,1,1,0,0,5,1,1.1,1.1,0.2,1.3,15,72,5,0.03,0.00,0.03,0.03,0.03,0.03,0.01,0.04,0.03,0.04,Matches,2018-2019
411,Jeffrey Schlupp,gh GHA,"MF,FW",Crystal Palace,25,1992,30,18,1670,18.6,4,1,5,4,0,0,1,0,3.2,3.2,1.2,4.4,35,77,95,0.22,0.05,0.27,0.22,0.27,0.17,0.06,0.24,0.17,0.24,Matches,2018-2019
412,Kasper Schmeichel,dk DEN,GK,Leicester City,31,1986,38,38,3420,38.0,0,0,0,0,0,0,3,0,0.1,0.1,0.4,0.5,0,2,0,0.00,0.00,0.00,0.00,0.00,0.00,0.01,0.01,0.00,0.01,Matches,2018-2019
413,Morgan Schneiderlin,fr FRA,MF,Everton,28,1989,14,10,834,9.3,0,1,1,0,0,0,2,0,0.1,0.1,0.4,0.6,6,47,5,0.00,0.11,0.11,0.00,0.11,0.02,0.05,0.06,0.02,0.06,Matches,2018-2019
414,André Schürrle,de GER,"FW,MF",Fulham,27,1990,24,21,1641,18.2,6,0,6,6,0,0,2,0,3.6,3.6,1.9,5.6,46,57,136,0.33,0.00,0.33,0.33,0.33,0.20,0.11,0.31,0.20,0.31,Matches,2018-2019
415,Ken Sema,se SWE,"MF,FW",Watford,24,1993,17,9,754,8.4,1,2,3,1,0,0,1,0,0.8,0.8,0.6,1.4,30,17,60,0.12,0.24,0.36,0.12,0.36,0.10,0.07,0.17,0.10,0.17,Matches,2018-2019
416,Jean Seri,ci CIV,MF,Fulham,27,1991,32,27,2244,24.9,1,2,3,1,0,0,6,0,0.9,0.9,4.8,5.6,26,164,40,0.04,0.08,0.12,0.04,0.12,0.04,0.19,0.23,0.04,0.23,Matches,2018-2019
417,Ryan Sessegnon,eng ENG,"FW,DF",Fulham,18,2000,35,26,2300,25.6,2,6,8,2,0,0,0,0,4.0,4.0,3.8,7.8,57,57,193,0.08,0.23,0.31,0.08,0.31,0.16,0.15,0.31,0.16,0.31,Matches,2018-2019
418,Xherdan Shaqiri,ch SUI,"FW,MF",Liverpool,26,1991,24,11,1064,11.8,6,3,9,6,0,0,2,0,3.9,3.9,1.6,5.5,28,85,75,0.51,0.25,0.76,0.51,0.76,0.33,0.14,0.46,0.33,0.46,Matches,2018-2019
419,Luke Shaw,eng ENG,DF,Manchester Utd,23,1995,29,29,2591,28.8,1,4,5,1,0,0,11,0,1.4,1.4,3.9,5.3,90,158,121,0.03,0.14,0.17,0.03,0.17,0.05,0.13,0.18,0.05,0.18,Matches,2018-2019
420,Jonjo Shelvey,eng ENG,MF,Newcastle Utd,26,1992,16,10,948,10.5,1,1,2,1,0,0,1,0,0.9,0.9,1.7,2.6,13,74,15,0.09,0.09,0.19,0.09,0.19,0.09,0.16,0.25,0.09,0.25,Matches,2018-2019
421,Gylfi Sigurðsson,is ISL,MF,Everton,28,1989,38,36,3117,34.6,13,6,19,11,2,5,3,0,10.7,6.7,6.9,13.6,51,172,144,0.38,0.17,0.55,0.32,0.49,0.31,0.20,0.51,0.19,0.39,Matches,2018-2019
422,Adrien Silva,pt POR,MF,Leicester City,29,1989,2,1,88,1.0,0,0,0,0,0,0,0,0,0.0,0.0,0.0,0.0,0,11,1,0.00,0.00,0.00,0.00,0.00,0.00,0.00,0.00,0.00,0.00,Matches,2018-2019
423,Bernardo Silva,pt POR,"MF,FW",Manchester City,23,1994,36,31,2854,31.7,7,7,14,7,0,0,3,0,7.4,7.4,7.8,15.2,152,156,277,0.22,0.22,0.44,0.22,0.44,0.23,0.25,0.48,0.23,0.48,Matches,2018-2019
424,David Silva,es ESP,MF,Manchester City,32,1986,33,28,2401,26.7,6,8,14,6,0,0,2,0,7.8,7.8,8.5,16.3,118,270,222,0.22,0.30,0.52,0.22,0.52,0.29,0.32,0.61,0.29,0.61,Matches,2018-2019
425,Xande Silva,pt POR,FW,West Ham,21,1997,1,0,18,0.2,0,0,0,0,0,0,0,0,0.1,0.1,0.0,0.1,0,0,2,0.00,0.00,0.00,0.00,0.00,0.43,0.13,0.55,0.43,0.55,Matches,2018-2019
426,Danny Simpson,eng ENG,DF,Leicester City,31,1987,6,3,292,3.2,0,0,0,0,0,0,0,0,0.0,0.0,0.0,0.0,0,6,4,0.00,0.00,0.00,0.00,0.00,0.00,0.01,0.01,0.00,0.01,Matches,2018-2019
427,Jack Simpson,eng ENG,DF,Bournemouth,21,1996,6,4,403,4.5,0,0,0,0,0,0,0,0,0.1,0.1,0.0,0.1,5,16,0,0.00,0.00,0.00,0.00,0.00,0.03,0.00,0.03,0.03,0.03,Matches,2018-2019
428,Josh Sims,eng ENG,MF,Southampton,21,1997,7,2,212,2.4,0,1,1,0,0,0,0,0,0.6,0.6,0.7,1.3,3,0,12,0.00,0.42,0.42,0.00,0.42,0.27,0.29,0.56,0.27,0.56,Matches,2018-2019
429,Moussa Sissoko,fr FRA,"MF,FW",Tottenham,28,1989,29,27,2330,25.9,0,3,3,0,0,0,2,0,0.9,0.9,2.5,3.4,79,97,96,0.00,0.12,0.12,0.00,0.12,0.04,0.09,0.13,0.04,0.13,Matches,2018-2019
430,Oliver Skipp,eng ENG,MF,Tottenham,17,2000,8,2,220,2.4,0,0,0,0,0,0,0,0,0.1,0.1,0.0,0.1,2,8,3,0.00,0.00,0.00,0.00,0.00,0.03,0.01,0.04,0.03,0.04,Matches,2018-2019
431,Callum Slattery,eng ENG,MF,Southampton,19,1999,3,1,112,1.2,0,0,0,0,0,0,0,0,0.1,0.1,0.0,0.1,0,3,2,0.00,0.00,0.00,0.00,0.00,0.06,0.00,0.06,0.06,0.06,Matches,2018-2019
432,Chris Smalling,eng ENG,DF,Manchester Utd,28,1989,24,24,2127,23.6,1,0,1,1,0,0,1,0,1.2,1.2,0.2,1.4,3,35,6,0.04,0.00,0.04,0.04,0.04,0.05,0.01,0.06,0.05,0.06,Matches,2018-2019
433,Adam Smith,eng ENG,"DF,MF",Bournemouth,27,1991,25,25,2066,23.0,1,1,2,1,0,0,5,1,0.5,0.5,0.6,1.1,87,98,80,0.04,0.04,0.09,0.04,0.09,0.02,0.02,0.05,0.02,0.05,Matches,2018-2019
434,Tommy Smith,eng ENG,DF,Huddersfield,26,1992,15,13,1141,12.7,0,0,0,0,0,0,2,1,0.1,0.1,0.4,0.5,19,35,38,0.00,0.00,0.00,0.00,0.00,0.01,0.03,0.04,0.01,0.04,Matches,2018-2019
435,Robert Snodgrass,sct SCO,MF,West Ham,30,1987,33,25,2220,24.7,2,5,7,2,0,0,10,0,2.3,2.3,5.6,8.0,72,117,148,0.08,0.20,0.28,0.08,0.28,0.09,0.23,0.32,0.09,0.32,Matches,2018-2019
436,Cédric Soares,pt POR,DF,Southampton,26,1991,18,16,1495,16.6,1,2,3,1,0,0,4,0,0.3,0.3,1.0,1.4,31,54,66,0.06,0.12,0.18,0.06,0.18,0.02,0.06,0.08,0.02,0.08,Matches,2018-2019
437,Ramadan Sobhi,eg EGY,"FW,MF",Huddersfield,21,1997,4,0,79,0.9,0,0,0,0,0,0,0,0,0.0,0.0,0.2,0.2,3,6,14,0.00,0.00,0.00,0.00,0.00,0.00,0.22,0.22,0.00,0.22,Matches,2018-2019
438,Dominic Solanke,eng ENG,"FW,MF",Bournemouth,20,1997,10,2,347,3.9,0,1,1,0,0,0,0,0,1.0,1.0,0.4,1.3,10,6,24,0.00,0.26,0.26,0.00,0.26,0.25,0.10,0.35,0.25,0.35,Matches,2018-2019
439,Pape Souaré,sn SEN,DF,Crystal Palace,28,1990,1,0,1,0.0,0,0,0,0,0,0,0,0,0.0,0.0,0.0,0.0,0,0,0,0.00,0.00,0.00,0.00,0.00,0.00,0.00,0.00,0.00,0.00,Matches,2018-2019
440,Çağlar Söyüncü,tr TUR,DF,Leicester City,22,1996,6,4,372,4.1,0,0,0,0,0,0,1,0,0.1,0.1,0.0,0.1,2,10,0,0.00,0.00,0.00,0.00,0.00,0.02,0.00,0.02,0.02,0.02,Matches,2018-2019
441,Julián Speroni,ar ARG,GK,Crystal Palace,39,1979,1,1,90,1.0,0,0,0,0,0,0,0,0,0.0,0.0,0.0,0.0,0,0,0,0.00,0.00,0.00,0.00,0.00,0.00,0.00,0.00,0.00,0.00,Matches,2018-2019
442,Junior Stanislas,eng ENG,"MF,FW",Bournemouth,28,1989,23,11,1031,11.5,2,3,5,1,1,1,1,0,3.1,2.3,2.0,4.2,35,58,81,0.17,0.26,0.44,0.09,0.35,0.27,0.17,0.44,0.20,0.37,Matches,2018-2019
443,Dale Stephens,eng ENG,MF,Brighton,29,1989,30,29,2485,27.6,1,1,2,1,0,0,6,1,0.3,0.3,0.7,1.0,16,151,8,0.04,0.04,0.07,0.04,0.07,0.01,0.02,0.04,0.01,0.04,Matches,2018-2019
444,Jack Stephens,eng ENG,DF,Southampton,24,1994,24,19,1700,18.9,1,0,1,1,0,0,4,0,1.0,1.0,0.2,1.2,11,54,6,0.05,0.00,0.05,0.05,0.05,0.05,0.01,0.06,0.05,0.06,Matches,2018-2019
445,Raheem Sterling,eng ENG,FW,Manchester City,23,1994,34,31,2771,30.8,17,9,26,17,0,0,3,0,13.7,13.7,9.6,23.3,155,87,436,0.55,0.29,0.84,0.55,0.84,0.44,0.31,0.76,0.44,0.76,Matches,2018-2019
446,John Stones,eng ENG,DF,Manchester City,24,1994,24,20,1764,19.6,0,0,0,0,0,0,1,0,0.3,0.3,0.2,0.6,44,118,5,0.00,0.00,0.00,0.00,0.00,0.02,0.01,0.03,0.02,0.03,Matches,2018-2019
447,Daniel Sturridge,eng ENG,"FW,MF",Liverpool,28,1989,18,4,509,5.7,2,1,3,2,0,0,1,0,1.2,1.2,0.8,2.1,9,31,37,0.35,0.18,0.53,0.35,0.53,0.22,0.15,0.37,0.22,0.37,Matches,2018-2019
448,Denis Suárez,es ESP,"MF,FW",Arsenal,24,1994,4,0,71,0.8,0,0,0,0,0,0,0,0,0.0,0.0,0.0,0.0,3,1,5,0.00,0.00,0.00,0.00,0.00,0.00,0.00,0.00,0.00,0.00,Matches,2018-2019
449,Isaac Success,ng NGA,"FW,MF",Watford,22,1996,30,9,1052,11.7,1,1,2,1,0,0,4,0,3.5,3.5,2.8,6.2,35,39,107,0.09,0.09,0.17,0.09,0.17,0.30,0.24,0.53,0.30,0.53,Matches,2018-2019
450,Ki Sung-yueng,kr KOR,MF,Newcastle Utd,29,1989,18,14,1302,14.5,0,1,1,0,0,0,2,0,0.3,0.3,1.0,1.2,12,66,12,0.00,0.07,0.07,0.00,0.07,0.02,0.07,0.09,0.02,0.09,Matches,2018-2019
451,Andrew Surman,eng ENG,MF,Bournemouth,31,1986,18,16,1439,16.0,0,0,0,0,0,0,2,0,0.3,0.3,0.4,0.7,3,89,10,0.00,0.00,0.00,0.00,0.00,0.02,0.02,0.04,0.02,0.04,Matches,2018-2019
452,Sam Surridge,eng ENG,"MF,FW",Bournemouth,20,1998,2,0,13,0.1,0,0,0,0,0,0,0,0,0.3,0.3,0.0,0.4,0,0,3,0.00,0.00,0.00,0.00,0.00,2.40,0.29,2.69,2.40,2.69,Matches,2018-2019
453,Alexander Sørloth,no NOR,FW,Crystal Palace,22,1995,12,0,185,2.1,0,0,0,0,0,0,0,0,0.5,0.5,0.9,1.4,4,9,13,0.00,0.00,0.00,0.00,0.00,0.23,0.44,0.66,0.23,0.66,Matches,2018-2019
454,Matt Targett,eng ENG,DF,Southampton,22,1995,16,13,1186,13.2,1,3,4,1,0,0,2,0,0.5,0.5,2.3,2.8,24,53,89,0.08,0.23,0.30,0.08,0.30,0.04,0.17,0.21,0.04,0.21,Matches,2018-2019
455,James Tarkowski,eng ENG,DF,Burnley,25,1992,35,35,3086,34.3,3,1,4,3,0,0,8,0,3.3,3.3,0.3,3.6,4,105,6,0.09,0.03,0.12,0.09,0.12,0.10,0.01,0.11,0.10,0.11,Matches,2018-2019
456,Charlie Taylor,eng ENG,DF,Burnley,24,1993,38,35,3243,36.0,0,1,1,0,0,0,2,0,0.2,0.2,1.5,1.7,93,97,94,0.00,0.03,0.03,0.00,0.03,0.00,0.04,0.05,0.00,0.05,Matches,2018-2019
457,Youri Tielemans,be BEL,MF,Leicester City,21,1997,13,13,1086,12.1,3,4,7,3,0,0,2,0,1.8,1.8,2.5,4.3,24,85,53,0.25,0.33,0.58,0.25,0.58,0.15,0.21,0.36,0.15,0.36,Matches,2018-2019
458,James Tomkins,eng ENG,DF,Crystal Palace,29,1989,29,29,2560,28.4,1,1,2,1,0,0,5,0,1.4,1.4,0.9,2.4,4,50,4,0.04,0.04,0.07,0.04,0.07,0.05,0.03,0.08,0.05,0.08,Matches,2018-2019
459,Lucas Torreira,uy URU,MF,Arsenal,22,1996,34,24,2382,26.5,2,2,4,2,0,0,7,1,1.5,1.5,1.2,2.7,28,140,35,0.08,0.08,0.15,0.08,0.15,0.06,0.04,0.10,0.06,0.10,Matches,2018-2019
460,Cenk Tosun,tr TUR,FW,Everton,27,1991,25,10,1059,11.8,3,3,6,3,0,0,3,0,5.0,5.0,0.9,5.9,11,16,90,0.25,0.25,0.51,0.25,0.51,0.43,0.07,0.50,0.43,0.50,Matches,2018-2019
461,Andros Townsend,eng ENG,"FW,MF",Crystal Palace,27,1991,38,34,3009,33.4,6,4,10,6,0,0,1,0,4.6,4.6,3.6,8.3,144,106,280,0.18,0.12,0.30,0.18,0.30,0.14,0.11,0.25,0.14,0.25,Matches,2018-2019
462,Adama Traoré,es ESP,"FW,MF",Wolves,22,1996,29,8,902,10.0,1,1,2,1,0,0,1,0,1.3,1.3,2.2,3.5,82,31,61,0.10,0.10,0.20,0.10,0.20,0.13,0.22,0.35,0.13,0.35,Matches,2018-2019
463,Mark Travers,ie IRL,GK,Bournemouth,19,1999,2,2,180,2.0,0,0,0,0,0,0,0,0,0.0,0.0,0.0,0.0,0,1,0,0.00,0.00,0.00,0.00,0.00,0.00,0.00,0.00,0.00,0.00,Matches,2018-2019
464,Kieran Trippier,eng ENG,DF,Tottenham,27,1990,27,26,2276,25.3,1,3,4,1,0,0,2,0,0.5,0.5,4.1,4.6,40,179,200,0.04,0.12,0.16,0.04,0.16,0.02,0.16,0.18,0.02,0.18,Matches,2018-2019
465,Antonio Valencia,ec ECU,DF,Manchester Utd,32,1985,6,5,466,5.2,0,0,0,0,0,0,2,0,0.1,0.1,0.5,0.5,18,25,21,0.00,0.00,0.00,0.00,0.00,0.01,0.09,0.10,0.01,0.10,Matches,2018-2019
466,Yan Valery,tn TUN,DF,Southampton,19,1999,23,20,1712,19.0,2,1,3,2,0,0,4,1,0.7,0.7,0.2,0.9,54,33,77,0.11,0.05,0.16,0.11,0.16,0.04,0.01,0.05,0.04,0.05,Matches,2018-2019
467,Virgil van Dijk,nl NED,DF,Liverpool,27,1991,38,38,3384,37.6,4,2,6,4,0,0,1,0,3.1,3.1,1.4,4.6,20,174,20,0.11,0.05,0.16,0.11,0.16,0.08,0.04,0.12,0.08,0.12,Matches,2018-2019
468,Jamie Vardy,eng ENG,FW,Leicester City,31,1987,34,30,2726,30.3,18,4,22,14,4,5,3,1,18.3,14.4,5.1,19.5,45,39,186,0.59,0.13,0.73,0.46,0.59,0.60,0.17,0.77,0.47,0.64,Matches,2018-2019
469,Jan Vertonghen,be BEL,DF,Tottenham,31,1987,22,22,1911,21.2,1,0,1,1,0,0,5,2,1.0,1.0,0.2,1.3,27,121,24,0.05,0.00,0.05,0.05,0.05,0.05,0.01,0.06,0.05,0.06,Matches,2018-2019
470,Jannik Vestergaard,dk DEN,DF,Southampton,25,1992,23,23,2027,22.5,0,0,0,0,0,0,2,0,0.7,0.7,0.6,1.3,14,62,4,0.00,0.00,0.00,0.00,0.00,0.03,0.03,0.06,0.03,0.06,Matches,2018-2019
471,Luciano Vietto,ar ARG,"FW,MF",Fulham,24,1993,20,10,986,11.0,1,4,5,1,0,0,1,0,2.9,2.9,2.1,5.0,33,35,107,0.09,0.37,0.46,0.09,0.46,0.27,0.20,0.46,0.27,0.46,Matches,2018-2019
472,Rúben Vinagre,pt POR,"DF,MF",Wolves,19,1999,17,7,710,7.9,0,0,0,0,0,0,1,0,0.5,0.5,0.8,1.2,45,22,63,0.00,0.00,0.00,0.00,0.00,0.06,0.10,0.16,0.06,0.16,Matches,2018-2019
473,Sam Vokes,wls WAL,FW,Burnley,28,1989,20,10,915,10.2,3,0,3,3,0,0,0,0,2.4,2.4,1.3,3.6,3,15,55,0.30,0.00,0.30,0.30,0.30,0.23,0.12,0.36,0.23,0.36,Matches,2018-2019
474,Michel Vorm,nl NED,GK,Tottenham,34,1983,2,2,180,2.0,0,0,0,0,0,0,0,0,0.0,0.0,0.0,0.0,0,0,0,0.00,0.00,0.00,0.00,0.00,0.00,0.00,0.00,0.00,0.00,Matches,2018-2019
475,Matěj Vydra,cz CZE,FW,Burnley,26,1992,13,3,318,3.5,1,1,2,1,0,0,1,0,1.8,1.8,0.5,2.3,3,3,15,0.28,0.28,0.57,0.28,0.57,0.52,0.13,0.65,0.52,0.65,Matches,2018-2019
476,Theo Walcott,eng ENG,"FW,MF",Everton,29,1989,37,24,2119,23.5,5,2,7,5,0,0,1,0,5.7,5.7,2.7,8.4,50,52,167,0.21,0.08,0.30,0.21,0.30,0.24,0.12,0.36,0.24,0.36,Matches,2018-2019
477,Kyle Walker,eng ENG,DF,Manchester City,28,1990,33,30,2779,30.9,1,1,2,1,0,0,3,0,0.8,0.8,1.9,2.7,83,220,92,0.03,0.03,0.06,0.03,0.06,0.03,0.06,0.09,0.03,0.09,Matches,2018-2019
478,Kyle Walker-Peters,eng ENG,DF,Tottenham,21,1997,6,4,376,4.2,0,3,3,0,0,0,1,0,0.3,0.3,0.5,0.8,15,13,17,0.00,0.72,0.72,0.00,0.72,0.08,0.11,0.19,0.08,0.19,Matches,2018-2019
479,Aaron Wan-Bissaka,eng ENG,DF,Crystal Palace,20,1997,35,35,3134,34.8,0,3,3,0,0,0,4,1,0.5,0.5,2.1,2.6,100,159,119,0.00,0.09,0.09,0.00,0.09,0.01,0.06,0.07,0.01,0.07,Matches,2018-2019
480,Victor Wanyama,ke KEN,MF,Tottenham,27,1991,13,4,516,5.7,1,0,1,1,0,0,2,0,1.0,1.0,0.1,1.0,13,28,6,0.17,0.00,0.17,0.17,0.17,0.17,0.01,0.18,0.17,0.18,Matches,2018-2019
481,Danny Ward,eng ENG,FW,Cardiff City,26,1991,14,4,445,4.9,1,0,1,1,0,0,0,0,0.6,0.6,0.3,0.9,7,9,27,0.20,0.00,0.20,0.20,0.20,0.12,0.07,0.19,0.12,0.19,Matches,2018-2019
482,Joel Ward,eng ENG,DF,Crystal Palace,28,1989,7,6,552,6.1,1,0,1,1,0,0,1,0,0.6,0.6,0.1,0.7,6,18,18,0.16,0.00,0.16,0.16,0.16,0.09,0.02,0.11,0.09,0.11,Matches,2018-2019
483,Stephen Ward,ie IRL,DF,Burnley,32,1985,3,3,228,2.5,0,0,0,0,0,0,1,0,0.1,0.1,0.0,0.1,8,10,5,0.00,0.00,0.00,0.00,0.00,0.02,0.02,0.04,0.02,0.04,Matches,2018-2019
484,James Ward-Prowse,eng ENG,"MF,DF",Southampton,23,1994,26,21,1945,21.6,7,0,7,6,1,1,4,0,3.4,2.7,3.2,5.9,15,61,86,0.32,0.00,0.32,0.28,0.28,0.16,0.15,0.31,0.12,0.27,Matches,2018-2019
485,Danny Welbeck,eng ENG,"FW,MF",Arsenal,27,1990,8,1,153,1.7,1,1,2,1,0,0,0,0,0.8,0.8,0.3,1.1,6,10,11,0.59,0.59,1.18,0.59,1.18,0.47,0.18,0.65,0.47,0.65,Matches,2018-2019
486,Ashley Westwood,eng ENG,MF,Burnley,28,1990,34,31,2824,31.4,2,7,9,2,0,0,5,0,1.9,1.9,4.8,6.7,16,175,40,0.06,0.22,0.29,0.06,0.29,0.06,0.15,0.21,0.06,0.21,Matches,2018-2019
487,Connor Wickham,eng ENG,"FW,MF",Crystal Palace,25,1993,6,0,67,0.7,0,1,1,0,0,0,0,0,0.4,0.4,0.3,0.7,0,0,1,0.00,1.34,1.34,0.00,1.34,0.50,0.43,0.92,0.50,0.92,Matches,2018-2019
488,Georginio Wijnaldum,nl NED,MF,Liverpool,27,1990,35,32,2725,30.3,3,0,3,3,0,0,3,0,3.0,3.0,1.8,4.8,47,168,67,0.10,0.00,0.10,0.10,0.10,0.10,0.06,0.16,0.10,0.16,Matches,2018-2019
489,Danny Williams,us USA,MF,Huddersfield,29,1989,5,1,96,1.1,0,0,0,0,0,0,1,0,0.0,0.0,0.0,0.1,1,3,1,0.00,0.00,0.00,0.00,0.00,0.02,0.04,0.06,0.02,0.06,Matches,2018-2019
490,Willian,br BRA,FW,Chelsea,29,1988,32,26,2097,23.3,3,6,9,3,0,0,2,0,4.2,4.2,5.4,9.6,143,141,283,0.13,0.26,0.39,0.13,0.39,0.18,0.23,0.41,0.18,0.41,Matches,2018-2019
491,Joe Willock,eng ENG,"MF,FW",Arsenal,18,1999,2,1,64,0.7,0,0,0,0,0,0,0,0,0.1,0.1,0.0,0.1,0,1,7,0.00,0.00,0.00,0.00,0.00,0.16,0.00,0.16,0.16,0.16,Matches,2018-2019
492,Ben Wilmot,eng ENG,"MF,DF",Watford,18,1999,2,0,28,0.3,0,0,0,0,0,0,0,0,0.0,0.0,0.0,0.0,0,2,0,0.00,0.00,0.00,0.00,0.00,0.00,0.00,0.00,0.00,0.00,Matches,2018-2019
493,Jack Wilshere,eng ENG,MF,West Ham,26,1992,8,4,392,4.4,0,1,1,0,0,0,2,0,0.2,0.2,0.6,0.8,8,20,10,0.00,0.23,0.23,0.00,0.23,0.04,0.14,0.17,0.04,0.17,Matches,2018-2019
494,Callum Wilson,eng ENG,FW,Bournemouth,26,1992,30,29,2528,28.1,14,9,23,13,1,2,3,0,13.4,11.9,5.4,17.2,49,44,197,0.50,0.32,0.82,0.46,0.78,0.48,0.19,0.67,0.42,0.61,Matches,2018-2019
495,Harry Winks,eng ENG,MF,Tottenham,22,1996,26,17,1597,17.7,1,0,1,1,0,0,4,0,1.0,1.0,0.3,1.3,56,124,19,0.06,0.00,0.06,0.06,0.06,0.06,0.01,0.07,0.06,0.07,Matches,2018-2019
496,Chris Wood,nz NZL,FW,Burnley,26,1991,38,29,2588,28.8,10,2,12,10,0,0,2,0,8.8,8.8,3.8,12.6,13,25,199,0.35,0.07,0.42,0.35,0.42,0.31,0.13,0.44,0.31,0.44,Matches,2018-2019
497,Granit Xhaka,ch SUI,"MF,DF",Arsenal,25,1992,29,29,2498,27.8,4,2,6,4,0,0,10,0,2.0,2.0,3.4,5.4,37,258,34,0.14,0.07,0.22,0.14,0.22,0.07,0.12,0.20,0.07,0.20,Matches,2018-2019
498,Andriy Yarmolenko,ua UKR,"MF,FW",West Ham,28,1989,9,5,459,5.1,2,0,2,2,0,0,2,0,1.1,1.1,0.8,1.8,18,22,28,0.39,0.00,0.39,0.39,0.39,0.21,0.15,0.36,0.21,0.36,Matches,2018-2019
499,DeAndre Yedlin,us USA,DF,Newcastle Utd,25,1993,29,28,2473,27.5,1,2,3,1,0,0,6,1,1.2,1.2,2.0,3.1,38,66,104,0.04,0.07,0.11,0.04,0.11,0.04,0.07,0.11,0.04,0.11,Matches,2018-2019
500,Maya Yoshida,jp JPN,DF,Southampton,29,1988,17,17,1518,16.9,0,1,1,0,0,0,0,0,1.9,1.9,0.5,2.4,1,34,4,0.00,0.06,0.06,0.00,0.06,0.11,0.03,0.14,0.11,0.14,Matches,2018-2019
501,Ashley Young,eng ENG,DF,Manchester Utd,33,1985,30,28,2569,28.5,2,2,4,2,0,0,10,2,0.5,0.5,3.1,3.6,71,155,124,0.07,0.07,0.14,0.07,0.14,0.02,0.11,0.13,0.02,0.13,Matches,2018-2019
502,Pablo Zabaleta,ar ARG,DF,West Ham,33,1985,26,23,2092,23.2,0,1,1,0,0,0,4,0,0.2,0.2,1.0,1.2,31,103,107,0.00,0.04,0.04,0.00,0.04,0.01,0.04,0.05,0.01,0.05,Matches,2018-2019
503,Wilfried Zaha,ci CIV,FW,Crystal Palace,25,1992,34,34,3036,33.7,10,5,15,10,0,0,10,2,5.7,5.7,4.8,10.6,182,141,355,0.30,0.15,0.44,0.30,0.44,0.17,0.14,0.31,0.17,0.31,Matches,2018-2019
504,Andre-Frank Zambo Anguissa,cm CMR,MF,Fulham,22,1995,22,16,1517,16.9,0,0,0,0,0,0,2,1,0.8,0.8,0.2,1.0,34,112,20,0.00,0.00,0.00,0.00,0.00,0.05,0.01,0.06,0.05,0.06,Matches,2018-2019
505,Davide Zappacosta,it ITA,DF,Chelsea,26,1992,4,1,128,1.4,0,0,0,0,0,0,0,0,0.1,0.1,0.1,0.2,5,3,6,0.00,0.00,0.00,0.00,0.00,0.06,0.09,0.15,0.06,0.15,Matches,2018-2019
506,Oleksandr Zinchenko,ua UKR,DF,Manchester City,21,1996,14,14,1151,12.8,0,3,3,0,0,0,1,0,0.2,0.2,1.5,1.7,47,95,94,0.00,0.23,0.23,0.00,0.23,0.01,0.12,0.13,0.01,0.13,Matches,2018-2019
507,Kenneth Zohore,dk DEN,FW,Cardiff City,24,1994,19,7,753,8.4,1,1,2,1,0,0,1,0,1.7,1.7,1.1,2.8,10,5,57,0.12,0.12,0.24,0.12,0.24,0.20,0.13,0.33,0.20,0.33,Matches,2018-2019
508,Kurt Zouma,fr FRA,DF,Everton,23,1994,32,29,2612,29.0,2,2,4,2,0,0,5,2,1.5,1.5,0.4,1.8,23,105,4,0.07,0.07,0.14,0.07,0.14,0.05,0.01,0.06,0.05,0.06,Matches,2018-2019
1,Patrick van Aanholt,nl NED,DF,Crystal Palace,26,1990,28,25,2184,24.3,5,1,6,5,0,0,7,0,3.1,3.1,2.1,5.2,46,92,86,0.21,0.04,0.25,0.21,0.25,0.13,0.09,0.21,0.13,0.21,Matches,2017-2018
2,Rolando Aarons,eng ENG,"MF,FW",Newcastle Utd,21,1995,4,1,139,1.5,0,0,0,0,0,0,0,0,0.1,0.1,0.0,0.1,7,3,4,0.00,0.00,0.00,0.00,0.00,0.04,0.00,0.04,0.04,0.04,Matches,2017-2018
3,Tammy Abraham,eng ENG,FW,Swansea City,19,1997,31,15,1726,19.2,5,1,6,5,0,0,0,0,6.8,6.8,1.6,8.4,19,20,104,0.26,0.05,0.31,0.26,0.31,0.35,0.08,0.44,0.35,0.44,Matches,2017-2018
4,Charlie Adam,sct SCO,MF,Stoke City,31,1985,11,5,411,4.6,0,0,0,0,0,1,2,1,1.6,0.9,1.2,2.1,6,30,9,0.00,0.00,0.00,0.00,0.00,0.36,0.27,0.63,0.19,0.46,Matches,2017-2018
5,Adrián,es ESP,GK,West Ham,30,1987,19,19,1710,19.0,0,0,0,0,0,0,2,0,0.0,0.0,0.0,0.0,0,0,0,0.00,0.00,0.00,0.00,0.00,0.00,0.00,0.00,0.00,0.00,Matches,2017-2018
6,Ibrahim Afellay,nl NED,MF,Stoke City,31,1986,6,1,166,1.8,0,0,0,0,0,0,1,0,0.0,0.0,0.0,0.0,0,4,1,0.00,0.00,0.00,0.00,0.00,0.00,0.00,0.00,0.00,0.00,Matches,2017-2018
7,Benik Afobe,cd COD,FW,Bournemouth,24,1993,17,5,611,6.8,0,0,0,0,0,0,0,0,1.6,1.6,0.1,1.8,12,9,37,0.00,0.00,0.00,0.00,0.00,0.27,0.02,0.30,0.27,0.30,Matches,2017-2018
8,Sergio Agüero,ar ARG,FW,Manchester City,29,1988,25,22,1963,21.8,21,6,27,17,4,4,2,0,16.2,13.1,5.6,18.7,89,49,214,0.96,0.28,1.24,0.78,1.05,0.75,0.26,1.00,0.60,0.86,Matches,2017-2018
9,Nathan Aké,nl NED,DF,Bournemouth,22,1995,38,37,3353,37.3,2,3,5,2,0,0,5,0,1.4,1.4,1.9,3.4,14,96,10,0.05,0.08,0.13,0.05,0.13,0.04,0.05,0.09,0.04,0.09,Matches,2017-2018
10,Marc Albrighton,eng ENG,"MF,FW",Leicester City,27,1989,34,30,2538,28.2,2,7,9,2,0,0,5,1,1.6,1.6,5.7,7.3,64,114,162,0.07,0.25,0.32,0.07,0.32,0.06,0.20,0.26,0.06,0.26,Matches,2017-2018
11,Toby Alderweireld,be BEL,DF,Tottenham,28,1989,14,13,1178,13.1,0,0,0,0,0,0,3,0,0.4,0.4,0.1,0.5,12,109,5,0.00,0.00,0.00,0.00,0.00,0.03,0.01,0.04,0.03,0.04,Matches,2017-2018
12,Trent Alexander-Arnold,eng ENG,DF,Liverpool,18,1998,19,18,1573,17.5,1,1,2,1,0,0,3,0,1.0,1.0,2.6,3.6,39,94,126,0.06,0.06,0.11,0.06,0.11,0.05,0.15,0.21,0.05,0.21,Matches,2017-2018
13,Joe Allen,wls WAL,MF,Stoke City,27,1990,36,36,3139,34.9,2,6,8,2,0,0,8,0,1.8,1.8,2.8,4.6,37,165,89,0.06,0.17,0.23,0.06,0.23,0.05,0.08,0.13,0.05,0.13,Matches,2017-2018
14,Dele Alli,eng ENG,"MF,FW",Tottenham,21,1996,36,34,2958,32.9,9,10,19,9,0,0,7,0,9.1,9.1,8.2,17.3,100,181,359,0.27,0.30,0.58,0.27,0.58,0.28,0.25,0.53,0.28,0.53,Matches,2017-2018
15,Marcos Alonso,es ESP,"DF,MF",Chelsea,26,1990,33,33,2855,31.7,7,2,9,7,0,0,6,0,4.1,4.1,2.8,7.0,78,103,261,0.22,0.06,0.28,0.22,0.28,0.13,0.09,0.22,0.13,0.22,Matches,2017-2018
16,Daniel Amartey,gh GHA,DF,Leicester City,22,1994,8,6,487,5.4,0,0,0,0,0,0,2,1,0.0,0.0,0.0,0.0,5,14,4,0.00,0.00,0.00,0.00,0.00,0.00,0.00,0.00,0.00,0.00,Matches,2017-2018
17,Ethan Ampadu,wls WAL,DF,Chelsea,16,2000,1,0,11,0.1,0,0,0,0,0,0,0,0,0.0,0.0,0.0,0.0,0,1,0,0.00,0.00,0.00,0.00,0.00,0.00,0.00,0.00,0.00,0.00,Matches,2017-2018
18,Nordin Amrabat,ma MAR,FW,Watford,30,1987,3,3,198,2.2,0,0,0,0,0,0,0,0,0.1,0.1,0.1,0.2,3,7,22,0.00,0.00,0.00,0.00,0.00,0.02,0.06,0.09,0.02,0.09,Matches,2017-2018
19,Michail Antonio,jm JAM,"FW,MF",West Ham,27,1990,21,16,1354,15.0,3,1,4,3,0,0,1,0,2.4,2.4,1.0,3.4,47,29,117,0.20,0.07,0.27,0.20,0.27,0.16,0.07,0.23,0.16,0.23,Matches,2017-2018
20,Scott Arfield,ca CAN,"MF,FW",Burnley,28,1988,18,15,1333,14.8,2,1,3,2,0,0,3,0,1.3,1.3,0.4,1.6,16,32,47,0.14,0.07,0.20,0.14,0.20,0.08,0.02,0.11,0.08,0.11,Matches,2017-2018
21,Marko Arnautović,at AUT,"FW,MF",West Ham,28,1989,31,28,2313,25.7,11,6,17,11,0,0,5,1,8.6,8.6,4.3,13.0,76,52,232,0.43,0.23,0.66,0.43,0.66,0.34,0.17,0.50,0.34,0.50,Matches,2017-2018
22,Harry Arter,ie IRL,MF,Bournemouth,27,1989,13,11,960,10.7,1,0,1,1,0,0,4,0,0.3,0.3,0.2,0.5,14,68,8,0.09,0.00,0.09,0.09,0.09,0.03,0.02,0.05,0.03,0.05,Matches,2017-2018
23,Christian Atsu,gh GHA,"FW,MF",Newcastle Utd,25,1992,28,19,1784,19.8,2,2,4,2,0,0,1,0,4.0,4.0,2.6,6.7,70,47,125,0.10,0.10,0.20,0.10,0.20,0.20,0.13,0.34,0.20,0.34,Matches,2017-2018
24,Pierre-Emerick Aubameyang,ga GAB,FW,Arsenal,28,1989,13,12,1057,11.7,10,4,14,9,1,2,0,0,8.4,6.8,1.1,8.0,31,9,85,0.85,0.34,1.19,0.77,1.11,0.71,0.10,0.81,0.58,0.68,Matches,2017-2018
25,Serge Aurier,ci CIV,DF,Tottenham,24,1992,17,16,1429,15.9,2,2,4,2,0,0,3,1,0.8,0.8,2.6,3.4,32,67,152,0.13,0.13,0.25,0.13,0.25,0.05,0.16,0.21,0.05,0.21,Matches,2017-2018
26,Charlie Austin,eng ENG,FW,Southampton,28,1989,24,10,1037,11.5,7,0,7,6,1,1,2,0,7.1,6.3,0.8,7.1,5,18,67,0.61,0.00,0.61,0.52,0.52,0.62,0.07,0.68,0.55,0.61,Matches,2017-2018
27,André Ayew,gh GHA,"MF,FW",West Ham,27,1989,18,9,895,9.9,3,2,5,3,0,1,2,0,3.3,2.5,0.3,2.9,18,18,43,0.30,0.20,0.50,0.30,0.50,0.33,0.03,0.37,0.25,0.29,Matches,2017-2018
28,André Ayew,gh GHA,"MF,FW",Swansea City,27,1989,12,10,950,10.6,0,2,2,0,0,0,3,0,1.9,1.9,1.3,3.2,16,24,53,0.00,0.19,0.19,0.00,0.19,0.18,0.13,0.30,0.18,0.30,Matches,2017-2018
29,Jordan Ayew,gh GHA,"FW,MF",Swansea City,25,1991,36,33,2852,31.7,7,2,9,6,1,1,2,1,7.3,6.5,2.0,8.5,76,50,232,0.22,0.06,0.28,0.19,0.25,0.23,0.06,0.29,0.20,0.27,Matches,2017-2018
30,César Azpilicueta,es ESP,DF,Chelsea,27,1989,37,37,3330,37.0,2,6,8,2,0,0,1,0,1.3,1.3,4.8,6.1,61,240,81,0.05,0.16,0.22,0.05,0.22,0.03,0.13,0.16,0.03,0.16,Matches,2017-2018
31,Eric Bailly,ci CIV,DF,Manchester Utd,23,1994,13,11,1001,11.1,1,0,1,1,0,0,2,0,1.1,1.1,0.2,1.3,3,26,0,0.09,0.00,0.09,0.09,0.09,0.10,0.01,0.11,0.10,0.11,Matches,2017-2018
32,Leighton Baines,eng ENG,DF,Everton,32,1984,22,22,1909,21.2,2,3,5,0,2,2,1,0,2.1,0.5,1.9,2.5,31,84,61,0.09,0.14,0.24,0.00,0.14,0.10,0.09,0.19,0.02,0.12,Matches,2017-2018
33,Tiemoué Bakayoko,fr FRA,MF,Chelsea,22,1994,29,24,2126,23.6,2,2,4,2,0,0,5,1,3.2,3.2,1.2,4.4,39,123,57,0.08,0.08,0.17,0.08,0.17,0.13,0.05,0.18,0.13,0.18,Matches,2017-2018
34,Sam Baldock,eng ENG,FW,Brighton,28,1989,2,0,32,0.4,0,0,0,0,0,0,0,0,0.0,0.0,0.0,0.0,0,0,5,0.00,0.00,0.00,0.00,0.00,0.00,0.00,0.00,0.00,0.00,Matches,2017-2018
35,Beni Baningime,cd COD,MF,Everton,18,1998,8,1,198,2.2,0,0,0,0,0,0,1,0,0.0,0.0,0.0,0.0,1,11,3,0.00,0.00,0.00,0.00,0.00,0.00,0.00,0.00,0.00,0.00,Matches,2017-2018
36,Phil Bardsley,sct SCO,DF,Burnley,32,1985,13,13,1125,12.5,0,0,0,0,0,0,5,0,0.0,0.0,0.3,0.3,7,53,7,0.00,0.00,0.00,0.00,0.00,0.00,0.02,0.03,0.00,0.03,Matches,2017-2018
37,Ross Barkley,eng ENG,MF,Chelsea,23,1993,2,2,129,1.4,0,0,0,0,0,0,0,0,0.8,0.8,0.1,0.9,7,4,13,0.00,0.00,0.00,0.00,0.00,0.53,0.07,0.60,0.53,0.60,Matches,2017-2018
38,Ashley Barnes,eng ENG,FW,Burnley,27,1989,36,21,2165,24.1,9,0,9,9,0,0,10,0,6.7,6.7,1.6,8.3,17,34,127,0.37,0.00,0.37,0.37,0.37,0.28,0.07,0.34,0.28,0.34,Matches,2017-2018
39,Harvey Barnes,eng ENG,"MF,FW",Leicester City,19,1997,3,0,10,0.1,0,0,0,0,0,0,0,0,0.1,0.1,0.0,0.1,0,2,2,0.00,0.00,0.00,0.00,0.00,0.64,0.00,0.64,0.64,0.64,Matches,2017-2018
40,Gareth Barry,eng ENG,MF,West Brom,36,1981,25,22,1923,21.4,1,1,2,1,0,0,4,0,1.6,1.6,1.4,3.0,20,126,23,0.05,0.05,0.09,0.05,0.09,0.07,0.07,0.14,0.07,0.14,Matches,2017-2018
41,Kyle Bartley,eng ENG,DF,Swansea City,26,1991,5,2,235,2.6,0,0,0,0,0,0,2,0,0.1,0.1,0.3,0.4,2,7,0,0.00,0.00,0.00,0.00,0.00,0.05,0.10,0.16,0.05,0.16,Matches,2017-2018
42,Michy Batshuayi,be BEL,FW,Chelsea,23,1993,12,3,360,4.0,2,1,3,2,0,0,0,0,1.1,1.1,0.1,1.2,9,8,32,0.50,0.25,0.75,0.50,0.75,0.28,0.02,0.30,0.28,0.30,Matches,2017-2018
43,Moritz Bauer,at AUT,"DF,MF",Stoke City,25,1992,15,15,1306,14.5,0,0,0,0,0,0,4,0,0.2,0.2,0.9,1.1,25,19,45,0.00,0.00,0.00,0.00,0.00,0.01,0.06,0.08,0.01,0.08,Matches,2017-2018
44,Jan Bednarek,pl POL,DF,Southampton,21,1996,5,5,426,4.7,1,0,1,1,0,0,1,0,0.2,0.2,0.0,0.2,0,14,0,0.21,0.00,0.21,0.21,0.21,0.03,0.00,0.03,0.03,0.03,Matches,2017-2018
45,Asmir Begović,ba BIH,GK,Bournemouth,30,1987,38,38,3420,38.0,0,0,0,0,0,0,2,0,0.0,0.0,0.0,0.0,0,0,0,0.00,0.00,0.00,0.00,0.00,0.00,0.00,0.00,0.00,0.00,Matches,2017-2018
46,Héctor Bellerín,es ESP,DF,Arsenal,22,1995,35,34,3051,33.9,2,3,5,2,0,0,5,0,2.2,2.2,3.9,6.2,84,134,333,0.06,0.09,0.15,0.06,0.15,0.07,0.12,0.18,0.07,0.18,Matches,2017-2018
47,Yohan Benalouane,tn TUN,DF,Leicester City,30,1987,1,1,90,1.0,0,0,0,0,0,0,0,0,0.1,0.1,0.0,0.1,1,1,4,0.00,0.00,0.00,0.00,0.00,0.06,0.00,0.06,0.06,0.06,Matches,2017-2018
48,Christian Benteke,be BEL,FW,Crystal Palace,26,1990,31,24,2240,24.9,3,5,8,2,1,2,6,0,10.2,8.6,2.9,11.5,18,42,133,0.12,0.20,0.32,0.08,0.28,0.41,0.12,0.53,0.34,0.46,Matches,2017-2018
49,Saido Berahino,bi BDI,FW,Stoke City,23,1993,15,3,494,5.5,0,1,1,0,0,1,0,0,2.0,1.2,0.6,1.8,6,9,30,0.00,0.18,0.18,0.00,0.18,0.37,0.11,0.47,0.22,0.33,Matches,2017-2018
50,Jóhann Berg Guðmundsson,is ISL,MF,Burnley,26,1990,35,32,2833,31.5,2,8,10,2,0,0,2,0,3.5,3.5,4.7,8.2,83,75,192,0.06,0.25,0.32,0.06,0.32,0.11,0.15,0.26,0.11,0.26,Matches,2017-2018
51,Ryan Bertrand,eng ENG,DF,Southampton,27,1989,35,35,3135,34.8,0,4,4,0,0,0,2,0,1.7,1.7,3.1,4.8,89,174,213,0.00,0.11,0.11,0.00,0.11,0.05,0.09,0.14,0.05,0.14,Matches,2017-2018
52,Muhamed Bešić,ba BIH,MF,Everton,24,1992,2,0,46,0.5,0,0,0,0,0,0,0,0,0.0,0.0,0.0,0.0,0,2,0,0.00,0.00,0.00,0.00,0.00,0.00,0.09,0.09,0.00,0.09,Matches,2017-2018
53,Philip Billing,dk DEN,MF,Huddersfield,21,1996,16,8,764,8.5,0,0,0,0,0,0,3,0,0.2,0.2,0.5,0.7,12,26,13,0.00,0.00,0.00,0.00,0.00,0.02,0.05,0.08,0.02,0.08,Matches,2017-2018
54,Mame Biram Diouf,sn SEN,"FW,DF",Stoke City,29,1987,35,30,2596,28.8,6,2,8,6,0,0,6,0,6.5,6.5,1.9,8.4,38,43,172,0.21,0.07,0.28,0.21,0.28,0.22,0.07,0.29,0.22,0.29,Matches,2017-2018
55,Daley Blind,nl NED,"DF,MF",Manchester Utd,27,1990,7,4,362,4.0,0,0,0,0,0,0,0,0,0.1,0.1,0.2,0.3,9,23,22,0.00,0.00,0.00,0.00,0.00,0.02,0.05,0.07,0.02,0.07,Matches,2017-2018
56,Jeremie Boga,ci CIV,MF,Chelsea,20,1997,1,1,17,0.2,0,0,0,0,0,0,0,0,0.0,0.0,0.0,0.0,0,0,1,0.00,0.00,0.00,0.00,0.00,0.00,0.00,0.00,0.00,0.00,Matches,2017-2018
57,Yannick Bolasie,cd COD,FW,Everton,28,1989,16,11,851,9.5,1,0,1,1,0,0,0,0,1.5,1.5,0.7,2.3,39,20,52,0.11,0.00,0.11,0.11,0.11,0.16,0.08,0.24,0.16,0.24,Matches,2017-2018
58,Gaëtan Bong,cm CMR,DF,Brighton,29,1988,25,25,2236,24.8,0,0,0,0,0,0,2,0,0.1,0.1,0.5,0.6,50,85,32,0.00,0.00,0.00,0.00,0.00,0.00,0.02,0.02,0.00,0.02,Matches,2017-2018
59,Wilfried Bony,ci CIV,FW,Swansea City,28,1988,15,8,707,7.9,2,0,2,2,0,0,2,0,1.6,1.6,0.2,1.8,7,11,41,0.25,0.00,0.25,0.25,0.25,0.20,0.03,0.23,0.20,0.23,Matches,2017-2018
60,Sofiane Boufal,ma MAR,"FW,MF",Southampton,23,1993,26,11,1219,13.5,2,2,4,2,0,0,1,0,1.7,1.7,1.8,3.4,78,76,114,0.15,0.15,0.30,0.15,0.30,0.12,0.13,0.25,0.12,0.25,Matches,2017-2018
61,Robbie Brady,ie IRL,MF,Burnley,25,1992,15,15,1277,14.2,1,2,3,1,0,0,3,0,1.2,1.2,2.1,3.3,32,54,67,0.07,0.14,0.21,0.07,0.21,0.08,0.15,0.23,0.08,0.23,Matches,2017-2018
62,Claudio Bravo,cl CHI,GK,Manchester City,34,1983,3,2,226,2.5,0,0,0,0,0,0,0,0,0.0,0.0,0.0,0.0,0,0,0,0.00,0.00,0.00,0.00,0.00,0.00,0.00,0.00,0.00,0.00,Matches,2017-2018
63,Miguel Britos,uy URU,DF,Watford,32,1985,12,10,797,8.9,1,0,1,1,0,0,3,1,0.8,0.8,0.4,1.2,5,43,4,0.11,0.00,0.11,0.11,0.11,0.09,0.05,0.14,0.09,0.14,Matches,2017-2018
64,Leon Britton,eng ENG,MF,Swansea City,34,1982,5,4,302,3.4,0,0,0,0,0,0,1,0,0.0,0.0,0.0,0.0,1,11,0,0.00,0.00,0.00,0.00,0.00,0.00,0.00,0.00,0.00,0.00,Matches,2017-2018
65,Izzy Brown,eng ENG,"MF,FW",Brighton,20,1997,13,4,311,3.5,0,0,0,0,0,0,0,0,0.1,0.1,0.8,0.9,9,9,22,0.00,0.00,0.00,0.00,0.00,0.02,0.24,0.26,0.02,0.26,Matches,2017-2018
66,Bruno,es ESP,DF,Brighton,36,1980,25,23,2016,22.4,0,0,0,0,0,0,3,0,0.1,0.1,0.6,0.7,20,78,55,0.00,0.00,0.00,0.00,0.00,0.00,0.03,0.03,0.00,0.03,Matches,2017-2018
67,Chris Brunt,nir NIR,"MF,DF",West Brom,32,1984,26,22,1920,21.3,0,7,7,0,0,0,5,0,1.8,1.8,4.3,6.1,24,100,37,0.00,0.33,0.33,0.00,0.33,0.09,0.20,0.29,0.09,0.29,Matches,2017-2018
68,Oliver Burke,sct SCO,"FW,MF",West Brom,20,1997,15,2,367,4.1,0,2,2,0,0,0,0,0,0.5,0.5,0.5,1.0,12,6,37,0.00,0.49,0.49,0.00,0.49,0.12,0.13,0.25,0.12,0.25,Matches,2017-2018
69,Jack Butland,eng ENG,GK,Stoke City,24,1993,35,35,3150,35.0,0,0,0,0,0,0,0,0,0.0,0.0,0.0,0.0,0,0,0,0.00,0.00,0.00,0.00,0.00,0.00,0.00,0.00,0.00,0.00,Matches,2017-2018
70,Sam Byram,eng ENG,"DF,MF",West Ham,23,1993,5,2,248,2.8,0,0,0,0,0,0,1,0,0.3,0.3,0.1,0.4,5,14,10,0.00,0.00,0.00,0.00,0.00,0.11,0.04,0.15,0.11,0.15,Matches,2017-2018
71,Willy Caballero,ar ARG,GK,Chelsea,35,1981,3,3,270,3.0,0,0,0,0,0,0,0,0,0.0,0.0,0.0,0.0,0,0,0,0.00,0.00,0.00,0.00,0.00,0.00,0.00,0.00,0.00,0.00,Matches,2017-2018
72,Yohan Cabaye,fr FRA,MF,Crystal Palace,31,1986,31,28,2376,26.4,0,1,1,0,0,0,7,0,2.3,2.3,4.1,6.4,13,138,37,0.00,0.04,0.04,0.00,0.04,0.09,0.15,0.24,0.09,0.24,Matches,2017-2018
73,Gary Cahill,eng ENG,DF,Chelsea,31,1985,27,24,2086,23.2,0,0,0,0,0,0,1,1,0.5,0.5,0.1,0.6,17,69,8,0.00,0.00,0.00,0.00,0.00,0.02,0.00,0.02,0.02,0.02,Matches,2017-2018
74,Dominic Calvert-Lewin,eng ENG,FW,Everton,20,1997,32,18,1882,20.9,4,6,10,4,0,0,4,0,4.9,4.8,2.6,7.4,42,27,125,0.19,0.29,0.48,0.19,0.48,0.23,0.12,0.36,0.23,0.36,Matches,2017-2018
75,Geoff Cameron,us USA,"DF,MF",Stoke City,32,1985,20,17,1525,16.9,0,0,0,0,0,0,2,0,0.3,0.3,0.1,0.5,9,48,15,0.00,0.00,0.00,0.00,0.00,0.02,0.01,0.03,0.02,0.03,Matches,2017-2018
76,Tyrese Campbell,eng ENG,FW,Stoke City,17,1999,4,0,79,0.9,0,0,0,0,0,0,0,0,0.2,0.2,0.0,0.2,1,4,4,0.00,0.00,0.00,0.00,0.00,0.24,0.00,0.24,0.24,0.24,Matches,2017-2018
77,Emre Can,de GER,MF,Liverpool,23,1994,26,24,2091,23.2,3,4,7,3,0,0,8,0,1.8,1.8,3.0,4.8,84,137,48,0.13,0.17,0.30,0.13,0.30,0.08,0.13,0.21,0.08,0.21,Matches,2017-2018
78,Étienne Capoue,fr FRA,MF,Watford,29,1988,23,18,1542,17.1,1,0,1,1,0,0,3,0,0.8,0.8,0.6,1.4,8,74,22,0.06,0.00,0.06,0.06,0.06,0.05,0.03,0.08,0.05,0.08,Matches,2017-2018
79,Michael Carrick,eng ENG,MF,Manchester Utd,36,1981,2,1,109,1.2,0,0,0,0,0,0,0,0,0.5,0.5,0.1,0.6,0,15,1,0.00,0.00,0.00,0.00,0.00,0.43,0.05,0.48,0.43,0.48,Matches,2017-2018
80,André Carrillo,pe PER,"FW,MF",Watford,26,1991,28,16,1540,17.1,1,2,3,1,0,0,2,0,2.3,2.3,2.8,5.1,71,72,97,0.06,0.12,0.18,0.06,0.18,0.14,0.16,0.30,0.14,0.30,Matches,2017-2018
81,Guido Carrillo,ar ARG,FW,Southampton,26,1991,7,5,450,5.0,0,1,1,0,0,0,0,0,0.7,0.7,0.4,1.0,3,8,32,0.00,0.20,0.20,0.00,0.20,0.13,0.08,0.21,0.13,0.21,Matches,2017-2018
82,Andy Carroll,eng ENG,FW,West Ham,28,1989,16,7,750,8.3,3,0,3,3,0,0,7,1,1.8,1.8,0.5,2.4,6,11,42,0.36,0.00,0.36,0.36,0.36,0.22,0.06,0.28,0.22,0.28,Matches,2017-2018
83,Tom Carroll,eng ENG,MF,Swansea City,25,1992,37,28,2570,28.6,0,4,4,0,0,0,3,0,0.9,0.9,4.1,5.0,54,179,57,0.00,0.14,0.14,0.00,0.14,0.03,0.14,0.18,0.03,0.18,Matches,2017-2018
84,Craig Cathcart,nir NIR,DF,Watford,28,1989,7,5,523,5.8,0,0,0,0,0,0,1,0,0.1,0.1,0.0,0.1,2,11,0,0.00,0.00,0.00,0.00,0.00,0.02,0.00,0.02,0.02,0.02,Matches,2017-2018
85,Petr Čech,cz CZE,GK,Arsenal,35,1982,34,34,3039,33.8,0,0,0,0,0,0,1,0,0.0,0.0,0.0,0.0,0,1,0,0.00,0.00,0.00,0.00,0.00,0.00,0.00,0.00,0.00,0.00,Matches,2017-2018
86,Nacer Chadli,be BEL,"FW,MF",West Brom,27,1989,5,2,260,2.9,1,0,1,1,0,0,1,0,0.2,0.2,0.1,0.3,4,7,8,0.35,0.00,0.35,0.35,0.35,0.08,0.04,0.11,0.08,0.11,Matches,2017-2018
87,Nathaniel Chalobah,eng ENG,MF,Watford,22,1994,6,5,447,5.0,0,0,0,0,0,0,1,0,0.8,0.8,0.0,0.9,7,22,14,0.00,0.00,0.00,0.00,0.00,0.17,0.01,0.18,0.17,0.18,Matches,2017-2018
88,Calum Chambers,eng ENG,DF,Arsenal,22,1995,12,10,866,9.6,0,0,0,0,0,0,1,0,1.4,1.4,0.1,1.5,11,43,20,0.00,0.00,0.00,0.00,0.00,0.15,0.01,0.16,0.15,0.16,Matches,2017-2018
89,Ben Chilwell,eng ENG,DF,Leicester City,20,1996,24,20,1853,20.6,0,2,2,0,0,0,3,1,0.2,0.2,2.4,2.6,85,78,121,0.00,0.10,0.10,0.00,0.10,0.01,0.12,0.13,0.01,0.13,Matches,2017-2018
90,Hamza Choudhury,bd BAN,"MF,DF",Leicester City,19,1997,8,4,378,4.2,0,1,1,0,0,0,1,0,0.0,0.0,0.4,0.4,2,16,1,0.00,0.24,0.24,0.00,0.24,0.01,0.09,0.10,0.01,0.10,Matches,2017-2018
91,Andreas Christensen,dk DEN,DF,Chelsea,21,1996,27,23,2086,23.2,0,0,0,0,0,0,0,0,0.9,0.9,0.1,1.0,22,76,2,0.00,0.00,0.00,0.00,0.00,0.04,0.00,0.04,0.04,0.04,Matches,2017-2018
92,Lee Chung-yong,kr KOR,"FW,MF",Crystal Palace,29,1988,7,1,135,1.5,0,0,0,0,0,0,0,0,0.0,0.0,0.1,0.1,4,2,16,0.00,0.00,0.00,0.00,0.00,0.02,0.05,0.07,0.02,0.07,Matches,2017-2018
93,Ciaran Clark,ie IRL,DF,Newcastle Utd,27,1989,20,19,1746,19.4,2,1,3,2,0,0,3,0,1.7,1.7,0.7,2.5,12,29,3,0.10,0.05,0.15,0.10,0.15,0.09,0.04,0.13,0.09,0.13,Matches,2017-2018
94,Tom Cleverley,eng ENG,MF,Watford,27,1989,23,22,1901,21.1,1,2,3,1,0,1,3,1,1.9,1.1,1.6,2.7,31,136,66,0.05,0.09,0.14,0.05,0.14,0.09,0.08,0.17,0.05,0.13,Matches,2017-2018
95,Sam Clucas,eng ENG,MF,Swansea City,26,1990,29,23,2044,22.7,3,1,4,3,0,0,2,0,2.6,2.6,1.3,3.8,24,61,68,0.13,0.04,0.18,0.13,0.18,0.11,0.06,0.17,0.11,0.17,Matches,2017-2018
96,Nathaniel Clyne,eng ENG,"DF,FW",Liverpool,26,1991,3,2,174,1.9,0,0,0,0,0,0,1,0,0.1,0.1,0.1,0.2,5,5,29,0.00,0.00,0.00,0.00,0.00,0.07,0.04,0.10,0.07,0.10,Matches,2017-2018
97,Séamus Coleman,ie IRL,DF,Everton,28,1988,12,12,1035,11.5,0,1,1,0,0,0,0,0,1.0,1.0,0.7,1.7,34,44,44,0.00,0.09,0.09,0.00,0.09,0.09,0.06,0.15,0.09,0.15,Matches,2017-2018
98,James Collins,wls WAL,DF,West Ham,33,1983,13,12,1050,11.7,1,0,1,1,0,0,3,0,0.3,0.3,0.2,0.5,5,24,1,0.09,0.00,0.09,0.09,0.09,0.03,0.02,0.05,0.03,0.05,Matches,2017-2018
99,Lewis Cook,eng ENG,MF,Bournemouth,20,1997,29,25,2237,24.9,0,2,2,0,0,0,5,0,0.5,0.5,1.6,2.0,52,173,30,0.00,0.08,0.08,0.00,0.08,0.02,0.06,0.08,0.02,0.08,Matches,2017-2018
100,Steve Cook,eng ENG,DF,Bournemouth,26,1991,34,31,2767,30.7,2,1,3,2,0,0,5,0,1.6,1.6,1.0,2.6,15,83,9,0.07,0.03,0.10,0.07,0.10,0.05,0.03,0.08,0.05,0.08,Matches,2017-2018
101,Francis Coquelin,fr FRA,"MF,DF",Arsenal,26,1991,7,1,169,1.9,0,0,0,0,0,0,0,0,0.1,0.1,0.6,0.7,1,11,1,0.00,0.00,0.00,0.00,0.00,0.03,0.35,0.38,0.03,0.38,Matches,2017-2018
102,Jack Cork,eng ENG,MF,Burnley,28,1989,38,38,3420,38.0,2,1,3,2,0,0,7,0,2.2,2.2,1.1,3.3,39,165,41,0.05,0.03,0.08,0.05,0.08,0.06,0.03,0.09,0.06,0.09,Matches,2017-2018
103,Thibaut Courtois,be BEL,GK,Chelsea,25,1992,35,35,3150,35.0,0,0,0,0,0,0,2,0,0.0,0.0,0.0,0.0,0,0,0,0.00,0.00,0.00,0.00,0.00,0.00,0.00,0.00,0.00,0.00,Matches,2017-2018
104,Philippe Coutinho,br BRA,"MF,FW",Liverpool,25,1992,14,13,1109,12.3,7,6,13,7,0,0,0,0,3.5,3.5,4.7,8.2,69,145,94,0.57,0.49,1.06,0.57,1.06,0.28,0.38,0.67,0.28,0.67,Matches,2017-2018
105,Martin Cranie,eng ENG,DF,Huddersfield,30,1986,3,2,180,2.0,0,0,0,0,0,0,0,0,0.0,0.0,0.0,0.0,0,1,0,0.00,0.00,0.00,0.00,0.00,0.00,0.00,0.00,0.00,0.00,Matches,2017-2018
106,Aaron Cresswell,eng ENG,DF,West Ham,27,1989,36,35,3069,34.1,1,3,4,1,0,0,7,0,0.8,0.8,3.2,3.9,35,128,62,0.03,0.09,0.12,0.03,0.12,0.02,0.09,0.12,0.02,0.12,Matches,2017-2018
107,Peter Crouch,eng ENG,FW,Stoke City,36,1981,31,14,1567,17.4,5,2,7,5,0,0,4,0,4.2,4.2,2.8,7.0,9,41,85,0.29,0.11,0.40,0.29,0.40,0.24,0.16,0.40,0.24,0.40,Matches,2017-2018
108,Josh Cullen,ie IRL,MF,West Ham,21,1996,2,0,8,0.1,0,0,0,0,0,0,0,0,0.0,0.0,0.0,0.0,0,0,0,0.00,0.00,0.00,0.00,0.00,0.00,0.00,0.00,0.00,0.00,Matches,2017-2018
109,Charlie Daniels,eng ENG,"DF,MF",Bournemouth,30,1986,35,34,3002,33.4,1,3,4,1,0,0,0,0,0.6,0.6,2.2,2.8,104,155,165,0.03,0.09,0.12,0.03,0.12,0.02,0.06,0.08,0.02,0.08,Matches,2017-2018
110,Danilo,br BRA,DF,Manchester City,26,1991,23,13,1349,15.0,3,2,5,3,0,0,2,0,1.1,1.1,0.2,1.3,40,89,74,0.20,0.13,0.33,0.20,0.33,0.07,0.01,0.09,0.07,0.09,Matches,2017-2018
111,Scott Dann,eng ENG,DF,Crystal Palace,30,1987,17,16,1435,15.9,1,0,1,1,0,0,4,0,2.3,2.3,0.2,2.5,7,42,3,0.06,0.00,0.06,0.06,0.06,0.14,0.01,0.16,0.14,0.16,Matches,2017-2018
112,Karl Darlow,wls WAL,GK,Newcastle Utd,26,1990,10,10,900,10.0,0,0,0,0,0,0,0,0,0.0,0.0,0.0,0.0,0,0,0,0.00,0.00,0.00,0.00,0.00,0.00,0.00,0.00,0.00,0.00,Matches,2017-2018
113,Matteo Darmian,it ITA,DF,Manchester Utd,27,1989,8,5,444,4.9,0,0,0,0,0,0,0,0,0.0,0.0,0.0,0.1,7,16,10,0.00,0.00,0.00,0.00,0.00,0.01,0.01,0.01,0.01,0.01,Matches,2017-2018
114,Ben Davies,wls WAL,DF,Tottenham,24,1993,29,26,2324,25.8,2,6,8,2,0,0,3,0,1.1,1.1,3.2,4.3,73,165,178,0.08,0.23,0.31,0.08,0.31,0.04,0.12,0.16,0.04,0.16,Matches,2017-2018
115,Tom Davies,eng ENG,MF,Everton,19,1998,33,20,1900,21.1,2,1,3,2,0,0,7,0,1.5,1.5,0.6,2.1,36,62,70,0.09,0.05,0.14,0.09,0.14,0.07,0.03,0.10,0.07,0.10,Matches,2017-2018
116,Steven Davis,nir NIR,MF,Southampton,32,1985,23,17,1521,16.9,3,0,3,3,0,0,0,0,0.9,0.9,1.1,2.0,23,129,56,0.18,0.00,0.18,0.18,0.18,0.05,0.07,0.12,0.05,0.12,Matches,2017-2018
117,Craig Dawson,eng ENG,DF,West Brom,27,1990,28,28,2510,27.9,2,0,2,2,0,0,6,0,2.3,2.3,1.2,3.5,18,83,20,0.07,0.00,0.07,0.07,0.07,0.08,0.04,0.13,0.08,0.13,Matches,2017-2018
118,Kevin De Bruyne,be BEL,MF,Manchester City,26,1991,37,36,3073,34.1,8,16,24,8,0,0,2,0,5.1,5.1,11.1,16.2,183,388,259,0.23,0.47,0.70,0.23,0.70,0.15,0.32,0.48,0.15,0.48,Matches,2017-2018
119,Troy Deeney,eng ENG,FW,Watford,29,1988,29,20,1844,20.5,5,2,7,2,3,5,1,1,6.9,2.8,2.8,5.7,3,71,126,0.24,0.10,0.34,0.10,0.20,0.33,0.14,0.47,0.14,0.28,Matches,2017-2018
120,Jermain Defoe,eng ENG,FW,Bournemouth,34,1982,24,11,1088,12.1,4,1,5,4,0,0,1,0,3.5,3.5,1.1,4.6,9,10,59,0.33,0.08,0.41,0.33,0.41,0.29,0.09,0.38,0.29,0.38,Matches,2017-2018
121,Steven Defour,be BEL,MF,Burnley,29,1988,24,24,1997,22.2,1,1,2,1,0,0,6,0,0.8,0.8,1.1,1.9,38,117,30,0.05,0.05,0.09,0.05,0.09,0.03,0.05,0.09,0.03,0.09,Matches,2017-2018
122,Damien Delaney,ie IRL,DF,Crystal Palace,36,1981,2,1,96,1.1,0,0,0,0,0,0,0,0,0.0,0.0,0.0,0.0,0,0,0,0.00,0.00,0.00,0.00,0.00,0.00,0.00,0.00,0.00,0.00,Matches,2017-2018
123,Fabian Delph,eng ENG,DF,Manchester City,27,1989,22,21,1741,19.3,1,2,3,1,0,0,2,0,0.3,0.3,1.2,1.5,53,132,63,0.05,0.10,0.16,0.05,0.16,0.01,0.06,0.08,0.01,0.08,Matches,2017-2018
124,Mousa Dembélé,be BEL,MF,Tottenham,30,1987,28,21,1879,20.9,0,0,0,0,0,0,6,0,0.4,0.4,0.7,1.1,66,211,26,0.00,0.00,0.00,0.00,0.00,0.02,0.03,0.05,0.02,0.05,Matches,2017-2018
125,Laurent Depoitre,be BEL,FW,Huddersfield,28,1988,33,18,1820,20.2,6,1,7,6,0,0,1,0,3.7,3.7,1.4,5.1,11,21,89,0.30,0.05,0.35,0.30,0.35,0.18,0.07,0.25,0.18,0.25,Matches,2017-2018
126,Mike van der Hoorn,nl NED,DF,Swansea City,24,1992,24,24,1944,21.6,1,0,1,1,0,0,4,0,1.0,1.0,0.6,1.6,8,41,5,0.05,0.00,0.05,0.05,0.05,0.05,0.03,0.07,0.05,0.07,Matches,2017-2018
127,Gerard Deulofeu,es ESP,"FW,MF",Watford,23,1994,7,5,435,4.8,1,0,1,1,0,0,0,0,0.5,0.5,0.6,1.1,23,13,32,0.21,0.00,0.21,0.21,0.21,0.11,0.13,0.24,0.11,0.24,Matches,2017-2018
128,Fousseni Diabaté,ml MLI,"MF,FW",Leicester City,21,1995,14,5,587,6.5,0,1,1,0,0,0,1,0,0.5,0.5,0.3,0.9,26,18,56,0.00,0.15,0.15,0.00,0.15,0.08,0.05,0.13,0.08,0.13,Matches,2017-2018
129,Mohamed Diamé,sn SEN,MF,Newcastle Utd,30,1987,31,23,2041,22.7,2,0,2,2,0,0,3,0,1.4,1.4,0.7,2.1,25,81,22,0.09,0.00,0.09,0.09,0.09,0.06,0.03,0.09,0.06,0.09,Matches,2017-2018
130,Brahim Díaz,ma MAR,"FW,DF",Manchester City,17,1999,5,0,55,0.6,0,0,0,0,0,0,0,0,0.5,0.5,0.0,0.5,3,0,15,0.00,0.00,0.00,0.00,0.00,0.79,0.00,0.79,0.79,0.79,Matches,2017-2018
131,Eric Dier,eng ENG,"MF,DF",Tottenham,23,1994,34,32,2824,31.4,0,2,2,0,0,0,4,0,2.0,2.0,1.7,3.7,35,213,29,0.00,0.06,0.06,0.00,0.06,0.06,0.05,0.12,0.06,0.12,Matches,2017-2018
132,Abdoulaye Doucouré,ml MLI,MF,Watford,24,1993,37,37,3324,36.9,7,3,10,7,0,0,10,0,3.5,3.5,2.3,5.9,73,222,79,0.19,0.08,0.27,0.19,0.27,0.10,0.06,0.16,0.10,0.16,Matches,2017-2018
133,Aleksandar Dragović,at AUT,DF,Leicester City,26,1991,11,7,769,8.5,0,0,0,0,0,0,2,0,0.1,0.1,0.0,0.1,4,27,1,0.00,0.00,0.00,0.00,0.00,0.01,0.00,0.01,0.01,0.01,Matches,2017-2018
134,Danny Drinkwater,eng ENG,MF,Chelsea,27,1990,12,5,527,5.9,1,0,1,1,0,0,0,0,0.2,0.2,0.3,0.5,3,32,28,0.17,0.00,0.17,0.17,0.17,0.03,0.05,0.08,0.03,0.08,Matches,2017-2018
135,Martin Dúbravka,sk SVK,GK,Newcastle Utd,28,1989,12,12,1080,12.0,0,0,0,0,0,0,0,0,0.0,0.0,0.0,0.0,0,0,0,0.00,0.00,0.00,0.00,0.00,0.00,0.00,0.00,0.00,0.00,Matches,2017-2018
136,Shane Duffy,ie IRL,DF,Brighton,25,1992,37,37,3292,36.6,0,1,1,0,0,0,8,0,2.3,2.3,1.1,3.4,8,39,10,0.00,0.03,0.03,0.00,0.03,0.06,0.03,0.09,0.06,0.09,Matches,2017-2018
137,Paul Dummett,wls WAL,DF,Newcastle Utd,25,1991,20,19,1602,17.8,0,0,0,0,0,0,1,0,0.3,0.3,0.3,0.6,8,57,17,0.00,0.00,0.00,0.00,0.00,0.01,0.02,0.03,0.01,0.03,Matches,2017-2018
138,Lewis Dunk,eng ENG,DF,Brighton,25,1991,38,38,3420,38.0,1,1,2,1,0,0,7,0,2.7,2.7,1.2,3.9,25,54,5,0.03,0.03,0.05,0.03,0.05,0.07,0.03,0.10,0.07,0.10,Matches,2017-2018
139,Nathan Dyer,eng ENG,"MF,FW",Swansea City,29,1987,24,16,1307,14.5,0,0,0,0,0,0,2,0,0.9,0.9,0.8,1.7,53,34,119,0.00,0.00,0.00,0.00,0.00,0.06,0.05,0.12,0.06,0.12,Matches,2017-2018
140,Ederson,br BRA,GK,Manchester City,23,1993,36,36,3194,35.5,0,0,0,0,0,0,1,0,0.0,0.0,0.1,0.1,0,0,0,0.00,0.00,0.00,0.00,0.00,0.00,0.00,0.00,0.00,0.00,Matches,2017-2018
141,Tom Edwards,eng ENG,"DF,MF",Stoke City,18,1999,6,6,481,5.3,0,0,0,0,0,0,0,0,0.0,0.0,0.4,0.4,8,11,4,0.00,0.00,0.00,0.00,0.00,0.00,0.07,0.07,0.00,0.07,Matches,2017-2018
142,Rob Elliot,ie IRL,GK,Newcastle Utd,31,1986,16,16,1440,16.0,0,0,0,0,0,0,0,0,0.0,0.0,0.0,0.0,0,0,0,0.00,0.00,0.00,0.00,0.00,0.00,0.00,0.00,0.00,0.00,Matches,2017-2018
143,Mohamed Elneny,eg EGY,MF,Arsenal,25,1992,13,11,867,9.6,0,1,1,0,0,0,3,1,0.3,0.3,0.9,1.2,13,74,21,0.00,0.10,0.10,0.00,0.10,0.03,0.10,0.13,0.03,0.13,Matches,2017-2018
144,Christian Eriksen,dk DEN,"MF,FW",Tottenham,25,1992,37,37,3218,35.8,10,10,20,10,0,0,0,0,7.0,7.0,11.6,18.6,83,333,237,0.28,0.28,0.56,0.28,0.56,0.20,0.32,0.52,0.20,0.52,Matches,2017-2018
145,Jonny Evans,nir NIR,DF,West Brom,29,1988,28,26,2270,25.2,2,2,4,2,0,0,7,0,2.1,2.1,0.9,3.0,21,56,9,0.08,0.08,0.16,0.08,0.16,0.08,0.03,0.12,0.08,0.12,Matches,2017-2018
146,Patrice Evra,fr FRA,"DF,MF",West Ham,36,1981,5,3,228,2.5,0,0,0,0,0,0,0,0,0.0,0.0,0.0,0.0,4,7,4,0.00,0.00,0.00,0.00,0.00,0.00,0.00,0.00,0.00,0.00,Matches,2017-2018
147,Łukasz Fabiański,pl POL,GK,Swansea City,32,1985,38,38,3420,38.0,0,0,0,0,0,0,0,0,0.0,0.0,0.0,0.0,0,0,0,0.00,0.00,0.00,0.00,0.00,0.00,0.00,0.00,0.00,0.00,Matches,2017-2018
148,Cesc Fàbregas,es ESP,MF,Chelsea,30,1987,32,25,2306,25.6,2,4,6,2,0,0,6,2,2.4,2.4,6.8,9.2,55,348,135,0.08,0.16,0.23,0.08,0.23,0.09,0.26,0.36,0.09,0.36,Matches,2017-2018
149,Marouane Fellaini,be BEL,MF,Manchester Utd,29,1987,16,5,621,6.9,4,0,4,4,0,0,1,0,3.5,3.5,0.2,3.7,5,19,11,0.58,0.00,0.58,0.58,0.58,0.51,0.03,0.54,0.51,0.54,Matches,2017-2018
150,Kiko Femenía,es ESP,"DF,FW",Watford,26,1991,23,19,1713,19.0,1,1,2,1,0,0,2,0,0.4,0.4,1.8,2.1,54,72,103,0.05,0.05,0.11,0.05,0.11,0.02,0.09,0.11,0.02,0.11,Matches,2017-2018
151,Leroy Fer,nl NED,MF,Swansea City,27,1990,20,15,1397,15.5,1,1,2,1,0,0,5,0,1.6,1.6,1.0,2.7,22,66,23,0.06,0.06,0.13,0.06,0.13,0.11,0.07,0.17,0.11,0.17,Matches,2017-2018
152,Edimilson Fernandes,ch SUI,"MF,DF",West Ham,21,1996,14,9,845,9.4,0,1,1,0,0,0,1,0,0.3,0.3,0.3,0.6,12,20,28,0.00,0.11,0.11,0.00,0.11,0.03,0.03,0.07,0.03,0.07,Matches,2017-2018
153,Federico Fernández,ar ARG,DF,Swansea City,28,1989,30,30,2676,29.7,1,1,2,1,0,0,5,0,0.7,0.7,0.7,1.4,5,72,8,0.03,0.03,0.07,0.03,0.07,0.02,0.02,0.05,0.02,0.05,Matches,2017-2018
154,Fernandinho,br BRA,MF,Manchester City,32,1985,34,33,2881,32.0,5,3,8,5,0,0,7,0,2.1,2.1,2.8,4.9,80,320,38,0.16,0.09,0.25,0.16,0.25,0.06,0.09,0.15,0.06,0.15,Matches,2017-2018
155,Sam Field,eng ENG,MF,West Brom,19,1998,10,7,537,6.0,1,0,1,1,0,0,3,0,0.5,0.5,0.2,0.8,4,32,14,0.17,0.00,0.17,0.17,0.17,0.09,0.04,0.13,0.09,0.13,Matches,2017-2018
156,Roberto Firmino,br BRA,FW,Liverpool,25,1991,37,32,2763,30.7,15,7,22,14,1,1,1,0,10.7,9.9,6.5,16.4,91,136,305,0.49,0.23,0.72,0.46,0.68,0.35,0.21,0.56,0.32,0.53,Matches,2017-2018
157,Darren Fletcher,sct SCO,MF,Stoke City,33,1984,27,25,2219,24.7,1,1,2,1,0,0,0,0,0.4,0.4,1.6,1.9,16,100,20,0.04,0.04,0.08,0.04,0.08,0.01,0.06,0.08,0.01,0.08,Matches,2017-2018
158,Phil Foden,eng ENG,"MF,FW",Manchester City,17,2000,5,0,49,0.5,0,1,1,0,0,0,0,0,0.0,0.0,0.3,0.3,6,0,3,0.00,1.84,1.84,0.00,1.84,0.00,0.61,0.61,0.00,0.61,Matches,2017-2018
159,José Fonte,pt POR,DF,West Ham,33,1983,8,8,688,7.6,0,1,1,0,0,0,0,0,0.6,0.6,0.3,0.9,10,34,3,0.00,0.13,0.13,0.00,0.13,0.08,0.04,0.12,0.08,0.12,Matches,2017-2018
160,Fraser Forster,eng ENG,GK,Southampton,29,1988,20,20,1800,20.0,0,0,0,0,0,0,0,0,0.0,0.0,0.0,0.0,0,0,0,0.00,0.00,0.00,0.00,0.00,0.00,0.00,0.00,0.00,0.00,Matches,2017-2018
161,Ben Foster,eng ENG,GK,West Brom,34,1983,37,37,3330,37.0,0,0,0,0,0,0,2,0,0.0,0.0,0.1,0.1,0,1,0,0.00,0.00,0.00,0.00,0.00,0.00,0.00,0.00,0.00,0.00,Matches,2017-2018
162,Timothy Fosu-Mensah,nl NED,DF,Crystal Palace,19,1998,21,17,1596,17.7,0,0,0,0,0,0,2,0,0.2,0.2,0.3,0.6,25,56,31,0.00,0.00,0.00,0.00,0.00,0.01,0.02,0.03,0.01,0.03,Matches,2017-2018
163,Simon Francis,eng ENG,DF,Bournemouth,32,1985,32,31,2705,30.1,0,1,1,0,0,0,10,1,0.6,0.6,1.5,2.1,33,119,90,0.00,0.03,0.03,0.00,0.03,0.02,0.05,0.07,0.02,0.07,Matches,2017-2018
164,Ryan Fraser,sct SCO,"MF,DF",Bournemouth,23,1994,26,23,2004,22.3,5,3,8,5,0,0,0,0,1.8,1.8,3.3,5.1,74,99,168,0.22,0.13,0.36,0.22,0.36,0.08,0.15,0.23,0.08,0.23,Matches,2017-2018
165,Christian Fuchs,at AUT,DF,Leicester City,31,1986,25,21,1921,21.3,0,1,1,0,0,0,1,0,0.5,0.5,1.2,1.7,28,85,56,0.00,0.05,0.05,0.00,0.05,0.03,0.05,0.08,0.03,0.08,Matches,2017-2018
166,Jay Fulton,sct SCO,MF,Swansea City,23,1994,2,0,19,0.2,0,0,0,0,0,0,1,0,0.0,0.0,0.0,0.0,0,0,0,0.00,0.00,0.00,0.00,0.00,0.00,0.00,0.00,0.00,0.00,Matches,2017-2018
167,Ramiro Funes Mori,ar ARG,DF,Everton,26,1991,4,1,121,1.3,0,0,0,0,0,0,1,0,0.0,0.0,0.0,0.0,2,2,1,0.00,0.00,0.00,0.00,0.00,0.03,0.00,0.03,0.03,0.03,Matches,2017-2018
168,Manolo Gabbiadini,it ITA,FW,Southampton,25,1991,28,11,1081,12.0,5,0,5,4,1,1,2,0,2.5,1.7,0.5,2.2,12,12,58,0.42,0.00,0.42,0.33,0.33,0.21,0.04,0.25,0.14,0.18,Matches,2017-2018
169,Jesús Gámez,es ESP,DF,Newcastle Utd,32,1985,2,1,98,1.1,0,0,0,0,0,0,0,0,0.1,0.1,0.2,0.2,2,10,3,0.00,0.00,0.00,0.00,0.00,0.05,0.15,0.20,0.05,0.20,Matches,2017-2018
170,Idrissa Gana Gueye,sn SEN,MF,Everton,27,1989,33,32,2751,30.6,2,1,3,2,0,0,8,1,1.5,1.5,0.8,2.4,26,128,27,0.07,0.03,0.10,0.07,0.10,0.05,0.03,0.08,0.05,0.08,Matches,2017-2018
171,Dwight Gayle,eng ENG,FW,Newcastle Utd,26,1990,35,23,1958,21.8,6,3,9,6,0,0,3,0,8.3,8.3,2.0,10.4,23,24,115,0.28,0.14,0.41,0.28,0.41,0.38,0.09,0.48,0.38,0.48,Matches,2017-2018
172,Paulo Gazzaniga,ar ARG,GK,Tottenham,25,1992,1,1,90,1.0,0,0,0,0,0,0,0,0,0.0,0.0,0.0,0.0,0,0,0,0.00,0.00,0.00,0.00,0.00,0.00,0.00,0.00,0.00,0.00,Matches,2017-2018
173,David de Gea,es ESP,GK,Manchester Utd,26,1990,37,37,3330,37.0,0,0,0,0,0,0,0,0,0.0,0.0,0.0,0.0,0,0,0,0.00,0.00,0.00,0.00,0.00,0.00,0.00,0.00,0.00,0.00,Matches,2017-2018
174,Kieran Gibbs,eng ENG,DF,West Brom,27,1989,33,32,2827,31.4,0,1,1,0,0,0,3,0,0.4,0.4,1.8,2.2,59,97,89,0.00,0.03,0.03,0.00,0.03,0.01,0.06,0.07,0.01,0.07,Matches,2017-2018
175,Olivier Giroud,fr FRA,FW,Arsenal,30,1986,16,1,388,4.3,4,1,5,4,0,0,0,0,3.3,3.3,0.9,4.2,3,5,39,0.93,0.23,1.16,0.93,1.16,0.76,0.22,0.98,0.76,0.98,Matches,2017-2018
176,Olivier Giroud,fr FRA,FW,Chelsea,30,1986,13,6,613,6.8,3,1,4,3,0,0,0,0,3.6,3.6,2.0,5.6,7,21,61,0.44,0.15,0.59,0.44,0.59,0.53,0.30,0.83,0.53,0.83,Matches,2017-2018
177,Connor Goldson,eng ENG,DF,Brighton,24,1992,3,2,200,2.2,0,0,0,0,0,0,1,0,0.2,0.2,0.0,0.2,1,3,0,0.00,0.00,0.00,0.00,0.00,0.10,0.00,0.10,0.10,0.10,Matches,2017-2018
178,Heurelho Gomes,br BRA,GK,Watford,36,1981,24,24,2128,23.6,0,0,0,0,0,0,0,0,0.0,0.0,0.0,0.0,0,0,0,0.00,0.00,0.00,0.00,0.00,0.00,0.00,0.00,0.00,0.00,Matches,2017-2018
179,Joe Gomez,eng ENG,DF,Liverpool,20,1997,23,21,1902,21.1,0,2,2,0,0,0,3,0,0.3,0.3,1.5,1.7,54,154,65,0.00,0.09,0.09,0.00,0.09,0.01,0.07,0.08,0.01,0.08,Matches,2017-2018
180,Dan Gosling,eng ENG,MF,Bournemouth,27,1990,28,21,1947,21.6,2,1,3,2,0,0,8,0,2.1,2.1,0.9,3.0,18,134,25,0.09,0.05,0.14,0.09,0.14,0.10,0.04,0.14,0.10,0.14,Matches,2017-2018
181,Lee Grant,eng ENG,GK,Stoke City,34,1983,3,3,270,3.0,0,0,0,0,0,0,0,0,0.0,0.0,0.0,0.0,0,0,0,0.00,0.00,0.00,0.00,0.00,0.00,0.00,0.00,0.00,0.00,Matches,2017-2018
182,Andre Gray,jm JAM,FW,Watford,26,1991,31,16,1498,16.6,5,2,7,5,0,0,1,0,6.7,6.7,2.1,8.8,18,17,133,0.30,0.12,0.42,0.30,0.42,0.40,0.13,0.53,0.40,0.53,Matches,2017-2018
183,Demarai Gray,jm JAM,"MF,FW",Leicester City,21,1996,35,17,1697,18.9,3,1,4,3,0,0,2,0,2.5,2.5,3.4,5.9,80,37,126,0.16,0.05,0.21,0.16,0.21,0.13,0.18,0.31,0.13,0.31,Matches,2017-2018
184,Pascal Groß,de GER,"FW,MF",Brighton,26,1991,38,35,2928,32.5,7,8,15,6,1,1,2,0,3.3,2.5,8.3,10.8,54,153,241,0.22,0.25,0.46,0.18,0.43,0.10,0.25,0.36,0.08,0.33,Matches,2017-2018
185,Marko Grujić,rs SRB,"MF,DF",Liverpool,21,1996,3,0,16,0.2,0,0,0,0,0,0,0,0,0.0,0.0,0.0,0.0,0,1,0,0.00,0.00,0.00,0.00,0.00,0.00,0.15,0.15,0.00,0.15,Matches,2017-2018
186,İlkay Gündoğan,de GER,MF,Manchester City,26,1990,30,15,1517,16.9,4,1,5,3,1,1,3,0,3.0,2.3,1.7,4.0,61,154,83,0.24,0.06,0.30,0.18,0.24,0.18,0.10,0.28,0.13,0.24,Matches,2017-2018
187,Florent Hadergjonaj,xk KVX,"DF,MF",Huddersfield,23,1994,23,19,1674,18.6,0,1,1,0,0,0,3,0,0.3,0.3,1.5,1.7,40,62,111,0.00,0.05,0.05,0.00,0.05,0.01,0.08,0.09,0.01,0.09,Matches,2017-2018
188,Massadio Haïdara,ml MLI,FW,Newcastle Utd,24,1992,1,0,4,0.0,0,0,0,0,0,0,0,0,0.0,0.0,0.0,0.0,0,0,0,0.00,0.00,0.00,0.00,0.00,0.00,0.00,0.00,0.00,0.00,Matches,2017-2018
189,Ben Hamer,eng ENG,GK,Leicester City,29,1987,4,3,275,3.1,0,0,0,0,0,0,0,0,0.0,0.0,0.0,0.0,0,0,0,0.00,0.00,0.00,0.00,0.00,0.00,0.00,0.00,0.00,0.00,Matches,2017-2018
190,Rekeem Harper,eng ENG,MF,West Brom,17,2000,1,0,21,0.2,0,0,0,0,0,0,0,0,0.0,0.0,0.1,0.1,0,1,0,0.00,0.00,0.00,0.00,0.00,0.00,0.22,0.22,0.00,0.22,Matches,2017-2018
191,Joe Hart,eng ENG,GK,West Ham,30,1987,19,19,1710,19.0,0,1,1,0,0,0,0,0,0.0,0.0,0.7,0.7,0,0,0,0.00,0.05,0.05,0.00,0.05,0.00,0.04,0.04,0.00,0.04,Matches,2017-2018
192,Isaac Hayden,eng ENG,MF,Newcastle Utd,22,1995,26,15,1374,15.3,1,0,1,1,0,0,7,0,1.0,1.0,0.6,1.6,17,45,23,0.07,0.00,0.07,0.07,0.07,0.06,0.04,0.10,0.06,0.10,Matches,2017-2018
193,Eden Hazard,be BEL,"FW,MF",Chelsea,26,1991,34,28,2422,26.9,12,4,16,10,2,2,2,0,7.7,6.2,6.4,12.6,201,218,302,0.45,0.15,0.59,0.37,0.52,0.29,0.24,0.52,0.23,0.47,Matches,2017-2018
194,Tom Heaton,eng ENG,GK,Burnley,31,1986,4,4,305,3.4,0,0,0,0,0,0,0,0,0.0,0.0,0.0,0.0,0,0,0,0.00,0.00,0.00,0.00,0.00,0.00,0.00,0.00,0.00,0.00,Matches,2017-2018
195,Michael Hefele,de GER,DF,Huddersfield,26,1990,2,0,33,0.4,0,0,0,0,0,0,1,0,0.0,0.0,0.0,0.0,1,1,0,0.00,0.00,0.00,0.00,0.00,0.00,0.00,0.00,0.00,0.00,Matches,2017-2018
196,Ahmed Hegazi,eg EGY,DF,West Brom,26,1991,38,38,3386,37.6,2,0,2,2,0,0,4,0,1.7,1.7,0.6,2.2,9,65,8,0.05,0.00,0.05,0.05,0.05,0.04,0.01,0.06,0.04,0.06,Matches,2017-2018
197,Tomer Hemed,il ISR,FW,Brighton,30,1987,16,9,849,9.4,2,2,4,2,0,0,0,0,1.9,1.9,0.1,2.0,6,13,51,0.21,0.21,0.42,0.21,0.42,0.20,0.01,0.21,0.20,0.21,Matches,2017-2018
198,Jordan Henderson,eng ENG,MF,Liverpool,27,1990,27,25,2171,24.1,1,1,2,1,0,0,1,0,1.2,1.2,1.8,3.0,32,249,37,0.04,0.04,0.08,0.04,0.08,0.05,0.08,0.13,0.05,0.12,Matches,2017-2018
199,Jeff Hendrick,ie IRL,"FW,MF",Burnley,25,1992,34,29,2331,25.9,2,2,4,2,0,0,1,0,2.0,2.0,2.7,4.7,37,80,114,0.08,0.08,0.15,0.08,0.15,0.08,0.10,0.18,0.08,0.18,Matches,2017-2018
200,Wayne Hennessey,wls WAL,GK,Crystal Palace,30,1987,27,27,2430,27.0,0,0,0,0,0,0,1,0,0.0,0.0,0.5,0.5,0,0,0,0.00,0.00,0.00,0.00,0.00,0.00,0.02,0.02,0.00,0.02,Matches,2017-2018
201,Javier Hernández,mx MEX,FW,West Ham,29,1988,28,16,1548,17.2,8,0,8,8,0,0,3,0,5.0,5.0,1.3,6.3,10,31,103,0.47,0.00,0.47,0.47,0.47,0.29,0.08,0.37,0.29,0.37,Matches,2017-2018
202,Ander Herrera,es ESP,MF,Manchester Utd,27,1989,26,13,1268,14.1,0,2,2,0,0,0,5,0,0.4,0.4,1.6,1.9,12,81,19,0.00,0.14,0.14,0.00,0.14,0.03,0.11,0.14,0.03,0.14,Matches,2017-2018
203,Son Heung-min,kr KOR,FW,Tottenham,25,1992,37,27,2301,25.6,12,6,18,12,0,0,0,0,10.2,10.2,6.2,16.4,111,92,339,0.47,0.23,0.70,0.47,0.70,0.40,0.24,0.64,0.40,0.64,Matches,2017-2018
204,Wesley Hoedt,nl NED,DF,Southampton,23,1994,28,28,2520,28.0,0,1,1,0,0,0,7,0,1.3,1.3,0.5,1.9,21,143,3,0.00,0.04,0.04,0.00,0.04,0.05,0.02,0.07,0.05,0.07,Matches,2017-2018
205,Jonathan Hogg,eng ENG,MF,Huddersfield,28,1988,30,29,2398,26.6,0,0,0,0,0,0,10,1,0.4,0.4,0.4,0.9,21,138,10,0.00,0.00,0.00,0.00,0.00,0.02,0.02,0.03,0.02,0.03,Matches,2017-2018
206,Rob Holding,eng ENG,DF,Arsenal,21,1995,12,9,822,9.1,0,0,0,0,0,0,3,0,0.1,0.1,0.0,0.2,6,47,2,0.00,0.00,0.00,0.00,0.00,0.01,0.01,0.02,0.01,0.02,Matches,2017-2018
207,José Holebas,gr GRE,DF,Watford,33,1984,28,26,2382,26.5,0,4,4,0,0,0,7,0,0.6,0.6,3.2,3.8,53,98,84,0.00,0.15,0.15,0.00,0.15,0.02,0.12,0.14,0.02,0.14,Matches,2017-2018
208,Mason Holgate,eng ENG,DF,Everton,20,1996,15,13,1184,13.2,0,0,0,0,0,0,3,0,0.6,0.6,0.6,1.2,8,44,25,0.00,0.00,0.00,0.00,0.00,0.04,0.05,0.09,0.04,0.09,Matches,2017-2018
209,Callum Hudson-Odoi,eng ENG,"FW,DF",Chelsea,16,2000,2,0,29,0.3,0,0,0,0,0,0,0,0,0.1,0.1,0.0,0.1,5,2,5,0.00,0.00,0.00,0.00,0.00,0.25,0.00,0.25,0.25,0.25,Matches,2017-2018
210,Will Hughes,eng ENG,MF,Watford,22,1995,15,11,990,11.0,2,3,5,2,0,0,0,0,0.6,0.6,1.5,2.1,16,60,58,0.18,0.27,0.45,0.18,0.45,0.05,0.13,0.19,0.05,0.19,Matches,2017-2018
211,Jordan Hugill,eng ENG,FW,West Ham,25,1992,3,0,25,0.3,0,0,0,0,0,0,0,0,0.0,0.0,0.0,0.0,0,0,0,0.00,0.00,0.00,0.00,0.00,0.00,0.00,0.00,0.00,0.00,Matches,2017-2018
212,Uwe Hünemeier,de GER,DF,Brighton,31,1986,1,0,18,0.2,0,0,0,0,0,0,0,0,0.0,0.0,0.0,0.0,0,0,1,0.00,0.00,0.00,0.00,0.00,0.00,0.00,0.00,0.00,0.00,Matches,2017-2018
213,Emerson Hyndman,us USA,MF,Bournemouth,21,1996,1,1,58,0.6,0,0,0,0,0,0,0,0,0.0,0.0,0.0,0.0,0,0,0,0.00,0.00,0.00,0.00,0.00,0.00,0.02,0.02,0.00,0.02,Matches,2017-2018
214,Pierre Højbjerg,dk DEN,MF,Southampton,21,1995,23,19,1670,18.6,0,0,0,0,0,0,6,0,1.0,1.0,0.6,1.5,19,90,37,0.00,0.00,0.00,0.00,0.00,0.05,0.03,0.08,0.05,0.08,Matches,2017-2018
215,Jordon Ibe,eng ENG,"MF,FW",Bournemouth,21,1995,32,22,1995,22.2,2,6,8,2,0,0,1,0,3.0,3.0,3.3,6.3,78,95,149,0.09,0.27,0.36,0.09,0.36,0.13,0.15,0.28,0.13,0.28,Matches,2017-2018
216,Vicente Iborra,es ESP,MF,Leicester City,29,1988,19,17,1410,15.7,3,0,3,3,0,0,0,0,1.7,1.7,0.5,2.2,8,79,15,0.19,0.00,0.19,0.19,0.19,0.11,0.03,0.14,0.11,0.14,Matches,2017-2018
217,Zlatan Ibrahimović,se SWE,"MF,FW",Manchester Utd,35,1981,5,1,106,1.2,0,0,0,0,0,0,0,0,0.2,0.2,0.1,0.3,6,9,12,0.00,0.00,0.00,0.00,0.00,0.18,0.08,0.26,0.18,0.26,Matches,2017-2018
218,Kelechi Iheanacho,ng NGA,"FW,MF",Leicester City,20,1996,21,7,830,9.2,3,3,6,3,0,0,2,0,4.1,4.1,2.3,6.3,21,26,54,0.33,0.33,0.65,0.33,0.65,0.44,0.25,0.69,0.44,0.69,Matches,2017-2018
219,Tom Ince,eng ENG,"MF,FW",Huddersfield,25,1992,33,27,2452,27.2,2,0,2,2,0,0,0,0,6.4,6.4,1.4,7.8,57,60,125,0.07,0.00,0.07,0.07,0.07,0.24,0.05,0.29,0.24,0.29,Matches,2017-2018
220,Danny Ings,eng ENG,FW,Liverpool,25,1992,8,3,267,3.0,1,0,1,1,0,0,0,0,1.1,1.1,0.1,1.3,2,9,23,0.34,0.00,0.34,0.34,0.34,0.38,0.05,0.42,0.38,0.42,Matches,2017-2018
221,Stephen Ireland,ie IRL,"MF,FW",Stoke City,30,1986,4,1,131,1.5,0,0,0,0,0,0,1,0,0.4,0.4,0.0,0.4,0,7,5,0.00,0.00,0.00,0.00,0.00,0.25,0.02,0.28,0.25,0.28,Matches,2017-2018
222,Alex Iwobi,ng NGA,"MF,FW",Arsenal,21,1996,26,22,1830,20.3,3,5,8,3,0,0,1,0,3.9,3.9,3.5,7.3,93,138,146,0.15,0.25,0.39,0.15,0.39,0.19,0.17,0.36,0.19,0.36,Matches,2017-2018
223,José Izquierdo,co COL,"MF,FW",Brighton,25,1992,32,23,1984,22.0,5,3,8,5,0,0,2,0,3.8,3.8,2.2,5.9,67,36,161,0.23,0.14,0.36,0.23,0.36,0.17,0.10,0.27,0.17,0.27,Matches,2017-2018
224,Phil Jagielka,eng ENG,DF,Everton,34,1982,25,23,2065,22.9,0,0,0,0,0,0,2,0,0.5,0.5,0.0,0.5,4,53,3,0.00,0.00,0.00,0.00,0.00,0.02,0.00,0.02,0.02,0.02,Matches,2017-2018
225,Eldin Jakupović,ch SUI,GK,Leicester City,32,1984,2,2,180,2.0,0,0,0,0,0,0,0,0,0.0,0.0,0.0,0.0,0,0,0,0.00,0.00,0.00,0.00,0.00,0.00,0.00,0.00,0.00,0.00,Matches,2017-2018
226,Matty James,eng ENG,MF,Leicester City,26,1991,13,11,993,11.0,0,0,0,0,0,0,2,0,1.3,1.3,0.1,1.5,7,28,14,0.00,0.00,0.00,0.00,0.00,0.12,0.01,0.13,0.12,0.13,Matches,2017-2018
227,Daryl Janmaat,nl NED,DF,Watford,28,1989,23,21,1820,20.2,3,0,3,3,0,0,3,0,1.8,1.8,1.0,2.8,29,107,55,0.15,0.00,0.15,0.15,0.15,0.09,0.05,0.14,0.09,0.14,Matches,2017-2018
228,Vincent Janssen,nl NED,DF,Tottenham,23,1994,1,0,1,0.0,0,0,0,0,0,0,0,0,0.0,0.0,0.0,0.0,0,0,0,0.00,0.00,0.00,0.00,0.00,0.00,0.00,0.00,0.00,0.00,Matches,2017-2018
229,Jesé,es ESP,"FW,MF",Stoke City,24,1993,13,8,614,6.8,1,1,2,1,0,0,0,0,0.9,0.9,0.7,1.6,19,14,51,0.15,0.15,0.29,0.15,0.29,0.13,0.10,0.23,0.13,0.23,Matches,2017-2018
230,Gabriel Jesus,br BRA,FW,Manchester City,20,1997,29,19,1668,18.5,13,3,16,13,0,2,6,0,13.8,12.2,2.1,14.3,28,49,181,0.70,0.16,0.86,0.70,0.86,0.74,0.11,0.86,0.66,0.77,Matches,2017-2018
231,Glen Johnson,eng ENG,DF,Stoke City,32,1984,9,7,547,6.1,0,0,0,0,0,0,3,0,0.1,0.1,0.2,0.3,5,23,9,0.00,0.00,0.00,0.00,0.00,0.01,0.03,0.05,0.01,0.05,Matches,2017-2018
232,Phil Jones,eng ENG,DF,Manchester Utd,25,1992,23,23,1973,21.9,0,0,0,0,0,0,2,0,0.4,0.4,0.1,0.5,13,45,0,0.00,0.00,0.00,0.00,0.00,0.02,0.01,0.02,0.02,0.02,Matches,2017-2018
233,Joselu,es ESP,FW,Newcastle Utd,27,1990,30,19,1712,19.0,4,1,5,4,0,1,2,0,6.0,5.2,1.2,6.4,5,41,107,0.21,0.05,0.26,0.21,0.26,0.31,0.06,0.38,0.27,0.34,Matches,2017-2018
234,Mathias Jørgensen,dk DEN,DF,Huddersfield,27,1990,38,38,3420,38.0,0,2,2,0,0,0,6,0,1.9,1.9,0.9,2.9,21,120,8,0.00,0.05,0.05,0.00,0.05,0.05,0.02,0.08,0.05,0.08,Matches,2017-2018
235,Christian Kabasele,be BEL,DF,Watford,26,1991,28,27,2330,25.9,2,0,2,2,0,0,5,0,0.7,0.7,0.1,0.9,10,74,7,0.08,0.00,0.08,0.08,0.08,0.03,0.01,0.03,0.03,0.03,Matches,2017-2018
236,Younès Kaboul,fr FRA,DF,Watford,31,1986,2,2,150,1.7,0,0,0,0,0,0,0,0,0.0,0.0,0.0,0.0,2,7,0,0.00,0.00,0.00,0.00,0.00,0.00,0.00,0.00,0.00,0.00,Matches,2017-2018
237,Elias Kachunga,cd COD,"FW,MF",Huddersfield,25,1992,19,17,1329,14.8,1,1,2,1,0,0,1,0,1.9,1.9,0.6,2.6,32,24,95,0.07,0.07,0.14,0.07,0.14,0.13,0.04,0.17,0.13,0.17,Matches,2017-2018
238,Sullay Kaikai,sl SLE,MF,Crystal Palace,21,1995,1,0,14,0.2,0,0,0,0,0,0,0,0,0.0,0.0,0.0,0.0,0,1,0,0.00,0.00,0.00,0.00,0.00,0.00,0.00,0.00,0.00,0.00,Matches,2017-2018
239,Harry Kane,eng ENG,FW,Tottenham,24,1993,37,35,3076,34.2,30,2,32,28,2,3,5,0,24.8,22.4,2.7,25.1,58,94,261,0.88,0.06,0.94,0.82,0.88,0.72,0.08,0.80,0.66,0.73,Matches,2017-2018
240,N'Golo Kanté,fr FRA,MF,Chelsea,26,1991,34,34,2994,33.3,1,1,2,1,0,0,3,0,0.8,0.8,2.9,3.6,88,274,45,0.03,0.03,0.06,0.03,0.06,0.02,0.09,0.11,0.02,0.11,Matches,2017-2018
241,Loris Karius,de GER,GK,Liverpool,24,1993,19,19,1710,19.0,0,0,0,0,0,0,1,0,0.0,0.0,0.0,0.0,0,0,0,0.00,0.00,0.00,0.00,0.00,0.00,0.00,0.00,0.00,0.00,Matches,2017-2018
242,Orestis Karnezis,gr GRE,GK,Watford,32,1985,15,14,1292,14.4,0,0,0,0,0,0,0,0,0.0,0.0,0.0,0.0,0,0,0,0.00,0.00,0.00,0.00,0.00,0.00,0.00,0.00,0.00,0.00,Matches,2017-2018
243,Beram Kayal,il ISR,MF,Brighton,29,1988,19,8,745,8.3,0,0,0,0,0,0,2,0,0.2,0.2,0.5,0.7,4,27,13,0.00,0.00,0.00,0.00,0.00,0.03,0.06,0.09,0.03,0.09,Matches,2017-2018
244,Michael Keane,eng ENG,DF,Everton,24,1993,30,29,2560,28.4,0,1,1,0,0,0,3,0,1.1,1.1,0.5,1.6,11,83,3,0.00,0.04,0.04,0.00,0.04,0.04,0.02,0.06,0.04,0.06,Matches,2017-2018
245,Martin Kelly,eng ENG,DF,Crystal Palace,27,1990,15,12,1195,13.3,0,0,0,0,0,0,1,0,0.4,0.4,0.1,0.6,5,16,3,0.00,0.00,0.00,0.00,0.00,0.03,0.01,0.04,0.03,0.04,Matches,2017-2018
246,Kenedy,br BRA,"MF,DF",Newcastle Utd,21,1996,13,13,1023,11.4,2,2,4,2,0,0,1,0,2.4,2.4,1.7,4.2,30,21,55,0.18,0.18,0.35,0.18,0.35,0.21,0.15,0.37,0.21,0.37,Matches,2017-2018
247,Jonjoe Kenny,eng ENG,DF,Everton,20,1997,19,17,1590,17.7,0,1,1,0,0,0,2,0,0.1,0.1,1.5,1.6,16,48,51,0.00,0.06,0.06,0.00,0.06,0.01,0.08,0.09,0.01,0.09,Matches,2017-2018
248,Andy King,wls WAL,MF,Leicester City,28,1988,11,5,537,6.0,1,0,1,1,0,0,1,0,0.5,0.5,0.1,0.6,3,13,6,0.17,0.00,0.17,0.17,0.17,0.09,0.02,0.10,0.09,0.10,Matches,2017-2018
249,Andy King,wls WAL,MF,Swansea City,28,1988,11,9,715,7.9,2,1,3,2,0,0,1,0,1.0,1.0,0.2,1.2,5,38,5,0.25,0.13,0.38,0.25,0.38,0.12,0.03,0.15,0.12,0.15,Matches,2017-2018
250,Joshua King,no NOR,"FW,MF",Bournemouth,25,1992,33,27,2453,27.3,8,3,11,6,2,2,3,0,6.5,4.9,4.9,9.8,84,83,215,0.29,0.11,0.40,0.22,0.33,0.24,0.18,0.42,0.18,0.36,Matches,2017-2018
251,Davy Klaassen,nl NED,"MF,FW",Everton,24,1993,7,3,251,2.8,0,0,0,0,0,0,0,0,0.1,0.1,0.1,0.2,1,11,4,0.00,0.00,0.00,0.00,0.00,0.03,0.04,0.07,0.03,0.07,Matches,2017-2018
252,Ragnar Klavan,ee EST,DF,Liverpool,31,1985,19,16,1451,16.1,1,0,1,1,0,0,0,0,0.9,0.9,0.2,1.0,15,73,5,0.06,0.00,0.06,0.06,0.06,0.05,0.01,0.06,0.05,0.06,Matches,2017-2018
253,Anthony Knockaert,fr FRA,"MF,FW",Brighton,25,1991,33,27,2421,26.9,3,1,4,3,0,0,4,1,4.1,4.1,3.2,7.3,92,124,153,0.11,0.04,0.15,0.11,0.15,0.15,0.12,0.27,0.15,0.27,Matches,2017-2018
254,Sead Kolašinac,ba BIH,DF,Arsenal,24,1993,27,25,2147,23.9,2,4,6,2,0,0,3,0,2.2,2.2,3.5,5.8,68,105,186,0.08,0.17,0.25,0.08,0.25,0.09,0.15,0.24,0.09,0.24,Matches,2017-2018
255,Vincent Kompany,be BEL,DF,Manchester City,31,1986,17,17,1394,15.5,1,1,2,1,0,0,6,0,0.8,0.8,0.5,1.3,31,85,3,0.06,0.06,0.13,0.06,0.13,0.05,0.03,0.08,0.05,0.08,Matches,2017-2018
256,Terence Kongolo,nl NED,DF,Huddersfield,23,1994,13,11,1049,11.7,0,0,0,0,0,0,0,0,0.3,0.3,0.1,0.4,7,36,21,0.00,0.00,0.00,0.00,0.00,0.02,0.01,0.03,0.02,0.03,Matches,2017-2018
257,Laurent Koscielny,fr FRA,DF,Arsenal,31,1985,25,25,2225,24.7,2,0,2,2,0,0,4,0,1.9,1.9,0.4,2.3,25,124,10,0.08,0.00,0.08,0.08,0.08,0.08,0.02,0.09,0.08,0.09,Matches,2017-2018
258,Cheikhou Kouyaté,sn SEN,MF,West Ham,27,1989,33,32,2799,31.1,2,3,5,2,0,0,5,0,2.7,2.7,1.1,3.8,27,66,64,0.06,0.10,0.16,0.06,0.16,0.09,0.04,0.12,0.09,0.12,Matches,2017-2018
259,Bojan Krkić,es ESP,MF,Stoke City,26,1990,1,1,71,0.8,0,0,0,0,0,0,0,0,0.0,0.0,0.0,0.1,1,2,3,0.00,0.00,0.00,0.00,0.00,0.04,0.04,0.08,0.04,0.08,Matches,2017-2018
260,Grzegorz Krychowiak,pl POL,MF,West Brom,27,1990,27,20,1641,18.2,0,2,2,0,0,0,2,0,0.8,0.8,1.8,2.6,22,101,25,0.00,0.11,0.11,0.00,0.11,0.04,0.10,0.14,0.04,0.14,Matches,2017-2018
261,Rajiv van La Parra,nl NED,"FW,MF",Huddersfield,26,1991,33,26,2137,23.7,3,0,3,2,1,1,3,1,3.1,2.3,0.9,3.2,114,65,136,0.13,0.00,0.13,0.08,0.08,0.13,0.04,0.17,0.10,0.13,Matches,2017-2018
262,Alexandre Lacazette,fr FRA,FW,Arsenal,26,1991,32,26,2202,24.5,14,4,18,12,2,2,1,0,13.7,12.1,4.4,16.5,39,59,233,0.57,0.16,0.74,0.49,0.65,0.56,0.18,0.74,0.49,0.67,Matches,2017-2018
263,Freddie Ladapo,eng ENG,FW,Crystal Palace,24,1993,1,0,17,0.2,0,0,0,0,0,0,0,0,0.0,0.0,0.0,0.0,1,0,1,0.00,0.00,0.00,0.00,0.00,0.00,0.00,0.00,0.00,0.00,Matches,2017-2018
264,Adam Lallana,eng ENG,"MF,FW",Liverpool,29,1988,12,1,244,2.7,0,0,0,0,0,0,1,0,1.5,1.5,0.4,1.8,12,33,38,0.00,0.00,0.00,0.00,0.00,0.55,0.13,0.68,0.55,0.68,Matches,2017-2018
265,Érik Lamela,ar ARG,"FW,MF",Tottenham,25,1992,25,7,843,9.4,2,2,4,2,0,0,4,0,3.4,3.4,2.0,5.4,30,46,116,0.21,0.21,0.43,0.21,0.43,0.37,0.21,0.57,0.37,0.57,Matches,2017-2018
266,Manuel Lanzini,ar ARG,"MF,FW",West Ham,24,1993,27,23,2042,22.7,5,6,11,5,0,1,4,0,3.9,3.1,4.1,7.2,65,156,96,0.22,0.26,0.48,0.22,0.48,0.17,0.18,0.35,0.14,0.32,Matches,2017-2018
267,Aymeric Laporte,es ESP,DF,Manchester City,23,1994,9,9,806,9.0,0,0,0,0,0,0,1,0,0.1,0.1,0.1,0.2,15,72,5,0.00,0.00,0.00,0.00,0.00,0.01,0.01,0.02,0.01,0.02,Matches,2017-2018
268,Jamaal Lascelles,eng ENG,DF,Newcastle Utd,23,1993,33,32,2928,32.5,3,0,3,3,0,0,5,0,1.1,1.1,0.7,1.8,17,73,10,0.09,0.00,0.09,0.09,0.09,0.03,0.02,0.05,0.03,0.05,Matches,2017-2018
269,Florian Lejeune,fr FRA,DF,Newcastle Utd,26,1991,24,24,2103,23.4,0,2,2,0,0,0,3,0,0.6,0.6,1.5,2.1,18,67,4,0.00,0.09,0.09,0.00,0.09,0.03,0.06,0.09,0.03,0.09,Matches,2017-2018
270,Mario Lemina,ga GAB,MF,Southampton,23,1993,25,20,1720,19.1,1,1,2,1,0,0,2,0,0.8,0.8,0.7,1.5,51,86,36,0.05,0.05,0.10,0.05,0.10,0.04,0.04,0.08,0.04,0.08,Matches,2017-2018
271,Aaron Lennon,eng ENG,MF,Burnley,30,1987,14,13,1118,12.4,0,2,2,0,0,0,2,0,0.6,0.6,0.8,1.4,26,28,60,0.00,0.16,0.16,0.00,0.16,0.05,0.07,0.11,0.05,0.11,Matches,2017-2018
272,Aaron Lennon,eng ENG,"FW,MF",Everton,30,1987,15,9,793,8.8,0,0,0,0,0,0,0,0,0.2,0.2,0.2,0.5,17,19,33,0.00,0.00,0.00,0.00,0.00,0.03,0.03,0.05,0.03,0.05,Matches,2017-2018
273,Victor Lindelöf,se SWE,DF,Manchester Utd,23,1994,17,13,1285,14.3,0,0,0,0,0,0,1,0,0.0,0.0,0.3,0.3,11,42,6,0.00,0.00,0.00,0.00,0.00,0.00,0.02,0.02,0.00,0.02,Matches,2017-2018
274,Jesse Lingard,eng ENG,"MF,FW",Manchester Utd,24,1992,33,20,1817,20.2,8,5,13,8,0,0,2,0,7.1,7.1,2.8,9.9,78,75,143,0.40,0.25,0.64,0.40,0.64,0.35,0.14,0.49,0.35,0.49,Matches,2017-2018
275,Jake Livermore,eng ENG,MF,West Brom,27,1989,34,30,2674,29.7,2,2,4,2,0,0,5,0,2.3,2.3,1.9,4.2,26,133,55,0.07,0.07,0.13,0.07,0.13,0.08,0.06,0.14,0.08,0.14,Matches,2017-2018
276,Fernando Llorente,es ESP,"FW,MF",Tottenham,32,1985,16,1,238,2.6,1,0,1,1,0,0,1,0,1.0,1.0,0.2,1.2,3,4,32,0.38,0.00,0.38,0.38,0.38,0.38,0.06,0.44,0.38,0.44,Matches,2017-2018
277,Hugo Lloris,fr FRA,GK,Tottenham,30,1986,36,36,3240,36.0,0,0,0,0,0,0,1,0,0.0,0.0,0.0,0.0,0,0,0,0.00,0.00,0.00,0.00,0.00,0.00,0.00,0.00,0.00,0.00,Matches,2017-2018
278,Jürgen Locadia,cw CUW,"FW,MF",Brighton,23,1993,6,3,224,2.5,1,1,2,1,0,0,0,0,1.1,1.1,0.1,1.2,2,4,11,0.40,0.40,0.80,0.40,0.80,0.44,0.04,0.48,0.44,0.48,Matches,2017-2018
279,Ruben Loftus-Cheek,eng ENG,MF,Crystal Palace,21,1996,24,21,1874,20.8,2,3,5,2,0,0,1,0,3.5,3.5,3.2,6.7,94,106,126,0.10,0.14,0.24,0.10,0.24,0.17,0.15,0.32,0.17,0.32,Matches,2017-2018
280,Joe Lolley,eng ENG,"FW,MF",Huddersfield,24,1992,6,2,221,2.5,1,0,1,1,0,0,1,0,0.1,0.1,0.1,0.2,11,11,17,0.41,0.00,0.41,0.41,0.41,0.05,0.03,0.08,0.05,0.08,Matches,2017-2018
281,Kevin Long,ie IRL,DF,Burnley,26,1990,16,16,1440,16.0,1,2,3,1,0,0,1,0,1.2,1.2,1.3,2.5,1,28,1,0.06,0.12,0.19,0.06,0.19,0.07,0.08,0.15,0.07,0.15,Matches,2017-2018
282,Shane Long,ie IRL,FW,Southampton,30,1987,30,15,1582,17.6,2,1,3,2,0,0,6,0,3.7,3.7,1.3,5.0,17,21,151,0.11,0.06,0.17,0.11,0.17,0.21,0.07,0.29,0.21,0.29,Matches,2017-2018
283,Ademola Lookman,ng NGA,"FW,MF",Everton,19,1997,7,1,159,1.8,0,0,0,0,0,0,0,0,0.1,0.1,0.5,0.6,8,6,7,0.00,0.00,0.00,0.00,0.00,0.06,0.26,0.32,0.06,0.32,Matches,2017-2018
284,Jonas Lössl,dk DEN,GK,Huddersfield,28,1989,38,38,3420,38.0,0,1,1,0,0,0,1,0,0.0,0.0,0.6,0.6,0,2,0,0.00,0.03,0.03,0.00,0.03,0.00,0.02,0.02,0.00,0.02,Matches,2017-2018
285,Dejan Lovren,hr CRO,DF,Liverpool,28,1989,29,24,2127,23.6,2,1,3,2,0,0,4,0,1.4,1.4,1.3,2.6,20,98,7,0.08,0.04,0.13,0.08,0.13,0.06,0.05,0.11,0.06,0.11,Matches,2017-2018
286,Chris Löwe,de GER,DF,Huddersfield,28,1989,23,19,1588,17.6,0,0,0,0,0,0,1,0,0.4,0.4,0.4,0.7,34,55,49,0.00,0.00,0.00,0.00,0.00,0.02,0.02,0.04,0.02,0.04,Matches,2017-2018
287,Matthew Lowton,eng ENG,DF,Burnley,28,1989,26,25,2295,25.5,0,3,3,0,0,0,1,0,0.1,0.1,1.6,1.7,18,82,69,0.00,0.12,0.12,0.00,0.12,0.00,0.06,0.07,0.00,0.07,Matches,2017-2018
288,David Luiz,br BRA,"DF,MF",Chelsea,30,1987,10,9,840,9.3,1,0,1,1,0,0,4,1,0.9,0.9,0.0,1.0,19,31,4,0.11,0.00,0.11,0.11,0.11,0.10,0.00,0.10,0.10,0.10,Matches,2017-2018
289,Romelu Lukaku,be BEL,FW,Manchester Utd,24,1993,34,33,2867,31.9,16,7,23,16,0,1,4,0,13.2,12.4,4.7,17.0,57,63,216,0.50,0.22,0.72,0.50,0.72,0.41,0.15,0.56,0.39,0.54,Matches,2017-2018
290,Dodi Lukebakio,be BEL,"MF,FW",Watford,19,1997,1,0,16,0.2,0,0,0,0,0,0,0,0,0.0,0.0,0.1,0.1,0,1,3,0.00,0.00,0.00,0.00,0.00,0.15,0.59,0.75,0.15,0.75,Matches,2017-2018
291,Levi Lumeka,eng ENG,FW,Crystal Palace,18,1998,1,0,26,0.3,0,0,0,0,0,0,0,0,0.1,0.1,0.0,0.1,2,0,3,0.00,0.00,0.00,0.00,0.00,0.20,0.00,0.20,0.20,0.20,Matches,2017-2018
292,Harry Maguire,eng ENG,DF,Leicester City,24,1993,38,38,3420,38.0,2,4,6,2,0,0,7,0,2.8,2.8,4.1,6.9,58,178,18,0.05,0.11,0.16,0.05,0.16,0.07,0.11,0.18,0.07,0.18,Matches,2017-2018
293,Riyad Mahrez,dz ALG,"MF,FW",Leicester City,26,1991,36,34,2950,32.8,12,10,22,12,0,0,2,0,6.5,6.5,7.2,13.8,121,190,191,0.37,0.31,0.67,0.37,0.67,0.20,0.22,0.42,0.20,0.42,Matches,2017-2018
294,Ainsley Maitland-Niles,eng ENG,"DF,MF",Arsenal,19,1997,15,8,914,10.2,0,0,0,0,0,0,1,0,0.2,0.2,0.9,1.1,21,35,58,0.00,0.00,0.00,0.00,0.00,0.02,0.08,0.11,0.02,0.11,Matches,2017-2018
295,Scott Malone,eng ENG,DF,Huddersfield,26,1991,22,12,1119,12.4,0,1,1,0,0,0,3,0,0.5,0.5,0.5,1.0,48,51,69,0.00,0.08,0.08,0.00,0.08,0.04,0.04,0.08,0.04,0.08,Matches,2017-2018
296,Sadio Mané,sn SEN,FW,Liverpool,25,1992,29,28,2190,24.3,10,7,17,10,0,0,3,1,10.6,10.6,5.4,16.0,112,120,270,0.41,0.29,0.70,0.41,0.70,0.44,0.22,0.66,0.44,0.66,Matches,2017-2018
297,Eliaquim Mangala,fr FRA,DF,Everton,26,1991,2,2,134,1.5,0,0,0,0,0,0,0,0,0.1,0.1,0.0,0.1,3,7,0,0.00,0.00,0.00,0.00,0.00,0.05,0.00,0.05,0.05,0.05,Matches,2017-2018
298,Eliaquim Mangala,fr FRA,DF,Manchester City,26,1991,9,4,488,5.4,0,0,0,0,0,0,0,0,0.1,0.1,0.0,0.2,5,15,1,0.00,0.00,0.00,0.00,0.00,0.03,0.01,0.03,0.03,0.03,Matches,2017-2018
299,Javier Manquillo,es ESP,DF,Newcastle Utd,23,1994,21,20,1758,19.5,0,1,1,0,0,0,2,0,0.1,0.1,1.3,1.4,29,55,33,0.00,0.05,0.05,0.00,0.05,0.00,0.07,0.07,0.00,0.07,Matches,2017-2018
300,Solly March,eng ENG,"MF,FW",Brighton,23,1994,36,18,1851,20.6,1,1,2,1,0,0,3,0,1.5,1.5,1.4,2.9,59,60,141,0.05,0.05,0.10,0.05,0.10,0.07,0.07,0.14,0.07,0.14,Matches,2017-2018
301,Adrian Mariappa,jm JAM,DF,Watford,30,1986,28,24,2210,24.6,0,0,0,0,0,0,4,0,0.7,0.7,0.2,0.8,8,60,6,0.00,0.00,0.00,0.00,0.00,0.03,0.01,0.03,0.03,0.03,Matches,2017-2018
302,João Mário,pt POR,MF,West Ham,24,1993,13,12,1022,11.4,2,1,3,2,0,0,0,0,1.7,1.7,1.4,3.1,34,43,74,0.18,0.09,0.26,0.18,0.26,0.15,0.12,0.27,0.15,0.27,Matches,2017-2018
303,Anthony Martial,fr FRA,FW,Manchester Utd,21,1995,30,18,1582,17.6,9,5,14,8,1,1,1,0,6.3,5.5,5.1,10.6,107,52,182,0.51,0.28,0.80,0.46,0.74,0.36,0.29,0.65,0.31,0.60,Matches,2017-2018
304,Cuco Martina,cw CUW,DF,Everton,27,1989,21,20,1830,20.3,0,2,2,0,0,0,2,0,0.1,0.1,1.4,1.5,28,68,74,0.00,0.10,0.10,0.00,0.10,0.00,0.07,0.07,0.00,0.07,Matches,2017-2018
305,Bruno Martins Indi,nl NED,DF,Stoke City,25,1992,17,14,1243,13.8,0,0,0,0,0,0,3,0,1.0,1.0,0.1,1.1,2,28,4,0.00,0.00,0.00,0.00,0.00,0.07,0.01,0.08,0.07,0.08,Matches,2017-2018
306,Arthur Masuaku,cd COD,DF,West Ham,23,1993,27,21,1870,20.8,0,3,3,0,0,0,5,0,0.3,0.3,2.0,2.2,94,56,115,0.00,0.14,0.14,0.00,0.14,0.01,0.09,0.11,0.01,0.11,Matches,2017-2018
307,Juan Mata,es ESP,FW,Manchester Utd,29,1988,28,23,1922,21.4,3,5,8,3,0,0,1,0,3.7,3.7,4.5,8.3,46,101,162,0.14,0.23,0.37,0.14,0.37,0.18,0.21,0.39,0.18,0.39,Matches,2017-2018
308,Nemanja Matić,rs SRB,MF,Manchester Utd,28,1988,36,35,3118,34.6,1,1,2,1,0,0,6,0,0.7,0.7,1.6,2.3,74,237,23,0.03,0.03,0.06,0.03,0.06,0.02,0.05,0.07,0.02,0.07,Matches,2017-2018
309,Joël Matip,cm CMR,DF,Liverpool,25,1991,25,22,1997,22.2,1,0,1,1,0,0,3,0,1.9,1.9,0.3,2.2,23,108,5,0.05,0.00,0.05,0.05,0.05,0.09,0.01,0.10,0.09,0.10,Matches,2017-2018
310,Konstantinos Mavropanos,gr GRE,DF,Arsenal,19,1997,3,3,195,2.2,0,0,0,0,0,0,0,1,0.0,0.0,0.0,0.0,1,5,0,0.00,0.00,0.00,0.00,0.00,0.00,0.00,0.00,0.00,0.00,Matches,2017-2018
311,Alfie Mawson,eng ENG,DF,Swansea City,23,1994,38,38,3420,38.0,2,1,3,2,0,0,3,0,1.9,1.9,0.6,2.5,29,92,8,0.05,0.03,0.08,0.05,0.08,0.05,0.02,0.06,0.05,0.06,Matches,2017-2018
312,Eric Maxim Choupo-Moting,cm CMR,"FW,MF",Stoke City,28,1989,30,26,2314,25.7,5,5,10,5,0,0,3,0,5.9,5.9,3.1,9.1,72,56,173,0.19,0.19,0.39,0.19,0.39,0.24,0.13,0.36,0.24,0.36,Matches,2017-2018
313,Chancel Mbemba,cd COD,DF,Newcastle Utd,22,1994,9,7,672,7.5,0,0,0,0,0,0,0,0,0.0,0.0,0.5,0.5,9,21,11,0.00,0.00,0.00,0.00,0.00,0.00,0.06,0.06,0.00,0.06,Matches,2017-2018
314,James McArthur,sct SCO,MF,Crystal Palace,29,1987,33,27,2431,27.0,5,1,6,5,0,0,5,0,3.7,3.7,2.2,5.9,32,107,94,0.19,0.04,0.22,0.19,0.22,0.14,0.08,0.22,0.14,0.22,Matches,2017-2018
315,Gareth McAuley,nir NIR,DF,West Brom,37,1979,9,5,458,5.1,0,0,0,0,0,0,0,0,0.0,0.0,0.0,0.0,3,10,0,0.00,0.00,0.00,0.00,0.00,0.00,0.00,0.00,0.00,0.00,Matches,2017-2018
316,Oliver McBurnie,sct SCO,"FW,MF",Swansea City,21,1996,11,2,276,3.1,0,1,1,0,0,0,0,0,0.4,0.4,0.7,1.1,4,9,26,0.00,0.33,0.33,0.00,0.33,0.14,0.22,0.36,0.14,0.36,Matches,2017-2018
317,Alex McCarthy,eng ENG,GK,Southampton,27,1989,18,18,1620,18.0,0,0,0,0,0,0,2,0,0.0,0.0,0.0,0.0,0,0,0,0.00,0.00,0.00,0.00,0.00,0.00,0.00,0.00,0.00,0.00,Matches,2017-2018
318,James McCarthy,ie IRL,MF,Everton,26,1990,4,3,205,2.3,0,0,0,0,0,0,0,0,0.1,0.1,0.0,0.1,0,12,4,0.00,0.00,0.00,0.00,0.00,0.03,0.01,0.04,0.03,0.04,Matches,2017-2018
319,James McClean,ie IRL,"MF,FW",West Brom,28,1989,30,14,1406,15.6,1,0,1,1,0,0,7,0,1.8,1.8,0.8,2.7,49,12,94,0.06,0.00,0.06,0.06,0.06,0.12,0.05,0.17,0.12,0.17,Matches,2017-2018
320,Sam McQueen,eng ENG,"DF,MF",Southampton,22,1995,7,1,148,1.6,0,0,0,0,0,0,0,0,0.0,0.0,0.2,0.2,7,4,5,0.00,0.00,0.00,0.00,0.00,0.02,0.09,0.11,0.02,0.11,Matches,2017-2018
321,Scott McTominay,sct SCO,MF,Manchester Utd,20,1996,13,7,634,7.0,0,0,0,0,0,0,2,0,0.0,0.0,0.0,0.1,11,48,8,0.00,0.00,0.00,0.00,0.00,0.00,0.01,0.01,0.00,0.01,Matches,2017-2018
322,Ben Mee,eng ENG,DF,Burnley,27,1989,29,29,2610,29.0,0,0,0,0,0,0,5,0,1.9,1.9,0.5,2.3,5,77,3,0.00,0.00,0.00,0.00,0.00,0.06,0.02,0.08,0.06,0.08,Matches,2017-2018
323,Benjamin Mendy,fr FRA,"DF,FW",Manchester City,23,1994,7,4,363,4.0,0,1,1,0,0,0,2,0,0.1,0.1,0.8,0.9,21,27,62,0.00,0.25,0.25,0.00,0.25,0.03,0.19,0.23,0.03,0.23,Matches,2017-2018
324,Mikel Merino,es ESP,MF,Newcastle Utd,21,1996,24,14,1347,15.0,1,1,2,1,0,0,4,0,0.6,0.6,0.9,1.5,25,108,15,0.07,0.07,0.13,0.07,0.13,0.04,0.06,0.10,0.04,0.10,Matches,2017-2018
325,Per Mertesacker,de GER,DF,Arsenal,32,1984,6,4,366,4.1,1,0,1,1,0,0,0,0,0.2,0.2,0.0,0.2,0,6,1,0.25,0.00,0.25,0.25,0.25,0.05,0.00,0.05,0.05,0.05,Matches,2017-2018
326,Roque Mesa,es ESP,MF,Swansea City,28,1989,11,9,754,8.4,0,0,0,0,0,0,3,0,0.2,0.2,0.2,0.4,12,36,1,0.00,0.00,0.00,0.00,0.00,0.02,0.02,0.04,0.02,0.04,Matches,2017-2018
327,Simon Mignolet,be BEL,GK,Liverpool,29,1988,19,19,1710,19.0,0,0,0,0,0,0,3,0,0.0,0.0,0.0,0.0,0,0,0,0.00,0.00,0.00,0.00,0.00,0.00,0.00,0.00,0.00,0.00,Matches,2017-2018
328,Luka Milivojević,rs SRB,MF,Crystal Palace,26,1991,36,35,3080,34.2,10,1,11,3,7,8,8,0,8.2,1.8,1.0,2.9,24,180,18,0.29,0.03,0.32,0.09,0.12,0.24,0.03,0.27,0.05,0.08,Matches,2017-2018
329,James Milner,eng ENG,MF,Liverpool,31,1986,32,16,1775,19.7,0,3,3,0,0,0,3,0,1.1,1.1,3.2,4.3,59,219,163,0.00,0.15,0.15,0.00,0.15,0.05,0.16,0.22,0.05,0.22,Matches,2017-2018
330,Tyrone Mings,eng ENG,DF,Bournemouth,24,1993,4,3,201,2.2,0,0,0,0,0,0,1,0,0.0,0.0,0.1,0.1,1,8,1,0.00,0.00,0.00,0.00,0.00,0.01,0.02,0.03,0.01,0.03,Matches,2017-2018
331,Kevin Mirallas,be BEL,"FW,MF",Everton,29,1987,5,2,138,1.5,0,0,0,0,0,0,1,0,0.2,0.2,0.1,0.2,10,3,11,0.00,0.00,0.00,0.00,0.00,0.12,0.04,0.16,0.12,0.16,Matches,2017-2018
332,Aleksandar Mitrović,rs SRB,FW,Newcastle Utd,22,1994,6,0,95,1.1,1,0,1,1,0,0,0,0,1.2,1.2,0.2,1.3,4,3,15,0.95,0.00,0.95,0.95,0.95,1.14,0.15,1.29,1.14,1.29,Matches,2017-2018
333,Henrikh Mkhitaryan,am ARM,"FW,MF",Arsenal,28,1989,11,9,794,8.8,2,4,6,2,0,0,0,0,1.5,1.5,2.8,4.2,34,55,81,0.23,0.45,0.68,0.23,0.68,0.17,0.31,0.48,0.17,0.48,Matches,2017-2018
334,Henrikh Mkhitaryan,am ARM,"MF,FW",Manchester Utd,28,1989,15,11,922,10.2,1,5,6,1,0,0,2,0,0.8,0.8,3.0,3.8,40,61,69,0.10,0.49,0.59,0.10,0.59,0.07,0.29,0.37,0.07,0.37,Matches,2017-2018
335,Nacho Monreal,es ESP,DF,Arsenal,31,1986,28,26,2243,24.9,5,2,7,5,0,0,3,0,1.7,1.7,2.6,4.3,41,138,73,0.20,0.08,0.28,0.20,0.28,0.07,0.11,0.17,0.07,0.17,Matches,2017-2018
336,Aaron Mooy,au AUS,MF,Huddersfield,26,1990,36,34,3067,34.1,4,3,7,3,1,1,4,0,3.0,2.2,4.0,6.2,55,239,77,0.12,0.09,0.21,0.09,0.18,0.09,0.12,0.20,0.06,0.18,Matches,2017-2018
337,Álvaro Morata,es ESP,FW,Chelsea,24,1992,31,24,2061,22.9,11,6,17,11,0,0,7,0,13.0,13.0,3.1,16.0,54,46,228,0.48,0.26,0.74,0.48,0.74,0.57,0.13,0.70,0.57,0.70,Matches,2017-2018
338,Alberto Moreno,es ESP,DF,Liverpool,25,1992,16,14,1266,14.1,0,0,0,0,0,0,1,0,0.5,0.5,0.8,1.3,32,59,81,0.00,0.00,0.00,0.00,0.00,0.04,0.06,0.09,0.04,0.09,Matches,2017-2018
339,Wes Morgan,jm JAM,DF,Leicester City,33,1984,32,32,2817,31.3,0,0,0,0,0,0,4,0,1.6,1.6,0.4,2.0,13,50,11,0.00,0.00,0.00,0.00,0.00,0.05,0.01,0.06,0.05,0.06,Matches,2017-2018
340,James Morrison,sct SCO,MF,West Brom,31,1986,4,2,207,2.3,1,0,1,1,0,0,0,0,1.0,1.0,0.1,1.1,1,11,16,0.43,0.00,0.43,0.43,0.43,0.44,0.04,0.49,0.44,0.49,Matches,2017-2018
341,Victor Moses,ng NGA,"DF,MF",Chelsea,26,1990,28,25,2110,23.4,3,3,6,3,0,0,3,0,3.0,3.0,2.4,5.4,95,66,203,0.13,0.13,0.26,0.13,0.26,0.13,0.10,0.23,0.13,0.23,Matches,2017-2018
342,Steve Mounié,bj BEN,FW,Huddersfield,22,1994,28,21,1855,20.6,7,1,8,7,0,0,2,0,5.2,5.2,1.8,7.0,13,27,93,0.34,0.05,0.39,0.34,0.39,0.25,0.09,0.34,0.25,0.34,Matches,2017-2018
343,Lucas Moura,br BRA,"FW,MF",Tottenham,24,1992,6,2,210,2.3,0,1,1,0,0,0,0,0,0.2,0.2,0.3,0.4,15,12,37,0.00,0.43,0.43,0.00,0.43,0.08,0.11,0.18,0.08,0.18,Matches,2017-2018
344,Lys Mousset,fr FRA,"FW,MF",Bournemouth,21,1996,23,4,596,6.6,2,0,2,2,0,0,1,0,1.2,1.2,0.8,2.1,18,16,53,0.30,0.00,0.30,0.30,0.30,0.18,0.13,0.31,0.18,0.31,Matches,2017-2018
345,Jacob Murphy,eng ENG,"MF,FW",Newcastle Utd,22,1995,25,13,1148,12.8,1,1,2,1,0,0,0,0,1.8,1.8,1.3,3.1,48,32,85,0.08,0.08,0.16,0.08,0.16,0.14,0.10,0.24,0.14,0.24,Matches,2017-2018
346,Jamie Murphy,sct SCO,MF,Brighton,27,1989,4,1,168,1.9,0,0,0,0,0,0,0,0,0.1,0.1,0.0,0.1,7,4,14,0.00,0.00,0.00,0.00,0.00,0.03,0.01,0.04,0.03,0.04,Matches,2017-2018
347,Glenn Murray,eng ENG,FW,Brighton,33,1983,35,25,2192,24.4,12,0,12,8,4,6,9,0,11.9,7.5,1.6,9.1,12,38,138,0.49,0.00,0.49,0.33,0.33,0.49,0.07,0.55,0.31,0.37,Matches,2017-2018
348,Charly Musonda Jr.,be BEL,FW,Chelsea,20,1996,3,0,37,0.4,0,0,0,0,0,0,0,0,0.2,0.2,0.5,0.7,1,1,4,0.00,0.00,0.00,0.00,0.00,0.40,1.27,1.67,0.40,1.67,Matches,2017-2018
349,Shkodran Mustafi,de GER,DF,Arsenal,25,1992,27,25,2273,25.3,3,1,4,3,0,0,6,0,0.8,0.8,1.3,2.1,12,92,9,0.12,0.04,0.16,0.12,0.16,0.03,0.05,0.08,0.03,0.08,Matches,2017-2018
350,Boaz Myhill,wls WAL,GK,West Brom,34,1982,1,1,90,1.0,0,0,0,0,0,0,1,0,0.0,0.0,0.0,0.0,0,0,0,0.00,0.00,0.00,0.00,0.00,0.00,0.00,0.00,0.00,0.00,Matches,2017-2018
351,Georges-Kévin N'Koudou,cm CMR,MF,Tottenham,22,1995,1,0,1,0.0,0,0,0,0,0,0,0,0,0.0,0.0,0.0,0.0,0,0,0,0.00,0.00,0.00,0.00,0.00,,,,,,Matches,2017-2018
352,Georges-Kévin N'Koudou,cm CMR,"MF,FW",Burnley,22,1995,8,2,228,2.5,0,0,0,0,0,0,1,0,0.1,0.1,0.0,0.2,13,5,15,0.00,0.00,0.00,0.00,0.00,0.06,0.02,0.08,0.06,0.08,Matches,2017-2018
353,Luciano Narsingh,nl NED,"FW,MF",Swansea City,26,1990,18,5,625,6.9,1,0,1,1,0,0,0,0,0.8,0.8,1.1,2.0,30,15,73,0.14,0.00,0.14,0.14,0.14,0.12,0.16,0.28,0.12,0.28,Matches,2017-2018
354,Kyle Naughton,eng ENG,DF,Swansea City,28,1988,34,34,3030,33.7,0,2,2,0,0,0,1,0,0.4,0.4,0.5,0.8,50,193,88,0.00,0.06,0.06,0.00,0.06,0.01,0.01,0.03,0.01,0.03,Matches,2017-2018
355,Badou Ndiaye,sn SEN,MF,Stoke City,26,1990,13,13,1138,12.6,2,1,3,2,0,0,5,0,1.6,1.6,0.3,1.9,12,46,20,0.16,0.08,0.24,0.16,0.24,0.13,0.02,0.15,0.13,0.15,Matches,2017-2018
356,Wilfred Ndidi,ng NGA,MF,Leicester City,20,1996,33,33,2898,32.2,0,3,3,0,0,0,10,2,2.1,2.1,0.6,2.6,30,136,48,0.00,0.09,0.09,0.00,0.09,0.06,0.02,0.08,0.06,0.08,Matches,2017-2018
357,Reiss Nelson,eng ENG,"FW,MF",Arsenal,17,1999,3,2,145,1.6,0,0,0,0,0,0,0,0,0.1,0.1,0.0,0.1,3,8,13,0.00,0.00,0.00,0.00,0.00,0.06,0.02,0.08,0.06,0.08,Matches,2017-2018
358,Julien Ngoy,be BEL,MF,Stoke City,19,1997,1,0,20,0.2,0,0,0,0,0,0,0,0,0.0,0.0,0.0,0.0,0,0,2,0.00,0.00,0.00,0.00,0.00,0.00,0.00,0.00,0.00,0.00,Matches,2017-2018
359,Oumar Niasse,sn SEN,FW,Everton,27,1990,22,10,1087,12.1,8,2,10,8,0,0,2,0,7.0,7.0,1.4,8.4,21,17,106,0.66,0.17,0.83,0.66,0.83,0.58,0.11,0.69,0.58,0.69,Matches,2017-2018
360,Eddie Nketiah,eng ENG,FW,Arsenal,18,1999,3,0,20,0.2,0,1,1,0,0,0,0,0,0.1,0.1,0.0,0.1,0,0,0,0.00,4.50,4.50,0.00,4.50,0.29,0.00,0.29,0.29,0.29,Matches,2017-2018
361,Lukas Nmecha,de GER,FW,Manchester City,18,1998,2,0,16,0.2,0,0,0,0,0,0,0,0,0.0,0.0,0.0,0.0,0,0,0,0.00,0.00,0.00,0.00,0.00,0.00,0.00,0.00,0.00,0.00,Matches,2017-2018
362,Mark Noble,eng ENG,MF,West Ham,30,1987,29,28,2400,26.7,4,0,4,2,2,2,6,0,2.4,0.8,1.8,2.6,10,143,25,0.15,0.00,0.15,0.07,0.07,0.09,0.07,0.16,0.03,0.10,Matches,2017-2018
363,Allan Nyom,cm CMR,DF,West Brom,29,1988,29,25,2310,25.7,0,1,1,0,0,0,7,0,0.1,0.1,1.1,1.2,36,58,71,0.00,0.04,0.04,0.00,0.04,0.00,0.04,0.05,0.00,0.05,Matches,2017-2018
364,Aiden O'Neill,au AUS,MF,Burnley,19,1998,1,0,1,0.0,0,0,0,0,0,0,0,0,,,,,,,,0.00,0.00,0.00,0.00,0.00,,,,,,Matches,2017-2018
365,Michael Obafemi,ie IRL,FW,Southampton,17,2000,1,0,9,0.1,0,0,0,0,0,0,0,0,0.4,0.4,0.0,0.4,0,0,1,0.00,0.00,0.00,0.00,0.00,3.73,0.00,3.73,3.73,3.73,Matches,2017-2018
366,Pedro Obiang,gq EQG,MF,West Ham,25,1992,21,18,1563,17.4,2,0,2,2,0,0,3,0,0.4,0.4,0.4,0.8,10,77,10,0.12,0.00,0.12,0.12,0.12,0.02,0.02,0.04,0.02,0.04,Matches,2017-2018
367,Angelo Ogbonna,it ITA,DF,West Ham,29,1988,32,32,2880,32.0,1,0,1,1,0,0,3,0,0.7,0.7,0.5,1.1,4,44,4,0.03,0.00,0.03,0.03,0.03,0.02,0.01,0.04,0.02,0.04,Matches,2017-2018
368,Stefano Okaka,it ITA,FW,Watford,27,1989,15,3,453,5.0,1,1,2,1,0,0,2,0,1.8,1.8,0.4,2.2,8,10,48,0.20,0.20,0.40,0.20,0.40,0.36,0.07,0.43,0.36,0.43,Matches,2017-2018
369,Shinji Okazaki,jp JPN,"FW,MF",Leicester City,31,1986,27,17,1324,14.7,6,2,8,6,0,0,2,0,6.7,6.7,2.0,8.7,19,24,61,0.41,0.14,0.54,0.41,0.54,0.45,0.14,0.59,0.45,0.59,Matches,2017-2018
370,Martin Olsson,se SWE,DF,Swansea City,29,1988,36,36,3149,35.0,0,1,1,0,0,0,7,0,0.9,0.9,0.8,1.7,112,87,143,0.00,0.03,0.03,0.00,0.03,0.03,0.02,0.05,0.03,0.05,Matches,2017-2018
371,Divock Origi,be BEL,FW,Liverpool,22,1995,1,0,10,0.1,0,0,0,0,0,0,0,0,0.0,0.0,0.0,0.0,0,0,0,0.00,0.00,0.00,0.00,0.00,0.00,0.00,0.00,0.00,0.00,Matches,2017-2018
372,David Ospina,co COL,GK,Arsenal,28,1988,5,4,381,4.2,0,0,0,0,0,0,0,0,0.0,0.0,0.0,0.0,0,0,0,0.00,0.00,0.00,0.00,0.00,0.00,0.00,0.00,0.00,0.00,Matches,2017-2018
373,Nicolás Otamendi,ar ARG,DF,Manchester City,29,1988,34,33,2967,33.0,4,0,4,4,0,0,9,0,2.7,2.7,0.9,3.6,92,212,8,0.12,0.00,0.12,0.12,0.12,0.08,0.03,0.11,0.08,0.11,Matches,2017-2018
374,Reece Oxford,eng ENG,MF,West Ham,18,1998,1,0,5,0.1,0,0,0,0,0,0,0,0,0.0,0.0,0.0,0.0,0,0,0,0.00,0.00,0.00,0.00,0.00,0.00,0.00,0.00,0.00,0.00,Matches,2017-2018
375,Alex Oxlade-Chamberlain,eng ENG,DF,Arsenal,23,1993,3,3,241,2.7,0,0,0,0,0,0,0,0,0.3,0.3,0.5,0.8,19,16,21,0.00,0.00,0.00,0.00,0.00,0.09,0.19,0.29,0.09,0.29,Matches,2017-2018
376,Alex Oxlade-Chamberlain,eng ENG,"MF,FW",Liverpool,23,1993,32,14,1493,16.6,3,7,10,3,0,0,3,0,2.2,2.2,3.8,5.9,76,120,122,0.18,0.42,0.60,0.18,0.60,0.13,0.23,0.36,0.13,0.36,Matches,2017-2018
377,Mesut Özil,de GER,"MF,FW",Arsenal,28,1988,26,24,2163,24.0,4,8,12,4,0,0,4,0,4.4,4.4,8.7,13.1,136,277,267,0.17,0.33,0.50,0.17,0.50,0.18,0.36,0.55,0.18,0.55,Matches,2017-2018
378,Kasey Palmer,jm JAM,"MF,FW",Huddersfield,20,1996,4,1,170,1.9,0,0,0,0,0,0,2,0,0.1,0.1,0.1,0.2,4,6,5,0.00,0.00,0.00,0.00,0.00,0.05,0.04,0.09,0.05,0.09,Matches,2017-2018
379,Emerson Palmieri,it ITA,DF,Chelsea,22,1994,5,3,280,3.1,0,1,1,0,0,0,0,0,0.1,0.1,0.0,0.2,13,5,23,0.00,0.32,0.32,0.00,0.32,0.04,0.01,0.05,0.04,0.05,Matches,2017-2018
380,Pedro,es ESP,"MF,FW",Chelsea,30,1987,31,17,1523,16.9,4,2,6,4,0,0,1,0,3.0,3.0,1.3,4.3,66,56,135,0.24,0.12,0.35,0.24,0.35,0.18,0.07,0.25,0.18,0.25,Matches,2017-2018
381,Roberto Pereyra,ar ARG,"MF,FW",Watford,26,1991,32,18,1624,18.0,5,2,7,5,0,0,3,0,3.3,3.3,3.0,6.3,61,79,112,0.28,0.11,0.39,0.28,0.39,0.18,0.17,0.35,0.18,0.35,Matches,2017-2018
382,Ayoze Pérez,es ESP,"MF,FW",Newcastle Utd,24,1993,36,28,2492,27.7,8,5,13,8,0,0,3,0,6.2,6.2,4.7,10.9,68,75,178,0.29,0.18,0.47,0.29,0.47,0.22,0.17,0.39,0.22,0.39,Matches,2017-2018
383,Matt Phillips,sct SCO,"MF,DF",West Brom,26,1991,30,23,2093,23.3,2,2,4,2,0,0,3,0,2.4,2.4,4.1,6.5,85,31,146,0.09,0.09,0.17,0.09,0.17,0.10,0.18,0.28,0.10,0.28,Matches,2017-2018
384,Jordan Pickford,eng ENG,GK,Everton,23,1994,38,38,3420,38.0,0,0,0,0,0,0,0,0,0.0,0.0,0.1,0.1,0,0,0,0.00,0.00,0.00,0.00,0.00,0.00,0.00,0.00,0.00,0.00,Matches,2017-2018
385,Jérémy Pied,fr FRA,DF,Southampton,28,1989,2,2,180,2.0,0,1,1,0,0,0,0,0,0.0,0.0,0.2,0.2,7,13,5,0.00,0.50,0.50,0.00,0.50,0.02,0.08,0.10,0.02,0.10,Matches,2017-2018
386,Erik Pieters,nl NED,DF,Stoke City,28,1988,31,30,2718,30.2,0,1,1,0,0,0,5,0,0.1,0.1,1.5,1.6,35,113,71,0.00,0.03,0.03,0.00,0.03,0.00,0.05,0.05,0.00,0.05,Matches,2017-2018
387,Paul Pogba,fr FRA,MF,Manchester Utd,24,1993,27,25,2148,23.9,6,10,16,6,0,0,5,1,7.7,7.7,4.5,12.2,95,250,92,0.25,0.42,0.67,0.25,0.67,0.32,0.19,0.51,0.32,0.51,Matches,2017-2018
388,Nick Pope,eng ENG,GK,Burnley,25,1992,35,34,3115,34.6,0,0,0,0,0,0,3,0,0.0,0.0,0.5,0.5,0,0,0,0.00,0.00,0.00,0.00,0.00,0.00,0.01,0.01,0.00,0.01,Matches,2017-2018
389,Alex Pritchard,eng ENG,"MF,FW",Huddersfield,24,1993,14,12,998,11.1,1,1,2,1,0,0,1,0,1.2,1.2,1.9,3.1,24,44,70,0.09,0.09,0.18,0.09,0.18,0.11,0.17,0.28,0.11,0.28,Matches,2017-2018
390,Sebastian Prödl,at AUT,DF,Watford,30,1987,21,17,1570,17.4,0,0,0,0,0,0,5,0,0.6,0.6,0.2,0.9,4,40,2,0.00,0.00,0.00,0.00,0.00,0.04,0.01,0.05,0.04,0.05,Matches,2017-2018
391,Davy Pröpper,nl NED,MF,Brighton,25,1991,35,35,3119,34.7,0,4,4,0,0,0,2,1,1.9,1.9,1.4,3.4,20,188,47,0.00,0.12,0.12,0.00,0.12,0.06,0.04,0.10,0.06,0.10,Matches,2017-2018
392,Marc Pugh,eng ENG,"MF,FW",Bournemouth,30,1987,20,11,985,10.9,0,0,0,0,0,0,2,0,1.3,1.3,0.5,1.9,40,52,103,0.00,0.00,0.00,0.00,0.00,0.12,0.05,0.17,0.12,0.17,Matches,2017-2018
393,Jason Puncheon,eng ENG,MF,Crystal Palace,31,1986,10,6,645,7.2,0,0,0,0,0,0,5,0,1.2,1.2,0.5,1.7,8,31,19,0.00,0.00,0.00,0.00,0.00,0.19,0.07,0.26,0.19,0.26,Matches,2017-2018
394,Collin Quaner,de GER,"FW,MF",Huddersfield,26,1991,26,13,1280,14.2,0,4,4,0,0,0,4,0,1.4,1.4,2.5,3.9,56,44,85,0.00,0.28,0.28,0.00,0.28,0.10,0.18,0.28,0.10,0.28,Matches,2017-2018
395,Sandro Ramírez,es ESP,"FW,MF",Everton,22,1995,8,3,278,3.1,0,0,0,0,0,0,0,0,0.5,0.5,0.0,0.5,1,8,21,0.00,0.00,0.00,0.00,0.00,0.15,0.01,0.16,0.15,0.16,Matches,2017-2018
396,Aaron Ramsey,wls WAL,MF,Arsenal,26,1990,24,21,1846,20.5,7,8,15,7,0,0,0,0,6.1,6.1,5.4,11.5,61,134,161,0.34,0.39,0.73,0.34,0.73,0.30,0.26,0.56,0.30,0.56,Matches,2017-2018
397,Àngel Rangel,es ESP,DF,Swansea City,34,1982,4,2,156,1.7,0,0,0,0,0,0,0,0,0.0,0.0,0.1,0.1,6,11,11,0.00,0.00,0.00,0.00,0.00,0.00,0.04,0.04,0.00,0.04,Matches,2017-2018
398,Marcus Rashford,eng ENG,"FW,MF",Manchester Utd,19,1997,35,17,1813,20.1,7,5,12,7,0,0,3,0,5.2,5.2,3.8,9.0,82,46,160,0.35,0.25,0.60,0.35,0.60,0.26,0.19,0.45,0.26,0.45,Matches,2017-2018
399,Nathan Redmond,eng ENG,"FW,MF",Southampton,23,1994,31,22,1945,21.6,1,3,4,1,0,0,3,0,2.2,2.2,3.6,5.8,84,94,182,0.05,0.14,0.19,0.05,0.19,0.10,0.17,0.27,0.10,0.27,Matches,2017-2018
400,Winston Reid,nz NZL,DF,West Ham,29,1988,17,17,1452,16.1,0,0,0,0,0,0,5,0,0.3,0.3,0.3,0.5,3,39,6,0.00,0.00,0.00,0.00,0.00,0.02,0.02,0.03,0.02,0.03,Matches,2017-2018
401,Declan Rice,eng ENG,"DF,MF",West Ham,18,1999,26,15,1430,15.9,0,0,0,0,0,0,1,0,0.2,0.2,0.1,0.3,18,36,6,0.00,0.00,0.00,0.00,0.00,0.01,0.01,0.02,0.01,0.02,Matches,2017-2018
402,Richarlison,br BRA,"FW,MF",Watford,20,1997,38,32,2823,31.4,5,4,9,5,0,0,4,0,10.3,10.3,3.4,13.7,126,73,306,0.16,0.13,0.29,0.16,0.29,0.33,0.11,0.44,0.33,0.44,Matches,2017-2018
403,Jaïro Riedewald,nl NED,"MF,DF",Crystal Palace,20,1996,12,4,442,4.9,0,0,0,0,0,0,0,0,0.0,0.0,0.0,0.0,2,16,7,0.00,0.00,0.00,0.00,0.00,0.01,0.00,0.01,0.01,0.01,Matches,2017-2018
404,Matt Ritchie,sct SCO,"MF,FW",Newcastle Utd,27,1989,35,32,2804,31.2,3,5,8,3,0,0,6,0,3.1,3.1,6.0,9.1,53,93,139,0.10,0.16,0.26,0.10,0.26,0.10,0.19,0.29,0.10,0.29,Matches,2017-2018
405,Connor Roberts,wls WAL,DF,Swansea City,21,1995,4,3,268,3.0,0,0,0,0,0,0,0,0,0.0,0.0,0.0,0.0,3,11,10,0.00,0.00,0.00,0.00,0.00,0.00,0.00,0.00,0.00,0.00,Matches,2017-2018
406,Andrew Robertson,sct SCO,DF,Liverpool,23,1994,22,22,1940,21.6,1,5,6,1,0,0,2,0,0.5,0.5,4.1,4.7,76,150,214,0.05,0.23,0.28,0.05,0.28,0.03,0.19,0.22,0.03,0.22,Matches,2017-2018
407,Hal Robson-Kanu,wls WAL,"FW,MF",West Brom,28,1989,21,8,827,9.2,2,0,2,2,0,0,2,1,2.4,2.4,0.4,2.8,17,24,63,0.22,0.00,0.22,0.22,0.22,0.26,0.04,0.31,0.26,0.31,Matches,2017-2018
408,Jay Rodriguez,eng ENG,"FW,MF",West Brom,28,1989,37,31,2812,31.2,7,1,8,6,1,1,2,0,8.4,7.6,1.6,9.2,47,52,166,0.22,0.03,0.26,0.19,0.22,0.27,0.05,0.32,0.24,0.30,Matches,2017-2018
409,Marcos Rojo,ar ARG,DF,Manchester Utd,27,1990,9,8,640,7.1,0,0,0,0,0,0,6,0,0.2,0.2,0.1,0.2,3,13,1,0.00,0.00,0.00,0.00,0.00,0.02,0.01,0.03,0.02,0.03,Matches,2017-2018
410,Sergio Romero,ar ARG,GK,Manchester Utd,30,1987,1,1,90,1.0,0,0,0,0,0,0,0,0,0.0,0.0,0.0,0.0,0,0,0,0.00,0.00,0.00,0.00,0.00,0.00,0.00,0.00,0.00,0.00,Matches,2017-2018
411,Oriol Romeu,es ESP,MF,Southampton,25,1991,34,34,2897,32.2,1,0,1,1,0,0,11,0,2.6,2.6,1.4,4.0,44,201,16,0.03,0.00,0.03,0.03,0.03,0.08,0.04,0.13,0.08,0.13,Matches,2017-2018
412,Salomón Rondón,ve VEN,FW,West Brom,27,1989,36,32,2767,30.7,7,3,10,7,0,0,4,0,7.0,7.0,2.8,9.8,45,66,201,0.23,0.10,0.33,0.23,0.33,0.23,0.09,0.32,0.23,0.32,Matches,2017-2018
413,Wayne Rooney,eng ENG,"MF,FW",Everton,31,1985,31,27,2268,25.2,10,2,12,7,3,6,5,0,8.6,3.8,2.2,6.0,26,122,91,0.40,0.08,0.48,0.28,0.36,0.34,0.09,0.43,0.15,0.24,Matches,2017-2018
414,Danny Rose,eng ENG,DF,Tottenham,27,1990,10,9,800,8.9,0,1,1,0,0,0,4,0,0.6,0.6,0.6,1.2,36,56,77,0.00,0.11,0.11,0.00,0.11,0.07,0.07,0.14,0.07,0.14,Matches,2017-2018
415,Liam Rosenior,eng ENG,DF,Brighton,33,1984,3,1,164,1.8,0,0,0,0,0,0,0,0,0.1,0.1,0.0,0.1,1,5,2,0.00,0.00,0.00,0.00,0.00,0.03,0.00,0.03,0.03,0.03,Matches,2017-2018
416,Wayne Routledge,eng ENG,"MF,FW",Swansea City,32,1985,15,4,429,4.8,0,0,0,0,0,0,1,0,0.4,0.4,0.4,0.8,9,17,36,0.00,0.00,0.00,0.00,0.00,0.09,0.09,0.17,0.09,0.17,Matches,2017-2018
417,Antonio Rüdiger,de GER,DF,Chelsea,24,1993,27,25,2338,26.0,2,1,3,2,0,0,4,0,1.7,1.7,0.4,2.1,33,121,7,0.08,0.04,0.12,0.08,0.12,0.07,0.01,0.08,0.07,0.08,Matches,2017-2018
418,Mathew Ryan,au AUS,GK,Brighton,25,1992,38,38,3420,38.0,0,0,0,0,0,0,0,0,0.0,0.0,0.0,0.0,0,0,0,0.00,0.00,0.00,0.00,0.00,0.00,0.00,0.00,0.00,0.00,Matches,2017-2018
419,Abdelhamid Sabiri,ma MAR,MF,Huddersfield,20,1996,5,2,220,2.4,0,1,1,0,0,0,1,0,0.3,0.3,0.1,0.4,2,13,8,0.00,0.41,0.41,0.00,0.41,0.11,0.06,0.17,0.11,0.17,Matches,2017-2018
420,Henri Saivet,sn SEN,MF,Newcastle Utd,26,1990,1,1,83,0.9,1,0,1,1,0,0,0,0,0.1,0.1,0.0,0.1,0,1,0,1.08,0.00,1.08,1.08,1.08,0.05,0.00,0.05,0.05,0.05,Matches,2017-2018
421,Diafra Sakho,sn SEN,FW,West Ham,27,1989,14,0,306,3.4,2,0,2,2,0,0,2,0,1.4,1.4,0.1,1.5,4,6,22,0.59,0.00,0.59,0.59,0.59,0.42,0.02,0.43,0.42,0.43,Matches,2017-2018
422,Mamadou Sakho,fr FRA,DF,Crystal Palace,27,1990,19,18,1600,17.8,1,2,3,1,0,0,1,0,1.2,1.2,1.1,2.3,4,43,3,0.06,0.11,0.17,0.06,0.17,0.07,0.06,0.13,0.07,0.13,Matches,2017-2018
423,Bakary Sako,ml MLI,"FW,MF",Crystal Palace,29,1988,16,4,478,5.3,3,0,3,3,0,0,0,0,1.9,1.9,1.1,3.0,20,8,43,0.56,0.00,0.56,0.56,0.56,0.36,0.20,0.56,0.36,0.56,Matches,2017-2018
424,Mohamed Salah,eg EGY,FW,Liverpool,25,1992,36,34,2907,32.3,32,10,42,31,1,2,1,0,24.1,22.6,7.5,30.1,95,97,393,0.99,0.31,1.30,0.96,1.27,0.75,0.23,0.98,0.70,0.93,Matches,2017-2018
425,Renato Sanches,pt POR,MF,Swansea City,19,1997,12,9,702,7.8,0,0,0,0,0,0,1,0,0.5,0.5,0.3,0.8,32,45,33,0.00,0.00,0.00,0.00,0.00,0.06,0.04,0.10,0.06,0.10,Matches,2017-2018
426,Alexis Sánchez,cl CHI,"MF,FW",Arsenal,28,1988,19,17,1503,16.7,7,3,10,6,1,1,4,0,8.1,7.3,4.9,12.2,50,149,218,0.42,0.18,0.60,0.36,0.54,0.49,0.29,0.78,0.44,0.73,Matches,2017-2018
427,Alexis Sánchez,cl CHI,"FW,MF",Manchester Utd,28,1988,12,12,1043,11.6,2,3,5,2,0,1,1,0,2.7,1.8,2.4,4.3,29,70,102,0.17,0.26,0.43,0.17,0.43,0.23,0.21,0.44,0.16,0.37,Matches,2017-2018
428,Davinson Sánchez,co COL,DF,Tottenham,21,1996,31,29,2534,28.2,0,0,0,0,0,0,1,1,0.5,0.5,0.1,0.7,8,82,2,0.00,0.00,0.00,0.00,0.00,0.02,0.00,0.02,0.02,0.02,Matches,2017-2018
429,Leroy Sané,de GER,FW,Manchester City,21,1996,32,27,2419,26.9,10,15,25,10,0,0,4,0,5.8,5.8,6.8,12.5,102,68,416,0.37,0.56,0.93,0.37,0.93,0.21,0.25,0.47,0.21,0.47,Matches,2017-2018
430,Ezequiel Schelotto,it ITA,DF,Brighton,28,1989,20,15,1318,14.6,0,0,0,0,0,0,3,0,0.2,0.2,0.6,0.8,37,48,53,0.00,0.00,0.00,0.00,0.00,0.02,0.04,0.06,0.02,0.06,Matches,2017-2018
431,Christopher Schindler,de GER,DF,Huddersfield,27,1990,37,37,3265,36.3,0,1,1,0,0,0,8,1,1.1,1.1,2.3,3.4,11,80,6,0.00,0.03,0.03,0.00,0.03,0.03,0.06,0.09,0.03,0.09,Matches,2017-2018
432,Jeffrey Schlupp,gh GHA,"DF,MF",Crystal Palace,24,1992,24,21,1745,19.4,0,1,1,0,0,0,3,0,1.2,1.2,1.0,2.2,32,74,51,0.00,0.05,0.05,0.00,0.05,0.06,0.05,0.12,0.06,0.12,Matches,2017-2018
433,Kasper Schmeichel,dk DEN,GK,Leicester City,30,1986,33,33,2965,32.9,0,0,0,0,0,0,3,0,0.0,0.0,0.1,0.1,0,6,0,0.00,0.00,0.00,0.00,0.00,0.00,0.00,0.00,0.00,0.00,Matches,2017-2018
434,Morgan Schneiderlin,fr FRA,MF,Everton,27,1989,30,24,2130,23.7,0,0,0,0,0,0,6,1,0.4,0.4,0.2,0.6,15,106,8,0.00,0.00,0.00,0.00,0.00,0.02,0.01,0.03,0.02,0.03,Matches,2017-2018
435,Xherdan Shaqiri,ch SUI,"MF,FW",Stoke City,25,1991,36,36,3039,33.8,8,7,15,8,0,1,5,0,5.0,4.2,7.1,11.3,81,161,183,0.24,0.21,0.44,0.24,0.44,0.15,0.21,0.36,0.12,0.33,Matches,2017-2018
436,Luke Shaw,eng ENG,DF,Manchester Utd,22,1995,11,8,790,8.8,0,0,0,0,0,0,2,0,0.4,0.4,0.4,0.8,34,48,35,0.00,0.00,0.00,0.00,0.00,0.05,0.04,0.09,0.05,0.09,Matches,2017-2018
437,Ryan Shawcross,eng ENG,DF,Stoke City,29,1987,27,27,2371,26.3,1,1,2,1,0,0,2,0,2.5,2.5,0.3,2.8,5,46,9,0.04,0.04,0.08,0.04,0.08,0.09,0.01,0.11,0.09,0.11,Matches,2017-2018
438,Jonjo Shelvey,eng ENG,MF,Newcastle Utd,25,1992,30,25,2268,25.2,1,3,4,1,0,0,4,3,2.4,2.4,2.5,4.9,31,183,23,0.04,0.12,0.16,0.04,0.16,0.09,0.10,0.19,0.09,0.19,Matches,2017-2018
439,Gylfi Sigurðsson,is ISL,"MF,FW",Everton,27,1989,27,25,2259,25.1,4,3,7,4,0,0,2,0,3.0,3.0,3.9,6.9,29,77,110,0.16,0.12,0.28,0.16,0.28,0.12,0.16,0.28,0.12,0.28,Matches,2017-2018
440,Adrien Silva,pt POR,MF,Leicester City,28,1989,12,9,761,8.5,0,1,1,0,0,0,3,0,0.3,0.3,0.8,1.1,12,55,15,0.00,0.12,0.12,0.00,0.12,0.04,0.10,0.14,0.04,0.14,Matches,2017-2018
441,Bernardo Silva,pt POR,"FW,MF",Manchester City,22,1994,35,15,1533,17.0,6,4,10,6,0,0,0,0,3.8,3.5,2.8,6.3,80,80,218,0.35,0.23,0.59,0.35,0.59,0.22,0.16,0.39,0.20,0.37,Matches,2017-2018
442,David Silva,es ESP,MF,Manchester City,31,1986,29,28,2430,27.0,9,11,20,9,0,0,5,0,7.2,7.2,8.4,15.6,158,337,247,0.33,0.41,0.74,0.33,0.74,0.27,0.31,0.58,0.27,0.58,Matches,2017-2018
443,Danny Simpson,eng ENG,DF,Leicester City,30,1987,28,27,2306,25.6,0,0,0,0,0,0,4,0,0.2,0.2,0.1,0.3,11,54,47,0.00,0.00,0.00,0.00,0.00,0.01,0.01,0.01,0.01,0.01,Matches,2017-2018
444,Jack Simpson,eng ENG,DF,Bournemouth,20,1996,1,1,71,0.8,0,0,0,0,0,0,0,0,0.0,0.0,0.0,0.0,0,0,0,0.00,0.00,0.00,0.00,0.00,0.00,0.00,0.00,0.00,0.00,Matches,2017-2018
445,Josh Sims,eng ENG,"FW,MF",Southampton,20,1997,6,1,163,1.8,0,0,0,0,0,0,0,0,0.6,0.6,0.1,0.7,10,4,17,0.00,0.00,0.00,0.00,0.00,0.34,0.07,0.41,0.34,0.41,Matches,2017-2018
446,Jerome Sinclair,eng ENG,"MF,FW",Watford,20,1996,4,0,31,0.3,0,0,0,0,0,0,0,0,0.0,0.0,0.0,0.0,1,2,1,0.00,0.00,0.00,0.00,0.00,0.00,0.13,0.13,0.00,0.13,Matches,2017-2018
447,Moussa Sissoko,fr FRA,"MF,FW",Tottenham,27,1989,33,15,1402,15.6,1,1,2,1,0,0,3,0,2.2,2.2,2.2,4.4,50,85,102,0.06,0.06,0.13,0.06,0.13,0.14,0.14,0.28,0.14,0.28,Matches,2017-2018
448,Islam Slimani,dz ALG,FW,Leicester City,29,1988,12,2,249,2.8,1,1,2,1,0,0,0,0,1.5,1.5,0.2,1.7,5,7,25,0.36,0.36,0.72,0.36,0.72,0.55,0.07,0.63,0.55,0.63,Matches,2017-2018
449,Islam Slimani,dz ALG,FW,Newcastle Utd,29,1988,4,1,132,1.5,0,0,0,0,0,0,1,0,0.0,0.0,0.4,0.4,3,2,19,0.00,0.00,0.00,0.00,0.00,0.00,0.28,0.28,0.00,0.28,Matches,2017-2018
450,Chris Smalling,eng ENG,DF,Manchester Utd,27,1989,29,28,2536,28.2,4,0,4,4,0,0,4,0,1.7,1.7,0.2,2.0,5,37,8,0.14,0.00,0.14,0.14,0.14,0.06,0.01,0.07,0.06,0.07,Matches,2017-2018
451,Adam Smith,eng ENG,"DF,MF",Bournemouth,26,1991,27,22,2071,23.0,1,3,4,1,0,0,6,0,0.5,0.5,1.6,2.1,56,90,99,0.04,0.13,0.17,0.04,0.17,0.02,0.07,0.09,0.02,0.09,Matches,2017-2018
452,Tommy Smith,eng ENG,DF,Huddersfield,25,1992,24,21,1904,21.2,0,1,1,0,0,0,7,0,0.2,0.2,1.8,2.0,36,56,86,0.00,0.05,0.05,0.00,0.05,0.01,0.09,0.09,0.01,0.09,Matches,2017-2018
453,Cédric Soares,pt POR,DF,Southampton,25,1991,32,32,2794,31.0,0,3,3,0,0,0,3,0,0.7,0.7,3.1,3.9,52,139,151,0.00,0.10,0.10,0.00,0.10,0.02,0.10,0.12,0.02,0.12,Matches,2017-2018
454,Ramadan Sobhi,eg EGY,"MF,FW",Stoke City,20,1997,24,12,1238,13.8,2,0,2,2,0,0,2,0,1.2,1.2,1.0,2.2,58,38,102,0.15,0.00,0.15,0.15,0.15,0.09,0.07,0.16,0.09,0.16,Matches,2017-2018
455,Dominic Solanke,eng ENG,FW,Liverpool,19,1997,21,5,596,6.6,1,1,2,1,0,0,0,0,3.5,3.5,2.6,6.1,15,15,48,0.15,0.15,0.30,0.15,0.30,0.53,0.40,0.92,0.53,0.92,Matches,2017-2018
456,Pape Souaré,sn SEN,DF,Crystal Palace,27,1990,1,0,9,0.1,0,0,0,0,0,0,0,0,0.0,0.0,0.0,0.0,0,0,0,0.00,0.00,0.00,0.00,0.00,0.00,0.00,0.00,0.00,0.00,Matches,2017-2018
457,Julián Speroni,ar ARG,GK,Crystal Palace,38,1979,11,11,990,11.0,0,0,0,0,0,0,0,0,0.0,0.0,0.0,0.0,0,0,0,0.00,0.00,0.00,0.00,0.00,0.00,0.00,0.00,0.00,0.00,Matches,2017-2018
458,Kostas Stafylidis,gr GRE,"DF,MF",Stoke City,23,1993,5,4,335,3.7,0,0,0,0,0,0,0,0,0.1,0.1,0.0,0.2,3,8,3,0.00,0.00,0.00,0.00,0.00,0.03,0.01,0.05,0.03,0.05,Matches,2017-2018
459,Junior Stanislas,eng ENG,"MF,FW",Bournemouth,27,1989,19,17,1286,14.3,5,2,7,4,1,1,1,0,3.9,3.1,1.9,5.0,36,63,100,0.35,0.14,0.49,0.28,0.42,0.27,0.13,0.40,0.22,0.35,Matches,2017-2018
460,Dale Stephens,eng ENG,MF,Brighton,28,1989,36,36,3240,36.0,0,3,3,0,0,0,6,0,1.2,1.2,2.3,3.5,31,191,13,0.00,0.08,0.08,0.00,0.08,0.03,0.06,0.10,0.03,0.10,Matches,2017-2018
461,Jack Stephens,eng ENG,DF,Southampton,23,1994,22,22,1980,22.0,2,0,2,2,0,0,6,1,1.3,1.3,0.2,1.6,24,45,14,0.09,0.00,0.09,0.09,0.09,0.06,0.01,0.07,0.06,0.07,Matches,2017-2018
462,Raheem Sterling,eng ENG,FW,Manchester City,22,1994,33,29,2586,28.7,18,11,29,17,1,1,5,2,16.2,15.3,7.3,22.6,116,94,410,0.63,0.38,1.01,0.59,0.97,0.56,0.25,0.82,0.53,0.79,Matches,2017-2018
463,John Stones,eng ENG,DF,Manchester City,23,1994,18,16,1302,14.5,0,0,0,0,0,0,0,0,0.8,0.8,0.0,0.8,11,71,7,0.00,0.00,0.00,0.00,0.00,0.05,0.00,0.05,0.05,0.05,Matches,2017-2018
464,Daniel Sturridge,eng ENG,FW,West Brom,27,1989,6,2,118,1.3,0,0,0,0,0,0,0,0,0.1,0.1,0.2,0.4,3,6,8,0.00,0.00,0.00,0.00,0.00,0.10,0.17,0.27,0.10,0.27,Matches,2017-2018
465,Daniel Sturridge,eng ENG,FW,Liverpool,27,1989,9,5,431,4.8,2,1,3,2,0,0,0,0,2.3,2.3,0.8,3.2,11,16,53,0.42,0.21,0.63,0.42,0.63,0.49,0.17,0.66,0.49,0.66,Matches,2017-2018
466,Ki Sung-yueng,kr KOR,MF,Swansea City,28,1989,25,21,1868,20.8,2,2,4,2,0,0,2,0,0.9,0.9,1.5,2.4,17,64,30,0.10,0.10,0.19,0.10,0.19,0.05,0.07,0.12,0.05,0.12,Matches,2017-2018
467,Andrew Surman,eng ENG,MF,Bournemouth,30,1986,25,20,1856,20.6,2,5,7,2,0,0,2,0,1.2,1.2,1.0,2.2,10,134,14,0.10,0.24,0.34,0.10,0.34,0.06,0.05,0.11,0.06,0.11,Matches,2017-2018
468,Markus Suttner,at AUT,DF,Brighton,30,1987,14,13,1179,13.1,0,0,0,0,0,0,0,0,0.1,0.1,0.3,0.4,17,56,32,0.00,0.00,0.00,0.00,0.00,0.01,0.02,0.03,0.01,0.03,Matches,2017-2018
469,Lasse Sørensen,dk DEN,MF,Stoke City,17,1999,1,1,75,0.8,0,0,0,0,0,0,0,0,0.0,0.0,0.1,0.1,0,2,0,0.00,0.00,0.00,0.00,0.00,0.00,0.18,0.18,0.00,0.18,Matches,2017-2018
470,Alexander Sørloth,no NOR,FW,Crystal Palace,21,1995,4,4,360,4.0,0,0,0,0,0,0,0,0,0.5,0.5,0.5,1.0,13,7,24,0.00,0.00,0.00,0.00,0.00,0.13,0.12,0.25,0.13,0.25,Matches,2017-2018
471,Dušan Tadić,rs SRB,"MF,FW",Southampton,28,1988,36,34,2791,31.0,6,3,9,5,1,1,4,0,5.8,5.0,5.7,10.7,113,167,312,0.19,0.10,0.29,0.16,0.26,0.19,0.18,0.37,0.16,0.35,Matches,2017-2018
472,Matt Targett,eng ENG,DF,Southampton,21,1995,2,2,166,1.8,0,0,0,0,0,0,0,0,0.0,0.0,0.1,0.1,2,5,6,0.00,0.00,0.00,0.00,0.00,0.00,0.06,0.06,0.00,0.06,Matches,2017-2018
473,James Tarkowski,eng ENG,DF,Burnley,24,1992,31,31,2790,31.0,0,0,0,0,0,0,5,0,1.4,1.4,0.8,2.2,5,59,8,0.00,0.00,0.00,0.00,0.00,0.05,0.03,0.07,0.05,0.07,Matches,2017-2018
474,Charlie Taylor,eng ENG,DF,Burnley,23,1993,11,10,950,10.6,0,0,0,0,0,0,3,0,0.0,0.0,0.2,0.2,19,23,21,0.00,0.00,0.00,0.00,0.00,0.00,0.02,0.02,0.00,0.02,Matches,2017-2018
475,James Tomkins,eng ENG,DF,Crystal Palace,28,1989,28,27,2387,26.5,3,0,3,3,0,0,8,0,2.2,2.2,0.1,2.3,6,45,3,0.11,0.00,0.11,0.11,0.11,0.08,0.00,0.09,0.08,0.09,Matches,2017-2018
476,Cenk Tosun,tr TUR,FW,Everton,26,1991,14,12,986,11.0,5,0,5,5,0,0,0,0,2.8,2.8,1.4,4.2,9,9,69,0.46,0.00,0.46,0.46,0.46,0.25,0.13,0.38,0.25,0.38,Matches,2017-2018
477,Yaya Touré,ci CIV,MF,Manchester City,34,1983,10,1,236,2.6,0,2,2,0,0,0,1,0,0.4,0.4,0.9,1.3,20,50,4,0.00,0.76,0.76,0.00,0.76,0.14,0.35,0.49,0.14,0.49,Matches,2017-2018
478,Andros Townsend,eng ENG,"FW,MF",Crystal Palace,26,1991,36,35,3120,34.7,2,7,9,2,0,0,3,0,3.0,3.0,7.2,10.2,161,104,249,0.06,0.20,0.26,0.06,0.26,0.09,0.21,0.30,0.09,0.30,Matches,2017-2018
479,Kieran Trippier,eng ENG,DF,Tottenham,26,1990,24,21,1914,21.3,0,5,5,0,0,0,1,0,0.4,0.4,4.2,4.6,37,114,195,0.00,0.24,0.24,0.00,0.24,0.02,0.20,0.22,0.02,0.22,Matches,2017-2018
480,Axel Tuanzebe,cd COD,FW,Manchester Utd,19,1997,1,0,1,0.0,0,0,0,0,0,0,0,0,0.0,0.0,0.0,0.0,0,0,0,0.00,0.00,0.00,0.00,0.00,0.00,0.00,0.00,0.00,0.00,Matches,2017-2018
481,Josh Tymon,eng ENG,DF,Stoke City,18,1999,3,2,163,1.8,0,0,0,0,0,0,0,0,0.0,0.0,0.0,0.0,3,6,2,0.00,0.00,0.00,0.00,0.00,0.00,0.00,0.00,0.00,0.00,Matches,2017-2018
482,Leonardo Ulloa,ar ARG,FW,Leicester City,31,1986,4,0,22,0.2,0,0,0,0,0,0,0,0,0.1,0.1,0.3,0.4,1,2,2,0.00,0.00,0.00,0.00,0.00,0.31,1.38,1.69,0.31,1.69,Matches,2017-2018
483,Leonardo Ulloa,ar ARG,FW,Brighton,31,1986,10,2,267,3.0,1,0,1,1,0,0,0,0,0.7,0.7,0.2,1.0,1,15,16,0.34,0.00,0.34,0.34,0.34,0.25,0.08,0.33,0.25,0.33,Matches,2017-2018
484,Antonio Valencia,ec ECU,DF,Manchester Utd,31,1985,31,31,2740,30.4,3,1,4,3,0,0,7,0,0.5,0.5,1.2,1.7,103,84,152,0.10,0.03,0.13,0.10,0.13,0.02,0.04,0.06,0.02,0.06,Matches,2017-2018
485,Virgil van Dijk,nl NED,DF,Southampton,26,1991,12,11,994,11.0,0,0,0,0,0,0,0,0,0.9,0.9,1.0,2.0,17,42,8,0.00,0.00,0.00,0.00,0.00,0.08,0.09,0.18,0.08,0.18,Matches,2017-2018
486,Virgil van Dijk,nl NED,DF,Liverpool,26,1991,14,14,1260,14.0,0,0,0,0,0,0,1,0,1.2,1.2,1.2,2.3,11,82,6,0.00,0.00,0.00,0.00,0.00,0.08,0.08,0.16,0.08,0.16,Matches,2017-2018
487,Jamie Vardy,eng ENG,FW,Leicester City,30,1987,37,37,3247,36.1,20,1,21,15,5,6,3,0,16.1,11.3,3.0,14.3,51,31,211,0.55,0.03,0.58,0.42,0.44,0.45,0.08,0.53,0.31,0.40,Matches,2017-2018
488,Jan Vertonghen,be BEL,DF,Tottenham,30,1987,36,36,3203,35.6,0,0,0,0,0,0,4,0,1.0,1.0,0.8,1.7,68,243,29,0.00,0.00,0.00,0.00,0.00,0.03,0.02,0.05,0.03,0.05,Matches,2017-2018
489,Nikola Vlašić,hr CRO,"MF,FW",Everton,19,1997,12,7,576,6.4,0,0,0,0,0,0,0,0,0.3,0.3,0.8,1.1,22,16,49,0.00,0.00,0.00,0.00,0.00,0.04,0.12,0.16,0.04,0.16,Matches,2017-2018
490,Sam Vokes,wls WAL,FW,Burnley,27,1989,30,7,998,11.1,4,1,5,4,0,0,3,0,2.8,2.8,1.3,4.2,3,17,62,0.36,0.09,0.45,0.36,0.45,0.25,0.12,0.38,0.25,0.38,Matches,2017-2018
491,Michel Vorm,nl NED,GK,Tottenham,33,1983,1,1,90,1.0,0,0,0,0,0,0,0,0,0.0,0.0,0.0,0.0,0,0,0,0.00,0.00,0.00,0.00,0.00,0.00,0.00,0.00,0.00,0.00,Matches,2017-2018
492,Molla Wagué,ml MLI,DF,Watford,26,1991,6,5,438,4.9,1,0,1,1,0,0,0,0,0.4,0.4,0.0,0.4,0,6,0,0.21,0.00,0.21,0.21,0.21,0.08,0.00,0.08,0.08,0.08,Matches,2017-2018
493,Theo Walcott,eng ENG,"FW,MF",Arsenal,28,1989,6,0,69,0.8,0,0,0,0,0,0,0,0,0.0,0.0,0.0,0.0,3,2,9,0.00,0.00,0.00,0.00,0.00,0.00,0.00,0.00,0.00,0.00,Matches,2017-2018
494,Theo Walcott,eng ENG,FW,Everton,28,1989,14,13,1152,12.8,3,3,6,3,0,0,2,0,2.5,2.5,2.4,4.8,35,33,99,0.23,0.23,0.47,0.23,0.47,0.19,0.18,0.38,0.19,0.38,Matches,2017-2018
495,Kyle Walker,eng ENG,DF,Manchester City,27,1990,32,32,2784,30.9,0,6,6,0,0,0,4,2,0.6,0.6,4.6,5.3,105,221,190,0.00,0.19,0.19,0.00,0.19,0.02,0.15,0.17,0.02,0.17,Matches,2017-2018
496,Kyle Walker-Peters,eng ENG,DF,Tottenham,20,1997,3,2,189,2.1,0,2,2,0,0,0,0,0,0.0,0.0,1.2,1.2,8,8,21,0.00,0.95,0.95,0.00,0.95,0.00,0.59,0.59,0.00,0.59,Matches,2017-2018
497,Jonathan Walters,ie IRL,FW,Burnley,33,1983,3,0,39,0.4,0,0,0,0,0,0,0,0,0.2,0.2,0.0,0.2,0,1,6,0.00,0.00,0.00,0.00,0.00,0.44,0.00,0.44,0.44,0.44,Matches,2017-2018
498,Aaron Wan-Bissaka,eng ENG,DF,Crystal Palace,19,1997,7,7,627,7.0,0,0,0,0,0,0,1,0,0.0,0.0,0.2,0.2,22,23,14,0.00,0.00,0.00,0.00,0.00,0.00,0.03,0.03,0.00,0.03,Matches,2017-2018
499,Victor Wanyama,ke KEN,MF,Tottenham,26,1991,18,8,846,9.4,1,0,1,1,0,0,2,0,0.5,0.5,0.2,0.7,23,65,14,0.11,0.00,0.11,0.11,0.11,0.05,0.02,0.07,0.05,0.07,Matches,2017-2018
500,Joel Ward,eng ENG,DF,Crystal Palace,27,1989,19,19,1613,17.9,0,1,1,0,0,0,4,0,0.2,0.2,0.9,1.1,15,79,50,0.00,0.06,0.06,0.00,0.06,0.01,0.05,0.06,0.01,0.06,Matches,2017-2018
501,Stephen Ward,ie IRL,DF,Burnley,31,1985,28,28,2460,27.3,1,1,2,1,0,0,1,0,0.3,0.3,1.4,1.8,47,87,91,0.04,0.04,0.07,0.04,0.07,0.01,0.05,0.07,0.01,0.07,Matches,2017-2018
502,James Ward-Prowse,eng ENG,"FW,MF",Southampton,22,1994,30,20,1716,19.1,3,3,6,3,0,0,3,0,2.2,2.2,2.8,5.0,9,66,102,0.16,0.16,0.31,0.16,0.31,0.11,0.15,0.26,0.11,0.26,Matches,2017-2018
503,Ben Watson,eng ENG,MF,Watford,32,1985,8,6,456,5.1,0,0,0,0,0,0,1,0,0.1,0.1,0.2,0.2,1,24,5,0.00,0.00,0.00,0.00,0.00,0.01,0.04,0.05,0.01,0.05,Matches,2017-2018
504,Danny Welbeck,eng ENG,"FW,MF",Arsenal,26,1990,28,12,1194,13.3,5,2,7,5,0,0,1,0,5.5,5.5,1.4,7.0,30,23,117,0.38,0.15,0.53,0.38,0.53,0.42,0.11,0.52,0.42,0.52,Matches,2017-2018
505,Nahki Wells,bm BER,"FW,MF",Burnley,27,1990,9,0,55,0.6,0,0,0,0,0,0,0,0,0.6,0.6,0.0,0.6,2,1,5,0.00,0.00,0.00,0.00,0.00,0.95,0.00,0.95,0.95,0.95,Matches,2017-2018
506,Ashley Westwood,eng ENG,MF,Burnley,27,1990,19,12,1111,12.3,0,1,1,0,0,0,2,0,0.6,0.6,1.0,1.6,8,69,6,0.00,0.08,0.08,0.00,0.08,0.05,0.08,0.13,0.05,0.13,Matches,2017-2018
507,Dean Whitehead,eng ENG,MF,Huddersfield,35,1982,4,0,71,0.8,0,0,0,0,0,0,0,0,0.0,0.0,0.0,0.0,0,1,0,0.00,0.00,0.00,0.00,0.00,0.00,0.00,0.00,0.00,0.00,Matches,2017-2018
508,Georginio Wijnaldum,nl NED,MF,Liverpool,26,1990,33,27,2387,26.5,1,2,3,1,0,0,1,0,2.8,2.8,1.2,4.0,49,116,84,0.04,0.08,0.11,0.04,0.11,0.11,0.05,0.15,0.11,0.15,Matches,2017-2018
509,Ashley Williams,wls WAL,DF,Everton,32,1984,24,20,1834,20.4,1,0,1,1,0,0,3,1,0.8,0.8,0.3,1.2,2,39,1,0.05,0.00,0.05,0.05,0.05,0.04,0.02,0.06,0.04,0.06,Matches,2017-2018
510,Danny Williams,us USA,MF,Huddersfield,28,1989,20,11,1124,12.5,0,0,0,0,0,0,2,0,0.4,0.4,0.2,0.6,17,27,16,0.00,0.00,0.00,0.00,0.00,0.03,0.02,0.05,0.03,0.05,Matches,2017-2018
511,Willian,br BRA,"MF,FW",Chelsea,28,1988,36,20,1890,21.0,6,7,13,5,1,1,1,0,5.5,4.7,5.3,10.0,108,131,210,0.29,0.33,0.62,0.24,0.57,0.26,0.25,0.51,0.22,0.48,Matches,2017-2018
512,Joe Willock,eng ENG,MF,Arsenal,17,1999,2,1,82,0.9,0,0,0,0,0,0,0,0,0.1,0.1,0.0,0.1,1,1,3,0.00,0.00,0.00,0.00,0.00,0.09,0.00,0.09,0.09,0.09,Matches,2017-2018
513,Jack Wilshere,eng ENG,MF,Arsenal,25,1992,20,12,1193,13.3,1,3,4,1,0,0,6,0,1.1,1.1,2.6,3.7,62,108,39,0.08,0.23,0.30,0.08,0.30,0.08,0.19,0.28,0.08,0.28,Matches,2017-2018
514,Callum Wilson,eng ENG,FW,Bournemouth,25,1992,28,23,1981,22.0,8,2,10,8,0,0,0,0,7.6,7.6,1.5,9.1,34,39,170,0.36,0.09,0.45,0.36,0.45,0.34,0.07,0.41,0.34,0.41,Matches,2017-2018
515,Kevin Wimmer,at AUT,DF,Stoke City,24,1992,17,14,1323,14.7,0,0,0,0,0,0,5,0,0.1,0.1,0.2,0.3,3,40,1,0.00,0.00,0.00,0.00,0.00,0.00,0.01,0.02,0.00,0.02,Matches,2017-2018
516,Harry Winks,eng ENG,MF,Tottenham,21,1996,16,9,774,8.6,0,1,1,0,0,0,0,0,0.1,0.1,0.5,0.6,14,69,17,0.00,0.12,0.12,0.00,0.12,0.01,0.06,0.07,0.01,0.07,Matches,2017-2018
517,Chris Wood,nz NZL,FW,Burnley,25,1991,24,20,1624,18.0,10,1,11,10,0,0,1,0,7.0,7.0,0.6,7.6,15,16,117,0.55,0.06,0.61,0.55,0.61,0.39,0.03,0.42,0.39,0.42,Matches,2017-2018
518,Ben Woodburn,wls WAL,FW,Liverpool,17,1999,1,0,7,0.1,0,0,0,0,0,0,0,0,0.0,0.0,0.0,0.0,0,0,2,0.00,0.00,0.00,0.00,0.00,0.00,0.00,0.00,0.00,0.00,Matches,2017-2018
519,Granit Xhaka,ch SUI,MF,Arsenal,24,1992,38,37,3260,36.2,1,7,8,1,0,0,10,0,2.4,2.4,3.4,5.8,67,424,64,0.03,0.19,0.22,0.03,0.22,0.07,0.09,0.16,0.07,0.16,Matches,2017-2018
520,Claudio Yacob,ar ARG,MF,West Brom,30,1987,16,9,903,10.0,0,0,0,0,0,0,5,0,0.5,0.5,0.0,0.5,2,28,3,0.00,0.00,0.00,0.00,0.00,0.05,0.00,0.05,0.05,0.05,Matches,2017-2018
521,DeAndre Yedlin,us USA,DF,Newcastle Utd,24,1993,34,31,2845,31.6,0,2,2,0,0,0,5,0,0.2,0.2,2.0,2.2,44,74,128,0.00,0.06,0.06,0.00,0.06,0.00,0.06,0.07,0.00,0.07,Matches,2017-2018
522,Maya Yoshida,jp JPN,DF,Southampton,28,1988,24,23,2051,22.8,2,0,2,2,0,0,4,1,2.0,2.0,0.4,2.4,7,58,6,0.09,0.00,0.09,0.09,0.09,0.09,0.02,0.11,0.09,0.11,Matches,2017-2018
523,Ashley Young,eng ENG,DF,Manchester Utd,32,1985,30,28,2442,27.1,2,4,6,2,0,0,7,0,0.8,0.8,3.6,4.4,90,103,113,0.07,0.15,0.22,0.07,0.22,0.03,0.13,0.16,0.03,0.16,Matches,2017-2018
524,Pablo Zabaleta,ar ARG,"DF,MF",West Ham,32,1985,37,37,3289,36.5,0,1,1,0,0,0,9,0,0.4,0.4,0.9,1.3,26,145,95,0.00,0.03,0.03,0.00,0.03,0.01,0.03,0.04,0.01,0.04,Matches,2017-2018
525,Wilfried Zaha,ci CIV,"FW,MF",Crystal Palace,24,1992,29,28,2549,28.3,9,3,12,9,0,0,5,0,9.2,9.2,4.7,13.9,173,96,283,0.32,0.11,0.42,0.32,0.42,0.33,0.17,0.49,0.33,0.49,Matches,2017-2018
526,Davide Zappacosta,it ITA,"DF,MF",Chelsea,25,1992,22,12,1098,12.2,1,1,2,1,0,0,0,0,1.4,1.4,1.3,2.7,64,22,124,0.08,0.08,0.16,0.08,0.16,0.11,0.11,0.22,0.11,0.22,Matches,2017-2018
527,Marvin Zeegelaar,nl NED,DF,Watford,26,1990,12,12,994,11.0,0,1,1,0,0,0,4,1,0.0,0.0,1.0,1.0,30,54,44,0.00,0.09,0.09,0.00,0.09,0.00,0.09,0.09,0.00,0.09,Matches,2017-2018
528,Oleksandr Zinchenko,ua UKR,DF,Manchester City,20,1996,8,6,532,5.9,0,0,0,0,0,0,1,0,0.1,0.1,0.4,0.5,9,57,49,0.00,0.00,0.00,0.00,0.00,0.02,0.07,0.09,0.02,0.09,Matches,2017-2018
529,Kurt Zouma,fr FRA,DF,Stoke City,22,1994,34,32,2888,32.1,1,0,1,1,0,0,1,0,1.3,1.2,0.4,1.6,23,86,11,0.03,0.00,0.03,0.03,0.03,0.04,0.01,0.05,0.04,0.05,Matches,2017-2018
