Rk,Player,Nation,Pos,Squad,Age,Born,90s,Touches,Def Pen,Def 3rd,Mid 3rd,Att 3rd,Att Pen,Live,Att,Succ,Succ%,Tkld,Tkld%,Carries,TotDist,PrgDist,PrgC,1/3,CPA,Mis,Dis,Rec,PrgR,Matches,Season
1,Max Aarons,eng ENG,DF,Bournemouth,25-089,2000,1.0,73,2,19,40,15,0,73,2,0,0.0,1,50.0,41,152,68,1,0,0,1,0,40,3,Matches,2024-2025
2,Joshua Acheampong,eng ENG,DF,Chelsea,18-333,2006,1.9,137,7,48,81,8,3,137,2,1,50.0,0,0.0,106,709,409,0,2,0,2,0,111,0,Matches,2024-2025
3,Tyler Adams,us USA,MF,Bournemouth,26-048,1999,14.3,884,37,225,511,156,12,884,13,2,15.4,8,61.5,420,1866,842,10,14,1,21,9,476,7,Matches,2024-2025
4,Tosin Adarabioyo,eng ENG,DF,Chelsea,27-191,1997,12.1,1062,137,509,535,19,12,1062,2,2,100.0,0,0.0,642,2646,1509,5,1,0,3,0,823,1,Matches,2024-2025
5,Simon Adingra,ci CIV,"FW,MF",Brighton,23-092,2002,7.9,354,6,52,111,196,45,354,33,14,42.4,19,57.6,229,1510,716,25,15,13,29,8,245,88,Matches,2024-2025
6,Emmanuel Agbadou,ci CIV,DF,Wolves,27-290,1997,7.7,536,92,297,230,13,0,536,7,6,85.7,1,14.3,313,1608,724,1,2,0,2,2,344,0,Matches,2024-2025
7,Asher Agbinone,eng ENG,MF,Crystal Palace,19-187,2005,0.1,8,0,0,2,6,0,8,2,0,0.0,1,50.0,5,53,23,2,0,0,0,1,5,1,Matches,2024-2025
8,Ola Aina,ng NGA,DF,Nott'ham Forest,28-177,1996,28.5,1462,138,539,610,338,21,1462,64,29,45.3,24,37.5,629,4026,2328,54,35,10,39,21,691,52,Matches,2024-2025
9,Rayan Aït-Nouri,dz ALG,DF,Wolves,23-301,2001,27.4,1667,78,461,727,500,64,1667,94,46,48.9,35,37.2,871,4761,2490,64,51,18,36,36,1010,140,Matches,2024-2025
10,Kristoffer Ajer,no NOR,DF,Brentford,26-351,1998,13.5,673,42,220,315,143,33,673,14,7,50.0,6,42.9,337,1899,1092,25,9,2,12,11,435,38,Matches,2024-2025
11,Manuel Akanji,ch SUI,DF,Manchester City,29-258,1995,19.0,1591,108,472,773,348,11,1591,2,2,100.0,0,0.0,1041,5502,3286,38,52,0,4,5,1258,6,Matches,2024-2025
12,Nathan Aké,nl NED,DF,Manchester City,30-044,1995,7.5,596,51,205,331,61,5,596,1,1,100.0,0,0.0,403,2244,1501,12,12,1,4,3,449,2,Matches,2024-2025
13,Carlos Alcaraz,ar ARG,MF,Southampton,22-124,2002,0.1,17,0,1,8,9,2,17,2,0,0.0,2,100.0,12,112,98,4,1,0,0,0,12,1,Matches,2024-2025
14,Carlos Alcaraz,ar ARG,"MF,FW",Everton,22-124,2002,4.4,214,9,41,88,91,11,214,10,6,60.0,3,30.0,114,694,392,10,12,0,5,8,135,8,Matches,2024-2025
15,Trent Alexander-Arnold,eng ENG,DF,Liverpool,26-178,1998,23.8,2044,82,546,902,609,39,2044,29,13,44.8,14,48.3,1075,4978,2652,48,35,8,19,15,1299,87,Matches,2024-2025
16,Alisson,br BRA,GK,Liverpool,32-183,1992,20.9,682,499,668,14,0,0,682,1,1,100.0,0,0.0,447,1803,1063,0,0,0,1,0,407,0,Matches,2024-2025
17,Miguel Almirón,py PAR,FW,Newcastle Utd,31-052,1994,1.7,81,1,10,35,36,9,81,2,1,50.0,1,50.0,54,284,93,3,3,2,0,2,59,18,Matches,2024-2025
18,Edson Álvarez,mx MEX,MF,West Ham,27-161,1997,17.6,1051,59,313,577,169,12,1051,30,14,46.7,12,40.0,565,3154,1422,20,18,2,23,13,695,18,Matches,2024-2025
19,Will Alves,eng ENG,FW,Leicester City,20-059,2005,0.0,1,0,0,0,1,0,1,0,0,,0,,1,5,5,0,0,0,0,0,1,1,Matches,2024-2025
20,Harry Amass,eng ENG,DF,Manchester Utd,18-018,2007,0.2,27,3,12,9,6,0,27,0,0,,0,,11,44,10,0,0,0,1,3,10,1,Matches,2024-2025
21,Samuel Amo-Ameyaw,eng ENG,"FW,DF",Southampton,18-259,2006,0.3,16,0,5,5,7,1,16,4,0,0.0,3,75.0,11,98,68,1,0,1,0,2,11,3,Matches,2024-2025
22,Mathis Amougou,fr FRA,MF,Chelsea,19-075,2006,0.1,9,1,2,4,3,0,9,0,0,,0,,7,25,5,0,1,0,0,1,6,0,Matches,2024-2025
23,Joachim Andersen,dk DEN,DF,Crystal Palace,28-307,1996,1.0,93,14,38,50,5,0,93,0,0,,0,,49,189,103,1,1,0,0,1,67,1,Matches,2024-2025
24,Joachim Andersen,dk DEN,DF,Fulham,28-307,1996,20.7,1730,252,898,777,65,13,1730,4,4,100.0,0,0.0,1025,4737,2336,11,8,1,4,3,1219,1,Matches,2024-2025
25,Elliot Anderson,eng ENG,MF,Nott'ham Forest,22-148,2002,22.7,1325,74,306,619,427,53,1325,65,32,49.2,25,38.5,663,3685,1696,35,27,15,50,33,776,70,Matches,2024-2025
26,André,br BRA,MF,Wolves,23-261,2001,20.2,1147,77,315,737,103,2,1147,21,10,47.6,7,33.3,616,2620,1184,7,13,0,19,12,770,10,Matches,2024-2025
27,Michail Antonio,jm JAM,FW,West Ham,35-006,1990,9.3,296,3,26,124,151,36,296,27,9,33.3,13,48.1,173,1177,695,29,13,9,35,19,221,59,Matches,2024-2025
28,Antony,br BRA,"DF,MF",Manchester Utd,25-038,2000,1.6,101,2,22,26,54,8,101,11,4,36.4,6,54.5,60,317,182,5,6,1,5,1,69,7,Matches,2024-2025
29,Julian Araujo,mx MEX,DF,Bournemouth,23-233,2001,3.9,200,15,68,103,32,1,200,0,0,,0,,84,290,138,2,0,0,4,2,100,11,Matches,2024-2025
30,Cameron Archer,eng ENG,FW,Southampton,23-256,2001,13.1,317,12,49,144,127,45,316,28,12,42.9,15,53.6,182,920,429,16,6,13,28,22,218,55,Matches,2024-2025
31,Alphonse Areola,fr FRA,GK,West Ham,32-035,1993,18.1,765,617,759,6,0,0,765,0,0,,0,,426,1748,910,0,0,0,0,0,394,0,Matches,2024-2025
32,Joe Aribo,ng NGA,"MF,DF",Southampton,28-256,1996,20.5,1168,46,283,617,279,42,1168,46,18,39.1,22,47.8,687,3770,1865,34,26,11,23,16,850,62,Matches,2024-2025
33,Adam Armstrong,eng ENG,"FW,MF",Southampton,28-052,1997,13.9,377,11,44,143,192,49,376,14,6,42.9,8,57.1,235,1324,599,25,13,6,11,18,286,79,Matches,2024-2025
34,Harrison Armstrong,eng ENG,MF,Everton,18-074,2007,0.5,20,0,3,12,7,2,20,1,1,100.0,0,0.0,15,110,43,1,2,0,2,3,14,0,Matches,2024-2025
35,Kepa Arrizabalaga,es ESP,GK,Bournemouth,30-182,1994,23.0,799,587,779,19,1,1,799,1,1,100.0,0,0.0,460,2246,1294,0,0,0,0,0,357,0,Matches,2024-2025
36,Marco Asensio,es ESP,"MF,FW",Aston Villa,29-072,1996,2.6,127,1,13,61,57,10,127,5,4,80.0,1,20.0,80,465,256,10,11,1,3,2,84,9,Matches,2024-2025
37,Brandon Austin,eng ENG,GK,Tottenham,26-085,1999,1.0,36,30,36,0,0,0,36,0,0,,0,,22,104,46,0,0,0,0,0,16,0,Matches,2024-2025
38,Taiwo Awoniyi,ng NGA,FW,Nott'ham Forest,27-234,1997,4.0,150,4,13,68,70,21,150,8,3,37.5,5,62.5,82,370,185,6,5,2,17,16,103,19,Matches,2024-2025
39,Yasin Ayari,se SWE,MF,Brighton,21-179,2003,17.0,948,46,215,477,269,38,948,37,16,43.2,13,35.1,477,2305,1024,21,16,5,31,21,609,54,Matches,2024-2025
40,Jordan Ayew,gh GHA,"FW,MF",Crystal Palace,33-204,1991,0.2,12,0,0,7,5,1,12,0,0,,0,,6,25,12,0,0,0,0,1,9,1,Matches,2024-2025
41,Jordan Ayew,gh GHA,"FW,MF",Leicester City,33-204,1991,14.6,649,18,89,331,251,46,648,52,19,36.5,27,51.9,387,2650,1198,38,30,7,51,31,434,68,Matches,2024-2025
42,Benoît Badiashile,fr FRA,DF,Chelsea,24-008,2001,3.7,336,31,138,186,13,0,336,1,0,0.0,1,100.0,177,660,340,3,5,0,1,0,247,2,Matches,2024-2025
43,Leon Bailey,jm JAM,"FW,MF",Aston Villa,27-237,1997,12.6,539,18,76,155,318,69,539,57,22,38.6,24,42.1,344,2540,1334,57,22,33,35,25,386,121,Matches,2024-2025
44,Carlos Baleba,cm CMR,MF,Brighton,21-090,2004,21.9,1194,54,277,706,246,10,1194,46,27,58.7,16,34.8,637,3718,1880,33,32,2,30,29,698,26,Matches,2024-2025
45,Ross Barkley,eng ENG,MF,Aston Villa,31-119,1993,6.2,429,16,68,255,112,17,429,10,8,80.0,2,20.0,254,1377,640,14,13,2,5,8,302,8,Matches,2024-2025
46,Harvey Barnes,eng ENG,FW,Newcastle Utd,27-115,1997,11.0,472,10,64,150,258,73,472,38,16,42.1,17,44.7,342,2462,1363,55,27,29,18,12,381,106,Matches,2024-2025
47,Calvin Bassey,ng NGA,DF,Fulham,25-093,1999,27.2,1967,258,955,927,103,15,1967,25,11,44.0,9,36.0,1262,6260,3506,22,14,3,27,7,1366,11,Matches,2024-2025
48,Jan Bednarek,pl POL,DF,Southampton,28-356,1996,22.1,1732,303,904,799,36,13,1732,3,3,100.0,0,0.0,878,3162,1494,4,5,1,9,3,1115,1,Matches,2024-2025
49,Armel Bella Kotchap,de GER,DF,Southampton,23-113,2001,3.7,263,33,147,115,3,1,263,1,0,0.0,1,100.0,186,936,326,0,0,0,1,0,192,0,Matches,2024-2025
50,Jean-Ricner Bellegarde,fr FRA,"MF,FW",Wolves,26-280,1998,15.3,661,20,114,302,260,39,661,55,11,20.0,31,56.4,407,2569,1272,41,31,9,31,21,461,77,Matches,2024-2025
51,Rodrigo Bentancur,uy URU,MF,Tottenham,27-282,1997,13.8,1022,56,243,612,176,20,1022,15,7,46.7,6,40.0,609,2787,1127,19,18,5,12,16,678,24,Matches,2024-2025
52,Sander Berge,no NOR,MF,Fulham,27-048,1998,19.3,1093,68,307,633,158,10,1093,15,8,53.3,5,33.3,625,3297,1398,19,17,2,7,11,695,6,Matches,2024-2025
53,Lucas Bergvall,se SWE,MF,Tottenham,19-060,2006,10.4,746,29,155,413,190,16,746,39,19,48.7,16,41.0,449,2840,1332,24,17,3,18,14,499,23,Matches,2024-2025
54,Victor Bernth Kristiansen,dk DEN,DF,Leicester City,22-108,2002,25.9,1556,112,561,698,310,15,1556,16,7,43.8,8,50.0,790,3778,1779,38,24,5,12,12,856,71,Matches,2024-2025
55,Beto,gw GNB,FW,Everton,27-062,1998,11.2,349,19,34,154,166,56,349,29,15,51.7,13,44.8,190,965,367,12,8,7,46,28,256,53,Matches,2024-2025
56,Philip Billing,dk DEN,MF,Bournemouth,28-296,1996,2.0,148,5,20,72,57,12,148,3,1,33.3,0,0.0,58,254,163,3,1,1,7,4,75,13,Matches,2024-2025
57,Yves Bissouma,ml MLI,MF,Tottenham,28-216,1996,12.7,878,56,248,495,141,5,878,20,6,30.0,14,70.0,527,3104,1436,15,17,0,22,12,608,3,Matches,2024-2025
58,Oscar Bobb,no NOR,FW,Manchester City,21-265,2003,0.1,2,0,1,1,0,0,2,0,0,,0,,1,4,0,0,0,0,0,0,1,0,Matches,2024-2025
59,Lamare Bogarde,nl NED,"DF,MF",Aston Villa,21-088,2004,5.3,325,16,95,191,40,4,325,4,2,50.0,1,25.0,173,1031,599,12,6,1,6,8,212,9,Matches,2024-2025
60,Willy Boly,ci CIV,DF,Nott'ham Forest,34-059,1991,1.5,86,20,58,26,2,1,86,0,0,,0,,33,115,35,0,0,0,1,0,41,0,Matches,2024-2025
61,Sven Botman,nl NED,DF,Newcastle Utd,25-081,2000,2.5,156,24,63,89,5,5,156,3,1,33.3,1,33.3,82,350,171,0,0,0,1,0,101,0,Matches,2024-2025
62,Jarrod Bowen,eng ENG,"FW,MF",West Ham,28-104,1996,25.3,973,20,112,351,531,131,972,102,38,37.3,56,54.9,568,4201,2069,87,37,45,56,58,626,156,Matches,2024-2025
63,Conor Bradley,nir NIR,DF,Liverpool,21-268,2003,4.1,343,15,105,147,96,20,343,7,3,42.9,4,57.1,186,1097,594,17,9,5,8,1,211,18,Matches,2024-2025
64,Jarrad Branthwaite,eng ENG,DF,Everton,22-280,2002,21.1,1125,163,602,477,51,19,1125,5,3,60.0,1,20.0,539,2980,1794,8,13,2,7,3,643,1,Matches,2024-2025
65,James Bree,eng ENG,DF,Southampton,27-174,1997,9.9,598,42,194,261,148,10,598,8,4,50.0,2,25.0,316,1372,688,9,11,0,6,4,385,34,Matches,2024-2025
66,Ben Brereton,cl CHI,FW,Southampton,25-350,1999,5.0,206,4,19,76,112,20,206,4,1,25.0,2,50.0,136,791,394,12,13,4,9,4,171,42,Matches,2024-2025
67,Nathan Broadhead,wls WAL,"MF,FW",Ipswich Town,26-363,1998,5.8,248,7,36,123,98,19,248,29,14,48.3,13,44.8,137,976,448,14,11,4,14,10,174,22,Matches,2024-2025
68,Armando Broja,al ALB,FW,Everton,23-205,2001,2.0,76,3,9,22,49,13,76,12,6,50.0,5,41.7,38,453,245,10,6,3,8,8,53,17,Matches,2024-2025
69,David Brooks,wls WAL,FW,Bournemouth,27-269,1997,8.5,406,10,48,152,214,31,406,29,8,27.6,18,62.1,250,1700,774,25,20,8,25,10,272,69,Matches,2024-2025
70,Emi Buendía,ar ARG,"MF,FW",Aston Villa,28-099,1996,1.1,82,0,17,35,31,3,82,2,0,0.0,2,100.0,53,185,119,3,5,0,4,3,64,6,Matches,2024-2025
71,Santiago Bueno,uy URU,DF,Wolves,26-145,1998,17.0,937,151,475,447,18,6,937,2,0,0.0,2,100.0,514,2613,1376,1,2,0,2,2,614,1,Matches,2024-2025
72,Facundo Buonanotte,ar ARG,"FW,MF",Leicester City,20-101,2004,15.0,771,23,112,394,278,31,771,70,24,34.3,42,60.0,423,2673,1229,37,26,8,50,34,475,62,Matches,2024-2025
73,Cameron Burgess,au AUS,DF,Ipswich Town,29-164,1995,11.5,700,151,404,257,39,20,700,0,0,,0,,335,1574,822,2,3,0,2,0,414,3,Matches,2024-2025
74,Dan Burn,eng ENG,DF,Newcastle Utd,32-329,1992,28.0,1753,304,1011,667,78,36,1753,3,3,100.0,0,0.0,1003,4606,2013,6,3,1,18,2,1176,6,Matches,2024-2025
75,Wes Burns,wls WAL,"FW,DF",Ipswich Town,30-131,1994,10.3,350,21,69,129,160,18,350,24,9,37.5,14,58.3,216,1458,696,38,13,10,17,13,220,65,Matches,2024-2025
76,Moisés Caicedo,ec ECU,MF,Chelsea,23-152,2001,28.2,2018,71,435,1244,358,11,2018,42,17,40.5,16,38.1,1127,5249,2480,32,23,2,30,18,1430,28,Matches,2024-2025
77,Tom Cairney,sct SCO,MF,Fulham,34-073,1991,4.9,506,5,69,275,169,7,506,11,4,36.4,3,27.3,343,1676,807,13,15,3,4,3,417,21,Matches,2024-2025
78,Jens Cajuste,se SWE,MF,Ipswich Town,25-236,1999,16.9,778,44,219,406,166,11,778,39,22,56.4,12,30.8,363,2001,1085,22,20,3,16,11,452,13,Matches,2024-2025
79,Riccardo Calafiori,it ITA,DF,Arsenal,22-319,2002,10.3,628,30,161,249,222,29,628,13,9,69.2,3,23.1,291,1572,839,21,12,3,11,5,377,29,Matches,2024-2025
80,Dominic Calvert-Lewin,eng ENG,FW,Everton,28-018,1997,17.5,491,21,38,204,254,82,491,25,10,40.0,13,52.0,268,1398,444,22,8,16,71,32,402,105,Matches,2024-2025
81,Diego Carlos,br BRA,DF,Aston Villa,32-019,1993,9.2,674,86,331,330,15,6,674,2,2,100.0,0,0.0,419,2133,1162,3,3,0,1,2,481,0,Matches,2024-2025
82,Fabio Carvalho,pt POR,"FW,MF",Brentford,22-216,2002,5.1,247,4,44,91,113,22,247,14,2,14.3,10,71.4,137,698,356,9,3,0,13,8,145,23,Matches,2024-2025
83,Casemiro,br BRA,MF,Manchester Utd,33-039,1992,13.1,980,64,284,502,201,33,980,6,3,50.0,3,50.0,519,1617,747,4,9,0,9,10,634,25,Matches,2024-2025
84,Kaelan Casey,eng ENG,DF,West Ham,20-157,2004,0.0,1,1,1,0,0,0,1,0,0,,0,,0,0,0,0,0,0,0,0,0,0,Matches,2024-2025
85,Matty Cash,pl POL,DF,Aston Villa,27-239,1997,16.4,837,58,303,341,203,33,837,31,15,48.4,14,45.2,412,2700,1370,39,31,4,16,6,472,53,Matches,2024-2025
86,Eiran Cashin,ie IRL,DF,Brighton,23-145,2001,0.2,31,2,10,20,1,0,31,1,0,0.0,1,100.0,21,156,107,0,0,0,0,0,25,0,Matches,2024-2025
87,Timothy Castagne,be BEL,DF,Fulham,29-119,1995,15.9,1019,77,387,411,226,29,1019,9,4,44.4,3,33.3,499,2022,987,16,13,1,11,5,604,65,Matches,2024-2025
88,Trevoh Chalobah,eng ENG,DF,Crystal Palace,25-272,1999,11.8,594,66,275,276,51,14,594,10,6,60.0,2,20.0,278,1213,661,11,9,1,4,7,317,6,Matches,2024-2025
89,Trevoh Chalobah,eng ENG,DF,Chelsea,25-272,1999,3.3,283,21,128,139,20,4,283,2,1,50.0,0,0.0,148,589,266,2,2,0,0,0,213,0,Matches,2024-2025
90,Conor Chaplin,eng ENG,"MF,FW",Ipswich Town,28-046,1997,6.8,281,6,46,141,99,12,281,6,3,50.0,3,50.0,138,697,380,10,7,0,9,3,192,20,Matches,2024-2025
91,Youssef Chermiti,pt POR,"FW,MF",Everton,20-314,2004,0.2,8,0,0,2,6,2,8,1,1,100.0,0,0.0,4,11,1,0,0,0,0,0,6,4,Matches,2024-2025
92,Federico Chiesa,it ITA,FW,Liverpool,27-160,1997,0.3,23,0,2,11,10,3,23,1,0,0.0,1,100.0,18,67,34,2,0,1,1,3,18,4,Matches,2024-2025
93,Ben Chilwell,eng ENG,DF,Crystal Palace,28-103,1996,0.9,69,3,22,28,20,1,69,2,0,0.0,1,50.0,31,137,96,1,0,0,1,2,32,7,Matches,2024-2025
94,Chiquinho,pt POR,MF,Wolves,25-057,2000,0.1,3,0,0,1,2,1,3,0,0,,0,,1,13,5,0,0,0,0,0,2,0,Matches,2024-2025
95,Hamza Choudhury,bd BAN,"MF,DF",Leicester City,27-184,1997,1.5,100,4,19,61,20,3,100,4,3,75.0,1,25.0,63,246,130,4,2,2,1,0,71,6,Matches,2024-2025
96,Ryan Christie,sct SCO,MF,Bournemouth,30-040,1995,23.5,1377,74,258,772,372,45,1377,48,23,47.9,22,45.8,721,3791,1759,32,40,7,44,25,777,43,Matches,2024-2025
97,Harry Clarke,eng ENG,DF,Ipswich Town,24-032,2001,4.2,268,18,100,122,47,2,268,2,1,50.0,1,50.0,118,555,222,5,7,0,4,2,163,2,Matches,2024-2025
98,Jack Clarke,eng ENG,"FW,MF",Ipswich Town,24-131,2000,9.9,421,11,92,172,168,28,421,34,20,58.8,10,29.4,245,1725,844,25,14,9,19,14,266,47,Matches,2024-2025
99,Nathaniel Clyne,eng ENG,"DF,MF",Crystal Palace,33-363,1991,5.1,261,17,101,125,35,3,261,1,0,0.0,1,100.0,153,633,299,6,2,3,4,2,171,8,Matches,2024-2025
100,Conor Coady,eng ENG,DF,Leicester City,32-037,1993,11.0,700,126,374,314,12,3,700,1,1,100.0,0,0.0,457,1849,982,1,2,1,4,2,513,0,Matches,2024-2025
101,Séamus Coleman,ie IRL,DF,Everton,36-174,1988,2.2,100,11,39,43,19,2,100,5,4,80.0,1,20.0,43,225,109,1,1,0,1,1,51,2,Matches,2024-2025
102,Nathan Collins,ie IRL,DF,Brentford,23-338,2001,30.0,1978,317,1039,803,146,56,1978,11,6,54.5,4,36.4,1039,5716,3292,24,8,0,13,8,1205,17,Matches,2024-2025
103,Toby Collyer,eng ENG,MF,Manchester Utd,21-090,2004,2.0,129,9,46,59,25,3,129,2,1,50.0,1,50.0,68,239,56,0,0,0,11,1,71,2,Matches,2024-2025
104,Levi Colwill,eng ENG,DF,Chelsea,22-036,2003,27.0,2329,285,1068,1170,99,24,2329,8,5,62.5,3,37.5,1339,6109,3412,10,10,1,9,7,1717,7,Matches,2024-2025
105,Lewis Cook,eng ENG,"MF,DF",Bournemouth,28-059,1997,27.6,1630,70,378,860,411,19,1630,16,10,62.5,6,37.5,724,3602,1999,32,26,4,27,15,816,45,Matches,2024-2025
106,Maxwel Cornet,ci CIV,FW,Southampton,28-188,1996,0.8,34,1,8,14,13,2,34,1,0,0.0,1,100.0,16,73,26,1,0,1,3,0,23,5,Matches,2024-2025
107,Vladimír Coufal,cz CZE,DF,West Ham,32-224,1992,8.2,484,48,188,191,106,8,484,7,2,28.6,2,28.6,190,932,425,11,4,1,8,5,252,21,Matches,2024-2025
108,Woyo Coulibaly,fr FRA,DF,Leicester City,25-318,1999,1.2,76,8,27,31,20,4,76,1,0,0.0,1,100.0,48,288,169,4,2,1,4,0,36,2,Matches,2024-2025
109,Aaron Cresswell,eng ENG,DF,West Ham,35-109,1989,6.5,494,34,196,235,68,1,494,1,1,100.0,0,0.0,199,772,387,4,7,0,3,0,313,2,Matches,2024-2025
110,Marc Cucurella,es ESP,DF,Chelsea,26-255,1998,25.0,1716,88,519,800,404,57,1716,11,4,36.4,6,54.5,737,3118,1852,29,14,2,25,5,1082,95,Matches,2024-2025
111,Jorge Cuenca,es ESP,DF,Fulham,25-137,1999,2.9,149,23,86,58,6,1,149,2,2,100.0,0,0.0,63,231,115,0,1,0,1,0,89,0,Matches,2024-2025
112,Matheus Cunha,br BRA,"MF,FW",Wolves,25-311,1999,23.8,1267,20,156,579,577,106,1266,115,49,42.6,52,45.2,715,5449,2702,92,74,32,67,42,839,137,Matches,2024-2025
113,Patson Daka,zm ZAM,"FW,MF",Leicester City,26-176,1998,6.0,191,8,31,89,74,18,191,15,2,13.3,10,66.7,98,411,166,5,5,1,14,9,124,27,Matches,2024-2025
114,Diogo Dalot,pt POR,DF,Manchester Utd,26-016,1999,28.6,1831,111,622,712,511,60,1831,45,23,51.1,19,42.2,1034,4576,2502,58,36,13,34,15,1100,150,Matches,2024-2025
115,Mikkel Damsgaard,dk DEN,"MF,FW",Brentford,24-274,2000,25.0,1479,31,258,676,567,62,1479,83,44,53.0,30,36.1,842,4675,2411,59,37,8,50,39,984,108,Matches,2024-2025
116,Danilo,br BRA,"MF,FW",Nott'ham Forest,23-339,2001,2.3,110,6,32,67,12,0,110,5,2,40.0,3,60.0,41,202,55,2,0,0,6,0,69,1,Matches,2024-2025
117,Jayden Danns,eng ENG,MF,Liverpool,19-077,2006,0.1,2,0,0,0,2,0,2,0,0,,0,,1,2,1,0,0,0,0,1,1,0,Matches,2024-2025
118,Kevin Danso,at AUT,DF,Tottenham,26-196,1998,3.9,334,42,179,141,15,7,334,2,1,50.0,1,50.0,242,1075,466,2,0,0,6,0,254,0,Matches,2024-2025
119,Ben Davies,wls WAL,DF,Tottenham,31-344,1993,8.0,671,123,349,292,30,8,671,1,1,100.0,0,0.0,380,1896,1098,6,5,0,2,0,445,4,Matches,2024-2025
120,Leif Davis,eng ENG,DF,Ipswich Town,25-081,2000,27.3,1415,108,495,468,471,36,1415,37,13,35.1,17,45.9,642,3504,1900,47,27,10,35,14,753,117,Matches,2024-2025
121,Craig Dawson,eng ENG,DF,Wolves,34-332,1990,10.8,671,130,396,249,28,14,671,5,1,20.0,2,40.0,390,1819,938,6,1,0,2,0,443,5,Matches,2024-2025
122,Kevin De Bruyne,be BEL,MF,Manchester City,33-279,1991,12.3,941,10,61,315,572,54,941,24,10,41.7,11,45.8,539,2756,1472,38,35,15,19,20,709,105,Matches,2024-2025
123,Liam Delap,eng ENG,FW,Ipswich Town,22-054,2003,24.9,589,26,67,247,290,81,587,72,33,45.8,31,43.1,390,2839,1322,55,39,27,88,53,461,97,Matches,2024-2025
124,Sepp van den Berg,nl NED,DF,Brentford,23-104,2001,20.7,1158,207,577,439,144,36,1158,7,4,57.1,3,42.9,486,2273,1130,7,9,0,13,5,639,26,Matches,2024-2025
125,Justin Devenny,nir NIR,MF,Crystal Palace,21-174,2003,3.6,188,6,36,93,64,5,188,4,2,50.0,2,50.0,82,427,198,3,4,1,9,2,112,9,Matches,2024-2025
126,Kiernan Dewsbury-Hall,eng ENG,"MF,FW",Chelsea,26-209,1998,2.2,143,3,20,73,50,5,143,3,1,33.3,2,66.7,76,415,197,5,1,0,1,3,117,9,Matches,2024-2025
127,Amad Diallo,ci CIV,"FW,MF",Manchester Utd,22-266,2002,17.7,1012,13,150,374,504,109,1012,72,36,50.0,32,44.4,656,4482,2294,92,46,52,35,32,714,159,Matches,2024-2025
128,Rúben Dias,pt POR,DF,Manchester City,27-324,1997,17.2,1717,156,560,927,232,18,1717,2,1,50.0,1,50.0,1216,7064,4143,30,47,1,5,1,1397,6,Matches,2024-2025
129,Luis Díaz,co COL,FW,Liverpool,28-080,1997,21.5,983,13,68,347,587,136,983,101,46,45.5,44,43.6,649,4844,2566,93,48,51,48,40,771,239,Matches,2024-2025
130,Tyler Dibling,eng ENG,"FW,MF",Southampton,19-022,2006,17.2,716,17,90,331,312,37,716,97,40,41.2,36,37.1,464,3777,1886,60,42,24,39,43,534,80,Matches,2024-2025
131,Lucas Digne,fr FRA,DF,Aston Villa,31-257,1993,23.9,1423,86,485,435,513,28,1423,18,9,50.0,8,44.4,652,2822,1253,21,14,4,17,15,778,135,Matches,2024-2025
132,Issa Diop,fr FRA,DF,Fulham,28-084,1997,14.9,900,125,497,379,26,13,900,2,1,50.0,1,50.0,533,2426,1215,6,2,0,9,2,616,3,Matches,2024-2025
133,Axel Disasi,fr FRA,DF,Aston Villa,27-023,1998,4.1,268,30,104,142,24,6,268,13,7,53.8,6,46.2,166,971,475,8,7,2,2,2,180,5,Matches,2024-2025
134,Axel Disasi,fr FRA,DF,Chelsea,27-023,1998,4.0,323,17,110,175,40,2,323,1,1,100.0,0,0.0,196,953,519,6,3,0,1,3,242,2,Matches,2024-2025
135,Roman Dixon,eng ENG,DF,Everton,20-098,2004,1.0,36,8,19,14,4,0,36,3,0,0.0,3,100.0,16,107,48,0,0,0,2,0,13,1,Matches,2024-2025
136,Nasser Djiga,bf BFA,DF,Wolves,22-139,2002,0.2,16,2,8,8,0,0,16,0,0,,0,,7,25,0,0,0,0,1,2,7,1,Matches,2024-2025
137,Matt Doherty,ie IRL,DF,Wolves,33-077,1992,18.9,1263,104,485,624,170,24,1263,19,10,52.6,6,31.6,663,3084,1878,28,16,4,11,5,796,39,Matches,2024-2025
138,Jeremy Doku,be BEL,"FW,MF",Manchester City,22-311,2002,13.8,833,3,39,193,623,116,833,163,90,55.2,48,29.4,635,5983,3752,165,77,77,48,50,688,222,Matches,2024-2025
139,Nicolás Domínguez,ar ARG,"MF,FW",Nott'ham Forest,26-279,1998,15.8,890,59,220,466,210,21,890,7,3,42.9,3,42.9,339,1331,623,11,8,2,15,8,490,20,Matches,2024-2025
140,Patrick Dorgu,dk DEN,DF,Manchester Utd,20-159,2004,3.5,244,10,62,86,98,13,244,4,2,50.0,2,50.0,152,856,595,17,8,1,5,2,166,38,Matches,2024-2025
141,Alfie Dorrington,eng ENG,DF,Tottenham,19-348,2005,0.2,16,0,11,5,0,0,16,0,0,,0,,12,61,26,0,0,0,0,0,13,0,Matches,2024-2025
142,Abdoulaye Doucouré,ml MLI,MF,Everton,32-092,1993,22.9,952,29,196,438,332,45,952,33,18,54.5,15,45.5,498,2499,1186,34,21,4,29,29,612,77,Matches,2024-2025
143,Cheick Doucouré,ml MLI,MF,Crystal Palace,25-085,2000,5.0,263,11,56,165,45,4,263,5,2,40.0,2,40.0,133,581,280,2,7,1,4,7,160,7,Matches,2024-2025
144,Flynn Downes,eng ENG,MF,Southampton,26-073,1999,17.9,1046,71,315,559,178,19,1046,12,4,33.3,7,58.3,493,2664,1404,21,16,4,12,16,745,26,Matches,2024-2025
145,Tommy Doyle,eng ENG,MF,Wolves,23-168,2001,5.4,463,22,128,258,80,4,463,9,5,55.6,1,11.1,260,1417,578,6,3,0,9,4,303,4,Matches,2024-2025
146,Radu Drăgușin,ro ROU,DF,Tottenham,23-059,2002,13.9,961,148,510,430,30,12,961,2,0,0.0,0,0.0,623,3349,1666,7,3,0,8,2,669,2,Matches,2024-2025
147,Martin Dúbravka,sk SVK,GK,Newcastle Utd,36-078,1989,10.0,350,262,337,14,0,0,350,0,0,,0,,202,1043,643,0,0,0,0,0,175,0,Matches,2024-2025
148,Lewis Dunk,eng ENG,DF,Brighton,33-133,1991,18.1,1675,210,813,785,87,16,1675,1,0,0.0,1,100.0,1026,4873,2677,18,16,0,5,3,1225,3,Matches,2024-2025
149,Jáder Durán,co COL,FW,Aston Villa,21-111,2003,7.1,263,13,36,110,122,47,263,14,3,21.4,9,64.3,133,535,267,7,7,2,16,15,192,44,Matches,2024-2025
150,Ederson,br BRA,GK,Manchester City,31-229,1993,20.0,776,538,767,9,0,0,776,0,0,,0,,521,2430,1538,0,0,0,1,0,496,0,Matches,2024-2025
151,George Edmundson,eng ENG,DF,Ipswich Town,27-215,1997,0.0,3,1,3,0,0,0,3,0,0,,0,,1,2,0,0,0,0,0,0,1,0,Matches,2024-2025
152,Odsonne Édouard,fr FRA,"MF,FW",Crystal Palace,27-077,1998,1.3,45,1,4,23,18,8,45,1,0,0.0,1,100.0,23,107,50,2,1,2,4,1,26,7,Matches,2024-2025
153,Odsonne Édouard,fr FRA,FW,Leicester City,27-077,1998,0.3,20,1,2,7,11,6,20,2,1,50.0,1,50.0,11,25,2,0,0,1,7,2,13,2,Matches,2024-2025
154,Samuel Edozie,eng ENG,"DF,FW",Southampton,22-065,2003,0.7,43,0,0,7,36,10,43,4,2,50.0,2,50.0,34,336,197,6,2,4,4,0,39,23,Matches,2024-2025
155,Ronnie Edwards,eng ENG,DF,Southampton,22-006,2003,0.1,6,3,4,2,0,0,6,0,0,,0,,3,10,0,0,0,0,0,0,5,0,Matches,2024-2025
156,Anthony Elanga,se SWE,"FW,MF",Nott'ham Forest,22-341,2002,21.4,851,29,121,237,508,83,851,69,22,31.9,30,43.5,446,3480,1984,78,39,34,62,32,559,156,Matches,2024-2025
157,Harvey Elliott,eng ENG,"MF,FW",Liverpool,21-364,2003,1.4,156,1,14,62,81,10,156,4,2,50.0,2,50.0,91,436,232,7,5,5,2,1,115,14,Matches,2024-2025
158,Yunus Emre Konak,tr TUR,"FW,MF",Brentford,19-083,2006,0.3,39,0,6,20,13,0,39,2,0,0.0,2,100.0,13,57,36,1,0,1,2,3,21,1,Matches,2024-2025
159,Julio Enciso,py PAR,"MF,FW",Ipswich Town,21-070,2004,3.8,187,1,20,95,78,8,187,23,14,60.9,9,39.1,90,671,375,9,11,4,8,16,131,18,Matches,2024-2025
160,Julio Enciso,py PAR,"MF,FW",Brighton,21-070,2004,3.3,202,2,17,72,116,20,202,21,10,47.6,8,38.1,114,678,386,11,10,4,7,9,141,17,Matches,2024-2025
161,Wataru Endo,jp JPN,MF,Liverpool,32-053,1993,1.6,111,4,25,69,18,2,111,1,1,100.0,0,0.0,48,174,47,0,0,1,5,2,71,1,Matches,2024-2025
162,Christian Eriksen,dk DEN,MF,Manchester Utd,33-048,1992,9.0,619,20,124,315,184,11,619,3,0,0.0,3,100.0,349,1255,547,8,8,0,6,4,409,23,Matches,2024-2025
163,Romain Esse,eng ENG,MF,Crystal Palace,19-325,2005,0.1,7,0,1,3,3,2,7,0,0,,0,,3,17,1,0,0,0,0,0,4,2,Matches,2024-2025
164,Pervis Estupiñán,ec ECU,DF,Brighton,27-072,1998,19.8,1414,61,358,692,378,23,1414,26,12,46.2,13,50.0,727,3499,1889,45,36,7,24,21,854,92,Matches,2024-2025
165,Evanilson,br BRA,FW,Bournemouth,25-179,1999,18.2,390,15,30,146,216,98,389,19,6,31.6,7,36.8,238,1271,596,23,12,13,28,18,277,75,Matches,2024-2025
166,Jonny Evans,nir NIR,DF,Manchester Utd,37-090,1988,3.2,223,30,125,91,11,2,223,1,1,100.0,0,0.0,128,498,183,1,0,0,1,0,137,2,Matches,2024-2025
167,Eberechi Eze,eng ENG,"MF,FW",Crystal Palace,26-278,1998,22.4,1171,13,148,547,504,77,1171,110,52,47.3,53,48.2,697,4284,1970,58,39,20,42,38,767,133,Matches,2024-2025
168,Łukasz Fabiański,pl POL,GK,West Ham,39-350,1985,11.9,488,382,483,5,0,0,488,2,2,100.0,0,0.0,258,1371,845,0,0,0,0,0,227,0,Matches,2024-2025
169,Wout Faes,be BEL,DF,Leicester City,27-000,1998,24.3,1468,242,707,705,63,24,1468,4,3,75.0,1,25.0,827,3860,2283,11,11,1,14,3,952,1,Matches,2024-2025
170,Abdul Fatawu Issahaku,gh GHA,FW,Leicester City,21-026,2004,6.4,326,19,73,114,157,26,326,69,29,42.0,28,40.6,217,1869,1055,42,24,15,18,12,216,60,Matches,2024-2025
171,João Félix,pt POR,"FW,MF",Chelsea,25-144,1999,4.1,272,2,26,128,125,30,272,31,10,32.3,14,45.2,193,1248,712,21,13,5,6,4,218,30,Matches,2024-2025
172,Evan Ferguson,ie IRL,FW,West Ham,20-166,2004,1.6,60,1,6,25,29,10,60,5,3,60.0,2,40.0,31,124,41,1,1,1,8,5,40,6,Matches,2024-2025
173,Evan Ferguson,ie IRL,FW,Brighton,20-166,2004,2.7,88,7,13,50,26,9,88,2,1,50.0,1,50.0,42,183,56,2,1,2,5,6,52,9,Matches,2024-2025
174,Bruno Fernandes,pt POR,MF,Manchester Utd,30-207,1994,27.4,2125,52,350,1007,789,67,2122,55,22,40.0,28,50.9,1232,5796,3071,59,51,9,34,31,1485,110,Matches,2024-2025
175,Mateus Fernandes,pt POR,MF,Southampton,20-267,2004,24.8,1360,48,292,673,426,41,1360,87,41,47.1,39,44.8,700,4535,2471,65,54,8,40,27,841,81,Matches,2024-2025
176,Enzo Fernández,ar ARG,MF,Chelsea,24-076,2001,23.8,1705,29,273,873,569,63,1705,40,20,50.0,13,32.5,913,4085,2006,42,40,6,22,25,1242,85,Matches,2024-2025
177,Mark Flekken,nl NED,GK,Brentford,31-294,1993,28.4,1461,1139,1418,48,0,0,1461,1,1,100.0,0,0.0,898,4533,2574,0,0,0,2,0,827,0,Matches,2024-2025
178,Phil Foden,eng ENG,"MF,FW",Manchester City,24-310,2000,18.1,1049,13,80,363,615,78,1049,37,13,35.1,19,51.4,666,3419,1643,46,29,15,35,27,822,116,Matches,2024-2025
179,Wesley Fofana,fr FRA,DF,Chelsea,24-107,2000,13.0,933,81,370,523,55,10,933,15,8,53.3,3,20.0,557,3149,1614,19,12,1,16,5,665,4,Matches,2024-2025
180,Carlos Forbs,pt POR,"MF,FW",Wolves,21-015,2004,2.6,117,3,20,38,60,13,117,12,7,58.3,5,41.7,72,435,297,9,3,8,7,4,82,28,Matches,2024-2025
181,Fraser Forster,eng ENG,GK,Tottenham,37-017,1988,7.0,228,212,228,0,0,0,228,1,1,100.0,0,0.0,113,501,264,0,0,0,1,0,94,0,Matches,2024-2025
182,Matheus França,br BRA,DF,Crystal Palace,21-002,2004,0.2,8,0,0,3,5,2,8,0,0,,0,,6,28,15,1,0,1,1,0,6,2,Matches,2024-2025
183,Ryan Fraser,sct SCO,"FW,DF",Southampton,31-038,1994,3.4,131,12,45,50,37,3,131,3,2,66.7,1,33.3,74,492,252,10,5,2,4,2,94,18,Matches,2024-2025
184,Niclas Füllkrug,de GER,FW,West Ham,32-053,1993,4.6,127,7,9,66,52,23,127,3,0,0.0,3,100.0,43,152,76,3,2,2,11,3,91,12,Matches,2024-2025
185,Cody Gakpo,nl NED,FW,Liverpool,25-331,1999,15.7,667,19,63,196,421,77,667,43,26,60.5,13,30.2,448,3093,1533,38,23,17,32,15,506,212,Matches,2024-2025
186,Idrissa Gana Gueye,sn SEN,MF,Everton,35-189,1989,26.2,1387,59,338,789,266,18,1387,28,13,46.4,14,50.0,644,2910,1250,18,21,4,25,30,801,20,Matches,2024-2025
187,Andrés García,es ESP,"DF,MF",Aston Villa,22-055,2003,3.0,208,6,30,86,93,2,208,16,5,31.3,10,62.5,124,982,538,22,12,2,8,6,133,19,Matches,2024-2025
188,Alejandro Garnacho,ar ARG,"MF,FW",Manchester Utd,20-276,2004,19.2,910,13,105,298,521,134,910,70,20,28.6,44,62.9,661,4975,2512,108,56,54,48,40,693,234,Matches,2024-2025
189,James Garner,eng ENG,"MF,DF",Everton,24-021,2001,10.4,549,26,140,261,154,8,549,14,5,35.7,9,64.3,251,1013,342,7,9,1,8,6,278,17,Matches,2024-2025
190,Tyrique George,eng ENG,FW,Chelsea,19-058,2006,1.0,51,0,9,12,31,8,51,4,3,75.0,1,25.0,36,342,206,9,1,5,1,0,41,16,Matches,2024-2025
191,Morgan Gibbs-White,eng ENG,MF,Nott'ham Forest,25-066,2000,23.4,1255,27,152,616,508,80,1255,67,28,41.8,31,46.3,712,4079,2091,58,43,12,60,34,948,104,Matches,2024-2025
192,Billy Gilmour,sct SCO,MF,Brighton,23-296,2001,1.1,73,2,14,46,13,0,73,2,1,50.0,1,50.0,44,210,117,2,0,0,0,0,58,2,Matches,2024-2025
193,Ben Godfrey,eng ENG,DF,Ipswich Town,27-078,1998,1.2,63,3,22,32,9,1,63,0,0,,0,,33,202,79,2,2,0,2,1,40,1,Matches,2024-2025
194,Martial Godo,eng ENG,FW,Fulham,22-020,2003,0.2,11,0,1,4,6,3,11,2,0,0.0,2,100.0,8,48,18,0,0,0,0,0,6,3,Matches,2024-2025
195,João Gomes,br BRA,MF,Wolves,24-050,2001,26.0,1544,55,331,853,378,34,1544,44,20,45.5,18,40.9,781,4561,2209,44,40,5,31,42,1019,58,Matches,2024-2025
196,Rodrigo Gomes,pt POR,"DF,FW",Wolves,21-270,2003,6.3,297,22,70,105,125,22,297,11,3,27.3,6,54.5,147,982,586,17,11,7,14,6,173,57,Matches,2024-2025
197,Toti Gomes,pt POR,DF,Wolves,26-077,1999,21.0,1441,180,686,696,76,12,1441,22,15,68.2,5,22.7,817,4071,2204,18,14,0,16,12,958,12,Matches,2024-2025
198,Diego Gómez,py PAR,MF,Brighton,22-007,2003,3.6,259,13,60,140,61,5,259,10,5,50.0,5,50.0,119,453,216,5,2,0,5,6,154,10,Matches,2024-2025
199,Joe Gomez,eng ENG,DF,Liverpool,27-315,1997,5.8,481,54,183,264,37,5,481,0,0,,0,,303,1638,947,5,2,1,1,2,335,2,Matches,2024-2025
200,Nicolás González,es ESP,MF,Manchester City,23-090,2002,5.3,461,10,65,287,110,7,461,4,1,25.0,2,50.0,286,1177,456,5,6,1,6,5,353,8,Matches,2024-2025
201,Anthony Gordon,eng ENG,FW,Newcastle Utd,24-038,2001,23.4,1100,16,110,413,595,122,1098,93,35,37.6,42,45.2,710,5230,2813,104,52,54,28,34,787,187,Matches,2024-2025
202,Ryan Gravenberch,nl NED,MF,Liverpool,22-322,2002,28.5,1906,97,394,1115,422,22,1906,62,30,48.4,23,37.1,1146,6010,3018,55,61,8,41,19,1369,48,Matches,2024-2025
203,Archie Gray,eng ENG,"DF,MF",Tottenham,19-022,2006,13.8,1039,133,523,468,57,1,1039,8,4,50.0,3,37.5,737,3334,1383,4,5,0,6,8,792,7,Matches,2024-2025
204,Jack Grealish,eng ENG,"FW,MF",Manchester City,29-205,1995,7.8,503,13,37,152,318,70,503,26,13,50.0,9,34.6,363,2797,1699,68,21,46,9,15,409,118,Matches,2024-2025
205,Jacob Greaves,eng ENG,DF,Ipswich Town,24-203,2000,18.5,1064,222,582,426,60,15,1064,2,1,50.0,1,50.0,503,2156,909,6,8,0,7,2,673,4,Matches,2024-2025
206,Brajan Gruda,de GER,"FW,MF",Brighton,20-307,2004,5.2,229,4,29,76,125,27,229,19,7,36.8,8,42.1,133,957,436,15,16,9,7,20,150,44,Matches,2024-2025
207,Albert Grønbaek,dk DEN,"FW,MF",Southampton,23-315,2001,1.6,38,2,9,14,15,2,38,4,0,0.0,4,100.0,18,79,15,1,0,1,5,4,21,3,Matches,2024-2025
208,Gonçalo Guedes,pt POR,"MF,FW",Wolves,28-125,1996,8.6,366,4,42,161,176,28,366,20,5,25.0,11,55.0,223,1693,878,31,19,5,33,14,247,58,Matches,2024-2025
209,Marc Guéhi,eng ENG,DF,Crystal Palace,24-264,2000,28.0,1770,262,900,769,111,24,1770,14,11,78.6,2,14.3,931,4714,2461,17,14,1,14,12,1085,8,Matches,2024-2025
210,Luis Guilherme,br BRA,"MF,FW",West Ham,19-053,2006,1.1,57,3,14,21,22,2,57,4,0,0.0,2,50.0,26,175,77,1,2,1,1,0,36,8,Matches,2024-2025
211,Bruno Guimarães,br BRA,MF,Newcastle Utd,27-138,1997,27.9,1700,64,370,883,465,49,1700,61,26,42.6,19,31.1,1118,6183,2691,43,35,7,46,68,1275,68,Matches,2024-2025
212,Marc Guiu,es ESP,FW,Chelsea,19-089,2006,0.8,22,0,2,8,12,3,22,1,0,0.0,1,100.0,12,30,8,0,0,0,2,0,12,3,Matches,2024-2025
213,İlkay Gündoğan,de GER,MF,Manchester City,34-161,1990,18.0,1447,34,218,701,548,49,1447,25,13,52.0,7,28.0,857,4757,2271,42,44,7,19,15,1130,66,Matches,2024-2025
214,Malo Gusto,fr FRA,DF,Chelsea,21-319,2003,17.2,1339,46,331,650,367,36,1339,12,3,25.0,9,75.0,728,3674,1832,39,31,5,13,14,894,73,Matches,2024-2025
215,Joško Gvardiol,hr CRO,DF,Manchester City,23-070,2002,28.4,2424,100,580,1159,706,81,2424,38,22,57.9,13,34.2,1553,8045,4439,73,88,13,21,15,1768,95,Matches,2024-2025
216,Erling Haaland,no NOR,FW,Manchester City,24-256,2000,27.6,578,22,39,200,344,170,575,32,11,34.4,19,59.4,272,1310,478,19,14,19,39,25,427,103,Matches,2024-2025
217,Lewis Hall,eng ENG,DF,Newcastle Utd,20-207,2004,24.3,1820,95,623,804,414,47,1820,21,11,52.4,7,33.3,950,4398,2358,41,22,13,33,20,1094,80,Matches,2024-2025
218,Ali Al Hamadi,iq IRQ,FW,Ipswich Town,23-033,2002,1.5,53,2,6,20,30,9,53,7,4,57.1,3,42.9,29,187,111,4,3,4,7,4,36,14,Matches,2024-2025
219,Marcus Harness,eng ENG,MF,Ipswich Town,29-038,1996,0.5,22,4,7,2,13,3,22,1,0,0.0,1,100.0,9,49,14,0,0,0,0,0,9,1,Matches,2024-2025
220,Jack Harrison,eng ENG,FW,Everton,28-134,1996,17.5,703,27,125,242,343,57,703,62,20,32.3,36,58.1,396,2242,1165,48,24,14,39,34,456,91,Matches,2024-2025
221,Taylor Harwood-Bellis,eng ENG,DF,Southampton,23-063,2002,24.6,2025,268,940,946,148,34,2025,3,3,100.0,0,0.0,1164,5345,3106,26,26,0,12,5,1476,8,Matches,2024-2025
222,Kai Havertz,de GER,"FW,MF",Arsenal,25-296,1999,20.4,768,31,88,282,403,103,768,38,9,23.7,24,63.2,411,1957,922,34,23,18,42,22,575,110,Matches,2024-2025
223,Ayden Heaven,eng ENG,DF,Manchester Utd,18-193,2006,1.1,67,21,42,23,3,1,67,2,2,100.0,0,0.0,42,245,122,1,1,0,2,1,40,1,Matches,2024-2025
224,Jan Paul van Hecke,nl NED,DF,Brighton,24-299,2000,26.9,2117,223,912,1088,135,27,2117,9,4,44.4,4,44.4,1389,8609,5897,47,39,0,10,7,1477,5,Matches,2024-2025
225,Hwang Hee-chan,kr KOR,"MF,FW",Wolves,29-067,1996,7.1,254,9,39,97,120,22,254,11,1,9.1,10,90.9,146,913,416,14,5,7,12,10,168,40,Matches,2024-2025
226,Dean Henderson,eng ENG,GK,Crystal Palace,28-022,1997,29.0,1002,818,999,2,1,1,1002,0,0,,0,,573,3427,1577,0,0,0,2,0,444,0,Matches,2024-2025
227,Rico Henry,eng ENG,DF,Brentford,27-269,1997,0.0,6,0,4,1,1,0,6,0,0,,0,,2,5,0,0,0,0,0,0,2,1,Matches,2024-2025
228,Mads Hermansen,dk DEN,GK,Leicester City,24-266,2000,22.5,946,682,909,39,0,0,946,1,1,100.0,0,0.0,586,2962,1562,0,0,0,1,0,508,0,Matches,2024-2025
229,Son Heung-min,kr KOR,FW,Tottenham,32-269,1992,20.6,1014,14,103,321,600,110,1012,76,28,36.8,37,48.7,678,4179,2131,81,43,36,25,26,781,233,Matches,2024-2025
230,James Hill,eng ENG,DF,Bournemouth,23-083,2002,4.7,296,18,93,155,49,8,296,2,1,50.0,1,50.0,139,515,274,2,5,0,2,0,171,8,Matches,2024-2025
231,Jack Hinshelwood,eng ENG,"DF,MF",Brighton,19-357,2005,14.7,866,41,257,394,220,19,866,7,1,14.3,6,85.7,384,1671,830,14,13,1,15,2,523,35,Matches,2024-2025
232,George Hirst,sct SCO,FW,Ipswich Town,26-047,1999,3.2,110,6,16,35,60,17,110,3,2,66.7,1,33.3,61,295,101,5,1,5,14,8,90,21,Matches,2024-2025
233,Mason Holgate,eng ENG,"FW,DF",Everton,28-163,1996,0.1,3,0,0,2,1,0,3,0,0,,0,,1,0,0,0,0,0,1,0,1,0,Matches,2024-2025
234,Callum Hudson-Odoi,eng ENG,"FW,MF",Nott'ham Forest,24-147,2000,21.0,886,14,99,269,540,62,886,54,30,55.6,16,29.6,552,4531,2868,107,52,37,42,22,672,170,Matches,2024-2025
235,Will Hughes,eng ENG,MF,Crystal Palace,29-351,1995,18.2,967,33,212,508,259,14,967,11,3,27.3,5,45.5,432,2295,1070,18,22,1,16,22,547,24,Matches,2024-2025
236,Dean Huijsen,es ESP,DF,Bournemouth,19-354,2005,19.8,1426,189,669,675,90,24,1426,4,2,50.0,2,50.0,756,4411,2729,29,12,0,14,2,862,7,Matches,2024-2025
237,Omari Hutchinson,eng ENG,"MF,FW",Ipswich Town,21-155,2003,24.7,1061,12,168,450,463,74,1061,114,45,39.5,54,47.4,645,4832,2288,71,35,30,68,55,748,131,Matches,2024-2025
238,Rasmus Højlund,dk DEN,FW,Manchester Utd,22-058,2003,16.4,383,4,20,192,177,50,383,25,7,28.0,16,64.0,239,1176,505,23,11,13,55,25,303,76,Matches,2024-2025
239,Igor,br BRA,DF,Brighton,27-055,1998,10.0,764,109,377,353,38,1,764,4,3,75.0,1,25.0,497,2837,1782,9,14,0,1,0,568,0,Matches,2024-2025
240,Danny Ings,eng ENG,"FW,MF",West Ham,32-254,1992,3.2,139,2,15,51,73,27,139,7,4,57.1,2,28.6,63,324,118,6,0,2,6,6,96,29,Matches,2024-2025
241,Tim Iroegbunam,eng ENG,MF,Everton,21-277,2003,5.4,229,17,71,110,54,12,229,17,8,47.1,6,35.3,111,650,331,7,9,2,8,15,101,9,Matches,2024-2025
242,Andy Irving,sct SCO,MF,West Ham,24-325,2000,1.8,150,7,37,89,24,0,150,1,1,100.0,0,0.0,73,305,137,0,1,0,1,3,104,4,Matches,2024-2025
243,Alexander Isak,se SWE,FW,Newcastle Utd,25-194,1999,23.5,816,18,50,305,473,147,814,79,39,49.4,39,49.4,493,3029,1536,67,36,38,55,48,576,169,Matches,2024-2025
244,Alex Iwobi,ng NGA,"FW,MF",Fulham,28-335,1996,26.5,1490,29,204,598,712,96,1490,79,40,50.6,35,44.3,1063,6376,3486,114,88,33,51,35,1168,199,Matches,2024-2025
245,Nicolas Jackson,sn SEN,FW,Chelsea,23-287,2001,19.3,544,19,41,226,285,115,544,50,17,34.0,25,50.0,325,2069,1117,41,21,26,52,33,396,94,Matches,2024-2025
246,Reece James,eng ENG,"DF,MF",Chelsea,25-116,1999,7.6,623,26,176,345,106,2,623,14,6,42.9,4,28.6,321,1306,622,5,4,0,5,3,402,7,Matches,2024-2025
247,Vitaly Janelt,de GER,MF,Brentford,26-328,1998,24.0,1243,115,395,561,295,30,1243,11,3,27.3,6,54.5,635,2967,1256,17,17,3,16,10,790,36,Matches,2024-2025
248,Vitezslav Jaros,cz CZE,GK,Liverpool,23-254,2001,0.1,8,5,8,0,0,0,8,0,0,,0,,7,29,8,0,0,0,0,0,5,0,Matches,2024-2025
249,Daniel Jebbison,eng ENG,FW,Bournemouth,21-233,2003,0.8,51,2,4,21,26,9,51,4,3,75.0,1,25.0,33,191,82,2,1,3,11,4,37,11,Matches,2024-2025
250,Mathias Jensen,dk DEN,MF,Brentford,29-092,1996,8.2,480,20,106,200,176,9,480,14,8,57.1,4,28.6,261,1121,527,6,8,0,7,6,299,25,Matches,2024-2025
251,Gabriel Jesus,br BRA,FW,Arsenal,28-000,1997,6.8,299,9,28,108,165,48,299,22,9,40.9,10,45.5,179,953,432,15,6,11,13,13,217,57,Matches,2024-2025
252,Raúl Jiménez,mx MEX,FW,Fulham,33-333,1991,21.2,785,28,93,339,364,135,782,43,18,41.9,22,51.2,442,1996,881,30,16,16,51,38,574,107,Matches,2024-2025
253,Kim Jisoo,kr KOR,DF,Brentford,20-100,2004,0.3,30,1,15,12,3,0,30,0,0,,0,,15,57,22,0,0,0,0,1,22,0,Matches,2024-2025
254,João Pedro,br BRA,"FW,MF",Brighton,23-189,2001,19.7,836,10,50,344,453,111,833,72,25,34.7,39,54.2,543,3344,1571,60,32,29,67,35,660,115,Matches,2024-2025
255,Joelinton,br BRA,"MF,FW",Newcastle Utd,28-232,1996,23.3,1207,64,242,580,397,74,1207,43,13,30.2,27,62.8,653,3277,1632,37,23,8,35,50,824,100,Matches,2024-2025
256,Ben Johnson,eng ENG,"DF,FW",Ipswich Town,25-069,2000,11.6,516,48,204,182,132,9,516,20,7,35.0,11,55.0,214,1200,500,12,10,2,20,14,240,24,Matches,2024-2025
257,Brennan Johnson,wls WAL,FW,Tottenham,23-315,2001,19.6,713,15,75,245,404,111,713,36,16,44.4,17,47.2,444,2472,1261,52,18,30,21,13,516,169,Matches,2024-2025
258,Sam Johnstone,eng ENG,GK,Wolves,32-009,1993,7.0,306,229,304,2,0,0,306,0,0,,0,,196,1221,756,0,0,0,0,0,179,0,Matches,2024-2025
259,Curtis Jones,eng ENG,"MF,FW",Liverpool,24-063,2001,14.0,885,22,135,470,286,47,885,15,10,66.7,4,26.7,536,2542,1126,16,12,4,19,28,669,59,Matches,2024-2025
260,Jorginho,it ITA,MF,Arsenal,33-104,1991,6.0,396,7,78,228,95,2,396,3,1,33.3,1,33.3,231,1152,660,9,8,0,8,8,290,3,Matches,2024-2025
261,Diogo Jota,pt POR,FW,Liverpool,28-120,1996,10.2,385,4,26,148,218,80,385,28,11,39.3,16,57.1,217,1323,684,33,20,20,31,20,270,76,Matches,2024-2025
262,James Justin,eng ENG,DF,Leicester City,27-039,1998,26.3,1561,124,545,696,329,36,1561,27,8,29.6,12,44.4,679,2855,1403,34,22,4,29,11,851,87,Matches,2024-2025
263,Filip Jørgensen,dk DEN,GK,Chelsea,22-352,2002,6.0,202,174,201,1,0,0,202,0,0,,0,,145,676,423,0,0,0,0,0,139,0,Matches,2024-2025
264,Ferdi Kadioglu,tr TUR,"DF,MF",Brighton,25-178,1999,4.3,231,13,71,91,72,9,231,7,3,42.9,3,42.9,124,479,183,1,0,0,6,2,144,27,Matches,2024-2025
265,Daichi Kamada,jp JPN,MF,Crystal Palace,28-241,1996,11.3,632,14,123,336,177,20,632,9,4,44.4,5,55.6,312,1505,723,18,12,4,12,16,407,42,Matches,2024-2025
266,Boubacar Kamara,fr FRA,MF,Aston Villa,25-131,1999,13.0,811,81,257,466,93,6,811,21,8,38.1,7,33.3,421,2048,970,15,10,1,6,9,543,3,Matches,2024-2025
267,Michael Kayode,it ITA,DF,Brentford,20-267,2004,0.4,32,1,10,9,13,3,32,0,0,,0,,12,69,38,2,1,1,0,0,14,6,Matches,2024-2025
268,Michael Keane,eng ENG,DF,Everton,32-082,1993,9.0,409,78,226,167,18,14,409,1,0,0.0,1,100.0,187,736,234,1,1,0,0,2,236,3,Matches,2024-2025
269,Caoimhín Kelleher,ie IRL,GK,Liverpool,26-131,1998,9.0,350,255,348,2,0,0,350,1,1,100.0,0,0.0,256,953,521,0,0,0,1,0,236,0,Matches,2024-2025
270,Lloyd Kelly,eng ENG,DF,Newcastle Utd,26-179,1998,3.4,215,26,105,94,19,4,215,3,2,66.7,1,33.3,120,474,202,0,2,0,3,2,129,5,Matches,2024-2025
271,Milos Kerkez,hu HUN,DF,Bournemouth,21-147,2003,29.2,1670,91,431,702,557,54,1670,40,17,42.5,13,32.5,834,4693,2719,76,52,13,41,14,902,148,Matches,2024-2025
272,Bilal El Khannouss,ma MAR,MF,Leicester City,20-328,2004,17.6,952,9,128,504,328,25,952,40,24,60.0,15,37.5,535,3129,1418,50,32,7,29,25,640,67,Matches,2024-2025
273,Abdukodir Khusanov,uz UZB,DF,Manchester City,21-033,2004,5.6,445,45,205,211,31,1,445,2,0,0.0,2,100.0,274,1155,435,1,1,0,2,1,332,2,Matches,2024-2025
274,Max Kilman,eng ENG,DF,West Ham,27-315,1997,29.2,1848,358,1018,758,87,28,1848,18,13,72.2,1,5.6,984,4420,2549,26,10,2,13,2,1236,5,Matches,2024-2025
275,Joshua King,eng ENG,"MF,FW",Fulham,18-090,2007,0.9,54,2,8,19,28,7,54,7,4,57.1,3,42.9,22,176,70,1,3,0,1,3,36,9,Matches,2024-2025
276,Antonín Kinský,cz CZE,GK,Tottenham,22-021,2003,4.0,156,134,154,2,0,0,156,0,0,,0,,97,444,267,1,0,0,0,0,98,0,Matches,2024-2025
277,Jakub Kiwior,pl POL,DF,Arsenal,25-047,2000,4.5,254,34,105,139,10,1,254,3,2,66.7,1,33.3,125,469,240,2,0,1,1,0,178,0,Matches,2024-2025
278,Justin Kluivert,nl NED,"MF,FW",Bournemouth,25-333,1999,21.5,879,21,87,295,517,111,873,76,31,40.8,36,47.4,511,3273,1885,64,44,33,44,24,562,132,Matches,2024-2025
279,Ibrahima Konaté,fr FRA,DF,Liverpool,25-313,1999,22.0,1698,189,733,872,97,17,1698,4,2,50.0,1,25.0,1012,4653,2695,20,12,0,6,2,1226,2,Matches,2024-2025
280,Ezri Konsa,eng ENG,DF,Aston Villa,27-162,1997,25.1,1525,186,720,720,92,17,1525,16,7,43.8,7,43.8,891,4520,2246,16,8,2,15,8,1065,11,Matches,2024-2025
281,Mateo Kovačić,hr CRO,MF,Manchester City,30-332,1994,18.7,1601,39,232,896,491,15,1601,34,18,52.9,10,29.4,1065,6305,2918,44,56,3,15,28,1289,14,Matches,2024-2025
282,Caleb Kporha,eng ENG,DF,Crystal Palace,18-262,2006,0.1,11,1,4,2,5,0,11,0,0,,0,,4,46,36,1,1,0,0,2,3,0,Matches,2024-2025
283,Emil Krafth,se SWE,DF,Newcastle Utd,30-244,1994,2.7,108,24,67,33,8,3,108,0,0,,0,,50,169,35,0,1,0,2,1,53,0,Matches,2024-2025
284,Mohammed Kudus,gh GHA,"MF,FW",West Ham,24-244,2000,22.2,983,9,131,404,481,99,983,159,70,44.0,73,45.9,646,4249,2004,79,49,34,57,76,761,167,Matches,2024-2025
285,Dejan Kulusevski,se SWE,"MF,FW",Tottenham,24-343,2000,23.9,1172,20,133,390,673,145,1172,107,35,32.7,64,59.8,766,5793,3065,115,66,37,71,69,834,199,Matches,2024-2025
286,Maxence Lacroix,fr FRA,DF,Crystal Palace,24-362,2000,25.9,1510,266,913,540,64,29,1510,13,8,61.5,3,23.1,811,3821,1773,8,4,0,16,3,892,6,Matches,2024-2025
287,Adam Lallana,eng ENG,MF,Southampton,36-328,1988,4.0,318,19,91,155,73,6,318,12,5,41.7,5,41.7,178,831,366,6,8,0,10,6,245,10,Matches,2024-2025
288,Tariq Lamptey,gh GHA,DF,Brighton,24-185,2000,8.5,489,25,147,208,137,9,489,27,9,33.3,15,55.6,267,1867,893,25,13,2,9,4,276,40,Matches,2024-2025
289,Will Lankshear,eng ENG,"FW,MF",Tottenham,19-348,2005,0.1,3,0,0,2,1,0,3,0,0,,0,,3,3,0,0,0,0,2,0,3,1,Matches,2024-2025
290,Roméo Lavia,be BEL,MF,Chelsea,21-087,2004,6.0,344,12,86,209,53,1,344,12,7,58.3,5,41.7,204,935,407,3,8,0,1,6,249,6,Matches,2024-2025
291,Mario Lemina,ga GAB,"MF,DF",Wolves,31-214,1993,15.2,809,92,324,378,119,18,809,16,10,62.5,4,25.0,382,2068,1038,8,12,2,21,11,482,21,Matches,2024-2025
292,Bernd Leno,de GER,GK,Fulham,33-030,1992,30.0,1188,939,1179,9,0,0,1188,0,0,,0,,784,3082,1724,0,0,0,0,0,711,0,Matches,2024-2025
293,Jefferson Lerma,co COL,MF,Crystal Palace,30-160,1994,18.1,1028,66,277,570,191,23,1028,10,5,50.0,3,30.0,462,1797,806,10,8,0,9,15,597,24,Matches,2024-2025
294,Rico Lewis,eng ENG,"DF,MF",Manchester City,20-133,2004,18.9,1294,47,252,651,404,42,1294,19,8,42.1,10,52.6,748,3818,1967,36,37,8,19,18,921,63,Matches,2024-2025
295,Keane Lewis-Potter,eng ENG,"DF,FW",Brentford,24-040,2001,27.3,1297,80,379,499,433,67,1297,84,31,36.9,45,53.6,683,4997,2626,86,56,33,39,17,770,130,Matches,2024-2025
296,Myles Lewis-Skelly,eng ENG,DF,Arsenal,18-189,2006,9.5,554,13,97,300,166,11,554,16,8,50.0,6,37.5,310,1572,934,21,13,4,7,8,368,24,Matches,2024-2025
297,Matthijs de Ligt,nl NED,DF,Manchester Utd,25-234,1999,23.2,1582,181,811,722,56,29,1582,4,2,50.0,2,50.0,1063,4696,2219,7,3,0,5,3,1141,6,Matches,2024-2025
298,Pedro Lima,br BRA,DF,Wolves,18-276,2006,0.8,48,0,9,12,28,3,48,3,1,33.3,2,66.7,22,120,83,4,3,1,1,0,30,11,Matches,2024-2025
299,Victor Lindelöf,se SWE,DF,Manchester Utd,30-260,1994,2.7,122,23,77,38,7,3,122,0,0,,0,,58,330,150,1,0,0,1,0,69,1,Matches,2024-2025
300,Jesper Lindstrøm,dk DEN,FW,Everton,25-033,2000,13.8,625,22,127,206,303,40,625,43,8,18.6,31,72.1,302,1627,780,30,19,7,31,24,347,81,Matches,2024-2025
301,Valentino Livramento,eng ENG,DF,Newcastle Utd,22-142,2002,22.6,1420,94,489,638,316,18,1420,38,17,44.7,15,39.5,731,4211,2094,50,28,5,20,29,784,74,Matches,2024-2025
302,Sean Longstaff,eng ENG,MF,Newcastle Utd,27-155,1997,8.3,400,19,109,179,115,21,400,6,2,33.3,3,50.0,230,1122,414,4,10,2,8,7,286,20,Matches,2024-2025
303,Saša Lukić,rs SRB,MF,Fulham,28-233,1996,20.0,1177,42,249,681,258,12,1177,13,6,46.2,4,30.8,658,3556,1804,31,33,3,17,7,759,23,Matches,2024-2025
304,Joe Lumley,eng ENG,GK,Southampton,30-047,1995,3.0,164,116,161,3,0,0,164,0,0,,0,,103,476,296,0,0,0,0,0,108,0,Matches,2024-2025
305,Massimo Luongo,au AUS,MF,Ipswich Town,32-190,1992,2.0,72,9,32,24,16,1,72,0,0,,0,,38,140,25,0,0,0,2,3,41,1,Matches,2024-2025
306,Ian Maatsen,nl NED,DF,Aston Villa,23-024,2002,6.9,532,31,138,197,200,28,532,15,7,46.7,8,53.3,283,1591,755,19,12,7,15,14,322,61,Matches,2024-2025
307,Alexis Mac Allister,ar ARG,MF,Liverpool,26-100,1998,24.5,1568,48,245,813,523,49,1568,36,13,36.1,19,52.8,779,3224,1687,30,37,3,24,19,1053,62,Matches,2024-2025
308,James Maddison,eng ENG,MF,Tottenham,28-131,1996,16.9,1276,22,181,584,524,70,1276,67,29,43.3,30,44.8,885,4358,1947,38,36,17,21,20,976,78,Matches,2024-2025
309,Noni Madueke,eng ENG,FW,Chelsea,23-024,2002,16.1,703,13,71,191,453,138,703,69,27,39.1,36,52.2,475,3979,2500,110,39,66,38,23,544,179,Matches,2024-2025
310,Gabriel Magalhães,br BRA,DF,Arsenal,27-105,1997,26.3,1873,189,672,985,225,40,1873,5,4,80.0,1,20.0,1116,4470,2669,10,22,0,9,2,1366,11,Matches,2024-2025
311,Edmond-Paris Maghoma,eng ENG,"MF,FW",Brentford,23-330,2001,1.3,101,2,18,58,27,4,101,4,3,75.0,1,25.0,68,414,221,4,3,1,2,0,75,4,Matches,2024-2025
312,Harry Maguire,eng ENG,DF,Manchester Utd,32-029,1993,15.1,1046,126,519,479,60,35,1046,5,2,40.0,3,60.0,614,3838,1586,6,6,3,6,2,676,6,Matches,2024-2025
313,Kobbie Mainoo,eng ENG,MF,Manchester Utd,19-349,2005,14.3,845,17,165,477,210,30,845,41,20,48.8,19,46.3,526,2343,1032,19,12,9,23,29,598,35,Matches,2024-2025
314,Tyrell Malacia,nl NED,DF,Manchester Utd,25-229,1999,1.1,62,2,20,27,15,0,62,1,1,100.0,0,0.0,37,190,118,3,2,0,1,2,43,6,Matches,2024-2025
315,Donyell Malen,nl NED,FW,Aston Villa,26-084,1999,1.9,72,1,5,21,51,13,72,6,2,33.3,3,50.0,39,311,158,5,3,2,4,5,42,15,Matches,2024-2025
316,Orel Mangala,be BEL,MF,Everton,27-016,1998,14.0,621,22,133,335,157,13,621,24,14,58.3,9,37.5,298,1574,576,6,6,3,12,12,406,19,Matches,2024-2025
317,Ryan Manning,ie IRL,"DF,MF",Southampton,28-293,1996,11.7,692,51,187,278,234,20,692,30,11,36.7,13,43.3,343,1506,736,12,10,4,15,5,409,58,Matches,2024-2025
318,Solly March,eng ENG,"MF,FW",Brighton,30-257,1994,0.4,29,0,4,12,13,2,29,1,1,100.0,0,0.0,7,27,3,0,0,0,1,0,11,1,Matches,2024-2025
319,Omar Marmoush,eg EGY,"MF,FW",Manchester City,26-055,1999,6.3,268,1,15,85,171,29,268,16,4,25.0,9,56.3,168,1024,526,13,12,3,23,6,190,39,Matches,2024-2025
320,Gabriel Martinelli,br BRA,"FW,MF",Arsenal,23-289,2001,18.4,731,12,74,196,473,135,731,96,29,30.2,51,53.1,484,3763,2041,99,27,48,40,30,547,215,Matches,2024-2025
321,Emiliano Martínez,ar ARG,GK,Aston Villa,32-213,1992,28.0,1131,844,1118,13,0,0,1131,1,1,100.0,0,0.0,682,3411,2137,0,0,0,1,0,625,0,Matches,2024-2025
322,Lisandro Martínez,ar ARG,DF,Manchester Utd,27-075,1998,19.5,1524,156,713,697,125,18,1524,7,6,85.7,1,14.3,1017,5141,3129,23,23,2,1,3,1069,7,Matches,2024-2025
323,Pape Matar Sarr,sn SEN,MF,Tottenham,22-201,2002,15.5,1008,31,218,563,245,19,1008,25,11,44.0,12,48.0,637,3756,1613,27,28,4,23,16,712,40,Matches,2024-2025
324,Jean-Philippe Mateta,fr FRA,FW,Crystal Palace,27-279,1997,24.3,626,24,51,298,291,81,624,38,16,42.1,18,47.4,329,1695,810,32,19,7,59,38,458,107,Matches,2024-2025
325,Stephy Mavididi,eng ENG,FW,Leicester City,26-307,1998,15.5,759,21,116,291,367,51,759,84,30,35.7,44,52.4,515,3809,2051,75,34,21,36,34,546,118,Matches,2024-2025
326,Konstantinos Mavropanos,gr GRE,DF,West Ham,27-113,1997,19.5,1293,193,669,572,59,21,1293,16,9,56.3,5,31.3,705,3537,1957,16,10,1,12,0,840,2,Matches,2024-2025
327,Noussair Mazraoui,ma MAR,DF,Manchester Utd,27-140,1997,25.6,1759,129,680,819,284,26,1759,42,23,54.8,16,38.1,970,4556,2373,34,25,3,22,16,1056,44,Matches,2024-2025
328,Bryan Mbeumo,cm CMR,FW,Brentford,25-239,1999,29.9,1398,44,197,446,779,122,1393,83,38,45.8,36,43.4,842,5327,2787,101,58,58,79,37,951,281,Matches,2024-2025
329,James Mcatee,eng ENG,"MF,FW",Manchester City,22-167,2002,1.6,92,1,11,43,39,9,92,5,1,20.0,4,80.0,54,302,157,5,4,0,2,1,68,12,Matches,2024-2025
330,Kasey McAteer,ie IRL,"FW,MF",Leicester City,23-132,2001,4.4,200,15,47,77,82,16,200,9,1,11.1,5,55.6,116,795,387,13,8,6,6,4,132,36,Matches,2024-2025
331,Alex McCarthy,eng ENG,GK,Southampton,35-121,1989,5.0,173,141,173,0,0,0,173,0,0,,0,,100,452,276,0,0,0,0,0,88,0,Matches,2024-2025
332,John McGinn,sct SCO,"MF,FW",Aston Villa,30-167,1994,20.7,903,22,142,492,278,44,903,40,16,40.0,12,30.0,500,2476,1057,27,15,5,30,23,640,66,Matches,2024-2025
333,Dwight McNeil,eng ENG,"MF,FW",Everton,25-132,1999,12.7,619,2,61,267,305,18,619,37,20,54.1,16,43.2,360,2227,931,31,28,4,22,24,417,65,Matches,2024-2025
334,Scott McTominay,sct SCO,MF,Manchester Utd,28-116,1996,0.2,14,1,3,8,3,1,14,1,0,0.0,1,100.0,10,68,44,0,0,0,1,1,9,2,Matches,2024-2025
335,Ben Mee,eng ENG,DF,Brentford,35-194,1989,2.0,138,18,66,62,11,3,138,0,0,,0,,78,404,274,3,1,1,0,0,86,2,Matches,2024-2025
336,Jayden Meghoma,eng ENG,DF,Brentford,18-279,2006,0.1,3,1,2,0,1,0,3,0,0,,0,,1,1,0,0,0,0,0,0,2,0,Matches,2024-2025
337,Mikel Merino,es ESP,"MF,FW",Arsenal,28-285,1996,13.8,620,30,111,262,256,64,620,13,6,46.2,5,38.5,309,1131,539,8,11,4,20,20,409,75,Matches,2024-2025
338,Shumaira Mheuka,eng ENG,MF,Chelsea,17-165,2007,0.0,2,0,0,0,2,1,2,0,0,,0,,1,0,0,0,0,0,0,0,2,0,Matches,2024-2025
339,Nikola Milenković,rs SRB,DF,Nott'ham Forest,27-173,1997,29.0,1065,197,576,418,75,57,1065,1,1,100.0,0,0.0,407,1768,833,3,3,2,1,2,539,5,Matches,2024-2025
340,Lewis Miley,eng ENG,MF,Newcastle Utd,18-337,2006,2.1,157,5,33,90,35,5,157,2,0,0.0,1,50.0,77,400,158,1,0,0,4,0,112,4,Matches,2024-2025
341,James Milner,eng ENG,MF,Brighton,39-089,1986,1.9,92,3,13,48,31,4,92,1,1,100.0,0,0.0,46,223,97,1,1,0,0,0,58,10,Matches,2024-2025
342,Tyrone Mings,eng ENG,DF,Aston Villa,32-021,1993,8.7,599,103,312,255,36,11,599,2,2,100.0,0,0.0,372,1971,988,3,11,0,3,1,418,0,Matches,2024-2025
343,Yankuba Minteh,gm GAM,"FW,MF",Brighton,20-255,2004,14.1,578,23,105,162,328,99,578,76,37,48.7,32,42.1,315,2352,1428,57,15,44,37,16,323,136,Matches,2024-2025
344,Tyrick Mitchell,eng ENG,DF,Crystal Palace,25-214,1999,27.3,1422,90,481,553,402,38,1422,28,12,42.9,13,46.4,664,3103,1404,50,30,8,33,25,741,140,Matches,2024-2025
345,Kaoru Mitoma,jp JPN,"FW,MF",Brighton,27-318,1997,26.7,1234,14,138,429,692,149,1234,123,47,38.2,71,57.7,741,6041,3508,133,72,53,47,21,865,267,Matches,2024-2025
346,Jakub Moder,pl POL,MF,Brighton,25-361,1999,0.1,27,2,7,12,9,1,27,0,0,,0,,13,93,62,2,3,0,0,0,14,0,Matches,2024-2025
347,Mikey Moore,eng ENG,"FW,MF",Tottenham,17-235,2007,2.1,96,1,10,22,65,12,96,11,1,9.1,9,81.8,68,521,239,9,3,4,6,4,73,30,Matches,2024-2025
348,Morato,br BRA,DF,Nott'ham Forest,23-277,2001,7.6,344,75,217,112,17,2,344,1,1,100.0,0,0.0,113,559,252,0,2,0,6,2,140,1,Matches,2024-2025
349,Álex Moreno,es ESP,"DF,MF",Nott'ham Forest,31-299,1993,9.6,502,55,183,186,144,8,502,20,8,40.0,7,35.0,211,1380,821,25,16,4,13,5,232,32,Matches,2024-2025
350,Sam Morsy,eg EGY,MF,Ipswich Town,33-205,1991,22.9,1310,66,378,753,192,4,1310,17,11,64.7,5,29.4,684,3603,1524,13,19,1,13,9,897,9,Matches,2024-2025
351,Yerson Mosquera,co COL,DF,Wolves,23-336,2001,4.9,294,43,170,115,12,7,294,0,0,,0,,168,683,322,0,1,0,4,1,182,0,Matches,2024-2025
352,Mason Mount,eng ENG,"MF,FW",Manchester Utd,26-083,1999,2.9,125,1,18,66,41,7,125,4,0,0.0,3,75.0,78,355,128,3,3,0,4,4,90,7,Matches,2024-2025
353,Divin Mubama,eng ENG,FW,Manchester City,20-160,2004,0.3,5,0,0,2,3,1,5,0,0,,0,,2,14,0,0,0,0,0,1,3,0,Matches,2024-2025
354,Mykhailo Mudryk,ua UKR,FW,Chelsea,24-088,2001,1.7,62,3,12,15,38,6,62,8,3,37.5,5,62.5,39,468,227,7,8,0,3,7,42,12,Matches,2024-2025
355,Marshall Munetsi,zw ZIM,"MF,FW",Wolves,28-285,1996,4.8,143,6,18,82,43,13,143,1,0,0.0,1,100.0,61,195,74,2,0,2,15,3,80,16,Matches,2024-2025
356,Rodrigo Muniz,br BRA,FW,Fulham,23-334,2001,9.3,283,12,25,145,117,49,283,15,5,33.3,7,46.7,142,586,159,4,4,1,42,20,214,30,Matches,2024-2025
357,Daniel Muñoz,co COL,DF,Crystal Palace,28-312,1996,26.9,1536,94,429,632,490,77,1536,45,17,37.8,26,57.8,597,2975,1205,38,24,11,43,15,732,164,Matches,2024-2025
358,Arijanet Muric,xk KVX,GK,Ipswich Town,26-147,1998,18.0,689,559,672,18,0,0,689,0,0,,0,,405,2088,1178,0,0,0,3,1,321,0,Matches,2024-2025
359,Murillo,br BRA,DF,Nott'ham Forest,22-273,2002,28.5,1475,337,758,647,84,17,1475,30,25,83.3,5,16.7,625,3204,1883,15,22,1,16,9,734,4,Matches,2024-2025
360,Jacob Murphy,eng ENG,FW,Newcastle Utd,30-038,1995,19.4,921,13,138,353,439,64,921,48,23,47.9,23,47.9,548,3249,1703,58,26,21,24,31,662,157,Matches,2024-2025
361,Vitaliy Mykolenko,ua UKR,DF,Everton,25-309,1999,27.2,1311,103,421,559,341,22,1311,16,5,31.3,8,50.0,525,2115,1178,27,21,1,18,8,645,69,Matches,2024-2025
362,Iliman Ndiaye,sn SEN,FW,Everton,25-028,2000,21.1,848,30,179,350,366,65,847,123,58,47.2,56,45.5,487,3934,1981,72,37,27,43,36,514,96,Matches,2024-2025
363,Wilfred Ndidi,ng NGA,MF,Leicester City,28-108,1996,19.3,1040,102,357,490,201,47,1040,25,12,48.0,12,48.0,485,2008,818,13,17,2,28,25,606,67,Matches,2024-2025
364,Kosta Nedeljković,rs SRB,DF,Aston Villa,19-108,2005,1.4,66,4,15,32,19,0,66,2,1,50.0,1,50.0,27,101,33,1,0,0,1,0,32,0,Matches,2024-2025
365,Reiss Nelson,eng ENG,FW,Arsenal,25-114,1999,0.0,2,0,1,1,0,0,2,0,0,,0,,1,4,4,0,0,0,0,0,1,0,Matches,2024-2025
366,Reiss Nelson,eng ENG,FW,Fulham,25-114,1999,5.4,347,5,30,110,212,35,347,35,13,37.1,13,37.1,259,1956,960,45,25,21,14,8,274,63,Matches,2024-2025
367,Neto,br BRA,GK,Bournemouth,35-258,1989,2.0,70,60,70,0,0,0,70,0,0,,0,,35,148,99,0,0,0,0,0,28,0,Matches,2024-2025
368,Pedro Neto,pt POR,FW,Chelsea,25-025,2000,17.0,767,6,70,235,473,82,767,78,24,30.8,36,46.2,502,4283,2211,91,43,35,31,21,563,147,Matches,2024-2025
369,Eddie Nketiah,eng ENG,"FW,MF",Crystal Palace,25-308,1999,8.2,313,7,32,127,159,52,313,16,8,50.0,6,37.5,180,1337,715,32,18,12,25,13,221,59,Matches,2024-2025
370,Christopher Nkunku,fr FRA,FW,Chelsea,27-140,1997,9.7,428,10,50,171,209,50,428,25,9,36.0,13,52.0,264,1296,580,16,14,12,16,14,336,64,Matches,2024-2025
371,Matheus Nunes,pt POR,"DF,MF",Manchester City,26-219,1998,12.6,943,27,167,340,440,50,943,29,13,44.8,12,41.4,593,3168,1609,45,17,21,22,8,685,134,Matches,2024-2025
372,Darwin Núñez,uy URU,FW,Liverpool,25-283,1999,11.0,318,10,42,106,180,60,318,21,8,38.1,12,57.1,171,956,487,20,16,10,21,17,209,67,Matches,2024-2025
373,Ethan Nwaneri,eng ENG,"FW,MF",Arsenal,18-013,2007,7.5,397,2,40,137,225,30,397,49,28,57.1,16,32.7,273,2197,1061,39,18,13,15,16,295,88,Matches,2024-2025
374,Christian Nørgaard,dk DEN,MF,Brentford,31-024,1994,23.3,1375,133,468,654,267,46,1375,12,6,50.0,4,33.3,642,2465,1048,11,10,4,28,18,839,34,Matches,2024-2025
375,Jake O'Brien,ie IRL,DF,Everton,23-323,2001,10.5,566,48,225,231,112,14,566,8,2,25.0,5,62.5,245,1090,447,6,5,1,4,5,288,23,Matches,2024-2025
376,Matt O'Riley,dk DEN,MF,Brighton,24-133,2000,5.4,302,12,51,142,109,23,302,6,3,50.0,3,50.0,147,605,291,9,6,2,8,3,176,26,Matches,2024-2025
377,Dara O'Shea,ie IRL,DF,Ipswich Town,26-030,1999,26.7,1620,307,930,593,100,41,1620,2,1,50.0,1,50.0,735,3185,1570,3,2,0,10,4,929,3,Matches,2024-2025
378,Chidozie Obi-Martin,dk DEN,FW,Manchester Utd,17-125,2007,0.3,16,1,4,7,5,1,16,1,0,0.0,1,100.0,7,47,26,1,0,0,2,1,9,2,Matches,2024-2025
379,Wilson Odobert,fr FRA,FW,Tottenham,20-126,2004,3.9,201,3,19,74,109,25,201,22,8,36.4,12,54.5,149,1157,654,25,13,14,13,8,152,35,Matches,2024-2025
380,Chiedozie Ogbene,ie IRL,FW,Ipswich Town,27-337,1997,2.6,70,3,11,19,40,6,70,7,1,14.3,3,42.9,41,330,139,7,2,2,4,2,43,15,Matches,2024-2025
381,Caleb Okoli,it ITA,DF,Leicester City,23-264,2001,11.5,732,141,411,297,27,8,732,0,0,,0,,419,2070,970,3,2,0,10,2,436,2,Matches,2024-2025
382,Robin Olsen,se SWE,GK,Aston Villa,35-085,1990,2.0,83,73,82,1,0,0,83,0,0,,0,,44,226,109,0,0,0,0,0,41,0,Matches,2024-2025
383,Amadou Onana,be BEL,MF,Aston Villa,23-230,2001,12.3,679,49,189,400,103,15,679,15,10,66.7,3,20.0,368,1748,838,13,15,0,7,7,449,10,Matches,2024-2025
384,André Onana,cm CMR,GK,Manchester Utd,29-001,1996,30.0,1219,918,1198,22,0,0,1219,0,0,,0,,865,4405,2465,0,0,0,1,0,752,0,Matches,2024-2025
385,Paul Onuachu,ng NGA,FW,Southampton,30-310,1994,9.5,374,12,34,204,139,57,374,24,7,29.2,13,54.2,185,754,225,7,4,2,43,31,308,35,Matches,2024-2025
386,Frank Onyeka,ng NGA,MF,Brentford,27-092,1998,0.3,10,0,1,5,4,0,10,0,0,,0,,6,55,14,0,0,0,2,1,6,0,Matches,2024-2025
387,Lewis Orford,eng ENG,MF,West Ham,19-044,2006,0.5,42,1,8,28,7,2,42,0,0,,0,,22,98,27,0,0,0,1,0,31,1,Matches,2024-2025
388,Stefan Ortega,de GER,GK,Manchester City,32-148,1992,10.0,405,308,402,3,0,0,405,0,0,,0,,261,1221,687,0,0,0,0,0,249,0,Matches,2024-2025
389,William Osula,dk DEN,FW,Newcastle Utd,21-242,2003,0.8,19,1,1,10,8,2,19,2,1,50.0,1,50.0,11,59,14,1,1,0,3,4,11,6,Matches,2024-2025
390,Dango Ouattara,bf BFA,FW,Bournemouth,23-051,2002,17.9,764,47,128,245,406,109,764,63,29,46.0,30,47.6,386,2856,1325,60,24,32,49,27,460,160,Matches,2024-2025
391,Nico O’Reilly,eng ENG,"DF,MF",Manchester City,20-013,2005,1.3,110,3,17,59,35,2,110,5,4,80.0,1,20.0,79,456,231,8,8,1,3,0,87,3,Matches,2024-2025
392,Alex Palmer,eng ENG,GK,Ipswich Town,28-236,1996,6.0,205,165,201,4,0,0,205,0,0,,0,,88,451,271,0,0,0,0,0,67,0,Matches,2024-2025
393,Cole Palmer,eng ENG,MF,Chelsea,22-332,2002,27.1,1420,14,110,645,684,107,1416,88,40,45.5,35,39.8,895,5944,2821,85,56,28,51,27,1052,141,Matches,2024-2025
394,Emerson Palmieri,it ITA,DF,West Ham,30-243,1994,20.1,1143,73,370,481,307,24,1143,30,10,33.3,17,56.7,473,2577,1406,36,21,8,22,7,620,71,Matches,2024-2025
395,Lucas Paquetá,br BRA,"MF,FW",West Ham,27-219,1997,21.1,1370,40,267,755,359,52,1368,31,12,38.7,16,51.6,686,2331,960,16,26,2,42,45,955,71,Matches,2024-2025
396,Thomas Partey,gh GHA,"MF,DF",Arsenal,31-294,1993,25.3,1797,58,371,977,458,24,1797,27,17,63.0,8,29.6,997,5271,2786,30,33,2,19,11,1263,38,Matches,2024-2025
397,Nathan Patterson,sct SCO,"DF,FW",Everton,23-169,2001,1.4,99,4,20,45,36,3,99,7,6,85.7,0,0.0,40,186,105,4,2,2,3,1,52,7,Matches,2024-2025
398,Andreas Pereira,br BRA,MF,Fulham,29-092,1996,17.8,966,17,136,407,437,31,965,25,11,44.0,6,24.0,495,2270,1086,21,30,6,19,19,579,67,Matches,2024-2025
399,Ricardo Pereira,pt POR,"DF,MF",Leicester City,31-179,1993,1.9,123,5,31,69,23,2,123,3,2,66.7,1,33.3,72,218,83,2,2,1,1,0,74,4,Matches,2024-2025
400,Kalvin Phillips,eng ENG,MF,Ipswich Town,29-122,1995,13.5,720,59,219,387,118,4,720,12,5,41.7,6,50.0,302,1446,539,4,5,0,24,10,383,4,Matches,2024-2025
401,Jaden Philogene Bidace,eng ENG,"FW,MF",Aston Villa,23-054,2002,3.7,145,4,27,54,66,14,145,15,4,26.7,8,53.3,75,520,239,7,5,7,7,3,83,17,Matches,2024-2025
402,Jaden Philogene Bidace,eng ENG,"FW,DF",Ipswich Town,23-054,2002,5.1,214,10,52,64,100,17,214,18,5,27.8,11,61.1,125,856,302,13,3,5,10,10,130,34,Matches,2024-2025
403,Jordan Pickford,eng ENG,GK,Everton,31-027,1994,30.0,1339,875,1276,64,0,0,1339,0,0,,0,,744,4501,2604,0,0,0,1,0,649,0,Matches,2024-2025
404,Ethan Pinnock,jm JAM,DF,Brentford,31-309,1993,21.3,1348,294,783,457,109,24,1348,9,3,33.3,6,66.7,633,3117,1633,3,4,0,2,4,760,9,Matches,2024-2025
405,Daniel Podence,pt POR,"MF,FW",Wolves,29-164,1995,0.5,20,0,2,11,7,0,20,2,2,100.0,0,0.0,13,77,43,1,1,0,0,0,17,3,Matches,2024-2025
406,Alfie Pond,eng ENG,DF,Wolves,21-033,2004,0.0,1,0,0,1,0,0,1,0,0,,0,,1,2,2,0,0,0,0,0,1,0,Matches,2024-2025
407,Nick Pope,eng ENG,GK,Newcastle Utd,32-349,1992,19.0,605,488,597,8,0,0,605,0,0,,0,,317,1731,1140,0,0,0,0,1,211,0,Matches,2024-2025
408,Pedro Porro,es ESP,DF,Tottenham,25-202,1999,25.3,1930,117,576,695,671,29,1930,31,10,32.3,19,61.3,1014,4620,2353,57,36,5,21,16,1105,93,Matches,2024-2025
409,Jarell Quansah,eng ENG,DF,Liverpool,22-064,2003,3.2,258,32,128,110,20,3,258,2,1,50.0,1,50.0,162,916,483,2,3,1,3,2,182,3,Matches,2024-2025
410,Hákon Rafn Valdimarsson,is ISL,GK,Brentford,23-172,2001,1.6,72,60,71,1,0,0,72,0,0,,0,,44,191,80,0,0,0,0,0,36,0,Matches,2024-2025
411,Aaron Ramsdale,eng ENG,GK,Southampton,26-324,1998,22.0,999,725,988,13,0,0,999,0,0,,0,,632,3160,1856,0,0,0,0,0,572,0,Matches,2024-2025
412,Jacob Ramsey,eng ENG,"FW,MF",Aston Villa,23-310,2001,14.6,619,12,119,229,281,54,619,35,20,57.1,9,25.7,405,2717,1384,51,26,15,36,18,473,87,Matches,2024-2025
413,Marcus Rashford,eng ENG,"FW,MF",Manchester Utd,27-154,1997,10.9,440,3,35,189,222,34,440,39,9,23.1,26,66.7,293,1694,728,20,19,12,14,6,341,79,Matches,2024-2025
414,Marcus Rashford,eng ENG,FW,Aston Villa,27-154,1997,3.0,152,2,12,34,107,16,152,16,8,50.0,8,50.0,93,599,362,15,6,9,4,1,108,33,Matches,2024-2025
415,David Raya,es ESP,GK,Arsenal,29-200,1995,30.0,1151,680,1077,74,0,0,1151,1,1,100.0,0,0.0,711,3583,2150,0,0,0,1,0,652,0,Matches,2024-2025
416,Harrison Reed,eng ENG,MF,Fulham,30-066,1995,0.9,69,1,8,26,36,5,69,2,0,0.0,1,50.0,28,82,17,1,1,0,2,2,35,7,Matches,2024-2025
417,Remy Rees-Dottin,eng ENG,FW,Bournemouth,19-028,2006,0.0,0,0,0,0,0,0,0,0,0,,0,,0,0,0,0,0,0,0,0,0,0,Matches,2024-2025
418,Sergio Reguilón,es ESP,DF,Tottenham,28-108,1996,1.4,121,2,28,61,33,3,121,4,2,50.0,0,0.0,64,293,180,4,2,1,1,1,74,10,Matches,2024-2025
419,Bobby Reid,jm JAM,"FW,MF",Leicester City,32-060,1993,7.1,250,13,44,105,101,13,250,8,0,0.0,6,75.0,156,706,332,12,4,4,11,9,175,40,Matches,2024-2025
420,Vitor Reis,br BRA,DF,Manchester City,19-081,2006,0.0,3,1,2,1,0,0,3,1,1,100.0,0,0.0,2,3,0,0,0,0,0,0,2,0,Matches,2024-2025
421,Chadi Riad,ma MAR,DF,Crystal Palace,21-290,2003,1.0,90,5,41,49,1,0,90,0,0,,0,,58,318,232,2,0,0,1,0,69,0,Matches,2024-2025
422,Declan Rice,eng ENG,MF,Arsenal,26-079,1999,25.0,1584,57,257,760,584,60,1584,24,11,45.8,12,50.0,847,5370,2863,78,52,12,32,22,1048,80,Matches,2024-2025
423,Chris Richards,us USA,DF,Crystal Palace,25-006,2000,14.9,822,93,432,349,46,13,822,5,1,20.0,4,80.0,382,1696,777,5,5,0,5,5,463,1,Matches,2024-2025
424,Richarlison,br BRA,FW,Tottenham,27-328,1997,3.1,116,8,19,62,36,12,116,9,1,11.1,7,77.8,56,310,138,8,7,3,4,5,79,17,Matches,2024-2025
425,Andrew Robertson,sct SCO,DF,Liverpool,31-023,1994,23.4,1803,79,452,825,539,43,1803,15,6,40.0,8,53.3,970,4292,2462,54,46,4,21,10,1214,88,Matches,2024-2025
426,Antonee Robinson,us USA,DF,Fulham,27-238,1997,29.2,2138,111,665,828,677,57,2138,71,32,45.1,28,39.4,1139,6189,3571,102,52,25,34,16,1288,237,Matches,2024-2025
427,Rodri,es ESP,MF,Manchester City,28-285,1996,0.7,65,1,12,30,24,0,65,1,0,0.0,0,0.0,34,125,42,0,2,0,0,0,49,1,Matches,2024-2025
428,Guido Rodríguez,ar ARG,MF,West Ham,30-356,1994,11.3,617,42,196,366,56,2,617,3,2,66.7,0,0.0,284,988,392,2,5,0,2,6,354,5,Matches,2024-2025
429,Mads Roerslev,dk DEN,DF,Brentford,25-283,1999,12.2,645,49,234,268,146,20,645,19,7,36.8,8,42.1,352,1630,858,17,13,0,9,6,407,54,Matches,2024-2025
430,Morgan Rogers,eng ENG,"FW,MF",Aston Villa,22-251,2002,26.9,1072,31,160,467,468,116,1072,127,52,40.9,59,46.5,620,4450,2592,92,58,26,82,56,749,140,Matches,2024-2025
431,Cristian Romero,ar ARG,DF,Tottenham,26-341,1998,12.2,1092,130,457,586,57,18,1092,3,1,33.3,1,33.3,720,3759,2289,10,16,0,4,3,742,2,Matches,2024-2025
432,Georginio Rutter,fr FRA,"MF,FW",Brighton,22-348,2002,18.4,641,20,83,246,326,79,641,71,27,38.0,34,47.9,361,2467,1405,42,36,16,45,37,411,79,Matches,2024-2025
433,José Sá,pt POR,GK,Wolves,32-076,1993,23.0,784,625,777,8,0,0,784,6,6,100.0,0,0.0,483,2956,1883,0,0,0,1,0,379,0,Matches,2024-2025
434,Bukayo Saka,eng ENG,"FW,MF",Arsenal,23-210,2001,14.4,745,6,40,167,544,117,744,74,33,44.6,30,40.5,470,3228,1859,72,20,37,24,35,535,198,Matches,2024-2025
435,Mohamed Salah,eg EGY,FW,Liverpool,32-292,1992,29.5,1353,10,78,409,883,288,1344,112,51,45.5,58,51.8,925,5634,2927,124,48,103,94,56,1132,374,Matches,2024-2025
436,William Saliba,fr FRA,DF,Arsenal,24-010,2001,27.3,2210,153,873,1237,112,15,2210,15,9,60.0,5,33.3,1344,5797,2973,13,10,0,16,5,1640,6,Matches,2024-2025
437,Robert Sánchez,es ESP,GK,Chelsea,27-136,1997,23.0,970,712,960,10,0,0,970,0,0,,0,,653,3064,1948,0,0,0,0,0,613,0,Matches,2024-2025
438,Jadon Sancho,eng ENG,FW,Chelsea,25-009,2000,15.9,786,11,96,242,456,97,786,82,42,51.2,32,39.0,525,3614,2027,83,29,46,23,15,622,177,Matches,2024-2025
439,Ibrahim Sangaré,ci CIV,MF,Nott'ham Forest,27-122,1997,3.1,193,8,44,123,28,7,193,1,0,0.0,1,100.0,75,297,83,0,2,0,4,1,101,2,Matches,2024-2025
440,Pablo Sarabia,es ESP,"MF,FW",Wolves,32-327,1992,6.5,370,3,43,183,145,17,370,9,4,44.4,3,33.3,215,982,500,11,12,0,14,11,257,45,Matches,2024-2025
441,Jeremy Sarmiento,ec ECU,MF,Brighton,22-291,2002,0.1,8,0,0,6,2,0,8,0,0,,0,,6,61,10,0,0,0,1,0,7,2,Matches,2024-2025
442,Ismaila Sarr,sn SEN,"MF,FW",Crystal Palace,27-037,1998,22.4,834,34,131,314,398,106,834,44,14,31.8,22,50.0,456,2801,1544,54,36,22,55,36,571,149,Matches,2024-2025
443,Sávio,br BRA,"FW,MF",Manchester City,20-358,2004,18.3,1022,11,51,261,727,147,1022,109,50,45.9,38,34.9,736,6113,3383,130,42,74,41,37,799,225,Matches,2024-2025
444,Oliver Scarles,eng ENG,DF,West Ham,19-112,2005,5.4,348,15,100,142,110,6,348,6,1,16.7,5,83.3,159,593,331,7,9,1,10,2,203,36,Matches,2024-2025
445,Dane Scarlett,eng ENG,"FW,MF",Tottenham,21-010,2004,0.4,9,1,3,5,1,1,9,0,0,,0,,5,66,33,1,0,0,0,1,4,1,Matches,2024-2025
446,Kevin Schade,de GER,FW,Brentford,23-127,2001,18.5,680,29,103,186,400,108,680,71,23,32.4,42,59.2,346,2452,1054,47,21,29,41,32,422,129,Matches,2024-2025
447,Fabian Schär,ch SUI,DF,Newcastle Utd,33-104,1991,23.8,1663,203,875,694,104,24,1663,11,7,63.6,2,18.2,1051,4797,2757,12,21,1,8,4,1154,16,Matches,2024-2025
448,Jeffrey Schlupp,gh GHA,"MF,DF",Crystal Palace,32-101,1992,1.1,79,2,9,31,41,6,79,1,1,100.0,0,0.0,30,150,67,4,1,1,7,0,41,9,Matches,2024-2025
449,Alex Scott,eng ENG,MF,Bournemouth,21-225,2003,4.9,324,13,60,172,96,13,324,22,5,22.7,11,50.0,181,951,439,9,4,1,14,6,199,23,Matches,2024-2025
450,Matz Sels,be BEL,GK,Nott'ham Forest,33-036,1992,30.0,875,659,861,14,0,0,875,0,0,,0,,435,2527,1320,0,0,0,0,0,342,0,Matches,2024-2025
451,Nélson Semedo,pt POR,DF,Wolves,31-138,1993,24.8,1336,105,386,607,360,20,1336,56,26,46.4,23,41.1,677,3965,2088,55,33,9,29,16,771,97,Matches,2024-2025
452,Antoine Semenyo,gh GHA,FW,Bournemouth,25-086,2000,28.4,1307,34,157,450,731,163,1307,112,58,51.8,47,42.0,780,5859,2873,116,56,60,70,63,910,231,Matches,2024-2025
453,Marcos Senesi,ar ARG,DF,Bournemouth,27-328,1997,10.6,732,59,316,359,66,12,732,9,5,55.6,4,44.4,455,2347,1393,13,14,0,5,6,468,4,Matches,2024-2025
454,Ryan Sessegnon,eng ENG,"DF,MF",Fulham,24-320,2000,1.2,60,1,12,21,28,9,60,4,1,25.0,3,75.0,30,239,166,5,3,4,1,4,35,12,Matches,2024-2025
455,Luke Shaw,eng ENG,DF,Manchester Utd,29-265,1995,0.8,107,3,46,56,5,0,107,0,0,,0,,86,335,143,1,2,0,1,0,93,0,Matches,2024-2025
456,Zain Silcott-Duberry,ms MSR,FW,Bournemouth,19-268,2005,0.0,3,0,1,0,2,0,3,0,0,,0,,1,6,6,0,0,0,0,0,2,0,Matches,2024-2025
457,Bernardo Silva,pt POR,"MF,FW",Manchester City,30-236,1994,22.7,1464,32,247,560,670,125,1464,52,24,46.2,22,42.3,913,5949,3022,82,48,30,17,27,1082,169,Matches,2024-2025
458,Jota Silva,pt POR,"FW,MF",Nott'ham Forest,25-245,1999,8.1,307,18,77,83,158,40,307,30,10,33.3,12,40.0,153,1008,545,17,10,7,23,11,170,47,Matches,2024-2025
459,Eric da Silva Moreira,de GER,"MF,DF",Nott'ham Forest,18-335,2006,0.3,13,3,7,4,2,0,13,1,0,0.0,1,100.0,4,26,11,1,0,0,1,0,3,1,Matches,2024-2025
460,Jahmai Simpson-Pusey,eng ENG,DF,Manchester City,19-150,2005,1.1,123,9,61,59,3,1,123,1,0,0.0,0,0.0,79,376,190,1,0,0,1,0,101,0,Matches,2024-2025
461,Luis Sinisterra,co COL,"FW,MF",Bournemouth,25-290,1999,2.6,155,7,18,41,96,23,155,20,8,40.0,10,50.0,95,744,393,19,6,10,6,3,102,38,Matches,2024-2025
462,Oliver Skipp,eng ENG,MF,Leicester City,24-199,2000,9.2,440,23,103,280,61,6,440,9,4,44.4,5,55.6,252,1014,503,14,7,2,10,5,302,14,Matches,2024-2025
463,William Smallbone,ie IRL,MF,Southampton,25-041,2000,6.2,341,15,69,169,107,12,341,4,4,100.0,0,0.0,149,595,288,4,7,0,9,5,203,18,Matches,2024-2025
464,Adam Smith,eng ENG,DF,Bournemouth,33-339,1991,12.0,540,30,178,244,122,3,540,11,4,36.4,4,36.4,228,840,410,9,12,0,10,5,243,16,Matches,2024-2025
465,Emile Smith Rowe,eng ENG,MF,Fulham,24-249,2000,19.9,1063,20,148,502,423,51,1063,33,16,48.5,15,45.5,698,3415,1796,50,37,11,30,13,818,105,Matches,2024-2025
466,Dominic Solanke,eng ENG,FW,Tottenham,27-201,1997,19.8,557,29,57,257,249,100,557,43,14,32.6,27,62.8,315,1706,675,27,20,13,52,40,379,75,Matches,2024-2025
467,Carlos Soler,es ESP,"MF,FW",West Ham,28-091,1997,12.7,629,17,149,324,161,19,629,17,8,47.1,8,47.1,294,1455,612,12,14,4,9,12,427,23,Matches,2024-2025
468,Ramón Sosa,py PAR,"FW,MF",Nott'ham Forest,25-215,1999,2.7,128,4,29,37,66,11,128,11,8,72.7,3,27.3,63,541,301,11,6,4,5,5,68,14,Matches,2024-2025
469,Tomáš Souček,cz CZE,MF,West Ham,30-035,1995,23.3,1042,103,286,511,249,90,1042,11,6,54.5,5,45.5,398,1198,432,6,10,3,16,9,628,57,Matches,2024-2025
470,Boubakary Soumaré,fr FRA,MF,Leicester City,26-035,1999,18.2,1096,50,293,683,132,14,1096,40,26,65.0,10,25.0,645,3052,1633,29,13,2,18,20,763,20,Matches,2024-2025
471,Djed Spence,eng ENG,DF,Tottenham,24-237,2000,11.8,906,50,308,416,196,16,906,49,26,53.1,18,36.7,531,3165,1744,36,32,6,19,20,571,48,Matches,2024-2025
472,Jay Stansfield,eng ENG,MF,Fulham,22-130,2002,0.0,0,0,0,0,0,0,0,0,0,,0,,0,0,0,0,0,0,0,0,0,0,Matches,2024-2025
473,Jason Steele,eng ENG,GK,Brighton,34-228,1990,2.0,114,107,114,0,0,0,114,0,0,,0,,91,361,151,0,0,0,0,0,83,0,Matches,2024-2025
474,Jack Stephens,eng ENG,DF,Southampton,31-066,1994,9.9,748,75,307,369,76,6,748,3,0,0.0,3,100.0,414,1927,932,11,9,0,1,1,543,1,Matches,2024-2025
475,Raheem Sterling,eng ENG,"FW,MF",Arsenal,30-116,1994,3.4,186,1,3,38,147,30,186,18,8,44.4,5,27.8,138,940,519,18,8,14,8,12,145,57,Matches,2024-2025
476,Ross Stewart,sct SCO,"FW,MF",Southampton,28-266,1996,1.5,61,5,13,30,18,2,61,2,1,50.0,1,50.0,34,144,54,1,0,0,1,5,46,5,Matches,2024-2025
477,Jakub Stolarczyk,pl POL,GK,Leicester City,24-105,2000,6.0,241,179,236,6,0,0,241,0,0,,0,,130,592,396,0,0,0,1,0,131,0,Matches,2024-2025
478,John Stones,eng ENG,"DF,MF",Manchester City,30-310,1994,6.1,442,40,142,234,68,4,442,2,2,100.0,0,0.0,292,2146,1183,10,14,0,2,0,333,2,Matches,2024-2025
479,Jørgen Strand Larsen,no NOR,FW,Wolves,25-056,2000,24.0,586,30,78,278,231,81,586,14,6,42.9,8,57.1,265,937,383,12,11,7,70,27,422,81,Matches,2024-2025
480,Yukinari Sugawara,jp JPN,"DF,MF",Southampton,24-279,2000,16.0,1000,61,305,390,310,27,1000,20,9,45.0,10,50.0,535,2467,1329,31,15,7,16,4,673,73,Matches,2024-2025
481,Kamaldeen Sulemana,gh GHA,"FW,MF",Southampton,23-047,2002,9.1,359,9,41,137,192,35,359,65,25,38.5,34,52.3,234,1980,977,37,26,15,31,17,257,58,Matches,2024-2025
482,Crysencio Summerville,nl NED,"FW,MF",West Ham,23-155,2001,8.7,372,9,47,147,181,38,372,39,13,33.3,18,46.2,207,1463,762,29,15,13,20,16,259,71,Matches,2024-2025
483,Sammie Szmodics,ie IRL,"FW,MF",Ipswich Town,29-191,1995,10.9,309,17,80,119,116,33,309,12,4,33.3,6,50.0,174,989,399,16,8,7,24,17,189,46,Matches,2024-2025
484,Dominik Szoboszlai,hu HUN,MF,Liverpool,24-160,2000,22.7,1320,21,169,641,528,87,1320,34,19,55.9,13,38.2,692,3569,1984,63,44,17,32,19,907,115,Matches,2024-2025
485,Matt Targett,eng ENG,DF,Newcastle Utd,29-197,1995,0.1,8,0,1,4,3,0,8,0,0,,0,,2,5,1,0,0,0,0,0,5,0,Matches,2024-2025
486,James Tarkowski,eng ENG,DF,Everton,32-135,1992,29.9,1581,337,910,584,96,49,1581,7,5,71.4,2,28.6,676,3276,1728,8,10,0,12,7,860,3,Matches,2024-2025
487,Marcus Tavernier,eng ENG,"FW,MF",Bournemouth,26-012,1999,16.7,905,17,100,345,480,47,905,47,20,42.6,24,51.1,510,3047,1435,36,33,7,36,41,571,101,Matches,2024-2025
488,Charlie Taylor,eng ENG,DF,Southampton,31-197,1993,3.0,219,21,93,91,36,1,219,2,2,100.0,0,0.0,91,386,155,3,3,0,1,1,133,6,Matches,2024-2025
489,Jack Taylor,ie IRL,MF,Ipswich Town,26-284,1998,5.7,366,20,99,202,72,5,366,5,2,40.0,2,40.0,187,1110,627,9,8,1,4,5,242,15,Matches,2024-2025
490,Mathys Tel,fr FRA,FW,Tottenham,19-341,2005,3.4,104,0,13,37,57,14,104,16,3,18.8,11,68.8,75,480,205,6,7,1,7,5,70,15,Matches,2024-2025
491,Kenny Tete,nl NED,DF,Fulham,29-176,1995,14.0,879,48,271,382,232,26,879,16,7,43.8,4,25.0,459,2287,1114,33,17,7,16,10,511,39,Matches,2024-2025
492,Thiago,br BRA,FW,Brentford,23-281,2001,1.5,56,6,11,23,23,2,56,3,2,66.7,1,33.3,34,119,42,3,2,1,5,1,35,4,Matches,2024-2025
493,Luke Thomas,eng ENG,DF,Leicester City,23-297,2001,5.0,323,26,136,147,42,4,323,4,1,25.0,3,75.0,147,541,243,2,2,1,5,0,177,8,Matches,2024-2025
494,Youri Tielemans,be BEL,MF,Aston Villa,27-331,1997,28.4,2010,85,414,1145,472,32,2009,54,29,53.7,17,31.5,1077,4637,2079,30,23,8,29,25,1411,35,Matches,2024-2025
495,Kieran Tierney,sct SCO,"DF,FW",Arsenal,27-302,1997,0.9,42,1,6,15,21,3,42,1,0,0.0,1,100.0,16,80,49,2,1,1,1,0,30,8,Matches,2024-2025
496,Jurriën Timber,nl NED,DF,Arsenal,23-290,2001,25.3,1545,50,278,790,484,64,1545,51,23,45.1,23,45.1,823,3587,1892,53,26,11,32,23,961,102,Matches,2024-2025
497,Jean-Clair Todibo,fr FRA,DF,West Ham,25-094,1999,12.7,800,117,443,332,32,9,800,13,7,53.8,6,46.2,463,2069,1072,6,5,0,6,7,537,4,Matches,2024-2025
498,Harry Toffolo,eng ENG,DF,Nott'ham Forest,29-227,1995,0.5,44,3,13,10,21,2,44,0,0,,0,,10,21,11,0,0,0,0,0,18,4,Matches,2024-2025
499,Takehiro Tomiyasu,jp JPN,DF,Arsenal,26-149,1998,0.1,7,1,4,1,2,1,7,0,0,,0,,1,7,5,0,0,0,0,0,2,0,Matches,2024-2025
500,Sandro Tonali,it ITA,MF,Newcastle Utd,24-330,2000,20.2,1206,45,283,676,268,31,1206,27,16,59.3,8,29.6,668,3616,1533,29,28,4,21,23,837,38,Matches,2024-2025
501,Pau Torres,es ESP,DF,Aston Villa,28-077,1997,18.2,1238,188,588,581,75,13,1238,16,14,87.5,2,12.5,770,5081,3336,31,19,0,3,3,882,4,Matches,2024-2025
502,Conor Townsend,eng ENG,DF,Ipswich Town,32-030,1993,2.5,122,19,63,38,23,2,122,0,0,,0,,40,179,84,2,2,0,2,2,56,6,Matches,2024-2025
503,Adama Traoré,es ESP,"FW,MF",Fulham,29-068,1996,16.4,672,2,68,242,382,82,672,82,40,48.8,32,39.0,458,3808,2095,80,38,32,29,18,517,135,Matches,2024-2025
504,Boubacar Traoré,ml MLI,MF,Wolves,23-226,2001,0.0,3,0,1,2,0,0,3,0,0,,0,,0,0,0,0,0,0,0,0,0,0,Matches,2024-2025
505,Mark Travers,ie IRL,GK,Bournemouth,25-320,1999,5.0,162,144,159,3,0,0,162,0,0,,0,,85,426,188,0,0,0,0,0,68,0,Matches,2024-2025
506,Ryan Trevitt,eng ENG,MF,Brentford,22-022,2003,0.0,7,1,2,4,1,0,7,0,0,,0,,4,7,2,0,0,0,0,0,4,1,Matches,2024-2025
507,Kieran Trippier,eng ENG,DF,Newcastle Utd,34-196,1990,8.7,830,31,257,353,226,8,830,3,2,66.7,1,33.3,382,1420,787,16,6,3,6,4,514,30,Matches,2024-2025
508,Leandro Trossard,be BEL,FW,Arsenal,30-120,1994,21.2,940,13,107,284,564,109,940,65,27,41.5,29,44.6,594,3694,1654,64,41,22,42,36,692,173,Matches,2024-2025
509,Kostas Tsimikas,gr GRE,DF,Liverpool,28-326,1996,5.7,487,23,121,220,148,8,487,4,3,75.0,1,25.0,231,1012,570,13,5,2,4,2,306,25,Matches,2024-2025
510,Axel Tuanzebe,cd COD,DF,Ipswich Town,27-140,1997,13.2,672,61,287,295,96,6,672,8,4,50.0,4,50.0,293,1261,576,7,6,1,9,1,358,7,Matches,2024-2025
511,Destiny Udogie,it ITA,DF,Tottenham,22-126,2002,18.4,1232,51,331,547,365,45,1232,28,11,39.3,14,50.0,682,3791,2038,47,37,11,29,19,743,86,Matches,2024-2025
512,Manuel Ugarte Ribeiro,uy URU,MF,Manchester Utd,23-357,2001,15.2,878,35,253,492,147,12,878,24,11,45.8,9,37.5,495,2031,861,9,9,1,25,18,533,15,Matches,2024-2025
513,Lesley Ugochukwu,fr FRA,MF,Southampton,21-008,2004,12.2,612,29,129,363,126,16,612,22,16,72.7,5,22.7,333,1812,854,21,11,5,7,8,417,17,Matches,2024-2025
514,Enes Ünal,tr TUR,"FW,MF",Bournemouth,27-328,1997,3.8,172,6,14,63,95,26,172,12,1,8.3,10,83.3,91,261,95,4,3,1,17,13,133,22,Matches,2024-2025
515,Virgil van Dijk,nl NED,DF,Liverpool,33-269,1991,30.0,2645,361,1051,1469,133,37,2645,5,3,60.0,2,40.0,1496,7237,4003,16,18,2,5,2,1818,5,Matches,2024-2025
516,Jamie Vardy,eng ENG,FW,Leicester City,38-082,1987,25.2,476,24,48,212,221,96,475,20,9,45.0,10,50.0,227,1209,598,26,11,14,29,11,308,95,Matches,2024-2025
517,Renato Veiga,pt POR,"DF,MF",Chelsea,21-248,2003,2.0,167,2,61,82,27,3,167,5,3,60.0,2,40.0,85,417,144,4,5,1,1,0,110,3,Matches,2024-2025
518,Joël Veltman,nl NED,DF,Brighton,33-078,1992,18.3,1097,64,327,540,240,10,1097,15,4,26.7,5,33.3,524,2780,1414,29,22,3,19,7,598,32,Matches,2024-2025
519,Micky van de Ven,nl NED,DF,Tottenham,23-349,2001,9.1,742,85,386,333,32,8,742,7,4,57.1,3,42.9,525,2475,1187,8,10,1,4,4,541,1,Matches,2024-2025
520,Bart Verbruggen,nl NED,GK,Brighton,22-228,2002,28.0,1102,897,1090,11,1,0,1102,2,2,100.0,0,0.0,729,2670,1328,0,1,1,2,0,707,0,Matches,2024-2025
521,Jannik Vestergaard,dk DEN,DF,Leicester City,32-243,1992,15.5,1092,196,572,497,28,10,1092,4,4,100.0,0,0.0,672,2932,1458,3,3,0,2,0,757,2,Matches,2024-2025
522,Guglielmo Vicario,it ITA,GK,Tottenham,28-178,1996,17.0,656,435,644,12,0,0,656,1,1,100.0,0,0.0,476,2198,1220,0,0,0,0,0,427,0,Matches,2024-2025
523,Carlos Vinícius,br BRA,MF,Fulham,30-009,1995,0.0,3,0,0,1,2,2,3,1,1,100.0,0,0.0,3,10,9,1,0,1,0,0,2,1,Matches,2024-2025
524,Kyle Walker,eng ENG,DF,Manchester City,34-310,1990,10.8,892,26,197,473,228,5,892,6,3,50.0,2,33.3,499,2284,1106,12,13,0,9,2,630,11,Matches,2024-2025
525,Kyle Walker-Peters,eng ENG,DF,Southampton,27-355,1997,27.4,1735,128,524,761,463,52,1735,74,30,40.5,34,45.9,1069,6833,3775,102,62,22,25,34,1221,121,Matches,2024-2025
526,Christian Walton,eng ENG,GK,Ipswich Town,29-145,1995,6.0,242,224,241,1,0,0,242,0,0,,0,,122,572,305,0,0,0,0,0,117,0,Matches,2024-2025
527,Aaron Wan-Bissaka,eng ENG,DF,West Ham,27-128,1997,28.0,1769,122,555,762,480,36,1769,91,47,51.6,33,36.3,823,5332,3022,90,52,11,27,18,1026,123,Matches,2024-2025
528,Danny Ward,wls WAL,GK,Leicester City,31-285,1993,1.5,55,40,55,0,0,0,55,1,0,0.0,1,100.0,44,176,107,0,0,0,0,0,35,0,Matches,2024-2025
529,James Ward-Prowse,eng ENG,MF,West Ham,30-153,1994,5.5,398,16,88,237,73,2,398,0,0,,0,,176,764,307,4,6,0,1,3,273,2,Matches,2024-2025
530,James Ward-Prowse,eng ENG,MF,Nott'ham Forest,30-153,1994,4.4,205,13,49,115,45,1,205,0,0,,0,,92,407,170,1,3,0,3,3,115,3,Matches,2024-2025
531,Ollie Watkins,eng ENG,FW,Aston Villa,29-094,1995,23.1,566,17,43,204,328,142,564,36,8,22.2,25,69.4,334,1824,947,46,19,32,43,42,445,129,Matches,2024-2025
532,Adam Webster,eng ENG,DF,Brighton,30-089,1995,6.9,569,84,279,271,22,8,569,3,1,33.3,2,66.7,326,1927,1142,7,2,0,3,1,384,2,Matches,2024-2025
533,Danny Welbeck,eng ENG,FW,Brighton,34-128,1990,16.7,515,10,41,234,244,70,515,28,10,35.7,15,53.6,299,1413,599,17,18,6,34,21,380,60,Matches,2024-2025
534,Welington,br BRA,"DF,MF",Southampton,24-043,2001,2.0,111,11,43,36,35,2,111,4,3,75.0,0,0.0,37,155,87,2,3,1,5,0,44,9,Matches,2024-2025
535,Timo Werner,de GER,"FW,MF",Tottenham,29-028,1996,5.7,298,8,24,78,203,33,298,19,10,52.6,8,42.1,215,1768,1062,42,24,18,14,6,227,89,Matches,2024-2025
536,Adam Wharton,eng ENG,MF,Crystal Palace,20-305,2004,10.3,658,19,144,355,162,7,658,8,1,12.5,7,87.5,327,1511,768,10,15,2,10,11,409,10,Matches,2024-2025
537,Ben White,eng ENG,DF,Arsenal,27-177,1997,7.8,437,38,139,197,103,9,437,2,0,0.0,1,50.0,202,731,363,5,8,1,7,3,260,18,Matches,2024-2025
538,Mats Wieffer,nl NED,MF,Brighton,25-138,1999,5.7,477,26,114,282,88,9,477,9,4,44.4,5,55.6,261,1128,454,5,6,0,10,7,309,9,Matches,2024-2025
539,Neco Williams,wls WAL,DF,Nott'ham Forest,23-355,2001,20.8,1083,117,396,380,321,32,1083,37,14,37.8,17,45.9,438,2685,1444,46,22,13,17,12,500,68,Matches,2024-2025
540,Willian,br BRA,"MF,FW",Fulham,36-237,1988,1.7,134,1,16,50,72,4,134,4,0,0.0,3,75.0,85,583,314,5,4,2,3,1,105,15,Matches,2024-2025
541,Joe Willock,eng ENG,"MF,FW",Newcastle Utd,25-226,1999,9.4,408,10,61,169,185,36,408,31,11,35.5,14,45.2,255,1730,801,30,22,11,31,22,286,68,Matches,2024-2025
542,Callum Wilson,eng ENG,FW,Newcastle Utd,33-035,1992,2.1,54,1,4,33,20,11,54,5,1,20.0,2,40.0,27,176,86,4,3,4,4,6,29,5,Matches,2024-2025
543,Harry Wilson,wls WAL,"FW,MF",Fulham,28-012,1997,9.3,436,7,58,160,226,44,436,23,9,39.1,9,39.1,263,1376,610,16,17,8,13,4,295,71,Matches,2024-2025
544,Harry Winks,eng ENG,MF,Leicester City,29-060,1996,17.1,1158,49,275,746,151,1,1158,12,3,25.0,8,66.7,696,3268,1522,19,13,0,13,8,827,11,Matches,2024-2025
545,Ben Winterburn,eng ENG,MF,Bournemouth,20-211,2004,0.1,2,0,0,1,1,0,2,0,0,,0,,1,1,0,0,0,0,0,0,1,0,Matches,2024-2025
546,Yoane Wissa,cd COD,FW,Brentford,28-212,1996,24.4,721,26,108,298,328,120,721,36,12,33.3,17,47.2,433,2603,1198,44,17,24,55,24,521,120,Matches,2024-2025
547,Chris Wood,nz NZL,FW,Nott'ham Forest,33-117,1991,26.0,605,30,70,289,248,78,602,10,4,40.0,5,50.0,303,1083,424,13,9,5,62,21,452,72,Matches,2024-2025
548,Nathan Wood-Gordon,eng ENG,DF,Southampton,22-307,2002,6.9,457,54,219,212,27,2,457,5,3,60.0,1,20.0,253,1150,454,2,6,0,4,1,339,0,Matches,2024-2025
549,Luke Woolfenden,eng ENG,DF,Ipswich Town,26-164,1998,11.2,608,126,345,254,9,3,608,0,0,,0,,331,1900,1111,7,3,0,4,0,389,0,Matches,2024-2025
550,Yehor Yarmoliuk,ua UKR,MF,Brentford,21-033,2004,9.7,618,42,169,310,153,14,618,20,9,45.0,9,45.0,310,1737,563,12,14,2,19,14,371,39,Matches,2024-2025
551,Ryan Yates,eng ENG,MF,Nott'ham Forest,27-133,1997,18.2,877,67,228,424,234,37,877,17,9,52.9,5,29.4,359,1746,776,16,18,1,21,18,457,12,Matches,2024-2025
552,Leny Yoro,fr FRA,DF,Manchester Utd,19-141,2005,8.7,607,48,269,294,46,10,607,1,1,100.0,0,0.0,423,2115,1135,13,9,1,1,0,454,5,Matches,2024-2025
553,Ashley Young,eng ENG,"DF,FW",Everton,39-268,1985,17.4,1008,48,308,429,276,9,1008,14,5,35.7,7,50.0,397,2046,1175,19,24,1,6,1,513,25,Matches,2024-2025
554,Illia Zabarnyi,ua UKR,DF,Bournemouth,22-214,2002,27.2,1610,192,768,810,51,10,1610,8,5,62.5,2,25.0,991,6224,3658,18,14,0,14,3,994,3,Matches,2024-2025
555,Oleksandr Zinchenko,ua UKR,"DF,MF",Arsenal,28-109,1996,3.3,263,10,57,144,63,14,263,2,1,50.0,0,0.0,144,771,331,7,3,2,2,2,169,7,Matches,2024-2025
556,Joshua Zirkzee,nl NED,"FW,MF",Manchester Utd,23-316,2001,14.8,555,16,68,287,205,51,555,33,9,27.3,24,72.7,310,1367,456,12,20,4,40,29,398,68,Matches,2024-2025
557,Martin Ødegaard,no NOR,MF,Arsenal,26-107,1998,20.2,1284,6,88,535,675,83,1283,47,20,42.6,26,55.3,872,5323,2667,64,55,18,26,36,1015,124,Matches,2024-2025
1,Max Aarons,eng ENG,DF,Bournemouth,23,2000,13.7,711,43,252,303,165,11,711,34,14,41.2,12,35.3,364,2174,1121,22,12,7,13,8,371,26,Matches,2023-2024
2,Joshua Acheampong,eng ENG,DF,Chelsea,17,2006,0.1,6,5,5,0,1,0,6,0,0,,0,,1,18,12,0,0,0,0,0,0,0,Matches,2023-2024
3,Tyler Adams,us USA,MF,Bournemouth,24,1999,1.3,91,3,23,54,14,4,91,3,2,66.7,0,0.0,44,193,116,4,1,2,3,0,52,1,Matches,2023-2024
4,Tosin Adarabioyo,eng ENG,DF,Fulham,25,1997,18.0,1390,181,713,631,48,29,1390,3,1,33.3,0,0.0,817,4560,2661,10,12,1,4,4,1009,5,Matches,2023-2024
5,Elijah Adebayo,eng ENG,FW,Luton Town,25,1998,15.8,462,27,52,172,243,82,462,67,18,26.9,46,68.7,265,1516,425,16,15,13,62,34,337,110,Matches,2023-2024
6,Simon Adingra,ci CIV,FW,Brighton,21,2002,24.7,1159,36,187,364,627,153,1159,123,50,40.7,64,52.0,773,5063,2996,111,48,63,48,28,795,278,Matches,2023-2024
7,Nayef Aguerd,ma MAR,DF,West Ham,27,1996,20.6,1373,187,709,618,50,21,1373,5,3,60.0,2,40.0,861,4211,2388,10,8,0,10,2,912,3,Matches,2023-2024
8,Brandon Aguilera,cr CRC,FW,Nott'ham Forest,20,2003,0.1,11,1,3,4,4,0,11,0,0,,0,,4,16,12,0,1,0,0,0,6,1,Matches,2023-2024
9,Naouirou Ahamada,fr FRA,"MF,FW",Crystal Palace,21,2002,3.9,240,6,46,123,75,8,240,13,7,53.8,5,38.5,150,1018,486,19,8,4,8,11,169,20,Matches,2023-2024
10,Anel Ahmedhodžić,ba BIH,DF,Sheffield Utd,24,1999,29.4,1336,229,736,507,104,33,1336,21,11,52.4,9,42.9,606,3527,1953,15,15,3,14,11,697,21,Matches,2023-2024
11,Ola Aina,ng NGA,DF,Nott'ham Forest,26,1996,18.8,1020,62,340,464,227,13,1020,45,27,60.0,14,31.1,494,3136,1828,52,28,11,24,10,539,37,Matches,2023-2024
12,Rayan Aït-Nouri,dz ALG,"DF,MF",Wolves,22,2001,25.9,1523,56,406,699,446,49,1523,115,62,53.9,39,33.9,868,4898,2435,67,48,8,51,56,1007,99,Matches,2023-2024
13,Kristoffer Ajer,no NOR,DF,Brentford,25,1998,20.4,1042,112,430,457,158,58,1042,12,10,83.3,2,16.7,464,2367,1435,22,11,5,16,6,563,31,Matches,2023-2024
14,Manuel Akanji,ch SUI,"DF,MF",Manchester City,28,1995,27.9,2544,163,779,1385,392,27,2544,4,2,50.0,2,50.0,1639,8282,4923,46,51,3,14,9,1983,36,Matches,2023-2024
15,Nathan Aké,nl NED,DF,Manchester City,28,1995,22.7,2026,105,634,1116,281,38,2026,10,5,50.0,3,30.0,1280,6039,3501,24,43,1,8,2,1507,18,Matches,2023-2024
16,Thiago Alcántara,es ESP,MF,Liverpool,32,1991,0.1,10,0,4,5,1,0,10,0,0,,0,,9,33,15,0,0,0,0,0,9,0,Matches,2023-2024
17,Trent Alexander-Arnold,eng ENG,DF,Liverpool,24,1998,23.9,2296,75,523,1217,582,34,2296,52,28,53.8,21,40.4,1250,5701,2724,45,48,7,27,6,1492,97,Matches,2023-2024
18,Alisson,br BRA,GK,Liverpool,30,1992,28.0,1196,754,1145,52,0,0,1196,0,0,,0,,850,3713,2361,0,0,0,4,0,764,0,Matches,2023-2024
19,Miguel Almirón,py PAR,FW,Newcastle Utd,29,1994,21.5,1029,25,137,430,475,86,1029,52,23,44.2,22,42.3,652,4488,2276,78,43,22,30,27,741,162,Matches,2023-2024
20,Edson Álvarez,mx MEX,MF,West Ham,25,1997,26.4,1599,150,565,854,201,16,1599,42,27,64.3,14,33.3,890,5147,2227,20,27,1,38,30,948,26,Matches,2023-2024
21,Julián Álvarez,ar ARG,"MF,FW",Manchester City,23,2000,29.4,1554,20,107,473,988,149,1552,42,20,47.6,22,52.4,914,4459,2092,64,59,28,56,36,1103,180,Matches,2023-2024
22,Zeki Amdouni,ch SUI,FW,Burnley,22,2000,21.7,789,24,94,379,337,68,788,88,29,33.0,47,53.4,468,3229,1654,63,30,20,67,32,513,93,Matches,2023-2024
23,Sofyan Amrabat,ma MAR,"MF,DF",Manchester Utd,26,1996,10.4,770,48,218,439,120,1,770,10,6,60.0,2,20.0,489,2362,947,6,8,0,9,11,545,10,Matches,2023-2024
24,Joachim Andersen,dk DEN,DF,Crystal Palace,27,1996,37.9,2609,337,1320,1160,140,44,2609,23,14,60.9,6,26.1,1367,7243,4207,21,11,0,11,6,1604,10,Matches,2023-2024
25,Elliot Anderson,eng ENG,"MF,FW",Newcastle Utd,20,2002,11.4,640,23,109,278,267,46,640,43,21,48.8,18,41.9,364,2272,1213,37,23,4,28,22,416,70,Matches,2023-2024
26,Jaidon Anthony,eng ENG,FW,Bournemouth,23,1999,1.7,69,2,15,27,27,4,69,6,2,33.3,3,50.0,36,160,77,2,2,0,5,2,40,9,Matches,2023-2024
27,Michail Antonio,jm JAM,FW,West Ham,33,1990,18.8,527,7,49,226,259,59,527,62,29,46.8,26,41.9,345,2320,1084,48,17,19,69,39,398,104,Matches,2023-2024
28,Antony,br BRA,FW,Manchester Utd,23,2000,14.7,815,17,106,304,428,58,815,71,26,36.6,33,46.5,549,3686,1953,53,37,23,26,19,571,149,Matches,2023-2024
29,Oliver Arblaster,eng ENG,MF,Sheffield Utd,19,2004,10.5,555,31,135,335,93,4,555,26,17,65.4,6,23.1,281,1521,661,14,12,3,13,8,317,4,Matches,2023-2024
30,Cameron Archer,eng ENG,"FW,MF",Sheffield Utd,22,2001,20.4,563,13,63,205,307,69,563,61,30,49.2,29,47.5,346,2187,982,33,29,22,61,45,387,114,Matches,2023-2024
31,Cameron Archer,eng ENG,MF,Aston Villa,22,2001,0.1,7,0,1,4,2,0,7,0,0,,0,,5,39,28,1,1,0,1,0,7,0,Matches,2023-2024
32,Alphonse Areola,fr FRA,GK,West Ham,30,1993,30.0,976,835,969,7,0,0,976,1,1,100.0,0,0.0,498,3168,1945,0,1,0,0,0,345,0,Matches,2023-2024
33,Lorenz Assignon,tg TOG,DF,Burnley,23,2000,13.7,670,46,210,270,207,30,670,32,13,40.6,17,53.1,283,1862,1063,38,16,12,27,13,303,57,Matches,2023-2024
34,Serge Aurier,ci CIV,"DF,MF",Nott'ham Forest,30,1992,9.3,568,39,165,280,127,13,568,14,3,21.4,11,78.6,249,1039,532,10,15,1,9,8,347,29,Matches,2023-2024
35,Taiwo Awoniyi,ng NGA,FW,Nott'ham Forest,25,1997,11.6,294,14,30,153,118,43,294,16,8,50.0,7,43.8,168,748,320,8,6,6,38,11,209,45,Matches,2023-2024
36,Jordan Ayew,gh GHA,"FW,MF",Crystal Palace,31,1991,28.3,1349,24,182,592,598,95,1349,130,52,40.0,57,43.8,836,5509,2119,74,55,20,85,80,967,173,Matches,2023-2024
37,Benoît Badiashile,fr FRA,DF,Chelsea,22,2001,14.9,1321,178,662,612,52,11,1321,1,0,0.0,0,0.0,765,3225,1734,3,5,1,6,4,976,3,Matches,2023-2024
38,Leon Bailey,jm JAM,"MF,FW",Aston Villa,25,1997,23.0,1040,19,151,318,589,129,1040,119,57,47.9,50,42.0,717,5148,2495,102,47,41,51,41,764,226,Matches,2023-2024
39,Stefan Bajcetic,es ESP,MF,Liverpool,18,2004,0.3,12,0,4,8,0,0,12,0,0,,0,,9,46,24,0,0,0,0,0,9,0,Matches,2023-2024
40,George Baldock,gr GRE,DF,Sheffield Utd,30,1993,10.8,505,66,200,192,116,9,505,11,6,54.5,4,36.4,238,988,463,9,3,4,9,9,258,24,Matches,2023-2024
41,Carlos Baleba,cm CMR,MF,Brighton,19,2004,14.7,965,65,255,580,139,5,965,22,11,50.0,6,27.3,571,2903,1423,19,19,1,16,16,664,9,Matches,2023-2024
42,Fodé Ballo-Touré,sn SEN,"DF,MF",Fulham,26,1997,0.8,91,4,35,39,18,1,91,6,3,50.0,2,33.3,48,300,163,5,2,1,0,0,50,4,Matches,2023-2024
43,Shandon Baptiste,gd GRN,MF,Brentford,25,1998,2.5,130,7,41,57,34,6,130,11,6,54.5,5,45.5,64,322,170,3,1,0,8,0,69,1,Matches,2023-2024
44,Valentín Barco,ar ARG,"DF,FW",Brighton,19,2004,3.4,274,7,73,102,100,5,274,11,5,45.5,4,36.4,181,697,367,8,4,0,5,4,188,20,Matches,2023-2024
45,Ross Barkley,eng ENG,MF,Luton Town,29,1993,29.1,1777,73,374,1011,430,39,1777,104,66,63.5,34,32.7,1006,6393,2810,48,49,4,27,56,1114,39,Matches,2023-2024
46,Harvey Barnes,eng ENG,"FW,MF",Newcastle Utd,25,1997,8.9,360,5,48,117,200,60,360,25,7,28.0,14,56.0,266,1782,1093,45,21,23,12,16,285,79,Matches,2023-2024
47,Chris Basham,eng ENG,"DF,MF",Sheffield Utd,35,1988,3.6,185,26,84,69,32,5,185,4,3,75.0,1,25.0,72,320,163,1,4,0,2,2,89,6,Matches,2023-2024
48,Calvin Bassey,ng NGA,DF,Fulham,23,1999,25.6,1901,305,1054,830,37,9,1901,14,11,78.6,2,14.3,1179,6037,3035,15,11,2,12,8,1291,4,Matches,2023-2024
49,Owen Beck,wls WAL,DF,Liverpool,20,2002,0.1,8,0,3,4,2,0,8,1,0,0.0,1,100.0,4,43,1,0,0,0,1,0,4,1,Matches,2023-2024
50,Donny van de Beek,nl NED,DF,Manchester Utd,26,1997,0.0,4,0,0,2,2,2,4,0,0,,0,,1,1,0,0,0,0,1,0,1,1,Matches,2023-2024
51,Amari'i Bell,jm JAM,DF,Luton Town,29,1994,19.1,1070,101,480,486,117,5,1070,27,10,37.0,15,55.6,584,3640,2020,32,25,1,18,5,607,10,Matches,2023-2024
52,Jean-Ricner Bellegarde,fr FRA,"MF,FW",Wolves,25,1998,10.6,478,25,86,201,199,30,478,39,17,43.6,17,43.6,268,1850,880,30,28,5,25,19,302,49,Matches,2023-2024
53,Anis Ben Slimane,tn TUN,MF,Sheffield Utd,22,2001,4.7,216,15,46,108,65,12,216,17,2,11.8,13,76.5,109,452,168,3,8,3,8,12,120,21,Matches,2023-2024
54,Saïd Benrahma,dz ALG,"FW,MF",West Ham,27,1995,6.9,355,11,65,128,168,35,354,38,14,36.8,21,55.3,238,1687,790,28,17,15,14,8,245,70,Matches,2023-2024
55,Rodrigo Bentancur,uy URU,MF,Tottenham,26,1997,11.2,932,36,174,513,250,29,932,21,11,52.4,8,38.1,575,2778,1154,16,22,2,16,19,732,31,Matches,2023-2024
56,Daniel Bentley,eng ENG,GK,Wolves,30,1993,4.3,151,120,149,2,0,0,151,0,0,,0,,66,318,181,0,0,0,0,0,76,0,Matches,2023-2024
57,Jóhann Berg Guðmundsson,is ISL,"MF,FW",Burnley,32,1990,13.2,656,25,108,284,268,26,656,16,5,31.3,7,43.8,371,1836,605,13,13,2,20,15,420,69,Matches,2023-2024
58,Sander Berge,no NOR,MF,Burnley,25,1998,33.4,1887,133,494,997,414,41,1887,41,20,48.8,16,39.0,1076,6419,3091,64,57,9,23,23,1233,29,Matches,2023-2024
59,Luke Berry,eng ENG,"MF,DF",Luton Town,31,1992,3.6,143,5,28,70,46,13,143,3,2,66.7,0,0.0,56,140,30,1,2,0,5,4,70,7,Matches,2023-2024
60,Beto,gw GNB,FW,Everton,25,1998,10.6,373,16,30,141,206,64,372,35,15,42.9,17,48.6,183,1021,384,14,9,13,47,22,250,58,Matches,2023-2024
61,Jordan Beyer,de GER,DF,Burnley,23,2000,13.7,1022,159,570,429,26,8,1022,7,4,57.1,2,28.6,624,3314,2089,9,11,0,5,1,678,1,Matches,2023-2024
62,Philip Billing,dk DEN,MF,Bournemouth,27,1996,15.5,755,43,139,337,286,60,755,33,12,36.4,18,54.5,366,1772,798,22,23,6,27,17,438,63,Matches,2023-2024
63,Yves Bissouma,ml MLI,MF,Tottenham,26,1996,23.0,2119,97,469,1226,443,19,2119,47,27,57.4,12,25.5,1367,7132,3006,43,42,7,33,30,1641,13,Matches,2023-2024
64,Benicio Boaitey,eng ENG,"FW,DF",Brighton,19,2004,0.4,30,1,6,6,19,1,30,1,1,100.0,0,0.0,19,105,40,1,2,1,2,1,23,2,Matches,2023-2024
65,Oscar Bobb,no NOR,"FW,MF",Manchester City,20,2003,3.4,219,4,13,36,173,27,219,18,11,61.1,6,33.3,139,671,395,13,5,5,6,6,159,38,Matches,2023-2024
66,Jayden Bogle,eng ENG,DF,Sheffield Utd,23,2000,31.0,1376,145,531,537,330,55,1376,60,25,41.7,27,45.0,592,3521,1441,38,32,11,51,27,677,92,Matches,2023-2024
67,Willy Boly,ci CIV,DF,Nott'ham Forest,32,1991,16.0,895,148,502,334,61,34,895,7,3,42.9,2,28.6,380,1713,864,4,2,1,4,3,447,3,Matches,2023-2024
68,Sven Botman,nl NED,DF,Newcastle Utd,23,2000,15.3,1154,186,676,450,29,20,1154,2,0,0.0,2,100.0,672,2866,1403,0,4,0,5,2,822,5,Matches,2023-2024
69,Jarrod Bowen,eng ENG,FW,West Ham,26,1996,33.5,1094,20,135,410,571,174,1094,97,34,35.1,55,56.7,666,4859,2141,90,40,49,79,58,745,186,Matches,2023-2024
70,Conor Bradley,nir NIR,DF,Liverpool,20,2003,8.4,661,14,140,289,243,38,661,30,13,43.3,14,46.7,373,2144,1085,35,29,12,17,10,388,64,Matches,2023-2024
71,Jarrad Branthwaite,eng ENG,DF,Everton,21,2002,34.6,1791,307,961,777,61,39,1791,8,5,62.5,2,25.0,759,3161,1557,2,5,1,20,2,903,6,Matches,2023-2024
72,Ben Brereton,cl CHI,"FW,MF",Sheffield Utd,24,1999,12.3,388,14,44,168,185,51,387,28,10,35.7,17,60.7,234,1449,669,23,15,19,23,16,282,78,Matches,2023-2024
73,Rhian Brewster,eng ENG,"FW,MF",Sheffield Utd,23,2000,3.8,113,2,9,47,57,16,113,5,0,0.0,4,80.0,62,201,75,1,4,3,8,8,81,21,Matches,2023-2024
74,Armando Broja,al ALB,FW,Chelsea,21,2001,5.0,167,3,9,56,106,35,167,31,13,41.9,16,51.6,117,695,286,11,4,8,17,14,131,37,Matches,2023-2024
75,Armando Broja,al ALB,FW,Fulham,21,2001,1.0,43,0,5,15,23,4,43,6,2,33.3,4,66.7,23,162,62,2,2,0,3,4,37,7,Matches,2023-2024
76,Andre Brooks,eng ENG,"MF,DF",Sheffield Utd,19,2003,10.4,394,16,75,209,117,16,394,25,13,52.0,11,44.0,207,1260,500,12,15,1,22,19,218,22,Matches,2023-2024
77,David Brooks,wls WAL,"FW,MF",Bournemouth,26,1997,3.1,177,2,25,72,83,11,177,10,4,40.0,6,60.0,102,680,279,8,9,1,7,1,113,27,Matches,2023-2024
78,Jacob Brown,sct SCO,"MF,FW",Luton Town,25,1998,11.3,427,30,103,152,181,50,427,25,6,24.0,16,64.0,200,1112,504,25,14,9,24,25,237,53,Matches,2023-2024
79,Josh Brownhill,eng ENG,MF,Burnley,27,1995,25.0,1351,71,326,627,410,42,1351,13,7,53.8,6,46.2,551,2278,1018,19,14,3,17,14,702,36,Matches,2023-2024
80,Jacob Bruun Larsen,dk DEN,"MF,FW",Burnley,24,1998,13.9,720,20,97,229,401,89,719,55,20,36.4,31,56.4,398,2539,1351,61,20,33,28,10,449,146,Matches,2023-2024
81,Hugo Bueno,es ESP,"DF,MF",Wolves,20,2002,8.2,517,33,180,208,130,9,517,23,8,34.8,11,47.8,266,1575,785,22,9,2,7,14,306,40,Matches,2023-2024
82,Santiago Bueno,uy URU,DF,Wolves,24,1998,9.1,566,77,301,250,18,1,566,1,1,100.0,0,0.0,330,1726,988,3,5,0,1,2,400,2,Matches,2023-2024
83,Facundo Buonanotte,ar ARG,"FW,MF",Brighton,18,2004,15.2,673,21,91,316,277,35,673,52,18,34.6,28,53.8,421,2342,898,23,25,8,42,33,480,69,Matches,2023-2024
84,Reece Burke,eng ENG,DF,Luton Town,26,1996,18.4,929,98,378,440,117,20,929,8,4,50.0,2,25.0,455,2080,1210,11,8,0,18,5,508,14,Matches,2023-2024
85,Dan Burn,eng ENG,DF,Newcastle Utd,31,1992,30.3,2007,204,948,851,212,46,2007,6,4,66.7,2,33.3,924,3930,1664,14,7,3,15,10,1150,25,Matches,2023-2024
86,Mason Burstow,eng ENG,FW,Chelsea,19,2003,0.1,6,0,0,1,5,1,6,0,0,,0,,2,1,0,0,0,0,1,0,3,1,Matches,2023-2024
87,Moisés Caicedo,ec ECU,MF,Chelsea,21,2001,31.8,2452,122,687,1405,382,9,2452,56,26,46.4,24,42.9,1378,5497,2466,27,31,1,36,24,1828,27,Matches,2023-2024
88,Tom Cairney,sct SCO,MF,Fulham,32,1991,16.5,1398,27,243,761,422,31,1398,33,26,78.8,5,15.2,931,4502,2261,35,42,6,29,24,1128,72,Matches,2023-2024
89,Dominic Calvert-Lewin,eng ENG,FW,Everton,26,1997,24.1,738,50,79,263,399,124,736,43,14,32.6,26,60.5,357,2068,794,36,21,22,65,25,565,122,Matches,2023-2024
90,Thomas Cannon,ie IRL,FW,Everton,20,2002,0.0,0,0,0,0,0,0,0,0,0,,0,,0,0,0,0,0,0,0,0,0,0,Matches,2023-2024
91,Diego Carlos,br BRA,DF,Aston Villa,30,1993,20.2,1517,244,867,610,43,23,1517,4,2,50.0,2,50.0,1013,4786,2606,4,2,1,8,4,1118,1,Matches,2023-2024
92,Cesare Casadei,it ITA,"FW,MF",Chelsea,20,2003,0.9,81,6,17,49,15,1,81,2,2,100.0,0,0.0,36,234,59,1,0,0,3,0,62,3,Matches,2023-2024
93,Casemiro,br BRA,"MF,DF",Manchester Utd,31,1992,22.0,1762,169,646,884,245,45,1762,18,9,50.0,8,44.4,984,3576,1729,12,22,1,15,17,1163,36,Matches,2023-2024
94,Kaelan Casey,eng ENG,DF,West Ham,18,2004,0.0,1,1,1,0,0,0,1,0,0,,0,,0,0,0,0,0,0,0,0,0,0,Matches,2023-2024
95,Matty Cash,pl POL,DF,Aston Villa,25,1997,23.8,1497,89,491,657,364,54,1497,41,12,29.3,20,48.8,861,4885,2233,62,41,18,21,15,896,101,Matches,2023-2024
96,Timothy Castagne,be BEL,DF,Fulham,27,1995,29.3,1937,116,697,831,418,58,1937,30,17,56.7,10,33.3,879,3780,1855,48,25,6,25,10,1121,113,Matches,2023-2024
97,Jonny Castro,es ESP,MF,Wolves,29,1994,0.1,2,1,1,1,0,0,2,0,0,,0,,0,0,0,0,0,0,0,0,0,0,Matches,2023-2024
98,Trevoh Chalobah,eng ENG,DF,Chelsea,24,1999,10.6,886,122,454,372,63,4,886,2,1,50.0,1,50.0,475,1552,709,5,5,2,10,3,633,9,Matches,2023-2024
99,Calum Chambers,eng ENG,"MF,DF",Aston Villa,28,1995,1.7,129,9,68,49,12,0,129,1,1,100.0,0,0.0,78,349,158,0,0,0,0,1,99,1,Matches,2023-2024
100,Youssef Chermiti,pt POR,FW,Everton,19,2004,2.3,106,3,11,37,59,19,106,11,3,27.3,7,63.6,55,320,105,5,1,3,14,6,76,15,Matches,2023-2024
101,Ben Chilwell,eng ENG,DF,Chelsea,26,1996,8.4,605,21,129,258,221,28,605,19,7,36.8,8,42.1,333,1713,844,22,14,5,21,5,394,59,Matches,2023-2024
102,Tawanda Chirewa,zw ZIM,"MF,FW",Wolves,19,2003,1.6,86,2,17,44,26,5,86,3,1,33.3,2,66.7,49,189,55,1,2,1,7,3,62,8,Matches,2023-2024
103,Leon Chiwome,eng ENG,FW,Wolves,17,2006,1.9,39,3,5,25,10,4,39,0,0,,0,,16,86,50,1,0,1,3,2,18,7,Matches,2023-2024
104,Tahith Chong,nl NED,"MF,FW",Luton Town,23,1999,22.0,819,30,160,351,324,52,819,72,25,34.7,32,44.4,520,3559,1880,57,47,9,59,40,560,101,Matches,2023-2024
105,Ryan Christie,sct SCO,MF,Bournemouth,28,1995,32.3,1737,88,339,876,564,69,1737,98,51,52.0,41,41.8,933,5769,2681,60,58,14,58,47,987,78,Matches,2023-2024
106,Carney Chukwuemeka,eng ENG,"MF,FW",Chelsea,19,2003,2.5,167,1,21,77,72,12,167,12,2,16.7,10,83.3,107,646,231,4,5,2,5,4,129,19,Matches,2023-2024
107,Bobby Clark,eng ENG,MF,Liverpool,18,2005,1.0,70,4,11,34,26,6,70,4,0,0.0,3,75.0,45,286,149,3,0,2,3,6,48,7,Matches,2023-2024
108,Jordan Clark,eng ENG,MF,Luton Town,29,1993,14.5,694,36,130,339,234,42,694,42,12,28.6,24,57.1,385,2122,1004,21,20,7,25,21,439,39,Matches,2023-2024
109,Nathaniel Clyne,eng ENG,DF,Crystal Palace,32,1991,14.9,722,40,273,323,131,7,722,16,8,50.0,6,37.5,326,1435,658,10,12,1,13,0,412,18,Matches,2023-2024
110,Séamus Coleman,ie IRL,DF,Everton,34,1988,7.4,388,42,136,152,103,3,388,13,6,46.2,7,53.8,162,837,387,5,5,1,7,4,176,16,Matches,2023-2024
111,Nathan Collins,ie IRL,DF,Brentford,22,2001,29.5,1879,305,1049,696,140,48,1879,17,11,64.7,2,11.8,999,4658,2636,11,15,0,22,13,1126,18,Matches,2023-2024
112,Levi Colwill,eng ENG,DF,Chelsea,20,2003,20.0,1392,108,570,669,164,26,1392,13,9,69.2,4,30.8,766,3602,1985,23,17,2,22,4,873,27,Matches,2023-2024
113,Lewis Cook,eng ENG,MF,Bournemouth,26,1997,31.0,1773,92,418,1003,382,9,1773,36,21,58.3,14,38.9,786,3970,1971,22,24,0,35,19,865,15,Matches,2023-2024
114,Jack Cork,eng ENG,MF,Burnley,34,1989,0.3,37,0,4,23,11,1,37,0,0,,0,,24,146,98,4,2,0,0,0,30,1,Matches,2023-2024
115,Maxwel Cornet,ci CIV,"MF,FW",West Ham,26,1996,1.2,68,1,12,22,35,8,68,2,0,0.0,1,50.0,34,280,84,3,2,2,1,3,41,8,Matches,2023-2024
116,Vladimír Coufal,cz CZE,DF,West Ham,30,1992,34.8,2025,163,728,814,501,26,2025,38,12,31.6,19,50.0,885,4956,2431,68,35,4,28,13,1010,126,Matches,2023-2024
117,Philippe Coutinho,br BRA,"MF,FW",Aston Villa,31,1992,0.3,30,0,4,18,9,1,30,5,4,80.0,1,20.0,26,222,134,5,4,0,2,0,29,2,Matches,2023-2024
118,Aaron Cresswell,eng ENG,"DF,FW",West Ham,33,1989,4.8,326,18,125,141,61,1,326,1,0,0.0,1,100.0,169,522,220,4,5,0,0,2,210,6,Matches,2023-2024
119,Marc Cucurella,es ESP,DF,Chelsea,25,1998,19.8,1426,91,575,590,270,27,1426,13,4,30.8,7,53.8,657,2861,1579,31,15,3,15,6,873,73,Matches,2023-2024
120,Josh Cullen,ie IRL,MF,Burnley,27,1996,22.9,1555,65,342,905,321,18,1555,13,3,23.1,5,38.5,848,3351,1691,22,21,2,17,10,1065,22,Matches,2023-2024
121,Matheus Cunha,br BRA,"FW,MF",Wolves,24,1999,27.1,1220,30,169,611,474,121,1219,140,64,45.7,61,43.6,718,5683,3203,107,79,38,80,53,885,139,Matches,2023-2024
122,Sam Curtis,ie IRL,DF,Sheffield Utd,17,2005,0.3,14,0,8,4,2,0,14,0,0,,0,,1,1,0,0,0,0,0,1,9,1,Matches,2023-2024
123,Mahmoud Dahoud,de GER,MF,Brighton,27,1996,5.0,368,12,86,225,58,4,368,5,2,40.0,3,60.0,239,951,406,4,3,1,6,5,303,6,Matches,2023-2024
124,Ameen Al-Dakhil,be BEL,DF,Burnley,21,2002,11.7,749,83,355,339,58,10,749,5,3,60.0,2,40.0,491,2471,1351,7,9,0,8,6,495,9,Matches,2023-2024
125,Diogo Dalot,pt POR,DF,Manchester Utd,24,1999,35.3,2196,185,752,873,587,48,2196,52,31,59.6,18,34.6,1150,5414,2901,52,43,10,24,11,1256,111,Matches,2023-2024
126,Mikkel Damsgaard,dk DEN,MF,Brentford,23,2000,9.4,555,15,108,260,195,20,555,20,9,45.0,11,55.0,316,1578,846,16,11,3,18,8,346,32,Matches,2023-2024
127,Danilo,br BRA,MF,Nott'ham Forest,22,2001,19.9,977,79,281,521,191,16,977,26,17,65.4,9,34.6,514,2532,1167,22,20,3,24,13,591,28,Matches,2023-2024
128,Arnaut Danjuma,nl NED,"MF,FW",Everton,26,1997,6.6,223,4,23,77,127,32,223,21,8,38.1,11,52.4,147,1182,599,24,15,11,10,7,147,44,Matches,2023-2024
129,Jayden Danns,eng ENG,FW,Liverpool,17,2006,0.1,7,0,0,3,4,0,7,0,0,,0,,3,11,5,0,1,0,0,0,4,2,Matches,2023-2024
130,Josh Dasilva,eng ENG,"DF,FW",Brentford,24,1998,0.3,26,1,1,6,19,6,26,4,2,50.0,2,50.0,17,153,69,2,0,2,2,4,17,5,Matches,2023-2024
131,David Datro Fofana,ci CIV,FW,Burnley,20,2002,9.8,307,10,36,130,147,45,307,41,15,36.6,22,53.7,187,1226,527,21,9,11,37,20,222,39,Matches,2023-2024
132,Ben Davies,wls WAL,DF,Tottenham,30,1993,12.1,972,97,406,473,96,23,972,10,4,40.0,6,60.0,593,3265,2044,13,13,1,2,3,685,20,Matches,2023-2024
133,Tom Davies,eng ENG,MF,Sheffield Utd,25,1998,2.5,142,9,44,65,34,5,142,8,2,25.0,5,62.5,67,381,167,3,2,1,3,4,76,3,Matches,2023-2024
134,Craig Dawson,eng ENG,DF,Wolves,33,1990,24.5,1529,292,889,592,54,34,1529,3,3,100.0,0,0.0,896,4227,1932,1,7,0,5,2,997,4,Matches,2023-2024
135,Kevin De Bruyne,be BEL,MF,Manchester City,32,1991,13.6,1103,2,35,354,724,86,1103,33,10,30.3,21,63.6,633,2916,1647,47,40,12,13,20,833,133,Matches,2023-2024
136,Hannes Delcroix,be BEL,DF,Burnley,24,1999,6.5,419,42,175,204,40,4,419,6,3,50.0,2,33.3,241,847,451,2,2,0,5,3,268,6,Matches,2023-2024
137,Leander Dendoncker,be BEL,MF,Aston Villa,28,1995,1.3,80,4,31,39,12,2,80,0,0,,0,,36,124,27,0,1,0,2,1,39,2,Matches,2023-2024
138,Moussa Diaby,fr FRA,"FW,MF",Aston Villa,24,1999,24.2,824,12,69,298,470,136,824,70,29,41.4,37,52.9,568,3926,2013,94,43,39,33,30,620,183,Matches,2023-2024
139,Amad Diallo,ci CIV,"FW,MF",Manchester Utd,21,2002,4.3,231,8,28,94,110,24,231,23,11,47.8,10,43.5,146,1035,355,11,12,4,7,14,163,31,Matches,2023-2024
140,Amadou Diallo,eng ENG,MF,Newcastle Utd,20,2003,0.0,1,0,0,1,0,0,1,0,0,,0,,0,0,0,0,0,0,0,0,1,0,Matches,2023-2024
141,Rúben Dias,pt POR,DF,Manchester City,26,1997,28.4,2877,231,1002,1600,282,34,2877,1,0,0.0,1,100.0,1996,10862,6693,34,70,1,10,7,2301,16,Matches,2023-2024
142,Luis Díaz,co COL,FW,Liverpool,26,1997,29.2,1453,10,94,529,858,219,1453,140,67,47.9,57,40.7,1017,7500,3690,137,77,70,69,72,1128,302,Matches,2023-2024
143,Eric Dier,eng ENG,DF,Tottenham,29,1994,2.2,164,38,106,57,2,2,164,0,0,,0,,97,291,119,0,0,0,1,0,112,0,Matches,2023-2024
144,Lucas Digne,fr FRA,DF,Aston Villa,30,1993,26.8,1590,71,468,541,593,56,1590,33,10,30.3,16,48.5,840,3630,1786,42,19,4,16,15,925,200,Matches,2023-2024
145,Issa Diop,fr FRA,DF,Fulham,26,1997,15.8,1258,168,669,568,24,7,1258,1,1,100.0,0,0.0,794,4396,2661,11,8,0,3,5,884,1,Matches,2023-2024
146,Axel Disasi,fr FRA,DF,Chelsea,25,1998,28.7,2496,291,1193,1140,175,24,2496,22,12,54.5,5,22.7,1613,7182,4223,30,20,3,16,12,1892,21,Matches,2023-2024
147,Ben Doak,sct SCO,FW,Liverpool,17,2005,0.2,6,0,0,2,4,0,6,0,0,,0,,4,7,2,0,0,0,2,0,4,0,Matches,2023-2024
148,Lewis Dobbin,eng ENG,MF,Everton,20,2003,2.6,127,0,24,42,65,11,127,21,6,28.6,15,71.4,89,622,211,6,11,4,12,6,80,20,Matches,2023-2024
149,Matt Doherty,ie IRL,"DF,MF",Wolves,31,1992,12.8,811,60,274,336,205,31,811,14,6,42.9,7,50.0,325,1293,597,12,8,3,17,6,481,64,Matches,2023-2024
150,Jeremy Doku,be BEL,"FW,MF",Manchester City,21,2002,17.7,1161,5,76,275,825,226,1161,169,87,51.5,64,37.9,879,7535,4884,218,61,147,52,37,937,295,Matches,2023-2024
151,Nicolás Domínguez,ar ARG,"MF,FW",Nott'ham Forest,25,1998,16.6,1049,39,266,542,248,33,1049,17,7,41.2,8,47.1,492,2030,1106,14,13,2,21,7,628,43,Matches,2023-2024
152,Jamie Donley,nir NIR,FW,Tottenham,18,2005,0.0,7,2,4,2,1,0,7,1,0,0.0,1,100.0,2,9,8,0,0,0,0,1,1,0,Matches,2023-2024
153,Abdoulaye Doucouré,ml MLI,"FW,MF",Everton,30,1993,29.2,1190,36,188,523,495,100,1190,48,25,52.1,21,43.8,635,3292,1692,55,37,17,61,42,800,140,Matches,2023-2024
154,Cheick Doucouré,ml MLI,MF,Crystal Palace,23,2000,10.2,545,25,145,312,97,7,545,13,10,76.9,3,23.1,276,1153,579,9,9,1,16,8,318,5,Matches,2023-2024
155,Alfie Doughty,eng ENG,DF,Luton Town,23,1999,32.5,1998,102,541,665,818,76,1998,67,33,49.3,24,35.8,897,5522,2794,94,52,28,51,13,968,164,Matches,2023-2024
156,Tommy Doyle,eng ENG,MF,Wolves,21,2001,13.6,1061,40,265,620,182,6,1061,3,1,33.3,1,33.3,637,3091,1408,21,17,2,7,7,766,17,Matches,2023-2024
157,Radu Drăgușin,ro ROU,DF,Tottenham,21,2002,4.8,411,44,217,189,7,2,411,3,1,33.3,1,33.3,284,1550,738,5,2,1,1,1,312,1,Matches,2023-2024
158,Martin Dúbravka,sk SVK,GK,Newcastle Utd,34,1989,22.1,709,604,702,7,0,0,709,0,0,,0,,378,2050,1374,0,0,0,3,0,260,0,Matches,2023-2024
159,Paul Dummett,wls WAL,DF,Newcastle Utd,31,1991,0.2,26,3,7,16,3,1,26,0,0,,0,,12,54,33,1,0,0,0,0,20,0,Matches,2023-2024
160,Lewis Dunk,eng ENG,DF,Brighton,31,1991,31.9,3481,554,1811,1542,145,51,3481,8,5,62.5,2,25.0,2417,10752,5605,33,18,2,9,2,2681,13,Matches,2023-2024
161,Jáder Durán,co COL,"FW,MF",Aston Villa,19,2003,5.3,189,8,22,90,80,27,189,5,2,40.0,3,60.0,102,508,206,9,5,5,16,14,138,25,Matches,2023-2024
162,George Earthy,eng ENG,FW,West Ham,18,2004,0.4,18,0,3,7,8,1,18,0,0,,0,,13,48,13,0,1,0,0,0,15,3,Matches,2023-2024
163,Ederson,br BRA,GK,Manchester City,29,1993,30.9,1283,965,1263,20,0,0,1283,1,1,100.0,0,0.0,847,3714,2353,0,0,0,0,0,842,0,Matches,2023-2024
164,Odsonne Édouard,fr FRA,"FW,MF",Crystal Palace,25,1998,17.3,597,18,59,222,326,98,597,50,19,38.0,24,48.0,341,1762,877,33,18,25,55,26,415,100,Matches,2023-2024
165,John Egan,ie IRL,DF,Sheffield Utd,30,1992,5.4,257,58,163,81,13,9,257,0,0,,0,,106,485,233,0,2,0,2,1,133,1,Matches,2023-2024
166,Hjalmar Ekdal,se SWE,DF,Burnley,24,1998,4.9,268,36,131,124,15,3,268,3,2,66.7,1,33.3,142,885,523,5,4,0,2,1,150,1,Matches,2023-2024
167,Anthony Elanga,se SWE,"FW,MF",Nott'ham Forest,21,2002,27.0,1022,25,181,348,507,122,1022,76,28,36.8,42,55.3,625,4704,2514,98,54,42,67,22,740,196,Matches,2023-2024
168,Harvey Elliott,eng ENG,"MF,FW",Liverpool,20,2003,15.0,1141,8,91,546,512,71,1141,20,9,45.0,10,50.0,722,3946,1753,44,50,9,15,9,860,122,Matches,2023-2024
169,Mohamed Elneny,eg EGY,MF,Arsenal,31,1992,0.3,45,1,9,30,6,1,45,0,0,,0,,27,148,62,1,0,0,1,0,37,0,Matches,2023-2024
170,Emerson,br BRA,DF,Tottenham,24,1999,12.9,1220,103,462,517,249,12,1220,21,10,47.6,6,28.6,686,2759,1292,21,19,2,15,12,814,35,Matches,2023-2024
171,Julio Enciso,py PAR,"MF,FW",Brighton,19,2004,5.3,257,5,24,106,131,21,257,29,17,58.6,7,24.1,193,1299,839,28,20,7,15,8,202,29,Matches,2023-2024
172,Wataru Endo,jp JPN,MF,Liverpool,30,1993,19.1,1514,48,295,1002,224,9,1514,16,10,62.5,5,31.3,890,3465,1523,10,21,2,27,22,1098,21,Matches,2023-2024
173,Christian Eriksen,dk DEN,MF,Manchester Utd,31,1992,12.7,896,27,165,492,246,12,896,6,3,50.0,3,50.0,515,2319,1199,20,21,2,8,14,620,23,Matches,2023-2024
174,Maxime Estève,fr FRA,DF,Burnley,21,2002,14.5,979,158,465,463,52,8,979,3,1,33.3,0,0.0,514,2716,1664,15,18,2,5,3,600,3,Matches,2023-2024
175,Pervis Estupiñán,ec ECU,DF,Brighton,25,1998,13.8,1109,56,256,546,316,37,1109,23,9,39.1,9,39.1,693,3046,1806,47,30,13,20,6,735,88,Matches,2023-2024
176,Jonny Evans,nir NIR,DF,Manchester Utd,35,1988,15.5,1005,185,556,420,31,8,1005,7,4,57.1,2,28.6,567,2683,1441,7,5,0,5,3,625,1,Matches,2023-2024
177,Eberechi Eze,eng ENG,"MF,FW",Crystal Palace,25,1998,22.8,1274,11,121,522,658,103,1273,140,69,49.3,64,45.7,789,4822,2098,68,61,43,77,48,887,139,Matches,2023-2024
178,Łukasz Fabiański,pl POL,GK,West Ham,38,1985,8.0,260,222,255,5,0,0,260,0,0,,0,,140,822,585,0,0,0,0,0,94,0,Matches,2023-2024
179,Romain Faivre,fr FRA,"MF,FW",Bournemouth,25,1998,0.5,37,1,3,15,19,3,37,7,2,28.6,3,42.9,24,215,121,4,4,0,3,1,31,4,Matches,2023-2024
180,Ansu Fati,es ESP,"MF,FW",Brighton,20,2002,5.8,300,4,27,141,135,43,300,18,5,27.8,9,50.0,212,1025,451,16,5,9,15,10,238,50,Matches,2023-2024
181,Felipe,br BRA,DF,Nott'ham Forest,34,1989,4.2,257,22,133,116,9,4,257,2,1,50.0,1,50.0,147,692,361,1,1,0,3,1,156,0,Matches,2023-2024
182,Evan Ferguson,ie IRL,FW,Brighton,18,2004,15.2,448,13,64,204,185,45,448,16,7,43.8,6,37.5,286,1299,414,13,9,5,40,31,336,62,Matches,2023-2024
183,Bruno Fernandes,pt POR,"MF,FW",Manchester Utd,28,1994,34.6,2585,96,414,1069,1126,105,2580,44,19,43.2,21,47.7,1367,6155,3408,86,61,23,48,35,1715,182,Matches,2023-2024
184,Enzo Fernández,ar ARG,MF,Chelsea,22,2001,24.5,2128,67,442,1209,488,47,2126,44,23,52.3,17,38.6,1315,6080,3109,52,46,8,29,24,1675,54,Matches,2023-2024
185,John Fleck,sct SCO,"MF,DF",Sheffield Utd,31,1991,1.0,49,3,10,29,11,1,49,1,0,0.0,0,0.0,19,81,39,2,1,0,2,0,27,0,Matches,2023-2024
186,Mark Flekken,nl NED,GK,Brentford,30,1993,36.5,1658,1268,1584,74,0,0,1658,4,3,75.0,1,25.0,930,5167,2908,0,0,0,0,0,810,0,Matches,2023-2024
187,Phil Foden,eng ENG,"FW,MF",Manchester City,23,2000,31.7,2146,22,174,785,1211,190,2146,102,47,46.1,46,45.1,1435,6921,3434,93,79,56,62,49,1753,269,Matches,2023-2024
188,Wes Foderingham,eng ENG,GK,Sheffield Utd,32,1991,29.4,1155,945,1137,20,0,0,1155,2,2,100.0,0,0.0,575,3493,2231,0,0,0,1,1,389,0,Matches,2023-2024
189,Pablo Fornals,es ESP,"MF,FW",West Ham,27,1996,4.7,277,7,53,128,98,20,277,12,6,50.0,5,41.7,156,645,256,4,7,2,8,8,176,27,Matches,2023-2024
190,Omari Forson,eng ENG,FW,Manchester Utd,19,2004,0.8,39,0,2,25,12,1,39,2,1,50.0,1,50.0,29,115,34,1,3,0,1,0,31,2,Matches,2023-2024
191,Lyle Foster,za RSA,"FW,MF",Burnley,22,2000,21.1,692,41,93,289,321,93,692,39,19,48.7,18,46.2,380,2464,1278,55,31,36,69,33,479,104,Matches,2023-2024
192,Matheus França,br BRA,"MF,FW",Crystal Palace,19,2004,2.6,119,3,31,45,51,9,119,14,4,28.6,9,64.3,81,722,372,12,11,5,4,7,73,12,Matches,2023-2024
193,Nathan Fraser,ie IRL,FW,Wolves,18,2005,2.1,62,4,10,28,25,5,62,0,0,,0,,32,88,22,1,1,1,4,2,39,21,Matches,2023-2024
194,Cody Gakpo,nl NED,"FW,MF",Liverpool,24,1999,18.3,809,15,77,335,412,107,809,54,31,57.4,17,31.5,549,3003,1472,43,31,13,44,32,618,130,Matches,2023-2024
195,Conor Gallagher,eng ENG,MF,Chelsea,23,2000,34.8,2443,77,468,1221,793,79,2443,65,38,58.5,18,27.7,1453,7243,2979,62,54,14,69,39,1739,122,Matches,2023-2024
196,Idrissa Gana Gueye,sn SEN,MF,Everton,33,1989,20.9,1126,59,280,608,252,21,1126,25,11,44.0,11,44.0,592,2976,1431,29,26,2,17,20,670,41,Matches,2023-2024
197,Alejandro Garnacho,ar ARG,FW,Manchester Utd,19,2004,28.5,1312,13,180,403,741,248,1312,131,48,36.6,63,48.1,940,8034,4211,178,83,102,69,49,1007,281,Matches,2023-2024
198,James Garner,eng ENG,MF,Everton,22,2001,33.4,1610,83,307,776,549,41,1610,41,19,46.3,16,39.0,736,3856,1657,36,37,5,33,10,857,76,Matches,2023-2024
199,Saman Ghoddos,ir IRN,DF,Brentford,29,1993,8.2,542,12,139,223,184,10,542,13,3,23.1,8,61.5,282,1389,717,22,12,2,10,4,313,31,Matches,2023-2024
200,Morgan Gibbs-White,eng ENG,"MF,FW",Nott'ham Forest,23,2000,35.1,1879,28,217,896,801,103,1878,116,44,37.9,55,47.4,1034,5615,2866,79,61,15,78,44,1235,181,Matches,2023-2024
201,Bryan Gil,es ESP,"FW,MF",Tottenham,22,2001,2.3,191,3,25,66,101,18,191,11,8,72.7,3,27.3,137,746,340,11,6,5,9,7,155,49,Matches,2023-2024
202,Alfie Gilchrist,eng ENG,DF,Chelsea,19,2003,2.3,177,14,72,57,49,5,177,1,1,100.0,0,0.0,78,263,130,1,1,0,2,2,96,4,Matches,2023-2024
203,Ryan Giles,eng ENG,"DF,MF",Luton Town,23,2000,5.6,273,20,81,74,119,4,273,8,4,50.0,3,37.5,116,517,241,9,5,2,7,1,129,30,Matches,2023-2024
204,Billy Gilmour,sct SCO,MF,Brighton,22,2001,23.6,2277,67,447,1425,417,12,2277,23,8,34.8,13,56.5,1410,6287,3120,39,53,0,28,9,1871,33,Matches,2023-2024
205,Ben Godfrey,eng ENG,DF,Everton,25,1998,12.4,655,67,221,265,172,19,655,14,5,35.7,9,64.3,233,1158,571,11,12,0,10,6,283,26,Matches,2023-2024
206,André Gomes,pt POR,"MF,FW",Everton,30,1993,5.6,352,10,57,179,121,11,352,12,3,25.0,8,66.7,183,868,333,8,7,3,8,6,232,29,Matches,2023-2024
207,João Gomes,br BRA,MF,Wolves,22,2001,29.4,1626,66,433,859,352,35,1626,55,26,47.3,23,41.8,805,3929,1772,28,22,6,42,44,1011,44,Matches,2023-2024
208,Toti Gomes,pt POR,DF,Wolves,24,1999,30.8,2109,188,1020,927,169,22,2109,31,23,74.2,5,16.1,1113,4427,2325,22,16,2,17,6,1394,11,Matches,2023-2024
209,Joe Gomez,eng ENG,DF,Liverpool,26,1997,19.8,1564,85,371,832,375,28,1564,32,15,46.9,12,37.5,891,4686,2313,44,34,3,25,11,979,105,Matches,2023-2024
210,Sergio Gómez,es ESP,"FW,MF",Manchester City,22,2000,0.6,59,0,10,19,30,3,59,2,2,100.0,0,0.0,38,231,112,4,0,1,0,0,48,4,Matches,2023-2024
211,Enso Gonzalez,py PAR,"MF,DF",Wolves,18,2005,0.0,7,0,0,4,3,0,7,0,0,,0,,4,35,3,0,1,0,1,0,7,2,Matches,2023-2024
212,Anthony Gordon,eng ENG,FW,Newcastle Utd,22,2001,32.1,1424,15,158,555,733,147,1423,133,54,40.6,56,42.1,955,7622,3668,138,73,59,70,40,1026,232,Matches,2023-2024
213,Kaide Gordon,eng ENG,FW,Liverpool,18,2004,0.0,2,0,0,0,2,1,2,0,0,,0,,0,0,0,0,0,0,1,0,0,0,Matches,2023-2024
214,Daniel Gore,eng ENG,MF,Manchester Utd,18,2004,0.0,2,0,0,1,1,0,2,0,0,,0,,2,6,2,0,0,0,0,0,1,0,Matches,2023-2024
215,Ryan Gravenberch,nl NED,MF,Liverpool,21,2002,12.5,696,17,84,347,272,42,696,50,23,46.0,22,44.0,432,2458,1369,39,28,10,46,13,472,71,Matches,2023-2024
216,Ivo Grbić,hr CRO,GK,Sheffield Utd,27,1996,8.6,324,280,317,7,0,0,324,0,0,,0,,152,1049,772,0,0,0,0,0,92,0,Matches,2023-2024
217,Jack Grealish,eng ENG,"FW,MF",Manchester City,27,1995,11.2,697,7,53,206,443,82,697,41,18,43.9,11,26.8,522,4025,2080,87,46,50,19,22,578,146,Matches,2023-2024
218,Pascal Groß,de GER,"MF,DF",Brighton,32,1991,34.6,3534,133,826,1681,1050,70,3533,30,16,53.3,13,43.3,2284,10055,5189,83,69,8,35,28,2736,180,Matches,2023-2024
219,Marc Guéhi,eng ENG,DF,Crystal Palace,23,2000,22.5,1501,196,761,678,67,12,1501,13,7,53.8,4,30.8,898,4190,2201,15,9,1,9,2,1011,7,Matches,2023-2024
220,Bruno Guimarães,br BRA,MF,Newcastle Utd,25,1997,36.3,2734,90,573,1482,722,75,2734,132,72,54.5,41,31.1,1842,10297,4241,65,73,19,61,70,2107,73,Matches,2023-2024
221,Malo Gusto,fr FRA,DF,Chelsea,20,2003,19.5,1641,71,470,698,499,49,1641,42,17,40.5,20,47.6,972,5376,2791,78,41,16,32,12,1103,135,Matches,2023-2024
222,Joško Gvardiol,hr CRO,DF,Manchester City,21,2002,25.9,2179,67,452,1124,622,60,2179,45,26,57.8,14,31.1,1285,6099,3249,63,49,15,23,14,1529,115,Matches,2023-2024
223,Erling Haaland,no NOR,FW,Manchester City,23,2000,28.4,636,15,36,206,398,183,628,30,12,40.0,16,53.3,357,1628,728,35,13,22,41,19,489,126,Matches,2023-2024
224,Antwoine Hackford,eng ENG,FW,Sheffield Utd,19,2004,0.1,4,0,0,2,2,0,4,1,0,0.0,1,100.0,3,11,2,0,1,0,1,0,3,0,Matches,2023-2024
225,Lewis Hall,eng ENG,DF,Newcastle Utd,18,2004,8.7,668,35,255,285,137,12,668,18,9,50.0,7,38.9,343,1783,1035,19,16,5,9,13,400,27,Matches,2023-2024
226,Gustavo Hamer,nl NED,MF,Sheffield Utd,26,1997,32.3,1403,63,286,648,485,44,1403,58,28,48.3,28,48.3,624,3316,1572,36,26,13,37,17,761,86,Matches,2023-2024
227,Luke Harris,wls WAL,MF,Fulham,18,2005,0.8,19,1,8,6,5,1,19,2,0,0.0,2,100.0,9,39,6,0,1,0,0,0,11,0,Matches,2023-2024
228,Jack Harrison,eng ENG,"MF,FW",Everton,26,1996,24.6,935,36,167,338,445,59,935,75,29,38.7,39,52.0,539,3250,1546,65,31,14,68,41,580,135,Matches,2023-2024
229,Daiki Hashioka,jp JPN,DF,Luton Town,24,1999,6.6,355,51,165,137,55,2,355,2,1,50.0,1,50.0,184,799,303,3,3,0,8,6,206,16,Matches,2023-2024
230,Kai Havertz,de GER,"MF,FW",Arsenal,24,1999,29.3,1282,29,143,541,611,184,1281,42,16,38.1,19,45.2,686,3077,1532,55,36,23,54,35,918,191,Matches,2023-2024
231,Jan Paul van Hecke,nl NED,DF,Brighton,23,2000,26.3,2668,324,1209,1311,157,20,2668,9,5,55.6,2,22.2,1918,10198,6274,25,41,2,16,3,2080,7,Matches,2023-2024
232,Hwang Hee-chan,kr KOR,"FW,MF",Wolves,27,1996,23.5,777,13,100,345,344,103,776,69,36,52.2,30,43.5,478,2586,999,37,21,24,55,31,564,120,Matches,2023-2024
233,Dean Henderson,eng ENG,GK,Crystal Palace,26,1997,18.0,536,478,536,0,0,0,536,0,0,,0,,284,1668,734,0,0,0,1,0,233,0,Matches,2023-2024
234,Rico Henry,eng ENG,DF,Brentford,26,1997,4.5,227,14,78,93,59,7,227,10,7,70.0,1,10.0,115,698,372,13,3,3,8,7,126,12,Matches,2023-2024
235,Son Heung-min,kr KOR,FW,Tottenham,31,1992,32.6,1354,8,87,458,823,212,1352,92,39,42.4,47,51.1,927,5688,2989,119,44,64,55,41,1100,325,Matches,2023-2024
236,Aaron Hickey,sct SCO,DF,Brentford,21,2002,7.9,356,25,132,155,76,7,356,14,5,35.7,5,35.7,212,1107,505,9,3,1,14,5,225,13,Matches,2023-2024
237,James Hill,eng ENG,DF,Bournemouth,21,2002,0.8,62,10,26,24,12,0,62,1,0,0.0,1,100.0,18,41,7,0,1,0,1,1,20,1,Matches,2023-2024
238,Jack Hinshelwood,eng ENG,DF,Brighton,18,2005,9.7,590,26,193,256,143,30,590,5,0,0.0,4,80.0,331,1598,726,16,15,1,9,2,381,38,Matches,2023-2024
239,Mason Holgate,eng ENG,DF,Sheffield Utd,26,1996,7.9,296,53,143,119,35,3,296,2,1,50.0,1,50.0,95,356,159,0,2,1,4,1,105,0,Matches,2023-2024
240,Callum Hudson-Odoi,eng ENG,"FW,MF",Nott'ham Forest,22,2000,20.6,932,19,129,298,524,77,932,80,43,53.8,27,33.8,648,5053,3054,111,57,39,34,33,704,173,Matches,2023-2024
241,Will Hughes,eng ENG,MF,Crystal Palace,28,1995,21.0,1094,45,228,657,219,15,1094,15,9,60.0,3,20.0,463,1931,900,14,14,0,22,27,609,17,Matches,2023-2024
242,Pierre Højbjerg,dk DEN,MF,Tottenham,27,1995,14.6,1584,63,377,913,309,16,1584,23,12,52.2,10,43.5,1013,4239,1820,17,25,2,20,9,1231,29,Matches,2023-2024
243,Rasmus Højlund,dk DEN,FW,Manchester Utd,20,2003,24.0,612,20,61,262,297,96,612,38,18,47.4,18,47.4,355,2082,1088,35,26,14,50,29,429,111,Matches,2023-2024
244,Igor,br BRA,DF,Brighton,25,1998,18.2,1651,105,604,913,141,7,1651,22,16,72.7,5,22.7,1055,5334,2867,30,23,0,9,6,1205,12,Matches,2023-2024
245,Danny Ings,eng ENG,FW,West Ham,31,1992,4.5,165,8,20,68,79,24,165,13,6,46.2,6,46.2,94,381,129,7,2,3,9,4,107,29,Matches,2023-2024
246,Tim Iroegbunam,eng ENG,MF,Aston Villa,20,2003,1.8,79,5,27,46,8,0,79,7,3,42.9,2,28.6,41,222,115,3,0,0,2,3,38,0,Matches,2023-2024
247,Alexander Isak,se SWE,FW,Newcastle Utd,23,1999,25.1,725,19,46,299,387,139,720,74,42,56.8,28,37.8,421,3052,1613,68,31,38,49,23,511,129,Matches,2023-2024
248,Alex Iwobi,ng NGA,MF,Everton,27,1996,1.6,58,0,5,17,38,3,58,4,3,75.0,1,25.0,33,316,221,6,5,2,3,1,34,8,Matches,2023-2024
249,Alex Iwobi,ng NGA,"FW,MF",Fulham,27,1996,24.4,1282,19,190,585,537,81,1282,72,37,51.4,32,44.4,866,5856,2979,109,80,27,50,28,1004,175,Matches,2023-2024
250,Nicolas Jackson,sn SEN,FW,Chelsea,22,2001,31.1,998,28,94,450,480,151,998,105,54,51.4,36,34.3,616,4579,2122,70,44,32,87,66,752,200,Matches,2023-2024
251,Reece James,eng ENG,DF,Chelsea,23,1999,4.7,391,26,118,153,124,20,391,15,9,60.0,4,26.7,217,1061,548,19,8,3,6,6,245,35,Matches,2023-2024
252,Vitaly Janelt,de GER,"MF,DF",Brentford,25,1998,33.9,1703,115,513,772,437,72,1703,18,8,44.4,7,38.9,893,3559,1558,25,25,3,27,10,1053,81,Matches,2023-2024
253,Daniel Jebbison,eng ENG,FW,Sheffield Utd,19,2003,0.2,9,0,0,5,4,2,9,0,0,,0,,5,6,1,0,0,0,1,0,4,1,Matches,2023-2024
254,Mathias Jensen,dk DEN,MF,Brentford,27,1996,24.5,1440,48,288,689,475,21,1440,44,18,40.9,23,52.3,641,2961,1265,19,17,3,31,18,768,66,Matches,2023-2024
255,Gabriel Jesus,br BRA,FW,Arsenal,26,1997,16.4,782,16,75,247,472,139,782,75,35,46.7,30,40.0,489,2654,1146,38,21,25,61,38,567,155,Matches,2023-2024
256,Raúl Jiménez,mx MEX,FW,Fulham,32,1991,15.5,567,22,58,269,240,67,567,24,10,41.7,12,50.0,317,1407,453,11,14,5,44,32,442,87,Matches,2023-2024
257,João Pedro,br BRA,"FW,MF",Brighton,21,2001,22.7,1196,32,105,475,629,184,1191,107,43,40.2,45,42.1,787,5003,2295,83,42,47,83,63,949,205,Matches,2023-2024
258,Joelinton,br BRA,"MF,FW",Newcastle Utd,26,1996,14.2,808,37,152,410,253,38,808,35,17,48.6,11,31.4,436,2159,1061,29,24,6,22,28,583,60,Matches,2023-2024
259,Ben Johnson,eng ENG,"DF,FW",West Ham,23,2000,6.0,417,21,139,169,119,4,417,25,11,44.0,12,48.0,232,1479,633,17,11,1,6,10,243,33,Matches,2023-2024
260,Brennan Johnson,wls WAL,FW,Tottenham,22,2001,23.2,977,14,94,316,578,154,977,71,25,35.2,39,54.9,638,3938,2091,97,35,48,35,19,748,293,Matches,2023-2024
261,Brennan Johnson,wls WAL,"FW,MF",Nott'ham Forest,22,2001,2.6,85,2,15,38,34,9,85,7,2,28.6,3,42.9,50,372,205,8,4,3,4,2,52,14,Matches,2023-2024
262,Joseph Johnson,eng ENG,DF,Luton Town,17,2006,0.9,36,4,18,16,2,0,36,0,0,,0,,18,75,9,0,0,0,0,1,26,1,Matches,2023-2024
263,Sam Johnstone,eng ENG,GK,Crystal Palace,30,1993,20.0,640,539,637,3,0,0,640,0,0,,0,,350,2039,1281,0,0,0,0,0,287,0,Matches,2023-2024
264,Curtis Jones,eng ENG,MF,Liverpool,22,2001,13.0,915,24,127,509,287,38,915,29,15,51.7,10,34.5,624,3297,1425,31,25,7,15,33,709,88,Matches,2023-2024
265,Jorginho,it ITA,MF,Arsenal,31,1991,10.2,871,25,154,479,239,5,871,5,2,40.0,3,60.0,521,1941,945,8,11,0,5,4,671,8,Matches,2023-2024
266,Diogo Jota,pt POR,FW,Liverpool,26,1996,12.7,594,8,53,240,311,107,594,41,15,36.6,21,51.2,350,2104,1239,54,29,23,42,18,427,111,Matches,2023-2024
267,Mads Juel Andersen,dk DEN,DF,Luton Town,25,1997,4.4,182,56,118,57,7,4,182,1,0,0.0,1,100.0,58,301,112,0,0,0,6,0,64,1,Matches,2023-2024
268,Hamed Junior Traorè,ci CIV,MF,Bournemouth,23,2000,0.5,41,1,13,14,15,2,41,8,4,50.0,4,50.0,22,153,80,2,1,1,2,1,28,4,Matches,2023-2024
269,Mathias Jørgensen,dk DEN,DF,Brentford,33,1990,12.1,704,74,287,350,70,24,704,4,3,75.0,0,0.0,275,1222,758,5,4,0,4,1,372,4,Matches,2023-2024
270,Issa Kaboré,bf BFA,DF,Luton Town,22,2001,19.2,985,79,329,386,283,18,985,42,18,42.9,18,42.9,455,3134,1558,60,33,10,25,8,449,85,Matches,2023-2024
271,Sasa Kalajdzic,at AUT,FW,Wolves,26,1997,1.8,88,5,20,44,24,7,88,1,1,100.0,0,0.0,46,143,48,1,1,0,2,5,68,9,Matches,2023-2024
272,Boubacar Kamara,fr FRA,MF,Aston Villa,23,1999,18.4,1195,50,305,720,186,13,1195,30,14,46.7,12,40.0,769,3527,1663,19,22,1,19,13,880,10,Matches,2023-2024
273,Willy Kambwala,fr FRA,DF,Manchester Utd,18,2004,3.7,232,27,142,88,2,0,232,2,0,0.0,2,100.0,124,689,377,2,1,0,3,1,149,1,Matches,2023-2024
274,Thomas Kaminski,be BEL,GK,Luton Town,30,1992,37.8,1580,1129,1553,30,1,0,1580,2,2,100.0,0,0.0,805,4663,2432,0,0,0,1,0,657,0,Matches,2023-2024
275,Loris Karius,de GER,GK,Newcastle Utd,30,1993,1.0,41,34,41,0,0,0,41,0,0,,0,,17,57,25,0,0,0,0,0,15,0,Matches,2023-2024
276,Michael Keane,eng ENG,DF,Everton,30,1993,4.9,270,35,122,126,24,11,270,3,2,66.7,1,33.3,154,595,296,4,2,0,2,3,170,3,Matches,2023-2024
277,Thilo Kehrer,de GER,"DF,MF",West Ham,26,1996,0.2,12,2,2,8,2,0,12,0,0,,0,,3,15,5,0,0,0,0,0,6,1,Matches,2023-2024
278,Caoimhín Kelleher,ie IRL,GK,Liverpool,24,1998,10.0,457,269,446,11,0,0,457,0,0,,0,,367,1742,1077,0,0,0,0,0,330,0,Matches,2023-2024
279,Lloyd Kelly,eng ENG,DF,Bournemouth,24,1998,17.3,1065,127,432,484,156,11,1065,4,2,50.0,0,0.0,540,2680,1451,15,10,2,20,6,572,28,Matches,2023-2024
280,Omari Kellyman,eng ENG,FW,Aston Villa,17,2005,0.4,11,0,1,8,2,0,11,0,0,,0,,4,33,9,1,1,0,2,0,6,0,Matches,2023-2024
281,Milos Kerkez,hu HUN,DF,Bournemouth,19,2003,21.9,1095,81,371,386,352,31,1095,27,12,44.4,12,44.4,518,3192,1617,46,28,8,29,10,538,93,Matches,2023-2024
282,Kaine Kesler-Hayden,eng ENG,"MF,DF",Aston Villa,20,2002,0.1,0,0,0,0,0,0,0,0,0,,0,,0,0,0,0,0,0,0,0,0,0,Matches,2023-2024
283,Max Kilman,eng ENG,DF,Wolves,26,1997,38.0,2706,451,1478,1110,133,30,2706,16,10,62.5,3,18.8,1582,7276,4107,22,17,1,8,10,1877,5,Matches,2023-2024
284,Jakub Kiwior,pl POL,DF,Arsenal,23,2000,10.5,716,25,189,367,167,15,716,3,2,66.7,1,33.3,362,1264,681,4,8,1,8,2,462,16,Matches,2023-2024
285,Justin Kluivert,nl NED,"MF,FW",Bournemouth,24,1999,21.3,694,13,86,224,397,108,694,67,24,35.8,41,61.2,414,2930,1644,65,37,35,50,30,442,114,Matches,2023-2024
286,Luca Koleosho,it ITA,"MF,FW",Burnley,18,2004,10.8,416,5,33,149,240,52,416,78,33,42.3,39,50.0,299,2603,1383,53,37,29,22,14,313,82,Matches,2023-2024
287,Ibrahima Konaté,fr FRA,DF,Liverpool,24,1999,17.5,1622,86,533,1018,80,16,1622,10,6,60.0,1,10.0,1081,5747,3590,24,17,0,8,5,1162,3,Matches,2023-2024
288,Ezri Konsa,eng ENG,DF,Aston Villa,25,1997,34.1,2359,239,971,1146,258,36,2359,34,19,55.9,6,17.6,1535,6930,3700,37,20,3,26,17,1669,33,Matches,2023-2024
289,Cheikhou Kouyaté,sn SEN,MF,Nott'ham Forest,33,1989,2.4,108,10,30,49,29,5,108,2,1,50.0,1,50.0,37,112,46,0,1,0,3,3,48,5,Matches,2023-2024
290,Mateo Kovačić,hr CRO,MF,Manchester City,29,1994,17.2,1689,33,226,1079,395,16,1689,32,20,62.5,7,21.9,1141,6091,2733,37,51,1,16,24,1431,38,Matches,2023-2024
291,Emil Krafth,se SWE,DF,Newcastle Utd,28,1994,10.1,661,48,279,241,145,10,661,6,3,50.0,2,33.3,358,1588,720,12,9,1,8,3,423,33,Matches,2023-2024
292,Mohammed Kudus,gh GHA,"FW,MF",West Ham,22,2000,27.6,1311,20,193,582,590,102,1311,221,124,56.1,77,34.8,904,6874,3225,117,62,40,80,93,936,216,Matches,2023-2024
293,Dejan Kulusevski,se SWE,"FW,MF",Tottenham,23,2000,30.7,1623,12,167,503,984,226,1623,129,54,41.9,66,51.2,1169,7680,3856,151,61,82,86,65,1229,388,Matches,2023-2024
294,Adam Lallana,eng ENG,"MF,FW",Brighton,35,1988,9.4,574,5,80,268,229,44,574,13,3,23.1,9,69.2,354,1310,483,9,12,4,14,18,491,55,Matches,2023-2024
295,Tariq Lamptey,gh GHA,"DF,FW",Brighton,22,2000,10.2,545,21,130,221,197,21,545,19,6,31.6,8,42.1,354,2092,1218,39,17,12,22,2,382,64,Matches,2023-2024
296,Aymeric Laporte,es ESP,DF,Manchester City,29,1994,0.1,14,2,7,6,1,1,14,0,0,,0,,10,23,1,0,0,0,0,0,10,0,Matches,2023-2024
297,Yasser Larouci,dz ALG,DF,Sheffield Utd,22,2001,5.9,262,29,101,112,56,7,262,17,10,58.8,7,41.2,137,1225,741,18,13,4,1,5,134,12,Matches,2023-2024
298,Jamaal Lascelles,eng ENG,DF,Newcastle Utd,29,1993,12.0,872,101,397,437,41,20,872,3,1,33.3,1,33.3,519,2493,1461,8,6,0,2,4,634,3,Matches,2023-2024
299,Roméo Lavia,be BEL,MF,Chelsea,19,2004,0.4,30,1,2,26,2,0,30,0,0,,0,,22,83,40,0,0,0,0,0,26,0,Matches,2023-2024
300,Mario Lemina,ga GAB,MF,Wolves,29,1993,33.0,1817,130,557,980,308,51,1817,46,25,54.3,19,41.3,932,4902,2281,32,31,3,33,22,1203,49,Matches,2023-2024
301,Clément Lenglet,fr FRA,DF,Aston Villa,28,1995,12.8,1018,165,514,450,59,12,1018,8,3,37.5,2,25.0,728,4435,2832,26,18,0,3,3,786,1,Matches,2023-2024
302,Bernd Leno,de GER,GK,Fulham,31,1992,38.0,1657,1275,1645,12,0,0,1657,0,0,,0,,1031,4482,2432,0,0,0,1,0,942,0,Matches,2023-2024
303,Jefferson Lerma,co COL,"MF,DF",Crystal Palace,28,1994,26.7,1513,99,413,822,290,40,1513,20,11,55.0,6,30.0,735,3033,1410,14,17,2,26,14,893,51,Matches,2023-2024
304,Rico Lewis,eng ENG,"DF,MF",Manchester City,18,2004,9.0,620,8,119,287,220,30,620,9,4,44.4,4,44.4,380,1758,964,21,20,5,2,12,486,46,Matches,2023-2024
305,Keane Lewis-Potter,eng ENG,"FW,DF",Brentford,22,2001,16.0,604,32,107,173,330,84,604,58,21,36.2,33,56.9,370,2822,1632,56,32,24,30,18,417,135,Matches,2023-2024
306,Victor Lindelöf,se SWE,DF,Manchester Utd,29,1994,14.8,1037,102,466,463,114,15,1037,1,1,100.0,0,0.0,620,3077,1621,17,14,0,5,3,706,17,Matches,2023-2024
307,Valentino Livramento,eng ENG,DF,Newcastle Utd,20,2002,14.6,957,63,309,428,232,27,957,30,17,56.7,8,26.7,521,2952,1463,44,17,8,17,18,583,76,Matches,2023-2024
308,Giovani Lo Celso,ar ARG,MF,Tottenham,27,1996,5.6,570,13,85,292,201,19,570,14,8,57.1,3,21.4,361,1891,946,25,20,0,12,7,456,29,Matches,2023-2024
309,Tom Lockyer,wls WAL,DF,Luton Town,28,1994,13.0,586,108,316,242,32,18,586,6,4,66.7,2,33.3,269,1504,883,6,6,1,6,2,247,2,Matches,2023-2024
310,Sean Longstaff,eng ENG,MF,Newcastle Utd,25,1997,30.5,1533,50,338,780,422,90,1533,23,11,47.8,11,47.8,801,3331,1394,24,24,7,34,35,1076,116,Matches,2023-2024
311,Max Lowe,eng ENG,"DF,MF",Sheffield Utd,26,1997,5.6,203,23,78,64,63,6,203,5,2,40.0,3,60.0,66,271,105,5,2,1,6,0,88,11,Matches,2023-2024
312,Douglas Luiz,br BRA,MF,Aston Villa,25,1998,33.3,2351,81,519,1256,598,38,2347,47,24,51.1,16,34.0,1394,7522,3562,60,48,4,33,31,1638,50,Matches,2023-2024
313,Saša Lukić,rs SRB,MF,Fulham,26,1996,12.5,625,36,167,361,109,23,625,8,5,62.5,3,37.5,342,1634,776,12,12,1,11,10,374,27,Matches,2023-2024
314,Ian Maatsen,nl NED,"FW,MF",Chelsea,21,2002,2.3,179,7,49,56,75,8,179,4,0,0.0,4,100.0,100,555,315,9,5,2,8,7,117,15,Matches,2023-2024
315,Alexis Mac Allister,ar ARG,MF,Liverpool,24,1998,28.9,2313,73,392,1382,560,32,2312,34,18,52.9,12,35.3,1346,5738,3006,44,45,4,30,35,1626,48,Matches,2023-2024
316,James Maddison,eng ENG,MF,Tottenham,26,1996,23.7,1748,24,136,774,852,112,1748,81,32,39.5,34,42.0,1251,6395,2589,58,60,31,35,34,1430,156,Matches,2023-2024
317,Noni Madueke,eng ENG,FW,Chelsea,21,2002,11.7,666,18,85,224,373,77,665,86,37,43.0,37,43.0,428,3556,2191,76,36,38,25,14,504,136,Matches,2023-2024
318,Gabriel Magalhães,br BRA,DF,Arsenal,25,1997,33.8,2447,321,1049,1176,234,42,2447,5,2,40.0,2,40.0,1447,6001,3455,13,37,1,12,3,1702,8,Matches,2023-2024
319,Harry Maguire,eng ENG,DF,Manchester Utd,30,1993,18.4,1313,201,626,603,89,36,1313,2,0,0.0,2,100.0,702,4638,2771,20,13,2,9,2,782,2,Matches,2023-2024
320,Kobbie Mainoo,eng ENG,MF,Manchester Utd,18,2005,21.4,1094,62,302,568,236,30,1094,58,31,53.4,22,37.9,667,3152,1447,25,22,6,29,24,767,36,Matches,2023-2024
321,Orel Mangala,be BEL,MF,Nott'ham Forest,25,1998,17.4,819,46,245,471,116,9,819,30,13,43.3,13,43.3,429,2097,961,13,11,1,17,18,529,14,Matches,2023-2024
322,Benson Manuel,ao ANG,"MF,FW",Burnley,26,1997,1.3,82,0,9,25,48,3,82,12,4,33.3,6,50.0,63,515,225,5,7,0,5,4,68,14,Matches,2023-2024
323,Solly March,eng ENG,"FW,DF",Brighton,29,1994,6.2,336,12,71,123,145,18,336,18,8,44.4,8,44.4,198,975,491,14,7,3,8,10,211,44,Matches,2023-2024
324,Anthony Martial,fr FRA,FW,Manchester Utd,27,1995,5.0,178,3,11,81,89,16,178,6,2,33.3,2,33.3,105,444,168,6,6,1,14,10,148,36,Matches,2023-2024
325,Gabriel Martinelli,br BRA,FW,Arsenal,22,2001,22.4,1241,12,96,315,844,196,1241,114,40,35.1,61,53.5,856,5863,2981,127,49,82,54,41,956,345,Matches,2023-2024
326,Emiliano Martínez,ar ARG,GK,Aston Villa,30,1992,33.5,1509,1139,1484,25,0,0,1509,0,0,,0,,933,4389,2772,0,0,0,1,0,800,0,Matches,2023-2024
327,Lisandro Martínez,ar ARG,DF,Manchester Utd,25,1998,7.2,510,75,234,259,18,2,510,4,2,50.0,1,25.0,338,1775,1062,8,3,0,1,3,351,1,Matches,2023-2024
328,Han-Noah Massengo,fr FRA,"MF,DF",Burnley,22,2001,0.2,16,0,5,6,5,0,16,0,0,,0,,6,34,16,2,1,0,1,0,7,0,Matches,2023-2024
329,Pape Matar Sarr,sn SEN,MF,Tottenham,20,2002,23.0,1582,64,283,830,486,44,1582,38,19,50.0,17,44.7,1041,5912,2263,43,58,3,37,15,1197,90,Matches,2023-2024
330,Jean-Philippe Mateta,fr FRA,FW,Crystal Palace,26,1997,25.4,725,19,66,303,373,102,723,65,25,38.5,36,55.4,427,2104,740,29,15,14,89,78,539,135,Matches,2023-2024
331,Joël Matip,cm CMR,DF,Liverpool,31,1991,8.7,665,90,303,327,37,12,665,2,0,0.0,2,100.0,421,2195,1406,8,13,0,3,4,451,1,Matches,2023-2024
332,Alex Matos,eng ENG,MF,Chelsea,18,2004,0.0,0,0,0,0,0,0,0,0,0,,0,,1,1,0,0,0,0,0,1,1,0,Matches,2023-2024
333,Remi Matthews,eng ENG,GK,Crystal Palace,29,1994,0.0,6,5,6,0,0,0,6,0,0,,0,,2,18,0,0,0,0,0,0,1,0,Matches,2023-2024
334,Neal Maupay,fr FRA,FW,Brentford,26,1996,14.7,532,6,59,221,262,71,532,33,9,27.3,20,60.6,295,1421,571,21,23,12,28,24,379,91,Matches,2023-2024
335,Neal Maupay,fr FRA,FW,Everton,26,1996,1.2,40,1,1,21,19,8,40,0,0,,0,,20,89,34,1,1,1,6,3,28,6,Matches,2023-2024
336,Konstantinos Mavropanos,gr GRE,DF,West Ham,25,1997,16.7,821,117,421,372,34,19,821,6,2,33.3,2,33.3,393,2338,1349,10,1,1,7,0,419,2,Matches,2023-2024
337,Bryan Mbeumo,cm CMR,FW,Brentford,23,1999,21.8,1045,26,108,350,599,111,1042,78,26,33.3,42,53.8,667,4326,2115,74,52,38,67,39,727,195,Matches,2023-2024
338,James Mcatee,eng ENG,"MF,FW",Sheffield Utd,20,2002,20.2,784,23,119,315,366,68,783,92,33,35.9,52,56.5,451,3244,1450,56,33,18,49,40,475,110,Matches,2023-2024
339,James Mcatee,eng ENG,MF,Manchester City,20,2002,0.0,1,0,0,0,1,0,1,0,0,,0,,0,0,0,0,0,0,0,0,0,0,Matches,2023-2024
340,Oliver McBurnie,sct SCO,FW,Sheffield Utd,27,1996,14.2,583,31,68,288,230,74,581,17,6,35.3,10,58.8,245,923,305,6,11,4,25,18,420,60,Matches,2023-2024
341,James McConnell,eng ENG,MF,Liverpool,18,2004,0.0,10,0,1,7,2,0,10,1,0,0.0,0,0.0,5,47,11,0,1,0,1,0,6,0,Matches,2023-2024
342,John McGinn,sct SCO,"MF,FW",Aston Villa,28,1994,33.3,1545,44,257,809,499,58,1545,96,54,56.3,27,28.1,992,5176,2385,59,45,10,55,61,1096,84,Matches,2023-2024
343,Scott McKenna,sct SCO,DF,Nott'ham Forest,26,1996,4.6,244,43,142,92,11,5,244,0,0,,0,,102,365,177,1,0,0,3,0,107,0,Matches,2023-2024
344,Dwight McNeil,eng ENG,"MF,FW",Everton,23,1999,32.1,1621,51,247,683,724,72,1621,66,30,45.5,31,47.0,905,5845,2583,80,62,14,67,60,1032,147,Matches,2023-2024
345,Scott McTominay,sct SCO,"MF,FW",Manchester Utd,26,1996,21.1,927,78,235,478,225,53,927,21,8,38.1,10,47.6,485,2221,1032,29,22,4,29,23,572,47,Matches,2023-2024
346,Ben Mee,eng ENG,DF,Brentford,33,1989,14.1,829,109,388,364,79,25,829,6,3,50.0,3,50.0,388,1958,1150,11,4,1,9,7,447,9,Matches,2023-2024
347,Hannibal Mejbri,tn TUN,"MF,FW",Manchester Utd,20,2003,1.5,59,2,12,30,19,3,59,5,2,40.0,1,20.0,35,156,74,2,0,0,7,4,34,10,Matches,2023-2024
348,Teden Mengi,eng ENG,DF,Luton Town,21,2002,27.4,1288,218,673,554,70,24,1288,11,7,63.6,3,27.3,596,3222,1660,15,8,2,22,5,616,1,Matches,2023-2024
349,Chris Mepham,wls WAL,DF,Bournemouth,25,1997,6.9,434,48,182,227,25,6,434,0,0,,0,,235,1304,736,4,4,0,2,2,242,1,Matches,2023-2024
350,Lewis Miley,eng ENG,MF,Newcastle Utd,17,2006,13.4,674,36,164,305,212,35,674,17,8,47.1,8,47.1,350,1664,654,14,7,6,16,10,435,54,Matches,2023-2024
351,James Milner,eng ENG,"DF,MF",Brighton,37,1986,8.6,675,25,135,300,245,17,675,8,3,37.5,4,50.0,395,1230,562,11,6,4,11,6,457,73,Matches,2023-2024
352,Tyrone Mings,eng ENG,DF,Aston Villa,30,1993,0.3,8,3,5,2,1,1,8,0,0,,0,,4,8,3,0,0,0,1,0,4,0,Matches,2023-2024
353,Tyrick Mitchell,eng ENG,"DF,MF",Crystal Palace,23,1999,35.6,2038,118,739,762,555,54,2038,37,18,48.6,17,45.9,818,3253,1564,32,23,9,46,28,979,159,Matches,2023-2024
354,Kaoru Mitoma,jp JPN,FW,Brighton,26,1997,16.5,852,17,79,270,514,136,852,94,39,41.5,44,46.8,616,4879,3147,121,54,62,38,15,677,239,Matches,2023-2024
355,Aleksandar Mitrović,rs SRB,FW,Fulham,28,1994,0.4,12,0,1,6,6,4,12,3,3,100.0,0,0.0,5,29,15,0,0,0,0,0,8,0,Matches,2023-2024
356,Jakub Moder,pl POL,"MF,DF",Brighton,24,1999,6.9,388,23,106,180,106,14,388,12,6,50.0,5,41.7,218,985,423,10,8,2,11,6,259,26,Matches,2023-2024
357,Gonzalo Montiel,ar ARG,DF,Nott'ham Forest,26,1997,8.9,474,47,175,186,117,13,474,1,1,100.0,0,0.0,209,920,566,9,10,0,7,3,239,32,Matches,2023-2024
358,Kieffer Moore,wls WAL,"FW,MF",Bournemouth,30,1992,1.2,53,0,2,21,30,12,53,3,1,33.3,1,33.3,29,93,34,2,0,0,3,1,47,15,Matches,2023-2024
359,Mikey Moore,eng ENG,MF,Tottenham,15,2007,0.0,8,1,1,3,4,0,8,1,0,0.0,1,100.0,4,44,41,2,1,0,1,0,5,2,Matches,2023-2024
360,Álex Moreno,es ESP,DF,Aston Villa,30,1993,11.5,690,40,246,235,213,29,690,35,15,42.9,17,48.6,364,2332,1106,32,20,10,14,6,383,83,Matches,2023-2024
361,Carlton Morris,eng ENG,"FW,MF",Luton Town,27,1995,31.8,1071,63,123,501,457,136,1066,55,31,56.4,20,36.4,548,2855,1152,37,32,18,54,53,799,120,Matches,2023-2024
362,Mason Mount,eng ENG,"MF,FW",Manchester Utd,24,1999,5.7,289,11,44,125,125,17,289,12,4,33.3,6,50.0,152,797,321,9,5,2,11,6,180,34,Matches,2023-2024
363,Divin Mubama,eng ENG,FW,West Ham,18,2004,0.9,32,0,3,20,9,1,32,0,0,,0,,18,41,12,0,1,0,6,0,24,5,Matches,2023-2024
364,Mykhailo Mudryk,ua UKR,FW,Chelsea,22,2001,17.5,777,14,116,255,420,78,777,81,39,48.1,31,38.3,509,4183,2418,92,56,36,54,22,572,139,Matches,2023-2024
365,Rodrigo Muniz,br BRA,FW,Fulham,22,2001,17.7,462,30,45,201,220,118,462,20,5,25.0,13,65.0,257,788,258,8,4,4,54,34,343,76,Matches,2023-2024
366,Daniel Muñoz,co COL,"DF,MF",Crystal Palace,27,1996,16.0,947,54,262,411,284,42,947,28,13,46.4,12,42.9,385,1841,873,25,17,5,21,7,465,80,Matches,2023-2024
367,Finley Munroe,eng ENG,MF,Aston Villa,18,2005,0.0,1,0,1,0,0,0,1,0,0,,0,,0,0,0,0,0,0,0,0,1,0,Matches,2023-2024
368,Arijanet Muric,xk KVX,GK,Burnley,24,1998,10.0,635,361,573,62,0,0,635,0,0,,0,,418,2331,1453,0,0,0,0,0,392,0,Matches,2023-2024
369,Murillo,br BRA,DF,Nott'ham Forest,21,2002,31.0,1848,357,1043,731,94,30,1848,35,20,57.1,15,42.9,985,5485,3398,22,15,3,20,15,1090,7,Matches,2023-2024
370,Alex Murphy,ie IRL,"DF,FW",Newcastle Utd,19,2004,0.1,21,0,4,15,2,0,21,0,0,,0,,16,72,37,0,0,0,1,0,16,0,Matches,2023-2024
371,Jacob Murphy,eng ENG,"FW,DF",Newcastle Utd,28,1995,13.2,666,24,111,229,339,53,666,27,13,48.1,13,48.1,381,2179,981,33,27,15,19,14,434,113,Matches,2023-2024
372,Vitaliy Mykolenko,ua UKR,DF,Everton,24,1999,27.4,1501,123,531,611,374,30,1501,31,18,58.1,11,35.5,608,2518,1028,14,22,0,39,11,691,68,Matches,2023-2024
373,Marvelous Nakamba,zw ZIM,MF,Luton Town,29,1994,12.6,546,30,133,320,101,3,546,10,3,30.0,5,50.0,224,1064,344,1,8,0,10,4,251,5,Matches,2023-2024
374,Michael Ndiweni,eng ENG,FW,Newcastle Utd,19,2003,0.0,2,0,0,2,0,0,2,0,0,,0,,0,0,0,0,0,0,0,0,0,0,Matches,2023-2024
375,Reiss Nelson,eng ENG,FW,Arsenal,23,1999,3.0,188,8,30,67,96,13,188,7,1,14.3,6,85.7,129,729,281,9,5,4,11,4,128,26,Matches,2023-2024
376,Zack Nelson,eng ENG,"MF,DF",Luton Town,18,2004,0.1,6,0,3,3,0,0,6,0,0,,0,,2,9,2,0,0,0,1,0,2,0,Matches,2023-2024
377,Neto,br BRA,GK,Bournemouth,34,1989,32.0,1138,949,1129,9,0,0,1138,2,2,100.0,0,0.0,635,3771,2495,0,0,0,0,0,474,0,Matches,2023-2024
378,Pedro Neto,pt POR,"FW,MF",Wolves,23,2000,16.8,904,4,63,358,505,83,904,88,37,42.0,42,47.7,581,4915,2615,98,65,42,44,20,683,149,Matches,2023-2024
379,Moussa Niakhate,sn SEN,DF,Nott'ham Forest,27,1996,16.2,927,121,465,368,104,7,927,3,3,100.0,0,0.0,502,2511,1183,13,12,1,4,3,536,6,Matches,2023-2024
380,Eddie Nketiah,eng ENG,FW,Arsenal,24,1999,12.0,371,5,18,148,207,75,371,30,8,26.7,15,50.0,236,1195,497,22,12,11,38,18,275,77,Matches,2023-2024
381,Christopher Nkunku,fr FRA,"FW,MF",Chelsea,25,1997,4.9,244,5,25,95,128,27,244,8,2,25.0,5,62.5,144,606,298,10,6,2,17,8,202,35,Matches,2023-2024
382,Rhys Norrington-Davies,wls WAL,DF,Sheffield Utd,24,1999,1.2,77,4,26,38,14,1,77,1,1,100.0,0,0.0,46,266,119,3,1,0,2,2,47,6,Matches,2023-2024
383,Oliver Norwood,nir NIR,MF,Sheffield Utd,32,1991,16.0,1068,65,327,575,170,6,1067,3,1,33.3,1,33.3,470,1695,666,3,5,0,9,4,630,10,Matches,2023-2024
384,Matheus Nunes,pt POR,MF,Wolves,24,1998,2.0,131,4,30,66,40,6,131,17,11,64.7,4,23.5,93,634,336,7,6,3,3,4,95,9,Matches,2023-2024
385,Matheus Nunes,pt POR,MF,Manchester City,24,1998,7.3,529,13,59,234,243,36,529,23,9,39.1,13,56.5,347,2001,964,28,22,10,19,12,438,58,Matches,2023-2024
386,Darwin Núñez,uy URU,FW,Liverpool,24,1999,22.7,777,13,41,224,526,192,776,44,15,34.1,20,45.5,468,2694,1279,58,35,36,53,29,575,206,Matches,2023-2024
387,Ethan Nwaneri,eng ENG,FW,Arsenal,16,2007,0.2,20,0,0,9,11,2,20,1,0,0.0,0,0.0,16,123,66,2,2,0,0,0,17,1,Matches,2023-2024
388,Christian Nørgaard,dk DEN,MF,Brentford,29,1994,27.8,1846,99,522,944,388,57,1846,11,6,54.5,4,36.4,873,3367,1633,15,27,3,21,15,1089,42,Matches,2023-2024
389,Mark O'Mahony,ie IRL,FW,Brighton,18,2005,0.7,27,2,6,15,6,2,27,0,0,,0,,16,66,10,0,0,0,4,0,21,0,Matches,2023-2024
390,Dara O'Shea,ie IRL,DF,Burnley,24,1999,32.1,2094,306,969,992,142,49,2094,2,1,50.0,1,50.0,1112,5725,3525,32,14,1,11,1,1306,10,Matches,2023-2024
391,Michael Obafemi,ie IRL,"FW,MF",Burnley,23,2000,0.2,9,0,0,3,6,4,9,3,3,100.0,0,0.0,6,32,11,0,0,0,0,1,6,3,Matches,2023-2024
392,Wilson Odobert,fr FRA,"MF,FW",Burnley,18,2004,23.3,844,26,144,305,416,98,844,110,53,48.2,49,44.5,545,4562,2919,102,56,48,48,30,600,123,Matches,2023-2024
393,Odeluga Offiah,eng ENG,DF,Brighton,20,2002,1.4,87,1,31,27,31,2,87,6,4,66.7,1,16.7,59,418,268,9,5,1,1,0,64,9,Matches,2023-2024
394,Chiedozie Ogbene,ie IRL,"MF,DF",Luton Town,26,1997,22.2,1066,47,201,385,512,88,1066,121,61,50.4,44,36.4,650,6070,3710,127,74,45,59,21,660,150,Matches,2023-2024
395,Angelo Ogbonna,it ITA,DF,West Ham,35,1988,7.1,272,61,184,82,6,4,272,1,1,100.0,0,0.0,137,728,263,2,0,1,0,0,152,0,Matches,2023-2024
396,Michael Olakigbe,eng ENG,"DF,FW",Brentford,19,2004,0.7,70,0,11,21,38,10,70,11,3,27.3,7,63.6,42,437,229,10,5,3,4,1,48,17,Matches,2023-2024
397,Michael Olise,fr FRA,"FW,MF",Crystal Palace,21,2001,14.2,959,10,102,396,483,80,958,83,40,48.2,33,39.8,563,3979,2210,68,50,27,41,33,692,134,Matches,2023-2024
398,Robin Olsen,se SWE,GK,Aston Villa,33,1990,4.5,216,200,215,1,0,0,216,0,0,,0,,131,626,303,0,0,0,0,0,115,0,Matches,2023-2024
399,Andrew Omobamidele,ie IRL,DF,Nott'ham Forest,21,2002,8.7,399,76,222,164,14,5,399,0,0,,0,,217,1082,429,1,0,0,3,0,246,0,Matches,2023-2024
400,Amadou Onana,be BEL,MF,Everton,21,2001,23.2,1291,61,280,724,297,29,1291,27,12,44.4,8,29.6,657,2985,1376,21,30,5,20,10,839,39,Matches,2023-2024
401,André Onana,cm CMR,GK,Manchester Utd,27,1996,38.0,1629,1224,1592,37,0,0,1629,1,1,100.0,0,0.0,1127,5997,3825,1,0,0,1,0,955,0,Matches,2023-2024
402,Ryan One,sct SCO,FW,Sheffield Utd,17,2006,0.1,2,1,1,1,1,0,2,0,0,,0,,1,11,11,1,1,0,0,0,0,0,Matches,2023-2024
403,Tyler Onyango,eng ENG,MF,Everton,20,2003,0.0,0,0,0,0,0,0,0,0,0,,0,,0,0,0,0,0,0,0,0,0,0,Matches,2023-2024
404,Fred Onyedinma,eng ENG,"DF,MF",Luton Town,26,1996,4.5,198,13,55,69,76,16,198,11,2,18.2,8,72.7,85,514,219,9,6,4,12,10,90,21,Matches,2023-2024
405,Frank Onyeka,ng NGA,MF,Brentford,25,1998,12.9,585,32,128,290,177,28,585,29,11,37.9,14,48.3,325,1624,593,17,15,4,33,12,336,39,Matches,2023-2024
406,Divock Origi,be BEL,FW,Nott'ham Forest,28,1995,6.7,225,3,23,103,105,26,225,24,9,37.5,12,50.0,144,914,409,19,9,9,16,10,172,41,Matches,2023-2024
407,Stefan Ortega,de GER,GK,Manchester City,30,1992,7.1,282,213,279,3,0,0,282,0,0,,0,,193,847,480,0,0,0,0,0,187,0,Matches,2023-2024
408,Ben Osborn,eng ENG,"DF,MF",Sheffield Utd,28,1994,15.2,735,37,210,315,216,9,735,14,7,50.0,7,50.0,374,1646,750,16,11,1,14,10,419,44,Matches,2023-2024
409,Gabriel Osho,ng NGA,DF,Luton Town,24,1998,20.5,968,179,535,384,60,20,968,12,7,58.3,5,41.7,461,2186,1100,10,9,1,12,10,482,4,Matches,2023-2024
410,William Osula,dk DEN,FW,Sheffield Utd,19,2003,8.7,200,9,24,78,104,28,200,17,3,17.6,12,70.6,108,606,224,7,8,3,32,15,140,41,Matches,2023-2024
411,Dango Ouattara,bf BFA,"FW,DF",Bournemouth,21,2002,13.7,783,37,210,273,317,69,783,47,21,44.7,20,42.6,365,2597,1409,47,24,18,23,12,405,90,Matches,2023-2024
412,David Ozoh,eng ENG,"MF,DF",Crystal Palace,18,2005,1.7,73,1,19,44,11,0,73,3,1,33.3,2,66.7,37,161,39,2,2,0,2,4,42,3,Matches,2023-2024
413,João Palhinha,pt POR,MF,Fulham,28,1995,30.0,1760,120,569,967,243,41,1760,22,11,50.0,9,40.9,802,2836,1054,8,12,0,29,26,1015,14,Matches,2023-2024
414,Cole Palmer,eng ENG,"FW,MF",Chelsea,21,2002,29.0,1754,22,183,742,852,126,1745,104,52,50.0,46,44.2,1148,7236,3492,117,66,46,57,44,1362,195,Matches,2023-2024
415,Cole Palmer,eng ENG,MF,Manchester City,21,2002,0.1,6,0,0,4,2,0,6,0,0,,0,,6,35,4,0,0,0,1,0,6,0,Matches,2023-2024
416,Emerson Palmieri,it ITA,DF,West Ham,28,1994,34.9,2168,168,679,988,521,39,2168,64,24,37.5,32,50.0,1057,5492,2790,59,47,9,36,17,1242,124,Matches,2023-2024
417,Lucas Paquetá,br BRA,"FW,MF",West Ham,25,1997,29.1,1845,42,319,1018,533,63,1843,77,41,53.2,29,37.7,1103,4489,1771,34,40,12,72,81,1350,116,Matches,2023-2024
418,Ben Parkinson,eng ENG,FW,Newcastle Utd,18,2005,0.3,6,2,2,1,3,0,6,0,0,,0,,0,0,0,0,0,0,0,0,2,0,Matches,2023-2024
419,Thomas Partey,gh GHA,"MF,DF",Arsenal,30,1993,8.8,707,23,138,423,154,6,707,13,9,69.2,2,15.4,453,2227,1129,15,18,1,8,8,528,10,Matches,2023-2024
420,Nathan Patterson,sct SCO,DF,Everton,21,2001,11.2,677,49,199,275,209,9,677,18,7,38.9,10,55.6,291,1263,642,17,14,4,19,6,338,39,Matches,2023-2024
421,Myles Peart-Harris,eng ENG,"DF,MF",Brentford,20,2002,0.1,11,0,1,3,7,1,11,0,0,,0,,8,64,37,2,1,0,0,2,8,1,Matches,2023-2024
422,Sydie Peck,eng ENG,MF,Sheffield Utd,18,2004,0.1,1,0,0,1,0,0,1,0,0,,0,,0,0,0,0,0,0,0,0,1,0,Matches,2023-2024
423,Facundo Pellistri,uy URU,"FW,MF",Manchester Utd,21,2001,1.9,117,5,23,37,58,13,117,11,5,45.5,4,36.4,74,482,185,6,7,4,4,4,79,31,Matches,2023-2024
424,Andreas Pereira,br BRA,MF,Fulham,27,1996,29.0,1516,20,161,662,703,64,1516,41,19,46.3,22,53.7,829,4460,2016,56,51,13,49,41,1013,125,Matches,2023-2024
425,Ivan Perišić,hr CRO,FW,Tottenham,34,1989,1.1,93,3,24,20,49,10,93,7,4,57.1,3,42.9,65,398,277,15,5,6,2,0,74,17,Matches,2023-2024
426,Đorđe Petrović,rs SRB,GK,Chelsea,23,1999,22.1,855,755,852,3,0,0,855,0,0,,0,,482,2076,1103,0,0,0,1,0,475,0,Matches,2023-2024
427,Kalvin Phillips,eng ENG,MF,West Ham,27,1995,3.4,215,7,43,153,21,1,215,5,1,20.0,4,80.0,110,585,240,3,1,0,4,3,136,4,Matches,2023-2024
428,Kalvin Phillips,eng ENG,MF,Manchester City,27,1995,1.0,87,3,14,52,23,1,87,3,1,33.3,2,66.7,51,402,221,7,5,1,4,2,57,3,Matches,2023-2024
429,Jaden Philogene Bidace,eng ENG,FW,Aston Villa,21,2002,0.0,4,0,1,1,2,1,4,0,0,,0,,2,39,39,2,1,1,0,0,3,1,Matches,2023-2024
430,Jordan Pickford,eng ENG,GK,Everton,29,1994,38.0,1680,1106,1544,141,0,0,1680,1,1,100.0,0,0.0,904,6014,3889,1,0,0,0,0,773,0,Matches,2023-2024
431,Ethan Pinnock,jm JAM,DF,Brentford,30,1993,28.0,1768,303,1001,661,113,43,1768,10,6,60.0,3,30.0,922,5095,3160,11,5,1,11,4,1025,16,Matches,2023-2024
432,Nick Pope,eng ENG,GK,Newcastle Utd,31,1992,14.9,434,366,428,5,1,1,434,0,0,,0,,217,1147,633,0,0,0,0,0,172,0,Matches,2023-2024
433,Pedro Porro,es ESP,DF,Tottenham,23,1999,34.3,2786,161,783,1098,929,69,2786,57,26,45.6,24,42.1,1369,5484,2925,57,46,10,37,15,1670,158,Matches,2023-2024
434,Jarell Quansah,eng ENG,DF,Liverpool,20,2003,13.2,1284,92,521,724,46,8,1284,7,4,57.1,3,42.9,894,4943,2497,13,10,0,3,2,952,1,Matches,2023-2024
435,Ionuț Radu,ro ROU,GK,Bournemouth,26,1997,2.0,70,64,70,0,0,0,70,0,0,,0,,51,215,101,0,0,0,0,0,40,0,Matches,2023-2024
436,Jesurun Rak Sakyi,eng ENG,"MF,FW",Crystal Palace,20,2002,1.5,77,1,10,19,48,13,77,10,4,40.0,5,50.0,46,252,145,7,3,5,4,3,54,18,Matches,2023-2024
437,Aaron Ramsdale,eng ENG,GK,Arsenal,25,1998,6.0,197,140,186,11,0,0,197,0,0,,0,,137,697,399,0,0,0,1,0,104,0,Matches,2023-2024
438,Aaron Ramsey,eng ENG,"MF,FW",Burnley,20,2003,5.9,228,15,63,102,65,9,228,10,3,30.0,6,60.0,117,514,168,8,5,4,11,10,142,17,Matches,2023-2024
439,Jacob Ramsey,eng ENG,"FW,MF",Aston Villa,22,2001,9.5,433,10,69,178,195,47,433,20,8,40.0,11,55.0,272,1785,843,33,19,11,18,21,314,69,Matches,2023-2024
440,Marcus Rashford,eng ENG,FW,Manchester Utd,25,1997,25.2,1025,24,124,345,571,130,1023,109,48,44.0,53,48.6,690,4978,2393,95,51,64,59,38,799,185,Matches,2023-2024
441,David Raya,es ESP,GK,Arsenal,27,1995,32.0,1099,764,1060,39,0,0,1099,0,0,,0,,728,3442,1992,0,0,0,1,0,637,0,Matches,2023-2024
442,Tim Ream,us USA,DF,Fulham,35,1987,16.7,1206,160,585,600,30,7,1206,7,6,85.7,1,14.3,739,4157,2723,11,6,2,6,3,811,3,Matches,2023-2024
443,Nathan Redmond,eng ENG,"FW,MF",Burnley,29,1994,1.6,88,3,10,31,50,9,88,6,4,66.7,2,33.3,57,435,291,7,5,1,1,2,67,22,Matches,2023-2024
444,Harrison Reed,eng ENG,MF,Fulham,28,1995,14.7,883,34,214,488,182,10,883,10,5,50.0,5,50.0,449,1715,590,10,10,1,19,13,603,40,Matches,2023-2024
445,Sergio Reguilón,es ESP,DF,Manchester Utd,26,1996,4.6,378,8,70,155,155,9,378,11,3,27.3,4,36.4,184,847,441,11,4,2,8,1,217,38,Matches,2023-2024
446,Sergio Reguilón,es ESP,DF,Brentford,26,1996,12.4,708,55,242,253,228,22,708,26,13,50.0,11,42.3,318,1988,1160,34,25,2,22,5,332,40,Matches,2023-2024
447,Bobby Reid,jm JAM,FW,Fulham,30,1993,15.8,671,23,98,301,277,55,671,25,8,32.0,12,48.0,389,1875,900,35,18,11,33,10,475,95,Matches,2023-2024
448,Gio Reyna,us USA,"FW,MF",Nott'ham Forest,20,2002,2.6,173,2,18,71,84,12,173,7,3,42.9,4,57.1,83,327,101,3,2,2,8,4,121,14,Matches,2023-2024
449,Rodrigo Ribeiro,pt POR,"MF,FW",Nott'ham Forest,18,2005,0.2,12,0,1,4,7,2,12,1,0,0.0,1,100.0,7,59,43,2,1,0,0,1,8,1,Matches,2023-2024
450,Declan Rice,eng ENG,MF,Arsenal,24,1999,35.8,2650,100,581,1398,696,67,2650,46,21,45.7,20,43.5,1675,10194,5139,75,70,16,31,22,1928,64,Matches,2023-2024
451,Chris Richards,us USA,"DF,MF",Crystal Palace,23,2000,23.3,1195,157,557,568,77,21,1195,1,1,100.0,0,0.0,574,2313,890,1,6,0,7,4,678,1,Matches,2023-2024
452,Richarlison,br BRA,FW,Tottenham,26,1997,16.6,652,33,88,248,322,121,652,37,10,27.0,23,62.2,394,1656,712,26,11,17,53,40,459,106,Matches,2023-2024
453,Jaïro Riedewald,nl NED,"MF,FW",Crystal Palace,26,1996,2.6,138,3,23,79,37,6,138,3,1,33.3,2,66.7,63,243,79,3,0,2,4,2,84,3,Matches,2023-2024
454,Matt Ritchie,sct SCO,"FW,MF",Newcastle Utd,33,1989,1.4,125,6,26,42,57,9,125,2,0,0.0,1,50.0,58,293,160,5,5,2,3,1,85,13,Matches,2023-2024
455,Connor Roberts,wls WAL,DF,Burnley,27,1995,9.1,557,28,182,259,120,6,557,2,0,0.0,2,100.0,309,1163,620,6,10,0,3,1,358,13,Matches,2023-2024
456,Andrew Robertson,sct SCO,DF,Liverpool,29,1994,18.8,1713,67,387,789,548,55,1713,17,5,29.4,12,70.6,979,4623,2638,63,40,6,18,6,1160,130,Matches,2023-2024
457,Antonee Robinson,us USA,DF,Fulham,25,1997,36.3,2536,165,930,977,660,63,2536,81,37,45.7,35,43.2,1267,7547,4004,99,70,9,47,16,1376,194,Matches,2023-2024
458,Jack Robinson,eng ENG,DF,Sheffield Utd,29,1993,32.1,1567,235,793,606,177,31,1567,11,5,45.5,3,27.3,686,2956,1441,8,6,2,18,5,786,14,Matches,2023-2024
459,Rodri,es ESP,MF,Manchester City,27,1996,32.6,3988,114,664,2337,1013,80,3988,64,42,65.6,14,21.9,2513,11575,6408,76,88,12,23,32,3242,55,Matches,2023-2024
460,Jay Rodriguez,eng ENG,FW,Burnley,34,1989,9.1,314,11,48,165,101,24,313,9,6,66.7,3,33.3,152,441,137,2,3,1,20,5,225,28,Matches,2023-2024
461,Mads Roerslev,dk DEN,DF,Brentford,24,1999,22.1,966,99,362,342,268,23,966,28,11,39.3,15,53.6,448,1985,864,18,12,6,23,15,520,90,Matches,2023-2024
462,Morgan Rogers,eng ENG,"MF,FW",Aston Villa,21,2002,7.1,289,10,66,131,98,23,289,33,17,51.5,12,36.4,150,1084,563,22,11,6,17,11,185,30,Matches,2023-2024
463,Cristian Romero,ar ARG,DF,Tottenham,25,1998,31.0,2923,357,1254,1494,198,33,2923,8,5,62.5,1,12.5,1957,9359,6026,32,42,0,12,4,2071,8,Matches,2023-2024
464,Joe Rothwell,eng ENG,MF,Bournemouth,28,1995,4.3,251,8,49,147,56,1,251,13,7,53.8,4,30.8,140,862,437,6,4,0,5,2,155,3,Matches,2023-2024
465,Pelly Ruddock Mpanzu,cd COD,MF,Luton Town,30,1993,12.2,481,30,114,240,130,15,481,16,9,56.3,6,37.5,235,961,378,10,7,5,12,16,270,15,Matches,2023-2024
466,José Sá,pt POR,GK,Wolves,30,1993,33.7,1198,1049,1189,8,1,0,1198,3,3,100.0,0,0.0,677,4662,3131,0,1,1,1,1,481,0,Matches,2023-2024
467,Dominic Sadi,eng ENG,FW,Bournemouth,19,2003,0.0,2,0,0,2,0,0,2,0,0,,0,,1,6,0,0,0,0,0,0,1,0,Matches,2023-2024
468,Bukayo Saka,eng ENG,FW,Arsenal,21,2001,32.4,1952,37,182,474,1310,271,1946,122,49,40.2,54,44.3,1223,7180,3728,155,68,72,56,53,1393,508,Matches,2023-2024
469,Mohamed Salah,eg EGY,FW,Liverpool,31,1992,28.2,1359,4,47,460,866,241,1352,77,27,35.1,49,63.6,977,5309,2614,98,54,66,77,59,1116,341,Matches,2023-2024
470,William Saliba,fr FRA,DF,Arsenal,22,2001,38.0,3093,223,1239,1720,142,15,3093,15,10,66.7,4,26.7,1992,9002,5201,16,22,1,22,13,2297,6,Matches,2023-2024
471,Albert Sambi Lokonga,be BEL,MF,Luton Town,23,1999,14.5,899,54,223,513,170,11,899,22,11,50.0,7,31.8,528,3026,1706,29,19,2,12,11,597,13,Matches,2023-2024
472,Davinson Sánchez,co COL,DF,Tottenham,27,1996,0.9,83,8,24,45,14,1,83,0,0,,0,,68,238,80,0,2,0,1,0,66,0,Matches,2023-2024
473,Robert Sánchez,es ESP,GK,Chelsea,25,1997,15.9,649,561,644,5,0,0,649,0,0,,0,,392,1890,1130,0,0,0,1,0,360,0,Matches,2023-2024
474,Jadon Sancho,eng ENG,"FW,MF",Manchester Utd,23,2000,0.9,51,4,12,18,26,6,51,7,3,42.9,3,42.9,38,298,192,10,5,5,0,2,34,5,Matches,2023-2024
475,Ibrahim Sangaré,ci CIV,MF,Nott'ham Forest,25,1997,11.5,554,36,176,289,92,12,554,12,6,50.0,6,50.0,279,1219,532,5,4,0,10,8,327,7,Matches,2023-2024
476,Andrey Santos,br BRA,MF,Nott'ham Forest,19,2004,0.1,10,1,3,3,4,0,10,1,0,0.0,1,100.0,2,15,13,0,0,0,0,0,4,0,Matches,2023-2024
477,Pablo Sarabia,es ESP,"MF,FW",Wolves,31,1992,19.4,1172,13,137,552,495,55,1170,43,17,39.5,22,51.2,687,3304,1501,41,52,9,41,23,822,137,Matches,2023-2024
478,Dane Scarlett,eng ENG,FW,Tottenham,19,2004,0.2,11,0,0,5,6,2,11,3,0,0.0,2,66.7,10,32,2,0,0,1,5,0,11,4,Matches,2023-2024
479,Kevin Schade,de GER,"FW,MF",Brentford,21,2001,3.7,148,3,17,59,73,19,148,14,2,14.3,10,71.4,84,631,283,8,3,5,14,6,98,23,Matches,2023-2024
480,Fabian Schär,ch SUI,DF,Newcastle Utd,31,1991,33.9,2483,359,1304,1060,140,40,2483,22,13,59.1,8,36.4,1490,7974,4981,28,42,1,17,12,1677,20,Matches,2023-2024
481,Jeffrey Schlupp,gh GHA,"FW,MF",Crystal Palace,30,1992,15.0,536,22,110,249,185,27,536,41,17,41.5,20,48.8,288,1372,626,20,10,6,41,23,338,52,Matches,2023-2024
482,Alex Scott,eng ENG,MF,Bournemouth,19,2003,11.3,612,33,120,295,217,29,612,37,13,35.1,20,54.1,330,2166,1129,24,21,10,17,11,361,35,Matches,2023-2024
483,Matz Sels,be BEL,GK,Nott'ham Forest,31,1992,16.0,409,334,404,5,0,0,409,0,0,,0,,213,1147,659,0,0,0,0,0,178,0,Matches,2023-2024
484,Nélson Semedo,pt POR,"DF,MF",Wolves,29,1993,34.3,2233,136,743,993,528,37,2233,90,51,56.7,29,32.2,1237,7650,4324,103,63,14,57,36,1376,150,Matches,2023-2024
485,Antoine Semenyo,gh GHA,FW,Bournemouth,23,2000,23.4,1015,31,137,375,526,124,1015,116,50,43.1,55,47.4,611,5156,2477,89,51,42,58,53,691,188,Matches,2023-2024
486,Marcos Senesi,ar ARG,DF,Bournemouth,26,1997,24.9,1614,184,743,762,129,20,1614,20,11,55.0,8,40.0,910,4789,3098,31,34,3,19,11,950,4,Matches,2023-2024
487,Luke Shaw,eng ENG,DF,Manchester Utd,28,1995,10.7,754,81,283,326,148,12,754,11,7,63.6,4,36.4,398,1854,832,10,11,1,14,6,435,30,Matches,2023-2024
488,James Shea,eng ENG,GK,Luton Town,32,1991,0.2,11,8,11,0,0,0,11,0,0,,0,,3,29,26,0,0,0,0,0,3,0,Matches,2023-2024
489,Bernardo Silva,pt POR,"MF,FW",Manchester City,28,1994,28.6,2194,39,245,905,1055,146,2194,61,38,62.3,21,34.4,1500,8450,4544,140,74,37,43,34,1757,260,Matches,2023-2024
490,Fábio Silva,pt POR,FW,Wolves,21,2002,2.9,118,4,24,55,44,12,118,8,2,25.0,5,62.5,66,437,186,5,5,1,12,4,69,13,Matches,2023-2024
491,Thiago Silva,br BRA,DF,Chelsea,38,1984,28.1,2549,398,1280,1198,79,24,2549,4,2,50.0,0,0.0,1623,6862,3867,2,11,0,7,1,1891,5,Matches,2023-2024
492,Luis Sinisterra,co COL,"FW,MF",Bournemouth,24,1999,7.8,430,11,63,134,242,83,430,49,29,59.2,18,36.7,267,2098,1195,51,20,35,24,10,309,85,Matches,2023-2024
493,Oliver Skipp,eng ENG,"MF,DF",Tottenham,22,2000,7.9,448,14,90,257,102,13,448,3,2,66.7,1,33.3,226,831,399,8,4,1,9,6,319,25,Matches,2023-2024
494,Adam Smith,eng ENG,DF,Bournemouth,32,1991,23.9,1229,92,404,537,295,11,1229,15,4,26.7,8,53.3,521,2455,1022,24,22,3,14,7,580,28,Matches,2023-2024
495,Emile Smith Rowe,eng ENG,MF,Arsenal,23,2000,3.9,253,1,21,106,127,19,253,7,3,42.9,3,42.9,154,827,472,11,8,1,6,4,189,18,Matches,2023-2024
496,Cédric Soares,pt POR,DF,Arsenal,31,1991,0.7,69,0,10,47,12,0,69,0,0,,0,,37,139,69,0,0,0,0,0,56,6,Matches,2023-2024
497,Dominic Solanke,eng ENG,FW,Bournemouth,25,1997,36.9,1069,57,113,426,547,216,1066,106,39,36.8,60,56.6,599,3921,1420,52,24,27,136,81,724,184,Matches,2023-2024
498,Manor Solomon,il ISR,FW,Tottenham,24,1999,2.2,125,1,14,29,83,20,125,17,10,58.8,7,41.2,92,695,404,17,8,9,5,2,92,44,Matches,2023-2024
499,Tomáš Souček,cz CZE,MF,West Ham,28,1995,31.9,1340,186,456,653,234,72,1340,11,4,36.4,7,63.6,533,1869,596,7,13,2,20,12,677,39,Matches,2023-2024
500,Vinicius Souza,br BRA,MF,Sheffield Utd,24,1999,29.6,1381,125,489,706,200,35,1381,30,17,56.7,11,36.7,581,2697,988,8,6,5,33,25,712,21,Matches,2023-2024
501,Jason Steele,eng ENG,GK,Brighton,32,1990,17.0,711,630,706,5,0,0,711,0,0,,0,,490,1912,977,0,0,0,0,0,475,0,Matches,2023-2024
502,Raheem Sterling,eng ENG,"FW,MF",Chelsea,28,1994,22.0,1019,8,77,324,638,167,1019,132,45,34.1,70,53.0,744,5113,3063,120,51,65,54,44,821,242,Matches,2023-2024
503,John Stones,eng ENG,"DF,MF",Manchester City,29,1994,11.8,907,54,239,484,189,10,907,6,1,16.7,4,66.7,596,3319,1646,16,24,1,5,6,742,24,Matches,2023-2024
504,Thomas Strakosha,al ALB,GK,Brentford,28,1995,1.5,75,62,74,1,0,0,75,0,0,,0,,35,156,88,0,0,0,0,0,32,0,Matches,2023-2024
505,Dominik Szoboszlai,hu HUN,MF,Liverpool,22,2000,23.4,1802,36,239,868,718,71,1802,56,24,42.9,27,48.2,1043,5475,2880,75,67,22,27,27,1238,160,Matches,2023-2024
506,Matt Targett,eng ENG,DF,Newcastle Utd,27,1995,0.9,51,1,22,25,5,0,51,2,0,0.0,1,50.0,34,153,91,1,1,0,0,0,33,0,Matches,2023-2024
507,James Tarkowski,eng ENG,DF,Everton,30,1992,38.0,2014,352,1000,848,179,84,2014,20,16,80.0,4,20.0,918,5010,3073,15,12,0,16,16,1076,20,Matches,2023-2024
508,Jimi Tauriainen,eng ENG,FW,Chelsea,19,2004,0.0,1,1,1,0,0,0,1,0,0,,0,,0,0,0,0,0,0,0,0,0,0,Matches,2023-2024
509,Nuno Tavares,pt POR,DF,Nott'ham Forest,23,2000,5.1,343,20,118,123,109,6,343,9,6,66.7,3,33.3,166,940,564,14,12,2,10,4,186,12,Matches,2023-2024
510,Marcus Tavernier,eng ENG,FW,Bournemouth,24,1999,23.5,1246,34,182,404,686,94,1246,106,44,41.5,55,51.9,693,4995,2411,79,82,25,53,41,765,171,Matches,2023-2024
511,Charlie Taylor,eng ENG,DF,Burnley,29,1993,25.9,1542,115,503,679,370,18,1542,17,9,52.9,6,35.3,723,3259,1497,36,18,5,18,10,861,81,Matches,2023-2024
512,Kenny Tete,nl NED,DF,Fulham,27,1995,9.6,647,40,215,278,161,11,647,20,9,45.0,10,50.0,303,1400,650,20,15,2,10,3,366,38,Matches,2023-2024
513,Luke Thomas,eng ENG,DF,Sheffield Utd,22,2001,10.2,430,34,160,188,88,11,430,10,5,50.0,4,40.0,191,803,391,8,7,1,11,5,230,22,Matches,2023-2024
514,Youri Tielemans,be BEL,"MF,FW",Aston Villa,26,1997,18.0,1096,45,215,589,299,27,1096,29,15,51.7,10,34.5,635,2872,1361,23,27,7,17,22,766,46,Matches,2023-2024
515,Jurriën Timber,nl NED,DF,Arsenal,22,2001,0.8,79,0,11,51,17,1,79,1,1,100.0,0,0.0,61,249,121,0,3,0,0,1,61,5,Matches,2023-2024
516,Harry Toffolo,eng ENG,DF,Nott'ham Forest,27,1995,16.2,745,70,283,296,172,12,745,3,1,33.3,2,66.7,272,966,475,10,7,1,7,5,343,34,Matches,2023-2024
517,Takehiro Tomiyasu,jp JPN,DF,Arsenal,24,1998,12.8,824,37,192,389,248,31,824,12,4,33.3,7,58.3,469,2158,1064,17,14,3,13,3,520,37,Matches,2023-2024
518,James Tomkins,eng ENG,DF,Crystal Palace,34,1989,0.1,25,2,11,12,2,0,25,0,0,,0,,8,26,12,0,0,0,0,0,13,0,Matches,2023-2024
519,Sandro Tonali,it ITA,MF,Newcastle Utd,23,2000,4.9,307,5,60,179,70,8,307,6,3,50.0,2,33.3,191,965,409,11,4,1,4,2,257,21,Matches,2023-2024
520,Ivan Toney,eng ENG,FW,Brentford,27,1996,16.1,620,20,74,281,273,67,620,23,10,43.5,10,43.5,358,1633,809,23,17,13,59,17,465,98,Matches,2023-2024
521,Pau Torres,es ESP,DF,Aston Villa,26,1997,27.4,1985,281,989,873,141,22,1985,28,17,60.7,9,32.1,1398,9039,5917,42,42,0,9,13,1456,16,Matches,2023-2024
522,Andros Townsend,eng ENG,"MF,FW",Luton Town,32,1991,13.4,582,21,89,223,280,21,582,34,16,47.1,14,41.2,347,2425,1099,47,31,7,35,26,366,71,Matches,2023-2024
523,James Trafford,eng ENG,GK,Burnley,20,2002,28.0,1631,1036,1559,72,0,0,1631,2,2,100.0,0,0.0,1009,4620,2156,0,0,0,1,0,932,0,Matches,2023-2024
524,Adama Traoré,es ESP,"FW,MF",Fulham,27,1996,4.2,194,4,28,51,118,24,194,17,9,52.9,6,35.3,134,1227,676,29,13,13,13,9,154,48,Matches,2023-2024
525,Bénie Traoré,ci CIV,"FW,MF",Sheffield Utd,20,2002,4.3,112,2,19,49,48,9,112,22,5,22.7,15,68.2,72,462,174,7,5,3,10,7,69,14,Matches,2023-2024
526,Bertrand Traoré,bf BFA,"DF,FW",Aston Villa,27,1995,0.1,7,0,5,2,0,0,7,1,0,0.0,1,100.0,4,54,0,0,0,0,1,1,4,0,Matches,2023-2024
527,Boubacar Traoré,ml MLI,MF,Wolves,21,2001,9.1,556,17,128,346,89,3,556,15,10,66.7,4,26.7,283,1417,567,9,14,1,13,17,363,15,Matches,2023-2024
528,Mark Travers,ie IRL,GK,Bournemouth,24,1999,4.0,131,111,131,0,0,0,131,0,0,,0,,70,405,180,0,0,0,0,0,52,0,Matches,2023-2024
529,Mike Trésor,be BEL,"FW,MF",Burnley,24,1999,4.7,238,7,48,76,121,6,238,22,11,50.0,11,50.0,136,777,437,15,7,3,9,6,149,31,Matches,2023-2024
530,Kieran Trippier,eng ENG,DF,Newcastle Utd,32,1990,24.8,2344,96,732,969,665,36,2344,22,16,72.7,6,27.3,1078,4247,2049,34,37,5,20,9,1411,128,Matches,2023-2024
531,Leandro Trossard,be BEL,"FW,MF",Arsenal,28,1994,18.3,912,15,105,318,502,121,912,47,25,53.2,16,34.0,591,3651,1732,66,43,27,47,39,650,155,Matches,2023-2024
532,Auston Trusty,us USA,DF,Sheffield Utd,24,1998,28.6,1262,231,710,452,105,27,1262,12,6,50.0,5,41.7,510,2002,796,10,7,2,17,4,582,15,Matches,2023-2024
533,Kostas Tsimikas,gr GRE,DF,Liverpool,27,1996,7.5,573,17,119,235,225,17,573,15,4,26.7,10,66.7,310,1689,861,24,20,3,9,4,338,73,Matches,2023-2024
534,Matt Turner,us USA,GK,Nott'ham Forest,29,1994,17.0,616,489,611,6,0,0,616,0,0,,0,,319,1984,1372,0,0,0,1,0,230,0,Matches,2023-2024
535,Destiny Udogie,it ITA,DF,Tottenham,20,2002,26.6,1775,96,487,815,506,71,1775,58,24,41.4,26,44.8,974,6108,3320,83,65,19,49,26,1028,138,Matches,2023-2024
536,Lesley Ugochukwu,fr FRA,MF,Chelsea,19,2004,3.3,214,14,66,120,31,2,214,6,3,50.0,1,16.7,128,620,358,8,2,2,3,3,162,3,Matches,2023-2024
537,Enes Ünal,tr TUR,"FW,MF",Bournemouth,26,1997,3.6,147,9,14,60,74,28,147,11,2,18.2,8,72.7,88,327,120,4,2,1,15,10,110,28,Matches,2023-2024
538,Virgil van Dijk,nl NED,DF,Liverpool,32,1991,35.3,3235,384,1339,1757,146,78,3235,5,2,40.0,2,40.0,1981,9779,5235,32,19,0,7,4,2263,7,Matches,2023-2024
539,Raphaël Varane,fr FRA,DF,Manchester Utd,30,1993,15.3,945,178,469,434,44,11,945,2,1,50.0,1,50.0,549,3541,2161,16,11,0,6,2,569,2,Matches,2023-2024
540,Alejo Véliz,ar ARG,FW,Tottenham,19,2003,0.6,18,0,1,6,11,4,18,2,1,50.0,1,50.0,8,19,9,0,0,0,2,2,10,3,Matches,2023-2024
541,Joël Veltman,nl NED,DF,Brighton,31,1992,17.6,1103,95,378,517,213,17,1103,11,1,9.1,5,45.5,601,2532,1076,24,17,0,21,7,657,54,Matches,2023-2024
542,Micky van de Ven,nl NED,DF,Tottenham,22,2001,26.0,2023,244,966,976,102,15,2023,27,15,55.6,9,33.3,1422,6561,3058,19,16,2,15,12,1499,9,Matches,2023-2024
543,Bart Verbruggen,nl NED,GK,Brighton,20,2002,21.0,906,779,897,9,0,0,906,1,1,100.0,0,0.0,672,2520,1279,0,0,0,0,0,580,0,Matches,2023-2024
544,Guglielmo Vicario,it ITA,GK,Tottenham,26,1996,38.0,1680,1252,1664,17,0,0,1680,0,0,,0,,1029,4528,2573,0,0,0,0,0,986,0,Matches,2023-2024
545,Fabio Vieira,pt POR,"MF,FW",Arsenal,23,2000,3.3,184,2,14,76,97,20,183,9,2,22.2,6,66.7,111,561,298,12,3,6,7,5,141,30,Matches,2023-2024
546,Carlos Vinícius,br BRA,FW,Fulham,28,1995,3.5,102,1,11,49,45,15,102,8,2,25.0,6,75.0,66,322,91,3,4,2,11,7,80,13,Matches,2023-2024
547,Vitinho,br BRA,"DF,MF",Burnley,24,1999,25.7,1299,80,363,539,406,51,1299,58,25,43.1,25,43.1,634,3958,2038,59,38,18,34,26,678,110,Matches,2023-2024
548,Odisseas Vlachodimos,gr GRE,GK,Nott'ham Forest,29,1994,5.0,181,140,179,2,0,0,181,0,0,,0,,94,476,265,0,0,0,0,0,89,0,Matches,2023-2024
549,Kyle Walker,eng ENG,DF,Manchester City,33,1990,30.7,2613,77,526,1358,749,41,2613,35,21,60.0,11,31.4,1509,7514,4015,74,67,7,24,13,1925,172,Matches,2023-2024
550,Aaron Wan-Bissaka,eng ENG,DF,Manchester Utd,25,1997,19.8,1225,85,424,538,278,24,1225,32,17,53.1,9,28.1,594,2909,1429,30,27,4,20,9,691,54,Matches,2023-2024
551,Joel Ward,eng ENG,DF,Crystal Palace,33,1989,22.0,1167,107,437,551,187,10,1167,12,8,66.7,4,33.3,490,2018,1015,16,9,0,12,3,599,14,Matches,2023-2024
552,James Ward-Prowse,eng ENG,MF,West Ham,28,1994,33.3,1923,76,375,1001,558,32,1920,21,11,52.4,7,33.3,911,3951,1606,18,26,6,15,11,1155,63,Matches,2023-2024
553,Lewis Warrington,eng ENG,FW,Everton,20,2002,0.0,3,0,1,2,0,0,3,0,0,,0,,1,5,5,0,0,0,0,0,1,0,Matches,2023-2024
554,Deivid Washington,br BRA,"DF,FW",Chelsea,18,2005,0.1,5,0,1,3,1,1,5,1,0,0.0,1,100.0,2,6,0,0,0,0,0,1,2,1,Matches,2023-2024
555,Ollie Watkins,eng ENG,FW,Aston Villa,27,1995,35.7,958,28,56,369,542,215,958,63,26,41.3,31,49.2,581,3085,1465,62,37,41,78,57,761,214,Matches,2023-2024
556,Adam Webster,eng ENG,DF,Brighton,28,1995,12.7,1201,106,495,625,86,14,1201,2,0,0.0,2,100.0,814,4073,2357,16,16,0,5,2,903,2,Matches,2023-2024
557,Danny Welbeck,eng ENG,"FW,MF",Brighton,32,1990,18.8,727,20,71,337,325,73,727,27,8,29.6,16,59.3,443,2011,877,32,16,13,46,21,533,100,Matches,2023-2024
558,Timo Werner,de GER,FW,Tottenham,27,1996,9.0,450,3,32,118,302,69,450,30,12,40.0,12,40.0,328,2598,1517,79,27,36,11,5,351,124,Matches,2023-2024
559,Adam Wharton,eng ENG,MF,Crystal Palace,19,2004,14.4,742,29,143,426,183,4,742,7,3,42.9,2,28.6,346,1441,723,14,23,0,12,12,449,10,Matches,2023-2024
560,Ethan Wheatley,eng ENG,FW,Manchester Utd,17,2006,0.2,6,0,0,3,3,0,6,0,0,,0,,3,35,0,0,0,0,1,2,2,1,Matches,2023-2024
561,Ben White,eng ENG,DF,Arsenal,25,1997,33.2,2456,120,633,1165,676,64,2456,22,9,40.9,12,54.5,1321,4867,2672,44,34,9,26,9,1675,162,Matches,2023-2024
562,Joe White,eng ENG,MF,Newcastle Utd,20,2002,0.1,13,1,3,6,4,0,13,0,0,,0,,9,80,41,2,0,0,0,0,9,3,Matches,2023-2024
563,Neco Williams,wls WAL,DF,Nott'ham Forest,22,2001,18.2,1080,71,378,422,298,30,1080,44,19,43.2,18,40.9,496,3101,1631,48,24,6,38,27,526,86,Matches,2023-2024
564,Willian,br BRA,FW,Fulham,34,1988,22.8,1333,17,160,519,671,73,1331,63,29,46.0,25,39.7,902,5906,2943,92,71,28,35,26,1040,181,Matches,2023-2024
565,Joe Willock,eng ENG,MF,Newcastle Utd,23,1999,4.7,225,3,42,107,80,18,225,18,7,38.9,11,61.1,133,891,490,16,5,5,14,6,156,26,Matches,2023-2024
566,Callum Wilson,eng ENG,FW,Newcastle Utd,31,1992,11.0,304,6,11,132,168,77,302,32,14,43.8,15,46.9,212,1020,322,11,8,13,47,35,254,77,Matches,2023-2024
567,Harry Wilson,wls WAL,FW,Fulham,26,1997,18.0,828,24,118,352,371,53,828,34,15,44.1,16,47.1,505,3258,1513,41,25,17,32,12,606,130,Matches,2023-2024
568,Yoane Wissa,cd COD,FW,Brentford,26,1996,27.7,751,22,119,286,366,122,751,52,20,38.5,23,44.2,422,2666,1387,45,33,20,58,20,485,150,Matches,2023-2024
569,Chris Wood,nz NZL,FW,Nott'ham Forest,31,1991,20.1,628,34,80,311,237,92,628,17,6,35.3,9,52.9,296,959,477,16,10,7,50,21,468,76,Matches,2023-2024
570,Cauley Woodrow,eng ENG,"FW,MF",Luton Town,28,1994,4.7,223,18,42,85,99,21,223,3,2,66.7,1,33.3,117,527,204,7,7,1,9,8,157,22,Matches,2023-2024
571,Joe Worrall,eng ENG,DF,Nott'ham Forest,26,1997,4.9,216,55,138,72,8,7,216,0,0,,0,,105,410,111,0,0,0,0,0,124,1,Matches,2023-2024
572,Yehor Yarmoliuk,ua UKR,MF,Brentford,19,2004,7.6,407,14,81,172,162,20,407,27,17,63.0,7,25.9,207,1267,461,13,7,2,17,10,220,36,Matches,2023-2024
573,Ryan Yates,eng ENG,MF,Nott'ham Forest,25,1997,22.1,1126,60,343,558,234,45,1126,9,4,44.4,4,44.4,455,2010,941,18,14,0,24,10,559,37,Matches,2023-2024
574,Ashley Young,eng ENG,"DF,MF",Everton,38,1985,25.3,1284,77,378,554,365,20,1284,27,12,44.4,12,44.4,609,2909,1490,40,24,5,16,13,653,61,Matches,2023-2024
575,Illia Zabarnyi,ua UKR,DF,Bournemouth,20,2002,37.0,2169,312,1129,978,70,17,2169,13,9,69.2,2,15.4,1303,7280,4408,24,15,0,15,2,1368,1,Matches,2023-2024
576,Nicolò Zaniolo,it ITA,"FW,MF",Aston Villa,24,1999,9.3,402,11,53,171,184,60,402,48,13,27.1,30,62.5,268,1854,915,35,16,15,31,36,284,60,Matches,2023-2024
577,Anass Zaroury,ma MAR,"FW,MF",Burnley,22,2000,1.7,87,1,12,39,37,4,87,6,2,33.3,3,50.0,60,362,91,2,2,0,3,2,68,12,Matches,2023-2024
578,Oleksandr Zinchenko,ua UKR,DF,Arsenal,26,1996,19.1,1729,46,335,885,519,28,1729,14,7,50.0,5,35.7,1013,4792,2334,40,28,7,10,15,1178,58,Matches,2023-2024
579,Kurt Zouma,fr FRA,DF,West Ham,28,1994,31.5,1455,275,798,626,34,28,1455,3,2,66.7,1,33.3,794,3751,2019,7,5,1,13,3,873,1,Matches,2023-2024
580,Martin Ødegaard,no NOR,MF,Arsenal,24,1998,34.3,2326,24,244,926,1173,165,2324,81,37,45.7,38,46.9,1563,8190,3514,91,83,37,53,58,1827,202,Matches,2023-2024
1,Brenden Aaronson,us USA,"MF,FW",Leeds United,21,2000,26.4,1143,12,116,495,554,72,1143,100,34,34.0,48,48.0,687,3651,1532,43,34,13,71,82,767,151,Matches,2022-2023
2,George Abbott,eng ENG,MF,Tottenham,16,2005,0.0,2,1,1,1,0,0,2,0,0,,0,,0,0,0,0,0,0,0,0,1,0,Matches,2022-2023
3,Che Adams,sct SCO,FW,Southampton,26,1996,22.1,717,29,66,286,377,103,717,34,17,50.0,13,38.2,406,1623,471,17,11,9,66,28,558,115,Matches,2022-2023
4,Tyler Adams,us USA,MF,Leeds United,23,1999,24.0,1628,44,376,1010,254,5,1628,23,8,34.8,12,52.2,819,3342,1555,19,21,0,28,18,920,20,Matches,2022-2023
5,Tosin Adarabioyo,eng ENG,DF,Fulham,24,1997,23.2,1545,231,776,735,47,19,1545,11,9,81.8,2,18.2,834,4470,2733,16,12,1,4,4,975,3,Matches,2022-2023
6,Nayef Aguerd,ma MAR,DF,West Ham,26,1996,17.7,949,161,563,358,35,23,949,6,4,66.7,0,0.0,523,2127,1137,2,1,0,8,7,564,4,Matches,2022-2023
7,Naouirou Ahamada,fr FRA,"MF,FW",Crystal Palace,20,2002,1.0,63,0,12,35,16,4,63,2,1,50.0,1,50.0,32,179,70,1,2,1,5,1,39,11,Matches,2022-2023
8,Rayan Aït-Nouri,dz ALG,DF,Wolves,21,2001,12.0,740,40,240,279,233,28,740,50,28,56.0,18,36.0,395,2260,1244,30,13,10,28,12,454,76,Matches,2022-2023
9,Kristoffer Ajer,no NOR,DF,Brentford,24,1998,8.5,412,45,184,167,64,9,412,9,3,33.3,4,44.4,213,1123,613,10,5,0,3,8,231,12,Matches,2022-2023
10,Manuel Akanji,ch SUI,DF,Manchester City,27,1995,25.4,2231,121,815,1248,176,34,2231,12,6,50.0,3,25.0,1544,8443,5039,24,40,1,12,3,1734,17,Matches,2022-2023
11,Nathan Aké,nl NED,DF,Manchester City,27,1995,20.8,1959,86,615,1097,256,32,1959,5,3,60.0,1,20.0,1223,5455,3314,25,19,4,16,0,1492,30,Matches,2022-2023
12,Marc Albrighton,eng ENG,"FW,MF",Leicester City,32,1989,2.6,173,6,33,61,79,5,173,2,2,100.0,0,0.0,83,391,147,4,4,0,4,2,116,18,Matches,2022-2023
13,Thiago Alcántara,es ESP,MF,Liverpool,31,1991,13.9,1251,45,272,796,188,8,1251,30,21,70.0,4,13.3,718,3639,1721,13,21,0,13,22,910,24,Matches,2022-2023
14,Carlos Alcaraz,ar ARG,"MF,FW",Southampton,19,2002,11.4,430,14,73,234,130,23,430,28,13,46.4,11,39.3,258,1292,675,20,17,2,30,24,296,32,Matches,2022-2023
15,Trent Alexander-Arnold,eng ENG,DF,Liverpool,23,1998,32.5,3180,89,737,1631,837,44,3180,45,30,66.7,13,28.9,1778,6848,3312,43,39,8,35,21,2042,139,Matches,2022-2023
16,Alisson,br BRA,GK,Liverpool,29,1992,37.0,1536,1124,1498,39,0,0,1536,2,2,100.0,0,0.0,985,4654,2962,0,0,0,1,0,901,0,Matches,2022-2023
17,Dele Alli,eng ENG,MF,Everton,26,1996,0.4,20,0,1,8,11,2,20,1,0,0.0,1,100.0,11,30,3,0,0,0,3,1,14,1,Matches,2022-2023
18,Miguel Almirón,py PAR,FW,Newcastle Utd,28,1994,27.7,1300,25,147,417,760,138,1300,79,34,43.0,33,41.8,841,5389,2341,77,46,25,51,28,924,264,Matches,2022-2023
19,Julián Álvarez,ar ARG,"FW,MF",Manchester City,22,2000,16.3,654,8,46,255,360,89,653,38,21,55.3,14,36.8,406,2187,908,38,18,17,28,24,506,99,Matches,2022-2023
20,Daniel Amartey,gh GHA,DF,Leicester City,27,1994,17.9,1279,185,658,578,46,9,1279,5,2,40.0,2,40.0,779,3720,2275,23,11,0,8,4,909,5,Matches,2022-2023
21,Samuel Amo-Ameyaw,eng ENG,MF,Southampton,16,2006,0.0,8,0,1,5,3,0,8,4,3,75.0,1,25.0,4,70,64,2,0,0,0,0,5,0,Matches,2022-2023
22,Joachim Andersen,dk DEN,DF,Crystal Palace,26,1996,30.9,2303,355,1232,996,89,39,2303,9,5,55.6,4,44.4,1318,6889,3787,16,8,2,8,3,1498,7,Matches,2022-2023
23,Elliot Anderson,eng ENG,"MF,FW",Newcastle Utd,19,2002,4.6,286,7,44,99,151,39,286,29,10,34.5,13,44.8,160,970,522,23,15,12,9,10,182,35,Matches,2022-2023
24,Jaidon Anthony,eng ENG,"MF,FW",Bournemouth,22,1999,14.0,717,23,150,271,304,33,717,47,15,31.9,30,63.8,423,2449,1032,31,25,13,25,27,464,72,Matches,2022-2023
25,Michail Antonio,jm JAM,FW,West Ham,32,1990,20.3,596,15,39,262,308,80,596,66,27,40.9,29,43.9,375,2585,1237,49,26,18,76,45,476,120,Matches,2022-2023
26,Antony,br BRA,FW,Manchester Utd,22,2000,20.0,1066,12,134,348,609,85,1066,77,30,39.0,38,49.4,763,4783,2569,95,60,32,37,12,813,168,Matches,2022-2023
27,Cameron Archer,eng ENG,"FW,MF",Aston Villa,21,2001,0.5,15,0,1,8,7,3,15,1,1,100.0,0,0.0,15,114,72,3,1,1,2,3,13,3,Matches,2022-2023
28,Alphonse Areola,fr FRA,GK,West Ham,29,1993,3.4,98,91,98,0,0,0,98,0,0,,0,,53,253,153,0,0,0,0,0,42,0,Matches,2022-2023
29,Joe Aribo,ng NGA,"MF,FW",Southampton,26,1996,13.6,566,14,87,269,222,46,566,39,17,43.6,21,53.8,294,1294,615,19,10,7,35,22,354,64,Matches,2022-2023
30,Adam Armstrong,eng ENG,"FW,MF",Southampton,25,1997,14.8,458,11,71,176,222,46,458,43,13,30.2,25,58.1,255,2338,996,39,29,11,24,22,273,70,Matches,2022-2023
31,Stuart Armstrong,sct SCO,"MF,FW",Southampton,30,1992,15.6,864,21,133,403,341,37,864,52,22,42.3,21,40.4,539,3859,1910,61,45,10,28,28,596,88,Matches,2022-2023
32,Kepa Arrizabalaga,es ESP,GK,Chelsea,27,1994,28.5,1119,892,1103,16,0,0,1119,1,1,100.0,0,0.0,654,2894,1683,0,0,0,1,0,604,0,Matches,2022-2023
33,Pierre-Emerick Aubameyang,ga GAB,FW,Chelsea,33,1989,6.2,161,7,16,69,79,23,161,5,3,60.0,2,40.0,86,529,259,9,6,4,11,4,116,29,Matches,2022-2023
34,Ludwig Augustinsson,se SWE,DF,Aston Villa,28,1994,0.9,51,3,19,15,17,2,51,1,0,0.0,1,100.0,29,180,27,0,2,0,0,0,21,3,Matches,2022-2023
35,Serge Aurier,ci CIV,DF,Nott'ham Forest,29,1992,21.6,1238,107,484,505,263,13,1238,32,16,50.0,11,34.4,520,2394,1398,37,26,2,31,18,574,50,Matches,2022-2023
36,Taiwo Awoniyi,ng NGA,FW,Nott'ham Forest,24,1997,15.6,434,22,62,177,203,55,434,23,9,39.1,11,47.8,246,1269,530,18,13,9,68,29,284,55,Matches,2022-2023
37,Yasin Ayari,se SWE,MF,Brighton,18,2003,0.7,30,0,5,18,8,1,30,1,0,0.0,0,0.0,19,76,44,0,0,0,2,0,25,2,Matches,2022-2023
38,André Ayew,gh GHA,"FW,MF",Nott'ham Forest,32,1989,3.5,106,11,15,49,42,8,105,6,1,16.7,4,66.7,40,271,102,3,3,2,3,4,62,16,Matches,2022-2023
39,Jordan Ayew,gh GHA,"FW,MF",Crystal Palace,30,1991,30.2,1327,46,192,611,560,98,1327,149,65,43.6,59,39.6,801,5195,2372,83,50,31,107,83,932,174,Matches,2022-2023
40,Luke Ayling,eng ENG,DF,Leeds United,30,1991,22.8,1413,79,466,578,390,56,1413,33,13,39.4,17,51.5,648,2963,1480,28,20,4,23,12,700,100,Matches,2022-2023
41,César Azpilicueta,es ESP,DF,Chelsea,32,1989,17.0,1245,84,424,510,319,25,1245,13,7,53.8,5,38.5,612,2691,1573,23,19,0,12,5,753,81,Matches,2022-2023
42,Benoît Badiashile,fr FRA,DF,Chelsea,21,2001,10.1,945,95,469,458,25,11,945,3,1,33.3,2,66.7,630,3020,1774,11,2,0,2,3,689,2,Matches,2022-2023
43,Leon Bailey,jm JAM,"FW,MF",Aston Villa,24,1997,21.9,813,16,91,283,456,89,813,112,41,36.6,55,49.1,521,4027,1706,85,33,38,48,53,561,182,Matches,2022-2023
44,Stefan Bajcetic,es ESP,MF,Liverpool,17,2004,5.8,324,6,66,189,74,5,324,16,7,43.8,4,25.0,175,990,450,10,7,0,7,6,204,1,Matches,2022-2023
45,Dominic Ballard,eng ENG,"FW,MF",Southampton,17,2005,0.3,11,0,2,4,5,0,11,2,0,0.0,1,50.0,6,25,10,1,0,0,3,1,7,1,Matches,2022-2023
46,Patrick Bamford,eng ENG,FW,Leeds United,28,1993,16.8,550,19,34,257,266,83,548,34,11,32.4,19,55.9,290,1186,447,17,17,13,56,21,386,96,Matches,2022-2023
47,Shandon Baptiste,gd GRN,MF,Brentford,24,1998,6.9,373,12,87,196,97,7,373,13,6,46.2,3,23.1,240,1097,507,8,12,3,16,8,247,23,Matches,2022-2023
48,Harvey Barnes,eng ENG,"FW,MF",Leicester City,24,1997,30.1,1143,17,128,435,600,133,1143,91,27,29.7,53,58.2,734,5174,2749,100,72,48,75,42,900,257,Matches,2022-2023
49,Gavin Bazunu,ie IRL,GK,Southampton,20,2002,32.0,1253,910,1234,19,0,0,1253,0,0,,0,,746,3699,2072,0,0,0,0,0,599,0,Matches,2022-2023
50,Mads Bech Sørensen,dk DEN,"DF,MF",Brentford,23,1999,0.2,14,1,4,8,2,0,14,0,0,,0,,2,3,0,0,0,0,0,0,5,0,Matches,2022-2023
51,Jan Bednarek,pl POL,DF,Southampton,26,1996,18.6,1127,205,635,460,37,14,1127,2,1,50.0,1,50.0,579,2671,1580,8,1,0,2,1,605,2,Matches,2022-2023
52,Jan Bednarek,pl POL,DF,Aston Villa,26,1996,1.1,79,9,39,40,1,0,79,0,0,,0,,47,291,177,1,0,0,0,0,53,0,Matches,2022-2023
53,Donny van de Beek,nl NED,MF,Manchester Utd,25,1997,1.9,72,1,3,23,46,11,72,3,2,66.7,1,33.3,39,148,85,2,3,0,2,2,53,20,Matches,2022-2023
54,Asmir Begović,ba BIH,GK,Everton,35,1987,1.0,33,31,33,0,0,0,33,0,0,,0,,19,75,47,0,0,0,0,0,13,0,Matches,2022-2023
55,Armel Bella Kotchap,de GER,DF,Southampton,20,2001,20.9,1211,209,654,519,46,22,1211,11,4,36.4,3,27.3,697,3570,1899,9,12,2,9,6,682,2,Matches,2022-2023
56,Saïd Benrahma,dz ALG,"FW,MF",West Ham,26,1995,23.0,1091,16,131,399,583,94,1087,123,51,41.5,56,45.5,699,5281,2705,109,54,44,53,42,800,237,Matches,2022-2023
57,Rodrigo Bentancur,uy URU,MF,Tottenham,25,1997,16.7,1071,52,295,612,175,19,1071,34,21,61.8,11,32.4,581,3001,1444,26,14,1,22,17,732,19,Matches,2022-2023
58,Daniel Bentley,eng ENG,GK,Wolves,29,1993,2.0,87,83,87,0,0,0,87,0,0,,0,,29,193,133,0,0,0,0,0,34,0,Matches,2022-2023
59,Victor Bernth Kristiansen,dk DEN,DF,Leicester City,19,2002,9.9,607,33,234,255,123,4,607,15,7,46.7,5,33.3,278,1494,714,17,8,0,10,10,302,24,Matches,2022-2023
60,Owen Bevan,wls WAL,DF,Bournemouth,18,2003,0.1,3,0,3,0,0,0,3,0,0,,0,,1,0,0,0,0,0,0,0,1,0,Matches,2022-2023
61,Giulian Biancone,fr FRA,DF,Nott'ham Forest,22,2000,0.2,25,2,19,5,1,0,25,0,0,,0,,10,76,61,2,1,0,0,0,13,1,Matches,2022-2023
62,Philip Billing,dk DEN,"MF,FW",Bournemouth,26,1996,30.7,1410,76,334,666,428,71,1410,49,28,57.1,15,30.6,728,3709,1694,37,31,6,42,35,900,101,Matches,2022-2023
63,Yves Bissouma,ml MLI,MF,Tottenham,25,1996,11.2,826,23,164,536,127,2,826,9,7,77.8,2,22.2,504,2761,1143,14,13,1,16,8,613,10,Matches,2022-2023
64,Willy Boly,ci CIV,DF,Nott'ham Forest,31,1991,7.6,353,69,239,101,15,9,353,2,1,50.0,0,0.0,171,769,355,1,1,0,2,0,182,0,Matches,2022-2023
65,Sven Botman,nl NED,DF,Newcastle Utd,22,2000,34.7,2074,338,1188,801,95,53,2074,1,1,100.0,0,0.0,1171,5259,2810,8,5,2,10,2,1347,5,Matches,2022-2023
66,Jarrod Bowen,eng ENG,"FW,MF",West Ham,25,1996,35.9,1318,32,186,451,693,157,1316,118,36,30.5,55,46.6,731,5565,2201,101,44,56,70,55,793,213,Matches,2022-2023
67,James Bree,eng ENG,DF,Southampton,24,1997,4.1,213,18,71,67,75,2,213,3,2,66.7,1,33.3,93,352,131,4,4,0,3,2,111,12,Matches,2022-2023
68,Armando Broja,al ALB,FW,Chelsea,20,2001,3.3,110,2,7,41,63,16,110,15,8,53.3,5,33.3,54,399,199,8,1,5,15,9,71,17,Matches,2022-2023
69,David Brooks,wls WAL,"FW,MF",Bournemouth,25,1997,1.9,93,8,19,35,39,9,93,9,2,22.2,7,77.8,61,270,120,5,2,2,4,4,65,10,Matches,2022-2023
70,Lewis Brunt,eng ENG,DF,Leicester City,21,2000,0.3,23,1,8,12,3,0,23,0,0,,0,,9,30,4,0,0,0,0,0,13,2,Matches,2022-2023
71,Emi Buendía,ar ARG,"MF,FW",Aston Villa,25,1996,26.8,1336,38,202,634,516,93,1336,59,27,45.8,26,44.1,829,3957,1970,60,46,19,63,58,955,137,Matches,2022-2023
72,Hugo Bueno,es ESP,DF,Wolves,19,2002,14.6,835,53,318,275,249,14,835,34,14,41.2,14,41.2,396,2714,1422,52,29,4,16,11,446,64,Matches,2022-2023
73,Facundo Buonanotte,ar ARG,"FW,MF",Brighton,17,2004,6.3,258,8,33,114,115,19,258,19,7,36.8,9,47.4,182,1018,424,9,5,2,10,2,202,42,Matches,2022-2023
74,Dan Burn,eng ENG,DF,Newcastle Utd,30,1992,34.6,2073,158,786,940,358,62,2073,25,11,44.0,12,48.0,926,4329,2196,29,22,5,34,9,1116,46,Matches,2022-2023
75,Cafú,pt POR,MF,Nott'ham Forest,29,1993,0.1,3,1,2,1,0,0,3,0,0,,0,,2,12,7,0,0,0,0,0,1,0,Matches,2022-2023
76,Moisés Caicedo,ec ECU,MF,Brighton,20,2001,34.9,2603,91,555,1520,558,28,2603,54,28,51.9,21,38.9,1507,6220,2876,38,32,6,39,23,1891,61,Matches,2022-2023
77,Tom Cairney,sct SCO,MF,Fulham,31,1991,11.0,872,10,127,426,332,31,872,21,9,42.9,8,38.1,573,3124,1516,34,27,6,23,21,667,57,Matches,2022-2023
78,Duje Ćaleta-Car,hr CRO,DF,Southampton,25,1996,10.5,695,136,416,268,15,9,695,2,2,100.0,0,0.0,387,1829,993,5,1,0,1,2,429,0,Matches,2022-2023
79,Dominic Calvert-Lewin,eng ENG,FW,Everton,25,1997,12.9,376,20,39,143,200,59,375,28,15,53.6,10,35.7,186,972,405,18,11,10,40,12,286,56,Matches,2022-2023
80,Chem Campbell,wls WAL,"FW,MF",Wolves,19,2002,0.8,47,1,6,19,23,5,47,5,3,60.0,2,40.0,39,303,70,2,6,1,3,5,36,10,Matches,2022-2023
81,João Cancelo,pt POR,DF,Manchester City,28,1994,14.2,1363,20,225,686,461,47,1363,61,31,50.8,23,37.7,840,4920,2861,73,40,21,18,14,1020,125,Matches,2022-2023
82,Thomas Cannon,ie IRL,FW,Everton,19,2002,0.3,8,0,0,2,6,4,8,2,1,50.0,0,0.0,6,34,7,1,0,0,0,0,7,2,Matches,2022-2023
83,Sergi Canós,es ESP,"FW,DF",Brentford,25,1997,0.9,57,1,13,25,20,2,57,6,4,66.7,2,33.3,29,206,111,4,2,0,0,0,36,7,Matches,2022-2023
84,Diego Carlos,br BRA,DF,Aston Villa,29,1993,2.3,156,11,54,94,11,4,156,0,0,,0,,100,348,193,1,3,0,2,0,111,0,Matches,2022-2023
85,Fabio Carvalho,pt POR,"MF,FW",Liverpool,19,2002,3.9,193,2,31,75,91,26,193,6,2,33.3,3,50.0,122,568,255,9,9,2,11,15,145,26,Matches,2022-2023
86,Casemiro,br BRA,MF,Manchester Utd,30,1992,23.6,1757,110,531,949,292,24,1757,20,9,45.0,8,40.0,850,2828,1404,14,17,1,18,14,1103,34,Matches,2022-2023
87,Matty Cash,pl POL,DF,Aston Villa,24,1997,20.2,1215,76,423,545,258,11,1215,33,16,48.5,9,27.3,610,3143,1677,42,33,4,24,7,652,57,Matches,2022-2023
88,Timothy Castagne,be BEL,DF,Leicester City,26,1995,36.2,2237,158,820,920,508,52,2237,31,12,38.7,14,45.2,989,4010,1994,39,23,5,32,17,1246,149,Matches,2022-2023
89,Jonny Castro,es ESP,DF,Wolves,28,1994,14.0,1003,53,342,444,227,13,1003,32,14,43.8,15,46.9,499,2623,1495,24,18,4,16,13,600,46,Matches,2022-2023
90,Nathaniel Chalobah,eng ENG,MF,Fulham,27,1994,0.1,11,4,5,3,3,1,11,0,0,,0,,6,16,8,0,1,0,1,1,8,0,Matches,2022-2023
91,Trevoh Chalobah,eng ENG,DF,Chelsea,23,1999,17.9,1369,135,602,604,167,23,1369,10,8,80.0,1,10.0,784,2679,1393,17,13,1,6,5,973,27,Matches,2022-2023
92,Calum Chambers,eng ENG,"DF,MF",Aston Villa,27,1995,3.9,245,30,119,96,32,2,245,0,0,,0,,139,794,540,6,4,0,2,1,149,2,Matches,2022-2023
93,Shea Charles,nir NIR,DF,Manchester City,18,2003,0.3,32,5,14,18,0,0,32,0,0,,0,,20,116,43,1,0,0,0,1,19,0,Matches,2022-2023
94,Ben Chilwell,eng ENG,"DF,MF",Chelsea,25,1996,15.6,1133,23,284,426,426,36,1133,23,8,34.8,12,52.2,629,3401,1852,43,36,8,25,18,722,131,Matches,2022-2023
95,Ryan Christie,sct SCO,"MF,FW",Bournemouth,27,1995,20.4,940,39,187,421,350,61,940,86,37,43.0,42,48.8,559,3396,1462,39,34,13,49,33,592,71,Matches,2022-2023
96,Carney Chukwuemeka,eng ENG,"MF,FW",Chelsea,18,2003,3.9,262,5,47,106,112,17,262,11,6,54.5,5,45.5,154,1165,718,21,14,3,11,3,184,21,Matches,2022-2023
97,Bobby Clark,eng ENG,MF,Liverpool,17,2005,0.1,7,0,0,0,7,1,7,1,0,0.0,1,100.0,3,3,0,0,0,0,2,0,3,2,Matches,2022-2023
98,Nathaniel Clyne,eng ENG,DF,Crystal Palace,31,1991,18.2,971,44,313,475,186,3,971,12,5,41.7,5,41.7,423,1778,896,14,10,1,12,3,531,29,Matches,2022-2023
99,Conor Coady,eng ENG,DF,Everton,29,1993,23.3,1363,238,795,547,29,10,1363,3,0,0.0,2,66.7,882,4154,2414,4,4,0,6,2,984,1,Matches,2022-2023
100,Jack Colback,eng ENG,MF,Nott'ham Forest,32,1989,5.5,189,16,65,100,27,1,189,4,3,75.0,0,0.0,75,404,210,5,5,0,5,1,88,3,Matches,2022-2023
101,Séamus Coleman,ie IRL,DF,Everton,33,1988,18.4,990,81,334,417,246,21,990,37,17,45.9,15,40.5,457,2049,925,13,10,3,30,6,481,37,Matches,2022-2023
102,Nathan Collins,ie IRL,DF,Wolves,21,2001,20.2,1339,208,801,500,45,13,1339,8,7,87.5,0,0.0,724,3470,1799,11,9,2,9,8,922,5,Matches,2022-2023
103,Levi Colwill,eng ENG,DF,Brighton,19,2003,13.6,1263,144,569,646,51,11,1263,1,1,100.0,0,0.0,845,4646,2952,16,10,0,7,4,921,3,Matches,2022-2023
104,Lewis Cook,eng ENG,MF,Bournemouth,25,1997,19.1,935,67,290,472,184,9,935,20,8,40.0,10,50.0,427,2210,819,9,18,1,15,16,517,10,Matches,2022-2023
105,Steve Cook,eng ENG,DF,Nott'ham Forest,31,1991,10.6,559,100,321,220,19,10,559,1,1,100.0,0,0.0,284,1293,577,1,3,0,3,2,350,0,Matches,2022-2023
106,Liam Cooper,sct SCO,DF,Leeds United,30,1991,15.8,970,103,499,440,37,21,970,4,1,25.0,1,25.0,477,2172,913,3,3,1,9,1,501,2,Matches,2022-2023
107,Maxwel Cornet,ci CIV,FW,West Ham,25,1996,2.7,140,3,18,50,72,11,140,5,2,40.0,3,60.0,83,310,140,9,2,5,9,5,103,26,Matches,2022-2023
108,Diego Costa,es ESP,FW,Wolves,33,1988,13.8,335,19,37,140,161,59,335,10,5,50.0,5,50.0,180,1019,342,19,9,11,23,26,245,60,Matches,2022-2023
109,Vladimír Coufal,cz CZE,DF,West Ham,29,1992,23.7,1433,104,435,580,424,21,1433,17,3,17.6,6,35.3,578,3284,1710,53,33,2,25,21,665,109,Matches,2022-2023
110,Philippe Coutinho,br BRA,"MF,FW",Aston Villa,30,1992,8.8,500,2,34,259,213,24,500,34,14,41.2,15,44.1,309,1747,739,18,28,5,23,17,369,68,Matches,2022-2023
111,Conor Coventry,ie IRL,"MF,FW",West Ham,22,2000,0.0,0,0,0,0,0,0,0,0,0,,0,,0,0,0,0,0,0,0,0,0,0,Matches,2022-2023
112,Matthew Craig,sct SCO,MF,Tottenham,19,2003,0.2,10,1,3,5,2,0,10,0,0,,0,,5,20,6,0,1,0,0,0,6,0,Matches,2022-2023
113,Aaron Cresswell,eng ENG,DF,West Ham,32,1989,24.8,1607,97,507,668,438,13,1607,7,2,28.6,4,57.1,766,3497,1751,35,26,1,6,6,960,82,Matches,2022-2023
114,Marc Cucurella,es ESP,DF,Chelsea,24,1998,18.6,1490,63,470,672,358,12,1490,14,5,35.7,6,42.9,787,3205,1797,30,20,2,14,6,906,65,Matches,2022-2023
115,Matheus Cunha,br BRA,FW,Wolves,23,1999,10.7,372,14,66,170,147,45,372,39,26,66.7,8,20.5,195,1119,459,16,6,7,31,13,224,43,Matches,2022-2023
116,Patson Daka,zm ZAM,FW,Leicester City,23,1998,13.2,444,13,42,175,230,58,444,18,7,38.9,8,44.4,207,1090,461,18,8,11,46,19,288,82,Matches,2022-2023
117,Diogo Dalot,pt POR,DF,Manchester Utd,23,1999,23.9,1673,125,580,714,390,38,1673,35,21,60.0,7,20.0,878,4258,2161,46,32,12,18,5,994,85,Matches,2022-2023
118,Mikkel Damsgaard,dk DEN,"MF,FW",Brentford,22,2000,11.0,529,9,104,268,166,27,529,23,9,39.1,9,39.1,279,1075,574,9,9,1,15,6,307,45,Matches,2022-2023
119,Danilo,br BRA,MF,Nott'ham Forest,21,2001,10.8,383,26,118,182,92,21,383,19,14,73.7,4,21.1,171,815,439,13,9,6,20,8,171,22,Matches,2022-2023
120,Arnaut Danjuma,nl NED,"FW,MF",Tottenham,25,1997,1.9,72,1,5,35,32,8,72,6,3,50.0,3,50.0,44,233,128,5,2,2,1,3,58,19,Matches,2022-2023
121,Josh Dasilva,eng ENG,MF,Brentford,23,1998,15.4,770,17,144,342,298,32,770,56,32,57.1,15,26.8,536,3392,1631,60,43,9,28,29,562,69,Matches,2022-2023
122,David Datro Fofana,ci CIV,FW,Chelsea,19,2002,0.8,33,1,2,10,22,7,33,8,5,62.5,2,25.0,24,119,45,2,2,3,9,3,23,9,Matches,2022-2023
123,Ben Davies,wls WAL,DF,Tottenham,29,1993,25.4,1482,95,514,749,223,29,1482,15,5,33.3,7,46.7,835,4386,2692,39,33,4,11,5,1012,69,Matches,2022-2023
124,Tom Davies,eng ENG,MF,Everton,24,1998,6.0,309,13,74,183,54,15,309,6,3,50.0,3,50.0,150,616,253,2,1,0,17,4,201,13,Matches,2022-2023
125,Craig Dawson,eng ENG,DF,West Ham,32,1990,8.0,380,53,211,142,28,14,380,1,0,0.0,1,100.0,193,1042,600,0,5,0,2,4,216,1,Matches,2022-2023
126,Craig Dawson,eng ENG,DF,Wolves,32,1990,15.7,1084,182,619,437,32,15,1084,4,3,75.0,0,0.0,628,2615,1323,5,3,0,5,2,748,1,Matches,2022-2023
127,Kevin De Bruyne,be BEL,MF,Manchester City,31,1991,26.9,1860,13,100,743,1041,100,1860,61,32,52.5,19,31.1,1129,5721,3415,100,81,16,42,29,1445,245,Matches,2022-2023
128,Siriki Dembélé,ci CIV,"FW,MF",Bournemouth,25,1996,1.2,71,1,10,30,33,3,71,10,6,60.0,3,30.0,47,311,160,5,2,1,9,5,50,11,Matches,2022-2023
129,Leander Dendoncker,be BEL,MF,Aston Villa,27,1995,7.7,365,21,102,219,46,7,365,5,3,60.0,2,40.0,171,852,271,1,6,1,8,3,207,2,Matches,2022-2023
130,Leander Dendoncker,be BEL,MF,Wolves,27,1995,2.4,128,6,33,75,21,5,128,2,1,50.0,1,50.0,60,205,77,1,0,0,2,2,77,3,Matches,2022-2023
131,Emmanuel Dennis,ng NGA,"FW,MF",Nott'ham Forest,24,1997,8.0,335,5,55,118,177,40,335,54,19,35.2,26,48.1,211,1512,840,24,15,8,32,25,219,63,Matches,2022-2023
132,Halil Dervişoğlu,tr TUR,MF,Brentford,22,1999,0.1,1,0,0,0,1,0,1,0,0,,0,,2,13,0,0,0,1,0,1,2,0,Matches,2022-2023
133,Kiernan Dewsbury-Hall,eng ENG,MF,Leicester City,23,1998,25.6,1490,48,279,796,443,50,1490,76,42,55.3,26,34.2,903,5218,2559,68,36,16,73,32,1038,91,Matches,2022-2023
134,Ibrahima Diallo,fr FRA,MF,Southampton,23,1999,9.1,499,18,128,308,74,4,499,13,8,61.5,5,38.5,287,1445,710,9,4,0,16,9,294,6,Matches,2022-2023
135,Rúben Dias,pt POR,DF,Manchester City,25,1997,22.2,2237,176,881,1280,83,22,2237,10,8,80.0,1,10.0,1497,8194,5025,14,22,1,1,4,1791,2,Matches,2022-2023
136,Luis Díaz,co COL,FW,Liverpool,25,1997,11.1,618,4,47,247,336,77,618,65,32,49.2,25,38.5,440,2944,1303,39,31,22,30,37,500,116,Matches,2022-2023
137,Eric Dier,eng ENG,DF,Tottenham,28,1994,31.3,2274,370,1333,866,84,25,2274,6,3,50.0,2,33.3,1368,6183,2851,9,9,1,10,3,1600,14,Matches,2022-2023
138,Lucas Digne,fr FRA,DF,Aston Villa,29,1993,16.7,1096,64,365,396,342,24,1096,18,3,16.7,11,61.1,552,2363,1262,29,14,2,16,12,625,89,Matches,2022-2023
139,Issa Diop,fr FRA,DF,Fulham,25,1997,22.4,1606,191,828,762,28,9,1606,7,5,71.4,1,14.3,1026,6704,4207,13,6,0,10,1,1115,4,Matches,2022-2023
140,Moussa Djenepo,ml MLI,"DF,FW",Southampton,24,1998,7.9,358,16,103,158,102,16,358,42,19,45.2,17,40.5,197,1423,726,27,11,6,15,7,182,39,Matches,2022-2023
141,Ben Doak,sct SCO,FW,Liverpool,16,2005,0.3,22,0,4,10,10,2,22,4,0,0.0,4,100.0,16,182,51,1,3,2,1,0,15,4,Matches,2022-2023
142,Matt Doherty,ie IRL,"DF,MF",Tottenham,30,1992,7.4,500,27,144,184,172,24,500,12,5,41.7,4,33.3,247,953,443,16,5,2,12,3,306,57,Matches,2022-2023
143,Abdoulaye Doucouré,ml MLI,MF,Everton,29,1993,17.0,713,18,156,327,242,45,713,33,20,60.6,11,33.3,371,1689,896,23,16,7,27,13,440,66,Matches,2022-2023
144,Cheick Doucouré,ml MLI,MF,Crystal Palace,22,2000,30.8,1577,94,444,894,255,15,1577,21,15,71.4,6,28.6,761,3761,1761,18,25,1,28,20,884,17,Matches,2022-2023
145,Flynn Downes,eng ENG,MF,West Ham,23,1999,8.5,405,14,74,265,68,5,405,2,1,50.0,0,0.0,224,1041,364,3,5,1,11,6,276,11,Matches,2022-2023
146,Kami Doyle,eng ENG,MF,Southampton,16,2005,0.1,6,0,2,3,1,0,6,1,0,0.0,1,100.0,4,12,1,0,0,0,0,1,7,0,Matches,2022-2023
147,Cody Drameh,eng ENG,DF,Leeds United,20,2001,0.8,44,1,7,26,11,0,44,1,1,100.0,0,0.0,17,48,10,0,1,0,1,1,23,3,Matches,2022-2023
148,Martin Dúbravka,sk SVK,GK,Newcastle Utd,33,1989,1.7,59,55,59,0,0,0,59,0,0,,0,,38,190,103,0,0,0,0,0,23,0,Matches,2022-2023
149,Shane Duffy,ie IRL,"DF,FW",Fulham,30,1992,0.2,22,3,13,9,1,1,22,1,1,100.0,0,0.0,9,41,18,0,0,0,1,0,12,0,Matches,2022-2023
150,Lewis Dunk,eng ENG,DF,Brighton,30,1991,36.0,3461,428,1665,1712,97,34,3461,5,4,80.0,0,0.0,2294,11410,6327,19,21,0,13,5,2586,5,Matches,2022-2023
151,Jáder Durán,co COL,"FW,MF",Aston Villa,18,2003,1.5,57,3,3,26,29,6,57,2,1,50.0,1,50.0,33,205,123,4,5,1,8,3,41,13,Matches,2022-2023
152,Malcolm Ebiowei,eng ENG,"MF,FW",Crystal Palace,18,2003,0.4,21,0,1,8,12,2,21,5,2,40.0,3,60.0,14,107,30,2,1,0,5,0,15,9,Matches,2022-2023
153,Ederson,br BRA,GK,Manchester City,28,1993,35.0,1302,1049,1295,9,0,0,1302,0,0,,0,,869,4059,2429,0,0,0,0,0,833,0,Matches,2022-2023
154,Odsonne Édouard,fr FRA,FW,Crystal Palace,24,1998,20.0,672,25,68,317,293,95,672,46,16,34.8,28,60.9,354,1637,633,29,21,21,60,51,479,100,Matches,2022-2023
155,Samuel Edozie,eng ENG,"FW,MF",Southampton,19,2003,6.3,278,4,48,86,148,32,278,37,12,32.4,16,43.2,183,1551,741,26,21,13,24,12,188,39,Matches,2022-2023
156,Anthony Elanga,se SWE,FW,Manchester Utd,20,2002,4.7,197,4,26,71,100,28,197,15,5,33.3,7,46.7,109,656,276,12,3,7,13,7,139,28,Matches,2022-2023
157,Harvey Elliott,eng ENG,"MF,FW",Liverpool,19,2003,17.9,1194,14,147,566,491,50,1194,42,19,45.2,15,35.7,759,3981,1943,54,40,10,26,23,867,129,Matches,2022-2023
158,Mohamed Elneny,eg EGY,MF,Arsenal,30,1992,1.3,63,2,11,42,11,0,63,0,0,,0,,38,134,37,1,0,0,0,0,49,1,Matches,2022-2023
159,Mohamed Elyounoussi,no NOR,"MF,FW",Southampton,27,1994,24.1,952,60,204,399,362,54,952,48,25,52.1,20,41.7,484,3141,1463,56,41,12,38,38,533,98,Matches,2022-2023
160,Emerson,br BRA,DF,Tottenham,23,1999,19.3,1323,101,481,505,346,46,1323,31,15,48.4,9,29.0,672,3662,2046,47,32,6,22,19,775,103,Matches,2022-2023
161,Julio Enciso,py PAR,"FW,MF",Brighton,18,2004,9.0,396,2,22,155,228,49,396,64,32,50.0,25,39.1,241,1768,1013,39,29,17,19,20,292,74,Matches,2022-2023
162,Christian Eriksen,dk DEN,MF,Manchester Utd,30,1992,22.8,1644,43,269,914,465,35,1644,17,8,47.1,9,52.9,967,3499,1756,23,24,3,24,19,1220,66,Matches,2022-2023
163,Pervis Estupiñán,ec ECU,DF,Brighton,24,1998,29.7,2211,82,506,1076,649,71,2211,42,19,45.2,18,42.9,1292,6134,3440,91,55,15,38,29,1434,183,Matches,2022-2023
164,Jonny Evans,nir NIR,DF,Leicester City,34,1988,11.7,906,137,474,424,9,2,906,0,0,,0,,529,2218,1206,6,4,0,5,0,629,0,Matches,2022-2023
165,Eberechi Eze,eng ENG,"MF,FW",Crystal Palace,24,1998,29.3,1515,20,212,735,602,84,1514,122,71,58.2,41,33.6,889,5017,2398,69,57,28,71,54,999,129,Matches,2022-2023
166,Łukasz Fabiański,pl POL,GK,West Ham,37,1985,34.6,1005,871,1000,5,0,0,1005,0,0,,0,,506,3330,2146,0,0,0,3,0,350,0,Matches,2022-2023
167,Fabinho,br BRA,MF,Liverpool,28,1993,29.7,2092,83,456,1314,325,21,2092,15,7,46.7,4,26.7,1184,4669,1913,15,28,1,17,12,1493,39,Matches,2022-2023
168,Wout Faes,be BEL,DF,Leicester City,24,1998,31.0,2177,357,1230,916,44,19,2177,12,9,75.0,3,25.0,1262,6476,3606,11,7,0,15,5,1436,2,Matches,2022-2023
169,Felipe,br BRA,DF,Nott'ham Forest,33,1989,15.8,798,163,477,275,59,36,798,18,14,77.8,3,16.7,391,2137,1182,3,3,0,12,4,386,4,Matches,2022-2023
170,João Félix,pt POR,"FW,MF",Chelsea,22,1999,10.5,497,0,30,223,249,46,497,60,22,36.7,28,46.7,326,2092,1099,34,40,9,22,8,399,79,Matches,2022-2023
171,Evan Ferguson,ie IRL,FW,Brighton,17,2004,10.6,344,10,27,165,155,39,344,14,8,57.1,5,35.7,203,884,309,11,4,8,29,20,256,58,Matches,2022-2023
172,Bruno Fernandes,pt POR,"MF,FW",Manchester Utd,27,1994,36.8,2408,68,386,966,1078,149,2406,66,32,48.5,28,42.4,1385,6213,3272,89,68,28,42,42,1689,231,Matches,2022-2023
173,Enzo Fernández,ar ARG,MF,Chelsea,21,2001,17.2,1616,45,351,1000,280,9,1616,32,17,53.1,13,40.6,1097,4757,2023,22,28,1,25,13,1257,18,Matches,2022-2023
174,Roberto Firmino,br BRA,"FW,MF",Liverpool,30,1991,13.5,735,3,69,375,295,84,735,24,13,54.2,10,41.7,423,1757,742,16,14,7,38,23,565,96,Matches,2022-2023
175,Junior Firpo,do DOM,DF,Leeds United,25,1996,15.2,792,48,286,368,146,13,792,15,6,40.0,9,60.0,352,1465,785,20,16,1,9,9,367,34,Matches,2022-2023
176,Phil Foden,eng ENG,FW,Manchester City,22,2000,20.5,1324,20,116,433,790,131,1324,81,40,49.4,31,38.3,891,4578,2141,68,43,25,34,29,1051,275,Matches,2022-2023
177,Wesley Fofana,fr FRA,DF,Leicester City,21,2000,2.0,169,11,68,97,7,3,169,3,2,66.7,0,0.0,116,647,365,3,5,2,3,0,115,1,Matches,2022-2023
178,Wesley Fofana,fr FRA,DF,Chelsea,21,2000,13.1,1013,97,424,509,85,10,1013,13,8,61.5,1,7.7,686,4197,2489,29,20,1,9,6,735,12,Matches,2022-2023
179,Pablo Fornals,es ESP,"FW,MF",West Ham,26,1996,16.7,917,16,144,424,360,36,917,23,12,52.2,10,43.5,500,2480,1255,33,24,12,21,15,616,101,Matches,2022-2023
180,Adam Forshaw,eng ENG,MF,Leeds United,30,1991,5.3,293,7,64,171,62,1,293,11,8,72.7,3,27.3,179,1085,360,4,8,0,6,8,186,7,Matches,2022-2023
181,Fraser Forster,eng ENG,GK,Tottenham,34,1988,13.5,395,352,392,3,0,0,395,0,0,,0,,203,1098,616,0,0,0,1,0,148,0,Matches,2022-2023
182,Tyrese Francois,au AUS,FW,Fulham,22,2000,0.0,5,0,1,3,1,0,5,0,0,,0,,1,0,0,0,0,0,1,0,2,1,Matches,2022-2023
183,Ryan Fraser,sct SCO,FW,Newcastle Utd,28,1994,3.5,147,1,18,51,80,9,147,2,1,50.0,0,0.0,94,600,322,8,7,1,7,1,107,23,Matches,2022-2023
184,Fred,br BRA,MF,Manchester Utd,29,1993,13.9,999,38,250,483,279,37,999,32,12,37.5,15,46.9,537,2158,1034,10,17,3,26,16,614,50,Matches,2022-2023
185,Ryan Fredericks,eng ENG,DF,Bournemouth,29,1992,5.9,279,33,88,109,84,7,279,10,3,30.0,5,50.0,120,725,395,13,9,2,4,3,152,28,Matches,2022-2023
186,Remo Freuler,ch SUI,MF,Nott'ham Forest,30,1992,24.0,1058,71,360,537,167,13,1058,12,6,50.0,4,33.3,491,2192,959,7,11,0,20,8,557,11,Matches,2022-2023
187,Cody Gakpo,nl NED,"FW,MF",Liverpool,23,1999,16.2,591,6,42,266,298,76,591,48,23,47.9,13,27.1,374,2069,1134,36,32,12,43,36,448,109,Matches,2022-2023
188,Conor Gallagher,eng ENG,MF,Chelsea,22,2000,18.0,1134,32,198,529,421,59,1134,55,24,43.6,23,41.8,700,3523,1394,40,40,12,36,36,778,104,Matches,2022-2023
189,Idrissa Gana Gueye,sn SEN,MF,Everton,32,1989,28.6,1563,77,451,893,237,11,1563,35,19,54.3,9,25.7,821,3942,1829,27,26,3,31,18,845,19,Matches,2022-2023
190,Alejandro Garnacho,ar ARG,"FW,MF",Manchester Utd,18,2004,6.3,305,3,29,84,196,59,305,44,12,27.3,27,61.4,220,1666,896,33,27,28,27,14,235,85,Matches,2022-2023
191,James Garner,eng ENG,"MF,DF",Everton,21,2001,8.9,441,22,97,201,150,9,441,14,7,50.0,6,42.9,216,1185,564,8,9,1,11,3,225,18,Matches,2022-2023
192,David de Gea,es ESP,GK,Manchester Utd,31,1990,38.0,1302,1116,1297,5,0,0,1302,0,0,,0,,781,3589,2147,0,0,0,0,0,783,0,Matches,2022-2023
193,Joe Gelhardt,eng ENG,FW,Leeds United,20,2002,2.4,115,4,10,52,54,14,115,9,1,11.1,7,77.8,68,189,66,2,2,2,9,7,84,21,Matches,2022-2023
194,Saman Ghoddos,ir IRN,"MF,FW",Brentford,28,1993,1.5,98,7,23,38,40,3,98,2,0,0.0,2,100.0,42,164,92,1,2,0,3,1,44,6,Matches,2022-2023
195,Morgan Gibbs-White,eng ENG,"FW,MF",Wolves,22,2000,2.0,119,1,18,53,49,4,119,8,2,25.0,5,62.5,62,257,137,4,3,1,3,1,82,12,Matches,2022-2023
196,Morgan Gibbs-White,eng ENG,"MF,FW",Nott'ham Forest,22,2000,33.0,1447,20,169,626,680,76,1445,96,47,49.0,43,44.8,764,4463,2187,69,62,19,91,44,902,157,Matches,2022-2023
197,Bryan Gil,es ESP,"MF,FW",Tottenham,21,2001,1.6,80,1,13,30,37,2,80,5,2,40.0,3,60.0,55,337,145,4,3,0,5,3,61,15,Matches,2022-2023
198,Billy Gilmour,sct SCO,MF,Brighton,21,2001,5.6,453,15,112,276,71,4,453,6,2,33.3,2,33.3,248,1157,583,5,8,1,6,5,350,4,Matches,2022-2023
199,Wilfried Gnonto,it ITA,"FW,MF",Leeds United,18,2003,15.0,719,12,95,248,393,43,719,77,21,27.3,43,55.8,484,3356,1715,66,37,17,30,19,508,136,Matches,2022-2023
200,Ben Godfrey,eng ENG,DF,Everton,24,1998,8.9,391,55,159,175,63,8,391,8,3,37.5,3,37.5,162,830,426,9,8,0,12,3,159,7,Matches,2022-2023
201,João Gomes,br BRA,MF,Wolves,21,2001,7.3,409,19,118,212,80,5,409,19,8,42.1,7,36.8,185,922,416,7,6,1,7,5,223,8,Matches,2022-2023
202,Toti Gomes,pt POR,DF,Wolves,23,1999,10.9,688,86,313,278,100,15,688,16,9,56.3,6,37.5,332,1521,924,4,11,0,6,3,402,23,Matches,2022-2023
203,Joe Gomez,eng ENG,DF,Liverpool,25,1997,16.3,1521,114,602,851,76,6,1521,5,4,80.0,1,20.0,1005,4826,2616,15,12,0,13,5,1040,5,Matches,2022-2023
204,Sergio Gómez,es ESP,"DF,MF",Manchester City,21,2000,3.9,358,16,75,198,87,10,358,3,0,0.0,3,100.0,203,1018,520,10,10,1,7,3,274,20,Matches,2022-2023
205,Anthony Gordon,eng ENG,"FW,MF",Newcastle Utd,21,2001,5.4,275,5,30,112,135,27,275,21,7,33.3,13,61.9,169,1192,516,20,13,11,19,5,196,45,Matches,2022-2023
206,Anthony Gordon,eng ENG,FW,Everton,21,2001,12.2,464,13,87,165,218,47,464,45,11,24.4,29,64.4,252,1875,704,28,23,13,32,23,290,67,Matches,2022-2023
207,Demarai Gray,jm JAM,"FW,MF",Everton,26,1996,27.9,1181,22,110,441,652,104,1179,95,36,37.9,42,44.2,720,5100,2465,94,62,48,86,66,781,199,Matches,2022-2023
208,Jack Grealish,eng ENG,FW,Manchester City,26,1995,22.8,1308,20,141,421,772,136,1308,110,45,40.9,28,25.5,957,8506,3982,143,83,63,36,29,1065,310,Matches,2022-2023
209,Sam Greenwood,eng ENG,"MF,FW",Leeds United,20,2002,4.7,255,7,45,112,103,5,255,8,3,37.5,4,50.0,117,578,305,7,8,1,6,7,119,10,Matches,2022-2023
210,Pascal Groß,de GER,"MF,DF",Brighton,31,1991,36.0,2602,77,466,1225,924,98,2602,33,17,51.5,13,39.4,1453,6723,3125,62,52,8,39,18,1832,209,Matches,2022-2023
211,Vicente Guaita,es ESP,GK,Crystal Palace,35,1987,27.0,895,785,893,2,0,0,895,0,0,,0,,507,2657,1704,0,0,0,1,0,383,0,Matches,2022-2023
212,Gonçalo Guedes,pt POR,"FW,MF",Wolves,25,1996,7.9,280,3,28,105,153,30,280,15,5,33.3,7,46.7,174,1303,644,20,12,7,17,7,199,54,Matches,2022-2023
213,Marc Guéhi,eng ENG,DF,Crystal Palace,22,2000,37.0,2557,369,1415,1078,74,28,2557,21,14,66.7,3,14.3,1511,7181,4034,17,14,0,17,7,1690,3,Matches,2022-2023
214,Bruno Guimarães,br BRA,MF,Newcastle Utd,24,1997,30.3,2014,59,392,1076,575,50,2014,92,45,48.9,26,28.3,1321,7248,2911,41,47,5,46,60,1503,42,Matches,2022-2023
215,İlkay Gündoğan,de GER,MF,Manchester City,31,1990,26.1,1806,31,243,975,596,88,1805,42,16,38.1,18,42.9,1072,5457,2628,53,44,7,28,27,1425,124,Matches,2022-2023
216,Darko Gyabi,eng ENG,FW,Leeds United,18,2004,0.1,8,0,1,4,3,1,8,1,0,0.0,0,0.0,4,5,3,0,0,0,1,0,2,0,Matches,2022-2023
217,Erling Haaland,no NOR,FW,Manchester City,22,2000,30.8,763,18,39,290,435,217,756,32,11,34.4,18,56.3,405,2020,761,35,10,25,51,26,583,151,Matches,2022-2023
218,Lewis Hall,eng ENG,DF,Chelsea,17,2004,7.3,533,22,165,207,167,21,533,27,11,40.7,13,48.1,320,1627,848,19,9,6,16,7,351,40,Matches,2022-2023
219,Luke Harris,wls WAL,"MF,FW",Fulham,17,2005,0.1,14,0,0,8,6,0,14,0,0,,0,,9,46,14,0,0,0,0,1,13,0,Matches,2022-2023
220,Jack Harrison,eng ENG,"FW,MF",Leeds United,25,1996,30.1,1556,31,192,549,836,81,1556,118,48,40.7,59,50.0,959,5271,2584,103,56,24,92,61,1037,255,Matches,2022-2023
221,Kai Havertz,de GER,"FW,MF",Chelsea,23,1999,28.5,1258,46,108,519,640,165,1257,61,18,29.5,38,62.3,728,3741,1483,59,33,30,79,36,946,218,Matches,2022-2023
222,Jan Paul van Hecke,nl NED,DF,Brighton,22,2000,3.3,288,27,120,155,13,2,288,0,0,,0,,187,1104,635,3,5,0,1,0,213,0,Matches,2022-2023
223,Hwang Hee-chan,kr KOR,"FW,MF",Wolves,26,1996,12.6,425,13,66,178,188,38,425,32,13,40.6,13,40.6,222,1520,702,25,11,7,25,20,267,60,Matches,2022-2023
224,Dean Henderson,eng ENG,GK,Nott'ham Forest,25,1997,18.0,715,600,711,5,0,0,715,0,0,,0,,397,2242,1245,0,0,0,1,0,319,0,Matches,2022-2023
225,Jordan Henderson,eng ENG,MF,Liverpool,32,1990,23.0,1782,34,277,1013,505,45,1782,23,12,52.2,8,34.8,1060,4836,2046,37,49,1,18,9,1319,90,Matches,2022-2023
226,Wayne Hennessey,wls WAL,GK,Nott'ham Forest,35,1987,3.0,108,91,108,0,0,0,108,0,0,,0,,56,318,181,0,0,0,0,0,47,0,Matches,2022-2023
227,Rico Henry,eng ENG,DF,Brentford,25,1997,36.0,1582,115,478,647,482,30,1582,50,26,52.0,17,34.0,782,3790,1832,55,41,9,50,44,813,111,Matches,2022-2023
228,Son Heung-min,kr KOR,"MF,FW",Tottenham,30,1992,32.1,1217,12,143,457,643,106,1217,83,33,39.8,40,48.2,728,4927,2357,82,60,31,64,55,860,196,Matches,2022-2023
229,Aaron Hickey,sct SCO,DF,Brentford,20,2002,21.3,1028,47,328,499,211,21,1028,45,17,37.8,18,40.0,616,3295,1802,41,17,3,16,13,624,47,Matches,2022-2023
230,Jack Hinshelwood,eng ENG,FW,Brighton,17,2005,0.0,5,0,2,2,1,1,5,0,0,,0,,2,2,2,0,0,0,0,0,3,1,Matches,2022-2023
231,Joseph Hodge,ie IRL,MF,Wolves,19,2002,1.9,118,5,26,56,36,4,118,0,0,,0,,56,174,89,1,2,0,1,2,77,5,Matches,2022-2023
232,Rob Holding,eng ENG,DF,Arsenal,26,1995,6.3,499,58,240,245,15,7,499,1,1,100.0,0,0.0,319,1466,881,3,1,1,3,0,339,2,Matches,2022-2023
233,Mason Holgate,eng ENG,DF,Everton,25,1996,5.6,286,35,120,139,27,5,286,3,3,100.0,0,0.0,100,450,279,4,3,0,6,0,141,5,Matches,2022-2023
234,Will Hughes,eng ENG,MF,Crystal Palace,27,1995,9.4,474,27,101,250,131,13,474,7,3,42.9,4,57.1,234,1162,636,14,10,3,14,10,262,23,Matches,2022-2023
235,Omari Hutchinson,eng ENG,FW,Chelsea,18,2003,0.3,16,0,0,4,12,3,16,0,0,,0,,11,61,23,1,0,1,1,1,12,2,Matches,2022-2023
236,Pierre Højbjerg,dk DEN,MF,Tottenham,26,1995,34.8,2633,122,670,1537,449,33,2633,45,30,66.7,12,26.7,1507,6846,3215,46,41,8,39,35,1925,66,Matches,2022-2023
237,Kelechi Iheanacho,ng NGA,"FW,MF",Leicester City,25,1996,12.5,464,10,28,197,244,58,463,39,20,51.3,17,43.6,293,1661,724,33,13,18,41,36,380,99,Matches,2022-2023
238,Danny Ings,eng ENG,FW,West Ham,30,1992,8.6,229,8,22,105,105,37,229,18,5,27.8,12,66.7,129,554,260,9,8,3,11,10,157,44,Matches,2022-2023
239,Danny Ings,eng ENG,FW,Aston Villa,30,1992,9.2,267,12,26,106,139,49,265,16,10,62.5,6,37.5,163,718,260,15,6,9,20,17,186,46,Matches,2022-2023
240,Alexander Isak,se SWE,FW,Newcastle Utd,22,1999,16.9,583,11,34,202,358,98,581,72,32,44.4,30,41.7,371,2548,1300,41,36,22,39,25,431,122,Matches,2022-2023
241,Daniel Iversen,dk DEN,GK,Leicester City,25,1997,12.0,411,344,406,5,0,0,411,0,0,,0,,177,1011,571,0,0,0,0,0,136,0,Matches,2022-2023
242,Alex Iwobi,ng NGA,"MF,FW",Everton,26,1996,37.5,1912,52,359,892,709,59,1912,110,55,50.0,50,45.5,1169,6913,3434,90,79,15,68,42,1285,145,Matches,2022-2023
243,Daniel James,wls WAL,FW,Leeds United,24,1997,2.2,66,1,9,26,32,6,66,6,1,16.7,2,33.3,35,233,112,6,2,3,3,1,39,9,Matches,2022-2023
244,Daniel James,wls WAL,FW,Fulham,24,1997,6.9,254,9,27,78,156,29,254,14,5,35.7,3,21.4,156,1229,618,24,11,8,10,13,173,48,Matches,2022-2023
245,Reece James,eng ENG,"DF,MF",Chelsea,22,1999,13.8,1187,39,256,543,395,25,1187,40,22,55.0,10,25.0,710,3722,2018,52,26,9,13,14,813,115,Matches,2022-2023
246,Vitaly Janelt,de GER,"MF,DF",Brentford,24,1998,24.5,1244,66,335,675,242,36,1244,24,9,37.5,14,58.3,663,2798,1246,14,18,2,18,11,737,28,Matches,2022-2023
247,Pontus Jansson,se SWE,DF,Brentford,31,1991,8.0,393,73,243,137,13,8,393,2,2,100.0,0,0.0,192,734,310,1,1,0,2,1,217,0,Matches,2022-2023
248,Mathias Jensen,dk DEN,MF,Brentford,26,1996,31.1,1889,43,368,869,669,29,1889,62,25,40.3,28,45.2,901,3514,1386,21,25,1,54,32,1011,77,Matches,2022-2023
249,Gabriel Jesus,br BRA,FW,Arsenal,25,1997,22.9,1080,26,110,407,573,191,1079,112,45,40.2,49,43.8,642,3467,1517,44,31,28,88,65,799,194,Matches,2022-2023
250,Raúl Jiménez,mx MEX,FW,Wolves,31,1991,9.4,293,11,28,139,127,44,293,10,5,50.0,4,40.0,146,626,241,5,3,2,23,14,219,45,Matches,2022-2023
251,Joelinton,br BRA,"MF,FW",Newcastle Utd,25,1996,29.6,1703,71,312,852,562,96,1703,111,53,47.7,42,37.8,897,4853,2286,64,45,13,72,51,1115,150,Matches,2022-2023
252,Ben Johnson,eng ENG,DF,West Ham,22,2000,9.6,627,43,256,289,87,2,627,17,8,47.1,6,35.3,276,1449,650,15,6,1,7,7,335,22,Matches,2022-2023
253,Brennan Johnson,wls WAL,"FW,MF",Nott'ham Forest,21,2001,32.6,806,9,90,309,434,116,803,88,33,37.5,41,46.6,450,3848,2111,88,46,42,76,25,507,155,Matches,2022-2023
254,Sam Johnstone,eng ENG,GK,Crystal Palace,29,1993,9.0,298,242,297,1,0,0,298,0,0,,0,,188,1018,662,0,0,0,1,0,156,0,Matches,2022-2023
255,Curtis Jones,eng ENG,MF,Liverpool,21,2001,11.5,821,14,105,417,304,40,821,30,11,36.7,13,43.3,550,2645,1011,31,15,11,22,29,627,75,Matches,2022-2023
256,Jorginho,it ITA,MF,Arsenal,30,1991,9.5,807,27,159,476,175,8,807,10,3,30.0,5,50.0,523,2399,1252,15,12,0,8,8,629,8,Matches,2022-2023
257,Jorginho,it ITA,MF,Chelsea,30,1991,14.2,1026,36,273,577,178,8,1024,12,5,41.7,4,33.3,546,2331,1090,13,27,1,14,9,706,10,Matches,2022-2023
258,Mateo Joseph,es ESP,"FW,MF",Leeds United,18,2003,0.3,9,1,1,5,3,1,9,1,0,0.0,1,100.0,5,13,0,0,0,0,1,3,6,2,Matches,2022-2023
259,Diogo Jota,pt POR,FW,Liverpool,25,1996,12.6,550,21,71,235,252,73,550,39,14,35.9,21,53.8,339,1938,1067,34,26,14,34,19,403,104,Matches,2022-2023
260,Hamed Junior Traorè,ci CIV,"FW,MF",Bournemouth,22,2000,4.7,246,2,29,109,116,11,246,25,16,64.0,8,32.0,143,881,437,19,13,1,15,13,142,21,Matches,2022-2023
261,James Justin,eng ENG,DF,Leicester City,24,1998,13.9,980,48,296,475,216,8,980,19,4,21.1,11,57.9,417,1831,834,20,19,4,15,6,574,50,Matches,2022-2023
262,Mathias Jørgensen,dk DEN,DF,Brentford,32,1990,12.3,612,87,291,281,42,12,612,1,0,0.0,1,100.0,295,1062,616,1,2,0,3,1,321,1,Matches,2022-2023
263,Sasa Kalajdzic,at AUT,FW,Wolves,25,1997,0.5,7,0,2,1,4,2,7,0,0,,0,,2,6,3,0,0,0,1,0,5,1,Matches,2022-2023
264,Boubacar Kamara,fr FRA,MF,Aston Villa,22,1999,19.7,1145,65,362,662,132,10,1145,35,16,45.7,12,34.3,622,2571,1173,16,11,1,20,14,713,8,Matches,2022-2023
265,Harry Kane,eng ENG,FW,Tottenham,29,1993,37.8,1328,28,106,646,599,167,1322,108,40,37.0,53,49.1,834,4546,1842,60,50,21,74,58,1031,193,Matches,2022-2023
266,N'Golo Kanté,fr FRA,MF,Chelsea,31,1991,5.8,404,11,53,195,163,16,404,18,12,66.7,4,22.2,230,1408,800,19,15,2,13,5,279,36,Matches,2022-2023
267,Michael Keane,eng ENG,DF,Everton,29,1993,10.9,565,83,275,239,55,24,565,7,4,57.1,2,28.6,257,1282,719,2,2,0,6,2,275,4,Matches,2022-2023
268,Neeskens Kebano,cd COD,FW,Fulham,30,1992,8.5,321,10,49,92,188,30,321,30,11,36.7,13,43.3,200,1502,841,39,14,11,16,12,216,68,Matches,2022-2023
269,Thilo Kehrer,de GER,DF,West Ham,25,1996,24.8,1335,135,600,595,147,17,1335,11,8,72.7,3,27.3,677,2885,1533,15,12,1,17,6,760,29,Matches,2022-2023
270,Naby Keïta,gn GUI,MF,Liverpool,27,1995,3.3,206,5,34,114,59,11,206,4,3,75.0,0,0.0,111,536,220,5,6,0,12,7,140,21,Matches,2022-2023
271,Caoimhín Kelleher,ie IRL,GK,Liverpool,23,1998,1.0,26,18,26,0,0,0,26,0,0,,0,,18,89,62,0,0,0,0,0,13,0,Matches,2022-2023
272,Lloyd Kelly,eng ENG,DF,Bournemouth,23,1998,22.7,1394,185,752,526,124,9,1394,7,1,14.3,5,71.4,705,3316,1879,14,4,0,16,4,806,10,Matches,2022-2023
273,Max Kilman,eng ENG,DF,Wolves,25,1997,36.7,2470,432,1460,952,75,26,2470,25,19,76.0,6,24.0,1443,7679,4615,30,15,2,15,9,1699,5,Matches,2022-2023
274,Jakub Kiwior,pl POL,DF,Arsenal,22,2000,4.7,248,31,124,103,22,3,248,1,1,100.0,0,0.0,141,530,171,0,3,0,0,0,148,6,Matches,2022-2023
275,Mateusz Klich,pl POL,"MF,FW",Leeds United,32,1990,3.1,189,3,25,82,85,9,189,6,2,33.3,4,66.7,110,385,149,5,5,2,11,1,124,21,Matches,2022-2023
276,Robin Koch,de GER,DF,Leeds United,26,1996,35.3,1963,263,1051,820,106,32,1963,3,1,33.3,2,66.7,1013,4700,2583,11,8,0,15,1,1102,11,Matches,2022-2023
277,Ibrahima Konaté,fr FRA,DF,Liverpool,23,1999,17.2,1317,107,589,691,43,22,1317,14,10,71.4,2,14.3,830,3628,1871,7,7,0,12,4,918,5,Matches,2022-2023
278,Ezri Konsa,eng ENG,DF,Aston Villa,24,1997,36.9,2192,349,1280,850,70,22,2192,15,5,33.3,3,20.0,1375,6226,3596,7,9,0,15,5,1533,11,Matches,2022-2023
279,Kalidou Koulibaly,sn SEN,DF,Chelsea,31,1991,20.0,1687,174,793,838,63,19,1687,6,4,66.7,2,33.3,1083,4728,2459,10,8,0,10,2,1209,4,Matches,2022-2023
280,Cheikhou Kouyaté,sn SEN,MF,Nott'ham Forest,32,1989,9.8,363,39,136,166,64,14,363,10,7,70.0,1,10.0,160,725,304,7,4,3,15,9,175,14,Matches,2022-2023
281,Mateo Kovačić,hr CRO,MF,Chelsea,28,1994,19.0,1492,31,279,938,289,12,1492,34,19,55.9,10,29.4,1010,5517,2591,37,39,2,26,26,1144,30,Matches,2022-2023
282,Emil Krafth,se SWE,DF,Newcastle Utd,27,1994,0.0,1,0,1,0,0,0,1,0,0,,0,,0,0,0,0,0,0,0,0,0,0,Matches,2022-2023
283,Rasmus Kristensen,dk DEN,DF,Leeds United,25,1997,21.8,1276,90,470,529,282,23,1276,15,7,46.7,7,46.7,547,1722,833,15,10,4,6,5,633,70,Matches,2022-2023
284,Dejan Kulusevski,se SWE,"MF,FW",Tottenham,22,2000,23.0,1048,26,156,394,528,107,1048,112,52,46.4,52,46.4,677,4905,2513,87,46,48,78,52,711,195,Matches,2022-2023
285,Layvin Kurzawa,fr FRA,DF,Fulham,29,1992,1.5,64,8,35,18,11,0,64,4,2,50.0,2,50.0,29,100,20,1,0,0,3,1,24,2,Matches,2022-2023
286,Adam Lallana,eng ENG,"MF,FW",Brighton,34,1988,8.0,373,6,43,180,151,33,373,6,3,50.0,3,50.0,206,839,420,10,4,4,15,11,295,43,Matches,2022-2023
287,Tariq Lamptey,gh GHA,DF,Brighton,21,2000,5.0,376,15,80,138,161,17,376,28,8,28.6,13,46.4,232,1451,808,28,12,7,16,2,256,58,Matches,2022-2023
288,Manuel Lanzini,ar ARG,"MF,FW",West Ham,29,1993,2.8,192,3,32,111,50,3,192,3,1,33.3,0,0.0,116,524,203,2,6,0,2,3,150,6,Matches,2022-2023
289,Aymeric Laporte,es ESP,DF,Manchester City,28,1994,11.0,1036,85,335,538,166,13,1036,4,2,50.0,1,25.0,702,4015,2882,30,44,0,3,0,806,11,Matches,2022-2023
290,Juan Larios,es ESP,DF,Southampton,18,2004,1.7,106,10,32,55,20,2,106,4,3,75.0,1,25.0,38,338,201,10,2,1,3,2,47,1,Matches,2022-2023
291,Jamaal Lascelles,eng ENG,DF,Newcastle Utd,28,1993,2.4,118,27,68,47,4,4,118,0,0,,0,,64,269,103,0,0,0,0,0,75,0,Matches,2022-2023
292,Roméo Lavia,be BEL,MF,Southampton,18,2004,24.7,1288,58,298,828,177,1,1288,50,28,56.0,13,26.0,804,4275,1903,22,21,0,24,31,794,14,Matches,2022-2023
293,Dexter Lembikisa,jm JAM,DF,Wolves,18,2003,0.3,13,0,3,7,3,0,13,0,0,,0,,7,29,21,2,0,0,0,0,8,3,Matches,2022-2023
294,Mario Lemina,ga GAB,MF,Wolves,28,1993,14.4,794,67,292,430,81,4,794,18,11,61.1,3,16.7,414,1924,949,6,6,0,13,8,521,9,Matches,2022-2023
295,Clément Lenglet,fr FRA,DF,Tottenham,27,1995,22.4,1666,178,805,761,107,17,1666,12,7,58.3,4,33.3,1142,5666,3561,33,27,1,12,8,1256,7,Matches,2022-2023
296,Bernd Leno,de GER,GK,Fulham,30,1992,36.0,1499,1188,1492,7,0,0,1499,0,0,,0,,857,4060,2355,0,0,0,1,0,752,0,Matches,2022-2023
297,Jefferson Lerma,co COL,MF,Bournemouth,27,1994,36.1,1934,165,587,1030,338,44,1934,24,14,58.3,9,37.5,947,3764,1861,22,32,1,24,17,1162,30,Matches,2022-2023
298,Jamal Lewis,nir NIR,"DF,FW",Newcastle Utd,24,1998,0.1,15,0,6,4,5,2,15,0,0,,0,,10,40,10,0,1,0,0,0,13,1,Matches,2022-2023
299,Rico Lewis,eng ENG,"DF,MF",Manchester City,17,2004,10.0,742,26,133,416,199,12,742,14,8,57.1,3,21.4,511,2555,1390,22,24,3,7,13,593,26,Matches,2022-2023
300,Keane Lewis-Potter,eng ENG,"FW,MF",Brentford,21,2001,3.6,138,4,24,48,69,18,138,14,4,28.6,10,71.4,93,652,336,8,6,3,11,8,91,39,Matches,2022-2023
301,Victor Lindelöf,se SWE,DF,Manchester Utd,28,1994,15.2,1074,145,550,491,35,5,1074,3,2,66.7,1,33.3,652,3094,1529,3,4,0,1,2,739,1,Matches,2022-2023
302,Jesse Lingard,eng ENG,"FW,MF",Nott'ham Forest,29,1992,10.3,371,7,44,202,132,16,371,10,6,60.0,4,40.0,214,1003,527,11,12,0,16,10,263,38,Matches,2022-2023
303,Valentino Livramento,eng ENG,"DF,FW",Southampton,19,2002,0.3,37,5,19,16,3,0,37,3,2,66.7,0,0.0,10,48,17,0,0,0,1,0,16,0,Matches,2022-2023
304,Diego Llorente,es ESP,DF,Leeds United,28,1993,7.2,506,59,283,210,15,6,506,3,2,66.7,1,33.3,303,1566,721,2,1,0,6,1,312,1,Matches,2022-2023
305,Hugo Lloris,fr FRA,GK,Tottenham,35,1986,24.5,794,723,792,2,0,0,794,0,0,,0,,430,2401,1498,0,0,0,2,0,353,0,Matches,2022-2023
306,Renan Lodi,br BRA,DF,Nott'ham Forest,24,1998,24.6,1143,96,478,418,263,21,1143,39,16,41.0,14,35.9,546,2834,1379,24,15,2,18,13,535,70,Matches,2022-2023
307,Ruben Loftus-Cheek,eng ENG,"MF,DF",Chelsea,26,1996,17.1,1068,40,185,576,322,42,1068,60,30,50.0,22,36.7,651,3753,2210,56,29,10,22,23,774,86,Matches,2022-2023
308,Sean Longstaff,eng ENG,MF,Newcastle Utd,24,1997,28.0,1433,45,278,742,420,76,1433,27,8,29.6,18,66.7,752,2989,1191,21,16,8,37,29,951,115,Matches,2022-2023
309,Jamal Lowe,jm JAM,"MF,FW",Bournemouth,28,1994,0.1,4,0,0,3,1,0,4,0,0,,0,,2,7,1,0,0,0,0,0,3,0,Matches,2022-2023
310,Douglas Luiz,br BRA,MF,Aston Villa,24,1998,32.5,2117,75,534,1161,442,19,2116,44,24,54.5,14,31.8,1142,6289,2913,48,39,4,36,33,1326,35,Matches,2022-2023
311,Saša Lukić,rs SRB,MF,Fulham,25,1996,4.6,253,9,49,155,52,3,253,5,4,80.0,1,20.0,146,875,413,8,7,1,3,1,171,5,Matches,2022-2023
312,Lyanco,br BRA,DF,Southampton,25,1997,13.1,720,123,368,297,64,12,720,11,8,72.7,2,18.2,368,1892,1034,13,8,1,11,4,353,4,Matches,2022-2023
313,Alexis Mac Allister,ar ARG,MF,Brighton,23,1998,32.1,2182,48,367,1194,644,63,2176,72,42,58.3,21,29.2,1319,6135,3072,69,74,8,47,36,1644,77,Matches,2022-2023
314,James Maddison,eng ENG,"MF,FW",Leicester City,25,1996,27.6,1447,17,160,647,655,103,1445,107,46,43.0,39,36.4,964,5653,2671,77,44,31,45,31,1075,155,Matches,2022-2023
315,Noni Madueke,eng ENG,FW,Chelsea,20,2002,7.1,405,11,45,133,233,62,405,63,33,52.4,24,38.1,278,2090,1203,48,21,26,17,13,315,100,Matches,2022-2023
316,Gabriel Magalhães,br BRA,DF,Arsenal,24,1997,37.9,2776,307,1153,1419,215,53,2776,3,2,66.7,0,0.0,1745,8755,5467,18,43,3,19,4,1933,16,Matches,2022-2023
317,Harry Maguire,eng ENG,DF,Manchester Utd,29,1993,8.5,672,77,353,291,32,9,672,3,2,66.7,1,33.3,414,2286,1449,8,6,1,1,0,448,4,Matches,2022-2023
318,Riyad Mahrez,dz ALG,"FW,MF",Manchester City,31,1991,21.3,1392,14,105,494,802,110,1391,73,25,34.2,27,37.0,934,5159,2361,78,47,45,35,27,1042,242,Matches,2022-2023
319,Kobbie Mainoo,eng ENG,MF,Manchester Utd,17,2005,0.1,11,0,2,4,5,3,11,1,0,0.0,1,100.0,5,64,48,2,0,0,0,0,6,1,Matches,2022-2023
320,Ainsley Maitland-Niles,eng ENG,"DF,MF",Southampton,24,1997,15.6,912,73,328,440,155,7,912,22,17,77.3,5,22.7,407,2036,885,15,13,2,26,13,509,35,Matches,2022-2023
321,Tyrell Malacia,nl NED,DF,Manchester Utd,22,1999,15.5,989,54,378,392,225,16,989,19,6,31.6,13,68.4,472,2127,1023,19,17,3,17,8,557,33,Matches,2022-2023
322,Orel Mangala,be BEL,MF,Nott'ham Forest,24,1998,17.2,655,31,183,380,99,8,655,34,16,47.1,12,35.3,334,1742,808,14,6,2,11,9,383,8,Matches,2022-2023
323,Javier Manquillo,es ESP,DF,Newcastle Utd,28,1994,0.4,36,2,11,16,9,1,36,0,0,,0,,20,82,38,2,0,0,0,0,20,1,Matches,2022-2023
324,Sekou Mara,fr FRA,"FW,MF",Southampton,20,2002,6.2,221,5,27,99,103,26,221,29,13,44.8,16,55.2,129,727,288,7,9,2,28,18,151,27,Matches,2022-2023
325,Solly March,eng ENG,"FW,DF",Brighton,28,1994,30.2,1659,46,191,521,962,138,1659,114,58,50.9,35,30.7,1024,6810,3074,110,48,47,55,32,1124,357,Matches,2022-2023
326,Emiliano Marcondes,dk DEN,MF,Bournemouth,27,1995,0.1,3,1,1,2,0,0,3,1,0,0.0,0,0.0,2,11,7,0,0,0,0,0,2,0,Matches,2022-2023
327,Marquinhos,br BRA,MF,Arsenal,19,2003,0.0,3,0,0,2,1,0,3,0,0,,0,,2,6,1,0,0,0,0,0,3,0,Matches,2022-2023
328,Anthony Martial,fr FRA,FW,Manchester Utd,26,1995,10.9,443,10,31,166,249,49,442,26,14,53.8,9,34.6,297,1296,570,18,13,8,33,20,371,87,Matches,2022-2023
329,Gabriel Martinelli,br BRA,FW,Arsenal,21,2001,31.0,1490,19,129,419,965,223,1490,133,60,45.1,55,41.4,1019,7180,3297,124,65,70,83,56,1115,350,Matches,2022-2023
330,Emiliano Martínez,ar ARG,GK,Aston Villa,29,1992,34.9,1479,1218,1463,17,0,0,1479,0,0,,0,,851,4474,2627,0,0,0,2,0,707,0,Matches,2022-2023
331,Lisandro Martínez,ar ARG,DF,Manchester Utd,24,1998,23.5,1809,281,934,829,60,11,1809,16,14,87.5,0,0.0,1061,5256,2986,12,16,0,11,9,1138,2,Matches,2022-2023
332,Pape Matar Sarr,sn SEN,"MF,FW",Tottenham,19,2002,2.4,190,15,65,104,21,1,190,5,2,40.0,1,20.0,122,577,216,1,0,0,5,2,125,0,Matches,2022-2023
333,Jean-Philippe Mateta,fr FRA,FW,Crystal Palace,25,1997,8.6,266,18,37,112,119,38,266,8,3,37.5,5,62.5,145,674,251,9,9,5,27,18,185,43,Matches,2022-2023
334,Joël Matip,cm CMR,DF,Liverpool,30,1991,12.1,1004,111,482,468,62,17,1004,7,4,57.1,3,42.9,657,4140,2907,28,22,1,14,1,720,2,Matches,2022-2023
335,Neal Maupay,fr FRA,FW,Everton,25,1996,12.4,387,1,27,172,194,49,387,19,7,36.8,12,63.2,219,864,306,8,7,3,38,16,280,61,Matches,2022-2023
336,Kevin Mbabu,ch SUI,"DF,FW",Fulham,27,1995,1.6,114,4,38,40,38,0,114,6,4,66.7,2,33.3,57,273,159,4,2,0,1,2,59,11,Matches,2022-2023
337,Bryan Mbeumo,cm CMR,FW,Brentford,22,1999,32.3,1335,24,177,425,755,125,1334,88,45,51.1,37,42.0,776,4292,1862,66,33,26,72,54,862,235,Matches,2022-2023
338,James McArthur,sct SCO,MF,Crystal Palace,34,1987,0.6,60,5,22,29,9,0,60,2,1,50.0,0,0.0,36,168,84,0,2,0,1,3,40,0,Matches,2022-2023
339,Alex McCarthy,eng ENG,GK,Southampton,32,1989,6.0,261,205,260,1,0,0,261,0,0,,0,,139,546,264,0,0,0,0,0,133,0,Matches,2022-2023
340,John McGinn,sct SCO,"MF,FW",Aston Villa,27,1994,29.9,1348,37,218,756,388,45,1348,70,45,64.3,14,20.0,804,4072,1799,34,35,8,58,35,888,66,Matches,2022-2023
341,Scott McKenna,sct SCO,DF,Nott'ham Forest,25,1996,17.5,877,151,501,333,45,21,877,7,5,71.4,1,14.3,430,1885,929,5,1,0,2,2,508,2,Matches,2022-2023
342,Weston McKennie,us USA,MF,Leeds United,23,1998,16.0,807,41,188,401,228,17,807,16,11,68.8,4,25.0,400,1738,791,14,16,0,28,25,445,33,Matches,2022-2023
343,Dwight McNeil,eng ENG,"FW,MF",Everton,22,1999,27.8,1358,52,266,505,614,61,1357,108,54,50.0,51,47.2,738,5432,2144,76,44,16,53,45,762,128,Matches,2022-2023
344,Scott McTominay,sct SCO,MF,Manchester Utd,25,1996,12.9,618,69,205,287,132,25,618,26,13,50.0,9,34.6,315,1610,782,20,16,3,24,19,359,19,Matches,2022-2023
345,Ben Mee,eng ENG,DF,Brentford,32,1989,36.3,2122,272,1089,887,156,71,2122,13,12,92.3,1,7.7,1146,4790,2581,8,11,3,18,2,1179,14,Matches,2022-2023
346,Edouard Mendy,sn SEN,GK,Chelsea,30,1992,9.5,307,265,304,3,0,0,307,1,0,0.0,1,100.0,171,790,423,0,0,0,0,0,157,0,Matches,2022-2023
347,Nampalys Mendy,sn SEN,MF,Leicester City,30,1992,8.4,490,12,139,310,45,2,490,11,7,63.6,3,27.3,283,1352,468,2,5,0,7,1,333,4,Matches,2022-2023
348,Chris Mepham,wls WAL,DF,Bournemouth,24,1997,24.4,1336,285,852,455,36,14,1336,7,3,42.9,3,42.9,650,3099,1628,2,6,2,4,3,788,1,Matches,2022-2023
349,Illan Meslier,fr FRA,GK,Leeds United,22,2000,34.0,1122,903,1116,5,2,1,1122,0,0,,0,,596,3396,1969,0,0,0,1,1,424,0,Matches,2022-2023
350,Alex Mighten,eng ENG,FW,Nott'ham Forest,20,2002,0.1,4,0,1,0,3,0,4,3,0,0.0,2,66.7,4,27,10,0,0,0,0,0,4,1,Matches,2022-2023
351,Lewis Miley,eng ENG,MF,Newcastle Utd,16,2006,0.2,9,1,3,4,2,0,9,0,0,,0,,3,15,1,0,0,0,0,0,3,0,Matches,2022-2023
352,Luka Milivojević,rs SRB,MF,Crystal Palace,31,1991,5.7,321,28,117,153,55,1,321,1,1,100.0,0,0.0,162,697,263,2,3,0,4,6,178,2,Matches,2022-2023
353,James Milner,eng ENG,"MF,DF",Liverpool,36,1986,10.1,848,24,196,390,264,24,848,21,11,52.4,8,38.1,447,1868,886,21,17,5,19,14,551,78,Matches,2022-2023
354,Yerry Mina,co COL,DF,Everton,27,1994,6.6,402,58,198,176,30,16,402,2,1,50.0,0,0.0,217,1089,622,1,4,1,4,0,255,3,Matches,2022-2023
355,Tyrone Mings,eng ENG,DF,Aston Villa,29,1993,35.0,2228,384,1276,877,81,21,2228,12,6,50.0,3,25.0,1379,7995,4556,20,21,3,8,7,1486,7,Matches,2022-2023
356,Tyrick Mitchell,eng ENG,DF,Crystal Palace,22,1999,32.1,1899,115,654,834,431,35,1899,30,17,56.7,9,30.0,827,3148,1433,23,19,4,35,17,957,90,Matches,2022-2023
357,Kaoru Mitoma,jp JPN,"FW,MF",Brighton,25,1997,25.8,1312,18,146,466,716,177,1312,130,59,45.4,55,42.3,891,6882,3828,143,82,85,60,33,986,260,Matches,2022-2023
358,Aleksandar Mitrović,rs SRB,FW,Fulham,27,1994,22.3,814,27,79,392,349,144,806,47,23,48.9,22,46.8,451,1873,715,24,15,10,65,58,646,97,Matches,2022-2023
359,Kieffer Moore,wls WAL,FW,Bournemouth,29,1992,14.2,522,36,59,286,178,49,522,13,2,15.4,7,53.8,252,940,302,10,8,2,42,31,396,56,Matches,2022-2023
360,Andrew Moran,ie IRL,FW,Brighton,18,2003,0.1,6,0,0,5,1,0,6,0,0,,0,,3,2,1,0,0,0,2,0,3,1,Matches,2022-2023
361,Álex Moreno,es ESP,DF,Aston Villa,29,1993,14.8,949,60,327,337,293,43,949,57,23,40.4,27,47.4,510,3260,1642,65,29,16,38,15,570,122,Matches,2022-2023
362,Mason Mount,eng ENG,"MF,FW",Chelsea,23,1999,18.3,969,17,110,415,455,56,969,31,15,48.4,13,41.9,530,2745,1429,48,34,11,36,29,678,114,Matches,2022-2023
363,Lucas Moura,br BRA,"MF,DF",Tottenham,29,1992,1.7,118,0,15,47,58,12,118,11,5,45.5,6,54.5,65,387,169,4,8,2,6,5,83,15,Matches,2022-2023
364,João Moutinho,pt POR,MF,Wolves,35,1986,19.8,1218,42,243,658,325,15,1218,15,8,53.3,7,46.7,615,2554,1350,23,23,0,14,7,769,32,Matches,2022-2023
365,Divin Mubama,eng ENG,FW,West Ham,17,2004,0.4,11,1,2,6,3,0,11,2,1,50.0,1,50.0,7,49,3,0,0,0,0,2,8,1,Matches,2022-2023
366,Mykhailo Mudryk,ua UKR,"FW,MF",Chelsea,21,2001,7.3,323,7,40,112,175,28,323,39,13,33.3,20,51.3,194,1438,689,25,20,7,29,11,207,43,Matches,2022-2023
367,Jacob Murphy,eng ENG,FW,Newcastle Utd,27,1995,13.9,590,11,58,214,329,75,590,44,15,34.1,21,47.7,365,2498,1516,67,32,30,17,23,421,141,Matches,2022-2023
368,Enock Mwepu,zm ZAM,"FW,MF",Brighton,24,1998,2.4,116,1,12,54,53,7,116,5,1,20.0,4,80.0,58,318,141,5,2,1,10,5,80,17,Matches,2022-2023
369,Vitaliy Mykolenko,ua UKR,DF,Everton,23,1999,29.5,1625,124,576,693,370,26,1625,25,11,44.0,14,56.0,701,3103,1491,31,33,7,32,8,798,72,Matches,2022-2023
370,Keylor Navas,cr CRC,GK,Nott'ham Forest,35,1986,17.0,578,515,576,2,0,0,578,1,1,100.0,0,0.0,267,1718,1174,0,0,0,1,0,175,0,Matches,2022-2023
371,Wilfred Ndidi,ng NGA,MF,Leicester City,25,1996,18.7,1129,83,406,652,92,5,1129,15,10,66.7,4,26.7,564,2464,1075,11,14,0,14,10,659,7,Matches,2022-2023
372,Reiss Nelson,eng ENG,FW,Arsenal,22,1999,2.4,157,5,25,35,99,23,157,9,7,77.8,2,22.2,99,710,439,19,5,8,3,9,112,34,Matches,2022-2023
373,Neto,br BRA,GK,Bournemouth,33,1989,26.5,895,768,890,6,0,0,895,1,1,100.0,0,0.0,446,2814,2029,0,0,0,1,0,271,0,Matches,2022-2023
374,Pedro Neto,pt POR,"FW,MF",Wolves,22,2000,10.7,517,6,61,166,298,46,517,54,18,33.3,30,55.6,325,2373,1181,37,24,18,29,13,363,111,Matches,2022-2023
375,Rúben Neves,pt POR,MF,Wolves,25,1997,33.5,2486,177,811,1307,394,25,2483,32,20,62.5,9,28.1,1318,6007,2980,28,29,1,22,13,1621,18,Matches,2022-2023
376,Moussa Niakhate,sn SEN,DF,Nott'ham Forest,26,1996,12.9,528,96,301,159,69,7,528,4,0,0.0,4,100.0,184,923,435,2,0,0,5,1,189,3,Matches,2022-2023
377,Eddie Nketiah,eng ENG,FW,Arsenal,23,1999,12.1,407,10,35,157,221,87,407,34,15,44.1,13,38.2,259,1682,603,32,16,22,30,20,305,82,Matches,2022-2023
378,Matheus Nunes,pt POR,MF,Wolves,23,1998,27.4,1354,64,325,656,397,52,1354,85,44,51.8,28,32.9,851,5513,2640,59,54,10,41,39,943,129,Matches,2022-2023
379,Darwin Núñez,uy URU,FW,Liverpool,23,1999,18.8,633,12,51,179,412,154,633,44,18,40.9,19,43.2,387,2795,1408,61,33,31,41,27,491,181,Matches,2022-2023
380,Ethan Nwaneri,eng ENG,FW,Arsenal,15,2007,0.0,1,0,0,0,1,0,1,0,0,,0,,0,0,0,0,0,0,0,0,0,0,Matches,2022-2023
381,Christian Nørgaard,dk DEN,MF,Brentford,28,1994,19.6,1050,78,338,554,165,42,1050,19,8,42.1,10,52.6,454,1518,671,4,11,2,14,10,526,8,Matches,2022-2023
382,Lewis O'Brien,eng ENG,MF,Nott'ham Forest,23,1998,6.5,297,19,72,161,71,3,297,17,7,41.2,3,17.6,157,947,518,13,9,2,12,7,166,3,Matches,2022-2023
383,Odeluga Offiah,eng ENG,DF,Brighton,19,2002,0.3,35,0,11,21,3,0,35,1,1,100.0,0,0.0,17,90,44,1,0,0,1,0,19,1,Matches,2022-2023
384,Angelo Ogbonna,it ITA,DF,West Ham,34,1988,13.7,545,111,331,197,17,7,545,0,0,,0,,255,1288,436,0,0,0,1,3,281,2,Matches,2022-2023
385,Michael Olise,fr FRA,"FW,MF",Crystal Palace,20,2001,30.5,1840,25,243,709,911,86,1840,141,54,38.3,59,41.8,1048,6663,3366,111,74,38,85,47,1215,243,Matches,2022-2023
386,Robin Olsen,se SWE,GK,Aston Villa,32,1990,3.1,141,119,139,2,0,0,141,0,0,,0,,80,405,198,0,0,0,1,0,57,0,Matches,2022-2023
387,Amadou Onana,be BEL,MF,Everton,20,2001,27.6,1310,58,287,745,295,52,1310,52,18,34.6,23,44.2,684,3563,1436,27,30,4,49,17,871,49,Matches,2022-2023
388,Josh Onomah,eng ENG,MF,Fulham,25,1997,0.2,11,0,3,4,4,0,11,1,0,0.0,1,100.0,5,38,24,1,0,0,1,1,5,0,Matches,2022-2023
389,Paul Onuachu,ng NGA,FW,Southampton,28,1994,4.5,153,5,17,66,73,25,153,14,9,64.3,4,28.6,72,274,78,1,1,0,22,9,115,22,Matches,2022-2023
390,Frank Onyeka,ng NGA,MF,Brentford,24,1998,9.4,373,26,93,176,109,20,373,26,11,42.3,11,42.3,198,852,368,9,8,3,11,10,205,21,Matches,2022-2023
391,Mislav Oršić,hr CRO,MF,Southampton,29,1992,0.1,4,0,2,0,2,0,4,0,0,,0,,2,10,7,0,0,0,0,0,1,0,Matches,2022-2023
392,Stefan Ortega,de GER,GK,Manchester City,29,1992,3.0,174,132,173,1,0,0,174,0,0,,0,,116,392,245,0,0,0,0,0,119,0,Matches,2022-2023
393,Dango Ouattara,bf BFA,"MF,FW",Bournemouth,20,2002,13.8,566,42,136,210,234,64,566,74,31,41.9,37,50.0,301,2219,1083,39,23,17,39,14,336,87,Matches,2022-2023
394,Alex Oxlade-Chamberlain,eng ENG,"FW,MF",Liverpool,28,1993,3.7,152,4,20,69,67,17,152,14,6,42.9,7,50.0,90,719,258,11,8,3,12,10,110,28,Matches,2022-2023
395,David Ozoh,eng ENG,FW,Crystal Palace,17,2005,0.0,4,0,0,0,4,0,4,0,0,,0,,2,1,1,0,0,0,1,0,4,0,Matches,2022-2023
396,João Palhinha,pt POR,MF,Fulham,27,1995,34.5,1713,81,433,1055,247,33,1713,39,14,35.9,15,38.5,763,2775,935,8,10,3,37,28,919,18,Matches,2022-2023
397,Cole Palmer,eng ENG,"MF,FW",Manchester City,20,2002,4.1,248,6,22,85,143,32,248,26,15,57.7,7,26.9,179,1222,639,29,8,15,13,8,202,40,Matches,2022-2023
398,Emerson Palmieri,it ITA,DF,West Ham,27,1994,14.7,894,60,241,386,273,25,894,29,6,20.7,14,48.3,411,2390,1364,39,26,7,9,11,532,57,Matches,2022-2023
399,Lucas Paquetá,br BRA,MF,West Ham,24,1997,23.9,1476,46,239,840,419,49,1475,65,35,53.8,22,33.8,773,3450,1486,25,34,6,48,44,964,63,Matches,2022-2023
400,Thomas Partey,gh GHA,MF,Arsenal,29,1993,27.6,2267,78,418,1406,466,29,2267,45,35,77.8,8,17.8,1398,6866,3847,34,38,3,33,19,1654,35,Matches,2022-2023
401,Nathan Patterson,sct SCO,"DF,MF",Everton,20,2001,14.2,836,71,310,295,238,19,836,24,11,45.8,12,50.0,349,1940,851,16,12,3,22,9,431,51,Matches,2022-2023
402,Ben Pearson,eng ENG,MF,Bournemouth,27,1995,3.2,162,8,56,90,17,0,162,1,0,0.0,0,0.0,72,242,103,2,0,0,6,0,100,4,Matches,2022-2023
403,Facundo Pellistri,uy URU,"FW,MF",Manchester Utd,20,2001,0.7,24,0,9,7,8,1,24,3,2,66.7,1,33.3,12,148,45,1,0,0,2,1,14,2,Matches,2022-2023
404,Andreas Pereira,br BRA,MF,Fulham,26,1996,29.9,1312,14,106,608,613,65,1311,51,17,33.3,26,51.0,722,3951,1662,53,44,9,51,51,853,133,Matches,2022-2023
405,Ricardo Pereira,pt POR,"DF,MF",Leicester City,28,1993,5.0,383,23,116,183,90,4,383,7,5,71.4,1,14.3,174,605,323,5,9,2,7,3,217,14,Matches,2022-2023
406,Ayoze Pérez,es ESP,"MF,FW",Leicester City,29,1993,4.2,244,3,38,104,108,17,244,21,6,28.6,12,57.1,132,696,356,17,6,6,12,11,155,43,Matches,2022-2023
407,Ivan Perišić,hr CRO,"DF,MF",Tottenham,33,1989,23.4,1370,73,357,443,583,94,1370,40,18,45.0,19,47.5,611,3704,2075,87,29,35,33,14,733,181,Matches,2022-2023
408,Romain Perraud,fr FRA,DF,Southampton,24,1997,20.4,1153,54,360,406,395,39,1153,38,10,26.3,25,65.8,609,2999,1388,33,35,5,27,14,626,122,Matches,2022-2023
409,Máximo Perrone,ar ARG,MF,Manchester City,19,2003,0.2,22,0,4,12,6,2,22,0,0,,0,,8,20,7,0,0,0,0,0,19,1,Matches,2022-2023
410,Cameron Peupion,au AUS,MF,Brighton,19,2002,0.1,6,0,0,3,3,1,6,0,0,,0,,3,8,0,0,0,0,1,0,5,2,Matches,2022-2023
411,Kalvin Phillips,eng ENG,MF,Manchester City,26,1995,3.3,354,16,64,243,49,6,354,2,1,50.0,0,0.0,228,1021,331,1,4,0,2,1,284,2,Matches,2022-2023
412,Nathaniel Phillips,eng ENG,DF,Liverpool,25,1997,0.7,89,3,26,63,2,1,89,0,0,,0,,69,574,393,0,1,0,2,0,60,0,Matches,2022-2023
413,Jordan Pickford,eng ENG,GK,Everton,28,1994,37.0,1413,1030,1359,57,0,0,1413,0,0,,0,,732,4810,3221,0,0,0,1,1,548,0,Matches,2022-2023
414,Ethan Pinnock,jm JAM,DF,Brentford,29,1993,30.0,1554,327,927,497,134,55,1554,6,2,33.3,1,16.7,650,2705,1499,2,2,0,6,7,745,16,Matches,2022-2023
415,Daniel Podence,pt POR,"FW,MF",Wolves,26,1995,19.7,889,11,120,328,456,70,889,61,24,39.3,34,55.7,528,2670,1229,43,28,20,49,30,622,148,Matches,2022-2023
416,Nick Pope,eng ENG,GK,Newcastle Utd,30,1992,36.2,974,821,967,7,0,0,974,0,0,,0,,502,2949,1724,0,0,0,2,0,344,0,Matches,2022-2023
417,Pedro Porro,es ESP,"DF,MF",Tottenham,22,1999,12.6,817,45,246,293,285,25,817,41,14,34.1,23,56.1,423,2283,1359,34,17,4,15,7,480,95,Matches,2022-2023
418,Dennis Praet,be BEL,"MF,FW",Leicester City,28,1994,7.2,342,11,67,163,118,14,342,14,6,42.9,7,50.0,177,902,357,15,7,1,11,10,217,42,Matches,2022-2023
419,Isaac Price,nir NIR,MF,Everton,18,2003,0.4,17,1,5,10,2,0,17,1,1,100.0,0,0.0,10,40,12,1,0,0,1,0,13,0,Matches,2022-2023
420,Christian Pulisic,us USA,"FW,DF",Chelsea,23,1998,9.1,429,4,53,168,216,43,429,44,13,29.5,22,50.0,299,2126,1044,35,30,14,26,13,328,76,Matches,2022-2023
421,Aaron Ramsdale,eng ENG,GK,Arsenal,24,1998,38.0,1196,872,1170,28,0,0,1196,1,1,100.0,0,0.0,722,3934,2459,0,1,0,0,0,630,0,Matches,2022-2023
422,Jacob Ramsey,eng ENG,"MF,FW",Aston Villa,21,2001,29.3,1245,57,238,609,422,85,1245,77,31,40.3,31,40.3,752,5322,2656,94,62,21,62,37,819,119,Matches,2022-2023
423,Marcus Rashford,eng ENG,FW,Manchester Utd,24,1997,32.0,1212,22,102,429,704,183,1212,138,54,39.1,73,52.9,765,4830,2344,85,51,55,80,44,928,245,Matches,2022-2023
424,David Raya,es ESP,GK,Brentford,26,1995,38.0,1722,1257,1616,108,1,1,1722,1,1,100.0,0,0.0,1030,5891,3795,0,0,0,0,0,808,0,Matches,2022-2023
425,Tim Ream,us USA,DF,Fulham,34,1987,32.2,2193,312,1124,1021,61,14,2193,17,12,70.6,3,17.6,1364,7720,5069,28,13,0,15,5,1451,2,Matches,2022-2023
426,Nathan Redmond,eng ENG,DF,Southampton,28,1994,0.0,1,0,0,0,1,0,1,0,0,,0,,1,1,1,0,0,0,0,0,1,1,Matches,2022-2023
427,Harrison Reed,eng ENG,MF,Fulham,27,1995,31.8,1585,57,292,842,463,50,1585,28,10,35.7,16,57.1,765,3430,1141,30,22,4,44,25,972,107,Matches,2022-2023
428,Bobby Reid,jm JAM,"FW,DF",Fulham,29,1993,27.5,1191,55,228,489,490,77,1191,54,19,35.2,26,48.1,649,2956,1333,46,33,11,53,32,759,186,Matches,2022-2023
429,Declan Rice,eng ENG,MF,West Ham,23,1999,36.4,2475,123,670,1420,433,24,2474,65,37,56.9,23,35.4,1455,9170,4918,89,76,6,28,26,1642,37,Matches,2022-2023
430,Chris Richards,us USA,DF,Crystal Palace,22,2000,5.0,274,47,131,119,24,7,274,0,0,,0,,120,550,269,4,1,0,3,2,149,3,Matches,2022-2023
431,Richarlison,br BRA,"MF,FW",Tottenham,25,1997,11.2,441,11,78,172,200,62,441,34,12,35.3,18,52.9,260,1598,783,33,19,13,40,18,306,75,Matches,2022-2023
432,Jaïro Riedewald,nl NED,"DF,MF",Crystal Palace,25,1996,0.7,54,6,19,23,14,1,54,0,0,,0,,23,111,69,1,1,0,0,0,28,1,Matches,2022-2023
433,Matt Ritchie,sct SCO,"FW,MF",Newcastle Utd,32,1989,0.4,35,1,8,12,16,1,35,1,1,100.0,0,0.0,23,101,48,1,3,0,1,0,27,9,Matches,2022-2023
434,Andrew Robertson,sct SCO,DF,Liverpool,28,1994,28.7,2483,79,691,1084,727,59,2483,42,17,40.5,23,54.8,1385,6702,3934,80,60,10,31,7,1637,194,Matches,2022-2023
435,Antonee Robinson,us USA,DF,Fulham,24,1997,34.3,2260,125,778,938,580,29,2260,75,40,53.3,26,34.7,1174,7863,4290,113,87,10,40,20,1263,153,Matches,2022-2023
436,Joel Robles,es ESP,GK,Leeds United,32,1990,4.0,136,101,129,8,0,0,136,0,0,,0,,57,337,251,0,0,0,0,0,44,0,Matches,2022-2023
437,Marc Roca,es ESP,MF,Leeds United,25,1996,25.7,1571,47,333,914,333,26,1571,30,17,56.7,10,33.3,822,3627,1914,25,18,6,26,26,948,28,Matches,2022-2023
438,Marek Rodák,sk SVK,GK,Fulham,25,1996,2.0,65,58,65,0,0,0,65,0,0,,0,,36,206,94,0,0,0,1,0,21,0,Matches,2022-2023
439,Rodri,es ESP,MF,Manchester City,26,1996,32.3,3272,119,706,1993,592,62,3272,37,25,67.6,8,21.6,2004,10293,5622,76,72,3,21,19,2511,37,Matches,2022-2023
440,Rodrigo,es ESP,"FW,MF",Leeds United,31,1991,21.5,804,26,94,372,341,110,803,29,12,41.4,15,51.7,451,2217,825,40,17,24,57,24,547,143,Matches,2022-2023
441,Mads Roerslev,dk DEN,DF,Brentford,23,1999,12.3,426,50,178,140,109,13,426,7,3,42.9,3,42.9,186,817,278,8,7,2,14,9,210,36,Matches,2022-2023
442,Cristian Romero,ar ARG,DF,Tottenham,24,1998,26.3,1923,299,976,849,111,17,1923,22,13,59.1,8,36.4,1150,5216,2993,19,25,1,19,10,1226,9,Matches,2022-2023
443,Oriol Romeu,es ESP,MF,Southampton,30,1991,0.8,37,2,5,19,14,1,37,1,1,100.0,0,0.0,18,128,66,2,1,0,1,0,20,0,Matches,2022-2023
444,Cristiano Ronaldo,pt POR,FW,Manchester Utd,37,1985,5.8,220,8,25,91,106,32,220,9,4,44.4,3,33.3,94,477,288,9,6,3,7,3,167,33,Matches,2022-2023
445,Connor Ronan,ie IRL,MF,Wolves,24,1998,0.0,4,0,0,3,1,0,4,1,1,100.0,0,0.0,1,4,2,0,0,0,0,0,3,1,Matches,2022-2023
446,Salomón Rondón,ve VEN,FW,Everton,32,1989,1.2,36,1,2,15,19,4,36,1,1,100.0,0,0.0,16,33,3,0,1,0,1,1,32,7,Matches,2022-2023
447,Joe Rothwell,eng ENG,MF,Bournemouth,27,1995,11.3,538,19,131,309,105,5,538,23,16,69.6,7,30.4,285,1640,790,12,12,2,8,4,319,12,Matches,2022-2023
448,Georginio Rutter,fr FRA,"FW,MF",Leeds United,20,2002,3.0,124,4,13,47,65,20,124,25,9,36.0,13,52.0,76,351,126,5,1,3,15,14,86,21,Matches,2022-2023
449,José Sá,pt POR,GK,Wolves,29,1993,36.0,1277,1153,1271,7,0,0,1277,2,2,100.0,0,0.0,731,4563,2991,0,0,0,4,0,585,0,Matches,2022-2023
450,Marcel Sabitzer,at AUT,MF,Manchester Utd,28,1994,7.0,377,18,69,200,110,20,377,3,1,33.3,1,33.3,209,751,361,8,6,0,9,5,247,26,Matches,2022-2023
451,Allan Saint-Maximin,fr FRA,FW,Newcastle Utd,25,1997,12.4,598,5,69,198,348,77,598,99,57,57.6,33,33.3,435,4137,2512,93,51,41,31,30,456,111,Matches,2022-2023
452,Bukayo Saka,eng ENG,FW,Arsenal,20,2001,35.3,1882,21,160,473,1270,237,1879,164,64,39.0,69,42.1,1191,8353,4563,179,93,84,78,59,1361,520,Matches,2022-2023
453,Mohamed Salah,eg EGY,FW,Liverpool,30,1992,36.6,1634,4,83,539,1028,301,1630,135,51,37.8,72,53.3,1108,6393,3036,120,66,87,110,79,1305,421,Matches,2022-2023
454,William Saliba,fr FRA,DF,Arsenal,21,2001,26.8,2056,174,905,1094,64,15,2056,12,9,75.0,1,8.3,1323,6637,3888,13,14,1,15,6,1423,2,Matches,2022-2023
455,Mohammed Salisu,gh GHA,DF,Southampton,23,1999,21.9,1504,220,756,634,124,25,1504,11,8,72.7,3,27.3,724,3383,1556,5,10,0,5,9,757,4,Matches,2022-2023
456,Albert Sambi Lokonga,be BEL,MF,Arsenal,22,1999,2.2,154,6,32,95,29,0,154,2,1,50.0,0,0.0,96,393,145,0,6,0,1,1,113,2,Matches,2022-2023
457,Albert Sambi Lokonga,be BEL,MF,Crystal Palace,22,1999,6.0,325,22,109,170,47,2,325,5,1,20.0,2,40.0,172,804,368,2,2,0,3,6,211,2,Matches,2022-2023
458,Davinson Sánchez,co COL,DF,Tottenham,26,1996,9.5,719,99,364,310,46,10,719,6,2,33.3,3,50.0,406,1607,788,5,2,0,3,2,473,4,Matches,2022-2023
459,Robert Sánchez,es ESP,GK,Brighton,24,1997,23.0,826,692,822,4,0,0,826,0,0,,0,,523,2418,1458,0,0,0,0,0,480,0,Matches,2022-2023
460,Jadon Sancho,eng ENG,"FW,MF",Manchester Utd,22,2000,18.7,977,16,118,339,536,106,977,78,33,42.3,40,51.3,640,3825,2193,88,39,45,50,20,715,173,Matches,2022-2023
461,Morgan Sanson,fr FRA,MF,Aston Villa,27,1994,0.1,9,1,1,4,4,0,9,0,0,,0,,5,11,9,0,0,0,1,0,5,0,Matches,2022-2023
462,Pablo Sarabia,es ESP,"FW,MF",Wolves,30,1992,8.5,450,9,68,189,199,22,450,12,2,16.7,9,75.0,267,1195,522,17,15,4,9,14,312,54,Matches,2022-2023
463,Jeremy Sarmiento,ec ECU,MF,Brighton,20,2002,2.0,100,0,13,39,48,10,100,11,6,54.5,4,36.4,69,386,129,5,3,1,6,7,77,20,Matches,2022-2023
464,Gianluca Scamacca,it ITA,FW,West Ham,23,1999,10.3,273,5,13,136,127,38,273,15,7,46.7,6,40.0,143,660,282,13,7,3,23,19,203,48,Matches,2022-2023
465,Gustavo Scarpa,br BRA,"MF,FW",Nott'ham Forest,28,1994,2.0,108,3,24,58,27,1,108,4,1,25.0,2,50.0,67,515,313,9,5,0,1,0,71,4,Matches,2022-2023
466,Kevin Schade,de GER,FW,Brentford,20,2001,8.1,291,7,38,94,165,48,291,35,12,34.3,18,51.4,147,1199,501,24,12,15,25,9,186,57,Matches,2022-2023
467,Fabian Schär,ch SUI,DF,Newcastle Utd,30,1991,35.6,2235,248,1101,938,213,73,2235,13,4,30.8,7,53.8,1214,6337,4115,27,26,3,20,7,1341,32,Matches,2022-2023
468,Jeffrey Schlupp,gh GHA,"MF,FW",Crystal Palace,29,1992,28.1,1193,63,281,640,293,48,1193,56,30,53.6,19,33.9,602,3035,1232,32,25,11,33,33,707,67,Matches,2022-2023
469,Nélson Semedo,pt POR,DF,Wolves,28,1993,29.2,1858,139,589,837,451,29,1858,73,33,45.2,33,45.2,998,5308,2691,50,42,5,42,19,1087,147,Matches,2022-2023
470,Antoine Semenyo,gh GHA,"FW,MF",Bournemouth,22,2000,2.9,102,8,24,43,39,5,102,6,3,50.0,2,33.3,58,508,239,5,9,4,12,6,64,11,Matches,2022-2023
471,Marcos Senesi,ar ARG,DF,Bournemouth,25,1997,27.7,1647,340,1037,568,57,16,1647,13,8,61.5,4,30.8,929,4383,2386,9,12,1,15,4,983,3,Matches,2022-2023
472,Ryan Sessegnon,eng ENG,DF,Tottenham,22,2000,9.0,493,29,157,170,168,27,493,11,5,45.5,4,36.4,233,1435,815,24,11,5,11,10,270,64,Matches,2022-2023
473,Luke Shaw,eng ENG,DF,Manchester Utd,27,1995,28.4,2388,175,810,1124,475,22,2388,39,14,35.9,17,43.6,1298,6356,3352,53,44,3,24,8,1459,76,Matches,2022-2023
474,Jonjo Shelvey,eng ENG,MF,Newcastle Utd,30,1992,0.4,28,0,8,18,2,0,28,0,0,,0,,10,63,19,0,0,0,0,0,17,0,Matches,2022-2023
475,Jonjo Shelvey,eng ENG,MF,Nott'ham Forest,30,1992,6.0,345,23,102,209,35,1,345,4,4,100.0,0,0.0,178,978,442,1,3,0,3,4,214,0,Matches,2022-2023
476,Bernardo Silva,pt POR,"MF,FW",Manchester City,27,1994,24.5,1772,31,281,797,707,92,1772,64,28,43.8,29,45.3,1115,7092,3523,90,73,29,30,31,1324,188,Matches,2022-2023
477,Thiago Silva,br BRA,DF,Chelsea,37,1984,26.1,2302,348,1167,1081,58,24,2302,4,3,75.0,0,0.0,1460,6608,3887,8,14,0,6,1,1674,2,Matches,2022-2023
478,Ellis Simms,eng ENG,FW,Everton,21,2001,2.5,84,1,2,36,47,11,84,2,2,100.0,0,0.0,37,156,55,2,2,2,6,2,65,19,Matches,2022-2023
479,Luis Sinisterra,co COL,FW,Leeds United,23,1999,9.6,469,7,50,212,215,32,469,42,19,45.2,17,40.5,281,1740,931,30,17,8,16,23,341,84,Matches,2022-2023
480,Oliver Skipp,eng ENG,MF,Tottenham,21,2000,16.6,915,45,245,554,124,7,915,15,11,73.3,3,20.0,496,2147,941,14,15,2,17,16,634,25,Matches,2022-2023
481,Adam Smith,eng ENG,DF,Bournemouth,31,1991,32.7,1527,112,602,650,296,17,1527,30,6,20.0,17,56.7,647,2762,1368,28,21,3,21,4,771,54,Matches,2022-2023
482,Emile Smith Rowe,eng ENG,"MF,FW",Arsenal,22,2000,1.9,102,1,14,37,51,9,102,5,2,40.0,3,60.0,68,303,119,2,1,0,0,4,71,11,Matches,2022-2023
483,Cédric Soares,pt POR,DF,Arsenal,30,1991,0.3,27,2,8,9,10,0,27,0,0,,0,,14,87,67,1,2,0,0,0,20,0,Matches,2022-2023
484,Cédric Soares,pt POR,DF,Fulham,30,1991,2.2,213,10,58,89,66,3,213,2,2,100.0,0,0.0,120,496,242,4,2,1,2,2,140,12,Matches,2022-2023
485,Dominic Solanke,eng ENG,"FW,MF",Bournemouth,24,1997,31.8,1012,54,157,423,454,159,1012,110,45,40.9,54,49.1,638,4488,1731,70,41,36,134,74,730,167,Matches,2022-2023
486,Manor Solomon,il ISR,FW,Fulham,23,1999,6.4,292,9,62,91,147,11,292,37,19,51.4,15,40.5,191,1555,723,16,16,2,13,11,186,51,Matches,2022-2023
487,Tomáš Souček,cz CZE,MF,West Ham,27,1995,31.3,1366,124,432,652,288,71,1366,17,2,11.8,12,70.6,544,2087,695,11,17,0,23,18,742,52,Matches,2022-2023
488,Boubakary Soumaré,fr FRA,MF,Leicester City,23,1999,18.1,1091,45,319,675,112,2,1091,22,12,54.5,6,27.3,588,2940,1182,17,12,0,26,22,733,20,Matches,2022-2023
489,Harry Souttar,au AUS,DF,Leicester City,23,1998,11.0,663,104,365,282,20,15,663,5,3,60.0,0,0.0,390,1878,948,6,2,1,3,0,420,4,Matches,2022-2023
490,Çağlar Söyüncü,tr TUR,DF,Leicester City,26,1996,5.9,382,71,226,147,12,7,382,1,1,100.0,0,0.0,185,1096,601,5,1,0,2,0,203,0,Matches,2022-2023
491,Djed Spence,eng ENG,"FW,DF",Tottenham,21,2000,0.1,12,0,3,1,8,2,12,1,0,0.0,0,0.0,8,92,66,2,1,1,0,2,10,2,Matches,2022-2023
492,Jack Stacey,eng ENG,DF,Bournemouth,26,1996,3.3,174,17,67,62,47,2,174,8,3,37.5,5,62.5,74,462,221,9,4,1,3,4,78,15,Matches,2022-2023
493,Junior Stanislas,eng ENG,MF,Bournemouth,32,1989,0.7,34,0,3,15,16,3,34,0,0,,0,,18,92,13,0,1,0,1,1,27,5,Matches,2022-2023
494,Jay Stansfield,eng ENG,FW,Fulham,19,2002,1.0,35,2,7,14,15,7,35,0,0,,0,,13,88,35,2,2,0,2,2,23,4,Matches,2022-2023
495,Jason Steele,eng ENG,GK,Brighton,31,1990,15.0,574,469,570,4,0,0,574,1,1,100.0,0,0.0,377,1675,868,0,0,0,0,0,354,0,Matches,2022-2023
496,Jack Stephens,eng ENG,DF,Southampton,28,1994,0.5,33,4,8,17,8,0,33,0,0,,0,,16,135,86,3,2,0,0,1,25,0,Matches,2022-2023
497,Jack Stephens,eng ENG,DF,Bournemouth,28,1994,13.0,665,125,364,275,28,7,665,3,3,100.0,0,0.0,368,1674,863,7,3,0,5,1,398,3,Matches,2022-2023
498,Raheem Sterling,eng ENG,"FW,MF",Chelsea,27,1994,21.0,910,8,63,278,583,121,910,93,39,41.9,46,49.5,651,4002,2153,81,56,39,46,50,749,186,Matches,2022-2023
499,John Stones,eng ENG,"DF,MF",Manchester City,28,1994,20.5,1690,101,544,942,210,27,1690,10,6,60.0,1,10.0,1080,6201,3250,28,32,1,8,4,1312,34,Matches,2022-2023
500,Pascal Struijk,nl NED,DF,Leeds United,22,1999,24.4,1619,92,538,708,379,31,1619,18,9,50.0,7,38.9,700,2806,1465,24,25,1,25,12,803,53,Matches,2022-2023
501,Kamaldeen Sulemana,gh GHA,"FW,MF",Southampton,20,2002,10.7,430,7,47,175,221,44,430,68,36,52.9,31,45.6,277,2315,973,32,27,18,35,17,294,80,Matches,2022-2023
502,Crysencio Summerville,nl NED,FW,Leeds United,20,2001,15.8,637,10,99,241,311,70,637,60,24,40.0,22,36.7,420,2617,1326,51,27,19,45,36,438,92,Matches,2022-2023
503,Sam Surridge,eng ENG,FW,Nott'ham Forest,24,1998,3.6,137,9,27,55,59,15,137,5,2,40.0,2,40.0,71,361,140,2,5,1,13,4,93,17,Matches,2022-2023
504,Japhet Tanganga,eng ENG,DF,Tottenham,23,1999,1.6,109,5,48,59,3,0,109,2,1,50.0,1,50.0,68,308,133,1,2,0,3,1,71,2,Matches,2022-2023
505,Matt Targett,eng ENG,DF,Newcastle Utd,26,1995,6.8,463,20,149,186,131,0,463,2,2,100.0,0,0.0,197,673,409,3,5,0,5,6,241,13,Matches,2022-2023
506,James Tarkowski,eng ENG,DF,Everton,29,1992,38.0,2119,369,1090,926,113,81,2119,10,9,90.0,1,10.0,982,4413,2295,13,3,1,22,5,1209,11,Matches,2022-2023
507,Marcus Tavernier,eng ENG,"MF,FW",Bournemouth,23,1999,19.4,1008,37,200,390,450,59,1008,97,46,47.4,45,46.4,592,4060,2028,67,43,21,46,40,636,137,Matches,2022-2023
508,Tetê,br BRA,FW,Leicester City,22,2000,8.2,350,5,59,165,134,30,350,33,20,60.6,10,30.3,212,1624,708,22,11,15,19,13,237,55,Matches,2022-2023
509,Kenny Tete,nl NED,DF,Fulham,26,1995,28.5,1896,107,556,877,489,30,1896,37,21,56.8,12,32.4,821,4563,2401,75,55,4,22,24,946,69,Matches,2022-2023
510,Luke Thomas,eng ENG,DF,Leicester City,21,2001,11.9,786,39,319,359,115,3,786,12,6,50.0,5,41.7,355,1374,610,10,8,1,9,8,414,13,Matches,2022-2023
511,Youri Tielemans,be BEL,MF,Leicester City,25,1997,26.0,1877,62,436,1080,382,14,1875,35,26,74.3,5,14.3,952,4043,2088,35,25,1,33,15,1309,56,Matches,2022-2023
512,Kieran Tierney,sct SCO,DF,Arsenal,25,1997,8.8,579,23,153,244,183,15,579,12,3,25.0,3,25.0,316,1802,837,25,12,3,7,0,338,31,Matches,2022-2023
513,Harry Toffolo,eng ENG,DF,Nott'ham Forest,26,1995,10.4,498,48,175,179,151,12,498,9,3,33.3,5,55.6,191,721,342,8,6,4,10,6,223,43,Matches,2022-2023
514,Takehiro Tomiyasu,jp JPN,DF,Arsenal,23,1998,7.4,557,26,138,293,130,17,557,4,1,25.0,2,50.0,311,1380,624,14,7,1,7,4,344,28,Matches,2022-2023
515,James Tomkins,eng ENG,DF,Crystal Palace,33,1989,3.8,208,34,142,59,7,3,208,1,1,100.0,0,0.0,117,429,220,1,1,0,2,1,130,1,Matches,2022-2023
516,Ivan Toney,eng ENG,FW,Brentford,26,1996,32.8,1219,50,141,529,557,156,1212,54,16,29.6,29,53.7,625,2463,724,14,21,8,100,47,889,165,Matches,2022-2023
517,Adama Traoré,es ESP,"FW,MF",Wolves,26,1996,16.6,715,18,102,253,379,56,715,111,56,50.5,34,30.6,462,4043,2113,85,41,25,59,27,556,157,Matches,2022-2023
518,Bertrand Traoré,bf BFA,"FW,MF",Aston Villa,26,1995,2.6,114,0,8,41,66,13,114,4,1,25.0,3,75.0,81,462,246,9,3,5,8,7,89,28,Matches,2022-2023
519,Boubacar Traoré,ml MLI,MF,Wolves,20,2001,4.6,185,6,51,110,26,2,185,9,4,44.4,4,44.4,90,529,267,4,3,0,3,3,104,2,Matches,2022-2023
520,Mark Travers,ie IRL,GK,Bournemouth,23,1999,11.5,402,373,401,1,0,0,402,0,0,,0,,182,884,457,0,0,0,0,0,145,0,Matches,2022-2023
521,Kieran Trippier,eng ENG,DF,Newcastle Utd,31,1990,37.1,3102,124,774,1282,1066,26,3102,35,19,54.3,12,34.3,1300,4599,2393,45,46,1,27,9,1593,151,Matches,2022-2023
522,Leandro Trossard,be BEL,FW,Arsenal,27,1994,10.3,567,9,64,179,331,43,567,26,15,57.7,6,23.1,374,2386,1107,36,16,10,18,23,417,102,Matches,2022-2023
523,Leandro Trossard,be BEL,"FW,MF",Brighton,27,1994,14.6,697,3,62,278,368,90,697,40,14,35.0,19,47.5,429,2443,1192,40,27,24,38,26,531,118,Matches,2022-2023
524,Kostas Tsimikas,gr GRE,DF,Liverpool,26,1996,8.6,713,23,170,281,268,22,713,15,4,26.7,8,53.3,355,1833,874,23,9,5,13,7,409,77,Matches,2022-2023
525,Deniz Undav,de GER,"FW,MF",Brighton,26,1996,7.0,231,4,19,97,116,42,231,6,4,66.7,2,33.3,120,518,350,12,6,4,13,8,179,40,Matches,2022-2023
526,Yan Valery,tn TUN,DF,Southampton,23,1999,0.5,28,3,7,18,3,0,28,0,0,,0,,17,91,18,0,1,0,1,3,20,0,Matches,2022-2023
527,Virgil van Dijk,nl NED,DF,Liverpool,31,1991,31.5,2876,361,1327,1427,128,66,2876,2,2,100.0,0,0.0,1760,6644,3152,10,14,2,7,0,2085,8,Matches,2022-2023
528,Raphaël Varane,fr FRA,DF,Manchester Utd,29,1993,21.2,1293,153,611,631,54,18,1293,10,6,60.0,4,40.0,797,5357,3030,17,15,0,2,1,850,4,Matches,2022-2023
529,Jamie Vardy,eng ENG,FW,Leicester City,35,1987,20.6,437,32,59,175,206,71,436,29,12,41.4,14,48.3,192,926,358,16,9,13,33,16,261,101,Matches,2022-2023
530,Joël Veltman,nl NED,DF,Brighton,30,1992,24.3,1740,92,563,895,293,23,1740,20,5,25.0,8,40.0,952,4436,2233,43,32,2,20,10,1065,49,Matches,2022-2023
531,Fabio Vieira,pt POR,"MF,FW",Arsenal,22,2000,5.7,356,6,27,162,170,27,356,18,6,33.3,11,61.1,215,868,327,8,8,1,13,8,255,40,Matches,2022-2023
532,Matías Viña,uy URU,DF,Bournemouth,24,1997,5.1,289,27,114,105,74,11,289,24,10,41.7,11,45.8,122,686,434,10,6,5,11,6,136,19,Matches,2022-2023
533,Rúben Vinagre,pt POR,"DF,MF",Everton,23,1999,0.3,31,1,7,16,9,0,31,3,1,33.3,0,0.0,15,98,52,2,1,0,1,1,17,1,Matches,2022-2023
534,Carlos Vinícius,br BRA,FW,Fulham,27,1995,12.3,330,11,24,136,174,57,330,16,5,31.3,8,50.0,183,879,301,9,10,6,48,23,249,46,Matches,2022-2023
535,Theo Walcott,eng ENG,"FW,MF",Southampton,33,1989,12.5,384,13,75,151,169,44,384,24,12,50.0,10,41.7,224,1384,749,21,12,10,24,12,256,62,Matches,2022-2023
536,Kyle Walker,eng ENG,DF,Manchester City,32,1990,21.8,1996,57,438,1198,370,15,1996,19,13,68.4,4,21.1,1189,5455,2900,50,40,2,14,6,1542,75,Matches,2022-2023
537,Kyle Walker-Peters,eng ENG,DF,Southampton,25,1997,29.4,1692,90,469,731,520,50,1692,104,50,48.1,39,37.5,877,5862,3236,102,76,19,39,43,917,114,Matches,2022-2023
538,Aaron Wan-Bissaka,eng ENG,DF,Manchester Utd,24,1997,15.9,1026,75,346,400,286,44,1026,35,17,48.6,18,51.4,524,2614,1370,41,24,4,14,10,600,64,Matches,2022-2023
539,Danny Ward,wls WAL,GK,Leicester City,29,1993,26.0,1000,806,996,5,0,0,1000,0,0,,0,,559,2832,1665,0,0,0,0,0,482,0,Matches,2022-2023
540,Joel Ward,eng ENG,DF,Crystal Palace,32,1989,25.1,1469,119,546,637,292,21,1469,9,7,77.8,1,11.1,620,2382,1228,22,15,1,25,10,761,46,Matches,2022-2023
541,James Ward-Prowse,eng ENG,MF,Southampton,27,1994,37.5,2484,97,447,1380,667,28,2480,20,7,35.0,12,60.0,1172,4364,2014,19,27,1,26,22,1462,58,Matches,2022-2023
542,Ollie Watkins,eng ENG,FW,Aston Villa,26,1995,34.7,927,47,86,365,488,164,925,65,18,27.7,36,55.4,475,2519,1164,50,24,32,82,39,684,196,Matches,2022-2023
543,Adam Webster,eng ENG,DF,Brighton,27,1995,22.1,1888,170,819,969,108,27,1888,8,3,37.5,4,50.0,1228,6306,3739,19,18,0,11,5,1369,9,Matches,2022-2023
544,Wout Weghorst,nl NED,"FW,MF",Manchester Utd,29,1992,8.9,291,16,45,151,97,26,291,12,4,33.3,7,58.3,161,462,156,3,7,0,15,12,206,41,Matches,2022-2023
545,Danny Welbeck,eng ENG,FW,Brighton,31,1990,20.6,693,23,44,281,376,117,693,45,22,48.9,18,40.0,407,1859,878,31,18,10,60,23,519,134,Matches,2022-2023
546,Ben White,eng ENG,DF,Arsenal,24,1997,33.9,2533,103,554,1306,685,48,2533,29,8,27.6,15,51.7,1448,6506,3565,64,46,3,27,7,1698,124,Matches,2022-2023
547,Harvey White,eng ENG,MF,Tottenham,20,2001,0.1,8,0,0,4,4,0,8,0,0,,0,,5,11,4,0,0,0,0,0,5,1,Matches,2022-2023
548,Joseph Whitworth,eng ENG,GK,Crystal Palace,18,2004,2.0,87,79,87,0,0,0,87,0,0,,0,,52,208,109,0,0,0,0,0,50,0,Matches,2022-2023
549,Neco Williams,wls WAL,DF,Nott'ham Forest,21,2001,20.9,1153,82,445,422,309,23,1153,55,19,34.5,31,56.4,555,3620,2064,51,33,5,31,17,532,67,Matches,2022-2023
550,Willian,br BRA,FW,Fulham,33,1988,23.6,1121,10,118,419,602,78,1121,71,37,52.1,22,31.0,749,5394,2727,97,69,29,44,25,831,152,Matches,2022-2023
551,Joe Willock,eng ENG,MF,Newcastle Utd,22,1999,28.4,1324,37,202,586,556,114,1324,93,37,39.8,43,46.2,784,5213,2866,97,62,33,65,27,896,152,Matches,2022-2023
552,Callum Wilson,eng ENG,FW,Newcastle Utd,30,1992,20.9,482,8,25,179,281,124,479,36,12,33.3,19,52.8,304,1484,673,27,14,16,72,36,360,118,Matches,2022-2023
553,Harry Wilson,wls WAL,FW,Fulham,25,1997,12.2,551,18,89,214,253,37,551,33,12,36.4,14,42.4,343,1989,780,18,16,8,23,15,397,87,Matches,2022-2023
554,Yoane Wissa,cd COD,FW,Brentford,25,1996,17.8,517,14,67,193,268,62,517,44,20,45.5,15,34.1,312,1573,658,24,12,11,41,25,345,104,Matches,2022-2023
555,Maximilian Wöber,at AUT,DF,Leeds United,24,1998,14.1,858,110,381,400,81,17,858,1,0,0.0,1,100.0,426,2270,1309,15,9,0,6,2,438,15,Matches,2022-2023
556,Chris Wood,nz NZL,FW,Newcastle Utd,30,1991,5.0,149,8,19,70,60,16,148,2,1,50.0,0,0.0,52,159,62,1,1,0,12,5,101,23,Matches,2022-2023
557,Chris Wood,nz NZL,FW,Nott'ham Forest,30,1991,4.1,99,4,12,57,31,8,99,2,0,0.0,2,100.0,50,189,70,2,2,0,11,6,79,12,Matches,2022-2023
558,Joe Worrall,eng ENG,DF,Nott'ham Forest,25,1997,24.7,1408,213,813,524,75,29,1408,4,3,75.0,1,25.0,684,2948,1604,5,5,1,6,4,796,1,Matches,2022-2023
559,Granit Xhaka,ch SUI,MF,Arsenal,29,1992,33.3,1891,84,341,900,658,106,1891,29,16,55.2,10,34.5,1113,4243,2162,42,38,9,35,25,1397,175,Matches,2022-2023
560,Ryan Yates,eng ENG,MF,Nott'ham Forest,24,1997,20.4,790,66,235,418,143,34,790,9,4,44.4,3,33.3,303,1260,577,11,4,3,18,15,384,27,Matches,2022-2023
561,Ashley Young,eng ENG,DF,Aston Villa,37,1985,22.6,1411,86,502,675,252,10,1411,22,8,36.4,10,45.5,701,3235,1554,29,20,4,18,5,767,33,Matches,2022-2023
562,Illia Zabarnyi,ua UKR,DF,Bournemouth,19,2002,3.3,234,37,159,74,2,0,234,2,1,50.0,0,0.0,166,1013,654,1,1,0,3,2,174,0,Matches,2022-2023
563,Wilfried Zaha,ci CIV,"FW,MF",Crystal Palace,29,1992,25.4,1040,12,100,388,567,143,1038,137,55,40.1,65,47.4,729,4850,2139,86,43,59,95,82,821,238,Matches,2022-2023
564,Denis Zakaria,ch SUI,MF,Chelsea,25,1996,4.6,218,12,66,113,44,2,218,9,6,66.7,3,33.3,140,646,291,9,3,2,4,9,159,3,Matches,2022-2023
565,Jordan Zemura,zw ZIM,DF,Bournemouth,22,1999,16.2,808,46,302,297,222,31,808,43,21,48.8,18,41.9,375,2345,1235,39,29,10,35,16,409,48,Matches,2022-2023
566,Oleksandr Zinchenko,ua UKR,DF,Arsenal,25,1996,23.5,2112,77,463,1058,610,33,2112,25,15,60.0,9,36.0,1263,6899,3787,67,66,8,16,15,1398,68,Matches,2022-2023
567,Hakim Ziyech,ma MAR,"FW,MF",Chelsea,29,1993,7.3,505,12,74,184,251,17,505,33,14,42.4,15,45.5,303,1505,657,20,17,7,12,13,354,69,Matches,2022-2023
568,Kurt Zouma,fr FRA,DF,West Ham,27,1994,22.1,1049,230,654,363,35,29,1049,5,2,40.0,3,60.0,523,2150,1018,3,1,0,5,2,621,1,Matches,2022-2023
569,Martin Ødegaard,no NOR,MF,Arsenal,23,1998,34.7,2100,27,199,864,1060,122,2100,83,48,57.8,29,34.9,1284,6930,3022,83,60,26,42,45,1550,193,Matches,2022-2023
1,Max Aarons,eng ENG,DF,Norwich City,21,2000,32.0,1841,160,721,703,440,23,1841,68,34,50.0,34,50.0,953,6454,3377,78,47,12,38,23,1030,85,Matches,2021-2022
2,Che Adams,sct SCO,FW,Southampton,25,1996,22.7,712,22,81,293,344,94,712,35,20,57.1,15,42.9,394,1804,651,19,13,13,59,34,537,153,Matches,2021-2022
3,Rayan Aït-Nouri,dz ALG,"DF,MF",Wolves,20,2001,20.3,1293,49,459,458,392,39,1293,81,42,51.9,39,48.1,659,3744,1969,60,38,19,44,27,736,127,Matches,2021-2022
4,Kristoffer Ajer,no NOR,DF,Brentford,23,1998,22.2,1101,108,442,484,181,31,1101,18,13,72.2,5,27.8,488,2991,1717,30,25,2,25,7,530,29,Matches,2021-2022
5,Nathan Aké,nl NED,DF,Manchester City,26,1995,10.3,956,56,332,525,103,10,956,2,0,0.0,2,100.0,677,3333,2158,12,12,0,4,3,741,8,Matches,2021-2022
6,Marc Albrighton,eng ENG,"FW,DF",Leicester City,31,1989,12.6,705,35,166,302,243,12,705,40,15,37.5,25,62.5,357,1616,691,21,14,2,21,8,397,56,Matches,2021-2022
7,Thiago Alcántara,es ESP,MF,Liverpool,30,1991,17.0,1700,32,247,1106,362,20,1700,32,20,62.5,12,37.5,1039,5003,2393,24,43,1,16,13,1279,45,Matches,2021-2022
8,Trent Alexander-Arnold,eng ENG,DF,Liverpool,22,1998,31.7,3036,71,602,1386,1070,83,3036,39,19,48.7,20,51.3,1504,5687,2824,53,55,14,41,19,1897,201,Matches,2021-2022
9,Alisson,br BRA,GK,Liverpool,28,1992,36.0,1469,1042,1452,17,0,0,1469,1,1,100.0,0,0.0,873,3573,2223,0,0,0,1,0,836,0,Matches,2021-2022
10,Allan,br BRA,MF,Everton,30,1991,24.3,1259,77,324,763,191,7,1259,31,21,67.7,10,32.3,650,3118,1603,26,24,4,38,24,672,18,Matches,2021-2022
11,Dele Alli,eng ENG,MF,Tottenham,25,1996,7.3,339,24,74,188,82,14,338,27,12,44.4,15,55.6,184,923,358,8,8,0,13,19,203,22,Matches,2021-2022
12,Dele Alli,eng ENG,"MF,FW",Everton,25,1996,3.8,225,13,50,107,71,13,225,14,5,35.7,9,64.3,108,708,290,7,8,3,15,6,132,21,Matches,2021-2022
13,Miguel Almirón,py PAR,"MF,FW",Newcastle Utd,27,1994,19.1,728,22,135,302,307,43,728,39,26,66.7,13,33.3,446,2959,1319,44,21,12,44,24,471,85,Matches,2021-2022
14,Marcos Alonso,es ESP,DF,Chelsea,30,1990,24.1,1791,72,451,626,730,69,1791,35,15,42.9,20,57.1,882,4325,2172,51,32,10,43,25,1037,192,Matches,2021-2022
15,Steven Alzate,co COL,MF,Brighton,22,1998,4.5,292,14,79,165,50,3,292,8,6,75.0,2,25.0,148,650,330,3,7,1,8,3,177,6,Matches,2021-2022
16,Daniel Amartey,gh GHA,DF,Leicester City,26,1994,23.6,1752,246,872,832,52,6,1752,7,6,85.7,1,14.3,1133,5040,2786,14,12,1,7,1,1278,0,Matches,2021-2022
17,Joachim Andersen,dk DEN,DF,Crystal Palace,25,1996,32.4,2614,425,1538,1005,80,32,2614,9,7,77.8,2,22.2,1604,8191,4478,14,5,2,8,8,1865,4,Matches,2021-2022
18,Michail Antonio,jm JAM,FW,West Ham,31,1990,33.0,1095,17,59,398,663,159,1094,93,50,53.8,43,46.2,681,4270,1921,77,46,35,136,72,885,246,Matches,2021-2022
19,Cameron Archer,eng ENG,"FW,MF",Aston Villa,20,2001,0.3,11,0,1,3,7,1,11,1,0,0.0,1,100.0,7,44,10,0,1,0,1,2,7,1,Matches,2021-2022
20,Alphonse Areola,fr FRA,GK,West Ham,28,1993,1.0,42,40,42,0,0,0,42,0,0,,0,,20,85,41,0,0,0,0,0,20,0,Matches,2021-2022
21,Adam Armstrong,eng ENG,FW,Southampton,24,1997,15.7,493,9,40,184,275,75,493,42,16,38.1,26,61.9,287,1882,768,39,24,22,45,13,335,105,Matches,2021-2022
22,Stuart Armstrong,sct SCO,MF,Southampton,29,1992,16.4,946,22,124,408,428,41,946,54,27,50.0,27,50.0,595,4052,1934,63,50,12,40,27,661,78,Matches,2021-2022
23,Kepa Arrizabalaga,es ESP,GK,Chelsea,26,1994,4.0,146,125,146,0,0,0,146,0,0,,0,,101,389,218,0,0,0,0,0,80,0,Matches,2021-2022
24,Harrison Ashby,sct SCO,DF,West Ham,19,2001,0.1,9,1,3,1,5,0,9,0,0,,0,,5,35,6,0,0,0,0,0,6,0,Matches,2021-2022
25,Pierre-Emerick Aubameyang,ga GAB,FW,Arsenal,32,1989,11.5,319,2,33,117,171,50,317,7,2,28.6,5,71.4,142,779,456,21,9,10,16,4,220,47,Matches,2021-2022
26,Jordan Ayew,gh GHA,FW,Crystal Palace,29,1991,22.4,1087,15,149,514,450,67,1087,71,34,47.9,37,52.1,696,4590,2316,98,49,24,84,77,779,151,Matches,2021-2022
27,Luke Ayling,eng ENG,DF,Leeds United,29,1991,25.2,1884,178,905,758,244,35,1884,37,23,62.2,14,37.8,1002,5566,3583,45,23,2,42,10,1147,51,Matches,2021-2022
28,César Azpilicueta,es ESP,DF,Chelsea,31,1989,23.0,2017,112,616,932,480,53,2017,19,15,78.9,4,21.1,1098,4607,2789,49,33,7,21,10,1420,132,Matches,2021-2022
29,Daniel Bachmann,at AUT,GK,Watford,27,1994,12.0,401,325,399,2,0,0,401,1,1,100.0,0,0.0,214,1241,835,0,0,0,0,0,148,0,Matches,2021-2022
30,Leon Bailey,jm JAM,"FW,MF",Aston Villa,23,1997,8.5,348,3,29,119,206,35,348,29,13,44.8,16,55.2,232,1679,693,34,14,10,33,24,244,61,Matches,2021-2022
31,Eric Bailly,ci CIV,DF,Manchester Utd,27,1994,2.4,114,25,73,38,3,0,114,1,0,0.0,1,100.0,55,340,155,1,0,0,3,1,59,0,Matches,2021-2022
32,Folarin Balogun,us USA,FW,Arsenal,20,2001,0.8,22,1,2,7,13,6,22,2,0,0.0,2,100.0,8,22,8,0,0,0,4,0,14,4,Matches,2021-2022
33,Patrick Bamford,eng ENG,FW,Leeds United,27,1993,6.2,173,10,15,83,76,33,173,7,4,57.1,3,42.9,92,486,196,8,4,3,18,3,111,24,Matches,2021-2022
34,Shandon Baptiste,gd GRN,MF,Brentford,23,1998,10.1,418,15,83,216,126,15,418,28,19,67.9,9,32.1,252,1225,603,14,13,4,21,12,269,29,Matches,2021-2022
35,Ross Barkley,eng ENG,"MF,FW",Chelsea,27,1993,2.0,153,0,6,49,98,7,153,8,7,87.5,1,12.5,94,715,373,14,10,0,3,7,124,17,Matches,2021-2022
36,Ashley Barnes,eng ENG,FW,Burnley,31,1989,9.0,302,6,22,163,120,25,301,8,5,62.5,3,37.5,139,530,215,5,5,1,37,22,224,47,Matches,2021-2022
37,Harvey Barnes,eng ENG,"FW,MF",Leicester City,23,1997,23.3,1052,17,115,361,589,130,1052,75,31,41.3,44,58.7,732,5181,2962,107,61,48,58,43,834,237,Matches,2021-2022
38,Lewis Bate,eng ENG,MF,Leeds United,18,2002,1.6,86,3,27,51,9,0,86,5,1,20.0,4,80.0,47,267,57,0,2,0,9,2,53,1,Matches,2021-2022
39,Mads Bech Sørensen,dk DEN,DF,Brentford,22,1999,9.3,576,65,291,218,71,6,576,1,0,0.0,1,100.0,296,1631,1014,9,4,0,2,0,325,4,Matches,2021-2022
40,Jan Bednarek,pl POL,DF,Southampton,25,1996,29.2,1828,206,865,904,72,33,1828,1,1,100.0,0,0.0,873,3515,1642,0,8,0,7,4,993,5,Matches,2021-2022
41,Donny van de Beek,nl NED,MF,Manchester Utd,24,1997,0.8,56,2,22,19,17,3,56,5,1,20.0,4,80.0,25,116,27,0,1,0,3,3,31,4,Matches,2021-2022
42,Donny van de Beek,nl NED,MF,Everton,24,1997,5.4,306,11,56,179,74,7,306,9,3,33.3,6,66.7,149,568,264,3,4,0,5,6,180,10,Matches,2021-2022
43,Asmir Begović,ba BIH,GK,Everton,34,1987,3.0,97,90,97,0,0,0,97,0,0,,0,,34,240,138,0,0,0,0,0,26,0,Matches,2021-2022
44,Saïd Benrahma,dz ALG,"FW,MF",West Ham,25,1995,24.1,1121,12,136,422,577,87,1121,80,37,46.3,43,53.8,725,4411,2034,73,42,26,62,30,807,222,Matches,2021-2022
45,Rodrigo Bentancur,uy URU,MF,Tottenham,24,1997,15.1,1184,59,255,747,193,15,1184,20,14,70.0,6,30.0,760,3623,1781,20,21,2,12,13,898,11,Matches,2021-2022
46,Christian Benteke,be BEL,FW,Crystal Palace,30,1990,12.7,450,38,61,196,197,72,450,13,9,69.2,4,30.8,203,947,391,15,8,9,39,17,345,79,Matches,2021-2022
47,Jóhann Berg Guðmundsson,is ISL,MF,Burnley,30,1990,12.2,474,20,77,176,229,22,474,22,14,63.6,8,36.4,270,1466,653,27,20,3,15,19,295,75,Matches,2021-2022
48,Steven Bergwijn,nl NED,"FW,MF",Tottenham,23,1997,6.3,258,5,33,91,142,40,258,20,10,50.0,10,50.0,171,1294,728,26,16,10,28,14,203,53,Matches,2021-2022
49,Ryan Bertrand,eng ENG,DF,Leicester City,31,1989,3.7,229,16,65,113,53,4,229,0,0,,0,,101,412,192,2,2,1,6,4,124,8,Matches,2021-2022
50,Mads Bidstrup,dk DEN,MF,Brentford,20,2001,0.5,20,2,8,10,2,0,20,0,0,,0,,6,21,10,0,0,0,2,1,9,0,Matches,2021-2022
51,Yves Bissouma,ml MLI,MF,Brighton,24,1996,23.5,1505,90,373,902,249,13,1505,51,34,66.7,17,33.3,839,5063,2211,40,39,7,32,25,978,16,Matches,2021-2022
52,Willy Boly,ci CIV,DF,Wolves,30,1991,10.0,663,76,373,278,17,6,663,6,3,50.0,3,50.0,367,1637,853,6,7,1,3,3,432,0,Matches,2021-2022
53,Jarrod Bowen,eng ENG,FW,West Ham,24,1996,33.1,1225,27,171,460,625,139,1225,88,50,56.8,38,43.2,710,4968,1928,74,43,43,65,52,769,204,Matches,2021-2022
54,Jarrad Branthwaite,eng ENG,DF,Everton,19,2002,4.3,158,24,77,79,5,2,158,2,1,50.0,1,50.0,62,242,125,1,0,0,4,1,72,0,Matches,2021-2022
55,Armando Broja,al ALB,FW,Southampton,19,2001,21.9,673,15,51,278,360,101,673,70,33,47.1,37,52.9,364,2447,1247,56,28,33,68,50,488,114,Matches,2021-2022
56,Josh Brownhill,eng ENG,MF,Burnley,25,1995,32.8,1528,77,321,828,401,32,1528,30,15,50.0,15,50.0,614,2557,992,18,29,6,40,18,749,37,Matches,2021-2022
57,Lewis Brunt,eng ENG,MF,Leicester City,20,2000,0.3,26,0,0,22,4,1,26,1,1,100.0,0,0.0,22,99,36,1,0,0,1,2,22,2,Matches,2021-2022
58,Emi Buendía,ar ARG,"MF,FW",Aston Villa,24,1996,21.1,1146,27,134,548,476,69,1146,64,40,62.5,24,37.5,673,3378,1622,40,41,7,42,41,806,84,Matches,2021-2022
59,Dan Burn,eng ENG,DF,Newcastle Utd,29,1992,16.0,782,129,417,326,42,22,782,0,0,,0,,340,1761,738,6,3,1,4,3,384,2,Matches,2021-2022
60,Dan Burn,eng ENG,DF,Brighton,29,1992,11.4,797,92,378,378,45,12,797,3,0,0.0,3,100.0,455,1946,1030,9,8,1,7,1,506,3,Matches,2021-2022
61,Jack Butland,eng ENG,GK,Crystal Palace,28,1993,8.5,296,259,295,1,0,0,296,0,0,,0,,162,755,337,0,0,0,0,0,138,0,Matches,2021-2022
62,Sam Byram,eng ENG,DF,Norwich City,27,1993,11.4,669,82,309,250,115,15,669,8,3,37.5,5,62.5,317,1495,692,11,7,2,8,4,332,16,Matches,2021-2022
63,Willy Caballero,ar ARG,GK,Southampton,39,1981,2.0,69,47,69,0,0,0,69,0,0,,0,,31,215,112,0,0,0,0,0,32,0,Matches,2021-2022
64,Moisés Caicedo,ec ECU,MF,Brighton,19,2001,7.3,358,21,81,193,91,13,358,10,7,70.0,3,30.0,179,736,405,9,9,1,10,10,206,8,Matches,2021-2022
65,Dominic Calvert-Lewin,eng ENG,FW,Everton,24,1997,14.3,448,15,41,194,213,52,445,11,2,18.2,9,81.8,194,879,217,9,3,2,50,13,328,50,Matches,2021-2022
66,Chem Campbell,wls WAL,MF,Wolves,18,2002,0.1,11,0,0,3,8,1,11,0,0,,0,,5,30,11,0,0,0,0,0,9,4,Matches,2021-2022
67,João Cancelo,pt POR,DF,Manchester City,27,1994,35.9,3769,67,618,1931,1245,101,3769,106,56,52.8,50,47.2,2411,11313,5785,125,129,36,45,24,2749,270,Matches,2021-2022
68,Sergi Canós,es ESP,"DF,FW",Brentford,24,1997,23.1,1070,64,303,444,339,50,1070,50,23,46.0,27,54.0,581,3331,1833,52,44,12,47,25,601,100,Matches,2021-2022
69,Todd Cantwell,eng ENG,"FW,MF",Norwich City,23,1998,4.9,205,4,48,102,56,5,205,10,5,50.0,5,50.0,128,604,200,2,5,1,15,8,143,17,Matches,2021-2022
70,Matty Cash,pl POL,DF,Aston Villa,23,1997,37.5,2093,140,713,868,538,92,2093,59,33,55.9,26,44.1,1007,5923,2897,89,54,20,56,31,1030,174,Matches,2021-2022
71,Timothy Castagne,be BEL,DF,Leicester City,25,1995,23.6,1600,98,551,757,295,21,1600,19,6,31.6,13,68.4,781,3239,1657,32,22,0,27,11,947,115,Matches,2021-2022
72,Jonny Castro,es ESP,DF,Wolves,27,1994,11.4,735,22,194,348,202,21,735,25,14,56.0,11,44.0,404,2109,1081,25,16,9,21,20,483,56,Matches,2021-2022
73,Craig Cathcart,nir NIR,DF,Watford,32,1989,26.6,1209,204,662,497,55,11,1209,1,0,0.0,1,100.0,554,2073,917,6,6,0,6,2,636,0,Matches,2021-2022
74,Edinson Cavani,uy URU,FW,Manchester Utd,34,1987,8.5,298,12,54,131,114,30,298,5,4,80.0,1,20.0,144,358,111,2,5,2,12,4,217,32,Matches,2021-2022
75,Kayky Chagas,br BRA,FW,Manchester City,18,2003,0.1,3,0,0,1,2,0,3,0,0,,0,,3,38,20,1,1,0,1,0,3,1,Matches,2021-2022
76,Trevoh Chalobah,eng ENG,DF,Chelsea,22,1999,16.1,1442,68,478,833,138,10,1442,12,10,83.3,2,16.7,816,3176,1703,24,34,0,10,7,1070,14,Matches,2021-2022
77,Calum Chambers,eng ENG,DF,Arsenal,26,1995,1.9,123,17,51,56,17,1,123,0,0,,0,,60,164,81,0,1,0,1,1,67,5,Matches,2021-2022
78,Calum Chambers,eng ENG,DF,Aston Villa,26,1995,9.2,573,100,328,224,25,8,573,1,0,0.0,1,100.0,344,1525,910,3,1,0,3,1,356,1,Matches,2021-2022
79,Daniel Chesters,eng ENG,MF,West Ham,19,2002,0.0,0,0,0,0,0,0,0,0,0,,0,,0,0,0,0,0,0,0,0,0,0,Matches,2021-2022
80,Ben Chilwell,eng ENG,DF,Chelsea,24,1996,6.0,420,9,85,143,195,24,420,6,3,50.0,3,50.0,207,925,485,14,7,4,13,3,258,46,Matches,2021-2022
81,Chiquinho,pt POR,"DF,FW",Wolves,21,2000,2.3,147,2,23,52,75,16,147,17,10,58.8,7,41.2,92,650,236,10,4,6,9,6,101,35,Matches,2021-2022
82,Hamza Choudhury,bd BAN,"DF,MF",Leicester City,23,1997,3.2,206,18,94,105,8,2,206,3,2,66.7,1,33.3,94,359,118,0,4,1,8,2,124,1,Matches,2021-2022
83,Andreas Christensen,dk DEN,DF,Chelsea,25,1996,16.6,1477,147,645,772,68,5,1477,4,4,100.0,0,0.0,823,3835,2215,14,15,0,3,1,1058,5,Matches,2021-2022
84,Carney Chukwuemeka,eng ENG,"MF,FW",Aston Villa,17,2003,3.3,167,3,22,89,58,11,167,10,6,60.0,4,40.0,111,710,323,9,6,5,9,6,123,14,Matches,2021-2022
85,Ciaran Clark,ie IRL,DF,Newcastle Utd,31,1989,11.3,464,73,258,175,33,22,464,5,4,80.0,1,20.0,231,807,361,2,3,0,3,2,259,6,Matches,2021-2022
86,Tom Cleverley,eng ENG,MF,Watford,31,1989,18.0,803,34,176,394,241,10,803,6,3,50.0,3,50.0,348,1052,397,8,13,5,16,16,440,40,Matches,2021-2022
87,Nathaniel Clyne,eng ENG,DF,Crystal Palace,30,1991,15.0,827,39,310,384,140,1,827,6,4,66.7,2,33.3,377,1769,840,14,9,0,10,4,443,25,Matches,2021-2022
88,Conor Coady,eng ENG,DF,Wolves,28,1993,37.3,1971,419,1300,649,31,19,1971,1,1,100.0,0,0.0,1144,5288,2626,6,3,1,6,1,1373,3,Matches,2021-2022
89,Séamus Coleman,ie IRL,DF,Everton,32,1988,29.5,1549,123,501,733,335,32,1549,49,34,69.4,15,30.6,697,3773,1872,40,30,4,30,20,713,77,Matches,2021-2022
90,Nathan Collins,ie IRL,DF,Burnley,20,2001,18.6,882,149,433,376,81,38,882,8,5,62.5,3,37.5,382,2003,944,7,6,2,10,4,375,8,Matches,2021-2022
91,Aaron Connolly,ie IRL,"FW,MF",Brighton,21,2000,1.7,33,0,0,13,20,4,33,2,0,0.0,2,100.0,22,121,38,3,0,0,2,2,22,7,Matches,2021-2022
92,Liam Cooper,sct SCO,DF,Leeds United,29,1991,20.2,1405,152,857,530,27,13,1405,4,3,75.0,1,25.0,748,3635,2147,7,3,0,9,1,822,2,Matches,2021-2022
93,Jack Cork,eng ENG,MF,Burnley,32,1989,18.6,740,39,130,492,121,10,740,13,7,53.8,6,46.2,309,1204,430,12,7,0,18,20,389,12,Matches,2021-2022
94,Maxwel Cornet,ci CIV,"FW,MF",Burnley,24,1996,19.6,664,17,95,212,364,81,663,38,13,34.2,25,65.8,355,1771,790,28,13,11,61,33,424,125,Matches,2021-2022
95,Hélder Costa,ao ANG,MF,Leeds United,27,1994,0.2,9,0,2,4,3,0,9,0,0,,0,,6,18,1,0,0,0,1,0,6,2,Matches,2021-2022
96,Vladimír Coufal,cz CZE,DF,West Ham,28,1992,24.5,1681,110,454,700,539,30,1681,23,15,65.2,8,34.8,778,4242,1992,51,38,5,30,15,888,119,Matches,2021-2022
97,Philippe Coutinho,br BRA,"MF,FW",Aston Villa,29,1992,14.8,815,7,57,441,330,47,815,43,21,48.8,22,51.2,568,3066,1595,48,36,9,35,20,632,62,Matches,2021-2022
98,Aaron Cresswell,eng ENG,DF,West Ham,31,1989,30.3,2312,126,674,1078,576,22,2312,17,8,47.1,9,52.9,1305,5741,2727,54,45,2,14,4,1497,99,Matches,2021-2022
99,Charlie Cresswell,eng ENG,DF,Leeds United,18,2002,1.6,124,11,71,50,3,1,124,0,0,,0,,68,394,271,1,0,0,1,0,77,0,Matches,2021-2022
100,Cucho,co COL,"FW,MF",Watford,22,1999,12.7,545,19,78,196,277,39,545,39,18,46.2,21,53.8,308,1647,797,22,19,5,23,14,352,85,Matches,2021-2022
101,Marc Cucurella,es ESP,DF,Brighton,23,1998,34.3,2717,115,683,1205,848,53,2717,55,28,50.9,27,49.1,1431,6642,4085,104,64,8,40,15,1638,208,Matches,2021-2022
102,Luke Cundle,eng ENG,MF,Wolves,19,2002,2.0,116,3,30,68,18,1,116,1,0,0.0,1,100.0,48,188,103,3,1,0,2,1,86,3,Matches,2021-2022
103,Patson Daka,zm ZAM,FW,Leicester City,22,1998,12.9,370,10,31,170,171,50,370,16,3,18.8,13,81.3,195,766,299,10,4,3,42,18,244,66,Matches,2021-2022
104,Stuart Dallas,nir NIR,"DF,MF",Leeds United,30,1991,32.4,2056,103,665,923,504,28,2056,43,29,67.4,14,32.6,985,5629,3146,82,53,8,39,25,1113,79,Matches,2021-2022
105,Diogo Dalot,pt POR,DF,Manchester Utd,22,1999,20.0,1422,86,450,649,337,27,1422,25,17,68.0,8,32.0,734,3825,2193,53,29,13,25,8,826,75,Matches,2021-2022
106,Karl Darlow,wls WAL,GK,Newcastle Utd,30,1990,8.0,266,214,262,4,0,0,266,0,0,,0,,137,793,437,0,0,0,0,0,92,0,Matches,2021-2022
107,Josh Dasilva,eng ENG,"MF,FW",Brentford,22,1998,2.9,123,10,28,54,42,6,123,11,7,63.6,4,36.4,74,562,333,10,6,3,5,5,66,10,Matches,2021-2022
108,Ben Davies,wls WAL,DF,Tottenham,28,1993,28.2,1888,140,727,906,266,31,1888,11,7,63.6,4,36.4,1211,7055,4295,62,61,0,22,10,1344,60,Matches,2021-2022
109,Tom Davies,eng ENG,MF,Everton,23,1998,2.6,124,10,31,62,32,9,124,3,2,66.7,1,33.3,59,206,79,1,0,1,6,1,68,3,Matches,2021-2022
110,Keinan Davis,eng ENG,FW,Aston Villa,23,1998,0.1,5,0,0,3,2,0,5,0,0,,0,,7,13,6,0,0,0,2,1,7,1,Matches,2021-2022
111,Craig Dawson,eng ENG,DF,West Ham,31,1990,30.6,1606,273,844,691,73,45,1606,4,4,100.0,0,0.0,892,3899,2085,4,4,0,10,5,970,3,Matches,2021-2022
112,Kevin De Bruyne,be BEL,MF,Manchester City,30,1991,24.5,1821,25,127,685,1027,107,1821,55,31,56.4,24,43.6,1126,5397,3213,84,85,20,40,20,1350,175,Matches,2021-2022
113,Troy Deeney,eng ENG,FW,Watford,33,1988,0.3,12,2,2,1,9,5,12,0,0,,0,,2,5,3,0,0,0,1,0,10,5,Matches,2021-2022
114,Liam Delap,eng ENG,FW,Manchester City,18,2003,0.1,1,0,0,1,0,0,1,0,0,,0,,1,1,0,0,0,0,0,0,1,0,Matches,2021-2022
115,Fabian Delph,eng ENG,MF,Everton,31,1989,7.4,382,20,103,231,50,0,382,7,5,71.4,2,28.6,215,868,337,2,2,0,8,0,226,3,Matches,2021-2022
116,Leander Dendoncker,be BEL,MF,Wolves,26,1995,21.7,1024,59,282,542,203,33,1024,10,5,50.0,5,50.0,461,1863,722,9,14,0,25,9,651,45,Matches,2021-2022
117,Emmanuel Dennis,ng NGA,"FW,MF",Watford,23,1997,28.7,1078,22,134,414,556,131,1078,156,68,43.6,88,56.4,644,4553,2346,90,53,48,107,63,706,172,Matches,2021-2022
118,Kiernan Dewsbury-Hall,eng ENG,MF,Leicester City,22,1998,23.4,1516,47,286,756,498,41,1516,49,30,61.2,19,38.8,910,5877,3083,82,66,7,56,46,1076,98,Matches,2021-2022
119,Ibrahima Diallo,fr FRA,MF,Southampton,22,1999,11.4,546,23,93,318,143,10,546,21,16,76.2,5,23.8,321,1717,855,17,24,1,18,13,360,20,Matches,2021-2022
120,Rúben Dias,pt POR,DF,Manchester City,24,1997,26.7,2471,151,777,1606,92,33,2471,4,2,50.0,2,50.0,1715,9468,6448,33,17,0,9,3,1977,4,Matches,2021-2022
121,Luis Díaz,co COL,FW,Liverpool,24,1997,10.6,595,4,32,219,349,77,595,49,31,63.3,18,36.7,399,2712,1293,53,22,31,27,26,476,127,Matches,2021-2022
122,Eric Dier,eng ENG,DF,Tottenham,27,1994,34.1,2610,421,1452,1111,57,23,2610,2,1,50.0,1,50.0,1737,9384,5011,13,13,3,5,2,1971,6,Matches,2021-2022
123,Lucas Digne,fr FRA,DF,Aston Villa,28,1993,14.1,978,63,285,332,369,21,978,13,3,23.1,10,76.9,495,2252,1148,34,28,3,13,13,544,121,Matches,2021-2022
124,Lucas Digne,fr FRA,DF,Everton,28,1993,13.0,829,44,277,305,258,15,829,17,8,47.1,9,52.9,356,2006,936,25,16,1,9,6,389,47,Matches,2021-2022
125,Issa Diop,fr FRA,DF,West Ham,24,1997,10.7,572,81,312,254,11,7,572,0,0,,0,,311,1630,859,4,0,0,2,1,353,1,Matches,2021-2022
126,Moussa Djenepo,ml MLI,MF,Southampton,23,1998,5.1,246,7,32,93,123,26,246,29,12,41.4,17,58.6,155,1221,522,20,8,13,23,9,150,30,Matches,2021-2022
127,Lewis Dobbin,eng ENG,"FW,MF",Everton,18,2003,0.4,13,0,1,7,5,2,13,1,0,0.0,1,100.0,10,75,41,1,0,2,1,1,8,2,Matches,2021-2022
128,Matt Doherty,ie IRL,DF,Tottenham,29,1992,9.7,644,35,183,260,204,32,644,10,6,60.0,4,40.0,382,2090,1017,29,16,9,17,6,420,80,Matches,2021-2022
129,Abdoulaye Doucouré,ml MLI,MF,Everton,28,1993,28.2,1390,63,329,745,339,44,1390,41,21,51.2,20,48.8,694,3500,1770,33,28,6,43,22,764,54,Matches,2021-2022
130,Kieran Dowell,eng ENG,"FW,MF",Norwich City,23,1997,10.1,415,6,60,171,189,13,415,14,7,50.0,7,50.0,218,1086,437,14,8,3,13,15,284,49,Matches,2021-2022
131,Cody Drameh,eng ENG,"DF,MF",Leeds United,19,2001,1.4,101,4,40,42,19,2,101,4,2,50.0,2,50.0,37,216,78,3,2,0,5,0,45,3,Matches,2021-2022
132,Martin Dúbravka,sk SVK,GK,Newcastle Utd,32,1989,26.0,895,688,887,9,0,0,895,0,0,,0,,462,2679,1338,0,0,0,0,0,324,0,Matches,2021-2022
133,Shane Duffy,ie IRL,DF,Brighton,29,1992,16.0,1218,189,678,492,52,31,1218,1,1,100.0,0,0.0,627,2379,1312,3,7,0,7,0,851,3,Matches,2021-2022
134,Paul Dummett,wls WAL,DF,Newcastle Utd,29,1991,2.2,96,9,33,51,12,0,96,0,0,,0,,33,128,36,0,1,0,1,0,37,2,Matches,2021-2022
135,Lewis Dunk,eng ENG,DF,Brighton,29,1991,28.6,2197,281,1180,949,76,37,2197,4,4,100.0,0,0.0,1306,5934,2863,14,7,2,11,3,1575,3,Matches,2021-2022
136,Ederson,br BRA,GK,Manchester City,27,1993,37.0,1169,906,1159,10,0,0,1169,0,0,,0,,795,3425,2214,0,0,0,0,0,714,0,Matches,2021-2022
137,Odsonne Édouard,fr FRA,FW,Crystal Palace,23,1998,17.4,679,20,71,303,316,82,678,67,30,44.8,37,55.2,381,2143,1122,42,24,16,62,27,479,109,Matches,2021-2022
138,CJ Egan-Riley,eng ENG,DF,Manchester City,18,2003,0.0,1,1,1,0,0,0,1,0,0,,0,,0,0,0,0,0,0,0,0,0,0,Matches,2021-2022
139,Anthony Elanga,se SWE,FW,Manchester Utd,19,2002,13.5,619,11,111,214,296,56,619,31,11,35.5,20,64.5,354,2063,993,32,24,10,37,15,447,114,Matches,2021-2022
140,Harvey Elliott,eng ENG,MF,Liverpool,18,2003,3.8,302,1,23,130,151,19,302,9,2,22.2,7,77.8,174,882,486,10,15,2,8,0,226,38,Matches,2021-2022
141,Mohamed Elneny,eg EGY,MF,Arsenal,29,1992,9.0,630,33,145,391,97,3,630,1,0,0.0,1,100.0,365,1508,713,5,4,1,4,3,467,2,Matches,2021-2022
142,Mohamed Elyounoussi,no NOR,"MF,FW",Southampton,26,1994,22.7,933,37,133,370,443,84,933,45,28,62.2,17,37.8,485,3240,1513,59,52,13,63,38,594,124,Matches,2021-2022
143,Emerson,br BRA,"DF,MF",Tottenham,22,1999,25.4,1765,98,579,666,530,56,1765,34,17,50.0,17,50.0,911,4344,2277,68,28,8,27,18,1019,175,Matches,2021-2022
144,Christian Eriksen,dk DEN,MF,Brentford,29,1992,10.4,740,18,137,374,238,12,740,16,8,50.0,8,50.0,409,1889,1044,21,16,3,18,9,475,22,Matches,2021-2022
145,Oghenekaro Etebo,ng NGA,MF,Watford,25,1995,4.5,204,15,65,130,12,0,204,10,6,60.0,4,40.0,106,548,248,3,1,0,3,2,123,1,Matches,2021-2022
146,Jonny Evans,nir NIR,DF,Leicester City,33,1988,15.0,1147,154,632,484,38,12,1147,3,2,66.7,1,33.3,657,2803,1537,1,3,0,4,0,747,4,Matches,2021-2022
147,Eberechi Eze,eng ENG,"MF,FW",Crystal Palace,23,1998,6.7,376,4,48,190,143,11,376,23,14,60.9,9,39.1,222,1381,662,20,16,3,20,10,262,38,Matches,2021-2022
148,Łukasz Fabiański,pl POL,GK,West Ham,36,1985,37.0,1084,978,1081,3,0,0,1084,0,0,,0,,593,3722,2293,0,0,0,0,1,414,0,Matches,2021-2022
149,Fabinho,br BRA,MF,Liverpool,27,1993,25.7,1788,42,343,1175,281,21,1786,15,11,73.3,4,26.7,942,3953,1874,18,27,1,24,13,1231,37,Matches,2021-2022
150,Kiko Femenía,es ESP,DF,Watford,30,1991,23.8,1431,101,455,569,418,11,1431,14,7,50.0,7,50.0,611,3099,1626,40,34,6,41,7,667,48,Matches,2021-2022
151,Evan Ferguson,ie IRL,MF,Brighton,16,2004,0.3,7,0,0,2,5,1,7,0,0,,0,,1,0,0,0,0,0,1,0,7,1,Matches,2021-2022
152,Nathan Ferguson,eng ENG,DF,Crystal Palace,20,2000,0.1,5,0,4,1,0,0,5,0,0,,0,,1,5,0,0,0,0,0,0,1,0,Matches,2021-2022
153,Bruno Fernandes,pt POR,MF,Manchester Utd,26,1994,34.6,2445,64,359,1135,965,100,2443,52,26,50.0,26,50.0,1450,6657,3514,78,65,24,46,40,1799,190,Matches,2021-2022
154,Álvaro Fernández,es ESP,GK,Brentford,23,1998,12.0,546,422,540,6,0,0,546,0,0,,0,,340,1672,890,0,0,0,1,0,280,0,Matches,2021-2022
155,Federico Fernández,ar ARG,DF,Newcastle Utd,32,1989,5.8,265,53,157,100,11,8,265,0,0,,0,,152,619,311,0,0,0,1,0,169,1,Matches,2021-2022
156,Fernandinho,br BRA,"MF,DF",Manchester City,36,1985,10.7,927,35,172,622,137,17,927,11,9,81.8,2,18.2,637,2931,1483,16,18,0,6,7,742,11,Matches,2021-2022
157,Roberto Firmino,br BRA,FW,Liverpool,29,1991,11.0,664,4,49,302,322,68,664,33,17,51.5,16,48.5,370,1882,883,27,24,6,33,25,500,100,Matches,2021-2022
158,Junior Firpo,do DOM,"DF,MF",Leeds United,24,1996,19.0,1152,60,346,562,257,38,1152,28,16,57.1,12,42.9,585,2858,1718,36,29,2,17,7,670,72,Matches,2021-2022
159,Ashley Fletcher,eng ENG,FW,Watford,25,1995,0.3,14,1,2,5,7,2,14,0,0,,0,,10,53,31,1,1,1,1,1,10,1,Matches,2021-2022
160,Phil Foden,eng ENG,FW,Manchester City,21,2000,23.6,1303,6,66,426,820,137,1303,58,37,63.8,21,36.2,872,4436,1941,71,43,39,48,34,1023,248,Matches,2021-2022
161,Wesley Fofana,fr FRA,DF,Leicester City,20,2000,7.0,594,55,305,275,19,5,594,3,3,100.0,0,0.0,434,2958,1710,10,9,1,5,2,439,1,Matches,2021-2022
162,Pablo Fornals,es ESP,"FW,MF",West Ham,25,1996,31.1,1731,33,262,819,665,65,1731,54,23,42.6,31,57.4,981,4917,2219,49,37,11,47,28,1184,200,Matches,2021-2022
163,Adam Forshaw,eng ENG,MF,Leeds United,29,1991,17.0,995,25,265,578,167,9,995,19,12,63.2,7,36.8,539,2507,1137,19,12,2,24,11,629,26,Matches,2021-2022
164,Marcus Forss,fi FIN,"FW,MF",Brentford,22,1999,2.3,69,0,2,39,28,6,69,4,1,25.0,3,75.0,29,126,44,2,0,0,9,1,37,12,Matches,2021-2022
165,Fraser Forster,eng ENG,GK,Southampton,33,1988,19.0,673,513,669,4,0,0,673,0,0,,0,,336,2160,1197,0,0,0,0,0,260,0,Matches,2021-2022
166,Ben Foster,eng ENG,GK,Watford,38,1983,26.0,940,719,925,16,0,0,940,1,1,100.0,0,0.0,450,2800,1448,0,0,0,0,0,338,0,Matches,2021-2022
167,Tariqe Fosu,gh GHA,DF,Brentford,25,1995,0.2,10,0,0,3,7,3,10,0,0,,0,,7,62,53,3,1,1,0,0,8,4,Matches,2021-2022
168,Ryan Fraser,sct SCO,"FW,MF",Newcastle Utd,27,1994,16.3,590,22,102,192,301,42,590,4,1,25.0,3,75.0,370,1823,970,35,23,11,22,11,410,86,Matches,2021-2022
169,Fred,br BRA,MF,Manchester Utd,28,1993,22.5,1623,65,392,965,275,17,1623,36,21,58.3,15,41.7,840,3252,1564,17,16,1,41,25,1093,41,Matches,2021-2022
170,Ryan Fredericks,eng ENG,DF,West Ham,28,1992,3.4,172,14,50,78,44,2,172,1,0,0.0,1,100.0,87,343,188,4,3,0,2,1,99,14,Matches,2021-2022
171,Leo Fuhr Hjelde,no NOR,"MF,DF",Leeds United,17,2003,1.7,130,9,55,60,16,1,130,0,0,,0,,59,178,89,1,1,0,2,0,63,4,Matches,2021-2022
172,Conor Gallagher,eng ENG,MF,Crystal Palace,21,2000,31.6,1578,45,285,737,579,80,1578,75,42,56.0,33,44.0,829,3922,1514,42,23,12,62,50,933,118,Matches,2021-2022
173,Alejandro Garnacho,ar ARG,"FW,MF",Manchester Utd,17,2004,0.1,3,0,0,2,1,0,3,0,0,,0,,3,20,10,0,0,0,0,0,3,0,Matches,2021-2022
174,Dwight Gayle,eng ENG,"FW,DF",Newcastle Utd,30,1990,0.4,22,0,0,10,12,3,22,0,0,,0,,8,34,26,0,1,0,1,0,17,4,Matches,2021-2022
175,Jean-Philippe Gbamin,ci CIV,MF,Everton,25,1995,0.7,31,1,7,23,1,0,31,3,2,66.7,1,33.3,15,106,51,1,0,0,2,2,21,0,Matches,2021-2022
176,David de Gea,es ESP,GK,Manchester Utd,30,1990,38.0,1020,928,1019,1,0,0,1020,0,0,,0,,466,2450,1468,0,0,0,0,0,371,0,Matches,2021-2022
177,Joe Gelhardt,eng ENG,"FW,MF",Leeds United,19,2002,8.3,274,5,17,123,137,44,274,29,17,58.6,12,41.4,158,869,463,17,12,11,30,19,199,55,Matches,2021-2022
178,Anwar El Ghazi,nl NED,"FW,MF",Aston Villa,26,1995,4.3,181,4,18,58,110,14,180,10,4,40.0,6,60.0,114,754,314,13,7,5,22,7,134,38,Matches,2021-2022
179,Anwar El Ghazi,nl NED,"FW,MF",Everton,26,1995,0.1,14,0,1,5,8,2,14,1,0,0.0,1,100.0,6,96,14,2,0,2,1,0,8,2,Matches,2021-2022
180,Saman Ghoddos,ir IRN,"MF,DF",Brentford,27,1993,6.0,296,17,60,125,118,19,296,7,5,71.4,2,28.6,147,591,337,7,3,1,14,4,159,40,Matches,2021-2022
181,Dimitris Giannoulis,gr GRE,DF,Norwich City,25,1995,13.0,894,68,339,395,173,10,894,46,29,63.0,17,37.0,479,2788,1726,33,16,4,24,11,484,58,Matches,2021-2022
182,Morgan Gibbs-White,eng ENG,"DF,FW",Wolves,21,2000,0.1,14,0,4,3,7,3,14,0,0,,0,,4,6,4,0,0,0,0,0,7,2,Matches,2021-2022
183,Ben Gibson,eng ENG,DF,Norwich City,28,1993,27.7,1640,336,1009,591,46,22,1640,7,5,71.4,2,28.6,966,4380,2686,11,8,0,6,2,1071,0,Matches,2021-2022
184,Bryan Gil,es ESP,"FW,MF",Tottenham,20,2001,1.0,79,2,10,13,56,3,79,6,4,66.7,2,33.3,53,350,220,6,4,0,6,2,60,17,Matches,2021-2022
185,Billy Gilmour,sct SCO,MF,Norwich City,20,2001,20.6,1423,44,359,778,301,5,1423,22,15,68.2,7,31.8,841,4409,1888,30,23,0,29,11,958,17,Matches,2021-2022
186,Ben Godfrey,eng ENG,DF,Everton,23,1998,22.5,1080,141,499,443,148,23,1080,12,9,75.0,3,25.0,456,2466,1280,23,24,0,24,4,521,26,Matches,2021-2022
187,André Gomes,pt POR,MF,Everton,28,1993,6.9,376,14,64,211,107,6,376,18,12,66.7,6,33.3,196,858,445,6,8,1,21,16,224,13,Matches,2021-2022
188,Toti Gomes,pt POR,DF,Wolves,22,1999,4.0,255,30,114,126,18,4,255,6,5,83.3,1,16.7,148,783,474,2,3,1,3,2,153,2,Matches,2021-2022
189,Joe Gomez,eng ENG,DF,Liverpool,24,1997,3.7,332,4,64,168,103,6,332,8,4,50.0,4,50.0,163,757,338,11,10,2,5,2,206,29,Matches,2021-2022
190,Charlie Goode,eng ENG,DF,Brentford,25,1995,5.0,339,20,114,160,66,10,339,7,5,71.4,2,28.6,145,755,419,5,3,0,3,1,164,9,Matches,2021-2022
191,Anthony Gordon,eng ENG,"MF,FW",Everton,20,2001,25.4,1116,21,163,386,592,78,1116,80,38,47.5,42,52.5,602,4905,2291,74,53,31,74,37,674,137,Matches,2021-2022
192,Kaide Gordon,eng ENG,FW,Liverpool,16,2004,0.1,7,0,0,4,3,0,7,1,0,0.0,1,100.0,3,34,14,1,0,0,0,1,6,3,Matches,2021-2022
193,Dan Gosling,eng ENG,MF,Watford,31,1990,1.8,83,9,29,38,18,4,83,2,2,100.0,0,0.0,45,262,102,2,1,1,2,1,50,5,Matches,2021-2022
194,Demarai Gray,jm JAM,"MF,FW",Everton,25,1996,26.0,1093,18,117,377,624,87,1093,106,55,51.9,50,47.2,655,5185,2405,93,59,38,70,36,717,169,Matches,2021-2022
195,Jack Grealish,eng ENG,FW,Manchester City,25,1995,21.3,1173,15,68,359,761,162,1173,68,40,58.8,28,41.2,906,7308,3915,153,74,83,31,29,997,267,Matches,2021-2022
196,Mason Greenwood,eng ENG,"FW,MF",Manchester Utd,19,2001,14.1,652,6,78,277,310,60,652,52,32,61.5,20,38.5,425,3069,1586,48,31,23,26,16,509,109,Matches,2021-2022
197,Sam Greenwood,eng ENG,"MF,FW",Leeds United,19,2002,2.6,106,2,14,61,33,6,106,5,2,40.0,3,60.0,55,252,88,3,2,1,1,0,59,10,Matches,2021-2022
198,Pascal Groß,de GER,"MF,DF",Brighton,30,1991,22.6,1537,43,227,697,618,61,1536,18,9,50.0,9,50.0,796,3313,1486,39,35,7,27,15,1001,141,Matches,2021-2022
199,Vicente Guaita,es ESP,GK,Crystal Palace,34,1987,29.5,1033,912,1030,3,0,0,1033,0,0,,0,,622,3147,1886,0,0,0,1,0,485,0,Matches,2021-2022
200,Marc Guéhi,eng ENG,DF,Crystal Palace,21,2000,35.8,2654,376,1512,1070,82,32,2654,13,12,92.3,1,7.7,1663,7932,4727,17,15,0,14,7,1925,7,Matches,2021-2022
201,Bruno Guimarães,br BRA,MF,Newcastle Utd,23,1997,11.5,701,31,162,377,176,21,701,40,22,55.0,18,45.0,426,2333,795,18,15,4,24,29,462,15,Matches,2021-2022
202,İlkay Gündoğan,de GER,MF,Manchester City,30,1990,20.6,1522,25,157,785,599,82,1522,35,24,68.6,11,31.4,902,4727,2052,60,45,13,25,19,1209,107,Matches,2021-2022
203,Angus Gunn,sct SCO,GK,Norwich City,25,1996,9.0,343,290,341,2,0,0,343,0,0,,0,,166,909,488,0,0,0,0,0,112,0,Matches,2021-2022
204,Grant Hanley,sct SCO,DF,Norwich City,29,1991,32.2,1702,369,1104,552,53,35,1702,3,1,33.3,2,66.7,850,3128,1390,2,5,0,9,1,942,3,Matches,2021-2022
205,Jack Harrison,eng ENG,"FW,MF",Leeds United,24,1996,29.3,1448,30,260,558,651,95,1448,114,54,47.4,60,52.6,858,5585,2996,120,60,35,87,66,948,234,Matches,2021-2022
206,Kortney Hause,eng ENG,DF,Aston Villa,26,1995,4.4,266,34,136,119,14,9,266,4,3,75.0,1,25.0,158,906,517,2,2,1,4,1,151,3,Matches,2021-2022
207,Kai Havertz,de GER,"FW,MF",Chelsea,22,1999,20.1,943,34,90,352,506,128,943,42,18,42.9,24,57.1,537,3107,1419,64,23,34,66,32,739,203,Matches,2021-2022
208,Isaac Hayden,eng ENG,"MF,DF",Newcastle Utd,26,1995,11.1,467,42,179,228,68,10,467,15,9,60.0,6,40.0,221,849,276,3,8,1,16,8,248,10,Matches,2021-2022
209,Hwang Hee-chan,kr KOR,"FW,MF",Wolves,25,1996,20.2,844,13,116,404,337,72,844,69,33,47.8,36,52.2,548,3734,1722,66,36,27,47,24,651,114,Matches,2021-2022
210,Jordan Henderson,eng ENG,MF,Liverpool,31,1990,28.9,2444,34,292,1468,694,38,2444,25,16,64.0,9,36.0,1405,6113,2738,54,47,5,28,12,1859,116,Matches,2021-2022
211,Jeff Hendrick,ie IRL,MF,Newcastle Utd,29,1992,0.8,37,1,3,26,8,1,37,1,0,0.0,1,100.0,22,95,28,1,0,0,2,1,26,1,Matches,2021-2022
212,Wayne Hennessey,wls WAL,GK,Burnley,34,1987,2.0,84,59,80,4,0,0,84,0,0,,0,,35,156,74,0,0,0,0,0,22,0,Matches,2021-2022
213,Rico Henry,eng ENG,DF,Brentford,24,1997,30.8,1542,95,502,620,436,40,1542,60,27,45.0,33,55.0,783,4164,1967,61,39,12,40,34,836,131,Matches,2021-2022
214,Son Heung-min,kr KOR,"MF,FW",Tottenham,29,1992,33.4,1545,15,146,564,867,146,1545,92,51,55.4,40,43.5,912,6351,3123,116,68,50,75,46,1078,242,Matches,2021-2022
215,Ki-Jana Hoever,nl NED,"DF,MF",Wolves,19,2002,3.4,200,9,52,97,51,3,200,7,4,57.1,3,42.9,86,520,280,9,2,4,2,4,106,22,Matches,2021-2022
216,Rob Holding,eng ENG,DF,Arsenal,25,1995,9.4,587,84,299,275,15,7,587,1,0,0.0,1,100.0,331,1150,661,4,1,0,4,3,368,0,Matches,2021-2022
217,Mason Holgate,eng ENG,DF,Everton,24,1996,23.7,1091,156,546,495,58,14,1091,4,2,50.0,2,50.0,477,2469,1334,4,7,1,3,7,507,2,Matches,2021-2022
218,Callum Hudson-Odoi,eng ENG,"MF,FW",Chelsea,20,2000,10.7,497,8,37,166,303,56,497,26,16,61.5,10,38.5,344,2593,1577,67,31,30,22,20,400,102,Matches,2021-2022
219,Will Hughes,eng ENG,MF,Crystal Palace,26,1995,11.7,653,24,162,358,143,4,653,12,8,66.7,4,33.3,324,1412,595,5,12,0,15,9,383,7,Matches,2021-2022
220,Pierre Højbjerg,dk DEN,MF,Tottenham,25,1995,35.5,2903,115,714,1776,444,30,2903,60,42,70.0,18,30.0,1765,8364,4032,46,42,7,32,22,2102,47,Matches,2021-2022
221,Adam Idah,ie IRL,"FW,MF",Norwich City,20,2001,6.9,232,11,27,92,116,30,232,20,12,60.0,8,40.0,138,924,245,11,3,3,23,13,163,48,Matches,2021-2022
222,Kelechi Iheanacho,ng NGA,FW,Leicester City,24,1996,14.0,531,11,46,232,260,50,531,33,16,48.5,17,51.5,314,1599,677,28,18,11,52,21,396,85,Matches,2021-2022
223,Danny Ings,eng ENG,FW,Aston Villa,29,1992,21.1,617,21,63,246,314,112,616,31,10,32.3,21,67.7,321,1568,625,24,15,8,50,21,394,117,Matches,2021-2022
224,Tim Iroegbunam,eng ENG,MF,Aston Villa,18,2003,1.0,36,1,7,26,3,1,36,0,0,,0,,16,109,60,1,0,0,0,0,14,0,Matches,2021-2022
225,Alex Iwobi,ng NGA,"MF,DF",Everton,25,1996,22.6,1052,40,234,396,436,61,1052,57,32,56.1,25,43.9,581,3314,1660,44,37,19,44,27,638,104,Matches,2021-2022
226,Daniel James,wls WAL,FW,Manchester Utd,23,1997,1.4,52,1,2,20,30,8,52,1,0,0.0,1,100.0,26,214,97,5,2,1,4,3,34,16,Matches,2021-2022
227,Daniel James,wls WAL,"FW,MF",Leeds United,23,1997,26.3,757,19,83,261,424,106,757,53,21,39.6,32,60.4,459,3337,1666,69,32,36,54,22,512,186,Matches,2021-2022
228,Reece James,eng ENG,DF,Chelsea,21,1999,20.7,1881,35,326,800,773,69,1881,47,36,76.6,11,23.4,1122,5150,2381,52,51,19,26,22,1343,203,Matches,2021-2022
229,Vitaly Janelt,de GER,MF,Brentford,23,1998,25.5,1253,62,365,597,296,46,1253,15,13,86.7,2,13.3,605,2731,1369,25,24,4,35,11,739,60,Matches,2021-2022
230,Pontus Jansson,se SWE,DF,Brentford,30,1991,36.9,1893,389,1176,650,71,57,1893,2,2,100.0,0,0.0,919,3896,2019,4,5,1,10,5,1025,5,Matches,2021-2022
231,Mathias Jensen,dk DEN,MF,Brentford,25,1996,17.8,968,30,191,488,304,27,968,24,15,62.5,9,37.5,482,2100,1008,14,21,0,26,15,559,54,Matches,2021-2022
232,Gabriel Jesus,br BRA,FW,Manchester City,24,1997,20.9,1023,12,81,315,634,161,1022,71,46,64.8,25,35.2,667,3637,1501,51,20,32,66,27,798,220,Matches,2021-2022
233,Raúl Jiménez,mx MEX,FW,Wolves,30,1991,29.2,1150,35,106,601,456,126,1149,87,36,41.4,51,58.6,644,3407,1278,40,37,21,99,57,850,163,Matches,2021-2022
234,João Pedro,br BRA,"FW,MF",Watford,19,2001,18.3,885,19,76,404,426,79,885,106,62,58.5,44,41.5,519,3595,1487,54,45,19,63,58,634,102,Matches,2021-2022
235,Joelinton,br BRA,"MF,FW",Newcastle Utd,24,1996,28.4,1395,83,297,692,429,78,1395,70,37,52.9,33,47.1,719,4203,1946,45,42,10,85,60,836,90,Matches,2021-2022
236,Ben Johnson,eng ENG,DF,West Ham,21,2000,15.5,952,85,337,410,212,9,952,10,7,70.0,3,30.0,455,2021,922,23,23,1,23,9,510,67,Matches,2021-2022
237,Curtis Jones,eng ENG,MF,Liverpool,20,2001,9.5,685,8,85,380,226,17,685,33,25,75.8,8,24.2,476,2572,1152,25,18,3,17,18,565,54,Matches,2021-2022
238,Phil Jones,eng ENG,DF,Manchester Utd,29,1992,1.8,101,17,48,50,4,0,101,1,1,100.0,0,0.0,58,214,103,1,0,0,1,0,63,0,Matches,2021-2022
239,Jorginho,it ITA,MF,Chelsea,29,1991,25.3,2106,51,422,1299,399,13,2099,21,16,76.2,5,23.8,1175,4913,2414,18,27,1,22,19,1581,19,Matches,2021-2022
240,Diogo Jota,pt POR,FW,Liverpool,24,1996,26.3,1097,13,87,434,596,182,1097,69,27,39.1,42,60.9,649,3861,2029,74,52,34,63,33,844,191,Matches,2021-2022
241,James Justin,eng ENG,DF,Leicester City,23,1998,11.1,798,43,263,357,182,15,798,15,5,33.3,10,66.7,405,1922,911,23,18,1,5,10,470,52,Matches,2021-2022
242,Mathias Jørgensen,dk DEN,DF,Brentford,31,1990,5.8,388,25,153,173,64,5,388,1,0,0.0,1,100.0,166,766,544,5,3,0,1,3,200,1,Matches,2021-2022
243,Ozan Kabak,tr TUR,DF,Norwich City,21,2000,10.2,532,63,326,201,13,5,532,20,16,80.0,4,20.0,281,1619,896,9,4,1,4,6,336,0,Matches,2021-2022
244,Christian Kabasele,be BEL,DF,Watford,30,1991,13.3,615,102,376,224,17,11,615,3,1,33.3,2,66.7,300,1255,555,5,0,0,7,1,336,1,Matches,2021-2022
245,Samuel Kalu,ng NGA,FW,Watford,23,1997,2.5,98,4,16,32,52,6,98,10,4,40.0,6,60.0,57,307,140,7,5,3,7,5,70,18,Matches,2021-2022
246,Hassane Kamara,ci CIV,DF,Watford,27,1994,18.0,1182,79,547,488,158,9,1182,30,15,50.0,15,50.0,529,2922,1403,32,14,2,16,6,505,25,Matches,2021-2022
247,Harry Kane,eng ENG,FW,Tottenham,28,1993,35.9,1387,51,137,632,639,170,1383,100,54,54.0,46,46.0,891,5061,2208,87,57,31,97,61,1095,212,Matches,2021-2022
248,N'Golo Kanté,fr FRA,MF,Chelsea,30,1991,19.7,1545,23,275,772,515,29,1545,48,35,72.9,13,27.1,916,5063,2743,72,65,10,35,28,1156,62,Matches,2021-2022
249,Edo Kayembe,cd COD,MF,Watford,23,1998,8.9,531,26,162,311,62,1,531,17,12,70.6,5,29.4,303,1625,716,9,6,0,10,11,326,8,Matches,2021-2022
250,Moise Kean,it ITA,FW,Everton,21,2000,0.0,1,0,0,1,0,0,1,0,0,,0,,1,8,0,0,1,0,0,1,2,0,Matches,2021-2022
251,Michael Keane,eng ENG,DF,Everton,28,1993,31.0,1541,232,776,717,59,32,1541,8,7,87.5,1,12.5,726,3617,1751,9,6,1,7,2,822,4,Matches,2021-2022
252,Naby Keïta,gn GUI,MF,Liverpool,26,1995,13.0,933,13,121,518,303,30,933,24,15,62.5,9,37.5,514,2819,1592,39,30,8,30,10,658,42,Matches,2021-2022
253,Caoimhín Kelleher,ie IRL,GK,Liverpool,22,1998,2.0,95,71,95,0,0,0,95,0,0,,0,,64,205,126,0,0,0,0,0,58,0,Matches,2021-2022
254,Kenedy,br BRA,DF,Chelsea,25,1996,0.6,62,1,13,21,30,4,62,1,1,100.0,0,0.0,49,253,89,2,2,1,2,3,46,10,Matches,2021-2022
255,Jonjoe Kenny,eng ENG,DF,Everton,24,1997,11.3,583,33,162,280,148,8,583,9,4,44.4,5,55.6,278,1113,556,9,13,2,8,3,287,25,Matches,2021-2022
256,Max Kilman,eng ENG,DF,Wolves,24,1997,29.9,1846,206,925,844,92,22,1846,20,17,85.0,3,15.0,1039,5650,3243,31,23,0,21,5,1221,7,Matches,2021-2022
257,Joshua King,no NOR,FW,Watford,29,1992,25.0,837,41,106,356,389,105,836,67,30,44.8,37,55.2,430,2638,1122,41,25,20,84,42,569,157,Matches,2021-2022
258,Kristoffer Klaesson,no NOR,GK,Leeds United,20,2000,0.4,13,10,13,0,0,0,13,0,0,,0,,7,45,37,0,0,0,0,0,4,0,Matches,2021-2022
259,Mateusz Klich,pl POL,MF,Leeds United,31,1990,23.0,1253,29,259,626,386,53,1253,35,20,57.1,15,42.9,717,3666,1747,45,33,9,39,22,834,129,Matches,2021-2022
260,Robin Koch,de GER,"MF,DF",Leeds United,25,1996,17.5,889,118,397,408,88,18,889,8,5,62.5,3,37.5,376,1538,673,3,7,1,16,6,518,14,Matches,2021-2022
261,Sead Kolašinac,ba BIH,DF,Arsenal,28,1993,1.0,23,2,13,10,0,0,23,0,0,,0,,12,21,2,0,0,0,0,0,10,0,Matches,2021-2022
262,Ibrahima Konaté,fr FRA,DF,Liverpool,22,1999,11.0,855,69,341,496,20,6,855,3,2,66.7,1,33.3,497,2286,1467,7,2,0,4,1,581,2,Matches,2021-2022
263,Ezri Konsa,eng ENG,DF,Aston Villa,23,1997,27.5,1237,201,713,463,70,37,1237,9,6,66.7,3,33.3,714,2992,1722,8,5,1,10,6,789,7,Matches,2021-2022
264,Cheikhou Kouyaté,sn SEN,MF,Crystal Palace,31,1989,21.9,1058,72,389,581,100,7,1058,17,13,76.5,4,23.5,477,1839,778,7,7,0,30,11,529,9,Matches,2021-2022
265,Mateo Kovačić,hr CRO,MF,Chelsea,27,1994,17.3,1368,22,217,826,343,15,1368,51,38,74.5,13,25.5,875,5069,2523,42,63,3,18,22,1076,37,Matches,2021-2022
266,Emil Krafth,se SWE,DF,Newcastle Utd,26,1994,18.2,961,76,388,387,192,9,961,4,2,50.0,2,50.0,370,1754,1016,29,21,3,9,4,425,24,Matches,2021-2022
267,Alex Král,cz CZE,MF,West Ham,23,1998,0.0,2,0,0,2,0,0,2,0,0,,0,,1,2,2,0,0,0,0,0,1,0,Matches,2021-2022
268,Tim Krul,nl NED,GK,Norwich City,33,1988,29.0,1149,953,1128,21,1,0,1149,0,0,,0,,621,3149,2036,0,0,0,1,0,506,0,Matches,2021-2022
269,Juraj Kucka,sk SVK,MF,Watford,34,1987,21.3,1030,74,297,521,223,31,1030,33,17,51.5,16,48.5,458,2360,1013,21,20,2,48,19,514,31,Matches,2021-2022
270,Dejan Kulusevski,se SWE,"MF,FW",Tottenham,21,2000,14.0,643,4,97,258,297,67,643,44,25,56.8,19,43.2,399,2594,1264,51,27,24,38,18,449,100,Matches,2021-2022
271,Alexandre Lacazette,fr FRA,FW,Arsenal,30,1991,19.8,638,4,58,273,317,106,635,33,19,57.6,14,42.4,349,1538,611,19,15,13,43,29,489,106,Matches,2021-2022
272,Adam Lallana,eng ENG,MF,Brighton,33,1988,17.3,1123,40,243,632,255,35,1123,23,14,60.9,9,39.1,618,2312,1084,17,21,2,24,15,793,47,Matches,2021-2022
273,Tariq Lamptey,gh GHA,"DF,FW",Brighton,20,2000,17.3,1008,31,197,378,452,40,1008,61,29,47.5,32,52.5,642,4275,2285,81,51,15,46,21,695,153,Matches,2021-2022
274,Manuel Lanzini,ar ARG,"MF,FW",West Ham,28,1993,19.8,1402,23,217,820,379,35,1399,36,25,69.4,11,30.6,889,4207,1876,29,37,6,31,16,1026,57,Matches,2021-2022
275,Aymeric Laporte,es ESP,DF,Manchester City,27,1994,31.4,3135,210,1048,1937,158,42,3135,8,6,75.0,2,25.0,2325,12799,9256,51,49,0,4,7,2550,8,Matches,2021-2022
276,Jamaal Lascelles,eng ENG,DF,Newcastle Utd,27,1993,22.9,949,221,624,262,67,52,949,2,1,50.0,1,50.0,413,1575,687,0,2,1,9,2,483,5,Matches,2021-2022
277,Pierre Lees-Melou,fr FRA,MF,Norwich City,28,1993,25.2,1265,76,360,616,308,23,1265,30,19,63.3,11,36.7,742,3433,1533,33,26,6,27,17,822,60,Matches,2021-2022
278,Aaron Lennon,eng ENG,"MF,FW",Burnley,34,1987,17.2,542,21,85,222,243,42,542,30,13,43.3,17,56.7,286,1641,738,38,10,20,25,13,334,77,Matches,2021-2022
279,Bernd Leno,de GER,GK,Arsenal,29,1992,4.0,125,100,125,0,0,0,125,0,0,,0,,61,326,179,0,0,0,0,0,49,0,Matches,2021-2022
280,Jamal Lewis,nir NIR,DF,Newcastle Utd,23,1998,2.9,131,8,54,45,32,1,131,3,0,0.0,3,100.0,59,251,100,3,0,0,1,7,66,7,Matches,2021-2022
281,Victor Lindelöf,se SWE,DF,Manchester Utd,27,1994,26.2,1595,221,881,680,46,10,1595,3,3,100.0,0,0.0,919,5814,3385,14,17,3,8,1,1025,3,Matches,2021-2022
282,Jesse Lingard,eng ENG,"FW,MF",Manchester Utd,28,1992,4.1,200,2,18,89,93,8,200,6,2,33.3,4,66.7,127,542,311,9,5,1,12,5,152,22,Matches,2021-2022
283,Valentino Livramento,eng ENG,DF,Southampton,18,2002,24.5,1486,74,407,675,441,47,1486,55,30,54.5,25,45.5,742,5095,2722,79,54,16,52,19,763,118,Matches,2021-2022
284,Diego Llorente,es ESP,DF,Leeds United,27,1993,26.0,1654,193,897,720,49,11,1654,13,8,61.5,5,38.5,980,6495,4314,20,2,1,20,3,1015,1,Matches,2021-2022
285,Hugo Lloris,fr FRA,GK,Tottenham,34,1986,38.0,1046,951,1043,3,0,0,1046,0,0,,0,,544,3199,1979,0,0,0,2,0,377,0,Matches,2021-2022
286,Giovani Lo Celso,ar ARG,"MF,FW",Tottenham,25,1996,2.6,210,1,23,100,90,10,210,15,9,60.0,6,40.0,121,831,340,10,11,2,11,3,155,15,Matches,2021-2022
287,Jürgen Locadia,cw CUW,"MF,FW",Brighton,27,1993,0.3,3,0,0,1,2,0,3,0,0,,0,,3,16,0,0,0,0,1,1,3,0,Matches,2021-2022
288,Ruben Loftus-Cheek,eng ENG,"MF,DF",Chelsea,25,1996,15.5,1172,20,182,682,327,40,1172,60,42,70.0,18,30.0,724,4399,2651,69,50,9,27,33,887,53,Matches,2021-2022
289,Kevin Long,ie IRL,DF,Burnley,30,1990,4.6,141,25,81,53,7,7,141,0,0,,0,,52,286,125,1,0,0,2,0,69,0,Matches,2021-2022
290,Shane Long,ie IRL,FW,Southampton,34,1987,3.4,129,2,8,47,75,18,129,4,1,25.0,3,75.0,61,247,68,5,3,2,12,11,104,24,Matches,2021-2022
291,Sean Longstaff,eng ENG,MF,Newcastle Utd,23,1997,16.3,775,43,201,439,138,14,775,11,6,54.5,5,45.5,372,1366,429,2,7,1,22,18,430,15,Matches,2021-2022
292,Ademola Lookman,ng NGA,"FW,MF",Leicester City,23,1997,16.1,755,7,93,327,345,88,755,58,38,65.5,20,34.5,501,2680,1278,43,26,24,59,52,558,139,Matches,2021-2022
293,Jonas Lössl,dk DEN,GK,Brentford,32,1989,2.0,64,46,62,2,0,0,64,0,0,,0,,37,186,103,0,0,0,0,0,34,0,Matches,2021-2022
294,Imran Louza,ma MAR,MF,Watford,22,1999,15.7,911,42,236,538,160,10,911,24,14,58.3,10,41.7,385,2088,949,17,9,2,19,9,446,24,Matches,2021-2022
295,Matthew Lowton,eng ENG,DF,Burnley,32,1989,19.7,1090,94,314,507,279,5,1090,21,10,47.6,11,52.4,419,1585,915,21,14,0,11,6,481,39,Matches,2021-2022
296,Douglas Luiz,br BRA,MF,Aston Villa,23,1998,30.2,1823,84,459,1060,319,8,1823,43,24,55.8,19,44.2,1006,5053,2345,28,16,1,50,17,1116,44,Matches,2021-2022
297,Romelu Lukaku,be BEL,FW,Chelsea,28,1993,17.7,483,21,29,198,259,90,482,25,13,52.0,12,48.0,237,1184,570,29,15,17,37,25,360,125,Matches,2021-2022
298,Lyanco,br BRA,DF,Southampton,24,1997,10.1,530,104,272,245,19,4,530,4,4,100.0,0,0.0,280,1232,536,3,1,0,5,2,265,1,Matches,2021-2022
299,Alexis Mac Allister,ar ARG,"MF,FW",Brighton,22,1998,23.6,1368,41,222,652,510,49,1365,42,21,50.0,21,50.0,719,3238,1502,30,38,2,43,23,854,66,Matches,2021-2022
300,James Maddison,eng ENG,"MF,FW",Leicester City,24,1996,27.3,1343,19,173,648,535,73,1343,48,31,64.6,17,35.4,851,4504,1981,53,43,13,42,32,973,141,Matches,2021-2022
301,Gabriel Magalhães,br BRA,DF,Arsenal,23,1997,34.0,2343,312,1150,1106,100,47,2343,4,4,100.0,0,0.0,1554,8318,5214,12,14,1,18,5,1700,9,Matches,2021-2022
302,Harry Maguire,eng ENG,DF,Manchester Utd,28,1993,27.9,1843,236,851,903,102,42,1843,5,4,80.0,1,20.0,1068,6087,3525,22,15,1,13,5,1212,5,Matches,2021-2022
303,Riyad Mahrez,dz ALG,FW,Manchester City,30,1991,16.6,1135,11,81,318,746,127,1130,50,26,52.0,24,48.0,775,4744,2037,74,35,44,42,21,847,234,Matches,2021-2022
304,Ainsley Maitland-Niles,eng ENG,MF,Arsenal,23,1997,3.0,171,8,41,97,34,0,171,8,4,50.0,4,50.0,87,393,171,2,5,0,4,5,110,8,Matches,2021-2022
305,Sadio Mané,sn SEN,FW,Liverpool,29,1992,31.3,1492,20,94,617,806,201,1492,77,47,61.0,29,37.7,1027,5897,2663,105,57,45,104,59,1218,305,Matches,2021-2022
306,Javier Manquillo,es ESP,DF,Newcastle Utd,27,1994,14.0,573,56,244,215,119,8,573,18,10,55.6,8,44.4,214,1018,442,6,11,0,14,3,230,25,Matches,2021-2022
307,Fernando Marçal,br BRA,"MF,DF",Wolves,32,1989,16.1,1093,59,348,443,312,24,1093,14,7,50.0,7,50.0,526,2466,1447,39,26,4,25,6,624,98,Matches,2021-2022
308,Solly March,eng ENG,"DF,FW",Brighton,27,1994,19.4,961,45,149,336,488,60,961,38,23,60.5,15,39.5,545,3555,1747,71,30,20,26,29,608,148,Matches,2021-2022
309,Pablo Marí,es ESP,DF,Arsenal,27,1993,2.0,120,14,46,71,4,3,120,0,0,,0,,68,363,202,0,0,0,2,0,67,0,Matches,2021-2022
310,Anthony Martial,fr FRA,FW,Manchester Utd,25,1995,2.4,109,1,8,38,65,14,109,7,4,57.1,3,42.9,74,478,274,10,5,4,6,4,97,32,Matches,2021-2022
311,Gabriel Martinelli,br BRA,"FW,MF",Arsenal,20,2001,20.7,898,25,102,256,556,117,897,79,45,57.0,34,43.0,554,4204,2058,79,32,43,58,34,593,207,Matches,2021-2022
312,Emiliano Martínez,ar ARG,GK,Aston Villa,28,1992,36.0,1158,987,1140,19,0,0,1158,0,0,,0,,642,3642,2252,0,0,0,0,0,454,0,Matches,2021-2022
313,Adam Masina,ma MAR,DF,Watford,27,1994,12.0,680,61,268,296,122,5,680,11,9,81.8,2,18.2,271,1311,645,9,11,0,10,1,316,12,Matches,2021-2022
314,Arthur Masuaku,cd COD,"DF,FW",West Ham,27,1993,7.2,479,26,138,198,145,9,479,17,10,58.8,7,41.2,223,1001,525,16,8,5,8,9,272,26,Matches,2021-2022
315,Juan Mata,es ESP,MF,Manchester Utd,33,1988,2.6,245,0,38,124,85,7,245,6,3,50.0,3,50.0,157,821,355,8,8,0,6,2,194,13,Matches,2021-2022
316,Jean-Philippe Mateta,fr FRA,FW,Crystal Palace,24,1997,12.7,387,16,36,194,160,63,387,17,10,58.8,7,41.2,199,882,366,16,6,7,28,23,273,46,Matches,2021-2022
317,Nemanja Matić,rs SRB,MF,Manchester Utd,32,1988,15.4,1215,55,335,709,182,8,1215,22,17,77.3,5,22.7,715,4173,2561,32,32,2,19,21,851,7,Matches,2021-2022
318,Joël Matip,cm CMR,DF,Liverpool,29,1991,31.0,2651,232,991,1489,185,63,2651,10,9,90.0,1,10.0,1612,9763,7174,55,62,2,13,7,1837,7,Matches,2021-2022
319,Neal Maupay,fr FRA,FW,Brighton,24,1996,25.3,843,8,40,338,474,108,841,41,21,51.2,20,48.8,499,2081,808,21,34,7,53,51,615,164,Matches,2021-2022
320,Bryan Mbeumo,cm CMR,FW,Brentford,21,1999,32.3,1188,18,126,427,655,137,1187,80,39,48.8,41,51.3,713,4405,2052,81,39,33,87,57,828,273,Matches,2021-2022
321,James McArthur,sct SCO,MF,Crystal Palace,33,1987,16.0,1127,45,271,641,226,19,1127,30,21,70.0,9,30.0,629,3305,1472,29,26,4,22,14,699,22,Matches,2021-2022
322,James Mcatee,eng ENG,"MF,FW",Manchester City,18,2002,0.2,16,0,1,10,5,3,16,1,1,100.0,0,0.0,7,55,30,2,0,1,1,2,12,3,Matches,2021-2022
323,Kasey McAteer,ie IRL,FW,Leicester City,19,2001,0.0,2,0,1,0,1,0,2,0,0,,0,,2,1,0,0,0,0,1,0,2,0,Matches,2021-2022
324,Liam McCarron,sct SCO,FW,Leeds United,20,2001,0.1,3,0,1,2,0,0,3,0,0,,0,,2,15,6,0,0,0,0,0,1,0,Matches,2021-2022
325,Alex McCarthy,eng ENG,GK,Southampton,31,1989,17.0,536,427,533,3,0,0,536,0,0,,0,,278,1311,913,0,0,0,0,0,231,0,Matches,2021-2022
326,John McGinn,sct SCO,MF,Aston Villa,26,1994,34.3,1754,70,346,962,466,26,1754,68,44,64.7,24,35.3,991,4882,2410,52,32,7,48,28,1075,67,Matches,2021-2022
327,Stuart McKinstry,sct SCO,MF,Leeds United,18,2002,0.0,5,0,1,4,0,0,5,0,0,,0,,3,14,12,0,0,0,0,0,3,1,Matches,2021-2022
328,Kenny McLean,sct SCO,MF,Norwich City,29,1992,30.1,1387,71,363,715,328,44,1387,30,19,63.3,11,36.7,776,3976,1631,32,25,4,41,14,903,61,Matches,2021-2022
329,Dwight McNeil,eng ENG,MF,Burnley,21,1999,34.5,1620,46,280,731,668,57,1620,150,90,60.0,60,40.0,933,6787,2598,93,81,16,79,51,942,112,Matches,2021-2022
330,Scott McTominay,sct SCO,MF,Manchester Utd,24,1996,26.5,1585,92,386,919,297,27,1585,47,36,76.6,11,23.4,902,5275,2529,40,36,3,44,32,997,37,Matches,2021-2022
331,Ben Mee,eng ENG,DF,Burnley,31,1989,20.4,980,137,477,463,47,31,980,5,4,80.0,1,20.0,437,1967,957,3,1,0,4,0,446,2,Matches,2021-2022
332,Hannibal Mejbri,tn TUN,FW,Manchester Utd,18,2003,0.8,32,0,6,13,14,0,32,2,1,50.0,1,50.0,18,111,28,0,2,0,1,1,23,4,Matches,2021-2022
333,Benjamin Mendy,fr FRA,DF,Manchester City,27,1994,0.9,100,0,13,64,23,1,100,3,2,66.7,1,33.3,67,335,253,4,4,0,1,0,73,4,Matches,2021-2022
334,Edouard Mendy,sn SEN,GK,Chelsea,29,1992,34.0,1017,880,1012,5,0,0,1017,0,0,,0,,580,2341,1233,0,0,0,2,0,527,0,Matches,2021-2022
335,Nampalys Mendy,sn SEN,MF,Leicester City,29,1992,11.5,725,21,186,486,58,0,725,4,4,100.0,0,0.0,470,2378,989,9,12,0,12,9,542,8,Matches,2021-2022
336,Illan Meslier,fr FRA,GK,Leeds United,21,2000,37.6,1489,1295,1483,7,0,0,1489,2,2,100.0,0,0.0,856,4644,2876,0,0,0,4,0,721,0,Matches,2021-2022
337,Luka Milivojević,rs SRB,MF,Crystal Palace,30,1991,8.6,562,21,138,315,113,1,562,2,2,100.0,0,0.0,285,1005,464,2,7,0,3,3,338,4,Matches,2021-2022
338,James Milner,eng ENG,"MF,DF",Liverpool,35,1986,9.5,903,39,166,488,252,12,903,6,2,33.3,4,66.7,492,1686,798,9,9,1,12,5,624,38,Matches,2021-2022
339,Yerry Mina,co COL,DF,Everton,26,1994,9.4,458,85,262,172,26,14,458,0,0,,0,,218,1094,538,1,0,0,2,1,251,2,Matches,2021-2022
340,Takumi Minamino,jp JPN,"FW,MF",Liverpool,26,1995,2.1,93,1,8,36,50,9,93,5,1,20.0,4,80.0,58,241,92,2,1,2,2,5,75,15,Matches,2021-2022
341,Tyrone Mings,eng ENG,DF,Aston Villa,28,1993,35.4,2031,321,1168,774,108,51,2031,12,11,91.7,1,8.3,1212,6651,3776,23,17,2,17,4,1242,17,Matches,2021-2022
342,Tyrick Mitchell,eng ENG,DF,Crystal Palace,21,1999,34.5,2320,137,905,945,490,26,2320,29,16,55.2,13,44.8,1074,4380,2208,41,37,4,45,26,1188,116,Matches,2021-2022
343,Jakub Moder,pl POL,MF,Brighton,22,1999,18.9,1058,36,189,432,451,61,1058,29,12,41.4,17,58.6,567,2737,1277,42,42,8,50,19,729,102,Matches,2021-2022
344,Wesley Moraes,br BRA,FW,Aston Villa,24,1996,0.0,3,0,0,0,3,0,3,0,0,,0,,2,5,3,0,0,0,0,0,3,0,Matches,2021-2022
345,Tyler Morton,eng ENG,MF,Liverpool,18,2002,0.7,41,0,2,33,6,0,41,0,0,,0,,24,54,12,0,1,0,2,0,23,0,Matches,2021-2022
346,Mason Mount,eng ENG,MF,Chelsea,22,1999,26.3,1564,17,125,524,928,137,1563,42,18,42.9,24,57.1,920,4706,2525,92,79,26,70,34,1175,276,Matches,2021-2022
347,Lucas Moura,br BRA,"FW,MF",Tottenham,28,1992,19.7,1021,21,103,510,428,62,1021,92,56,60.9,36,39.1,649,3811,1802,48,61,9,59,33,772,87,Matches,2021-2022
348,João Moutinho,pt POR,MF,Wolves,34,1986,33.0,2324,63,524,1338,482,12,2324,21,16,76.2,5,23.8,1195,5504,2719,42,43,2,30,20,1486,37,Matches,2021-2022
349,Bali Mumba,eng ENG,DF,Norwich City,19,2001,0.5,19,8,13,3,3,0,19,1,0,0.0,1,100.0,9,44,16,1,1,0,0,0,8,0,Matches,2021-2022
350,Jacob Murphy,eng ENG,"FW,DF",Newcastle Utd,26,1995,16.4,795,33,215,300,298,57,795,29,13,44.8,16,55.2,405,2839,1419,51,28,21,29,21,421,80,Matches,2021-2022
351,Enock Mwepu,zm ZAM,MF,Brighton,23,1998,11.1,549,22,108,274,179,34,549,23,15,65.2,8,34.8,305,1661,867,22,16,3,26,9,339,44,Matches,2021-2022
352,Vitaliy Mykolenko,ua UKR,DF,Everton,22,1999,11.7,603,43,197,212,200,13,603,9,3,33.3,6,66.7,227,999,433,8,6,1,11,4,241,27,Matches,2021-2022
353,Marvelous Nakamba,zw ZIM,MF,Aston Villa,27,1994,10.0,494,40,161,287,51,0,494,16,14,87.5,2,12.5,279,1135,423,5,5,0,14,10,261,0,Matches,2021-2022
354,Wilfred Ndidi,ng NGA,"MF,DF",Leicester City,24,1996,18.0,1196,97,423,653,134,17,1196,17,11,64.7,6,35.3,600,2471,992,14,10,1,25,15,659,13,Matches,2021-2022
355,Tanguy Ndombele,fr FRA,MF,Tottenham,24,1996,5.4,339,5,43,211,92,11,339,20,11,55.0,9,45.0,216,1172,531,14,19,5,20,20,272,25,Matches,2021-2022
356,Reiss Nelson,eng ENG,FW,Arsenal,21,1999,0.2,16,0,0,5,11,2,16,0,0,,0,,10,21,8,0,0,0,0,0,11,4,Matches,2021-2022
357,Pedro Neto,pt POR,"FW,MF",Wolves,21,2000,5.2,308,1,21,117,174,24,308,23,12,52.2,11,47.8,206,1499,719,27,22,10,21,12,237,49,Matches,2021-2022
358,Rúben Neves,pt POR,MF,Wolves,24,1997,29.6,2281,90,553,1424,332,6,2281,32,26,81.3,6,18.8,1300,5392,2607,34,34,1,33,17,1607,19,Matches,2021-2022
359,Jeremy Ngakia,,DF,Watford,20,2000,10.0,567,41,234,226,113,2,567,17,9,52.9,8,47.1,245,1240,685,18,9,1,10,5,259,20,Matches,2021-2022
360,Saúl Ñíguez,es ESP,"DF,MF",Chelsea,26,1994,5.3,430,11,110,219,102,13,430,3,2,66.7,1,33.3,202,887,351,4,4,1,9,11,297,27,Matches,2021-2022
361,Eddie Nketiah,eng ENG,FW,Arsenal,22,1999,9.3,358,8,35,137,188,61,358,30,14,46.7,16,53.3,210,1478,708,27,20,11,26,11,271,66,Matches,2021-2022
362,Nicolas Nkoulou,cm CMR,DF,Watford,31,1990,1.9,73,9,36,35,2,0,73,1,1,100.0,0,0.0,35,138,34,0,0,0,0,1,41,0,Matches,2021-2022
363,Mark Noble,eng ENG,MF,West Ham,34,1987,3.7,325,5,80,210,40,2,323,4,3,75.0,1,25.0,217,869,350,2,9,0,0,4,248,3,Matches,2021-2022
364,Mathias Normann,no NOR,MF,Norwich City,25,1996,18.3,990,76,331,516,156,5,990,30,17,56.7,13,43.3,522,2631,1144,16,10,2,27,17,570,8,Matches,2021-2022
365,Christian Nørgaard,dk DEN,MF,Brentford,27,1994,33.9,2079,109,571,1219,308,59,2079,27,18,66.7,9,33.3,879,3316,1627,17,22,3,26,26,1104,31,Matches,2021-2022
366,Angelo Ogbonna,it ITA,DF,West Ham,33,1988,10.2,542,63,290,242,13,6,542,1,1,100.0,0,0.0,324,1623,741,2,0,0,2,1,376,0,Matches,2021-2022
367,Michael Olise,fr FRA,"FW,MF",Crystal Palace,19,2001,12.7,829,16,102,348,396,42,829,62,28,45.2,34,54.8,500,3377,1746,55,37,10,27,21,589,110,Matches,2021-2022
368,Robin Olsen,se SWE,GK,Aston Villa,31,1990,1.0,47,46,47,0,0,0,47,0,0,,0,,22,132,114,0,0,0,0,0,13,0,Matches,2021-2022
369,Andrew Omobamidele,ie IRL,DF,Norwich City,19,2002,4.2,279,27,138,124,18,2,279,0,0,,0,,162,897,465,6,3,0,6,0,162,1,Matches,2021-2022
370,Tyler Onyango,eng ENG,MF,Everton,18,2003,0.3,8,0,1,3,4,1,8,1,0,0.0,1,100.0,2,4,0,0,1,0,0,0,4,0,Matches,2021-2022
371,Frank Onyeka,ng NGA,MF,Brentford,23,1998,11.6,470,22,119,248,109,15,470,17,11,64.7,6,35.3,245,1272,615,18,7,3,22,14,270,27,Matches,2021-2022
372,Divock Origi,be BEL,FW,Liverpool,26,1995,1.5,64,2,6,13,45,15,64,3,1,33.3,2,66.7,38,174,52,3,1,1,8,3,50,9,Matches,2021-2022
373,Alex Oxlade-Chamberlain,eng ENG,"MF,FW",Liverpool,27,1993,8.7,508,5,45,238,231,31,508,17,12,70.6,5,29.4,319,1945,1033,34,28,8,16,10,372,63,Matches,2021-2022
374,Cole Palmer,eng ENG,"FW,MF",Manchester City,19,2002,1.4,76,0,1,28,48,10,76,2,1,50.0,1,50.0,45,190,80,3,2,2,7,3,62,15,Matches,2021-2022
375,Emerson Palmieri,it ITA,DF,Chelsea,26,1994,0.1,2,0,0,1,1,1,2,0,0,,0,,2,3,3,0,0,0,0,0,2,1,Matches,2021-2022
376,Thomas Partey,gh GHA,MF,Arsenal,28,1993,22.5,1447,62,373,828,262,22,1447,43,35,81.4,8,18.6,807,3830,1971,20,29,1,34,17,1012,11,Matches,2021-2022
377,Nicolas Pépé,ci CIV,"FW,MF",Arsenal,26,1995,7.7,508,12,59,152,304,56,508,44,19,43.2,25,56.8,285,1424,533,20,11,15,34,18,343,97,Matches,2021-2022
378,Ricardo Pereira,pt POR,DF,Leicester City,27,1993,11.0,816,39,247,379,198,18,816,19,11,57.9,8,42.1,372,1735,1059,28,18,5,12,6,470,34,Matches,2021-2022
379,Ayoze Pérez,es ESP,"MF,FW",Leicester City,28,1993,4.9,233,5,39,117,83,18,233,16,10,62.5,6,37.5,128,656,365,16,10,5,16,12,156,30,Matches,2021-2022
380,Sonny Perkins,eng ENG,MF,West Ham,17,2004,0.0,1,0,0,1,0,0,1,0,0,,0,,0,0,0,0,0,0,0,0,1,0,Matches,2021-2022
381,Romain Perraud,fr FRA,DF,Southampton,23,1997,18.0,957,53,251,386,327,25,957,18,8,44.4,10,55.6,476,2566,1221,34,24,5,31,9,502,91,Matches,2021-2022
382,Kalvin Phillips,eng ENG,MF,Leeds United,25,1995,17.7,1188,65,369,668,157,7,1188,12,7,58.3,5,41.7,603,2509,1021,6,5,1,32,16,708,14,Matches,2021-2022
383,Jaden Philogene Bidace,eng ENG,FW,Aston Villa,19,2002,0.1,3,0,0,2,1,0,3,0,0,,0,,3,20,0,0,1,0,0,3,3,0,Matches,2021-2022
384,Jordan Pickford,eng ENG,GK,Everton,27,1994,35.0,1230,951,1189,41,0,0,1230,1,1,100.0,0,0.0,640,4569,2602,0,0,0,0,0,470,0,Matches,2021-2022
385,Erik Pieters,nl NED,DF,Burnley,32,1988,8.1,475,53,163,226,91,5,475,5,3,60.0,2,40.0,170,678,413,7,6,1,14,2,178,11,Matches,2021-2022
386,Ethan Pinnock,jm JAM,DF,Brentford,28,1993,29.9,1993,263,1063,720,217,55,1993,11,9,81.8,2,18.2,830,3502,2200,11,7,0,12,7,983,18,Matches,2021-2022
387,Daniel Podence,pt POR,"FW,MF",Wolves,25,1995,16.5,813,1,85,342,398,52,813,66,35,53.0,31,47.0,542,3651,1803,63,47,21,35,34,625,102,Matches,2021-2022
388,Paul Pogba,fr FRA,"MF,FW",Manchester Utd,28,1993,15.0,1078,26,161,612,318,46,1078,54,39,72.2,15,27.8,670,3319,1820,34,26,7,42,27,843,62,Matches,2021-2022
389,Nick Pope,eng ENG,GK,Burnley,29,1992,36.0,1194,882,1162,37,0,0,1194,0,0,,0,,565,3936,2499,0,0,0,0,0,323,0,Matches,2021-2022
390,Isaac Price,nir NIR,MF,Everton,17,2003,0.2,5,0,1,2,2,2,5,0,0,,0,,3,10,2,0,0,0,0,1,3,1,Matches,2021-2022
391,Teemu Pukki,fi FIN,FW,Norwich City,31,1990,36.1,816,8,42,370,416,149,813,60,27,45.0,33,55.0,429,2777,1282,62,27,35,71,42,511,186,Matches,2021-2022
392,Christian Pulisic,us USA,"MF,FW",Chelsea,22,1998,14.3,664,7,73,258,346,69,664,57,25,43.9,32,56.1,439,2805,1233,44,31,18,50,25,511,108,Matches,2021-2022
393,Przemysław Płacheta,pl POL,"FW,MF",Norwich City,23,1998,5.6,223,7,50,79,99,14,223,19,10,52.6,9,47.4,136,1070,520,19,7,6,7,11,139,35,Matches,2021-2022
394,Jesurun Rak Sakyi,eng ENG,"FW,MF",Crystal Palace,18,2002,0.9,41,1,6,21,14,1,41,2,0,0.0,2,100.0,25,160,81,2,1,0,3,2,27,4,Matches,2021-2022
395,Aaron Ramsdale,eng ENG,GK,Arsenal,23,1998,34.0,1258,927,1245,15,0,0,1258,1,1,100.0,0,0.0,807,4165,2486,0,0,0,1,0,630,0,Matches,2021-2022
396,Jacob Ramsey,eng ENG,MF,Aston Villa,20,2001,27.4,1361,49,243,725,406,59,1361,48,30,62.5,18,37.5,905,6506,3090,91,63,22,58,36,993,92,Matches,2021-2022
397,Raphinha,br BRA,"FW,MF",Leeds United,24,1996,32.4,1796,46,248,753,826,130,1792,146,62,42.5,84,57.5,991,5995,2879,89,55,40,99,35,1185,286,Matches,2021-2022
398,Marcus Rashford,eng ENG,"FW,MF",Manchester Utd,23,1997,13.7,570,6,50,219,310,69,570,53,22,41.5,31,58.5,359,2401,1184,50,30,26,39,26,463,118,Matches,2021-2022
399,Milot Rashica,xk KVX,"FW,MF",Norwich City,25,1996,24.8,911,38,178,318,434,59,911,73,16,21.9,57,78.1,526,3977,2046,76,44,21,68,38,558,138,Matches,2021-2022
400,David Raya,es ESP,GK,Brentford,25,1995,24.0,1139,874,1106,33,0,0,1139,0,0,,0,,691,3813,2250,0,0,0,2,0,576,0,Matches,2021-2022
401,Nathan Redmond,eng ENG,"MF,FW",Southampton,27,1994,20.4,925,24,136,353,450,46,925,39,21,53.8,18,46.2,524,3452,1745,71,46,17,28,15,602,131,Matches,2021-2022
402,Sergio Reguilón,es ESP,"DF,MF",Tottenham,24,1996,21.3,1239,67,341,480,430,48,1239,46,19,41.3,27,58.7,647,3546,1793,63,36,18,30,13,753,144,Matches,2021-2022
403,Declan Rice,eng ENG,MF,West Ham,22,1999,35.3,2548,127,638,1548,400,51,2548,72,50,69.4,22,30.6,1640,11377,5857,104,99,16,26,20,1777,44,Matches,2021-2022
404,Taylor Richards,eng ENG,MF,Brighton,20,2000,0.3,32,0,0,17,15,0,32,1,0,0.0,1,100.0,26,108,48,1,1,0,0,0,26,7,Matches,2021-2022
405,Richarlison,br BRA,FW,Everton,24,1997,28.0,999,37,137,347,536,135,996,82,40,48.8,41,50.0,576,3374,1271,44,26,16,93,54,658,146,Matches,2021-2022
406,Jaïro Riedewald,nl NED,MF,Crystal Palace,24,1996,1.3,65,3,19,37,12,1,65,2,1,50.0,1,50.0,39,155,74,1,4,0,1,1,43,2,Matches,2021-2022
407,Matt Ritchie,sct SCO,DF,Newcastle Utd,31,1989,14.9,828,43,257,341,237,7,828,6,4,66.7,2,33.3,372,1353,584,8,8,1,11,5,409,40,Matches,2021-2022
408,Connor Roberts,wls WAL,DF,Burnley,25,1995,18.8,1045,76,297,482,274,18,1045,12,6,50.0,6,50.0,443,2347,1324,23,20,4,10,6,502,44,Matches,2021-2022
409,Tyler Roberts,wls WAL,"MF,FW",Leeds United,22,1999,11.0,430,13,62,196,177,38,430,22,12,54.5,10,45.5,252,1552,675,17,18,5,26,14,293,63,Matches,2021-2022
410,Andrew Robertson,sct SCO,DF,Liverpool,27,1994,28.2,2556,77,528,1172,882,88,2556,23,13,56.5,10,43.5,1436,7043,4330,96,85,19,24,15,1731,239,Matches,2021-2022
411,Joe Rodon,wls WAL,DF,Tottenham,23,1997,1.0,46,12,19,27,0,0,46,0,0,,0,,22,50,11,0,0,0,0,0,24,0,Matches,2021-2022
412,Rodri,es ESP,MF,Manchester City,25,1996,32.0,3171,90,585,1985,622,58,3171,22,12,54.5,10,45.5,2003,8513,4473,43,54,7,18,23,2429,47,Matches,2021-2022
413,Rodrigo,es ESP,"MF,FW",Leeds United,30,1991,25.2,1160,29,162,570,439,77,1159,42,22,52.4,20,47.6,670,3443,1551,47,39,9,74,27,859,164,Matches,2021-2022
414,Jay Rodriguez,eng ENG,FW,Burnley,32,1989,15.4,492,16,74,202,220,54,492,15,8,53.3,7,46.7,230,1132,445,18,18,3,29,13,336,60,Matches,2021-2022
415,Mads Roerslev,dk DEN,DF,Brentford,22,1999,13.8,493,45,187,181,127,12,493,15,4,26.7,11,73.3,244,1011,394,14,12,1,9,4,259,54,Matches,2021-2022
416,Cristian Romero,ar ARG,DF,Tottenham,23,1998,20.5,1581,231,811,688,100,22,1581,14,9,64.3,5,35.7,997,5247,3167,23,22,1,14,5,1044,9,Matches,2021-2022
417,Oriol Romeu,es ESP,MF,Southampton,29,1991,32.1,2016,82,431,1224,382,51,2016,40,30,75.0,10,25.0,1036,5261,2652,38,45,7,41,16,1243,29,Matches,2021-2022
418,Cristiano Ronaldo,pt POR,FW,Manchester Utd,36,1985,27.3,1168,30,102,500,573,170,1165,32,20,62.5,12,37.5,631,3252,1744,67,40,37,50,30,952,192,Matches,2021-2022
419,Salomón Rondón,ve VEN,FW,Everton,31,1989,8.8,285,12,30,113,143,42,285,10,4,40.0,6,60.0,129,492,140,5,4,1,25,10,205,41,Matches,2021-2022
420,Danny Rose,eng ENG,DF,Watford,31,1990,7.7,409,30,138,178,98,3,409,15,9,60.0,6,40.0,176,986,414,12,8,1,10,1,174,19,Matches,2021-2022
421,Jon Rowe,eng ENG,"FW,MF",Norwich City,18,2003,2.5,112,2,17,47,49,8,112,13,4,30.8,9,69.2,76,485,211,4,2,3,6,10,77,21,Matches,2021-2022
422,John Ruddy,eng ENG,GK,Wolves,34,1986,1.5,39,37,39,0,0,0,39,0,0,,0,,13,99,45,0,0,0,0,0,11,0,Matches,2021-2022
423,Antonio Rüdiger,de GER,DF,Chelsea,28,1993,33.7,2820,211,1014,1521,298,48,2820,12,6,50.0,6,50.0,1782,8886,5212,54,72,3,20,8,2185,21,Matches,2021-2022
424,Lukas Rupp,de GER,MF,Norwich City,30,1991,8.5,488,21,99,264,132,16,488,27,18,66.7,9,33.3,309,1521,686,17,14,1,20,19,349,23,Matches,2021-2022
425,José Sá,pt POR,GK,Wolves,28,1993,36.5,1206,1106,1198,8,0,0,1206,4,4,100.0,0,0.0,642,4203,2879,0,1,1,2,0,400,0,Matches,2021-2022
426,Allan Saint-Maximin,fr FRA,"FW,MF",Newcastle Utd,24,1997,31.2,1162,7,86,476,649,111,1162,241,150,62.2,91,37.8,859,8944,4517,180,119,63,120,90,913,167,Matches,2021-2022
427,Romain Saïss,ma MAR,DF,Wolves,31,1990,30.1,2163,281,1188,864,118,33,2163,10,7,70.0,3,30.0,1168,4917,2771,18,20,0,10,5,1412,9,Matches,2021-2022
428,Bukayo Saka,eng ENG,"FW,MF",Arsenal,19,2001,33.1,1631,29,175,496,979,214,1629,102,43,42.2,59,57.8,1033,6525,3662,140,78,68,85,48,1182,388,Matches,2021-2022
429,Mohamed Salah,eg EGY,FW,Liverpool,29,1992,30.7,1552,7,55,455,1056,301,1546,124,53,42.7,71,57.3,1030,5898,2909,125,57,97,99,81,1300,451,Matches,2021-2022
430,Mohammed Salisu,gh GHA,DF,Southampton,22,1999,33.0,2285,277,1038,1069,194,35,2285,16,13,81.3,3,18.8,1135,6254,3429,31,20,0,16,10,1216,7,Matches,2021-2022
431,Albert Sambi Lokonga,be BEL,MF,Arsenal,21,1999,12.6,929,33,217,534,185,4,929,4,3,75.0,1,25.0,606,3394,1921,28,20,1,13,8,696,16,Matches,2021-2022
432,Davinson Sánchez,co COL,DF,Tottenham,25,1996,18.1,1317,128,558,666,99,22,1317,6,4,66.7,2,33.3,853,4246,2257,21,26,0,9,2,914,8,Matches,2021-2022
433,Robert Sánchez,es ESP,GK,Brighton,23,1997,37.0,1612,1185,1591,21,0,0,1612,0,0,,0,,988,5245,3617,0,0,0,0,0,931,0,Matches,2021-2022
434,Jadon Sancho,eng ENG,"FW,MF",Manchester Utd,21,2000,21.1,1188,11,146,451,610,105,1188,85,47,55.3,38,44.7,770,5515,3067,111,70,43,44,27,928,222,Matches,2021-2022
435,Morgan Sanson,fr FRA,MF,Aston Villa,26,1994,4.0,223,6,45,140,47,1,223,16,13,81.3,3,18.8,146,971,489,16,10,1,5,10,141,10,Matches,2021-2022
436,Samir Santos,br BRA,DF,Watford,26,1994,18.6,872,118,549,311,18,10,872,3,2,66.7,1,33.3,405,1676,843,1,4,1,6,3,452,2,Matches,2021-2022
437,Josh Sargent,us USA,"FW,MF",Norwich City,21,2000,17.5,634,32,126,248,272,56,634,32,16,50.0,16,50.0,312,1723,663,21,14,6,52,25,388,88,Matches,2021-2022
438,Jeremy Sarmiento,ec ECU,"FW,MF",Brighton,19,2002,0.5,31,0,2,9,21,1,31,4,1,25.0,3,75.0,18,195,103,4,1,1,4,1,19,3,Matches,2021-2022
439,Ismaila Sarr,sn SEN,"FW,MF",Watford,23,1998,20.7,720,18,93,251,393,71,719,71,34,47.9,37,52.1,493,3614,1811,79,50,23,71,40,529,158,Matches,2021-2022
440,Malang Sarr,fr FRA,DF,Chelsea,22,1999,6.1,555,31,208,300,48,0,555,0,0,,0,,350,1458,744,9,13,1,6,2,391,15,Matches,2021-2022
441,Dane Scarlett,eng ENG,MF,Tottenham,17,2004,0.0,1,0,0,1,0,0,1,1,1,100.0,0,0.0,1,12,4,0,0,0,0,0,1,0,Matches,2021-2022
442,Fabian Schär,ch SUI,DF,Newcastle Utd,29,1991,24.0,1234,159,644,537,74,27,1234,10,6,60.0,4,40.0,645,3685,2225,20,15,0,12,5,669,2,Matches,2021-2022
443,Jeffrey Schlupp,gh GHA,"MF,FW",Crystal Palace,28,1992,20.6,971,46,235,509,243,59,971,58,35,60.3,23,39.7,520,2680,1218,31,25,11,42,33,565,60,Matches,2021-2022
444,Kasper Schmeichel,dk DEN,GK,Leicester City,34,1986,37.0,1386,1213,1373,13,0,0,1386,1,1,100.0,0,0.0,718,3805,2301,1,0,0,2,0,600,0,Matches,2021-2022
445,Ken Sema,se SWE,"MF,FW",Watford,27,1993,9.5,325,19,88,133,111,15,325,27,12,44.4,15,55.6,182,1221,444,19,8,4,18,25,187,36,Matches,2021-2022
446,Nélson Semedo,pt POR,"MF,DF",Wolves,27,1993,23.7,1487,90,416,605,481,52,1487,64,39,60.9,25,39.1,762,4570,2599,79,63,17,51,27,846,146,Matches,2021-2022
447,Ryan Sessegnon,eng ENG,"DF,MF",Tottenham,21,2000,11.6,574,38,166,188,223,39,574,19,6,31.6,13,68.4,302,1779,931,30,7,10,33,12,325,80,Matches,2021-2022
448,Jamie Shackleton,eng ENG,"DF,MF",Leeds United,21,1999,7.9,499,26,190,225,91,14,499,17,11,64.7,6,35.3,246,1329,719,20,13,4,5,2,276,20,Matches,2021-2022
449,Luke Shaw,eng ENG,DF,Manchester Utd,26,1995,17.8,1316,55,293,597,436,15,1316,14,7,50.0,7,50.0,682,3798,2191,48,42,3,11,14,836,69,Matches,2021-2022
450,Jonjo Shelvey,eng ENG,MF,Newcastle Utd,29,1992,22.0,1113,56,317,648,167,3,1113,12,9,75.0,3,25.0,559,2486,1011,11,12,1,19,5,640,7,Matches,2021-2022
451,Shola Shoretire,eng ENG,MF,Manchester Utd,17,2004,0.2,6,1,2,0,4,0,6,0,0,,0,,3,17,3,0,0,0,0,0,3,1,Matches,2021-2022
452,Francisco Sierralta,cl CHI,DF,Watford,24,1997,4.7,248,60,187,59,2,2,248,2,2,100.0,0,0.0,118,587,299,1,0,0,1,0,137,0,Matches,2021-2022
453,Bernardo Silva,pt POR,"MF,FW",Manchester City,26,1994,31.7,2283,36,290,1009,1002,179,2283,92,53,57.6,39,42.4,1552,9305,5010,146,102,34,54,25,1766,277,Matches,2021-2022
454,Fábio Silva,pt POR,FW,Wolves,19,2002,6.4,201,1,11,92,102,37,201,19,7,36.8,12,63.2,97,668,417,14,13,4,18,14,143,41,Matches,2021-2022
455,Thiago Silva,br BRA,DF,Chelsea,36,1984,29.4,2902,363,1255,1571,84,24,2902,7,6,85.7,1,14.3,1846,9914,6409,14,24,0,7,3,2168,2,Matches,2021-2022
456,Ellis Simms,eng ENG,FW,Everton,20,2001,0.7,18,2,3,10,5,0,18,0,0,,0,,3,9,3,0,0,0,1,1,13,2,Matches,2021-2022
457,Moussa Sissoko,fr FRA,MF,Watford,31,1989,35.8,1554,125,417,849,325,36,1554,76,52,68.4,24,31.6,746,3992,2076,51,35,3,49,53,822,71,Matches,2021-2022
458,Oliver Skipp,eng ENG,MF,Tottenham,20,2000,15.0,973,26,171,653,152,11,973,6,4,66.7,2,33.3,581,2877,1454,27,28,3,15,11,711,18,Matches,2021-2022
459,William Smallbone,ie IRL,"MF,FW",Southampton,21,2000,1.5,54,2,11,22,22,3,54,0,0,,0,,23,145,84,4,3,0,3,0,27,7,Matches,2021-2022
460,Emile Smith Rowe,eng ENG,"MF,FW",Arsenal,21,2000,21.3,1025,19,142,418,479,62,1025,53,32,60.4,21,39.6,636,3990,2131,65,44,20,41,25,749,139,Matches,2021-2022
461,Cédric Soares,pt POR,DF,Arsenal,29,1991,16.5,1252,52,320,568,376,13,1252,12,8,66.7,4,33.3,677,2841,1224,17,22,1,15,11,769,56,Matches,2021-2022
462,Tomáš Souček,cz CZE,MF,West Ham,26,1995,34.0,1759,151,468,963,340,86,1759,16,10,62.5,6,37.5,802,3715,1522,36,24,3,40,16,1026,54,Matches,2021-2022
463,Boubakary Soumaré,fr FRA,MF,Leicester City,22,1999,12.2,664,28,174,396,101,7,664,24,14,58.3,10,41.7,359,1772,585,10,16,1,25,13,475,16,Matches,2021-2022
464,Çağlar Söyüncü,tr TUR,DF,Leicester City,25,1996,27.7,2216,284,1186,982,65,16,2216,8,4,50.0,4,50.0,1393,6984,3401,19,15,0,9,3,1509,5,Matches,2021-2022
465,Tony Springett,ie IRL,"MF,FW",Norwich City,18,2002,1.6,52,2,15,22,18,5,52,2,1,50.0,1,50.0,39,324,203,8,2,3,2,3,39,11,Matches,2021-2022
466,Jason Steele,eng ENG,GK,Brighton,30,1990,1.0,41,37,41,1,0,0,41,0,0,,0,,19,98,28,0,0,0,0,0,28,0,Matches,2021-2022
467,Jed Steer,eng ENG,GK,Aston Villa,28,1992,1.0,38,34,37,1,0,0,38,0,0,,0,,19,123,70,0,0,0,0,0,18,0,Matches,2021-2022
468,Zack Steffen,us USA,GK,Manchester City,26,1995,1.0,42,38,42,0,0,0,42,0,0,,0,,19,86,40,0,0,0,0,0,20,0,Matches,2021-2022
469,Dale Stephens,eng ENG,MF,Burnley,32,1989,1.4,71,3,10,54,7,0,71,0,0,,0,,25,102,26,0,1,0,2,0,35,1,Matches,2021-2022
470,Jack Stephens,eng ENG,DF,Southampton,27,1994,9.0,566,77,288,260,21,3,566,2,2,100.0,0,0.0,307,1542,991,7,9,0,2,1,318,3,Matches,2021-2022
471,Raheem Sterling,eng ENG,FW,Manchester City,26,1994,23.6,1173,8,51,339,797,191,1170,112,53,47.3,59,52.7,886,5297,2574,108,54,65,62,54,991,317,Matches,2021-2022
472,Finley Stevens,wls WAL,DF,Brentford,18,2003,0.2,9,1,1,5,3,1,9,0,0,,0,,5,17,4,0,0,0,0,0,5,2,Matches,2021-2022
473,John Stones,eng ENG,DF,Manchester City,27,1994,12.4,1072,82,356,631,91,10,1072,9,8,88.9,1,11.1,768,4519,2638,28,23,0,4,1,846,7,Matches,2021-2022
474,Pascal Struijk,nl NED,"DF,MF",Leeds United,21,1999,22.8,1533,172,801,653,85,21,1533,3,2,66.7,1,33.3,803,3748,2049,8,5,0,18,5,932,10,Matches,2021-2022
475,Crysencio Summerville,nl NED,"MF,FW",Leeds United,19,2001,1.4,93,1,16,26,51,9,93,7,4,57.1,3,42.9,56,309,159,5,0,0,4,2,62,16,Matches,2021-2022
476,Jakob Sørensen,dk DEN,"MF,DF",Norwich City,23,1998,6.7,381,33,154,195,37,8,381,4,3,75.0,1,25.0,219,1063,524,4,1,0,2,2,233,4,Matches,2021-2022
477,Japhet Tanganga,eng ENG,DF,Tottenham,22,1999,8.2,493,45,163,241,94,10,493,7,5,71.4,2,28.6,275,1388,782,13,11,2,7,5,315,21,Matches,2021-2022
478,Matt Targett,eng ENG,DF,Aston Villa,25,1995,15.9,984,60,293,437,259,15,984,6,1,16.7,5,83.3,466,1618,886,19,16,2,9,4,543,79,Matches,2021-2022
479,Matt Targett,eng ENG,DF,Newcastle Utd,25,1995,16.0,940,60,308,404,233,11,940,17,10,58.8,7,41.2,358,1217,562,11,8,2,13,5,420,40,Matches,2021-2022
480,James Tarkowski,eng ENG,DF,Burnley,28,1992,34.5,1623,276,819,702,115,67,1623,7,5,71.4,2,28.6,596,2550,1226,3,6,0,13,5,702,11,Matches,2021-2022
481,Nuno Tavares,pt POR,DF,Arsenal,21,2000,13.1,902,51,278,346,291,39,902,36,18,50.0,18,50.0,510,3094,1682,47,29,12,29,13,560,91,Matches,2021-2022
482,Charlie Taylor,eng ENG,DF,Burnley,27,1993,30.3,1744,170,591,730,442,13,1744,53,27,50.9,26,49.1,759,5150,2143,58,36,7,31,15,816,77,Matches,2021-2022
483,Nathan Tella,ng NGA,"MF,FW",Southampton,22,1999,8.9,324,8,60,126,150,20,324,26,10,38.5,16,61.5,194,1473,671,22,22,4,40,24,183,44,Matches,2021-2022
484,Alex Telles,br BRA,DF,Manchester Utd,28,1992,18.4,1396,66,407,562,438,18,1396,22,12,54.5,10,45.5,745,3421,1904,36,37,1,15,10,850,102,Matches,2021-2022
485,Luke Thomas,eng ENG,DF,Leicester City,20,2001,21.2,1533,86,489,737,316,15,1533,23,15,65.2,8,34.8,744,2969,1632,28,28,2,33,20,882,59,Matches,2021-2022
486,Dominic Thompson,eng ENG,DF,Brentford,21,2000,1.6,57,8,31,15,12,2,57,2,0,0.0,2,100.0,25,96,37,0,0,0,2,0,29,3,Matches,2021-2022
487,Youri Tielemans,be BEL,MF,Leicester City,24,1997,29.2,2111,78,447,1219,470,36,2109,39,25,64.1,14,35.9,1127,4219,2154,31,36,5,44,30,1514,69,Matches,2021-2022
488,Kieran Tierney,sct SCO,DF,Arsenal,24,1997,21.3,1347,62,338,581,436,35,1347,23,9,39.1,14,60.9,730,3752,2187,62,32,7,18,8,832,128,Matches,2021-2022
489,Takehiro Tomiyasu,jp JPN,DF,Arsenal,22,1998,18.7,1310,73,402,632,285,20,1310,15,9,60.0,6,40.0,633,3064,1472,32,26,4,27,12,743,41,Matches,2021-2022
490,James Tomkins,eng ENG,DF,Crystal Palace,32,1989,6.1,373,78,260,104,9,8,373,1,1,100.0,0,0.0,211,797,313,1,0,0,2,0,249,1,Matches,2021-2022
491,Ivan Toney,eng ENG,FW,Brentford,25,1996,32.3,1198,53,144,515,550,158,1193,50,24,48.0,26,52.0,640,2577,1042,28,26,13,109,44,910,168,Matches,2021-2022
492,Ferrán Torres,es ESP,FW,Manchester City,21,2000,3.4,100,0,7,27,66,24,100,6,4,66.7,2,33.3,57,246,90,5,1,3,4,2,77,26,Matches,2021-2022
493,Cenk Tosun,tr TUR,MF,Everton,30,1991,0.1,3,0,0,3,0,0,3,0,0,,0,,3,2,0,0,0,0,1,0,2,0,Matches,2021-2022
494,Andros Townsend,eng ENG,"MF,FW",Everton,30,1991,16.2,708,13,118,257,343,27,707,48,26,54.2,22,45.8,400,2570,1151,41,28,7,44,19,430,100,Matches,2021-2022
495,Adama Traoré,es ESP,"FW,MF",Wolves,25,1996,11.9,474,3,47,189,265,51,474,102,83,81.4,19,18.6,341,3864,2076,84,42,25,46,29,397,85,Matches,2021-2022
496,Bertrand Traoré,bf BFA,"MF,FW",Aston Villa,25,1995,2.4,125,1,6,58,63,14,125,19,10,52.6,9,47.4,92,768,271,12,4,6,12,2,94,13,Matches,2021-2022
497,Trézéguet,eg EGY,FW,Aston Villa,26,1994,0.1,10,0,0,3,7,1,10,1,1,100.0,0,0.0,9,60,19,0,0,0,2,0,9,4,Matches,2021-2022
498,Francisco Trincão,pt POR,"FW,MF",Wolves,21,1999,14.8,676,2,64,309,316,46,676,86,44,51.2,42,48.8,396,2896,1504,56,27,16,45,18,470,93,Matches,2021-2022
499,Kieran Trippier,eng ENG,DF,Newcastle Utd,30,1990,4.8,339,22,109,155,79,0,339,3,1,33.3,2,66.7,106,317,169,2,3,1,1,1,129,8,Matches,2021-2022
500,William Troost-Ekong,ng NGA,DF,Watford,27,1993,15.4,749,146,470,266,17,7,749,2,1,50.0,1,50.0,414,2060,1341,7,0,0,5,0,433,3,Matches,2021-2022
501,Leandro Trossard,be BEL,"FW,MF",Brighton,26,1994,31.2,1535,23,146,573,834,151,1534,80,56,70.0,24,30.0,987,5847,2686,97,52,43,93,73,1163,222,Matches,2021-2022
502,Kostas Tsimikas,gr GRE,DF,Liverpool,25,1996,9.7,809,39,170,313,332,32,809,20,8,40.0,12,60.0,430,2581,1422,48,22,7,8,5,485,109,Matches,2021-2022
503,Axel Tuanzebe,cd COD,DF,Aston Villa,23,1997,5.6,280,42,157,117,8,6,280,0,0,,0,,177,747,423,1,0,0,3,0,181,0,Matches,2021-2022
504,Ozan Tufan,tr TUR,MF,Watford,26,1995,3.7,155,4,22,87,47,9,155,6,3,50.0,3,50.0,70,422,136,2,3,1,5,3,90,13,Matches,2021-2022
505,Christos Tzolis,gr GRE,"FW,MF",Norwich City,19,2002,3.7,140,4,25,43,73,18,140,2,0,0.0,2,100.0,90,426,213,8,7,4,10,4,100,31,Matches,2021-2022
506,Yan Valery,tn TUN,DF,Southampton,22,1999,4.1,213,19,81,104,28,0,213,5,1,20.0,4,80.0,106,562,234,3,4,0,1,2,95,4,Matches,2021-2022
507,Virgil van Dijk,nl NED,DF,Liverpool,30,1991,34.0,2894,300,1296,1514,90,57,2894,8,6,75.0,2,25.0,1717,6530,3379,11,4,0,5,3,2096,4,Matches,2021-2022
508,Raphaël Varane,fr FRA,DF,Manchester Utd,28,1993,20.3,1336,162,645,659,40,15,1336,3,2,66.7,1,33.3,818,4704,2662,11,8,0,7,0,897,2,Matches,2021-2022
509,Jamie Vardy,eng ENG,FW,Leicester City,34,1987,20.1,409,18,26,152,234,104,409,22,9,40.9,13,59.1,200,1392,748,37,17,25,25,8,273,112,Matches,2021-2022
510,Joël Veltman,nl NED,DF,Brighton,29,1992,31.9,2235,176,811,1053,389,25,2235,32,16,50.0,16,50.0,1139,4847,2093,25,24,2,28,10,1249,65,Matches,2021-2022
511,Jannik Vestergaard,dk DEN,DF,Leicester City,28,1992,6.3,457,93,255,192,10,5,457,4,4,100.0,0,0.0,273,1189,563,2,3,0,4,0,308,0,Matches,2021-2022
512,Nikola Vlašić,hr CRO,"FW,MF",West Ham,23,1997,6.2,277,1,31,126,126,22,277,18,9,50.0,9,50.0,179,1223,538,21,12,10,12,9,209,48,Matches,2021-2022
513,Matěj Vydra,cz CZE,FW,Burnley,29,1992,7.5,208,9,22,64,124,36,208,13,6,46.2,7,53.8,119,452,132,2,4,2,30,9,140,43,Matches,2021-2022
514,Theo Walcott,eng ENG,"MF,FW",Southampton,32,1989,4.2,125,3,26,41,60,18,125,3,1,33.3,2,66.7,71,371,109,3,2,3,10,1,86,19,Matches,2021-2022
515,Kyle Walker,eng ENG,DF,Manchester City,31,1990,19.5,1770,39,344,1045,387,23,1770,14,7,50.0,7,50.0,1128,4752,2145,43,36,5,15,6,1356,65,Matches,2021-2022
516,Kyle Walker-Peters,eng ENG,DF,Southampton,24,1997,29.3,1715,86,427,714,608,76,1715,95,64,67.4,31,32.6,941,6571,3883,134,92,33,42,43,981,165,Matches,2021-2022
517,Aaron Wan-Bissaka,eng ENG,DF,Manchester Utd,23,1997,19.9,1365,75,454,565,366,28,1365,61,36,59.0,25,41.0,716,4088,2131,55,41,8,23,13,815,90,Matches,2021-2022
518,Danny Ward,wls WAL,GK,Leicester City,28,1993,1.0,37,33,37,0,0,0,37,0,0,,0,,24,82,56,0,0,0,0,0,17,0,Matches,2021-2022
519,Joel Ward,eng ENG,DF,Crystal Palace,31,1989,27.6,2038,150,783,938,330,12,2038,26,20,76.9,6,23.1,1028,4386,2409,27,24,0,29,18,1212,37,Matches,2021-2022
520,James Ward-Prowse,eng ENG,MF,Southampton,26,1994,35.7,2438,77,415,1288,748,20,2434,20,12,60.0,8,40.0,1070,3992,1726,21,29,3,20,25,1362,42,Matches,2021-2022
521,Ollie Watkins,eng ENG,FW,Aston Villa,25,1995,32.8,1046,30,61,423,575,173,1045,68,37,54.4,31,45.6,630,3174,1581,74,32,49,86,53,820,226,Matches,2021-2022
522,Adam Webster,eng ENG,DF,Brighton,26,1995,15.9,1323,120,582,661,88,13,1323,12,10,83.3,2,16.7,763,4197,2676,19,21,1,8,1,907,7,Matches,2021-2022
523,Wout Weghorst,nl NED,FW,Burnley,28,1992,16.1,626,20,67,305,257,58,626,23,13,56.5,10,43.5,291,1089,310,7,9,3,40,29,414,81,Matches,2021-2022
524,Danny Welbeck,eng ENG,"FW,MF",Brighton,30,1990,16.4,471,20,34,146,293,71,471,21,10,47.6,11,52.4,277,1341,514,22,12,8,51,22,358,105,Matches,2021-2022
525,Timo Werner,de GER,"FW,MF",Chelsea,25,1996,14.3,550,2,31,170,357,110,550,33,10,30.3,23,69.7,323,2246,1009,46,17,29,34,19,442,144,Matches,2021-2022
526,Ashley Westwood,eng ENG,MF,Burnley,31,1990,25.4,1415,45,223,826,379,16,1415,18,10,55.6,8,44.4,628,2394,948,12,12,3,29,14,804,27,Matches,2021-2022
527,Ben White,eng ENG,DF,Arsenal,23,1997,32.0,2145,220,994,1051,114,19,2145,20,10,50.0,10,50.0,1295,6680,4213,38,15,1,18,11,1442,4,Matches,2021-2022
528,Brandon Williams,eng ENG,DF,Norwich City,20,2000,23.6,1415,110,524,594,318,30,1415,39,20,51.3,19,48.7,784,5226,2711,57,47,9,39,17,781,58,Matches,2021-2022
529,Neco Williams,wls WAL,DF,Liverpool,20,2001,0.1,10,0,1,5,4,1,10,1,1,100.0,0,0.0,7,39,29,1,0,1,0,0,9,2,Matches,2021-2022
530,Joe Willock,eng ENG,MF,Newcastle Utd,21,1999,22.6,864,19,194,414,283,59,864,71,36,50.7,35,49.3,494,3203,1571,48,30,14,56,20,496,77,Matches,2021-2022
531,Callum Wilson,eng ENG,FW,Newcastle Utd,29,1992,15.4,320,12,29,125,169,69,318,21,10,47.6,11,52.4,192,829,309,14,9,15,59,27,243,52,Matches,2021-2022
532,Harry Winks,eng ENG,MF,Tottenham,25,1996,10.1,768,21,162,473,142,2,768,15,8,53.3,7,46.7,538,2446,973,10,14,1,16,6,592,18,Matches,2021-2022
533,Yoane Wissa,cd COD,FW,Brentford,24,1996,14.3,419,12,57,175,195,47,419,30,19,63.3,11,36.7,241,1217,557,19,12,6,34,6,284,84,Matches,2021-2022
534,Chris Wood,nz NZL,FW,Burnley,29,1991,15.2,431,7,19,196,217,46,431,8,4,50.0,4,50.0,172,489,164,5,2,2,40,12,342,69,Matches,2021-2022
535,Chris Wood,nz NZL,FW,Newcastle Utd,29,1991,14.7,461,14,41,243,178,49,460,10,2,20.0,8,80.0,193,559,144,5,7,1,44,8,356,60,Matches,2021-2022
536,Freddie Woodman,eng ENG,GK,Newcastle Utd,24,1997,4.0,128,114,128,0,0,0,128,0,0,,0,,65,417,198,0,0,0,0,0,48,0,Matches,2021-2022
537,Granit Xhaka,ch SUI,"MF,DF",Arsenal,28,1992,25.9,1786,61,311,1028,461,36,1786,26,19,73.1,7,26.9,1030,4746,2374,39,29,4,23,23,1297,67,Matches,2021-2022
538,Andriy Yarmolenko,ua UKR,"FW,MF",West Ham,31,1989,3.5,147,6,23,48,76,19,147,8,3,37.5,5,62.5,92,529,271,12,3,8,4,1,117,28,Matches,2021-2022
539,Ashley Young,eng ENG,"DF,FW",Aston Villa,36,1985,13.9,756,37,207,349,214,14,756,16,9,56.3,7,43.8,428,2105,1080,27,16,7,11,3,471,57,Matches,2021-2022
540,Nathan Young-Coombes,eng ENG,MF,Brentford,18,2003,0.0,1,0,0,0,1,0,1,0,0,,0,,1,0,0,0,0,0,1,0,1,0,Matches,2021-2022
541,Wilfried Zaha,ci CIV,FW,Crystal Palace,28,1992,30.7,1443,11,155,594,720,129,1436,152,75,49.3,77,50.7,1058,6768,3179,113,75,47,124,110,1128,265,Matches,2021-2022
542,Christoph Zimmermann,de GER,DF,Norwich City,28,1993,1.7,77,10,39,35,3,1,77,1,1,100.0,0,0.0,47,336,165,1,0,0,0,0,46,0,Matches,2021-2022
543,Oleksandr Zinchenko,ua UKR,DF,Manchester City,24,1996,11.6,1169,24,189,622,364,21,1169,12,7,58.3,5,41.7,720,3163,1844,32,36,2,10,6,879,88,Matches,2021-2022
544,Hakim Ziyech,ma MAR,"MF,FW",Chelsea,28,1993,14.7,968,9,80,345,553,52,968,65,28,43.1,37,56.9,646,3238,1463,50,31,20,45,24,707,142,Matches,2021-2022
545,Kurt Zouma,fr FRA,DF,West Ham,26,1994,23.1,1247,245,702,520,34,15,1247,3,1,33.3,2,66.7,712,3270,1767,11,6,0,6,0,774,2,Matches,2021-2022
546,Martin Ødegaard,no NOR,"MF,FW",Arsenal,22,1998,30.9,1867,16,197,886,796,59,1867,46,25,54.3,21,45.7,1133,5740,2460,57,58,10,39,48,1375,146,Matches,2021-2022
1,Patrick van Aanholt,nl NED,DF,Crystal Palace,29,1990,19.7,1353,61,420,612,329,37,1353,22,10,45.5,12,54.5,728,3406,1622,38,29,9,24,6,800,87,Matches,2020-2021
2,Tammy Abraham,eng ENG,FW,Chelsea,22,1997,11.6,358,20,35,171,154,61,358,18,6,33.3,12,66.7,154,694,266,12,5,8,33,7,239,66,Matches,2020-2021
3,Che Adams,sct SCO,FW,Southampton,24,1996,29.6,926,24,98,403,439,97,926,50,28,56.0,22,44.0,516,2336,900,32,28,13,88,44,713,149,Matches,2020-2021
4,Tosin Adarabioyo,eng ENG,DF,Fulham,22,1997,32.8,2272,398,1310,900,67,35,2272,14,11,78.6,3,21.4,1337,5844,3132,5,5,0,12,5,1522,3,Matches,2020-2021
5,Adrián,es ESP,GK,Liverpool,33,1987,3.0,110,99,110,0,0,0,110,0,0,,0,,52,259,79,0,0,0,0,0,47,0,Matches,2020-2021
6,Sergio Agüero,ar ARG,FW,Manchester City,32,1988,6.2,234,0,5,99,131,45,232,13,8,61.5,5,38.5,155,769,330,12,10,3,15,11,191,39,Matches,2020-2021
7,Ola Aina,ng NGA,DF,Fulham,23,1996,29.6,2052,105,781,957,330,17,2052,33,21,63.6,12,36.4,1070,5595,3024,63,40,5,27,10,1254,50,Matches,2020-2021
8,Rayan Aït-Nouri,dz ALG,DF,Wolves,19,2001,15.6,996,42,267,430,309,26,996,54,26,48.1,28,51.9,573,2959,1702,47,34,9,30,19,622,85,Matches,2020-2021
9,Semi Ajayi,ng NGA,DF,West Brom,26,1993,30.9,1325,223,691,559,86,43,1325,18,10,55.6,8,44.4,536,3098,1537,13,10,2,24,5,652,7,Matches,2020-2021
10,Nathan Aké,nl NED,DF,Manchester City,25,1995,8.9,819,40,182,570,67,6,819,1,0,0.0,1,100.0,569,2748,1678,12,22,0,2,1,658,6,Matches,2020-2021
11,Marc Albrighton,eng ENG,"DF,FW",Leicester City,30,1989,19.4,1163,37,246,462,476,37,1163,66,37,56.1,29,43.9,615,3494,1576,46,33,7,33,29,725,139,Matches,2020-2021
12,Thiago Alcántara,es ESP,MF,Liverpool,29,1991,20.6,1946,31,296,1226,438,16,1946,48,33,68.8,15,31.3,1252,5861,2930,27,58,4,23,18,1475,25,Matches,2020-2021
13,Toby Alderweireld,be BEL,DF,Tottenham,31,1989,24.9,1687,267,932,726,35,14,1687,4,4,100.0,0,0.0,987,4485,2370,3,5,0,2,2,1114,1,Matches,2020-2021
14,Rúnar Alex Rúnarsson,is ISL,GK,Arsenal,25,1995,0.2,13,10,12,1,0,0,13,0,0,,0,,5,26,12,0,0,0,0,0,6,0,Matches,2020-2021
15,Trent Alexander-Arnold,eng ENG,DF,Liverpool,21,1998,33.7,3318,73,699,1494,1151,81,3318,61,32,52.5,29,47.5,1992,9462,5442,98,95,24,31,22,2202,249,Matches,2020-2021
16,Ezgjan Alioski,mk MKD,"DF,MF",Leeds United,28,1992,27.3,1951,75,560,902,503,41,1951,26,11,42.3,15,57.7,1007,5508,3290,77,43,5,37,15,1197,122,Matches,2020-2021
17,Alisson,br BRA,GK,Liverpool,27,1992,33.0,1239,931,1224,16,1,1,1239,2,2,100.0,0,0.0,709,2807,1763,0,0,0,0,0,669,0,Matches,2020-2021
18,Allan,br BRA,MF,Everton,29,1991,22.8,1310,68,382,816,136,3,1310,49,31,63.3,18,36.7,721,4220,2314,30,31,2,21,18,831,8,Matches,2020-2021
19,Dele Alli,eng ENG,MF,Tottenham,24,1996,6.9,444,7,64,241,146,23,444,25,11,44.0,14,56.0,276,1588,641,15,18,5,13,16,303,30,Matches,2020-2021
20,Miguel Almirón,py PAR,"MF,FW",Newcastle Utd,26,1994,27.0,1179,33,230,557,421,40,1179,73,39,53.4,34,46.6,773,5516,2516,70,48,14,48,34,792,109,Matches,2020-2021
21,Marcos Alonso,es ESP,DF,Chelsea,29,1990,10.7,729,32,199,300,238,38,729,17,9,52.9,8,47.1,362,1815,1095,24,18,4,13,9,450,74,Matches,2020-2021
22,Steven Alzate,co COL,MF,Brighton,21,1998,10.0,536,17,105,308,128,12,536,16,8,50.0,8,50.0,323,1638,807,16,8,1,13,9,393,16,Matches,2020-2021
23,Daniel Amartey,gh GHA,DF,Leicester City,25,1994,8.0,572,61,286,256,33,6,572,3,1,33.3,2,66.7,301,1291,682,4,4,0,5,3,344,0,Matches,2020-2021
24,Ethan Ampadu,wls WAL,"DF,MF",Sheffield Utd,19,2000,23.2,1374,138,516,670,202,6,1374,15,13,86.7,2,13.3,678,4063,2384,25,28,0,16,5,765,23,Matches,2020-2021
25,Joachim Andersen,dk DEN,DF,Fulham,24,1996,30.3,2275,309,1259,944,90,25,2275,11,9,81.8,2,18.2,1304,7345,4043,20,13,1,10,3,1456,7,Matches,2020-2021
26,Elliot Anderson,eng ENG,MF,Newcastle Utd,17,2002,0.0,2,0,0,1,1,1,2,0,0,,0,,1,1,0,0,0,0,0,0,1,1,Matches,2020-2021
27,Felipe Anderson,br BRA,"FW,MF",West Ham,27,1993,0.0,7,0,0,4,3,1,7,0,0,,0,,6,78,51,2,1,0,0,0,6,0,Matches,2020-2021
28,Michail Antonio,jm JAM,FW,West Ham,30,1990,21.9,783,11,34,299,460,120,783,87,43,49.4,44,50.6,473,2817,1365,59,31,25,78,49,638,177,Matches,2020-2021
29,Alphonse Areola,fr FRA,GK,Fulham,27,1993,36.0,1101,972,1096,5,0,0,1101,0,0,,0,,574,2982,1600,0,0,0,1,0,414,0,Matches,2020-2021
30,Stuart Armstrong,sct SCO,MF,Southampton,28,1992,30.7,1669,38,234,946,512,53,1669,106,68,64.2,38,35.8,985,7033,3521,109,75,10,77,68,1132,118,Matches,2020-2021
31,Kepa Arrizabalaga,es ESP,GK,Chelsea,25,1994,6.5,258,233,255,3,0,0,258,0,0,,0,,145,605,379,0,0,0,2,0,149,0,Matches,2020-2021
32,Pierre-Emerick Aubameyang,ga GAB,FW,Arsenal,31,1989,25.9,887,19,113,345,437,119,885,25,12,48.0,13,52.0,525,3124,1692,65,29,28,39,19,703,195,Matches,2020-2021
33,Serge Aurier,ci CIV,DF,Tottenham,27,1992,17.8,1221,78,416,555,264,25,1221,32,17,53.1,15,46.9,558,2181,1129,28,16,5,29,13,678,82,Matches,2020-2021
34,Charlie Austin,eng ENG,"FW,MF",West Brom,31,1989,1.5,55,4,8,22,26,4,55,2,1,50.0,1,50.0,22,101,51,1,2,1,4,2,36,4,Matches,2020-2021
35,Jordan Ayew,gh GHA,"FW,MF",Crystal Palace,28,1991,23.3,973,17,137,476,381,57,973,89,52,58.4,37,41.6,585,3988,1762,58,32,14,82,60,711,109,Matches,2020-2021
36,Luke Ayling,eng ENG,DF,Leeds United,28,1991,37.8,3219,236,1348,1400,498,68,3219,59,41,69.5,18,30.5,1818,11724,7382,110,39,6,55,21,2030,110,Matches,2020-2021
37,César Azpilicueta,es ESP,DF,Chelsea,30,1989,24.3,2302,113,813,1056,447,38,2302,14,6,42.9,8,57.1,1154,5118,2985,37,35,2,17,6,1603,83,Matches,2020-2021
38,Eric Bailly,ci CIV,DF,Manchester Utd,26,1994,10.2,652,92,339,304,14,4,652,4,4,100.0,0,0.0,429,2480,1331,6,5,0,7,0,424,0,Matches,2020-2021
39,Fabián Balbuena,py PAR,DF,West Ham,28,1991,13.3,632,93,321,294,23,10,632,2,1,50.0,1,50.0,286,1263,610,3,1,0,3,0,334,2,Matches,2020-2021
40,George Baldock,gr GRE,DF,Sheffield Utd,27,1993,31.0,1443,95,389,502,569,45,1443,33,17,51.5,16,48.5,656,4130,1969,68,47,9,33,20,772,140,Matches,2020-2021
41,Gareth Bale,wls WAL,FW,Tottenham,31,1989,10.2,564,19,79,251,242,41,564,49,27,55.1,22,44.9,316,2345,1001,31,21,12,17,7,391,85,Matches,2020-2021
42,Patrick Bamford,eng ENG,FW,Leeds United,26,1993,33.9,850,47,82,384,394,163,848,40,19,47.5,21,52.5,388,1801,700,32,16,20,81,21,556,167,Matches,2020-2021
43,Phil Bardsley,sct SCO,DF,Burnley,35,1985,3.0,196,12,58,102,38,1,196,4,3,75.0,1,25.0,72,335,183,4,6,0,1,1,92,6,Matches,2020-2021
44,Ross Barkley,eng ENG,MF,Aston Villa,26,1993,17.0,945,18,114,416,428,53,945,43,29,67.4,11,25.6,507,2834,1398,40,26,12,38,32,655,73,Matches,2020-2021
45,Ross Barkley,eng ENG,"FW,MF",Chelsea,26,1993,0.5,32,1,7,18,8,0,32,1,1,100.0,0,0.0,18,132,69,2,2,0,2,1,26,1,Matches,2020-2021
46,Ashley Barnes,eng ENG,FW,Burnley,30,1989,14.8,489,11,41,208,241,66,488,2,1,50.0,1,50.0,250,813,332,8,9,4,44,21,378,79,Matches,2020-2021
47,Harvey Barnes,eng ENG,"FW,MF",Leicester City,22,1997,21.6,914,13,109,344,482,96,914,89,40,44.9,49,55.1,591,4576,2576,105,79,33,58,31,706,163,Matches,2020-2021
48,Kyle Bartley,eng ENG,DF,West Brom,29,1991,28.7,1172,266,712,393,73,40,1172,4,4,100.0,0,0.0,440,2113,859,2,3,0,9,2,507,3,Matches,2020-2021
49,Chris Basham,eng ENG,"DF,MF",Sheffield Utd,32,1988,28.6,1518,168,574,665,295,41,1518,30,21,70.0,9,30.0,707,4074,2566,38,32,2,30,19,792,48,Matches,2020-2021
50,Michy Batshuayi,be BEL,FW,Crystal Palace,26,1993,8.1,255,6,23,132,104,25,255,17,11,64.7,6,35.3,146,875,517,16,10,7,26,22,197,44,Matches,2020-2021
51,Jan Bednarek,pl POL,DF,Southampton,24,1996,34.4,2480,276,1277,1156,57,16,2480,6,5,83.3,1,16.7,1357,6240,3249,13,8,0,11,5,1516,3,Matches,2020-2021
52,Donny van de Beek,nl NED,"MF,FW",Manchester Utd,23,1997,5.8,345,12,58,184,106,24,345,11,8,72.7,3,27.3,183,637,272,7,6,0,11,8,243,39,Matches,2020-2021
53,Héctor Bellerín,es ESP,"DF,MF",Arsenal,25,1995,23.2,1527,55,394,658,482,47,1527,25,12,48.0,13,52.0,810,3777,2176,46,32,9,24,5,961,142,Matches,2020-2021
54,Saïd Benrahma,dz ALG,"FW,MF",West Ham,24,1995,15.5,752,13,113,307,351,49,752,80,42,52.5,38,47.5,509,3605,1793,63,35,16,48,33,535,107,Matches,2020-2021
55,Josh Benson,eng ENG,MF,Burnley,20,1999,2.9,110,3,16,59,36,2,110,7,2,28.6,5,71.4,52,202,116,1,2,0,4,4,72,8,Matches,2020-2021
56,Christian Benteke,be BEL,FW,Crystal Palace,29,1990,20.2,837,53,82,411,350,118,837,27,16,59.3,11,40.7,351,1499,464,14,10,9,59,27,661,124,Matches,2020-2021
57,Gaetano Berardi,ch SUI,DF,Leeds United,31,1988,1.3,72,6,37,32,3,1,72,0,0,,0,,36,138,79,0,0,0,0,0,45,1,Matches,2020-2021
58,Jóhann Berg Guðmundsson,is ISL,MF,Burnley,29,1990,15.1,612,27,96,267,254,29,612,27,10,37.0,17,63.0,358,2073,798,25,15,2,17,12,414,74,Matches,2020-2021
59,Sander Berge,no NOR,MF,Sheffield Utd,22,1998,12.4,590,31,109,295,199,31,589,32,20,62.5,12,37.5,363,2831,1397,39,30,10,24,13,390,33,Matches,2020-2021
60,Steven Bergwijn,nl NED,"FW,MF",Tottenham,22,1997,13.4,556,11,81,238,250,33,556,45,22,48.9,23,51.1,354,2096,999,32,31,11,30,15,411,83,Matches,2020-2021
61,Bernard,br BRA,"MF,FW",Everton,27,1992,5.1,337,7,34,163,141,14,337,16,10,62.5,6,37.5,225,1116,540,13,10,2,16,11,246,42,Matches,2020-2021
62,Bernardo,br BRA,"DF,MF",Brighton,25,1995,2.3,113,4,24,36,53,6,113,3,0,0.0,3,100.0,63,234,104,2,2,0,1,4,79,15,Matches,2020-2021
63,Ryan Bertrand,eng ENG,DF,Southampton,30,1989,28.9,1803,58,427,894,492,42,1803,9,3,33.3,6,66.7,827,4066,2364,46,41,6,25,8,1030,120,Matches,2020-2021
64,Yves Bissouma,ml MLI,MF,Brighton,23,1996,34.6,2106,99,500,1272,371,11,2106,73,53,72.6,20,27.4,1211,7336,3269,55,45,2,33,29,1364,26,Matches,2020-2021
65,Jayden Bogle,eng ENG,"DF,MF",Sheffield Utd,20,2000,12.3,568,26,154,172,250,33,568,31,11,35.5,20,64.5,267,1182,482,11,7,5,20,17,291,61,Matches,2020-2021
66,Willy Boly,ci CIV,DF,Wolves,29,1991,20.9,1243,126,599,603,47,23,1243,4,4,100.0,0,0.0,687,2742,1284,5,8,2,10,3,826,1,Matches,2020-2021
67,Jarrod Bowen,eng ENG,"FW,MF",West Ham,23,1996,28.5,1038,12,142,391,528,103,1038,67,36,53.7,31,46.3,611,5080,1881,83,44,40,63,50,692,165,Matches,2020-2021
68,Robbie Brady,ie IRL,MF,Burnley,28,1992,11.7,537,43,121,240,185,22,537,15,11,73.3,4,26.7,250,1482,597,14,11,3,17,9,292,40,Matches,2020-2021
69,Rhian Brewster,eng ENG,"FW,MF",Sheffield Utd,20,2000,12.5,342,4,27,140,178,30,342,15,8,53.3,7,46.7,176,801,306,11,11,4,20,18,225,48,Matches,2020-2021
70,Nathan Broadhead,wls WAL,FW,Everton,22,1998,0.0,3,0,1,2,0,0,3,0,0,,0,,0,0,0,0,0,0,0,0,2,0,Matches,2020-2021
71,Josh Brownhill,eng ENG,MF,Burnley,24,1995,31.3,1506,69,262,835,423,61,1506,21,15,71.4,7,33.3,682,2691,1125,22,33,4,35,15,819,69,Matches,2020-2021
72,Joe Bryan,eng ENG,"DF,MF",Fulham,26,1993,7.4,500,20,150,195,159,7,500,14,14,100.0,0,0.0,258,1273,720,13,14,1,13,3,289,33,Matches,2020-2021
73,Kean Bryan,eng ENG,DF,Sheffield Utd,23,1996,11.2,600,60,272,278,56,7,600,5,3,60.0,2,40.0,293,1300,682,7,6,0,10,1,322,18,Matches,2020-2021
74,Oliver Burke,sct SCO,FW,Sheffield Utd,23,1997,14.1,431,4,33,170,232,62,431,30,16,53.3,14,46.7,239,1582,613,30,20,21,47,28,307,108,Matches,2020-2021
75,Dan Burn,eng ENG,DF,Brighton,28,1992,22.9,1549,109,474,756,332,40,1549,20,12,60.0,8,40.0,749,3852,2098,34,22,1,28,9,934,73,Matches,2020-2021
76,Jack Butland,eng ENG,GK,Crystal Palace,27,1993,1.0,24,17,24,0,0,0,24,0,0,,0,,11,72,58,0,0,0,0,0,4,0,Matches,2020-2021
77,David Button,eng ENG,GK,West Brom,31,1989,1.0,37,31,37,0,0,0,37,0,0,,0,,19,103,54,0,0,0,0,0,13,0,Matches,2020-2021
78,Oskar Buur,dk DEN,DF,Wolves,22,1998,0.2,18,1,7,11,0,0,18,0,0,,0,,8,34,21,1,0,0,0,1,13,0,Matches,2020-2021
79,Willy Caballero,ar ARG,GK,Chelsea,38,1981,1.0,26,19,26,0,0,0,26,0,0,,0,,13,46,34,0,0,0,0,0,16,0,Matches,2020-2021
80,Gary Cahill,eng ENG,DF,Crystal Palace,34,1985,20.0,938,145,564,334,41,27,938,1,1,100.0,0,0.0,449,2207,997,3,0,0,7,1,529,0,Matches,2020-2021
81,Tom Cairney,sct SCO,MF,Fulham,29,1991,8.4,687,8,86,369,238,14,687,17,16,94.1,1,5.9,467,2264,1034,22,15,4,15,11,567,25,Matches,2020-2021
82,Dominic Calvert-Lewin,eng ENG,FW,Everton,23,1997,31.9,1044,44,92,452,508,144,1044,49,22,44.9,27,55.1,530,2945,953,36,23,16,102,29,829,160,Matches,2020-2021
83,João Cancelo,pt POR,"DF,MF",Manchester City,26,1994,25.5,2421,66,464,1199,780,68,2421,81,47,58.0,34,42.0,1472,6848,3454,80,74,24,36,21,1696,150,Matches,2020-2021
84,Andy Carroll,eng ENG,FW,Newcastle Utd,31,1989,4.4,204,13,19,108,77,20,204,4,2,50.0,2,50.0,82,221,60,2,1,2,18,3,141,18,Matches,2020-2021
85,Scott Carson,eng ENG,GK,Manchester City,34,1985,1.0,19,17,19,0,0,0,19,0,0,,0,,12,54,43,0,0,0,0,0,7,0,Matches,2020-2021
86,Fabio Carvalho,pt POR,"MF,FW",Fulham,17,2002,2.8,133,0,11,57,66,16,133,10,8,80.0,2,20.0,85,458,196,10,4,5,11,9,89,14,Matches,2020-2021
87,Matty Cash,pl POL,DF,Aston Villa,22,1997,26.4,1655,143,570,766,335,24,1655,18,12,66.7,6,33.3,756,4248,1961,43,33,5,20,13,812,62,Matches,2020-2021
88,Kiko Casilla,es ESP,GK,Leeds United,33,1986,3.0,103,88,103,0,0,0,103,0,0,,0,,47,211,126,0,0,0,0,0,37,0,Matches,2020-2021
89,Timothy Castagne,be BEL,DF,Leicester City,24,1995,26.1,1800,70,522,848,440,40,1800,24,11,45.8,13,54.2,919,3963,2154,52,27,3,24,11,1160,148,Matches,2020-2021
90,Jonny Castro,es ESP,"MF,DF",Wolves,26,1994,5.5,299,14,85,135,80,6,299,8,3,37.5,5,62.5,128,725,400,13,6,2,9,7,167,18,Matches,2020-2021
91,Ivan Cavaleiro,pt POR,FW,Fulham,26,1993,27.5,1201,25,145,473,597,73,1199,98,53,54.1,45,45.9,710,4699,1861,68,40,23,100,50,834,230,Matches,2020-2021
92,Edinson Cavani,uy URU,FW,Manchester Utd,33,1987,15.3,466,12,34,196,238,69,466,12,6,50.0,6,50.0,223,764,185,5,4,4,31,10,337,80,Matches,2020-2021
93,Dani Ceballos,es ESP,MF,Arsenal,23,1996,17.9,1482,61,320,845,331,23,1482,38,26,68.4,12,31.6,964,6293,3308,54,49,3,23,15,1090,52,Matches,2020-2021
94,Calum Chambers,eng ENG,DF,Arsenal,25,1995,8.4,687,42,243,274,173,18,687,10,4,40.0,6,60.0,341,1596,778,16,12,0,7,4,412,49,Matches,2020-2021
95,Ben Chilwell,eng ENG,DF,Chelsea,23,1996,25.4,2104,49,518,875,725,65,2104,27,16,59.3,11,40.7,1173,6779,3594,94,68,9,34,19,1418,186,Matches,2020-2021
96,Hamza Choudhury,bd BAN,MF,Leicester City,22,1997,3.5,286,10,70,186,31,2,286,1,0,0.0,1,100.0,162,635,326,3,1,0,6,0,187,1,Matches,2020-2021
97,Andreas Christensen,dk DEN,DF,Chelsea,24,1996,15.2,1272,163,687,562,34,7,1272,7,7,100.0,0,0.0,799,3892,2134,7,12,0,9,1,939,1,Matches,2020-2021
98,Carney Chukwuemeka,eng ENG,"MF,FW",Aston Villa,16,2003,0.2,13,0,2,5,6,2,13,0,0,,0,,7,12,8,0,0,0,1,0,11,1,Matches,2020-2021
99,Ciaran Clark,ie IRL,DF,Newcastle Utd,30,1989,21.0,1026,179,610,374,48,16,1026,8,4,50.0,4,50.0,520,2406,1090,9,4,0,11,1,568,4,Matches,2020-2021
100,Nathaniel Clyne,eng ENG,DF,Crystal Palace,29,1991,12.7,698,35,227,331,142,6,698,6,4,66.7,2,33.3,346,1638,820,18,10,0,8,2,364,20,Matches,2020-2021
101,Conor Coady,eng ENG,DF,Wolves,27,1993,36.7,2137,402,1320,809,17,12,2137,8,6,75.0,2,25.0,1282,5200,2411,4,5,0,9,3,1494,2,Matches,2020-2021
102,Séamus Coleman,ie IRL,"DF,MF",Everton,31,1988,17.9,964,73,320,422,237,29,964,33,20,60.6,13,39.4,540,3113,1426,31,28,4,27,23,579,90,Matches,2020-2021
103,Aaron Connolly,ie IRL,FW,Brighton,20,2000,8.8,174,1,12,57,108,35,174,11,5,45.5,6,54.5,106,652,276,12,11,5,27,8,134,58,Matches,2020-2021
104,Liam Cooper,sct SCO,DF,Leeds United,28,1991,24.3,1934,207,1087,806,51,23,1934,4,3,75.0,1,25.0,1122,5979,3577,12,8,0,7,1,1242,1,Matches,2020-2021
105,Theo Corbeanu,ca CAN,FW,Wolves,18,2002,0.1,8,0,0,7,1,0,8,0,0,,0,,5,27,7,0,0,0,2,0,5,1,Matches,2020-2021
106,Jack Cork,eng ENG,MF,Burnley,31,1989,15.0,639,26,106,397,143,13,639,7,5,71.4,2,28.6,322,1337,520,8,11,1,14,13,375,13,Matches,2020-2021
107,Hélder Costa,ao ANG,"MF,FW",Leeds United,26,1994,12.8,497,9,92,182,230,44,497,48,19,39.6,29,60.4,303,2135,1162,47,17,13,43,20,337,84,Matches,2020-2021
108,Vladimír Coufal,cz CZE,DF,West Ham,27,1992,33.9,2096,162,629,897,588,42,2096,24,15,62.5,9,37.5,897,4638,2079,70,38,9,36,16,1057,159,Matches,2020-2021
109,Aaron Cresswell,eng ENG,DF,West Ham,30,1989,35.2,2366,169,758,1071,555,14,2366,10,4,40.0,6,60.0,1148,5201,2524,35,31,0,13,9,1349,96,Matches,2020-2021
110,Patrick Cutrone,it ITA,FW,Wolves,22,1998,0.3,4,0,0,1,3,1,4,0,0,,0,,2,5,0,0,0,0,1,0,4,3,Matches,2020-2021
111,Stuart Dallas,nir NIR,"MF,DF",Leeds United,29,1991,37.9,2600,86,691,1299,636,58,2600,33,22,66.7,11,33.3,1475,8193,4303,95,68,10,53,34,1747,126,Matches,2020-2021
112,Scott Dann,eng ENG,DF,Crystal Palace,33,1987,15.0,769,103,424,324,25,17,769,4,4,100.0,0,0.0,397,1543,779,2,0,0,5,0,446,0,Matches,2020-2021
113,Karl Darlow,wls WAL,GK,Newcastle Utd,29,1990,25.0,808,697,802,7,0,0,808,0,0,,0,,336,2189,1341,0,0,0,1,0,226,0,Matches,2020-2021
114,Ben Davies,wls WAL,DF,Tottenham,27,1993,15.0,954,77,305,462,192,13,954,7,3,42.9,4,57.1,469,2152,1221,28,20,3,5,2,554,55,Matches,2020-2021
115,Tom Davies,eng ENG,MF,Everton,22,1998,15.8,866,57,278,497,105,4,866,24,18,75.0,6,25.0,507,2495,1166,11,7,1,21,10,576,17,Matches,2020-2021
116,Keinan Davis,eng ENG,"FW,MF",Aston Villa,22,1998,3.1,118,3,8,46,67,29,118,12,9,75.0,3,25.0,73,401,182,7,6,4,10,4,97,37,Matches,2020-2021
117,Leif Davis,eng ENG,DF,Leeds United,20,2000,0.4,25,3,16,7,3,0,25,0,0,,0,,15,100,46,1,2,0,1,1,17,0,Matches,2020-2021
118,Craig Dawson,eng ENG,DF,West Ham,30,1990,21.4,961,164,540,396,32,21,961,0,0,,0,,522,2266,1078,2,3,0,5,0,537,1,Matches,2020-2021
119,Kevin De Bruyne,be BEL,MF,Manchester City,29,1991,22.2,1686,13,105,715,890,92,1683,67,48,71.6,19,28.4,1029,5855,3560,102,88,25,45,33,1285,186,Matches,2020-2021
120,Liam Delap,eng ENG,FW,Manchester City,17,2003,0.4,10,0,0,7,3,1,10,0,0,,0,,5,7,0,0,0,0,3,1,7,1,Matches,2020-2021
121,Fabian Delph,eng ENG,"MF,DF",Everton,30,1989,3.0,268,7,70,170,32,0,268,10,7,70.0,3,30.0,170,840,390,2,7,0,4,0,208,4,Matches,2020-2021
122,Leander Dendoncker,be BEL,"MF,DF",Wolves,25,1995,27.8,1488,95,435,834,227,59,1488,13,7,53.8,6,46.2,727,3396,1628,15,12,4,30,11,967,31,Matches,2020-2021
123,Mbaye Diagne,sn SEN,FW,West Brom,28,1991,13.2,346,20,51,152,147,42,346,16,10,62.5,6,37.5,186,754,288,4,2,4,26,19,280,60,Matches,2020-2021
124,Amad Diallo,ci CIV,FW,Manchester Utd,18,2002,1.8,93,3,19,49,28,1,93,14,5,35.7,9,64.3,63,431,227,9,6,0,5,5,64,7,Matches,2020-2021
125,Ibrahima Diallo,fr FRA,MF,Southampton,21,1999,11.3,722,26,164,468,102,9,722,17,10,58.8,7,41.2,410,1972,897,11,15,0,20,15,496,13,Matches,2020-2021
126,Grady Diangana,cd COD,"MF,FW",West Brom,22,1998,13.7,579,19,123,218,250,28,579,49,25,51.0,24,49.0,309,1641,818,25,25,7,52,38,378,84,Matches,2020-2021
127,Rúben Dias,pt POR,DF,Manchester City,23,1997,31.6,2954,245,1046,1846,74,29,2954,8,6,75.0,2,25.0,2087,11819,7375,38,19,0,10,4,2369,5,Matches,2020-2021
128,Eric Dier,eng ENG,DF,Tottenham,26,1994,28.0,2057,334,1136,875,56,21,2057,4,3,75.0,1,25.0,1249,6795,3953,21,7,2,12,1,1427,6,Matches,2020-2021
129,Lucas Digne,fr FRA,"DF,MF",Everton,27,1993,29.8,2026,100,546,836,657,35,2026,28,18,64.3,10,35.7,905,4384,2316,59,33,3,33,20,1088,197,Matches,2020-2021
130,Issa Diop,fr FRA,DF,West Ham,23,1997,15.3,735,106,364,362,11,8,735,5,3,60.0,2,40.0,365,1845,864,4,0,0,6,2,433,1,Matches,2020-2021
131,Moussa Djenepo,ml MLI,MF,Southampton,22,1998,13.8,647,16,132,307,214,38,647,52,27,51.9,25,48.1,350,1804,846,28,18,15,49,17,392,78,Matches,2020-2021
132,Matt Doherty,ie IRL,DF,Tottenham,28,1992,13.8,1018,59,319,468,240,15,1018,17,5,29.4,12,70.6,486,2013,1050,18,20,1,19,9,592,68,Matches,2020-2021
133,Abdoulaye Doucouré,ml MLI,MF,Everton,27,1993,27.1,1598,61,423,881,316,33,1598,33,21,63.6,12,36.4,857,4317,1973,34,41,3,35,26,1040,70,Matches,2020-2021
134,Martin Dúbravka,sk SVK,GK,Newcastle Utd,31,1989,13.0,467,400,465,2,0,0,467,0,0,,0,,232,1356,698,0,0,0,1,0,165,0,Matches,2020-2021
135,Paul Dummett,wls WAL,DF,Newcastle Utd,28,1991,13.9,717,85,367,294,59,5,717,4,3,75.0,1,25.0,317,1091,621,2,2,0,9,0,416,5,Matches,2020-2021
136,Lewis Dunk,eng ENG,DF,Brighton,28,1991,32.6,2511,361,1412,997,114,48,2511,8,6,75.0,2,25.0,1514,7618,3763,27,15,0,12,1,1743,7,Matches,2020-2021
137,Jimmy Dunne,ie IRL,DF,Burnley,22,1997,3.0,194,27,103,72,20,14,194,2,1,50.0,1,50.0,85,344,43,0,0,0,1,1,96,1,Matches,2020-2021
138,Ederson,br BRA,GK,Manchester City,26,1993,36.0,1174,948,1169,5,0,0,1174,0,0,,0,,755,3576,2401,0,0,0,2,0,669,0,Matches,2020-2021
139,Kyle Edwards,eng ENG,"MF,FW",West Brom,22,1998,1.3,50,0,10,22,19,4,50,4,1,25.0,3,75.0,28,258,142,5,2,2,1,1,33,4,Matches,2020-2021
140,John Egan,ie IRL,DF,Sheffield Utd,27,1992,29.2,1435,207,741,656,50,25,1435,0,0,,0,,732,4302,2399,11,9,1,5,1,789,2,Matches,2020-2021
141,Anthony Elanga,se SWE,FW,Manchester Utd,18,2002,1.7,84,2,15,33,39,5,84,7,3,42.9,4,57.1,57,262,68,2,3,0,8,2,65,13,Matches,2020-2021
142,Ahmed Elmohamady,eg EGY,DF,Aston Villa,32,1987,9.3,693,36,228,273,195,14,693,3,2,66.7,1,33.3,314,1108,567,10,6,1,5,3,374,36,Matches,2020-2021
143,Mohamed Elneny,eg EGY,MF,Arsenal,28,1992,17.2,1119,59,327,659,138,6,1119,7,4,57.1,3,42.9,755,3331,1583,17,15,1,7,4,848,12,Matches,2020-2021
144,Jonny Evans,nir NIR,DF,Leicester City,32,1988,27.5,2065,247,1093,943,44,18,2065,9,8,88.9,1,11.1,1251,5620,2951,7,5,0,5,4,1394,5,Matches,2020-2021
145,Eberechi Eze,eng ENG,MF,Crystal Palace,22,1998,28.4,1473,22,215,708,591,42,1473,118,64,54.2,54,45.8,967,6917,3318,79,70,18,57,37,1042,126,Matches,2020-2021
146,Łukasz Fabiański,pl POL,GK,West Ham,35,1985,35.0,1077,934,1075,2,0,0,1077,0,0,,0,,560,3883,2240,0,0,0,1,0,356,0,Matches,2020-2021
147,Fabinho,br BRA,"DF,MF",Liverpool,26,1993,28.5,2386,164,810,1430,155,12,2386,11,7,63.6,4,36.4,1469,6982,3870,27,20,3,17,7,1721,13,Matches,2020-2021
148,Bruno Fernandes,pt POR,MF,Manchester Utd,25,1994,34.4,2710,40,284,1165,1279,124,2700,45,23,51.1,22,48.9,1496,6475,3529,80,76,10,56,37,2063,263,Matches,2020-2021
149,Federico Fernández,ar ARG,DF,Newcastle Utd,31,1989,23.1,1169,268,719,377,76,14,1169,1,0,0.0,1,100.0,553,2133,858,1,0,0,8,2,619,7,Matches,2020-2021
150,Fernandinho,br BRA,MF,Manchester City,35,1985,13.2,1143,31,161,813,181,13,1143,13,10,76.9,3,23.1,703,3633,2218,31,42,4,7,4,867,5,Matches,2020-2021
151,Sam Field,eng ENG,MF,West Brom,22,1998,0.7,43,4,17,24,2,0,43,1,1,100.0,0,0.0,9,25,1,0,0,0,2,1,10,0,Matches,2020-2021
152,Roberto Firmino,br BRA,FW,Liverpool,28,1991,31.5,1663,18,104,789,788,176,1663,83,59,71.1,24,28.9,989,4862,2379,66,44,22,80,47,1279,222,Matches,2020-2021
153,Will Fish,eng ENG,FW,Manchester Utd,17,2003,0.0,0,0,0,0,0,0,0,0,0,,0,,0,0,0,0,0,0,0,0,0,0,Matches,2020-2021
154,John Fleck,sct SCO,MF,Sheffield Utd,28,1991,28.6,1476,36,248,744,502,25,1476,54,30,55.6,24,44.4,768,4026,2160,54,48,5,30,24,933,62,Matches,2020-2021
155,Phil Foden,eng ENG,"FW,MF",Manchester City,20,2000,18.0,1065,14,93,373,615,121,1065,67,38,56.7,29,43.3,673,3812,2138,81,40,42,47,15,833,213,Matches,2020-2021
156,Wesley Fofana,fr FRA,DF,Leicester City,19,2000,25.1,2036,186,865,1118,78,20,2036,21,15,71.4,6,28.6,1273,8129,4806,37,23,1,27,12,1344,8,Matches,2020-2021
157,Pablo Fornals,es ESP,"FW,MF",West Ham,24,1996,28.6,1407,22,229,690,511,66,1407,60,29,48.3,31,51.7,821,4358,2061,59,41,11,37,21,963,142,Matches,2020-2021
158,Fraser Forster,eng ENG,GK,Southampton,32,1988,8.0,302,239,296,6,0,0,302,0,0,,0,,123,708,447,0,0,0,0,0,116,0,Matches,2020-2021
159,Timothy Fosu-Mensah,nl NED,DF,Manchester Utd,22,1998,0.9,84,1,15,38,31,4,84,2,2,100.0,0,0.0,45,202,94,2,2,1,0,2,65,13,Matches,2020-2021
160,Tyrese Francois,au AUS,DF,Fulham,20,2000,0.2,18,0,6,7,5,0,18,1,0,0.0,1,100.0,13,57,42,2,1,0,0,0,14,2,Matches,2020-2021
161,Ryan Fraser,sct SCO,"FW,MF",Newcastle Utd,26,1994,10.3,431,12,49,138,250,22,431,4,3,75.0,1,25.0,241,1378,660,21,14,4,12,5,292,71,Matches,2020-2021
162,Fred,br BRA,MF,Manchester Utd,27,1993,26.6,2123,67,501,1256,391,15,2123,30,24,80.0,6,20.0,1227,5787,2712,31,33,1,29,30,1496,33,Matches,2020-2021
163,Ryan Fredericks,eng ENG,"DF,FW",West Ham,27,1992,6.3,353,33,94,148,113,12,353,7,3,42.9,4,57.1,154,758,454,11,8,2,3,3,198,39,Matches,2020-2021
164,Christian Fuchs,at AUT,DF,Leicester City,34,1986,7.8,681,53,221,392,71,2,681,2,0,0.0,2,100.0,358,1281,593,2,6,0,2,1,435,7,Matches,2020-2021
165,Darnell Furlong,eng ENG,DF,West Brom,24,1995,32.6,1551,130,463,644,452,59,1551,24,10,41.7,14,58.3,548,2782,1283,44,23,3,40,10,746,104,Matches,2020-2021
166,Conor Gallagher,eng ENG,MF,West Brom,20,2000,28.1,1313,56,285,665,383,35,1313,55,30,54.5,25,45.5,673,3774,1408,32,27,11,62,36,757,59,Matches,2020-2021
167,Eric García,es ESP,DF,Manchester City,19,2001,4.3,381,25,104,264,13,1,381,0,0,,0,,279,1454,1008,8,7,0,4,0,307,0,Matches,2020-2021
168,Dwight Gayle,eng ENG,"FW,MF",Newcastle Utd,29,1990,5.7,155,4,18,64,73,23,155,2,1,50.0,1,50.0,56,284,103,3,3,0,8,1,104,30,Matches,2020-2021
169,Jean-Philippe Gbamin,ci CIV,MF,Everton,24,1995,0.1,14,1,1,7,6,0,14,1,0,0.0,1,100.0,9,39,15,0,1,0,0,1,8,0,Matches,2020-2021
170,David de Gea,es ESP,GK,Manchester Utd,29,1990,25.5,639,580,638,1,0,0,639,1,1,100.0,0,0.0,284,1437,829,0,0,0,0,0,265,0,Matches,2020-2021
171,Anwar El Ghazi,nl NED,FW,Aston Villa,25,1995,17.9,841,23,71,279,498,72,837,49,26,53.1,23,46.9,499,2767,1435,50,38,11,48,35,648,163,Matches,2020-2021
172,Kieran Gibbs,eng ENG,DF,West Brom,30,1989,9.0,394,53,156,172,68,4,394,2,2,100.0,0,0.0,176,1024,493,11,6,1,9,1,192,17,Matches,2020-2021
173,Morgan Gibbs-White,eng ENG,"MF,FW",Wolves,20,2000,4.6,302,3,21,152,132,12,302,13,8,61.5,5,38.5,205,1118,547,15,15,2,18,5,237,27,Matches,2020-2021
174,Billy Gilmour,sct SCO,MF,Chelsea,19,2001,2.9,248,3,53,145,51,0,248,4,1,25.0,3,75.0,136,667,257,3,3,0,2,0,201,1,Matches,2020-2021
175,Olivier Giroud,fr FRA,FW,Chelsea,33,1986,8.3,307,11,40,128,141,52,307,2,2,100.0,0,0.0,121,279,119,0,1,0,17,6,229,40,Matches,2020-2021
176,Ben Godfrey,eng ENG,DF,Everton,22,1998,29.8,1692,208,847,740,124,16,1692,12,9,75.0,3,25.0,826,5110,2999,46,27,2,27,6,964,10,Matches,2020-2021
177,André Gomes,pt POR,MF,Everton,27,1993,17.4,1084,30,222,642,232,12,1084,48,31,64.6,17,35.4,643,3420,1587,30,25,4,30,31,771,28,Matches,2020-2021
178,Joe Gomez,eng ENG,DF,Liverpool,23,1997,6.6,603,64,236,364,5,0,603,4,4,100.0,0,0.0,431,2011,1053,4,1,0,2,3,429,1,Matches,2020-2021
179,Anthony Gordon,eng ENG,"FW,MF",Everton,19,2001,1.0,45,2,14,17,15,2,45,6,2,33.3,4,66.7,26,195,83,3,2,1,5,2,27,5,Matches,2020-2021
180,Karlan Grant,eng ENG,"FW,MF",West Brom,22,1997,12.5,354,17,47,140,170,36,354,16,9,56.3,7,43.8,177,1108,384,21,8,8,31,17,238,69,Matches,2020-2021
181,Demarai Gray,jm JAM,FW,Leicester City,24,1996,0.2,14,0,1,1,12,1,14,1,0,0.0,1,100.0,8,61,25,1,1,0,1,0,10,3,Matches,2020-2021
182,Jack Grealish,eng ENG,"FW,MF",Aston Villa,24,1995,24.3,1376,19,121,510,775,155,1376,101,65,64.4,36,35.6,926,7716,4643,172,98,79,55,39,1017,212,Matches,2020-2021
183,Mason Greenwood,eng ENG,FW,Manchester Utd,18,2001,20.2,960,4,93,387,492,100,960,66,36,54.5,30,45.5,670,4542,2186,67,37,35,35,29,816,175,Matches,2020-2021
184,Pascal Groß,de GER,"MF,DF",Brighton,29,1991,27.6,1915,43,339,882,704,65,1911,20,9,45.0,11,55.0,1011,4586,2013,57,48,5,35,17,1260,168,Matches,2020-2021
185,Kamil Grosicki,pl POL,"MF,FW",West Brom,32,1988,1.6,60,1,9,18,33,2,60,1,0,0.0,1,100.0,39,295,133,7,1,1,2,1,37,12,Matches,2020-2021
186,Vicente Guaita,es ESP,GK,Crystal Palace,33,1987,37.0,1152,986,1150,2,0,0,1152,0,0,,0,,548,3364,2288,0,0,0,0,0,388,0,Matches,2020-2021
187,İlkay Gündoğan,de GER,MF,Manchester City,29,1990,22.5,1928,20,198,1076,665,79,1926,39,27,69.2,12,30.8,1183,6098,3066,69,69,10,30,13,1593,92,Matches,2020-2021
188,Antwoine Hackford,eng ENG,DF,Sheffield Utd,16,2004,0.1,3,0,0,2,1,1,3,0,0,,0,,2,1,0,0,0,0,0,0,2,0,Matches,2020-2021
189,Sébastien Haller,ci CIV,FW,West Ham,26,1994,10.4,373,13,29,186,160,50,373,13,9,69.2,4,30.8,176,735,180,4,5,3,41,22,294,52,Matches,2020-2021
190,Rekeem Harper,eng ENG,MF,West Brom,20,2000,0.4,23,0,1,19,4,0,23,2,2,100.0,0,0.0,10,39,12,0,1,0,2,0,14,1,Matches,2020-2021
191,Jack Harrison,eng ENG,"MF,FW",Leeds United,23,1996,31.6,1544,37,281,517,758,114,1544,78,42,53.8,36,46.2,933,5959,3194,108,54,30,95,63,1088,307,Matches,2020-2021
192,Kortney Hause,eng ENG,DF,Aston Villa,25,1995,7.0,314,59,180,124,12,9,314,0,0,,0,,146,776,359,1,2,0,1,0,139,0,Matches,2020-2021
193,Kai Havertz,de GER,"MF,FW",Chelsea,21,1999,16.9,1007,23,105,500,410,78,1007,37,19,51.4,18,48.6,579,3346,1428,47,37,18,56,25,784,133,Matches,2020-2021
194,Isaac Hayden,eng ENG,"MF,DF",Newcastle Utd,25,1995,21.6,1070,68,333,584,161,15,1070,10,7,70.0,3,30.0,465,1597,578,7,12,0,20,14,532,20,Matches,2020-2021
195,Michael Hector,jm JAM,DF,Fulham,28,1992,2.9,211,26,118,92,4,1,211,3,3,100.0,0,0.0,126,601,394,0,2,1,3,0,147,0,Matches,2020-2021
196,Ahmed Hegazi,eg EGY,DF,West Brom,29,1991,1.0,70,15,52,19,0,0,70,0,0,,0,,28,102,33,0,0,0,3,0,32,0,Matches,2020-2021
197,Dean Henderson,eng ENG,GK,Manchester Utd,23,1997,12.5,348,301,347,1,0,0,348,0,0,,0,,185,1039,648,0,0,0,0,0,122,0,Matches,2020-2021
198,Jordan Henderson,eng ENG,"MF,DF",Liverpool,30,1990,18.9,1996,64,443,1306,264,15,1996,15,9,60.0,6,40.0,1389,7518,4392,46,40,1,6,5,1544,21,Matches,2020-2021
199,Jeff Hendrick,ie IRL,MF,Newcastle Utd,28,1992,15.8,652,35,163,378,115,11,652,15,9,60.0,6,40.0,351,1645,548,7,12,2,14,15,426,24,Matches,2020-2021
200,Pablo Hernández,es ESP,MF,Leeds United,35,1985,4.7,445,3,67,236,146,16,445,11,10,90.9,1,9.1,257,1708,996,33,19,3,9,1,348,34,Matches,2020-2021
201,Son Heung-min,kr KOR,FW,Tottenham,28,1992,34.6,1506,15,157,603,757,129,1505,72,39,54.2,33,45.8,882,5297,2414,88,46,37,59,50,1091,266,Matches,2020-2021
202,Ki-Jana Hoever,nl NED,"DF,MF",Wolves,18,2002,6.4,440,31,142,177,126,10,440,22,13,59.1,9,40.9,239,1313,852,17,11,4,12,6,261,38,Matches,2020-2021
203,Rob Holding,eng ENG,DF,Arsenal,24,1995,28.4,2093,283,1051,980,68,22,2093,11,8,72.7,3,27.3,1350,6434,3872,10,10,0,12,6,1486,1,Matches,2020-2021
204,Mason Holgate,eng ENG,DF,Everton,23,1996,25.4,1517,164,709,663,155,8,1517,11,8,72.7,3,27.3,756,3816,2160,21,9,0,14,6,871,36,Matches,2020-2021
205,Conor Hourihane,ie IRL,MF,Aston Villa,29,1991,2.5,177,2,22,73,83,4,177,0,0,,0,,82,214,108,1,0,0,1,0,116,11,Matches,2020-2021
206,Callum Hudson-Odoi,eng ENG,"FW,DF",Chelsea,19,2000,11.8,775,8,85,226,473,58,775,29,15,51.7,14,48.3,477,3474,2076,89,39,30,14,15,604,155,Matches,2020-2021
207,Niall Huggins,wls WAL,DF,Leeds United,19,2000,0.4,21,1,7,10,4,1,21,0,0,,0,,13,67,31,1,0,1,0,0,12,1,Matches,2020-2021
208,Pierre Højbjerg,dk DEN,MF,Tottenham,24,1995,38.0,3116,120,712,2126,308,20,3116,32,23,71.9,9,28.1,1794,8521,4176,36,33,2,37,20,2224,26,Matches,2020-2021
209,Odion Ighalo,ng NGA,FW,Manchester Utd,31,1989,0.1,4,0,0,2,2,0,4,0,0,,0,,3,12,0,0,0,0,1,2,4,1,Matches,2020-2021
210,Kelechi Iheanacho,ng NGA,FW,Leicester City,23,1996,16.2,719,1,37,293,398,79,718,44,32,72.7,12,27.3,452,2276,920,31,25,10,57,34,580,124,Matches,2020-2021
211,Danny Ings,eng ENG,FW,Southampton,28,1992,24.1,817,27,78,353,391,116,815,59,30,50.8,29,49.2,459,2139,827,37,25,13,66,18,574,134,Matches,2020-2021
212,Branislav Ivanović,rs SRB,DF,West Brom,36,1984,8.5,394,51,196,189,11,5,394,0,0,,0,,150,679,377,0,1,0,1,0,207,1,Matches,2020-2021
213,Alex Iwobi,ng NGA,"FW,MF",Everton,24,1996,17.1,883,23,178,388,337,42,883,71,45,63.4,26,36.6,576,4340,2345,72,49,13,41,26,617,99,Matches,2020-2021
214,José Izquierdo,co COL,DF,Brighton,28,1992,0.1,13,0,0,1,12,0,13,1,0,0.0,1,100.0,8,77,54,1,1,0,1,0,8,2,Matches,2020-2021
215,Phil Jagielka,eng ENG,DF,Sheffield Utd,37,1982,5.8,266,42,150,112,8,1,266,0,0,,0,,121,368,101,1,0,0,3,0,122,2,Matches,2020-2021
216,Alireza Jahanbakhsh,ir IRN,"FW,MF",Brighton,26,1993,5.9,331,4,23,113,199,29,331,17,11,64.7,6,35.3,219,991,552,18,13,6,12,7,254,53,Matches,2020-2021
217,Daniel James,wls WAL,FW,Manchester Utd,22,1997,10.1,426,8,55,160,220,36,426,23,11,47.8,12,52.2,245,1810,1059,36,23,7,21,9,304,84,Matches,2020-2021
218,Reece James,eng ENG,DF,Chelsea,20,1999,26.4,2297,78,557,1019,739,49,2297,51,34,66.7,17,33.3,1292,5900,3052,80,54,20,27,23,1601,204,Matches,2020-2021
219,Alexandre Jankewitz,ch SUI,MF,Southampton,18,2001,0.0,6,0,4,0,2,0,6,0,0,,0,,3,7,1,0,0,0,1,0,4,0,Matches,2020-2021
220,Daniel Jebbison,eng ENG,FW,Sheffield Utd,16,2003,3.2,73,1,8,31,34,5,73,4,2,50.0,2,50.0,33,137,51,2,1,1,8,5,39,6,Matches,2020-2021
221,Gabriel Jesus,br BRA,FW,Manchester City,23,1997,22.9,1004,7,54,397,568,127,1004,70,48,68.6,22,31.4,635,3677,1619,54,38,28,59,38,799,202,Matches,2020-2021
222,Raúl Jiménez,mx MEX,FW,Wolves,29,1991,9.1,375,14,31,198,150,38,375,21,10,47.6,11,52.4,233,1335,657,23,12,7,32,18,303,46,Matches,2020-2021
223,Joelinton,br BRA,"FW,MF",Newcastle Utd,23,1996,22.0,934,33,124,502,324,74,933,67,37,55.2,30,44.8,513,2672,1033,34,21,13,80,42,650,104,Matches,2020-2021
224,Ben Johnson,eng ENG,"DF,FW",West Ham,20,2000,5.8,275,15,76,123,82,2,275,6,4,66.7,2,33.3,155,905,477,11,12,0,4,6,163,24,Matches,2020-2021
225,Sam Johnstone,eng ENG,GK,West Brom,27,1993,37.0,1416,1106,1388,29,0,0,1416,0,0,,0,,659,4839,2994,0,0,0,0,0,465,0,Matches,2020-2021
226,Curtis Jones,eng ENG,MF,Liverpool,19,2001,13.1,1133,15,128,643,373,26,1133,34,22,64.7,12,35.3,798,4177,1964,42,43,8,22,32,910,79,Matches,2020-2021
227,Jorginho,it ITA,MF,Chelsea,28,1991,22.3,2015,59,520,1212,292,16,2006,25,17,68.0,8,32.0,1144,4669,2408,16,30,0,19,14,1535,14,Matches,2020-2021
228,Willian José,br BRA,FW,Wolves,28,1991,12.3,387,14,36,222,132,32,387,11,8,72.7,3,27.3,205,885,297,12,7,0,29,13,291,55,Matches,2020-2021
229,Diogo Jota,pt POR,FW,Liverpool,23,1996,12.4,626,6,54,251,330,91,626,43,21,48.8,22,51.2,425,2724,1510,54,42,23,39,20,492,125,Matches,2020-2021
230,James Justin,eng ENG,DF,Leicester City,22,1998,23.0,1551,60,461,669,431,32,1551,32,18,56.3,14,43.8,739,4027,2195,64,51,4,29,14,944,135,Matches,2020-2021
231,Ozan Kabak,tr TUR,DF,Liverpool,20,2000,8.9,669,75,316,346,14,7,669,5,3,60.0,2,40.0,443,2250,1005,3,1,0,4,3,477,1,Matches,2020-2021
232,Aboubakar Kamara,mr MTN,"FW,MF",Fulham,25,1995,3.5,171,0,14,72,88,4,171,9,4,44.4,5,55.6,107,576,271,11,7,0,13,8,128,30,Matches,2020-2021
233,Harry Kane,eng ENG,FW,Tottenham,27,1993,34.2,1393,51,128,685,595,159,1389,100,52,52.0,48,48.0,809,4648,2270,75,50,30,63,54,1072,185,Matches,2020-2021
234,N'Golo Kanté,fr FRA,MF,Chelsea,29,1991,23.8,1842,57,447,1073,346,15,1842,38,26,68.4,12,31.6,982,4854,2356,38,41,2,48,15,1227,39,Matches,2020-2021
235,Moise Kean,it ITA,"FW,MF",Everton,20,2000,0.2,15,0,1,5,9,5,15,3,0,0.0,3,100.0,11,112,62,4,1,1,1,0,12,5,Matches,2020-2021
236,Michael Keane,eng ENG,DF,Everton,27,1993,33.2,2287,354,1233,1003,57,34,2287,7,4,57.1,3,42.9,1333,6968,4025,14,5,0,7,5,1571,3,Matches,2020-2021
237,Neeskens Kebano,cd COD,"FW,MF",Fulham,28,1992,1.3,65,0,8,21,38,5,65,5,3,60.0,2,40.0,45,239,109,7,1,1,7,2,46,15,Matches,2020-2021
238,Naby Keïta,gn GUI,MF,Liverpool,25,1995,5.8,430,5,42,273,119,16,430,10,8,80.0,2,20.0,279,1548,815,18,13,3,14,8,320,19,Matches,2020-2021
239,Caoimhín Kelleher,ie IRL,GK,Liverpool,21,1998,2.0,70,56,69,1,0,0,70,0,0,,0,,39,116,75,0,0,0,0,0,34,0,Matches,2020-2021
240,Martin Kelly,eng ENG,DF,Crystal Palace,30,1990,0.0,4,1,3,1,0,0,4,0,0,,0,,1,2,0,0,0,0,0,0,0,0,Matches,2020-2021
241,Jonjoe Kenny,eng ENG,DF,Everton,23,1997,0.9,69,3,14,25,31,4,69,0,0,,0,,27,115,58,2,2,0,3,0,42,7,Matches,2020-2021
242,Reda Khadra,de GER,MF,Brighton,19,2001,0.1,1,0,0,0,1,1,1,0,0,,0,,1,35,31,1,0,1,0,0,1,1,Matches,2020-2021
243,Max Kilman,eng ENG,DF,Wolves,23,1997,14.6,877,77,386,453,41,9,877,8,7,87.5,1,12.5,550,2671,1676,11,7,0,4,2,628,2,Matches,2020-2021
244,Joshua King,no NOR,"MF,FW",Everton,28,1992,1.6,80,0,10,34,39,6,80,7,4,57.1,3,42.9,45,346,165,9,7,1,9,6,56,20,Matches,2020-2021
245,Mateusz Klich,pl POL,MF,Leeds United,30,1990,26.6,1753,27,240,880,655,56,1751,27,13,48.1,14,51.9,1011,5531,2617,70,69,4,40,22,1255,152,Matches,2020-2021
246,Robin Koch,de GER,"DF,MF",Leeds United,24,1996,12.6,910,119,470,399,46,11,910,6,4,66.7,2,33.3,549,2928,1958,8,8,0,5,0,606,3,Matches,2020-2021
247,Sead Kolašinac,ba BIH,DF,Arsenal,27,1993,1.0,69,2,13,39,17,2,69,0,0,,0,,31,110,62,2,0,1,0,0,50,9,Matches,2020-2021
248,Terence Kongolo,nl NED,DF,Fulham,26,1994,1.0,54,5,26,27,2,1,54,0,0,,0,,14,53,35,0,0,0,0,0,30,1,Matches,2020-2021
249,Ezri Konsa,eng ENG,DF,Aston Villa,22,1997,35.5,1660,315,961,631,73,34,1660,6,6,100.0,0,0.0,853,2982,1375,3,1,0,18,7,954,5,Matches,2020-2021
250,Cheikhou Kouyaté,sn SEN,DF,Crystal Palace,30,1989,34.7,1625,215,938,633,64,24,1625,12,10,83.3,2,16.7,787,3288,1485,6,2,0,17,8,860,11,Matches,2020-2021
251,Mateo Kovačić,hr CRO,MF,Chelsea,26,1994,20.2,1950,16,315,1290,365,15,1950,65,53,81.5,12,18.5,1306,7349,3617,51,54,3,26,23,1645,37,Matches,2020-2021
252,Emil Krafth,se SWE,DF,Newcastle Utd,25,1994,14.3,721,79,337,265,122,9,721,4,3,75.0,1,25.0,290,1368,648,12,10,2,9,4,347,25,Matches,2020-2021
253,Filip Krovinović,hr CRO,MF,West Brom,24,1995,6.1,424,6,69,255,109,4,424,9,8,88.9,1,11.1,212,1387,750,15,11,0,12,5,289,21,Matches,2020-2021
254,Alexandre Lacazette,fr FRA,FW,Arsenal,29,1991,21.4,735,15,80,330,331,95,732,36,22,61.1,14,38.9,355,1366,471,15,10,9,50,31,533,112,Matches,2020-2021
255,Adam Lallana,eng ENG,"MF,FW",Brighton,32,1988,17.7,1104,26,207,556,349,61,1104,28,18,64.3,10,35.7,586,2726,1324,33,15,13,24,15,808,77,Matches,2020-2021
256,Érik Lamela,ar ARG,"FW,MF",Tottenham,28,1992,8.0,474,4,45,245,196,22,474,40,25,62.5,15,37.5,286,2230,954,28,25,4,20,13,346,49,Matches,2020-2021
257,Tariq Lamptey,gh GHA,"DF,MF",Brighton,19,2000,9.8,623,21,156,252,225,27,623,29,13,44.8,16,55.2,346,2269,1190,40,36,10,21,6,376,76,Matches,2020-2021
258,Manuel Lanzini,ar ARG,"MF,FW",West Ham,27,1993,6.3,455,9,81,237,144,14,455,13,6,46.2,7,53.8,277,1528,647,7,14,2,14,9,333,20,Matches,2020-2021
259,Aymeric Laporte,es ESP,DF,Manchester City,26,1994,14.9,1383,81,434,892,60,12,1383,2,2,100.0,0,0.0,965,5387,3777,28,14,0,8,1,1100,1,Matches,2020-2021
260,Jamaal Lascelles,eng ENG,DF,Newcastle Utd,26,1993,18.1,806,158,500,272,39,18,806,4,4,100.0,0,0.0,396,1700,799,4,0,0,6,1,451,2,Matches,2020-2021
261,Maxime Le Marchand,fr FRA,DF,Fulham,30,1989,1.4,92,12,59,29,4,0,92,0,0,,0,,47,186,103,0,1,0,0,0,69,0,Matches,2020-2021
262,Mario Lemina,ga GAB,MF,Fulham,26,1993,18.9,1133,46,324,647,178,11,1133,37,26,70.3,11,29.7,649,3733,1746,19,24,1,26,22,722,15,Matches,2020-2021
263,Bernd Leno,de GER,GK,Arsenal,28,1992,34.8,1239,1019,1219,19,1,1,1239,0,0,,0,,711,3158,1958,0,0,0,0,1,635,0,Matches,2020-2021
264,Khanya Leshabela,za RSA,MF,Leicester City,20,1999,0.1,9,0,1,6,3,0,9,0,0,,0,,8,73,54,3,1,0,0,1,7,0,Matches,2020-2021
265,Jamal Lewis,nir NIR,DF,Newcastle Utd,22,1998,20.4,1028,61,389,436,214,8,1028,24,12,50.0,12,50.0,535,2731,1351,27,20,2,17,13,553,56,Matches,2020-2021
266,Victor Lindelöf,se SWE,DF,Manchester Utd,26,1994,28.7,2095,263,1061,961,81,8,2095,4,2,50.0,2,50.0,1281,8460,4626,18,18,0,9,3,1488,2,Matches,2020-2021
267,Jesse Lingard,eng ENG,"MF,FW",West Ham,27,1992,15.8,834,4,61,408,380,44,832,43,18,41.9,25,58.1,527,3645,1966,59,48,20,28,22,652,84,Matches,2020-2021
268,Jake Livermore,eng ENG,MF,West Brom,30,1989,13.8,522,45,155,298,76,9,522,5,2,40.0,3,60.0,195,824,302,0,6,0,15,7,242,6,Matches,2020-2021
269,Diego Llorente,es ESP,DF,Leeds United,26,1993,13.4,873,122,547,311,22,9,873,8,6,75.0,2,25.0,508,3145,2045,7,4,0,11,7,530,1,Matches,2020-2021
270,Hugo Lloris,fr FRA,GK,Tottenham,33,1986,38.0,1139,1026,1137,2,0,0,1139,0,0,,0,,551,3306,2257,0,0,0,1,1,419,0,Matches,2020-2021
271,Giovani Lo Celso,ar ARG,MF,Tottenham,24,1996,10.5,719,13,92,407,232,21,719,20,8,40.0,12,60.0,390,2360,1242,21,20,4,21,14,495,34,Matches,2020-2021
272,Ruben Loftus-Cheek,eng ENG,FW,Chelsea,24,1996,0.7,25,0,5,15,5,0,25,3,0,0.0,3,100.0,13,85,34,1,1,0,2,1,18,2,Matches,2020-2021
273,Ruben Loftus-Cheek,eng ENG,"MF,FW",Fulham,24,1996,21.2,1000,20,115,544,362,67,1000,72,38,52.8,34,47.2,647,4067,2221,57,42,14,73,41,752,97,Matches,2020-2021
274,Kevin Long,ie IRL,DF,Burnley,29,1990,7.1,325,37,175,138,13,9,325,0,0,,0,,137,544,184,0,0,0,1,0,159,1,Matches,2020-2021
275,Shane Long,ie IRL,FW,Southampton,33,1987,2.3,86,1,8,41,38,5,86,5,2,40.0,3,60.0,41,180,35,1,4,0,5,7,64,10,Matches,2020-2021
276,Matthew Longstaff,eng ENG,MF,Newcastle Utd,20,2000,4.2,174,8,48,99,29,1,174,2,2,100.0,0,0.0,88,245,71,1,3,0,1,1,93,2,Matches,2020-2021
277,Sean Longstaff,eng ENG,MF,Newcastle Utd,22,1997,15.7,751,30,180,417,156,16,751,9,4,44.4,5,55.6,363,1382,572,5,5,1,17,6,445,18,Matches,2020-2021
278,Ademola Lookman,ng NGA,"FW,MF",Fulham,22,1997,30.5,1576,12,145,650,810,132,1575,128,82,64.1,46,35.9,962,6839,3071,110,67,52,107,73,1075,236,Matches,2020-2021
279,Max Lowe,eng ENG,DF,Sheffield Utd,23,1997,6.1,291,18,79,111,102,11,291,11,7,63.6,4,36.4,120,637,329,10,7,3,8,4,158,32,Matches,2020-2021
280,Matthew Lowton,eng ENG,DF,Burnley,31,1989,34.0,1882,137,559,902,438,20,1882,40,27,67.5,13,32.5,823,3849,2424,49,36,4,38,10,920,59,Matches,2020-2021
281,David Luiz,br BRA,DF,Arsenal,33,1987,15.5,1143,129,556,532,59,19,1143,4,3,75.0,1,25.0,766,5053,3047,22,15,2,4,2,843,3,Matches,2020-2021
282,Douglas Luiz,br BRA,MF,Aston Villa,22,1998,30.9,1726,106,467,995,293,16,1726,32,23,71.9,9,28.1,916,5288,2760,47,42,3,25,18,1020,32,Matches,2020-2021
283,John Lundstram,eng ENG,MF,Sheffield Utd,26,1994,22.6,1270,41,246,612,426,23,1269,24,15,62.5,9,37.5,699,3785,1536,35,31,2,29,19,874,73,Matches,2020-2021
284,Alexis Mac Allister,ar ARG,"MF,FW",Brighton,21,1998,12.4,563,8,95,258,220,34,563,26,16,61.5,10,38.5,303,1505,680,15,12,0,28,16,368,55,Matches,2020-2021
285,James Maddison,eng ENG,MF,Leicester City,23,1996,23.3,1380,7,91,677,630,59,1380,51,29,56.9,22,43.1,772,4024,1791,43,40,13,57,33,1010,116,Matches,2020-2021
286,Gabriel Magalhães,br BRA,DF,Arsenal,22,1997,22.2,1759,210,858,848,56,27,1759,6,5,83.3,1,16.7,1249,6992,4082,18,6,2,5,6,1329,8,Matches,2020-2021
287,Harry Maguire,eng ENG,DF,Manchester Utd,27,1993,33.9,2568,349,1188,1206,193,52,2568,14,8,57.1,6,42.9,1534,9872,5795,42,41,5,10,6,1743,14,Matches,2020-2021
288,Riyad Mahrez,dz ALG,FW,Manchester City,29,1991,21.7,1311,5,61,449,813,138,1311,81,45,55.6,36,44.4,927,5313,2496,88,46,60,46,29,1074,247,Matches,2020-2021
289,Ainsley Maitland-Niles,eng ENG,"MF,DF",Arsenal,22,1997,5.4,355,18,120,154,84,6,355,10,6,60.0,4,40.0,198,1018,479,12,10,3,10,7,215,21,Matches,2020-2021
290,Ainsley Maitland-Niles,eng ENG,MF,West Brom,22,1997,13.7,583,36,131,260,199,25,583,33,16,48.5,17,51.5,292,1574,724,25,16,8,32,24,320,52,Matches,2020-2021
291,Josh Maja,ng NGA,FW,Fulham,21,1998,9.0,256,2,24,125,110,32,255,15,8,53.3,7,46.7,150,600,168,5,4,2,26,13,199,33,Matches,2020-2021
292,Sadio Mané,sn SEN,FW,Liverpool,28,1992,31.2,1512,16,86,535,912,244,1512,144,82,56.9,61,42.4,1061,7394,3501,142,88,62,101,61,1266,366,Matches,2020-2021
293,Javier Manquillo,es ESP,DF,Newcastle Utd,26,1994,9.2,489,23,132,217,147,5,489,8,1,12.5,7,87.5,219,1104,554,13,12,0,15,7,256,29,Matches,2020-2021
294,Fernando Marçal,br BRA,"DF,MF",Wolves,31,1989,6.9,464,28,147,216,102,2,464,13,7,53.8,6,46.2,216,1057,599,8,5,0,6,2,252,14,Matches,2020-2021
295,Solly March,eng ENG,"DF,MF",Brighton,26,1994,18.6,1185,44,245,445,515,50,1185,63,44,69.8,19,30.2,605,4400,2101,74,34,18,22,24,662,146,Matches,2020-2021
296,Pablo Marí,es ESP,DF,Arsenal,26,1993,10.0,700,83,390,302,9,3,700,3,3,100.0,0,0.0,455,2154,1336,4,4,0,1,0,518,0,Matches,2020-2021
297,Anthony Martial,fr FRA,FW,Manchester Utd,24,1995,16.4,675,12,47,243,392,103,675,59,35,59.3,24,40.7,454,2777,1327,48,32,18,50,37,585,155,Matches,2020-2021
298,Gabriel Martinelli,br BRA,FW,Arsenal,19,2001,6.5,256,7,38,67,154,41,256,25,13,52.0,12,48.0,157,1054,536,23,6,13,22,7,169,62,Matches,2020-2021
299,Emiliano Martínez,ar ARG,GK,Aston Villa,27,1992,38.0,1404,1172,1389,15,0,0,1404,0,0,,0,,779,4456,3037,0,0,0,1,0,593,0,Matches,2020-2021
300,Arthur Masuaku,cd COD,"DF,MF",West Ham,26,1993,11.2,702,37,184,312,218,11,702,44,29,65.9,15,34.1,389,2611,1566,45,29,4,14,15,455,54,Matches,2020-2021
301,Juan Mata,es ESP,"FW,MF",Manchester Utd,32,1988,5.7,329,4,29,169,133,12,328,3,2,66.7,1,33.3,215,1159,448,13,14,3,7,6,278,32,Matches,2020-2021
302,Jean-Philippe Mateta,fr FRA,FW,Crystal Palace,23,1997,2.5,77,3,14,43,21,7,77,6,3,50.0,3,50.0,31,123,49,2,0,1,10,5,61,11,Matches,2020-2021
303,Nemanja Matić,rs SRB,MF,Manchester Utd,31,1988,12.3,1137,41,283,708,161,9,1137,21,17,81.0,4,19.0,751,4589,2916,40,21,3,14,8,853,12,Matches,2020-2021
304,Joël Matip,cm CMR,DF,Liverpool,28,1991,7.7,607,45,239,352,21,6,607,0,0,,0,,369,1899,1181,6,8,0,3,1,427,1,Matches,2020-2021
305,Neal Maupay,fr FRA,"FW,MF",Brighton,23,1996,27.9,940,12,75,407,468,141,936,48,24,50.0,24,50.0,547,2893,1154,44,27,22,74,48,674,181,Matches,2020-2021
306,James McArthur,sct SCO,MF,Crystal Palace,32,1987,16.3,985,47,271,585,143,18,985,19,14,73.7,5,26.3,488,2620,1178,15,21,1,17,10,532,29,Matches,2020-2021
307,Oliver McBurnie,sct SCO,FW,Sheffield Utd,24,1996,14.7,610,33,64,252,298,53,610,13,4,30.8,9,69.2,234,931,372,14,12,4,23,17,469,58,Matches,2020-2021
308,Alex McCarthy,eng ENG,GK,Southampton,30,1989,30.0,1145,855,1138,7,0,0,1145,2,2,100.0,0,0.0,631,2908,1601,0,1,1,1,0,583,1,Matches,2020-2021
309,James McCarthy,ie IRL,MF,Crystal Palace,29,1990,9.1,419,31,124,252,45,1,419,3,2,66.7,1,33.3,181,685,290,1,4,0,10,1,210,4,Matches,2020-2021
310,John McGinn,sct SCO,MF,Aston Villa,25,1994,37.0,1785,65,313,1036,468,49,1785,77,52,67.5,25,32.5,996,4751,2324,33,36,7,67,35,1187,79,Matches,2020-2021
311,David McGoldrick,ie IRL,"FW,MF",Sheffield Utd,32,1987,26.6,1288,33,110,545,649,89,1288,81,47,58.0,34,42.0,729,3884,1475,42,36,16,88,44,992,162,Matches,2020-2021
312,Dwight McNeil,eng ENG,MF,Burnley,20,1999,34.1,1703,51,265,860,619,40,1703,103,63,61.2,40,38.8,1021,7515,2776,102,73,16,57,62,1068,102,Matches,2020-2021
313,Scott McTominay,sct SCO,MF,Manchester Utd,23,1996,23.7,1603,82,420,906,298,33,1603,35,26,74.3,9,25.7,942,5379,2890,57,37,8,41,17,1127,26,Matches,2020-2021
314,Ben Mee,eng ENG,DF,Burnley,30,1989,29.9,1467,237,716,702,58,44,1467,6,4,66.7,2,33.3,626,2474,1029,0,1,0,9,2,672,3,Matches,2020-2021
315,Hannibal Mejbri,tn TUN,MF,Manchester Utd,17,2003,0.1,6,0,1,5,0,0,6,3,1,33.3,2,66.7,5,41,18,0,0,0,0,0,4,0,Matches,2020-2021
316,Benjamin Mendy,fr FRA,DF,Manchester City,26,1994,10.6,747,21,124,385,245,15,747,14,11,78.6,3,21.4,394,1520,808,13,12,3,16,5,501,74,Matches,2020-2021
317,Edouard Mendy,sn SEN,GK,Chelsea,28,1992,30.5,1070,897,1065,5,0,0,1070,0,0,,0,,644,2691,1181,0,0,0,0,0,624,0,Matches,2020-2021
318,Nampalys Mendy,sn SEN,MF,Leicester City,28,1992,16.2,1103,20,207,751,151,0,1103,12,6,50.0,6,50.0,671,3145,1385,16,13,0,18,11,812,3,Matches,2020-2021
319,Illan Meslier,fr FRA,GK,Leeds United,20,2000,35.0,1465,1289,1465,0,0,0,1465,0,0,,0,,898,4573,2769,0,0,0,2,1,728,0,Matches,2020-2021
320,Luka Milivojević,rs SRB,MF,Crystal Palace,29,1991,26.2,1589,87,443,961,204,9,1587,14,8,57.1,6,42.9,798,3981,1678,12,13,2,13,19,947,11,Matches,2020-2021
321,James Milner,eng ENG,"MF,DF",Liverpool,34,1986,11.9,1072,30,183,623,272,18,1072,12,6,50.0,6,50.0,618,2665,1419,21,25,3,12,12,743,51,Matches,2020-2021
322,Yerry Mina,co COL,DF,Everton,25,1994,21.5,1481,208,817,642,33,26,1481,3,1,33.3,2,66.7,940,5532,3525,9,5,1,3,1,1049,2,Matches,2020-2021
323,Takumi Minamino,jp JPN,MF,Southampton,25,1995,7.9,351,13,57,185,116,17,351,13,4,30.8,9,69.2,201,1199,592,19,16,6,16,6,237,42,Matches,2020-2021
324,Takumi Minamino,jp JPN,"MF,FW",Liverpool,25,1995,3.3,168,3,18,90,61,9,168,7,7,100.0,0,0.0,106,402,162,3,2,1,7,5,129,16,Matches,2020-2021
325,Tyrone Mings,eng ENG,DF,Aston Villa,27,1993,35.5,2075,342,1202,804,85,37,2075,8,6,75.0,2,25.0,1085,6061,3047,12,10,1,19,4,1210,5,Matches,2020-2021
326,Tyrick Mitchell,eng ENG,DF,Crystal Palace,20,1999,19.0,1021,77,401,419,205,7,1021,18,11,61.1,7,38.9,432,1889,947,15,11,0,16,12,476,30,Matches,2020-2021
327,Aleksandar Mitrović,rs SRB,FW,Fulham,25,1994,15.6,584,12,37,243,307,102,582,12,7,58.3,5,41.7,274,1057,380,10,9,5,60,17,457,88,Matches,2020-2021
328,Jakub Moder,pl POL,"DF,MF",Brighton,21,1999,7.2,375,15,67,149,166,22,375,17,9,52.9,8,47.1,203,1183,580,21,9,6,14,10,251,50,Matches,2020-2021
329,Jayson Molumby,ie IRL,MF,Brighton,20,1999,0.0,1,0,0,1,0,0,1,0,0,,0,,0,0,0,0,0,0,0,0,0,0,Matches,2020-2021
330,Wesley Moraes,br BRA,FW,Aston Villa,23,1996,0.2,8,0,0,0,8,1,8,0,0,,0,,4,11,6,0,0,0,1,0,4,1,Matches,2020-2021
331,Wes Morgan,jm JAM,DF,Leicester City,36,1984,0.2,6,1,2,4,0,0,6,0,0,,0,,2,5,3,0,0,0,0,0,3,0,Matches,2020-2021
332,Mason Mount,eng ENG,MF,Chelsea,21,1999,32.1,2305,22,240,1022,1064,127,2304,81,43,53.1,38,46.9,1330,7463,3970,131,93,37,56,41,1640,225,Matches,2020-2021
333,Lucas Moura,br BRA,"FW,MF",Tottenham,27,1992,15.7,833,16,99,438,318,38,833,70,33,47.1,37,52.9,480,3178,1466,43,49,8,48,37,588,78,Matches,2020-2021
334,Lys Mousset,fr FRA,"FW,MF",Sheffield Utd,24,1996,3.3,85,0,3,39,43,10,85,13,4,30.8,9,69.2,47,224,70,3,0,2,12,9,63,16,Matches,2020-2021
335,João Moutinho,pt POR,MF,Wolves,33,1986,28.1,2062,47,394,1179,503,8,2062,18,13,72.2,5,27.8,1136,5321,2697,32,38,2,15,11,1354,37,Matches,2020-2021
336,Joel Mumbongo,se SWE,FW,Burnley,21,1999,0.4,10,0,0,5,5,0,10,1,0,0.0,1,100.0,9,28,3,0,0,0,1,1,9,1,Matches,2020-2021
337,Jacob Murphy,eng ENG,"DF,MF",Newcastle Utd,25,1995,18.1,853,46,278,342,257,25,853,63,39,61.9,24,38.1,417,3283,1838,48,36,12,33,25,458,46,Matches,2020-2021
338,Shkodran Mustafi,de GER,DF,Arsenal,28,1992,0.5,55,5,16,39,1,0,55,0,0,,0,,43,348,206,0,0,0,0,0,42,1,Matches,2020-2021
339,Marvelous Nakamba,zw ZIM,MF,Aston Villa,26,1994,8.3,372,25,139,204,31,1,372,4,4,100.0,0,0.0,194,827,354,1,7,0,8,2,208,2,Matches,2020-2021
340,Iliman Ndiaye,sn SEN,MF,Sheffield Utd,20,2000,0.1,7,0,0,4,3,0,7,0,0,,0,,2,26,16,0,0,0,1,0,3,0,Matches,2020-2021
341,Wilfred Ndidi,ng NGA,"MF,DF",Leicester City,23,1996,24.2,1755,110,600,1006,168,14,1755,30,16,53.3,14,46.7,912,3963,1359,7,22,1,25,14,1079,17,Matches,2020-2021
342,Tanguy Ndombele,fr FRA,MF,Tottenham,23,1996,23.2,1444,26,241,899,333,38,1444,99,74,74.7,25,25.3,897,4952,2550,60,46,16,57,33,1086,58,Matches,2020-2021
343,Reiss Nelson,eng ENG,"FW,MF",Arsenal,20,1999,0.8,40,1,7,9,25,4,40,4,1,25.0,3,75.0,22,184,82,4,2,0,0,2,23,6,Matches,2020-2021
344,Pedro Neto,pt POR,"FW,MF",Wolves,20,2000,28.3,1545,17,136,653,787,100,1545,129,64,49.6,65,50.4,965,8006,4176,154,109,48,77,41,1144,255,Matches,2020-2021
345,Rúben Neves,pt POR,MF,Wolves,23,1997,29.7,2378,85,523,1536,337,21,2375,15,10,66.7,5,33.3,1384,5582,2584,22,34,2,26,16,1636,25,Matches,2020-2021
346,Eddie Nketiah,eng ENG,FW,Arsenal,21,1999,4.7,153,5,16,64,74,28,153,12,7,58.3,5,41.7,82,418,172,6,1,3,13,5,114,29,Matches,2020-2021
347,Niels Nkounkou,fr FRA,"DF,FW",Everton,19,2000,0.9,58,3,9,32,18,0,58,4,2,50.0,2,50.0,24,211,95,4,2,0,3,1,33,8,Matches,2020-2021
348,Dan Nlundulu,eng ENG,"FW,MF",Southampton,21,1999,1.2,49,1,4,26,19,6,49,2,2,100.0,0,0.0,21,93,29,1,1,0,6,2,34,13,Matches,2020-2021
349,Mark Noble,eng ENG,MF,West Ham,33,1987,7.9,487,8,88,337,66,3,487,2,2,100.0,0,0.0,284,1252,520,11,6,2,5,6,338,13,Matches,2020-2021
350,Will Norris,eng ENG,GK,Burnley,26,1993,2.0,57,46,52,5,0,0,57,0,0,,0,,25,153,96,0,0,0,0,0,22,0,Matches,2020-2021
351,Oliver Norwood,nir NIR,MF,Sheffield Utd,29,1991,24.7,1741,86,433,993,322,5,1741,4,2,50.0,2,50.0,871,3000,1296,7,11,1,15,7,1111,19,Matches,2020-2021
352,Jack O'Connell,eng ENG,DF,Sheffield Utd,26,1994,2.0,100,11,40,45,15,0,100,1,0,0.0,1,100.0,37,141,74,0,3,1,2,0,56,2,Matches,2020-2021
353,Dara O'Shea,ie IRL,DF,West Brom,21,1999,23.4,1182,143,572,508,106,12,1182,9,5,55.6,4,44.4,448,2022,921,7,9,0,10,4,542,12,Matches,2020-2021
354,Michael Obafemi,ie IRL,FW,Southampton,20,2000,0.7,21,1,2,14,5,2,21,1,0,0.0,1,100.0,10,39,18,1,0,0,1,2,12,5,Matches,2020-2021
355,Denis Odoi,gh GHA,DF,Fulham,32,1988,3.0,215,11,97,85,34,0,215,1,1,100.0,0,0.0,121,634,412,5,7,0,1,2,133,5,Matches,2020-2021
356,Angelo Ogbonna,it ITA,DF,West Ham,32,1988,27.7,1272,184,674,552,53,33,1272,4,3,75.0,1,25.0,691,4189,1833,7,4,1,4,5,723,3,Matches,2020-2021
357,Robin Olsen,se SWE,GK,Everton,30,1990,7.0,218,190,217,1,0,0,218,0,0,,0,,88,423,268,0,0,0,0,0,92,0,Matches,2020-2021
358,Josh Onomah,eng ENG,MF,Fulham,23,1997,4.2,215,5,28,125,64,5,215,2,2,100.0,0,0.0,136,747,374,8,10,0,9,9,154,14,Matches,2020-2021
359,Divock Origi,be BEL,FW,Liverpool,25,1995,2.1,88,3,9,29,52,13,88,4,0,0.0,4,100.0,58,282,148,5,6,2,4,5,68,18,Matches,2020-2021
360,Ben Osborn,eng ENG,"MF,DF",Sheffield Utd,25,1994,17.8,1026,31,198,426,415,28,1026,26,19,73.1,7,26.9,594,2774,1474,27,28,5,42,25,702,100,Matches,2020-2021
361,Owen Otasowie,us USA,"MF,FW",Wolves,19,2001,2.1,97,5,19,53,25,6,97,7,3,42.9,4,57.1,54,277,141,3,5,0,7,3,61,7,Matches,2020-2021
362,Alex Oxlade-Chamberlain,eng ENG,"MF,FW",Liverpool,26,1993,2.8,182,2,13,93,77,6,182,7,1,14.3,6,85.7,99,579,241,5,7,0,7,5,129,21,Matches,2020-2021
363,Emerson Palmieri,it ITA,DF,Chelsea,25,1994,1.0,81,6,27,33,21,1,81,2,0,0.0,2,100.0,39,203,93,3,3,1,2,0,42,5,Matches,2020-2021
364,Thomas Partey,gh GHA,MF,Arsenal,27,1993,17.0,1333,42,293,850,203,9,1333,35,28,80.0,7,20.0,841,4386,2431,33,37,1,21,10,947,18,Matches,2020-2021
365,Rui Patrício,pt POR,GK,Wolves,32,1988,37.0,870,808,870,0,0,0,870,0,0,,0,,380,2652,1647,0,0,0,1,0,212,0,Matches,2020-2021
366,Bailey Peacock-Farrell,nir NIR,GK,Burnley,23,1996,4.0,122,86,119,3,0,0,122,0,0,,0,,51,278,133,0,0,0,0,0,38,0,Matches,2020-2021
367,Lee Peltier,eng ENG,DF,West Brom,33,1986,2.5,106,16,46,49,13,0,106,1,1,100.0,0,0.0,39,142,69,0,2,0,3,0,45,4,Matches,2020-2021
368,Nicolas Pépé,ci CIV,FW,Arsenal,25,1995,18.0,948,19,122,322,517,115,947,66,27,40.9,39,59.1,585,3520,1646,56,28,36,56,23,704,199,Matches,2020-2021
369,Matheus Pereira,br BRA,"MF,FW",West Brom,24,1996,28.6,1411,27,177,589,659,69,1406,74,40,54.1,34,45.9,732,4513,2178,79,44,20,74,45,880,133,Matches,2020-2021
370,Ricardo Pereira,pt POR,"DF,FW",Leicester City,26,1993,10.7,714,23,191,281,245,29,714,30,14,46.7,16,53.3,343,1478,691,20,17,4,21,16,427,53,Matches,2020-2021
371,Ayoze Pérez,es ESP,"MF,FW",Leicester City,27,1993,14.8,715,8,74,347,303,56,715,59,29,49.2,30,50.8,427,2387,1273,39,31,11,37,24,516,114,Matches,2020-2021
372,Kalvin Phillips,eng ENG,MF,Leeds United,24,1995,27.0,1789,108,581,955,274,7,1789,32,20,62.5,12,37.5,902,4521,1947,13,12,2,41,16,1055,14,Matches,2020-2021
373,Matt Phillips,sct SCO,MF,West Brom,29,1991,20.3,809,45,176,291,353,43,809,56,24,42.9,32,57.1,433,2613,1328,47,33,11,52,25,477,99,Matches,2020-2021
374,Nathaniel Phillips,eng ENG,DF,Liverpool,23,1997,16.2,1314,131,550,713,55,24,1314,2,2,100.0,0,0.0,774,3560,1936,9,10,2,8,3,863,3,Matches,2020-2021
375,Jaden Philogene Bidace,eng ENG,FW,Aston Villa,18,2002,0.0,4,0,0,1,3,0,4,0,0,,0,,3,17,11,0,0,0,0,0,3,0,Matches,2020-2021
376,Jordan Pickford,eng ENG,GK,Everton,26,1994,30.5,1240,1011,1220,22,0,0,1240,0,0,,0,,670,4101,2439,0,0,0,0,0,618,0,Matches,2020-2021
377,Erik Pieters,nl NED,"DF,MF",Burnley,31,1988,14.1,750,61,239,376,140,8,750,10,6,60.0,4,40.0,303,1366,662,14,13,2,12,10,356,16,Matches,2020-2021
378,Daniel Podence,pt POR,"MF,FW",Wolves,24,1995,18.5,803,11,90,366,362,56,803,64,38,59.4,26,40.6,557,3059,1558,47,31,18,35,24,621,117,Matches,2020-2021
379,Paul Pogba,fr FRA,"MF,FW",Manchester Utd,27,1993,21.1,1640,54,324,885,453,58,1640,65,44,67.7,21,32.3,1015,4978,2442,46,33,6,54,50,1258,101,Matches,2020-2021
380,Nick Pope,eng ENG,GK,Burnley,28,1992,32.0,1078,836,1051,29,1,1,1078,0,0,,0,,484,3570,2238,0,0,0,2,0,295,0,Matches,2020-2021
381,Ian Poveda,eng ENG,MF,Leeds United,20,2000,3.9,180,3,28,62,95,13,180,23,12,52.2,11,47.8,125,1024,605,21,10,7,13,16,132,47,Matches,2020-2021
382,Dennis Praet,be BEL,MF,Leicester City,26,1994,8.0,405,4,53,181,174,23,405,16,6,37.5,10,62.5,186,1154,551,22,12,4,11,9,277,55,Matches,2020-2021
383,Davy Pröpper,nl NED,MF,Brighton,28,1991,2.4,114,2,13,74,29,3,114,3,2,66.7,1,33.3,83,445,166,4,6,0,2,5,88,8,Matches,2020-2021
384,Christian Pulisic,us USA,"FW,MF",Chelsea,21,1998,19.3,994,10,97,399,518,112,994,108,49,45.4,59,54.6,654,4487,2350,86,50,37,67,29,772,160,Matches,2020-2021
385,Aaron Ramsdale,eng ENG,GK,Sheffield Utd,22,1998,38.0,1274,1085,1261,12,2,2,1274,2,2,100.0,0,0.0,650,4462,2614,0,0,0,2,0,421,0,Matches,2020-2021
386,Jacob Ramsey,eng ENG,MF,Aston Villa,19,2001,7.0,315,18,63,143,112,18,315,12,7,58.3,5,41.7,180,1192,405,8,9,2,14,12,197,21,Matches,2020-2021
387,Kayne Ramsey,eng ENG,DF,Southampton,19,2000,1.0,35,10,28,7,0,0,35,0,0,,0,,14,31,10,0,0,0,0,0,14,0,Matches,2020-2021
388,Darren Randolph,ie IRL,GK,West Ham,33,1987,3.0,70,62,69,1,0,0,70,0,0,,0,,27,163,113,0,0,0,0,0,22,0,Matches,2020-2021
389,Raphinha,br BRA,"MF,FW",Leeds United,23,1996,26.2,1445,39,195,603,664,122,1445,110,56,50.9,54,49.1,829,5308,2909,102,58,38,86,34,957,222,Matches,2020-2021
390,Marcus Rashford,eng ENG,FW,Manchester Utd,22,1997,32.4,1614,18,105,548,988,165,1614,163,82,50.3,79,48.5,1008,6984,3560,134,100,78,77,50,1341,330,Matches,2020-2021
391,Tim Ream,us USA,DF,Fulham,32,1987,7.0,525,74,295,227,6,1,525,2,1,50.0,1,50.0,338,1790,1136,7,1,0,2,1,382,0,Matches,2020-2021
392,Nathan Redmond,eng ENG,"MF,FW",Southampton,26,1994,19.3,1009,8,123,455,447,68,1009,68,39,57.4,29,42.6,581,3591,1692,70,47,22,41,37,704,149,Matches,2020-2021
393,Harrison Reed,eng ENG,MF,Fulham,25,1995,25.0,1756,66,475,986,311,10,1756,24,15,62.5,9,37.5,896,3892,1689,24,21,2,20,10,1061,16,Matches,2020-2021
394,Sergio Reguilón,es ESP,DF,Tottenham,23,1996,24.9,1731,88,515,760,476,48,1731,49,22,44.9,27,55.1,916,4829,2641,52,54,7,34,15,1083,152,Matches,2020-2021
395,Bobby Reid,jm JAM,"MF,FW",Fulham,27,1993,26.4,1095,49,212,466,429,81,1095,52,27,51.9,25,48.1,585,2918,1384,44,32,17,50,24,726,138,Matches,2020-2021
396,Declan Rice,eng ENG,MF,West Ham,21,1999,32.0,1850,82,465,1110,305,41,1848,34,29,85.3,5,14.7,1066,7330,3950,74,58,8,34,19,1209,37,Matches,2020-2021
397,Lewis Richardson,eng ENG,"FW,MF",Burnley,17,2003,0.0,2,0,0,0,2,0,2,1,0,0.0,1,100.0,2,18,2,1,0,0,0,0,2,1,Matches,2020-2021
398,Richarlison,br BRA,FW,Everton,23,1997,31.8,1179,54,187,457,562,145,1178,102,61,59.8,41,40.2,752,5540,2840,113,72,40,70,56,846,195,Matches,2020-2021
399,Jaïro Riedewald,nl NED,MF,Crystal Palace,23,1996,20.2,818,39,211,471,148,15,818,19,13,68.4,6,31.6,438,2276,1074,15,13,2,28,9,482,23,Matches,2020-2021
400,Matt Ritchie,sct SCO,"DF,MF",Newcastle Utd,30,1989,15.0,751,55,222,296,241,10,751,15,8,53.3,7,46.7,341,1687,933,23,32,2,12,5,380,42,Matches,2020-2021
401,Tyler Roberts,wls WAL,"MF,FW",Leeds United,21,1999,14.9,625,16,74,310,249,36,625,25,17,68.0,8,32.0,368,2360,1061,33,34,6,32,15,476,89,Matches,2020-2021
402,Andrew Robertson,sct SCO,DF,Liverpool,26,1994,37.6,3588,103,756,1647,1226,97,3588,53,28,52.8,25,47.2,2146,10868,6389,119,101,10,42,11,2425,289,Matches,2020-2021
403,Antonee Robinson,us USA,DF,Fulham,22,1997,24.0,1670,83,465,689,541,32,1670,73,51,69.9,22,30.1,827,5886,3401,98,78,11,44,22,939,145,Matches,2020-2021
404,Callum Robinson,ie IRL,"FW,MF",West Brom,25,1995,17.3,592,16,78,202,318,46,592,29,15,51.7,14,48.3,323,1789,866,36,11,11,39,24,423,119,Matches,2020-2021
405,Jack Robinson,eng ENG,DF,Sheffield Utd,26,1993,9.7,568,51,217,273,82,6,568,4,3,75.0,1,25.0,246,1158,494,3,6,1,5,2,309,6,Matches,2020-2021
406,Hal Robson-Kanu,wls WAL,FW,West Brom,31,1989,6.2,178,7,15,65,101,17,178,14,6,42.9,8,57.1,111,546,225,8,3,5,30,16,130,33,Matches,2020-2021
407,Marek Rodák,sk SVK,GK,Fulham,23,1996,2.0,50,45,50,0,0,0,50,0,0,,0,,29,124,60,0,0,0,0,0,28,0,Matches,2020-2021
408,Joe Rodon,wls WAL,DF,Tottenham,22,1997,8.1,517,85,294,219,5,2,517,0,0,,0,,269,1097,408,2,0,0,2,0,338,0,Matches,2020-2021
409,Rodri,es ESP,MF,Manchester City,24,1996,30.5,3082,95,564,2022,522,43,3081,33,28,84.8,5,15.2,1955,8270,4309,42,43,7,25,22,2349,31,Matches,2020-2021
410,Rodrigo,es ESP,"MF,FW",Leeds United,29,1991,14.3,738,18,115,313,317,68,738,25,16,64.0,9,36.0,470,2212,970,30,19,11,39,21,587,118,Matches,2020-2021
411,James Rodríguez,co COL,"FW,MF",Everton,29,1991,19.6,1313,7,172,757,396,32,1313,48,34,70.8,14,29.2,827,4149,1573,36,28,7,33,38,959,89,Matches,2020-2021
412,Jay Rodriguez,eng ENG,FW,Burnley,31,1989,14.1,459,10,39,195,230,55,459,28,12,42.9,16,57.1,249,1186,449,16,15,6,49,22,314,79,Matches,2020-2021
413,Oriol Romeu,es ESP,MF,Southampton,28,1991,19.6,1492,44,311,993,198,8,1492,17,14,82.4,3,17.6,773,3642,1884,25,31,2,23,18,1007,15,Matches,2020-2021
414,John Ruddy,eng ENG,GK,Wolves,33,1986,1.0,24,20,24,0,0,0,24,0,0,,0,,13,98,65,0,0,0,0,0,4,0,Matches,2020-2021
415,Antonio Rüdiger,de GER,DF,Chelsea,27,1993,19.0,1690,159,738,871,92,17,1690,6,3,50.0,3,50.0,1074,5196,3005,24,18,1,9,1,1301,6,Matches,2020-2021
416,Mathew Ryan,au AUS,GK,Arsenal,28,1992,3.0,75,53,70,4,1,1,75,0,0,,0,,44,231,144,0,0,0,0,0,31,1,Matches,2020-2021
417,Mathew Ryan,au AUS,GK,Brighton,28,1992,11.0,428,336,424,4,0,0,428,0,0,,0,,254,1121,591,0,0,0,0,0,258,0,Matches,2020-2021
418,Allan Saint-Maximin,fr FRA,"FW,MF",Newcastle Utd,23,1997,17.3,666,3,66,326,299,54,666,145,96,66.2,49,33.8,498,4492,2479,81,66,24,55,52,518,86,Matches,2020-2021
419,Romain Saïss,ma MAR,DF,Wolves,30,1990,26.7,1786,187,881,773,140,35,1786,15,9,60.0,6,40.0,1003,4495,2550,12,10,1,11,2,1152,24,Matches,2020-2021
420,Bukayo Saka,eng ENG,"FW,MF",Arsenal,18,2001,28.4,1503,39,213,520,783,142,1503,87,46,52.9,41,47.1,905,5219,2850,85,53,36,75,42,1098,269,Matches,2020-2021
421,Mamadou Sakho,fr FRA,DF,Crystal Palace,30,1990,3.1,121,24,58,58,5,2,121,0,0,,0,,62,255,143,0,0,0,3,1,59,2,Matches,2020-2021
422,Mohamed Salah,eg EGY,FW,Liverpool,28,1992,34.2,1695,11,65,569,1073,275,1689,84,36,42.9,48,57.1,1185,6086,3034,111,71,72,116,82,1420,396,Matches,2020-2021
423,Mohammed Salisu,gh GHA,DF,Southampton,21,1999,9.4,521,55,207,274,41,7,521,12,9,75.0,3,25.0,265,1346,536,8,3,0,12,7,272,8,Matches,2020-2021
424,Davinson Sánchez,co COL,DF,Tottenham,24,1996,16.5,1210,171,683,517,12,8,1210,1,1,100.0,0,0.0,729,3356,1680,2,2,0,7,3,809,0,Matches,2020-2021
425,Robert Sánchez,es ESP,GK,Brighton,22,1997,27.0,1162,893,1148,12,2,2,1162,0,0,,0,,711,3591,2228,0,0,0,4,0,680,0,Matches,2020-2021
426,Morgan Sanson,fr FRA,MF,Aston Villa,25,1994,3.3,201,2,26,102,79,3,201,7,4,57.1,3,42.9,127,745,321,9,12,1,10,3,137,13,Matches,2020-2021
427,Romaine Sawyers,kn SKN,MF,West Brom,28,1991,16.5,867,29,243,545,91,1,867,21,8,38.1,13,61.9,406,1967,846,11,9,0,14,10,516,9,Matches,2020-2021
428,Dane Scarlett,eng ENG,FW,Tottenham,16,2004,0.0,0,0,0,0,0,0,0,0,0,,0,,0,0,0,0,0,0,0,0,0,0,Matches,2020-2021
429,Fabian Schär,ch SUI,DF,Newcastle Utd,28,1991,13.8,759,105,399,317,62,11,758,14,7,50.0,7,50.0,413,2280,1410,6,9,0,4,5,433,0,Matches,2020-2021
430,Jeffrey Schlupp,gh GHA,MF,Crystal Palace,27,1992,15.9,664,24,132,316,224,46,664,64,31,48.4,33,51.6,356,2548,886,37,18,14,32,41,413,75,Matches,2020-2021
431,Kasper Schmeichel,dk DEN,GK,Leicester City,33,1986,38.0,1314,1104,1307,7,0,0,1314,2,1,50.0,1,50.0,684,3668,2288,0,0,0,0,0,627,0,Matches,2020-2021
432,Nélson Semedo,pt POR,"DF,MF",Wolves,26,1993,33.1,2372,130,606,1120,673,46,2372,103,62,60.2,41,39.8,1288,7892,4424,111,78,11,53,27,1419,155,Matches,2020-2021
433,Femi Seriki,eng ENG,MF,Sheffield Utd,18,2002,0.0,0,0,0,0,0,0,0,0,0,,0,,0,0,0,0,0,0,0,0,0,0,Matches,2020-2021
434,Jamie Shackleton,eng ENG,"MF,DF",Leeds United,20,1999,5.1,254,11,65,122,69,9,254,3,3,100.0,0,0.0,121,614,265,7,3,2,7,1,160,21,Matches,2020-2021
435,Xherdan Shaqiri,ch SUI,"MF,FW",Liverpool,28,1991,6.2,477,2,44,204,236,12,477,9,6,66.7,3,33.3,307,1086,437,5,9,0,13,7,364,32,Matches,2020-2021
436,Billy Sharp,eng ENG,FW,Sheffield Utd,34,1986,8.2,187,1,6,62,119,31,185,12,5,41.7,7,58.3,99,513,128,9,5,5,18,16,137,65,Matches,2020-2021
437,Luke Shaw,eng ENG,DF,Manchester Utd,25,1995,29.5,2310,84,541,926,877,62,2310,56,36,64.3,20,35.7,1249,7878,4699,110,87,17,25,21,1429,209,Matches,2020-2021
438,Jonjo Shelvey,eng ENG,MF,Newcastle Utd,28,1992,29.1,1728,78,469,995,284,22,1728,26,20,76.9,6,23.1,932,4464,1918,20,22,0,19,5,1087,24,Matches,2020-2021
439,Shola Shoretire,eng ENG,FW,Manchester Utd,16,2004,0.1,10,0,1,6,4,0,10,0,0,,0,,6,26,10,0,0,0,2,0,9,2,Matches,2020-2021
440,Gylfi Sigurðsson,is ISL,"MF,FW",Everton,30,1989,25.0,1217,37,218,578,428,47,1213,26,14,53.8,12,46.2,575,2594,900,24,26,4,45,28,747,78,Matches,2020-2021
441,Bernardo Silva,pt POR,"MF,FW",Manchester City,25,1994,22.9,1621,13,175,734,733,83,1621,65,41,63.1,24,36.9,1116,7262,4002,123,104,28,33,23,1304,173,Matches,2020-2021
442,Fábio Silva,pt POR,FW,Wolves,18,2002,15.2,507,9,43,232,233,78,506,21,7,33.3,14,66.7,266,1199,522,14,8,5,45,21,363,74,Matches,2020-2021
443,Thiago Silva,br BRA,DF,Chelsea,35,1984,21.5,2136,243,934,1151,53,19,2136,3,2,66.7,1,33.3,1374,7624,4757,6,13,0,8,2,1634,1,Matches,2020-2021
444,Moussa Sissoko,fr FRA,MF,Tottenham,30,1989,17.6,954,52,270,528,171,11,954,27,18,66.7,9,33.3,523,2805,1404,32,30,5,18,14,593,34,Matches,2020-2021
445,Islam Slimani,dz ALG,FW,Leicester City,32,1988,0.2,12,0,0,6,6,2,12,0,0,,0,,5,25,1,0,1,0,1,0,10,4,Matches,2020-2021
446,William Smallbone,ie IRL,MF,Southampton,20,2000,1.9,95,1,12,54,30,1,95,0,0,,0,,58,281,146,5,6,1,2,2,62,10,Matches,2020-2021
447,Emile Smith Rowe,eng ENG,"MF,FW",Arsenal,20,2000,16.0,890,15,143,397,360,44,890,30,10,33.3,20,66.7,551,2941,1559,51,20,13,38,7,705,113,Matches,2020-2021
448,Robert Snodgrass,sct SCO,"MF,FW",West Brom,32,1987,5.8,217,18,60,91,68,10,217,8,4,50.0,4,50.0,88,372,139,6,1,3,8,4,107,25,Matches,2020-2021
449,Robert Snodgrass,sct SCO,"FW,MF",West Ham,32,1987,0.1,4,0,1,0,3,0,4,0,0,,0,,4,14,3,0,0,0,0,0,4,2,Matches,2020-2021
450,Cédric Soares,pt POR,DF,Arsenal,28,1991,8.3,542,21,142,238,168,12,542,11,5,45.5,6,54.5,274,1421,728,21,10,6,10,9,336,40,Matches,2020-2021
451,Tomáš Souček,cz CZE,MF,West Ham,25,1995,38.0,2083,157,577,1134,388,102,2083,29,16,55.2,13,44.8,886,4201,1719,27,34,4,42,21,1166,47,Matches,2020-2021
452,Çağlar Söyüncü,tr TUR,DF,Leicester City,24,1996,20.2,1609,137,701,847,67,25,1609,6,4,66.7,2,33.3,990,5904,3440,27,18,0,8,4,1138,2,Matches,2020-2021
453,Zack Steffen,us USA,GK,Manchester City,25,1995,1.0,30,26,30,0,0,0,30,0,0,,0,,18,45,23,0,0,0,0,0,18,0,Matches,2020-2021
454,Dale Stephens,eng ENG,MF,Burnley,31,1989,2.9,156,2,22,104,30,4,156,2,1,50.0,1,50.0,67,246,106,2,3,0,3,5,79,1,Matches,2020-2021
455,Jack Stephens,eng ENG,DF,Southampton,26,1994,17.1,1244,114,538,645,69,11,1244,5,2,40.0,3,60.0,646,3572,2166,17,10,0,12,5,801,3,Matches,2020-2021
456,Raheem Sterling,eng ENG,FW,Manchester City,25,1994,28.2,1449,4,65,568,831,213,1448,122,66,54.1,56,45.9,1037,6339,3294,129,73,81,62,83,1237,351,Matches,2020-2021
457,Enda Stevens,ie IRL,DF,Sheffield Utd,30,1990,30.0,1785,112,527,788,485,45,1785,35,20,57.1,16,45.7,815,4012,2041,44,20,6,45,29,993,99,Matches,2020-2021
458,John Stones,eng ENG,DF,Manchester City,26,1994,21.5,1886,137,677,1099,119,17,1886,11,10,90.9,1,9.1,1370,8437,4920,38,40,0,4,2,1520,3,Matches,2020-2021
459,Pascal Struijk,nl NED,"DF,MF",Leeds United,20,1999,23.1,1580,200,892,615,78,20,1580,5,4,80.0,1,20.0,871,4704,2834,4,8,0,10,9,1012,5,Matches,2020-2021
460,Japhet Tanganga,eng ENG,DF,Tottenham,21,1999,5.4,282,25,104,128,55,4,282,13,9,69.2,4,30.8,120,603,313,8,4,0,2,5,154,11,Matches,2020-2021
461,Matt Targett,eng ENG,DF,Aston Villa,24,1995,37.8,2534,160,775,1098,679,35,2534,25,15,60.0,10,40.0,1151,4040,1960,26,30,2,24,6,1348,156,Matches,2020-2021
462,James Tarkowski,eng ENG,DF,Burnley,27,1992,36.0,1676,245,814,737,131,65,1676,14,12,85.7,2,14.3,692,3133,1498,4,7,0,17,4,793,13,Matches,2020-2021
463,Percy Tau,za RSA,FW,Brighton,26,1994,1.1,43,1,5,20,19,2,43,3,3,100.0,0,0.0,29,224,106,4,1,1,5,1,30,11,Matches,2020-2021
464,Sidnei Tavares,pt POR,MF,Leicester City,18,2001,0.9,33,0,6,20,8,0,33,1,1,100.0,0,0.0,25,156,34,1,1,1,2,3,27,6,Matches,2020-2021
465,Charlie Taylor,eng ENG,DF,Burnley,26,1993,27.0,1624,126,521,752,363,10,1624,47,25,53.2,22,46.8,765,5336,2392,62,53,4,21,9,846,68,Matches,2020-2021
466,Neil Taylor,wls WAL,DF,Aston Villa,31,1989,0.2,13,1,7,4,2,0,13,0,0,,0,,9,20,10,0,0,0,0,0,8,0,Matches,2020-2021
467,Allan Tchaptchet,fr FRA,DF,Southampton,18,2001,0.1,2,1,2,0,0,0,2,0,0,,0,,0,0,0,0,0,0,1,0,1,0,Matches,2020-2021
468,Nathan Tella,ng NGA,"FW,MF",Southampton,21,1999,8.3,262,0,29,111,128,21,262,25,11,44.0,14,56.0,170,1328,565,19,18,8,35,23,180,36,Matches,2020-2021
469,Alex Telles,br BRA,DF,Manchester Utd,27,1992,7.7,667,28,171,315,186,3,667,7,3,42.9,4,57.1,355,1803,1110,27,15,0,5,5,417,40,Matches,2020-2021
470,Kenny Tete,nl NED,"DF,MF",Fulham,24,1995,16.5,1076,64,360,444,279,19,1076,19,10,52.6,9,47.4,548,2973,1439,38,23,3,19,8,602,73,Matches,2020-2021
471,Luke Thomas,eng ENG,DF,Leicester City,19,2001,10.8,635,27,162,282,195,16,635,18,6,33.3,12,66.7,288,1437,559,15,8,3,15,12,363,45,Matches,2020-2021
472,Youri Tielemans,be BEL,MF,Leicester City,23,1997,37.3,2997,53,549,1768,712,44,2995,64,43,67.2,21,32.8,1562,6376,3455,52,39,9,41,35,2121,66,Matches,2020-2021
473,Kieran Tierney,sct SCO,DF,Arsenal,23,1997,25.5,1742,95,508,653,594,45,1742,30,16,53.3,14,46.7,974,5279,2867,82,50,16,24,14,1103,194,Matches,2020-2021
474,James Tomkins,eng ENG,DF,Crystal Palace,31,1989,6.1,244,55,172,66,6,6,244,0,0,,0,,110,410,180,0,1,0,3,0,122,1,Matches,2020-2021
475,Fikayo Tomori,eng ENG,DF,Chelsea,22,1997,0.5,41,16,36,5,0,0,41,0,0,,0,,13,45,23,0,0,0,0,0,22,0,Matches,2020-2021
476,Ferrán Torres,es ESP,"FW,MF",Manchester City,20,2000,14.5,608,10,54,204,360,67,608,46,20,43.5,26,56.5,383,2140,1012,30,20,16,25,21,471,118,Matches,2020-2021
477,Cenk Tosun,tr TUR,FW,Everton,29,1991,0.5,17,0,2,5,10,2,17,0,0,,0,,9,44,16,0,1,0,1,0,13,4,Matches,2020-2021
478,Andros Townsend,eng ENG,"MF,FW",Crystal Palace,29,1991,25.1,1213,29,259,502,493,33,1213,73,44,60.3,29,39.7,679,4920,2351,72,55,9,47,56,706,112,Matches,2020-2021
479,Conor Townsend,eng ENG,DF,West Brom,27,1993,24.8,1448,98,470,667,325,29,1448,27,11,40.7,16,59.3,623,2996,1758,37,22,4,33,7,776,74,Matches,2020-2021
480,Adama Traoré,es ESP,"FW,MF",Wolves,24,1996,29.4,1267,20,118,565,626,106,1267,216,153,70.8,63,29.2,845,9040,5204,219,111,58,112,65,987,220,Matches,2020-2021
481,Bertrand Traoré,bf BFA,FW,Aston Villa,24,1995,25.7,1137,23,163,450,541,101,1137,97,52,53.6,45,46.4,695,4075,1679,51,38,28,69,26,770,125,Matches,2020-2021
482,Trézéguet,eg EGY,FW,Aston Villa,25,1994,13.0,508,17,93,193,234,65,508,31,17,54.8,14,45.2,277,1753,934,31,25,14,28,13,313,79,Matches,2020-2021
483,Leandro Trossard,be BEL,"MF,FW",Brighton,25,1994,29.0,1401,5,137,556,725,113,1401,68,39,57.4,29,42.6,869,5382,2299,73,50,20,67,60,988,219,Matches,2020-2021
484,Kostas Tsimikas,gr GRE,"DF,FW",Liverpool,24,1996,0.1,10,0,1,3,6,0,10,0,0,,0,,7,21,9,1,0,0,1,0,8,3,Matches,2020-2021
485,Axel Tuanzebe,cd COD,DF,Manchester Utd,22,1997,4.5,321,41,165,138,18,0,321,2,0,0.0,2,100.0,164,839,394,3,3,0,2,1,212,3,Matches,2020-2021
486,Cengiz Ünder,tr TUR,"FW,MF",Leicester City,23,1997,3.1,169,2,12,59,101,8,169,23,15,65.2,8,34.8,111,945,369,12,6,3,8,9,132,39,Matches,2020-2021
487,Yan Valery,tn TUN,"DF,MF",Southampton,21,1999,1.1,95,5,34,36,26,1,95,4,0,0.0,4,100.0,54,389,149,6,3,1,6,5,48,9,Matches,2020-2021
488,Virgil van Dijk,nl NED,DF,Liverpool,29,1991,4.1,364,23,123,231,12,5,364,0,0,,0,,282,1153,527,0,1,0,1,0,295,1,Matches,2020-2021
489,Jamie Vardy,eng ENG,FW,Leicester City,33,1987,31.6,708,34,57,243,415,163,699,41,26,63.4,15,36.6,336,2247,1015,57,17,35,58,12,505,202,Matches,2020-2021
490,Joël Veltman,nl NED,DF,Brighton,28,1992,25.3,1813,96,558,868,405,32,1813,36,18,50.0,18,50.0,927,4633,2185,39,25,2,17,7,1038,99,Matches,2020-2021
491,Jannik Vestergaard,dk DEN,DF,Southampton,27,1992,28.6,2077,265,1002,992,100,46,2077,10,7,70.0,3,30.0,1210,6386,3505,14,16,0,13,6,1395,2,Matches,2020-2021
492,Rúben Vinagre,pt POR,"MF,DF",Wolves,21,1999,1.9,121,2,35,56,31,0,121,4,2,50.0,2,50.0,60,288,176,4,5,0,1,6,71,11,Matches,2020-2021
493,Carlos Vinícius,br BRA,FW,Tottenham,25,1995,3.4,94,7,11,45,39,15,94,4,3,75.0,1,25.0,47,179,76,1,2,0,17,7,70,12,Matches,2020-2021
494,João Virgínia,pt POR,GK,Everton,20,1999,0.5,18,17,18,0,0,0,18,0,0,,0,,9,62,47,0,0,0,0,0,9,0,Matches,2020-2021
495,Vitinha,pt POR,MF,Wolves,20,2000,5.8,389,2,31,239,122,8,389,12,8,66.7,4,33.3,261,1532,753,11,15,2,17,3,311,18,Matches,2020-2021
496,Jake Vokins,eng ENG,DF,Southampton,20,2000,0.7,23,0,3,12,8,0,23,0,0,,0,,11,53,39,1,1,0,0,0,13,2,Matches,2020-2021
497,Matěj Vydra,cz CZE,FW,Burnley,28,1992,15.2,405,9,15,142,252,87,405,26,16,61.5,10,38.5,234,1115,481,19,14,13,52,22,318,112,Matches,2020-2021
498,Theo Walcott,eng ENG,"MF,FW",Southampton,31,1989,18.0,646,13,90,273,287,60,646,51,17,33.3,34,66.7,371,2248,1113,37,36,12,56,27,449,105,Matches,2020-2021
499,Theo Walcott,eng ENG,FW,Everton,31,1989,0.1,2,0,0,1,1,0,2,0,0,,0,,2,65,57,1,1,0,1,0,2,0,Matches,2020-2021
500,Kyle Walker,eng ENG,DF,Manchester City,30,1990,21.6,2098,49,373,1327,419,15,2098,41,24,58.5,17,41.5,1337,7284,3784,80,67,6,16,17,1589,71,Matches,2020-2021
501,Kyle Walker-Peters,eng ENG,DF,Southampton,23,1997,29.4,2020,103,583,1063,407,52,2020,65,46,70.8,19,29.2,1034,6415,3451,92,67,16,37,49,1132,112,Matches,2020-2021
502,Aaron Wan-Bissaka,eng ENG,DF,Manchester Utd,22,1997,34.0,2547,116,807,1085,677,32,2547,60,34,56.7,25,41.7,1294,7565,3797,89,65,5,34,21,1551,176,Matches,2020-2021
503,Joel Ward,eng ENG,DF,Crystal Palace,30,1989,25.1,1379,114,542,589,256,10,1379,16,12,75.0,4,25.0,484,2236,1154,20,23,3,24,8,560,35,Matches,2020-2021
504,James Ward-Prowse,eng ENG,MF,Southampton,25,1994,38.0,3045,107,612,1837,623,22,3041,22,17,77.3,5,22.7,1401,6124,2934,34,46,0,33,14,1824,51,Matches,2020-2021
505,Ollie Watkins,eng ENG,FW,Aston Villa,24,1995,37.0,1239,28,59,446,752,225,1237,70,40,57.1,30,42.9,712,4084,1775,84,44,56,116,85,1011,290,Matches,2020-2021
506,Caleb Watts,au AUS,MF,Southampton,18,2002,0.4,17,1,4,8,5,0,17,0,0,,0,,13,42,19,0,1,0,1,1,13,2,Matches,2020-2021
507,Adam Webster,eng ENG,DF,Brighton,25,1995,28.8,2122,203,965,1015,159,32,2122,17,17,100.0,0,0.0,1309,8566,5757,42,36,2,27,6,1466,4,Matches,2020-2021
508,Danny Welbeck,eng ENG,FW,Brighton,29,1990,17.2,447,16,44,154,256,84,446,33,18,54.5,14,42.4,248,1441,716,21,11,10,51,13,312,98,Matches,2020-2021
509,Timo Werner,de GER,"FW,MF",Chelsea,24,1996,28.9,1148,5,82,445,631,179,1148,80,29,36.3,51,63.8,713,4907,2524,103,49,59,86,28,914,238,Matches,2020-2021
510,Ashley Westwood,eng ENG,MF,Burnley,30,1990,37.9,2460,56,344,1573,561,19,2460,19,13,68.4,6,31.6,1227,4717,2150,21,25,2,29,11,1562,39,Matches,2020-2021
511,Ben White,eng ENG,"DF,MF",Brighton,22,1997,35.5,2117,169,891,1017,229,22,2117,32,24,75.0,8,25.0,1225,6160,3491,50,41,6,23,10,1420,38,Matches,2020-2021
512,Georginio Wijnaldum,nl NED,MF,Liverpool,29,1990,32.7,2005,30,279,1261,488,44,2005,51,34,66.7,17,33.3,1350,7637,3608,62,60,3,38,27,1526,59,Matches,2020-2021
513,Brandon Williams,eng ENG,DF,Manchester Utd,19,2000,2.1,161,8,68,73,22,2,161,4,2,50.0,2,50.0,98,658,323,5,5,0,2,1,108,7,Matches,2020-2021
514,Neco Williams,wls WAL,DF,Liverpool,19,2001,2.8,244,4,54,99,96,7,244,7,5,71.4,2,28.6,153,700,337,10,7,6,1,3,154,29,Matches,2020-2021
515,Rhys Williams,eng ENG,DF,Liverpool,19,2001,7.3,558,71,264,279,17,10,558,0,0,,0,,321,1311,572,2,2,0,0,0,380,1,Matches,2020-2021
516,Willian,br BRA,FW,Arsenal,31,1988,15.6,912,9,102,326,488,36,912,18,13,72.2,5,27.8,538,3524,1730,51,36,10,23,15,667,119,Matches,2020-2021
517,Joe Willock,eng ENG,MF,Arsenal,20,1999,2.6,136,8,22,63,57,14,136,9,4,44.4,5,55.6,81,524,191,8,6,0,13,3,87,13,Matches,2020-2021
518,Joe Willock,eng ENG,MF,Newcastle Utd,20,1999,10.9,410,17,121,182,118,38,409,40,22,55.0,18,45.0,205,1385,822,23,12,11,21,16,209,34,Matches,2020-2021
519,Callum Wilson,eng ENG,FW,Newcastle Utd,28,1992,23.2,596,17,45,263,302,89,592,43,26,60.5,17,39.5,361,2248,985,42,29,24,73,39,452,116,Matches,2020-2021
520,Harry Winks,eng ENG,MF,Tottenham,24,1996,9.6,757,26,171,517,75,0,757,5,4,80.0,1,20.0,454,2042,968,9,7,0,6,3,566,1,Matches,2020-2021
521,Chris Wood,nz NZL,FW,Burnley,28,1991,30.5,932,24,60,378,500,129,930,21,7,33.3,14,66.7,454,1580,609,17,13,14,79,44,764,217,Matches,2020-2021
522,Granit Xhaka,ch SUI,"MF,DF",Arsenal,27,1992,28.0,2440,96,526,1563,364,9,2440,16,8,50.0,8,50.0,1532,7624,4224,41,40,0,20,12,1809,31,Matches,2020-2021
523,Andriy Yarmolenko,ua UKR,"FW,MF",West Ham,30,1989,4.2,198,4,34,82,86,15,198,12,6,50.0,6,50.0,126,969,442,22,12,5,12,10,149,38,Matches,2020-2021
524,DeAndre Yedlin,us USA,DF,Newcastle Utd,27,1993,4.8,228,17,81,81,66,5,228,2,1,50.0,1,50.0,107,451,221,6,3,1,7,1,116,15,Matches,2020-2021
525,Okay Yokuşlu,tr TUR,MF,West Brom,26,1994,14.6,726,57,232,412,95,11,726,25,19,76.0,6,24.0,351,1381,554,5,5,1,23,9,324,5,Matches,2020-2021
526,Wilfried Zaha,ci CIV,FW,Crystal Palace,27,1992,29.0,1167,2,83,471,633,146,1165,117,55,47.0,62,53.0,851,5803,2845,103,66,62,108,77,954,259,Matches,2020-2021
527,Andre-Frank Zambo Anguissa,cm CMR,MF,Fulham,24,1995,28.7,1827,38,367,1059,448,38,1827,143,96,67.1,47,32.9,1087,6846,3335,81,64,8,72,50,1201,68,Matches,2020-2021
528,Andi Zeqiri,ch SUI,"FW,DF",Brighton,21,1999,1.9,69,4,9,21,39,13,69,1,1,100.0,0,0.0,41,151,73,2,0,0,8,1,45,14,Matches,2020-2021
529,Oleksandr Zinchenko,ua UKR,DF,Manchester City,23,1996,16.4,1647,45,320,916,415,11,1647,9,6,66.7,3,33.3,980,4077,2128,38,35,3,15,6,1196,65,Matches,2020-2021
530,Hakim Ziyech,ma MAR,"MF,FW",Chelsea,27,1993,13.0,876,9,67,394,423,35,876,35,19,54.3,16,45.7,534,2292,972,27,21,12,29,16,691,108,Matches,2020-2021
531,Kurt Zouma,fr FRA,DF,Chelsea,25,1994,22.5,2001,250,926,999,78,35,2001,4,2,50.0,2,50.0,1280,6049,3513,14,16,0,7,4,1527,8,Matches,2020-2021
532,Martin Ødegaard,no NOR,MF,Arsenal,21,1998,9.6,598,6,56,283,265,22,598,17,13,76.5,4,23.5,388,2071,859,16,18,3,14,11,460,49,Matches,2020-2021
1,Patrick van Aanholt,nl NED,DF,Crystal Palace,28,1990,27.9,1870,89,529,848,515,41,1869,38,16,42.1,22,57.9,830,4462,2433,60,41,10,31,15,994,89,Matches,2019-2020
2,Max Aarons,eng ENG,DF,Norwich City,19,2000,36.0,2144,159,763,868,536,43,2144,99,48,48.5,51,51.5,1259,7858,4066,92,61,21,54,31,1253,151,Matches,2019-2020
3,Tammy Abraham,eng ENG,FW,Chelsea,21,1997,24.6,722,30,60,337,334,146,722,35,16,45.7,19,54.3,333,1698,749,31,17,10,74,42,479,134,Matches,2019-2020
4,Che Adams,sct SCO,FW,Southampton,23,1996,12.3,418,11,29,181,214,60,418,25,18,72.0,7,28.0,232,1282,464,20,16,10,40,21,298,87,Matches,2019-2020
5,Adrián,es ESP,GK,Liverpool,32,1987,9.7,331,298,331,0,0,0,331,0,0,,0,,193,925,528,0,1,1,0,0,152,0,Matches,2019-2020
6,Sergio Agüero,ar ARG,FW,Manchester City,31,1988,16.1,544,4,17,178,356,131,541,40,24,60.0,16,40.0,405,2057,816,35,26,23,34,30,436,105,Matches,2019-2020
7,Albian Ajeti,ch SUI,FW,West Ham,22,1997,1.5,28,0,1,8,19,7,28,2,0,0.0,2,100.0,17,61,8,0,0,1,4,2,22,10,Matches,2019-2020
8,Nathan Aké,nl NED,DF,Bournemouth,24,1995,27.8,1557,238,888,604,77,36,1557,3,3,100.0,0,0.0,958,4935,3112,12,5,0,9,5,922,7,Matches,2019-2020
9,Marc Albrighton,eng ENG,"MF,DF",Leicester City,29,1989,9.6,618,12,102,245,284,20,618,33,14,42.4,19,57.6,393,1968,822,20,19,4,12,9,423,94,Matches,2019-2020
10,Toby Alderweireld,be BEL,DF,Tottenham,30,1989,32.9,2349,344,1183,1068,101,22,2349,1,0,0.0,1,100.0,1460,5973,2949,11,18,1,9,5,1566,10,Matches,2019-2020
11,Trent Alexander-Arnold,eng ENG,DF,Liverpool,20,1998,35.3,3583,99,825,1590,1194,54,3583,51,21,41.2,30,58.8,2137,9099,5332,98,113,16,47,12,2281,226,Matches,2019-2020
12,Alisson,br BRA,GK,Liverpool,26,1992,28.3,992,792,983,10,0,0,992,0,0,,0,,600,2483,1531,0,1,1,0,0,495,0,Matches,2019-2020
13,Dele Alli,eng ENG,"MF,FW",Tottenham,23,1996,20.5,1128,36,156,558,427,76,1127,66,29,43.9,36,54.5,707,3569,1684,56,37,14,50,41,760,152,Matches,2019-2020
14,Miguel Almirón,py PAR,"MF,FW",Newcastle Utd,25,1994,33.6,1291,34,260,538,537,81,1291,93,46,49.5,47,50.5,929,7715,3823,120,82,19,80,35,881,160,Matches,2019-2020
15,Marcos Alonso,es ESP,DF,Chelsea,28,1990,15.9,1341,27,335,536,477,59,1341,19,12,63.2,7,36.8,787,4088,2269,62,42,6,33,10,833,155,Matches,2019-2020
16,Steven Alzate,co COL,"MF,DF",Brighton,20,1998,13.2,831,32,190,397,251,36,831,47,35,74.5,12,25.5,456,2796,1437,34,34,11,25,28,545,92,Matches,2019-2020
17,Ibrahim Amadou,fr FRA,"DF,MF",Norwich City,26,1993,8.4,480,100,331,138,13,4,480,2,2,100.0,0,0.0,290,1128,545,4,0,0,1,3,303,1,Matches,2019-2020
18,Felipe Anderson,br BRA,"MF,FW",West Ham,26,1993,16.6,1168,19,143,564,486,56,1168,92,63,68.5,29,31.5,764,5752,3044,106,72,21,48,30,884,132,Matches,2019-2020
19,Florin Andone,ro ROU,FW,Brighton,26,1993,0.8,34,2,7,9,18,3,34,7,2,28.6,5,71.4,19,178,93,2,3,1,5,1,17,4,Matches,2019-2020
20,Angeliño,es ESP,DF,Manchester City,22,1997,4.7,478,14,89,186,208,11,478,5,4,80.0,1,20.0,333,1405,797,21,28,1,6,3,338,70,Matches,2019-2020
21,Faustino Anjorin,eng ENG,FW,Chelsea,17,2001,0.2,12,0,0,5,7,3,12,2,1,50.0,1,50.0,8,57,25,1,0,1,1,1,8,1,Matches,2019-2020
22,Michail Antonio,jm JAM,FW,West Ham,29,1990,19.6,818,11,39,263,532,117,817,103,65,63.1,37,35.9,494,3148,1490,53,42,26,73,45,599,178,Matches,2019-2020
23,Stuart Armstrong,sct SCO,MF,Southampton,27,1992,19.1,889,49,149,419,335,42,889,53,30,56.6,23,43.4,470,3237,1472,45,34,8,55,25,544,101,Matches,2019-2020
24,Kepa Arrizabalaga,es ESP,GK,Chelsea,24,1994,33.0,1138,970,1132,6,0,0,1138,0,0,,0,,672,3073,1902,0,0,0,1,0,644,0,Matches,2019-2020
25,Christian Atsu,gh GHA,"MF,FW",Newcastle Utd,27,1992,8.3,333,11,75,124,144,12,333,36,16,44.4,20,55.6,217,1717,957,29,23,6,20,17,209,22,Matches,2019-2020
26,Pierre-Emerick Aubameyang,ga GAB,FW,Arsenal,30,1989,34.8,1233,26,143,436,667,150,1231,38,17,44.7,21,55.3,727,4964,2702,98,47,38,58,31,928,288,Matches,2019-2020
27,Serge Aurier,ci CIV,DF,Tottenham,26,1992,30.0,2078,124,573,909,619,52,2078,64,39,60.9,25,39.1,1148,4661,2407,66,54,6,54,28,1144,205,Matches,2019-2020
28,Jordan Ayew,gh GHA,FW,Crystal Palace,27,1991,35.0,1300,30,154,596,584,123,1300,117,73,62.4,44,37.6,801,5611,2289,77,54,25,113,95,950,184,Matches,2019-2020
29,César Azpilicueta,es ESP,DF,Chelsea,29,1989,35.9,3347,117,932,1619,806,93,3347,21,12,57.1,9,42.9,1738,6145,3481,59,39,7,27,13,2152,226,Matches,2019-2020
30,Eric Bailly,ci CIV,DF,Manchester Utd,25,1994,1.7,92,15,44,49,0,0,92,1,1,100.0,0,0.0,46,186,97,1,0,0,1,1,54,1,Matches,2019-2020
31,Leighton Baines,eng ENG,DF,Everton,34,1984,4.5,264,20,64,100,102,1,264,4,2,50.0,2,50.0,118,446,248,12,7,1,3,2,147,18,Matches,2019-2020
32,Fabián Balbuena,py PAR,DF,West Ham,27,1991,13.1,673,91,343,308,24,15,673,2,2,100.0,0,0.0,302,1375,846,8,3,1,6,1,334,2,Matches,2019-2020
33,George Baldock,gr GRE,DF,Sheffield Utd,26,1993,38.0,1908,102,405,623,887,56,1908,70,42,60.0,28,40.0,884,5340,2565,97,63,22,43,22,1036,197,Matches,2019-2020
34,Phil Bardsley,sct SCO,DF,Burnley,34,1985,21.0,1154,99,328,618,213,11,1154,7,4,57.1,3,42.9,401,1877,942,23,20,1,13,3,485,27,Matches,2019-2020
35,Ross Barkley,eng ENG,MF,Chelsea,25,1993,12.3,772,11,82,400,298,31,772,40,27,67.5,13,32.5,520,3158,1519,46,24,11,25,34,610,63,Matches,2019-2020
36,Ashley Barnes,eng ENG,FW,Burnley,29,1989,15.0,418,11,36,191,193,50,417,14,6,42.9,8,57.1,270,900,341,10,6,5,38,19,335,61,Matches,2019-2020
37,Harvey Barnes,eng ENG,"MF,FW",Leicester City,21,1997,23.1,997,9,85,347,592,121,997,81,43,53.1,38,46.9,721,4878,2973,95,54,48,59,23,810,221,Matches,2019-2020
38,Chris Basham,eng ENG,DF,Sheffield Utd,31,1988,36.0,2030,243,818,882,352,41,2030,37,24,64.9,13,35.1,716,3683,2048,32,34,7,33,8,894,70,Matches,2019-2020
39,Borja Bastón,es ESP,"MF,FW",Aston Villa,26,1992,0.2,8,1,1,5,3,1,8,0,0,,0,,1,9,9,0,1,0,1,0,4,0,Matches,2019-2020
40,Michy Batshuayi,be BEL,FW,Chelsea,25,1993,2.7,125,3,10,58,60,31,125,8,4,50.0,4,50.0,79,428,239,8,5,4,13,4,88,22,Matches,2019-2020
41,Jan Bednarek,pl POL,DF,Southampton,23,1996,34.0,2033,269,952,1049,40,15,2033,2,2,100.0,0,0.0,806,3186,1736,4,4,1,11,1,962,0,Matches,2019-2020
42,Héctor Bellerín,es ESP,"DF,MF",Arsenal,24,1995,12.9,846,34,251,388,211,22,846,31,18,58.1,13,41.9,435,2426,1446,34,24,5,14,12,505,70,Matches,2019-2020
43,Ryan Bennett,eng ENG,DF,Wolves,29,1990,6.7,316,49,160,129,28,7,316,0,0,,0,,109,400,230,3,3,0,2,1,157,0,Matches,2019-2020
44,Ryan Bennett,eng ENG,DF,Leicester City,29,1990,3.7,256,11,93,144,19,0,256,0,0,,0,,115,540,312,3,4,0,2,0,158,1,Matches,2019-2020
45,Nabil Bentaleb,dz ALG,MF,Newcastle Utd,24,1994,8.3,496,18,140,323,38,1,496,10,8,80.0,2,20.0,243,978,344,2,2,0,6,2,293,1,Matches,2019-2020
46,Christian Benteke,be BEL,FW,Crystal Palace,28,1990,14.0,530,38,53,224,262,81,530,23,19,82.6,4,17.4,232,1312,584,22,8,10,47,23,399,79,Matches,2019-2020
47,Jóhann Berg Guðmundsson,is ISL,MF,Burnley,28,1990,6.9,254,9,41,84,136,23,254,6,5,83.3,1,16.7,155,990,404,18,11,4,9,5,162,31,Matches,2019-2020
48,Sander Berge,no NOR,MF,Sheffield Utd,21,1998,10.5,502,20,74,251,184,19,502,20,15,75.0,5,25.0,261,1479,655,18,8,3,15,7,309,35,Matches,2019-2020
49,Steven Bergwijn,nl NED,"FW,MF",Tottenham,21,1997,7.8,340,3,47,161,137,19,340,18,8,44.4,10,55.6,226,1400,759,24,17,6,17,10,233,50,Matches,2019-2020
50,Bernard,br BRA,"MF,FW",Everton,26,1992,14.2,762,9,87,352,334,44,762,50,30,60.0,20,40.0,519,2835,1401,40,36,15,40,29,537,106,Matches,2019-2020
51,Bernardo,br BRA,"DF,MF",Brighton,24,1995,7.5,495,30,152,223,123,13,495,12,8,66.7,4,33.3,238,1277,766,22,6,1,16,11,278,41,Matches,2019-2020
52,Ryan Bertrand,eng ENG,DF,Southampton,29,1989,30.5,1972,58,364,960,665,44,1972,24,11,45.8,13,54.2,890,4825,2759,78,38,2,46,21,1044,134,Matches,2019-2020
53,Muhamed Bešić,ba BIH,MF,Sheffield Utd,26,1992,2.8,143,9,37,63,46,2,143,7,7,100.0,0,0.0,63,323,136,3,5,1,2,2,77,0,Matches,2019-2020
54,Philip Billing,dk DEN,MF,Bournemouth,23,1996,28.1,1673,131,462,839,395,50,1673,35,22,62.9,13,37.1,873,4050,1646,29,30,4,51,28,905,59,Matches,2019-2020
55,Yves Bissouma,ml MLI,MF,Brighton,22,1996,14.0,834,28,194,479,177,8,834,48,32,66.7,16,33.3,500,3269,1308,25,20,8,32,25,545,16,Matches,2019-2020
56,Willy Boly,ci CIV,DF,Wolves,28,1991,22.0,1264,139,623,606,39,20,1264,11,9,81.8,2,18.2,588,2675,1364,4,4,0,10,4,725,5,Matches,2019-2020
57,Gaëtan Bong,cm CMR,"DF,MF",Brighton,31,1988,0.7,41,0,5,15,22,3,41,2,1,50.0,1,50.0,26,119,55,4,1,1,3,1,31,8,Matches,2019-2020
58,Sofiane Boufal,ma MAR,"MF,FW",Southampton,25,1993,8.5,496,3,39,190,283,49,496,86,53,61.6,33,38.4,350,2773,1408,48,33,24,33,40,372,67,Matches,2019-2020
59,Jarrod Bowen,eng ENG,"FW,MF",West Ham,22,1996,10.2,406,8,70,133,214,41,406,39,15,38.5,24,61.5,276,2344,872,33,23,15,19,14,249,80,Matches,2019-2020
60,Robbie Brady,ie IRL,MF,Burnley,27,1992,5.0,245,13,36,99,112,15,245,10,6,60.0,4,40.0,123,580,276,5,10,0,11,11,139,23,Matches,2019-2020
61,Jarrad Branthwaite,eng ENG,DF,Everton,17,2002,3.3,259,41,149,111,2,0,259,1,1,100.0,0,0.0,153,822,396,0,0,0,3,0,185,0,Matches,2019-2020
62,Claudio Bravo,cl CHI,GK,Manchester City,36,1983,3.9,139,113,137,2,0,0,139,1,1,100.0,0,0.0,87,434,277,0,0,0,0,0,78,0,Matches,2019-2020
63,Armando Broja,al ALB,FW,Chelsea,17,2001,0.1,2,0,0,0,2,0,2,0,0,,0,,4,7,0,0,0,0,0,1,4,2,Matches,2019-2020
64,David Brooks,wls WAL,"MF,FW",Bournemouth,22,1997,5.6,226,3,23,84,121,8,226,24,12,50.0,12,50.0,137,700,240,4,8,1,7,7,163,24,Matches,2019-2020
65,Josh Brownhill,eng ENG,MF,Burnley,23,1995,8.9,422,30,105,215,104,9,422,8,7,87.5,1,12.5,183,704,233,2,10,0,10,4,241,15,Matches,2019-2020
66,Emi Buendía,ar ARG,"FW,MF",Norwich City,22,1996,27.4,2023,61,354,965,745,52,2023,142,102,71.8,39,27.5,1302,6925,3605,68,80,15,82,80,1344,106,Matches,2019-2020
67,Dan Burn,eng ENG,DF,Brighton,27,1992,32.0,2290,165,718,1144,441,26,2290,40,19,47.5,21,52.5,1025,5257,2959,52,39,1,37,25,1342,93,Matches,2019-2020
68,Sam Byram,eng ENG,DF,Norwich City,25,1993,14.4,1007,84,386,393,234,37,1007,15,6,40.0,9,60.0,459,2088,910,21,18,2,13,5,505,58,Matches,2019-2020
69,Willy Caballero,ar ARG,GK,Chelsea,37,1981,5.0,176,160,176,0,0,0,176,0,0,,0,,116,486,257,0,0,0,0,0,109,0,Matches,2019-2020
70,Gary Cahill,eng ENG,DF,Crystal Palace,33,1985,24.1,1257,190,748,453,63,45,1257,5,4,80.0,1,20.0,627,3147,1421,5,7,1,13,4,744,2,Matches,2019-2020
71,Dominic Calvert-Lewin,eng ENG,FW,Everton,22,1997,29.2,922,42,76,391,466,134,922,27,14,51.9,13,48.1,511,2568,951,40,28,16,98,23,736,156,Matches,2019-2020
72,Víctor Camarasa,es ESP,FW,Crystal Palace,25,1994,0.1,3,0,0,3,0,0,3,0,0,,0,,2,24,1,0,0,0,0,0,3,0,Matches,2019-2020
73,João Cancelo,pt POR,DF,Manchester City,25,1994,13.4,1309,30,257,672,395,33,1309,53,37,69.8,17,32.1,949,4380,2266,42,50,14,15,8,937,80,Matches,2019-2020
74,Todd Cantwell,eng ENG,"FW,MF",Norwich City,21,1998,27.7,1480,34,259,723,523,79,1480,78,49,62.8,29,37.2,991,5587,2520,75,49,24,77,48,1099,138,Matches,2019-2020
75,Étienne Capoue,fr FRA,MF,Watford,31,1988,29.2,1797,94,422,1174,217,12,1797,40,23,57.5,17,42.5,912,3593,1554,16,16,3,18,26,999,23,Matches,2019-2020
76,Andy Carroll,eng ENG,FW,Newcastle Utd,30,1989,7.0,316,27,39,156,122,30,316,11,6,54.5,5,45.5,133,478,109,4,5,0,24,11,236,34,Matches,2019-2020
77,Jonny Castro,es ESP,"MF,DF",Wolves,25,1994,32.1,1871,68,476,779,638,61,1871,71,32,45.1,39,54.9,855,5260,2873,100,62,20,54,36,1024,180,Matches,2019-2020
78,Craig Cathcart,nir NIR,DF,Watford,30,1989,27.6,1194,156,601,572,23,12,1194,7,4,57.1,3,42.9,583,2439,1037,2,3,1,9,3,591,3,Matches,2019-2020
79,Dani Ceballos,es ESP,MF,Arsenal,22,1996,18.8,1510,50,320,807,403,21,1510,36,27,75.0,9,25.0,1012,6703,3681,60,52,8,25,30,1089,38,Matches,2019-2020
80,Nathaniel Chalobah,eng ENG,MF,Watford,24,1994,10.3,500,24,115,278,110,8,500,9,5,55.6,4,44.4,227,942,306,4,9,1,16,10,250,22,Matches,2019-2020
81,Calum Chambers,eng ENG,DF,Arsenal,24,1995,12.2,1067,116,467,406,199,27,1067,17,11,64.7,6,35.3,563,2500,1438,16,10,0,15,10,697,67,Matches,2019-2020
82,Ben Chilwell,eng ENG,DF,Leicester City,22,1996,26.4,2329,73,592,1076,683,48,2329,50,19,38.0,31,62.0,1427,8189,4644,109,77,16,50,22,1537,180,Matches,2019-2020
83,Tahith Chong,nl NED,"FW,DF",Manchester Utd,19,1999,0.4,20,0,3,7,10,2,20,2,1,50.0,1,50.0,15,86,56,2,0,1,2,1,16,5,Matches,2019-2020
84,Hamza Choudhury,bd BAN,MF,Leicester City,21,1997,9.9,619,25,157,363,100,11,619,10,3,30.0,7,70.0,381,1274,399,5,8,1,13,5,402,10,Matches,2019-2020
85,Andreas Christensen,dk DEN,DF,Chelsea,23,1996,19.5,1484,137,690,758,43,12,1484,4,4,100.0,0,0.0,983,5524,3175,17,12,0,4,1,1066,1,Matches,2019-2020
86,Ciaran Clark,ie IRL,DF,Newcastle Utd,29,1989,13.2,496,103,273,205,23,8,496,7,6,85.7,1,14.3,207,865,312,2,2,0,3,1,214,2,Matches,2019-2020
87,Leon Clarke,eng ENG,"FW,MF",Sheffield Utd,34,1985,0.4,10,2,4,2,4,2,10,0,0,,0,,2,0,0,0,0,0,1,0,7,2,Matches,2019-2020
88,Tom Cleverley,eng ENG,MF,Watford,29,1989,10.8,584,17,96,288,208,28,584,11,7,63.6,4,36.4,308,1202,536,13,14,1,11,3,363,43,Matches,2019-2020
89,Conor Coady,eng ENG,DF,Wolves,26,1993,38.0,2082,305,1277,813,1,0,2082,5,4,80.0,1,20.0,1184,5442,2750,3,3,1,1,0,1371,0,Matches,2019-2020
90,Séamus Coleman,ie IRL,DF,Everton,30,1988,20.4,1322,80,414,606,316,28,1322,58,38,65.5,20,34.5,691,3894,2055,49,38,7,35,14,692,93,Matches,2019-2020
91,Aaron Connolly,ie IRL,FW,Brighton,19,2000,14.0,318,1,17,131,173,55,318,20,6,30.0,14,70.0,198,1150,417,21,7,12,53,20,225,86,Matches,2019-2020
92,Lewis Cook,eng ENG,"MF,FW",Bournemouth,22,1997,15.0,894,36,193,498,212,9,894,38,24,63.2,14,36.8,579,2713,1146,18,16,3,26,19,599,31,Matches,2019-2020
93,Steve Cook,eng ENG,DF,Bournemouth,28,1991,27.0,1593,230,882,658,65,23,1593,3,3,100.0,0,0.0,858,4077,2154,7,4,0,4,3,905,5,Matches,2019-2020
94,Jack Cork,eng ENG,MF,Burnley,30,1989,29.0,1220,60,210,783,246,27,1220,33,26,78.8,7,21.2,567,2674,977,13,22,4,45,36,675,31,Matches,2019-2020
95,Aaron Cresswell,eng ENG,DF,West Ham,29,1989,30.3,1975,100,542,922,520,24,1975,34,11,32.4,23,67.6,934,3750,1808,43,33,2,18,10,1043,97,Matches,2019-2020
96,Patrick Cutrone,it ITA,FW,Wolves,21,1998,3.3,102,1,11,49,44,13,102,5,3,60.0,2,40.0,51,321,135,5,3,1,8,9,57,20,Matches,2019-2020
97,Diogo Dalot,pt POR,"DF,MF",Manchester Utd,20,1999,0.7,80,3,12,36,32,1,80,3,0,0.0,3,100.0,36,192,65,2,0,1,1,2,48,7,Matches,2019-2020
98,Charlie Daniels,eng ENG,DF,Bournemouth,32,1986,1.4,61,7,24,25,13,0,61,0,0,,0,,37,138,42,1,1,0,1,1,29,3,Matches,2019-2020
99,Arnaut Danjuma,nl NED,MF,Bournemouth,22,1997,7.0,306,3,59,136,119,22,306,38,21,55.3,17,44.7,227,1820,823,31,19,13,12,14,239,60,Matches,2019-2020
100,Scott Dann,eng ENG,DF,Crystal Palace,32,1987,14.1,704,108,408,271,28,22,704,6,5,83.3,1,16.7,332,1342,892,1,4,2,5,1,388,2,Matches,2019-2020
101,Kevin Danso,at AUT,DF,Southampton,20,1998,3.1,203,12,46,116,43,2,203,7,3,42.9,4,57.1,88,556,287,6,4,0,4,1,109,4,Matches,2019-2020
102,Ben Davies,wls WAL,DF,Tottenham,26,1993,15.9,1144,55,354,590,201,18,1144,18,9,50.0,9,50.0,600,2447,1399,32,20,2,7,9,643,54,Matches,2019-2020
103,Tom Davies,eng ENG,MF,Everton,21,1998,22.5,1119,42,256,682,197,23,1119,30,21,70.0,9,30.0,611,3046,1486,24,29,1,28,20,698,32,Matches,2019-2020
104,Keinan Davis,eng ENG,FW,Aston Villa,21,1998,6.1,217,4,11,91,120,30,217,20,14,70.0,6,30.0,148,864,400,19,11,7,26,11,172,50,Matches,2019-2020
105,Craig Dawson,eng ENG,DF,Watford,29,1990,26.2,1252,162,610,568,81,49,1252,4,3,75.0,1,25.0,622,2801,1289,4,0,0,15,3,665,7,Matches,2019-2020
106,Kevin De Bruyne,be BEL,MF,Manchester City,28,1991,31.0,2595,39,194,1050,1376,150,2593,81,48,59.3,33,40.7,1785,8895,5181,139,114,44,47,31,1939,257,Matches,2019-2020
107,Troy Deeney,eng ENG,FW,Watford,31,1988,24.7,961,28,82,459,430,103,955,20,10,50.0,10,50.0,402,1384,522,12,15,3,51,26,717,104,Matches,2019-2020
108,Fabian Delph,eng ENG,MF,Everton,29,1989,13.2,909,31,221,558,140,0,909,26,21,80.8,5,19.2,574,2786,1221,19,24,0,17,6,620,9,Matches,2019-2020
109,Leander Dendoncker,be BEL,"MF,DF",Wolves,24,1995,31.1,1640,104,558,889,196,38,1640,21,16,76.2,5,23.8,767,3409,1941,17,18,1,31,11,1026,39,Matches,2019-2020
110,Gerard Deulofeu,es ESP,FW,Watford,25,1994,23.3,1112,11,134,361,647,133,1111,105,62,59.0,43,41.0,751,6112,3408,123,80,62,67,52,749,170,Matches,2019-2020
111,Eric Dier,eng ENG,"DF,MF",Tottenham,25,1994,14.9,1082,110,469,562,53,12,1082,4,4,100.0,0,0.0,662,2739,1327,4,5,0,5,4,729,4,Matches,2019-2020
112,Lucas Digne,fr FRA,DF,Everton,26,1993,33.7,2376,99,631,921,842,52,2376,36,23,63.9,13,36.1,1009,4362,2418,69,54,6,28,24,1112,251,Matches,2019-2020
113,Issa Diop,fr FRA,DF,West Ham,22,1997,30.7,1317,229,698,588,39,25,1317,7,5,71.4,2,28.6,630,3407,1747,7,2,0,10,5,629,2,Matches,2019-2020
114,Moussa Djenepo,ml MLI,"MF,DF",Southampton,21,1998,10.3,461,15,79,189,198,44,461,66,44,66.7,22,33.3,291,2178,1227,39,20,13,40,21,306,72,Matches,2019-2020
115,Matt Doherty,ie IRL,"MF,DF",Wolves,27,1992,31.5,2196,74,488,1088,632,89,2196,48,28,58.3,20,41.7,954,5061,3057,75,63,10,47,15,1332,155,Matches,2019-2020
116,Abdoulaye Doucouré,ml MLI,MF,Watford,26,1993,35.1,2090,68,387,1100,646,100,2090,67,40,59.7,27,40.3,1241,5965,3130,69,68,16,58,31,1353,96,Matches,2019-2020
117,Tommy Doyle,eng ENG,MF,Manchester City,17,2001,0.2,21,0,0,14,7,0,21,0,0,,0,,14,67,7,0,0,0,0,0,20,0,Matches,2019-2020
118,Danny Drinkwater,eng ENG,MF,Aston Villa,29,1990,2.9,200,5,55,116,30,2,200,4,1,25.0,3,75.0,97,431,182,2,3,0,3,3,123,4,Matches,2019-2020
119,Danny Drinkwater,eng ENG,MF,Burnley,29,1990,0.6,28,2,5,20,3,0,28,0,0,,0,,9,33,8,0,0,0,1,0,9,1,Matches,2019-2020
120,Josip Drmić,ch SUI,FW,Norwich City,26,1992,7.2,241,8,23,127,93,22,241,14,6,42.9,8,57.1,129,444,140,5,4,5,22,15,160,42,Matches,2019-2020
121,Martin Dúbravka,sk SVK,GK,Newcastle Utd,30,1989,38.0,1198,1000,1192,6,0,0,1198,0,0,,0,,508,3675,2574,0,0,0,3,0,331,0,Matches,2019-2020
122,Ondrej Duda,sk SVK,MF,Norwich City,24,1994,8.0,470,15,73,244,159,9,470,10,6,60.0,4,40.0,266,1010,445,8,9,1,22,3,317,17,Matches,2019-2020
123,Shane Duffy,ie IRL,DF,Brighton,27,1992,13.8,807,115,446,330,34,19,807,4,3,75.0,1,25.0,357,1742,913,4,6,0,9,3,458,2,Matches,2019-2020
124,Paul Dummett,wls WAL,DF,Newcastle Utd,27,1991,13.6,671,90,313,289,70,6,671,2,1,50.0,1,50.0,264,1286,700,7,9,1,3,1,333,16,Matches,2019-2020
125,Lewis Dunk,eng ENG,DF,Brighton,27,1991,35.9,2655,408,1487,1086,99,48,2655,7,5,71.4,2,28.6,1506,8106,4367,18,16,1,15,8,1760,5,Matches,2019-2020
126,Ederson,br BRA,GK,Manchester City,25,1993,34.1,1148,886,1130,19,0,0,1148,0,0,,0,,800,3620,2521,0,0,0,1,0,667,0,Matches,2019-2020
127,John Egan,ie IRL,DF,Sheffield Utd,26,1992,35.4,1682,228,843,782,65,50,1682,2,1,50.0,1,50.0,688,3495,1958,6,1,0,14,0,821,5,Matches,2019-2020
128,Harvey Elliott,eng ENG,DF,Liverpool,16,2003,0.1,16,0,0,6,10,0,16,2,1,50.0,1,50.0,11,40,17,0,0,0,0,0,11,1,Matches,2019-2020
129,Ahmed Elmohamady,eg EGY,DF,Aston Villa,31,1987,11.5,753,49,211,331,216,14,753,11,7,63.6,4,36.4,386,1970,1263,39,30,4,9,2,438,37,Matches,2019-2020
130,Björn Engels,be BEL,DF,Aston Villa,24,1994,16.1,819,151,473,317,30,14,819,1,1,100.0,0,0.0,426,2458,1586,5,4,1,7,2,482,2,Matches,2019-2020
131,Christian Eriksen,dk DEN,"MF,FW",Tottenham,27,1992,12.2,881,15,123,448,323,16,881,2,0,0.0,2,100.0,519,2229,1158,28,22,6,23,14,579,32,Matches,2019-2020
132,Jonny Evans,nir NIR,DF,Leicester City,31,1988,37.6,2899,340,1443,1361,106,47,2899,8,6,75.0,2,25.0,1810,8583,4971,31,13,0,12,3,1926,4,Matches,2019-2020
133,Łukasz Fabiański,pl POL,GK,West Ham,34,1985,23.5,720,632,717,3,0,0,720,1,1,100.0,0,0.0,366,2478,1606,0,0,0,1,0,218,0,Matches,2019-2020
134,Fabinho,br BRA,MF,Liverpool,25,1993,23.1,1783,40,350,1147,295,10,1783,12,9,75.0,3,25.0,1137,5013,2323,19,23,0,15,8,1256,23,Matches,2019-2020
135,Ralf Fährmann,de GER,GK,Norwich City,30,1988,0.2,12,12,12,0,0,0,12,0,0,,0,,5,19,15,0,0,0,0,0,4,0,Matches,2019-2020
136,Akin Famewo,eng ENG,MF,Norwich City,20,1998,0.0,0,0,0,0,0,0,0,0,0,,0,,0,0,0,0,0,0,0,0,0,0,Matches,2019-2020
137,Kiko Femenía,es ESP,DF,Watford,28,1991,24.9,1510,55,421,681,427,17,1510,32,19,59.4,13,40.6,743,3754,1993,49,36,4,21,11,754,81,Matches,2019-2020
138,Bruno Fernandes,pt POR,MF,Manchester Utd,24,1994,13.2,1006,18,98,438,479,39,1002,21,15,71.4,6,28.6,554,2610,1487,34,32,7,29,13,737,92,Matches,2019-2020
139,Gedson Fernandes,pt POR,"MF,DF",Tottenham,20,1999,0.8,71,1,5,27,39,5,71,8,2,25.0,6,75.0,46,319,183,9,3,1,2,0,46,15,Matches,2019-2020
140,Federico Fernández,ar ARG,DF,Newcastle Utd,30,1989,29.1,1614,254,942,536,150,24,1614,16,10,62.5,6,37.5,831,3506,1421,4,13,1,21,3,860,13,Matches,2019-2020
141,Fernandinho,br BRA,DF,Manchester City,34,1985,26.6,2492,198,895,1493,113,22,2492,13,13,100.0,0,0.0,1855,11030,7448,51,27,0,14,6,1880,7,Matches,2019-2020
142,Roberto Firmino,br BRA,FW,Liverpool,27,1991,33.2,1558,16,103,697,775,211,1558,90,52,57.8,38,42.2,1082,5483,2646,90,62,35,92,39,1203,218,Matches,2019-2020
143,John Fleck,sct SCO,MF,Sheffield Utd,27,1991,28.0,1414,36,205,608,619,37,1414,60,44,73.3,16,26.7,607,3286,1753,48,43,13,45,17,866,90,Matches,2019-2020
144,Phil Foden,eng ENG,"FW,MF",Manchester City,19,2000,10.0,628,2,51,242,346,60,628,30,25,83.3,5,16.7,454,2198,1157,36,29,13,19,15,524,102,Matches,2019-2020
145,Pablo Fornals,es ESP,"MF,FW",West Ham,23,1996,24.1,1159,14,169,522,487,45,1159,33,15,45.5,18,54.5,687,3377,1574,45,31,10,40,26,783,156,Matches,2019-2020
146,Ben Foster,eng ENG,GK,Watford,36,1983,38.0,1320,998,1285,34,1,1,1320,2,2,100.0,0,0.0,623,4891,3465,0,0,0,0,0,386,0,Matches,2019-2020
147,Timothy Fosu-Mensah,nl NED,DF,Manchester Utd,21,1998,1.5,84,2,18,48,19,2,84,2,1,50.0,1,50.0,42,154,79,4,0,1,2,0,56,11,Matches,2019-2020
148,Dimitri Foulquier,fr FRA,"DF,MF",Watford,26,1993,0.7,21,2,8,9,6,0,21,2,2,100.0,0,0.0,9,87,73,3,1,0,2,0,9,1,Matches,2019-2020
149,Juan Foyth,ar ARG,DF,Tottenham,21,1998,0.8,80,8,27,45,8,0,80,4,2,50.0,2,50.0,45,181,82,0,0,0,1,1,43,0,Matches,2019-2020
150,Simon Francis,eng ENG,DF,Bournemouth,34,1985,10.8,711,103,373,269,73,12,711,7,4,57.1,3,42.9,407,1734,802,5,4,0,4,2,387,16,Matches,2019-2020
151,Ryan Fraser,sct SCO,"MF,FW",Bournemouth,25,1994,23.0,1129,22,171,401,573,58,1129,24,12,50.0,12,50.0,800,4732,2646,99,63,24,28,19,786,164,Matches,2019-2020
152,Fred,br BRA,MF,Manchester Utd,26,1993,24.0,2059,61,433,1170,478,20,2059,53,40,75.5,13,24.5,1154,5708,2903,28,42,11,45,26,1395,39,Matches,2019-2020
153,Ryan Fredericks,eng ENG,DF,West Ham,26,1992,24.9,1396,92,458,571,377,28,1396,31,11,35.5,20,64.5,637,3518,1972,63,51,14,20,12,705,110,Matches,2019-2020
154,Kieron Freeman,wls WAL,FW,Sheffield Utd,27,1992,0.1,2,0,0,0,2,0,2,0,0,,0,,1,3,2,0,0,0,0,0,1,0,Matches,2019-2020
155,Luke Freeman,eng ENG,MF,Sheffield Utd,27,1992,4.1,202,6,27,72,108,4,202,12,8,66.7,4,33.3,117,666,347,14,11,1,11,13,128,23,Matches,2019-2020
156,Christian Fuchs,at AUT,DF,Leicester City,33,1986,8.6,753,29,275,375,106,1,753,5,2,40.0,3,60.0,391,1375,681,8,10,1,11,2,476,18,Matches,2019-2020
157,Eric García,es ESP,DF,Manchester City,18,2001,8.8,801,51,310,476,18,3,801,8,6,75.0,2,25.0,614,2735,1540,7,3,0,1,0,649,0,Matches,2019-2020
158,James Garner,eng ENG,MF,Manchester Utd,18,2001,0.1,15,1,1,12,3,0,15,0,0,,0,,7,28,9,0,1,0,0,0,13,0,Matches,2019-2020
159,Dwight Gayle,eng ENG,FW,Newcastle Utd,28,1990,9.4,236,9,24,118,95,30,236,3,2,66.7,1,33.3,125,510,209,7,3,1,20,11,156,43,Matches,2019-2020
160,Paulo Gazzaniga,ar ARG,GK,Tottenham,27,1992,17.9,561,508,559,2,0,0,561,0,0,,0,,297,1356,904,0,0,0,0,0,232,0,Matches,2019-2020
161,Jean-Philippe Gbamin,ci CIV,MF,Everton,23,1995,1.5,87,7,19,57,12,0,87,3,2,66.7,1,33.3,54,213,69,0,1,0,2,4,56,3,Matches,2019-2020
162,David de Gea,es ESP,GK,Manchester Utd,28,1990,38.0,1000,917,998,3,0,0,1000,0,0,,0,,444,2290,1419,0,0,0,1,0,370,0,Matches,2019-2020
163,Anwar El Ghazi,nl NED,"FW,MF",Aston Villa,24,1995,22.8,840,21,111,276,466,64,839,52,29,55.8,23,44.2,501,3267,1633,65,57,8,54,35,604,155,Matches,2019-2020
164,Morgan Gibbs-White,eng ENG,"MF,FW",Wolves,19,2000,1.4,94,1,8,48,39,4,94,3,1,33.3,2,66.7,58,300,117,5,0,1,7,0,78,11,Matches,2019-2020
165,Billy Gilmour,sct SCO,MF,Chelsea,18,2001,2.2,196,4,50,119,29,2,196,5,2,40.0,3,60.0,106,616,230,4,1,0,3,3,151,3,Matches,2019-2020
166,Olivier Giroud,fr FRA,FW,Chelsea,32,1986,11.0,416,15,26,223,168,65,416,4,3,75.0,1,25.0,179,480,224,6,7,2,15,8,307,59,Matches,2019-2020
167,Ben Godfrey,eng ENG,DF,Norwich City,21,1998,29.4,1974,365,1242,687,65,12,1974,12,8,66.7,4,33.3,1309,6661,3619,23,19,6,13,4,1362,2,Matches,2019-2020
168,André Gomes,pt POR,MF,Everton,26,1993,16.2,984,31,217,631,148,11,984,35,25,71.4,10,28.6,620,2741,1159,10,17,1,20,23,700,16,Matches,2019-2020
169,Angel Gomes,eng ENG,MF,Manchester Utd,18,2000,0.2,16,0,1,10,5,1,16,0,0,,0,,12,73,43,2,2,1,1,0,15,2,Matches,2019-2020
170,Joe Gomez,eng ENG,DF,Liverpool,22,1997,22.3,2185,137,774,1354,64,1,2185,11,8,72.7,3,27.3,1591,7257,4208,17,14,1,14,3,1605,11,Matches,2019-2020
171,Anthony Gordon,eng ENG,"MF,FW",Everton,18,2001,4.9,191,2,35,91,69,7,191,16,11,68.8,5,31.3,117,814,382,13,13,2,11,8,126,26,Matches,2019-2020
172,Dan Gosling,eng ENG,MF,Bournemouth,29,1990,14.0,721,42,197,367,160,32,721,14,4,28.6,10,71.4,414,1633,615,10,10,4,30,21,442,36,Matches,2019-2020
173,Andre Gray,jm JAM,FW,Watford,28,1991,8.4,235,4,10,83,145,39,235,11,6,54.5,5,45.5,147,581,190,6,6,3,31,14,173,64,Matches,2019-2020
174,Demarai Gray,jm JAM,"MF,FW",Leicester City,23,1996,6.9,439,3,37,172,236,38,438,25,10,40.0,15,60.0,312,2361,1048,40,27,17,20,19,324,78,Matches,2019-2020
175,Jack Grealish,eng ENG,"FW,MF",Aston Villa,23,1995,35.9,1933,43,285,753,939,130,1932,117,73,62.4,44,37.6,1381,11836,6064,212,127,72,71,59,1438,209,Matches,2019-2020
176,Mason Greenwood,eng ENG,FW,Manchester Utd,17,2001,14.7,633,9,65,270,308,58,633,32,21,65.6,11,34.4,393,2156,1095,32,20,17,25,15,507,116,Matches,2019-2020
177,Pascal Groß,de GER,"MF,FW",Brighton,28,1991,20.0,1244,16,112,546,590,48,1244,14,6,42.9,8,57.1,601,2856,1280,36,34,8,35,20,847,198,Matches,2019-2020
178,Vicente Guaita,es ESP,GK,Crystal Palace,32,1987,35.0,1141,994,1139,3,0,0,1141,0,0,,0,,538,3403,2739,0,0,0,0,0,432,0,Matches,2019-2020
179,Mattéo Guendouzi,fr FRA,MF,Arsenal,20,1999,19.4,1385,70,351,785,270,18,1385,43,24,55.8,19,44.2,864,5825,3157,50,38,10,20,21,1013,27,Matches,2019-2020
180,Frederic Guilbert,fr FRA,"DF,MF",Aston Villa,24,1994,22.7,1385,105,443,593,361,10,1385,48,23,47.9,25,52.1,518,3068,1762,56,42,1,30,14,636,96,Matches,2019-2020
181,İlkay Gündoğan,de GER,MF,Manchester City,28,1990,22.4,2159,55,288,1325,562,41,2157,24,18,75.0,6,25.0,1517,6437,3002,39,63,5,15,11,1748,56,Matches,2019-2020
182,Angus Gunn,sct SCO,GK,Southampton,23,1996,10.0,277,221,276,1,0,0,277,0,0,,0,,121,966,703,0,0,0,0,0,83,0,Matches,2019-2020
183,Sébastien Haller,ci CIV,FW,West Ham,25,1994,25.2,1058,34,88,574,403,119,1058,40,24,60.0,15,37.5,490,2050,785,17,21,4,60,35,814,140,Matches,2019-2020
184,Grant Hanley,sct SCO,DF,Norwich City,27,1991,14.0,849,134,522,316,14,10,849,3,2,66.7,1,33.3,485,2153,1010,0,2,0,5,2,515,0,Matches,2019-2020
185,Kortney Hause,eng ENG,DF,Aston Villa,24,1995,17.2,1058,163,554,463,46,27,1058,13,9,69.2,4,30.8,520,3015,1655,8,4,0,13,7,559,4,Matches,2019-2020
186,Isaac Hayden,eng ENG,MF,Newcastle Utd,24,1995,24.7,1110,50,275,618,229,29,1110,43,27,62.8,16,37.2,532,2118,793,24,18,6,28,17,613,30,Matches,2019-2020
187,Tom Heaton,eng ENG,GK,Aston Villa,33,1986,19.9,681,589,668,12,1,0,681,0,0,,0,,259,1861,1376,0,0,0,2,0,203,0,Matches,2019-2020
188,Dean Henderson,eng ENG,GK,Sheffield Utd,22,1997,36.0,1120,948,1109,10,1,1,1120,0,0,,0,,544,4443,2726,0,0,0,2,0,363,0,Matches,2019-2020
189,Jordan Henderson,eng ENG,MF,Liverpool,29,1990,24.9,2144,29,289,1391,481,43,2144,28,17,60.7,11,39.3,1479,6546,3233,51,51,5,25,6,1580,77,Matches,2019-2020
190,Jeff Hendrick,ie IRL,MF,Burnley,27,1992,21.5,800,34,143,412,254,36,800,47,22,46.8,25,53.2,417,2079,844,24,19,8,39,29,462,61,Matches,2019-2020
191,Wayne Hennessey,wls WAL,GK,Crystal Palace,32,1987,3.0,118,105,117,1,0,0,118,0,0,,0,,41,238,176,0,0,0,0,0,36,0,Matches,2019-2020
192,Javier Hernández,mx MEX,FW,West Ham,31,1988,1.2,26,0,1,14,11,4,26,0,0,,0,,14,38,7,0,0,0,1,1,17,4,Matches,2019-2020
193,Onel Hernández,cu CUB,"FW,MF",Norwich City,26,1993,15.4,560,16,94,185,299,71,560,76,42,55.3,34,44.7,390,3160,1735,72,25,37,39,36,356,124,Matches,2019-2020
194,Son Heung-min,kr KOR,FW,Tottenham,27,1992,27.5,1230,25,144,462,641,137,1229,107,62,57.9,45,42.1,833,5246,2550,90,49,56,66,57,853,215,Matches,2019-2020
195,George Hirst,sct SCO,"MF,DF",Leicester City,20,1999,0.1,12,0,0,5,7,2,12,1,0,0.0,1,100.0,8,26,11,0,0,0,1,0,10,1,Matches,2019-2020
196,Rob Holding,eng ENG,DF,Arsenal,23,1995,6.5,440,73,242,189,10,6,440,4,2,50.0,2,50.0,292,1320,707,3,2,0,4,2,310,1,Matches,2019-2020
197,José Holebas,gr GRE,DF,Watford,35,1984,11.4,731,40,176,345,215,5,731,16,7,43.8,9,56.3,304,1386,770,23,17,3,5,5,341,27,Matches,2019-2020
198,Mason Holgate,eng ENG,DF,Everton,22,1996,22.8,1319,169,706,577,45,16,1319,12,10,83.3,2,16.7,767,4387,2522,18,12,1,8,6,790,4,Matches,2019-2020
199,Nathan Holland,eng ENG,MF,West Ham,21,1998,0.4,21,0,3,4,14,1,21,3,3,100.0,0,0.0,17,89,42,1,2,1,3,1,18,6,Matches,2019-2020
200,Conor Hourihane,ie IRL,MF,Aston Villa,28,1991,17.0,863,40,125,403,341,27,863,7,4,57.1,3,42.9,365,1224,535,9,11,1,11,8,493,57,Matches,2019-2020
201,Callum Hudson-Odoi,eng ENG,"FW,MF",Chelsea,18,2000,9.6,611,3,47,190,381,49,611,48,27,56.3,21,43.8,442,3068,1656,63,27,26,29,18,495,116,Matches,2019-2020
202,Will Hughes,eng ENG,MF,Watford,24,1995,25.0,1254,44,235,612,420,47,1254,33,24,72.7,9,27.3,632,3123,1642,40,33,5,46,32,688,60,Matches,2019-2020
203,Pierre Højbjerg,dk DEN,MF,Southampton,23,1995,30.6,2248,83,412,1446,426,39,2248,52,40,76.9,12,23.1,1134,5822,2633,33,42,6,64,26,1340,55,Matches,2019-2020
204,Jordon Ibe,eng ENG,DF,Bournemouth,23,1995,0.6,28,3,5,18,7,0,28,2,1,50.0,1,50.0,17,200,119,4,2,0,1,1,15,4,Matches,2019-2020
205,Adam Idah,ie IRL,"FW,MF",Norwich City,18,2001,2.5,83,1,10,38,35,8,83,4,0,0.0,4,100.0,48,230,64,5,1,1,10,5,53,11,Matches,2019-2020
206,Odion Ighalo,ng NGA,FW,Manchester Utd,30,1989,1.1,49,1,2,18,29,16,49,6,3,50.0,3,50.0,29,128,31,2,1,1,4,4,35,13,Matches,2019-2020
207,Kelechi Iheanacho,ng NGA,FW,Leicester City,22,1996,10.7,418,5,24,172,227,72,418,27,16,59.3,11,40.7,315,1567,704,22,15,10,52,21,348,88,Matches,2019-2020
208,Danny Ings,eng ENG,FW,Southampton,27,1992,31.2,1096,33,110,440,566,165,1094,97,48,49.5,49,50.5,579,3011,1315,50,33,26,70,50,695,194,Matches,2019-2020
209,Alex Iwobi,ng NGA,"MF,FW",Everton,23,1996,17.7,794,16,116,351,341,47,794,52,32,61.5,20,38.5,534,3317,1800,60,55,12,35,17,542,84,Matches,2019-2020
210,Phil Jagielka,eng ENG,DF,Sheffield Utd,36,1982,2.7,118,26,78,37,3,1,118,0,0,,0,,29,119,22,0,0,0,0,0,43,0,Matches,2019-2020
211,Alireza Jahanbakhsh,ir IRN,"FW,MF",Brighton,25,1993,3.5,193,3,21,60,115,10,193,15,8,53.3,7,46.7,118,560,252,8,5,1,8,6,137,51,Matches,2019-2020
212,Daniel James,wls WAL,FW,Manchester Utd,21,1997,25.4,1049,7,120,386,558,86,1049,62,27,43.5,35,56.5,682,5477,3422,140,69,43,46,29,826,263,Matches,2019-2020
213,Matty James,eng ENG,MF,Leicester City,28,1991,0.1,5,0,2,3,0,0,5,0,0,,0,,5,14,6,0,0,0,0,0,5,0,Matches,2019-2020
214,Reece James,eng ENG,DF,Chelsea,19,1999,16.8,1480,41,336,696,463,18,1480,42,30,71.4,12,28.6,926,4331,2040,43,34,3,17,22,990,115,Matches,2019-2020
215,Daryl Janmaat,nl NED,DF,Watford,30,1989,6.7,426,31,105,189,135,8,426,7,5,71.4,2,28.6,227,1077,600,15,13,2,9,2,251,30,Matches,2019-2020
216,Gabriel Jesus,br BRA,FW,Manchester City,22,1997,22.6,872,7,54,319,509,171,871,60,45,75.0,15,25.0,602,2691,1147,55,22,29,48,33,675,203,Matches,2019-2020
217,Raúl Jiménez,mx MEX,FW,Wolves,28,1991,36.0,1476,38,125,741,630,192,1472,99,62,62.6,37,37.4,797,4867,2245,89,54,42,110,67,1153,223,Matches,2019-2020
218,João Pedro,br BRA,"FW,MF",Watford,17,2001,0.3,14,0,1,3,10,2,14,4,3,75.0,1,25.0,12,138,62,2,2,1,0,2,13,3,Matches,2019-2020
219,Joelinton,br BRA,FW,Newcastle Utd,22,1996,29.8,1235,39,112,712,424,94,1235,80,41,51.3,39,48.8,699,3690,1486,47,37,26,134,60,875,133,Matches,2019-2020
220,Ben Johnson,eng ENG,DF,West Ham,19,2000,3.0,195,14,71,82,42,0,195,1,1,100.0,0,0.0,99,418,160,7,2,0,3,1,106,8,Matches,2019-2020
221,Curtis Jones,eng ENG,MF,Liverpool,18,2001,1.4,140,0,20,71,50,7,140,4,3,75.0,1,25.0,102,454,232,4,5,1,2,4,111,7,Matches,2019-2020
222,Phil Jones,eng ENG,DF,Manchester Utd,27,1992,1.5,122,9,57,56,10,3,122,1,1,100.0,0,0.0,53,331,222,2,1,0,2,0,66,1,Matches,2019-2020
223,Bruno Jordão,pt POR,FW,Wolves,20,1998,0.1,7,0,0,5,2,0,7,0,0,,0,,4,39,17,0,0,0,0,0,4,0,Matches,2019-2020
224,Jorginho,it ITA,MF,Chelsea,27,1991,26.4,2531,79,527,1663,356,10,2528,21,13,61.9,8,38.1,1580,6854,3243,24,34,2,19,22,1832,29,Matches,2019-2020
225,Jota,es ESP,"FW,MF",Aston Villa,28,1991,3.7,136,8,28,53,58,8,136,8,7,87.5,1,12.5,98,746,379,10,10,2,7,13,95,23,Matches,2019-2020
226,Diogo Jota,pt POR,FW,Wolves,22,1996,25.4,1256,9,106,589,592,146,1256,133,66,49.6,67,50.4,785,6181,3569,131,93,51,80,57,963,200,Matches,2019-2020
227,James Justin,eng ENG,"DF,MF",Leicester City,21,1998,11.2,952,29,234,482,244,18,952,17,8,47.1,9,52.9,547,2421,1277,30,32,5,18,12,620,59,Matches,2019-2020
228,Christian Kabasele,be BEL,DF,Watford,28,1991,25.0,954,185,546,390,23,18,954,10,9,90.0,1,10.0,433,1896,776,1,1,0,12,5,437,0,Matches,2019-2020
229,Harry Kane,eng ENG,FW,Tottenham,26,1993,28.7,892,38,74,427,400,117,890,55,28,50.9,27,49.1,576,2992,1209,46,24,23,68,32,685,174,Matches,2019-2020
230,N'Golo Kanté,fr FRA,MF,Chelsea,28,1991,19.2,1406,49,264,763,398,32,1406,38,24,63.2,14,36.8,779,4314,2226,41,49,3,33,29,910,63,Matches,2019-2020
231,Moise Kean,it ITA,FW,Everton,19,2000,9.5,270,6,24,106,146,49,270,48,25,52.1,23,47.9,203,1359,559,26,11,15,33,19,197,60,Matches,2019-2020
232,Michael Keane,eng ENG,DF,Everton,26,1993,28.4,1778,295,991,751,45,33,1778,1,1,100.0,0,0.0,992,4975,2648,9,1,1,7,4,1078,3,Matches,2019-2020
233,Naby Keïta,gn GUI,MF,Liverpool,24,1995,9.1,796,5,74,489,246,20,796,26,23,88.5,3,11.5,537,2922,1686,35,44,5,14,9,603,36,Matches,2019-2020
234,Lloyd Kelly,eng ENG,DF,Bournemouth,20,1998,7.1,294,40,149,96,52,6,294,2,2,100.0,0,0.0,139,663,328,6,2,0,5,3,133,9,Matches,2019-2020
235,Martin Kelly,eng ENG,DF,Crystal Palace,29,1990,17.2,885,97,400,399,88,6,885,10,5,50.0,5,50.0,332,1400,728,6,9,2,10,3,442,14,Matches,2019-2020
236,Max Kilman,eng ENG,DF,Wolves,22,1997,2.1,120,12,57,63,0,0,120,1,1,100.0,0,0.0,61,285,169,0,0,0,1,0,74,0,Matches,2019-2020
237,Joshua King,no NOR,"FW,MF",Bournemouth,27,1992,22.3,817,12,88,350,399,84,814,107,52,48.6,55,51.4,555,4169,1749,60,47,23,77,54,585,151,Matches,2019-2020
238,Timm Klose,ch SUI,DF,Norwich City,31,1988,6.5,465,59,279,180,7,4,465,3,2,66.7,1,33.3,279,1324,705,4,1,0,1,1,315,1,Matches,2019-2020
239,Jonathan Kodjia,ci CIV,FW,Aston Villa,29,1989,1.3,43,2,3,17,23,7,43,3,1,33.3,2,66.7,18,133,62,4,2,1,4,0,29,10,Matches,2019-2020
240,Sead Kolašinac,ba BIH,DF,Arsenal,26,1993,18.9,1202,61,361,570,281,29,1202,21,16,76.2,5,23.8,631,3253,2016,36,33,11,21,11,755,88,Matches,2019-2020
241,Ezri Konsa,eng ENG,DF,Aston Villa,21,1997,22.7,1094,116,489,517,100,21,1094,10,7,70.0,3,30.0,523,2275,1240,8,9,0,8,5,585,13,Matches,2019-2020
242,Cheikhou Kouyaté,sn SEN,"MF,DF",Crystal Palace,29,1989,28.1,1229,85,396,593,252,53,1229,31,17,54.8,14,45.2,533,2590,1120,12,19,1,44,25,677,55,Matches,2019-2020
243,Mateo Kovačić,hr CRO,MF,Chelsea,25,1994,23.0,2107,30,359,1348,426,14,2107,90,77,85.6,13,14.4,1518,8911,4135,72,57,5,30,27,1671,31,Matches,2019-2020
244,Emil Krafth,se SWE,DF,Newcastle Utd,24,1994,11.3,531,53,223,221,92,9,531,6,4,66.7,2,33.3,219,1014,598,11,11,1,8,3,278,20,Matches,2019-2020
245,Tim Krul,nl NED,GK,Norwich City,31,1988,36.0,1677,1362,1647,31,0,0,1677,1,0,0.0,1,100.0,942,4997,3275,0,0,0,1,1,840,0,Matches,2019-2020
246,Alexandre Lacazette,fr FRA,FW,Arsenal,28,1991,20.8,761,21,91,332,347,101,761,47,24,51.1,23,48.9,433,2029,826,21,9,5,54,37,545,137,Matches,2019-2020
247,Adam Lallana,eng ENG,"MF,FW",Liverpool,31,1988,4.2,340,7,49,179,116,13,340,5,2,40.0,3,60.0,219,820,392,9,11,1,13,5,234,17,Matches,2019-2020
248,Érik Lamela,ar ARG,"MF,FW",Tottenham,27,1992,13.5,750,17,85,331,350,29,750,44,30,68.2,14,31.8,538,3344,1612,51,51,12,26,42,537,84,Matches,2019-2020
249,Tariq Lamptey,gh GHA,DF,Chelsea,18,2000,0.4,18,0,4,5,9,1,18,1,0,0.0,1,100.0,7,50,17,1,2,0,0,0,5,1,Matches,2019-2020
250,Tariq Lamptey,gh GHA,DF,Brighton,18,2000,6.5,322,20,105,129,93,9,322,22,15,68.2,7,31.8,171,1128,601,17,10,7,13,7,173,32,Matches,2019-2020
251,Henri Lansbury,eng ENG,MF,Aston Villa,28,1990,2.2,109,3,25,58,27,4,109,0,0,,0,,45,161,48,0,1,0,7,0,60,2,Matches,2019-2020
252,Manuel Lanzini,ar ARG,"MF,FW",West Ham,26,1993,15.3,933,10,93,540,314,31,933,48,33,68.8,15,31.3,599,3612,1661,46,35,9,30,16,699,59,Matches,2019-2020
253,Aymeric Laporte,es ESP,DF,Manchester City,25,1994,12.2,1228,80,432,765,35,8,1228,3,2,66.7,1,33.3,946,5450,3802,23,18,0,1,1,978,3,Matches,2019-2020
254,Jamaal Lascelles,eng ENG,DF,Newcastle Utd,25,1993,23.1,1076,188,662,386,33,18,1076,6,4,66.7,2,33.3,530,2311,838,3,5,0,6,4,553,1,Matches,2019-2020
255,Valentino Lazaro,at AUT,"DF,MF",Newcastle Utd,23,1996,5.3,242,16,91,88,64,6,242,13,8,61.5,5,38.5,142,639,349,7,4,2,4,6,141,14,Matches,2019-2020
256,Moritz Leitner,de GER,MF,Norwich City,26,1992,7.6,674,14,148,387,145,11,674,9,7,77.8,2,22.2,472,2543,1327,17,18,1,15,7,508,23,Matches,2019-2020
257,Florian Lejeune,fr FRA,DF,Newcastle Utd,28,1991,4.9,267,21,137,118,13,5,267,5,4,80.0,1,20.0,127,538,197,1,3,0,3,2,121,0,Matches,2019-2020
258,Aaron Lennon,eng ENG,MF,Burnley,32,1987,5.5,182,12,32,77,73,5,182,8,3,37.5,5,62.5,97,599,286,11,8,4,7,4,102,18,Matches,2019-2020
259,Bernd Leno,de GER,GK,Arsenal,27,1992,29.4,1061,950,1055,6,0,0,1061,1,1,100.0,0,0.0,543,3095,2134,0,0,0,1,0,437,0,Matches,2019-2020
260,Jefferson Lerma,co COL,MF,Bournemouth,24,1994,30.0,1732,115,497,1011,241,14,1732,37,26,70.3,11,29.7,1007,4041,1618,16,17,0,29,18,955,13,Matches,2019-2020
261,Jamal Lewis,nir NIR,DF,Norwich City,21,1998,25.6,1626,117,638,638,357,23,1626,65,34,52.3,31,47.7,931,5940,3418,100,65,12,36,21,937,106,Matches,2019-2020
262,Victor Lindelöf,se SWE,DF,Manchester Utd,25,1994,34.4,2379,288,1234,1086,65,11,2379,5,4,80.0,1,20.0,1376,7730,4458,16,17,0,13,4,1595,3,Matches,2019-2020
263,Jesse Lingard,eng ENG,"MF,FW",Manchester Utd,26,1992,10.4,508,5,30,249,234,32,508,23,13,56.5,10,43.5,284,1577,818,28,23,4,25,11,405,73,Matches,2019-2020
264,Hugo Lloris,fr FRA,GK,Tottenham,32,1986,20.1,621,585,621,0,0,0,621,0,0,,0,,320,1898,1306,0,0,0,0,1,219,0,Matches,2019-2020
265,Giovani Lo Celso,ar ARG,"MF,FW",Tottenham,23,1996,16.6,1266,23,171,691,425,27,1266,51,32,62.7,19,37.3,875,5567,2847,62,55,6,42,31,864,50,Matches,2019-2020
266,Jürgen Locadia,cw CUW,"FW,MF",Brighton,25,1993,1.0,29,0,1,15,13,4,29,1,1,100.0,0,0.0,12,44,19,1,0,1,5,2,22,6,Matches,2019-2020
267,Ruben Loftus-Cheek,eng ENG,"MF,FW",Chelsea,23,1996,2.3,150,5,17,81,52,11,150,4,4,100.0,0,0.0,94,491,253,4,8,1,2,4,120,11,Matches,2019-2020
268,Kevin Long,ie IRL,DF,Burnley,28,1990,6.3,257,30,148,108,3,3,257,1,1,100.0,0,0.0,114,420,117,0,0,0,1,0,122,0,Matches,2019-2020
269,Shane Long,ie IRL,FW,Southampton,32,1987,15.5,597,15,42,256,301,67,597,13,6,46.2,7,53.8,270,1214,453,23,12,8,58,20,458,105,Matches,2019-2020
270,Matthew Longstaff,eng ENG,MF,Newcastle Utd,19,2000,6.4,293,8,65,186,43,5,293,4,3,75.0,1,25.0,161,573,207,4,2,2,4,7,192,2,Matches,2019-2020
271,Sean Longstaff,eng ENG,MF,Newcastle Utd,21,1997,15.3,857,39,203,500,158,7,857,18,7,38.9,11,61.1,450,1936,661,8,5,2,26,16,498,12,Matches,2019-2020
272,Dejan Lovren,hr CRO,DF,Liverpool,30,1989,8.6,778,80,339,416,25,16,778,1,1,100.0,0,0.0,502,2395,1443,8,7,0,1,0,518,3,Matches,2019-2020
273,Matthew Lowton,eng ENG,DF,Burnley,30,1989,17.0,946,78,254,480,216,7,946,15,9,60.0,6,40.0,381,1818,1077,17,15,1,13,2,443,42,Matches,2019-2020
274,David Luiz,br BRA,DF,Arsenal,32,1987,31.2,2106,331,1124,933,58,16,2106,8,5,62.5,3,37.5,1370,9179,5310,21,13,1,16,5,1451,4,Matches,2019-2020
275,Douglas Luiz,br BRA,MF,Aston Villa,21,1998,29.0,1551,104,405,882,287,29,1551,45,35,77.8,10,22.2,821,4977,2605,35,23,2,38,22,922,46,Matches,2019-2020
276,John Lundstram,eng ENG,MF,Sheffield Utd,25,1994,27.3,1525,59,244,715,579,51,1525,37,18,48.6,18,48.6,759,3955,1496,36,27,4,41,14,1067,111,Matches,2019-2020
277,Alexis Mac Allister,ar ARG,"MF,FW",Brighton,20,1998,3.9,169,1,26,68,79,7,169,4,2,50.0,2,50.0,73,278,115,2,3,1,7,7,85,13,Matches,2019-2020
278,James Maddison,eng ENG,MF,Leicester City,22,1996,29.2,1995,16,174,1003,838,72,1995,80,51,63.8,29,36.3,1333,6211,2608,53,58,19,56,29,1438,138,Matches,2019-2020
279,Harry Maguire,eng ENG,DF,Manchester Utd,26,1993,38.0,2915,360,1365,1412,166,61,2915,11,7,63.6,4,36.4,1753,12005,7489,69,37,4,11,6,1951,10,Matches,2019-2020
280,Riyad Mahrez,dz ALG,"FW,MF",Manchester City,28,1991,21.6,1479,20,119,518,860,132,1478,89,52,58.4,37,41.6,1113,6947,3413,118,75,58,46,33,1161,246,Matches,2019-2020
281,Ainsley Maitland-Niles,eng ENG,DF,Arsenal,21,1997,15.4,1203,71,442,536,233,15,1203,34,19,55.9,15,44.1,596,3219,1917,38,23,9,17,18,744,34,Matches,2019-2020
282,Sadio Mané,sn SEN,FW,Liverpool,27,1992,30.5,1547,15,113,565,897,201,1547,110,69,62.7,41,37.3,1195,7762,3888,159,103,62,100,57,1256,286,Matches,2019-2020
283,Javier Manquillo,es ESP,DF,Newcastle Utd,25,1994,17.8,814,81,305,325,194,11,814,25,13,52.0,12,48.0,362,1899,996,22,24,2,19,2,402,49,Matches,2019-2020
284,Solly March,eng ENG,"FW,MF",Brighton,25,1994,12.7,780,23,131,304,355,41,780,28,16,57.1,12,42.9,412,2760,1503,50,30,13,16,30,492,112,Matches,2019-2020
285,Pablo Marí,es ESP,DF,Arsenal,25,1993,1.3,114,19,53,59,2,0,114,0,0,,0,,70,476,294,0,0,0,0,0,83,0,Matches,2019-2020
286,Adrian Mariappa,jm JAM,DF,Watford,32,1986,16.8,780,89,326,350,106,6,780,1,1,100.0,0,0.0,284,881,356,2,4,0,9,3,331,9,Matches,2019-2020
287,Anthony Martial,fr FRA,FW,Manchester Utd,23,1995,29.2,1042,18,48,329,677,157,1041,97,50,51.5,47,48.5,705,4107,1911,76,54,45,74,61,886,275,Matches,2019-2020
288,David Martin,eng ENG,GK,West Ham,33,1986,4.8,132,115,131,1,0,0,132,0,0,,0,,49,376,281,0,0,0,0,0,31,0,Matches,2019-2020
289,Josh Martin,eng ENG,"FW,MF",Norwich City,17,2001,0.4,19,0,4,9,6,1,19,0,0,,0,,13,111,35,1,0,0,0,0,13,3,Matches,2019-2020
290,Gabriel Martinelli,br BRA,FW,Arsenal,18,2001,7.4,273,11,61,88,132,36,273,32,9,28.1,23,71.9,168,1409,770,31,15,13,29,12,181,65,Matches,2019-2020
291,Emiliano Martínez,ar ARG,GK,Arsenal,26,1992,8.6,309,271,308,1,0,0,309,0,0,,0,,183,931,619,0,0,0,0,0,136,0,Matches,2019-2020
292,Adam Masina,ma MAR,DF,Watford,25,1994,20.2,1197,88,394,553,259,19,1197,16,9,56.3,7,43.8,468,2177,1037,18,15,2,16,12,516,32,Matches,2019-2020
293,Arthur Masuaku,cd COD,DF,West Ham,25,1993,10.4,767,45,243,365,166,12,767,44,27,61.4,17,38.6,392,2591,1511,41,30,8,15,19,430,37,Matches,2019-2020
294,Juan Mata,es ESP,"MF,FW",Manchester Utd,31,1988,8.4,600,3,33,296,273,32,600,12,5,41.7,7,58.3,357,1695,776,17,22,6,13,8,499,65,Matches,2019-2020
295,Nemanja Matić,rs SRB,MF,Manchester Utd,30,1988,17.6,1437,60,355,851,237,5,1437,24,20,83.3,4,16.7,842,5169,3053,39,40,3,18,16,1021,8,Matches,2019-2020
296,Joël Matip,cm CMR,DF,Liverpool,27,1991,7.8,640,54,262,347,33,8,640,2,2,100.0,0,0.0,426,2290,1663,6,14,0,3,2,419,2,Matches,2019-2020
297,Neal Maupay,fr FRA,FW,Brighton,22,1996,30.7,1044,15,70,429,556,163,1042,68,24,35.3,44,64.7,604,3646,1414,63,37,34,79,56,747,255,Matches,2019-2020
298,James McArthur,sct SCO,MF,Crystal Palace,31,1987,34.3,1980,102,480,1014,505,86,1980,44,29,65.9,15,34.1,979,5402,2436,54,42,16,56,39,1186,123,Matches,2019-2020
299,Oliver McBurnie,sct SCO,FW,Sheffield Utd,23,1996,23.5,935,46,108,397,440,107,935,44,22,50.0,22,50.0,365,1712,694,26,23,8,43,34,634,109,Matches,2019-2020
300,Alex McCarthy,eng ENG,GK,Southampton,29,1989,28.0,888,678,882,6,0,0,888,2,2,100.0,0,0.0,431,2517,1716,0,0,0,0,0,351,0,Matches,2019-2020
301,James McCarthy,ie IRL,MF,Crystal Palace,28,1990,18.7,1040,29,250,598,201,11,1040,10,7,70.0,3,30.0,417,1832,679,8,6,0,18,11,543,23,Matches,2019-2020
302,John McGinn,sct SCO,MF,Aston Villa,24,1994,25.7,1099,40,194,507,424,62,1099,72,53,73.6,19,26.4,637,3834,1749,38,28,9,41,49,676,84,Matches,2019-2020
303,David McGoldrick,ie IRL,FW,Sheffield Utd,31,1987,20.2,895,25,87,420,401,64,895,48,31,64.6,17,35.4,453,2313,884,29,18,8,62,27,652,129,Matches,2019-2020
304,Michael McGovern,nir NIR,GK,Norwich City,35,1984,1.8,57,52,57,0,0,0,57,0,0,,0,,27,133,92,0,0,0,0,0,19,0,Matches,2019-2020
305,Kenny McLean,sct SCO,MF,Norwich City,27,1992,33.0,2107,116,554,1180,387,27,2107,44,31,70.5,13,29.5,1271,6189,3022,46,31,5,51,38,1444,73,Matches,2019-2020
306,Dwight McNeil,eng ENG,MF,Burnley,19,1999,37.1,1720,43,253,840,668,43,1720,142,77,54.2,65,45.8,1066,8654,3629,146,95,9,57,63,1041,109,Matches,2019-2020
307,Scott McTominay,sct SCO,MF,Manchester Utd,22,1996,19.7,1293,67,297,781,226,22,1293,46,31,67.4,15,32.6,696,3774,1668,25,27,3,36,29,849,27,Matches,2019-2020
308,Ben Mee,eng ENG,DF,Burnley,29,1989,32.0,1633,225,764,828,56,45,1633,7,6,85.7,1,14.3,717,3098,1390,5,0,0,14,3,789,5,Matches,2019-2020
309,Benjamin Mendy,fr FRA,DF,Manchester City,25,1994,16.6,1434,32,220,688,539,10,1434,27,19,70.4,8,29.6,1010,4046,2269,60,58,5,13,17,1069,176,Matches,2019-2020
310,Nampalys Mendy,sn SEN,MF,Leicester City,27,1992,3.2,249,6,49,168,32,1,249,2,1,50.0,1,50.0,176,715,306,1,6,0,5,2,187,6,Matches,2019-2020
311,Chris Mepham,wls WAL,DF,Bournemouth,21,1997,10.1,645,104,360,263,24,15,645,5,3,60.0,2,40.0,411,2159,1247,4,1,0,5,4,380,3,Matches,2019-2020
312,Max Meyer,de GER,"MF,FW",Crystal Palace,23,1995,7.3,289,2,59,134,101,16,289,13,6,46.2,7,53.8,179,1074,359,9,8,1,11,15,211,32,Matches,2019-2020
313,Luka Milivojević,rs SRB,MF,Crystal Palace,28,1991,27.9,1844,92,494,1022,345,9,1842,11,7,63.6,4,36.4,829,3821,1748,7,15,2,24,13,1000,11,Matches,2019-2020
314,James Milner,eng ENG,"MF,DF",Liverpool,33,1986,10.4,888,26,150,518,228,11,886,11,10,90.9,1,9.1,621,2276,1089,18,17,1,9,6,648,42,Matches,2019-2020
315,Yerry Mina,co COL,DF,Everton,24,1994,25.4,1632,226,906,662,73,48,1632,8,6,75.0,2,25.0,980,5913,3160,11,8,0,7,0,986,4,Matches,2019-2020
316,Takumi Minamino,jp JPN,"FW,MF",Liverpool,24,1995,2.8,146,4,13,73,62,12,146,10,4,40.0,6,60.0,108,580,200,8,2,1,10,5,121,22,Matches,2019-2020
317,Tyrone Mings,eng ENG,DF,Aston Villa,26,1993,32.2,1754,357,1094,627,55,23,1754,12,12,100.0,0,0.0,987,5906,2717,12,6,0,10,5,1007,11,Matches,2019-2020
318,Tyrick Mitchell,eng ENG,DF,Crystal Palace,19,1999,2.2,151,7,39,75,37,1,151,3,1,33.3,2,66.7,76,337,217,5,3,0,1,3,85,8,Matches,2019-2020
319,Henrikh Mkhitaryan,am ARM,FW,Arsenal,30,1989,1.2,94,1,7,37,50,14,94,7,2,28.6,5,71.4,48,287,122,3,4,0,4,3,75,19,Matches,2019-2020
320,Nacho Monreal,es ESP,DF,Arsenal,33,1986,3.0,233,16,88,89,57,5,233,4,2,50.0,2,50.0,128,508,295,4,4,3,3,1,159,14,Matches,2019-2020
321,Martín Montoya,es ESP,"DF,MF",Brighton,28,1991,21.1,1512,64,412,669,447,35,1512,29,10,34.5,19,65.5,709,3945,2410,57,43,7,34,11,913,117,Matches,2019-2020
322,Simon Moore,eng ENG,GK,Sheffield Utd,29,1990,2.0,51,43,50,1,0,0,51,0,0,,0,,18,140,93,0,0,0,0,0,10,0,Matches,2019-2020
323,Aaron Mooy,au AUS,"MF,FW",Brighton,28,1990,23.2,1362,42,170,624,583,38,1362,56,38,67.9,18,32.1,765,4655,2277,71,50,12,44,42,929,135,Matches,2019-2020
324,Wesley Moraes,br BRA,FW,Aston Villa,22,1996,19.8,577,29,46,264,270,79,576,24,12,50.0,12,50.0,303,1385,341,13,10,6,58,18,441,89,Matches,2019-2020
325,Wes Morgan,jm JAM,DF,Leicester City,35,1984,4.8,291,20,131,155,6,4,291,2,2,100.0,0,0.0,176,708,289,1,0,0,1,1,196,1,Matches,2019-2020
326,Ravel Morrison,jm JAM,MF,Sheffield Utd,26,1993,0.1,7,0,0,4,3,1,7,0,0,,0,,5,27,13,1,0,0,0,1,6,0,Matches,2019-2020
327,Mason Mount,eng ENG,"MF,FW",Chelsea,20,1999,31.9,1735,24,142,762,850,123,1735,71,40,56.3,31,43.7,1094,6001,3053,101,83,22,80,53,1236,221,Matches,2019-2020
328,Lucas Moura,br BRA,"FW,MF",Tottenham,26,1992,24.9,1175,29,135,570,497,78,1175,109,72,66.1,37,33.9,794,4916,2418,79,63,22,60,74,827,140,Matches,2019-2020
329,Lys Mousset,fr FRA,FW,Sheffield Utd,23,1996,13.8,426,3,18,175,235,77,426,41,28,68.3,13,31.7,260,1452,674,30,20,17,51,38,315,93,Matches,2019-2020
330,João Moutinho,pt POR,MF,Wolves,32,1986,34.5,2327,44,401,1292,651,6,2327,21,15,71.4,6,28.6,1083,5124,2689,38,37,0,20,21,1367,51,Matches,2019-2020
331,Glenn Murray,eng ENG,FW,Brighton,35,1983,8.9,255,14,19,100,137,37,255,5,0,0.0,5,100.0,122,419,111,6,4,5,25,15,203,66,Matches,2019-2020
332,Shkodran Mustafi,de GER,DF,Arsenal,27,1992,13.4,988,112,471,491,30,15,988,3,3,100.0,0,0.0,629,3439,2160,7,4,0,4,1,680,6,Matches,2019-2020
333,Yoshinori Mutō,jp JPN,"MF,FW",Newcastle Utd,27,1992,2.4,56,0,6,29,23,5,56,9,5,55.6,4,44.4,41,280,118,4,3,2,9,2,38,10,Matches,2019-2020
334,Georges-Kévin N'Koudou,cm CMR,FW,Tottenham,24,1995,0.0,1,0,0,0,1,1,1,0,0,,0,,1,25,24,1,0,1,0,0,1,1,Matches,2019-2020
335,Marvelous Nakamba,zw ZIM,MF,Aston Villa,25,1994,20.4,1042,90,333,585,134,2,1042,19,14,73.7,5,26.3,478,2489,927,10,13,1,25,10,543,8,Matches,2019-2020
336,Wilfred Ndidi,ng NGA,MF,Leicester City,22,1996,29.7,2111,97,558,1310,263,23,2111,32,22,68.8,10,31.3,1146,4500,1518,13,15,0,33,26,1227,19,Matches,2019-2020
337,Tanguy Ndombele,fr FRA,MF,Tottenham,22,1996,11.2,781,19,133,467,195,17,781,49,38,77.6,11,22.4,525,2503,1323,22,20,5,23,24,574,33,Matches,2019-2020
338,Reiss Nelson,eng ENG,FW,Arsenal,19,1999,7.0,318,4,44,135,149,26,318,32,17,53.1,15,46.9,210,1479,739,30,16,10,15,13,234,58,Matches,2019-2020
339,Pedro Neto,pt POR,"FW,MF",Wolves,19,2000,10.4,548,3,55,247,261,40,548,61,32,52.5,29,47.5,355,3078,1512,53,40,20,31,18,380,101,Matches,2019-2020
340,Rúben Neves,pt POR,MF,Wolves,22,1997,34.0,2374,74,507,1536,347,3,2374,26,22,84.6,4,15.4,1232,4825,2393,19,31,0,17,10,1559,23,Matches,2019-2020
341,Jeremy Ngakia,,DF,West Ham,18,2000,4.9,225,16,98,91,38,1,225,14,9,64.3,5,35.7,92,660,349,10,11,0,6,2,84,9,Matches,2019-2020
342,Oumar Niasse,sn SEN,FW,Everton,29,1990,0.2,12,0,0,5,8,0,12,0,0,,0,,10,72,9,0,1,0,2,5,10,2,Matches,2019-2020
343,Eddie Nketiah,eng ENG,FW,Arsenal,20,1999,7.0,218,8,23,110,88,29,218,17,10,58.8,7,41.2,153,866,396,19,5,5,21,15,169,38,Matches,2019-2020
344,Mark Noble,eng ENG,MF,West Ham,32,1987,29.7,1774,31,295,1113,381,27,1771,35,25,71.4,10,28.6,1019,4646,1970,26,29,5,42,31,1192,53,Matches,2019-2020
345,Oliver Norwood,nir NIR,MF,Sheffield Utd,28,1991,34.3,2465,77,505,1449,532,2,2464,9,9,100.0,0,0.0,1023,3408,1387,7,14,0,20,4,1487,26,Matches,2019-2020
346,Ørjan Nyland,no NOR,GK,Aston Villa,28,1990,6.0,191,162,187,4,0,0,191,0,0,,0,,91,680,445,0,0,0,1,0,70,0,Matches,2019-2020
347,Jack O'Connell,eng ENG,DF,Sheffield Utd,25,1994,32.4,2037,170,830,936,280,48,2037,16,9,56.3,7,43.8,858,3092,1514,12,21,2,20,10,1153,59,Matches,2019-2020
348,Michael Obafemi,ie IRL,FW,Southampton,19,2000,7.4,239,0,14,109,125,34,239,24,14,58.3,10,41.7,140,752,236,8,5,7,40,15,175,52,Matches,2019-2020
349,Angelo Ogbonna,it ITA,DF,West Ham,31,1988,31.0,1301,211,674,582,49,29,1301,5,5,100.0,0,0.0,607,3429,1407,5,5,1,8,2,620,5,Matches,2019-2020
350,Divock Origi,be BEL,FW,Liverpool,24,1995,8.0,323,6,25,114,186,38,323,26,12,46.2,14,53.8,229,1526,766,37,18,10,28,12,259,90,Matches,2019-2020
351,Ben Osborn,eng ENG,"MF,DF",Sheffield Utd,24,1994,6.6,322,16,63,132,130,16,322,8,4,50.0,4,50.0,172,682,293,7,6,0,5,0,198,23,Matches,2019-2020
352,Nicolás Otamendi,ar ARG,DF,Manchester City,31,1988,19.1,1715,165,625,1040,54,34,1715,3,3,100.0,0,0.0,1282,7406,4328,14,12,0,11,2,1355,4,Matches,2019-2020
353,Alex Oxlade-Chamberlain,eng ENG,"MF,FW",Liverpool,25,1993,16.5,980,15,86,485,419,40,980,49,29,59.2,20,40.8,667,3479,1598,48,39,7,44,23,729,95,Matches,2019-2020
354,Mesut Özil,de GER,MF,Arsenal,30,1988,16.0,1009,7,103,465,450,38,1009,22,16,72.7,6,27.3,591,3833,1797,48,39,4,25,22,797,136,Matches,2019-2020
355,Emerson Palmieri,it ITA,DF,Chelsea,24,1994,11.4,1009,35,241,446,330,26,1009,16,12,75.0,4,25.0,578,2984,1726,39,30,7,16,8,657,87,Matches,2019-2020
356,Sokratis Papastathopoulos,gr GRE,DF,Arsenal,31,1988,18.8,1215,185,715,462,41,13,1215,5,5,100.0,0,0.0,739,3500,1966,5,3,0,4,5,859,5,Matches,2019-2020
357,Troy Parrott,ie IRL,FW,Tottenham,17,2002,0.1,5,0,1,4,0,0,5,0,0,,0,,5,16,1,0,0,0,0,0,5,0,Matches,2019-2020
358,Rui Patrício,pt POR,GK,Wolves,31,1988,38.0,909,846,908,1,0,0,909,0,0,,0,,376,2655,1695,0,0,0,0,0,234,1,Matches,2019-2020
359,Pedro,es ESP,"FW,MF",Chelsea,32,1987,7.3,431,4,49,208,182,35,431,21,12,57.1,9,42.9,310,1792,793,24,19,9,18,9,320,52,Matches,2019-2020
360,Nicolas Pépé,ci CIV,FW,Arsenal,24,1995,22.3,1117,10,135,394,620,86,1116,133,72,54.1,61,45.9,745,5947,3041,98,64,39,61,53,826,191,Matches,2019-2020
361,Andreas Pereira,br BRA,"MF,FW",Manchester Utd,23,1996,16.5,973,12,89,451,442,48,973,33,20,60.6,13,39.4,554,3151,1596,49,35,13,44,41,715,102,Matches,2019-2020
362,Ricardo Pereira,pt POR,DF,Leicester City,25,1993,28.0,2401,102,595,1125,701,56,2401,101,60,59.4,41,40.6,1338,6824,4433,116,94,20,44,31,1471,138,Matches,2019-2020
363,Roberto Pereyra,ar ARG,"FW,MF",Watford,28,1991,18.3,880,15,132,394,372,52,879,53,20,37.7,33,62.3,585,3601,1667,50,32,14,47,27,601,102,Matches,2019-2020
364,Ayoze Pérez,es ESP,"MF,FW",Leicester City,26,1993,22.3,1086,13,126,472,497,115,1085,68,36,52.9,32,47.1,694,2975,1475,47,34,28,63,58,791,159,Matches,2019-2020
365,Jordan Pickford,eng ENG,GK,Everton,25,1994,38.0,1456,1226,1439,17,0,0,1456,0,0,,0,,821,5000,2985,0,0,0,2,0,647,0,Matches,2019-2020
366,Brandon Pierrick,eng ENG,"MF,FW",Crystal Palace,17,2001,0.2,13,1,1,3,9,1,13,0,0,,0,,4,37,19,1,0,0,2,1,5,1,Matches,2019-2020
367,Erik Pieters,nl NED,"DF,MF",Burnley,30,1988,20.9,1210,72,294,639,286,14,1210,12,4,33.3,8,66.7,533,2385,1236,21,30,2,24,6,588,39,Matches,2019-2020
368,Daniel Podence,pt POR,"FW,MF",Wolves,23,1995,3.2,145,2,16,50,83,12,145,11,7,63.6,4,36.4,106,741,432,18,11,1,8,4,119,24,Matches,2019-2020
369,Paul Pogba,fr FRA,MF,Manchester Utd,26,1993,13.4,1175,32,211,713,262,26,1174,38,27,71.1,11,28.9,712,3122,1585,27,20,5,19,32,912,30,Matches,2019-2020
370,Nick Pope,eng ENG,GK,Burnley,27,1992,38.0,1280,986,1239,40,1,1,1280,0,0,,0,,613,4417,3490,0,0,0,1,0,375,0,Matches,2019-2020
371,Dennis Praet,be BEL,MF,Leicester City,25,1994,12.6,713,20,151,356,213,18,713,25,12,48.0,13,52.0,440,1904,801,10,18,2,27,17,460,42,Matches,2019-2020
372,Sebastian Prödl,at AUT,DF,Watford,32,1987,0.6,17,3,7,8,2,2,17,0,0,,0,,3,5,1,0,0,0,0,0,7,0,Matches,2019-2020
373,Davy Pröpper,nl NED,MF,Brighton,27,1991,31.4,2159,67,457,1321,411,29,2159,64,46,71.9,18,28.1,1200,7176,3405,55,49,7,61,24,1519,43,Matches,2019-2020
374,Teemu Pukki,fi FIN,FW,Norwich City,29,1990,32.1,792,16,59,298,442,156,790,43,24,55.8,19,44.2,447,2669,1213,46,24,35,58,34,527,194,Matches,2019-2020
375,Christian Pulisic,us USA,FW,Chelsea,20,1998,19.1,1005,6,100,390,532,128,1005,108,55,50.9,53,49.1,744,5476,2966,107,80,47,53,63,830,188,Matches,2019-2020
376,Ignacio Pussetto,ar ARG,"FW,MF",Watford,23,1995,0.8,60,3,21,26,14,1,60,5,2,40.0,3,60.0,24,139,34,1,0,0,3,2,22,0,Matches,2019-2020
377,Domingos Quina,pt POR,"MF,FW",Watford,19,1999,0.2,23,0,5,14,4,0,23,2,1,50.0,1,50.0,13,67,23,1,0,0,2,1,12,0,Matches,2019-2020
378,Aaron Ramsdale,eng ENG,GK,Bournemouth,21,1998,37.0,1246,1088,1232,13,1,0,1246,0,0,,0,,662,4021,2641,0,0,0,0,0,403,0,Matches,2019-2020
379,Darren Randolph,ie IRL,GK,West Ham,32,1987,2.0,48,42,48,0,0,0,48,0,0,,0,,13,145,122,0,0,0,0,0,10,0,Matches,2019-2020
380,Marcus Rashford,eng ENG,FW,Manchester Utd,21,1997,29.4,1344,21,75,463,823,152,1336,122,60,49.2,62,50.8,802,5659,3008,105,80,49,66,34,1077,250,Matches,2019-2020
381,Nathan Redmond,eng ENG,"MF,FW",Southampton,25,1994,30.7,1442,30,178,636,677,110,1442,123,79,64.2,44,35.8,908,6983,3500,126,81,52,73,52,990,200,Matches,2019-2020
382,Pepe Reina,es ESP,GK,Aston Villa,36,1982,12.0,433,370,426,7,0,0,433,0,0,,0,,195,1258,757,0,0,0,1,0,166,0,Matches,2019-2020
383,Declan Rice,eng ENG,MF,West Ham,20,1999,38.0,2144,105,581,1336,269,24,2144,65,49,75.4,16,24.6,1230,7483,3343,52,47,3,26,21,1278,36,Matches,2019-2020
384,Richarlison,br BRA,"FW,MF",Everton,22,1997,34.1,1344,49,170,522,685,173,1344,111,61,55.0,50,45.0,855,5801,2545,95,68,44,92,74,938,222,Matches,2019-2020
385,Diego Rico,es ESP,DF,Bournemouth,26,1993,25.9,1866,101,646,761,470,10,1866,24,13,54.2,11,45.8,830,3586,1953,42,37,1,26,21,835,81,Matches,2019-2020
386,Jaïro Riedewald,nl NED,"DF,MF",Crystal Palace,22,1996,8.5,478,29,135,251,95,5,478,11,8,72.7,3,27.3,188,847,400,8,7,0,11,7,248,20,Matches,2019-2020
387,Matt Ritchie,sct SCO,"DF,MF",Newcastle Utd,29,1989,14.6,855,41,210,364,290,14,854,14,8,57.1,6,42.9,425,2073,1072,23,23,2,20,7,466,43,Matches,2019-2020
388,Roberto,es ESP,GK,West Ham,33,1986,7.6,258,229,257,1,0,0,258,0,0,,0,,117,768,619,0,0,0,1,0,78,0,Matches,2019-2020
389,Patrick Roberts,eng ENG,"FW,MF",Norwich City,22,1997,0.3,11,0,2,7,4,0,11,4,4,100.0,0,0.0,9,84,52,1,2,0,0,0,9,2,Matches,2019-2020
390,Andrew Robertson,sct SCO,DF,Liverpool,25,1994,34.6,3296,89,622,1575,1129,83,3296,44,22,50.0,22,50.0,2152,10659,6603,149,115,20,50,9,2317,277,Matches,2019-2020
391,Callum Robinson,ie IRL,"FW,MF",Sheffield Utd,24,1995,7.5,222,0,19,97,109,23,222,13,5,38.5,8,61.5,131,688,301,12,6,3,16,17,154,50,Matches,2019-2020
392,Jack Robinson,eng ENG,DF,Sheffield Utd,25,1993,5.6,343,35,136,186,24,1,343,2,2,100.0,0,0.0,179,829,517,4,1,0,4,1,183,1,Matches,2019-2020
393,Rodri,es ESP,MF,Manchester City,23,1996,27.6,2809,82,518,1848,471,28,2809,33,30,90.9,3,9.1,2085,9707,5115,41,71,1,22,28,2212,21,Matches,2019-2020
394,Jay Rodriguez,eng ENG,FW,Burnley,30,1989,22.4,779,20,68,323,398,82,778,39,18,46.2,21,53.8,444,2110,746,31,27,14,62,43,551,126,Matches,2019-2020
395,Jack Rodwell,eng ENG,MF,Sheffield Utd,28,1991,0.2,3,1,3,0,0,0,3,0,0,,0,,0,0,0,0,0,0,0,0,1,0,Matches,2019-2020
396,Marcos Rojo,ar ARG,DF,Manchester Utd,29,1990,1.4,74,8,25,37,12,2,74,1,0,0.0,1,100.0,33,137,70,0,1,0,0,0,41,1,Matches,2019-2020
397,Oriol Romeu,es ESP,MF,Southampton,27,1991,20.7,1291,66,268,869,165,4,1291,16,13,81.3,3,18.8,584,2523,1221,17,22,0,14,4,733,13,Matches,2019-2020
398,Danny Rose,eng ENG,DF,Tottenham,29,1990,9.9,680,45,182,322,184,13,680,20,10,50.0,10,50.0,384,1884,1155,23,15,2,11,5,423,30,Matches,2019-2020
399,Danny Rose,eng ENG,DF,Newcastle Utd,29,1990,9.6,497,22,152,281,69,4,497,9,5,55.6,4,44.4,301,1381,772,4,12,0,6,1,291,21,Matches,2019-2020
400,Antonio Rüdiger,de GER,DF,Chelsea,26,1993,19.0,1667,152,738,872,68,16,1667,4,3,75.0,1,25.0,1145,6329,3816,11,23,0,5,3,1216,0,Matches,2019-2020
401,Lukas Rupp,de GER,"FW,MF",Norwich City,28,1991,7.7,352,22,88,182,85,13,352,6,4,66.7,2,33.3,196,793,233,3,5,1,15,18,218,23,Matches,2019-2020
402,Mathew Ryan,au AUS,GK,Brighton,27,1992,38.0,1563,1258,1557,6,0,0,1563,0,0,,0,,907,4733,2872,0,0,0,2,0,852,0,Matches,2019-2020
403,Allan Saint-Maximin,fr FRA,"MF,FW",Newcastle Utd,22,1997,20.7,766,12,115,310,388,78,766,180,121,67.2,59,32.8,616,6374,3852,125,74,46,73,51,561,92,Matches,2019-2020
404,Romain Saïss,ma MAR,DF,Wolves,29,1990,30.1,1996,162,859,1056,88,28,1996,10,7,70.0,3,30.0,926,3842,2349,10,8,2,13,5,1192,9,Matches,2019-2020
405,Bukayo Saka,eng ENG,"DF,FW",Arsenal,17,2001,19.5,1048,35,250,409,395,59,1048,55,32,58.2,23,41.8,602,3892,2172,67,41,24,42,22,692,143,Matches,2019-2020
406,Mamadou Sakho,fr FRA,DF,Crystal Palace,29,1990,10.3,641,92,368,271,9,3,641,5,4,80.0,1,20.0,357,1518,730,1,2,0,6,5,400,2,Matches,2019-2020
407,Mohamed Salah,eg EGY,FW,Liverpool,27,1992,32.0,1368,4,59,385,935,291,1365,83,50,60.2,33,39.8,1037,5484,2722,105,51,72,88,67,1090,347,Matches,2019-2020
408,Mbwana Samatta,tz TAN,FW,Aston Villa,26,1992,10.5,270,7,13,124,137,33,270,15,9,60.0,6,40.0,137,657,154,6,4,1,26,12,195,49,Matches,2019-2020
409,Carlos Sánchez,co COL,MF,West Ham,33,1986,1.3,64,3,10,48,6,0,64,1,1,100.0,0,0.0,29,97,14,0,0,0,0,1,34,0,Matches,2019-2020
410,Davinson Sánchez,co COL,DF,Tottenham,23,1996,27.0,1857,256,928,895,46,15,1857,10,8,80.0,2,20.0,1188,4972,2501,10,10,1,12,6,1213,9,Matches,2019-2020
411,Leroy Sané,de GER,FW,Manchester City,23,1996,0.1,9,0,0,2,7,1,9,0,0,,0,,7,39,19,2,1,1,0,0,8,4,Matches,2019-2020
412,Ismaila Sarr,sn SEN,"FW,MF",Watford,21,1998,22.5,868,11,92,308,490,102,868,96,47,49.0,49,51.0,680,5012,2630,107,72,34,75,56,678,200,Matches,2019-2020
413,Fabian Schär,ch SUI,"DF,MF",Newcastle Utd,27,1991,18.6,1053,123,516,459,96,19,1053,24,16,66.7,8,33.3,530,2962,1818,20,16,2,14,5,556,6,Matches,2019-2020
414,Ezequiel Schelotto,it ITA,DF,Brighton,30,1989,4.0,232,16,73,75,86,8,232,8,5,62.5,3,37.5,114,840,433,15,13,2,13,6,129,40,Matches,2019-2020
415,Jeffrey Schlupp,gh GHA,"FW,MF",Crystal Palace,26,1992,11.5,486,14,104,230,159,30,486,24,13,54.2,11,45.8,245,1519,636,23,17,12,25,16,314,53,Matches,2019-2020
416,Kasper Schmeichel,dk DEN,GK,Leicester City,32,1986,38.0,1264,1054,1246,18,0,0,1264,1,0,0.0,1,100.0,693,3306,2092,0,0,0,1,0,561,0,Matches,2019-2020
417,Morgan Schneiderlin,fr FRA,MF,Everton,29,1989,11.1,685,26,155,443,91,4,685,3,3,100.0,0,0.0,396,1575,631,4,6,0,7,4,435,3,Matches,2019-2020
418,Ryan Sessegnon,eng ENG,"DF,FW",Tottenham,19,2000,3.8,233,7,50,104,82,9,233,6,4,66.7,2,33.3,151,636,418,13,7,3,10,1,147,24,Matches,2019-2020
419,Xherdan Shaqiri,ch SUI,"FW,MF",Liverpool,27,1991,2.1,125,0,14,68,43,2,125,4,2,50.0,2,50.0,93,331,114,1,0,0,2,6,95,15,Matches,2019-2020
420,Billy Sharp,eng ENG,FW,Sheffield Utd,33,1986,11.7,320,2,25,103,198,55,320,22,16,72.7,6,27.3,219,1166,470,18,9,7,35,31,254,106,Matches,2019-2020
421,Luke Shaw,eng ENG,DF,Manchester Utd,24,1995,19.3,1508,75,417,674,428,34,1508,31,22,71.0,9,29.0,788,4361,2649,60,47,8,15,3,976,103,Matches,2019-2020
422,Jonjo Shelvey,eng ENG,MF,Newcastle Utd,27,1992,23.5,1353,58,341,767,261,22,1353,20,15,75.0,5,25.0,714,3412,1579,22,19,7,24,10,806,28,Matches,2019-2020
423,Djibril Sidibé,fr FRA,"DF,MF",Everton,27,1992,20.3,1469,54,417,673,394,20,1469,25,14,56.0,11,44.0,778,3682,2009,61,43,4,28,12,810,102,Matches,2019-2020
424,Gylfi Sigurðsson,is ISL,MF,Everton,29,1989,28.4,1431,37,218,730,491,50,1430,30,16,53.3,14,46.7,720,2908,969,27,25,9,41,26,844,73,Matches,2019-2020
425,Bernardo Silva,pt POR,"FW,MF",Manchester City,24,1994,22.6,1711,19,171,698,859,142,1711,55,40,72.7,15,27.3,1256,7043,3846,117,63,48,24,21,1323,259,Matches,2019-2020
426,David Silva,es ESP,MF,Manchester City,33,1986,20.3,1709,20,130,754,837,172,1709,44,33,75.0,11,25.0,1225,5827,2952,82,71,31,34,19,1407,175,Matches,2019-2020
427,Jack Simpson,eng ENG,DF,Bournemouth,22,1996,2.7,133,19,66,61,7,1,133,5,4,80.0,1,20.0,66,273,76,0,0,0,1,2,66,3,Matches,2019-2020
428,Moussa Sissoko,fr FRA,MF,Tottenham,29,1989,27.2,1585,69,371,888,355,30,1585,67,40,59.7,27,40.3,1014,5460,2846,72,39,10,39,21,1013,58,Matches,2019-2020
429,Oliver Skipp,eng ENG,MF,Tottenham,18,2000,0.9,46,2,14,29,3,0,46,0,0,,0,,27,72,39,0,1,0,1,1,28,0,Matches,2019-2020
430,William Smallbone,ie IRL,MF,Southampton,19,2000,4.4,255,2,41,143,74,7,255,1,0,0.0,1,100.0,129,525,246,4,3,1,5,2,182,13,Matches,2019-2020
431,Adam Smith,eng ENG,DF,Bournemouth,28,1991,22.8,1321,69,395,610,329,23,1321,51,24,47.1,27,52.9,732,4669,2653,75,52,6,27,14,728,69,Matches,2019-2020
432,Emile Smith Rowe,eng ENG,MF,Arsenal,19,2000,1.1,46,2,10,21,17,0,46,3,2,66.7,1,33.3,32,241,145,4,4,0,4,1,39,5,Matches,2019-2020
433,Robert Snodgrass,sct SCO,"MF,FW",West Ham,31,1987,16.8,802,15,124,306,383,47,802,36,19,52.8,17,47.2,407,2713,1084,44,23,20,16,25,494,117,Matches,2019-2020
434,Cédric Soares,pt POR,"MF,DF",Arsenal,27,1991,2.8,167,6,39,71,58,2,167,2,2,100.0,0,0.0,84,396,202,6,6,0,4,1,92,25,Matches,2019-2020
435,Cédric Soares,pt POR,DF,Southampton,27,1991,14.5,931,58,247,444,245,16,931,4,4,100.0,0,0.0,340,1839,941,29,25,2,18,9,409,46,Matches,2019-2020
436,Dominic Solanke,eng ENG,FW,Bournemouth,21,1997,18.3,667,18,76,289,308,75,667,62,26,41.9,36,58.1,418,2570,995,35,26,15,52,54,469,109,Matches,2019-2020
437,Tomáš Souček,cz CZE,MF,West Ham,24,1995,11.6,546,44,154,274,123,36,546,4,0,0.0,4,100.0,253,765,257,3,2,1,11,1,288,17,Matches,2019-2020
438,Çağlar Söyüncü,tr TUR,DF,Leicester City,23,1996,33.7,2700,263,1343,1303,65,33,2700,22,17,77.3,5,22.7,1779,8996,4279,22,10,0,17,2,1864,5,Matches,2019-2020
439,Dennis Srbeny,de GER,"MF,FW",Norwich City,25,1994,0.5,31,1,4,16,11,3,31,5,2,40.0,3,60.0,20,47,6,0,0,0,1,3,22,4,Matches,2019-2020
440,Jack Stacey,eng ENG,DF,Bournemouth,23,1996,17.2,964,87,351,416,207,22,964,23,16,69.6,7,30.4,498,2768,1566,38,21,6,15,11,478,57,Matches,2019-2020
441,Junior Stanislas,eng ENG,"MF,FW",Bournemouth,29,1989,7.9,387,9,65,133,192,18,386,18,11,61.1,7,38.9,220,1321,764,30,15,6,12,8,236,42,Matches,2019-2020
442,Jed Steer,eng ENG,GK,Aston Villa,26,1992,0.1,2,2,2,0,0,0,2,0,0,,0,,0,0,0,0,0,0,0,0,1,0,Matches,2019-2020
443,Dale Stephens,eng ENG,MF,Brighton,30,1989,28.1,1969,102,530,1199,250,7,1969,12,10,83.3,2,16.7,987,4706,1834,9,30,2,19,13,1336,14,Matches,2019-2020
444,Jack Stephens,eng ENG,DF,Southampton,25,1994,27.2,1592,196,720,832,52,20,1592,11,7,63.6,4,36.4,784,4165,2521,17,8,3,17,4,858,11,Matches,2019-2020
445,Raheem Sterling,eng ENG,FW,Manchester City,24,1994,29.5,1608,11,85,509,1030,271,1606,107,56,52.3,51,47.7,1216,7347,3969,151,69,91,67,60,1319,429,Matches,2019-2020
446,Enda Stevens,ie IRL,DF,Sheffield Utd,29,1990,37.2,2290,83,502,960,852,73,2290,84,61,72.6,22,26.2,1136,5912,3177,92,63,20,55,43,1336,197,Matches,2019-2020
447,Marco Stiepermann,de GER,MF,Norwich City,28,1991,13.1,561,28,84,270,212,39,561,29,17,58.6,12,41.4,358,1894,995,35,27,8,26,21,413,52,Matches,2019-2020
448,John Stones,eng ENG,DF,Manchester City,25,1994,12.5,1127,98,385,685,63,12,1127,5,5,100.0,0,0.0,835,5661,3594,22,24,0,3,0,869,1,Matches,2019-2020
449,Isaac Success,ng NGA,"FW,MF",Watford,23,1996,0.8,32,0,2,10,20,1,32,3,1,33.3,2,66.7,28,131,59,4,2,0,5,2,30,9,Matches,2019-2020
450,Ki Sung-yueng,kr KOR,MF,Newcastle Utd,30,1989,1.5,78,3,21,40,17,0,78,2,2,100.0,0,0.0,42,168,76,1,1,0,1,2,51,3,Matches,2019-2020
451,Andrew Surman,eng ENG,MF,Bournemouth,32,1986,2.6,152,9,52,82,20,0,152,0,0,,0,,87,311,102,1,1,0,4,2,85,1,Matches,2019-2020
452,Sam Surridge,eng ENG,"FW,MF",Bournemouth,21,1998,0.3,22,0,3,6,13,6,22,2,1,50.0,1,50.0,12,61,20,0,0,1,3,1,16,5,Matches,2019-2020
453,Japhet Tanganga,eng ENG,DF,Tottenham,20,1999,5.8,325,35,135,162,32,2,325,7,6,85.7,1,14.3,175,751,390,3,3,0,13,5,161,7,Matches,2019-2020
454,Matt Targett,eng ENG,"DF,MF",Aston Villa,23,1995,25.5,1508,117,497,635,392,26,1508,21,8,38.1,13,61.9,641,2549,1376,22,29,5,16,14,770,81,Matches,2019-2020
455,James Tarkowski,eng ENG,DF,Burnley,26,1992,38.0,1836,306,864,876,104,72,1836,13,13,100.0,0,0.0,700,3154,1370,2,4,0,17,4,798,2,Matches,2019-2020
456,Charlie Taylor,eng ENG,DF,Burnley,25,1993,21.6,1346,100,406,616,341,9,1346,40,19,47.5,21,52.5,529,4398,1938,61,34,5,22,11,615,46,Matches,2019-2020
457,Neil Taylor,wls WAL,DF,Aston Villa,30,1989,12.1,634,59,231,292,114,5,634,2,2,100.0,0,0.0,252,991,547,7,5,0,5,2,327,25,Matches,2019-2020
458,Nathan Tella,ng NGA,FW,Southampton,20,1999,0.0,2,0,0,1,1,1,2,0,0,,0,,1,3,3,1,0,1,0,0,2,1,Matches,2019-2020
459,Alexander Tettey,no NOR,"MF,DF",Norwich City,33,1986,26.0,1537,119,534,871,142,11,1537,20,15,75.0,5,25.0,924,4306,1928,19,17,1,18,8,957,12,Matches,2019-2020
460,Jordan Thomas,eng ENG,FW,Norwich City,18,2001,0.0,0,0,0,0,0,0,0,0,0,,0,,0,0,0,0,0,0,0,0,0,0,Matches,2019-2020
461,Luke Thomas,eng ENG,"MF,DF",Leicester City,18,2001,3.0,223,5,38,106,82,5,223,3,3,100.0,0,0.0,116,488,219,6,2,2,7,3,149,16,Matches,2019-2020
462,Max Thompson,eng ENG,FW,Burnley,17,2002,0.0,0,0,0,0,0,0,0,0,0,,0,,0,0,0,0,0,0,0,0,0,0,Matches,2019-2020
463,Youri Tielemans,be BEL,MF,Leicester City,22,1997,31.4,2177,27,320,1183,690,52,2177,48,29,60.4,19,39.6,1312,4999,2517,46,44,12,47,27,1615,123,Matches,2019-2020
464,Kieran Tierney,sct SCO,"DF,MF",Arsenal,22,1997,11.0,676,40,227,261,196,14,676,15,12,80.0,3,20.0,355,1728,813,26,12,8,11,5,390,67,Matches,2019-2020
465,James Tomkins,eng ENG,DF,Crystal Palace,30,1989,17.6,883,130,563,297,32,21,883,2,1,50.0,1,50.0,354,1670,960,1,2,0,5,1,464,4,Matches,2019-2020
466,Fikayo Tomori,eng ENG,DF,Chelsea,21,1997,14.3,1322,119,677,597,55,10,1322,12,9,75.0,3,25.0,911,4427,2230,14,15,0,11,4,972,4,Matches,2019-2020
467,Lucas Torreira,uy URU,MF,Arsenal,23,1996,16.8,1094,55,286,629,188,25,1094,23,17,73.9,6,26.1,605,3024,1280,13,14,3,18,9,719,20,Matches,2019-2020
468,Cenk Tosun,tr TUR,FW,Crystal Palace,28,1991,2.0,66,2,10,30,27,7,66,6,6,100.0,0,0.0,41,257,100,5,1,3,3,5,54,11,Matches,2019-2020
469,Cenk Tosun,tr TUR,FW,Everton,28,1991,3.2,90,1,3,24,63,27,90,1,1,100.0,0,0.0,57,205,60,2,2,0,8,3,71,27,Matches,2019-2020
470,Andros Townsend,eng ENG,"FW,MF",Crystal Palace,28,1991,14.4,642,16,110,264,288,17,642,53,38,71.7,15,28.3,405,3221,1405,56,46,9,32,35,407,77,Matches,2019-2020
471,Adama Traoré,es ESP,"FW,DF",Wolves,23,1996,28.9,1335,23,133,552,694,106,1335,246,183,74.4,63,25.6,946,10181,5631,252,111,71,88,65,1011,246,Matches,2019-2020
472,Mark Travers,ie IRL,GK,Bournemouth,20,1999,1.0,32,28,32,0,0,0,32,0,0,,0,,22,89,55,0,0,0,0,0,15,0,Matches,2019-2020
473,Trézéguet,eg EGY,"FW,MF",Aston Villa,24,1994,21.7,762,21,128,267,384,74,762,64,30,46.9,34,53.1,477,3260,1733,59,46,18,71,20,495,170,Matches,2019-2020
474,Leandro Trossard,be BEL,"FW,MF",Brighton,24,1994,22.3,1026,15,108,392,543,94,1026,53,29,54.7,24,45.3,690,4417,2044,68,39,26,51,33,753,228,Matches,2019-2020
475,Tom Trybull,de GER,MF,Norwich City,26,1993,12.6,776,55,231,488,65,9,776,7,6,85.7,1,14.3,471,1841,692,3,9,0,16,7,484,2,Matches,2019-2020
476,Axel Tuanzebe,cd COD,DF,Manchester Utd,21,1997,2.1,176,8,51,102,24,0,176,3,0,0.0,3,100.0,88,536,277,1,3,0,1,2,114,2,Matches,2019-2020
477,Yan Valery,tn TUN,DF,Southampton,20,1999,8.7,453,28,132,196,131,11,453,27,14,51.9,13,48.1,173,1169,539,20,11,8,14,19,172,31,Matches,2019-2020
478,Jesús Vallejo,es ESP,DF,Wolves,22,1997,1.8,139,18,70,62,7,0,139,1,1,100.0,0,0.0,74,271,156,0,2,0,2,1,93,0,Matches,2019-2020
479,Virgil van Dijk,nl NED,DF,Liverpool,28,1991,38.0,3588,315,1365,2126,102,49,3588,4,3,75.0,1,25.0,2484,9365,4594,21,19,3,2,2,2580,14,Matches,2019-2020
480,Jamie Vardy,eng ENG,FW,Leicester City,32,1987,33.7,740,28,39,282,424,168,735,47,23,48.9,24,51.1,390,2358,1198,61,21,38,51,16,487,200,Matches,2019-2020
481,Indiana Vassilev,us USA,"FW,MF",Aston Villa,18,2001,0.6,15,0,0,4,11,3,15,1,1,100.0,0,0.0,12,69,12,0,0,0,1,2,12,4,Matches,2019-2020
482,Jan Vertonghen,be BEL,DF,Tottenham,32,1987,18.3,1382,148,608,706,72,6,1382,8,5,62.5,3,37.5,856,3837,2152,13,8,2,9,7,855,13,Matches,2019-2020
483,Jannik Vestergaard,dk DEN,DF,Southampton,26,1992,16.6,1056,109,456,558,46,18,1056,5,3,60.0,2,40.0,484,2690,1499,12,6,1,11,1,576,1,Matches,2019-2020
484,Rúben Vinagre,pt POR,"MF,DF",Wolves,20,1999,7.2,463,15,131,202,133,14,463,44,20,45.5,24,54.5,232,1856,1067,36,16,8,10,14,257,32,Matches,2019-2020
485,Jake Vokins,eng ENG,DF,Southampton,19,2000,1.0,80,1,9,34,37,1,80,1,0,0.0,1,100.0,42,236,136,4,4,0,2,1,59,11,Matches,2019-2020
486,Mario Vrančić,ba BIH,MF,Norwich City,30,1989,7.1,551,11,126,321,107,9,551,8,5,62.5,3,37.5,335,1779,1052,17,7,2,9,10,379,14,Matches,2019-2020
487,Matěj Vydra,cz CZE,FW,Burnley,27,1992,9.1,231,9,18,83,131,38,231,18,6,33.3,12,66.7,126,664,304,13,8,8,19,7,166,52,Matches,2019-2020
488,Theo Walcott,eng ENG,"MF,FW",Everton,30,1989,14.3,560,5,75,200,291,71,560,32,17,53.1,15,46.9,342,1707,905,34,23,11,38,22,387,127,Matches,2019-2020
489,Kyle Walker,eng ENG,DF,Manchester City,29,1990,26.6,2372,59,434,1385,575,33,2372,31,23,74.2,8,25.8,1577,8964,4770,107,92,12,22,15,1721,121,Matches,2019-2020
490,Kyle Walker-Peters,eng ENG,DF,Southampton,22,1997,7.8,530,29,145,260,130,10,530,19,17,89.5,2,10.5,278,1961,1106,26,20,6,9,6,282,25,Matches,2019-2020
491,Kyle Walker-Peters,eng ENG,DF,Tottenham,22,1997,2.7,240,12,63,111,72,5,240,7,5,71.4,2,28.6,157,733,421,9,8,2,3,3,169,20,Matches,2019-2020
492,Aaron Wan-Bissaka,eng ENG,DF,Manchester Utd,21,1997,34.1,2571,101,737,1113,745,41,2571,82,54,65.9,28,34.1,1245,6447,3535,100,67,21,34,44,1466,175,Matches,2019-2020
493,Victor Wanyama,ke KEN,MF,Tottenham,28,1991,0.3,20,0,2,16,3,0,20,1,1,100.0,0,0.0,11,96,60,0,1,0,0,0,11,0,Matches,2019-2020
494,Joel Ward,eng ENG,DF,Crystal Palace,29,1989,26.5,1564,117,542,707,318,10,1564,15,8,53.3,7,46.7,591,2801,1511,22,20,0,20,12,752,54,Matches,2019-2020
495,James Ward-Prowse,eng ENG,"MF,DF",Southampton,24,1994,38.0,2413,118,441,1267,721,42,2411,21,14,66.7,7,33.3,896,3484,1356,17,36,3,28,21,1165,82,Matches,2019-2020
496,Kelland Watts,eng ENG,DF,Newcastle Utd,19,1999,0.2,4,1,4,0,0,0,4,0,0,,0,,3,14,3,0,0,0,0,0,2,0,Matches,2019-2020
497,Adam Webster,eng ENG,DF,Brighton,24,1995,29.6,2223,284,1166,973,97,29,2223,18,14,77.8,4,22.2,1264,7893,5013,29,23,3,19,5,1444,4,Matches,2019-2020
498,Danny Welbeck,eng ENG,"FW,MF",Watford,28,1990,9.1,269,6,37,102,137,40,269,20,9,45.0,10,50.0,168,1062,369,13,7,7,21,20,190,66,Matches,2019-2020
499,Ashley Westwood,eng ENG,MF,Burnley,29,1990,35.0,2140,61,297,1368,489,22,2139,20,8,40.0,12,60.0,996,3766,1628,22,21,0,28,11,1278,33,Matches,2019-2020
500,Connor Wickham,eng ENG,"FW,MF",Crystal Palace,26,1993,1.1,65,0,5,29,31,7,65,4,2,50.0,2,50.0,26,116,40,3,1,2,4,2,47,10,Matches,2019-2020
501,Georginio Wijnaldum,nl NED,MF,Liverpool,28,1990,32.6,1947,41,267,1168,530,74,1947,74,41,55.4,33,44.6,1410,6609,3045,74,67,5,43,30,1439,99,Matches,2019-2020
502,Jetro Willems,nl NED,DF,Newcastle Utd,25,1994,16.6,764,61,261,317,198,19,764,32,21,65.6,11,34.4,359,1632,953,24,15,7,21,7,347,31,Matches,2019-2020
503,Brandon Williams,eng ENG,DF,Manchester Utd,18,2000,11.2,767,31,218,336,219,20,767,22,16,72.7,6,27.3,416,2445,1426,40,23,8,22,7,499,70,Matches,2019-2020
504,Neco Williams,wls WAL,DF,Liverpool,18,2001,2.6,255,5,55,114,89,9,255,11,6,54.5,5,45.5,154,812,342,10,5,5,5,1,149,17,Matches,2019-2020
505,Willian,br BRA,"FW,MF",Chelsea,30,1988,28.9,1925,17,181,730,1044,123,1921,92,65,70.7,27,29.3,1271,10183,5232,189,105,56,62,30,1431,294,Matches,2019-2020
506,Joe Willock,eng ENG,"MF,FW",Arsenal,19,1999,9.5,498,27,91,246,171,35,498,32,21,65.6,11,34.4,317,2210,1247,39,24,11,29,18,331,51,Matches,2019-2020
507,Jack Wilshere,eng ENG,MF,West Ham,27,1992,2.4,105,1,11,66,29,2,105,4,1,25.0,3,75.0,74,434,195,6,1,1,8,9,77,7,Matches,2019-2020
508,Callum Wilson,eng ENG,FW,Bournemouth,27,1992,32.3,855,23,73,314,475,143,855,45,24,53.3,21,46.7,565,2473,1014,45,26,23,107,51,634,197,Matches,2019-2020
509,Harry Wilson,wls WAL,"MF,FW",Bournemouth,22,1997,18.3,840,16,110,379,363,50,840,33,17,51.5,16,48.5,539,2817,1086,29,17,6,35,21,536,89,Matches,2019-2020
510,Harry Winks,eng ENG,MF,Tottenham,23,1996,24.7,1926,54,390,1271,283,4,1926,21,15,71.4,6,28.6,1349,6572,3263,44,43,1,26,15,1437,18,Matches,2019-2020
511,Chris Wood,nz NZL,FW,Burnley,27,1991,27.1,726,24,55,293,383,105,725,14,6,42.9,8,57.1,387,1225,417,13,12,6,78,30,593,160,Matches,2019-2020
512,Granit Xhaka,ch SUI,MF,Arsenal,26,1992,28.7,2193,125,610,1292,305,19,2193,32,25,78.1,7,21.9,1285,6390,3316,38,28,2,28,12,1591,33,Matches,2019-2020
513,Andriy Yarmolenko,ua UKR,"MF,FW",West Ham,29,1989,11.0,523,9,75,196,255,49,523,16,10,62.5,6,37.5,362,2066,963,40,14,24,23,11,412,64,Matches,2019-2020
514,DeAndre Yedlin,us USA,DF,Newcastle Utd,26,1993,10.4,408,39,139,166,104,5,408,6,1,16.7,5,83.3,206,872,483,12,15,3,14,5,221,40,Matches,2019-2020
515,Maya Yoshida,jp JPN,DF,Southampton,30,1988,6.2,338,39,165,151,22,10,338,1,1,100.0,0,0.0,158,695,318,1,2,0,2,2,198,3,Matches,2019-2020
516,Ashley Young,eng ENG,DF,Manchester Utd,34,1985,10.6,851,35,185,444,229,7,851,14,7,50.0,7,50.0,380,1682,1035,25,17,3,9,7,488,35,Matches,2019-2020
517,Pablo Zabaleta,ar ARG,DF,West Ham,34,1985,6.6,410,39,122,206,84,6,410,3,2,66.7,1,33.3,184,769,395,10,6,1,4,1,200,41,Matches,2019-2020
518,Wilfried Zaha,ci CIV,"FW,MF",Crystal Palace,26,1992,36.4,1749,8,172,701,927,198,1749,267,163,61.0,104,39.0,1346,10538,5678,210,116,102,130,148,1406,354,Matches,2019-2020
519,Christoph Zimmermann,de GER,DF,Norwich City,26,1993,15.9,850,164,534,306,15,8,850,7,5,71.4,2,28.6,462,2931,1825,8,2,0,6,4,479,0,Matches,2019-2020
520,Oleksandr Zinchenko,ua UKR,DF,Manchester City,22,1996,14.2,1497,24,265,741,500,8,1497,9,3,33.3,6,66.7,1055,3941,2190,37,48,1,13,8,1115,134,Matches,2019-2020
521,Richairo Živković,cw CUW,FW,Sheffield Utd,22,1996,1.2,28,0,0,13,16,2,28,3,0,0.0,3,100.0,18,90,48,1,2,0,1,3,20,8,Matches,2019-2020
522,Kurt Zouma,fr FRA,DF,Chelsea,24,1994,26.0,2361,243,1136,1184,53,25,2361,12,8,66.7,4,33.3,1564,7667,4187,16,12,0,12,5,1712,2,Matches,2019-2020
1,Patrick van Aanholt,nl NED,DF,Crystal Palace,27,1990,35.5,2300,123,666,1046,611,63,2300,42,22,52.4,20,47.6,1051,5415,3184,89,69,16,35,15,1335,106,Matches,2018-2019
2,Sergio Agüero,ar ARG,FW,Manchester City,30,1988,27.3,1119,4,22,384,724,200,1117,73,45,61.6,28,38.4,824,4572,1987,81,60,35,74,54,896,253,Matches,2018-2019
3,Nathan Aké,nl NED,DF,Bournemouth,23,1995,37.9,2205,305,1260,813,141,50,2205,5,3,60.0,2,40.0,1299,6617,3890,20,18,2,18,6,1307,25,Matches,2018-2019
4,Marc Albrighton,eng ENG,"FW,MF",Leicester City,28,1989,18.1,1005,39,203,416,402,27,1005,55,20,36.4,35,63.6,633,3260,1410,54,30,3,35,23,656,172,Matches,2018-2019
5,Toby Alderweireld,be BEL,DF,Tottenham,29,1989,32.5,2690,270,1244,1360,107,18,2690,2,1,50.0,1,50.0,1848,8658,4863,25,25,0,6,0,1922,5,Matches,2018-2019
6,Trent Alexander-Arnold,eng ENG,DF,Liverpool,19,1998,27.4,2514,70,528,1210,798,39,2514,27,14,51.9,13,48.1,1416,5548,3296,70,64,7,41,14,1538,174,Matches,2018-2019
7,Alisson,br BRA,GK,Liverpool,25,1992,38.0,1347,1118,1338,10,0,0,1347,2,2,100.0,0,0.0,838,3680,2466,1,1,0,0,1,675,0,Matches,2018-2019
8,Dele Alli,eng ENG,MF,Tottenham,22,1996,20.3,1320,32,147,674,514,91,1320,54,29,53.7,25,46.3,857,4278,1961,48,39,14,49,29,948,153,Matches,2018-2019
9,Miguel Almirón,py PAR,MF,Newcastle Utd,24,1994,8.4,380,7,56,157,175,25,380,14,7,50.0,7,50.0,215,1714,1037,31,16,6,22,6,240,45,Matches,2018-2019
10,Marcos Alonso,es ESP,DF,Chelsea,27,1990,30.7,2631,109,668,1137,843,70,2631,33,17,51.5,15,45.5,1446,7514,4482,102,81,7,32,28,1681,230,Matches,2018-2019
11,Daniel Amartey,gh GHA,DF,Leicester City,23,1994,7.1,518,43,193,272,54,3,518,4,2,50.0,2,50.0,293,1124,608,8,9,1,3,4,276,8,Matches,2018-2019
12,Luke Amos,eng ENG,MF,Tottenham,21,1997,0.0,4,0,1,3,0,0,4,0,0,,0,,0,0,0,0,0,0,0,0,0,0,Matches,2018-2019
13,Felipe Anderson,br BRA,"MF,FW",West Ham,25,1993,33.8,2319,29,269,1148,954,107,2319,156,76,48.7,80,51.3,1397,10958,6130,201,158,52,97,54,1622,253,Matches,2018-2019
14,Florin Andone,ro ROU,FW,Brighton,25,1993,9.8,345,15,50,143,161,46,345,37,9,24.3,28,75.7,210,1186,368,13,11,11,48,33,237,62,Matches,2018-2019
15,Michail Antonio,jm JAM,"MF,FW",West Ham,28,1990,23.4,1170,38,152,531,511,93,1170,104,58,55.8,46,44.2,683,4981,2349,87,54,29,83,68,823,204,Matches,2018-2019
16,Stuart Armstrong,sct SCO,MF,Southampton,26,1992,15.9,837,14,92,379,371,39,837,30,19,63.3,11,36.7,456,2678,1111,40,36,7,40,25,574,90,Matches,2018-2019
17,Marko Arnautović,at AUT,FW,West Ham,29,1989,22.1,848,6,45,333,479,126,847,36,20,55.6,16,44.4,498,2611,926,38,25,24,47,32,681,195,Matches,2018-2019
18,Kepa Arrizabalaga,es ESP,GK,Chelsea,23,1994,36.0,1207,1059,1198,9,0,0,1207,1,1,100.0,0,0.0,662,3034,1787,0,0,0,1,1,622,0,Matches,2018-2019
19,Harry Arter,ie IRL,MF,Cardiff City,28,1989,22.2,886,33,165,500,231,15,886,7,3,42.9,4,57.1,294,1589,813,13,17,1,20,3,412,23,Matches,2018-2019
20,Christian Atsu,gh GHA,MF,Newcastle Utd,26,1992,16.6,636,16,100,277,276,37,636,52,25,48.1,27,51.9,380,2646,1355,48,40,14,48,30,426,72,Matches,2018-2019
21,Pierre-Emerick Aubameyang,ga GAB,FW,Arsenal,29,1989,30.3,1048,17,83,417,560,142,1043,55,29,52.7,26,47.3,609,3920,2078,82,45,30,61,33,816,228,Matches,2018-2019
22,Serge Aurier,ci CIV,DF,Tottenham,25,1992,6.3,432,22,122,176,137,9,432,14,8,57.1,6,42.9,203,794,434,11,11,0,12,7,231,29,Matches,2018-2019
23,Charlie Austin,eng ENG,FW,Southampton,29,1989,10.9,331,17,38,150,144,47,330,6,1,16.7,5,83.3,147,643,167,6,1,2,30,18,229,44,Matches,2018-2019
24,Jordan Ayew,gh GHA,FW,Crystal Palace,26,1991,13.1,485,7,50,231,216,56,485,26,11,42.3,15,57.7,273,1734,667,31,9,9,47,32,325,90,Matches,2018-2019
25,Floyd Ayité,tg TOG,"FW,MF",Fulham,29,1988,5.3,272,6,38,140,98,14,272,17,10,58.8,7,41.2,160,1122,489,14,10,4,20,13,191,44,Matches,2018-2019
26,César Azpilicueta,es ESP,DF,Chelsea,28,1989,37.8,3352,121,993,1493,873,48,3352,22,10,45.5,12,54.5,1605,5682,3081,46,64,9,33,9,2168,205,Matches,2018-2019
27,Ryan Babel,nl NED,"FW,MF",Fulham,31,1986,13.9,649,19,66,335,255,30,649,34,27,79.4,7,20.6,391,2802,1218,42,35,7,37,28,508,109,Matches,2018-2019
28,Juninho Bacuna,cw CUW,"MF,DF",Huddersfield,20,1997,15.7,990,17,181,613,214,10,990,50,26,52.0,24,48.0,539,2602,1215,24,24,3,39,17,605,30,Matches,2018-2019
29,Leandro Bacuna,cw CUW,MF,Cardiff City,26,1991,6.2,237,15,72,128,45,2,237,7,5,71.4,2,28.6,72,687,421,11,7,1,11,5,71,5,Matches,2018-2019
30,Eric Bailly,ci CIV,DF,Manchester Utd,24,1994,7.1,390,56,215,167,11,7,390,5,4,80.0,1,20.0,191,868,338,3,1,0,5,1,233,2,Matches,2018-2019
31,Leighton Baines,eng ENG,DF,Everton,33,1984,4.2,291,11,52,165,75,0,291,1,0,0.0,1,100.0,127,476,301,6,6,0,1,1,155,13,Matches,2018-2019
32,Fabián Balbuena,py PAR,DF,West Ham,26,1991,22.4,1157,198,631,489,39,28,1157,1,1,100.0,0,0.0,485,2345,1391,1,4,0,4,2,589,4,Matches,2018-2019
33,Leon Balogun,ng NGA,DF,Brighton,30,1988,6.6,300,35,183,113,6,6,300,1,0,0.0,1,100.0,117,483,141,1,0,0,9,2,148,1,Matches,2018-2019
34,Sol Bamba,ci CIV,DF,Cardiff City,33,1985,27.5,1016,195,567,418,49,28,1016,20,14,70.0,6,30.0,289,1565,702,6,5,0,20,11,245,2,Matches,2018-2019
35,Phil Bardsley,sct SCO,DF,Burnley,33,1985,18.6,990,80,278,518,202,5,990,8,4,50.0,4,50.0,334,1842,885,19,21,2,9,6,405,23,Matches,2018-2019
36,Ross Barkley,eng ENG,MF,Chelsea,24,1993,13.8,1121,24,135,657,339,38,1121,22,15,68.2,7,31.8,703,3329,1465,32,35,3,19,33,901,50,Matches,2018-2019
37,Ashley Barnes,eng ENG,FW,Burnley,28,1989,26.5,874,34,86,394,401,106,872,13,7,53.8,6,46.2,432,1603,602,23,15,13,84,39,638,142,Matches,2018-2019
38,Harvey Barnes,eng ENG,"MF,FW",Leicester City,20,1997,11.2,473,6,37,144,301,78,473,49,30,61.2,19,38.8,334,2592,1569,62,23,28,29,15,360,115,Matches,2018-2019
39,Antonio Barreca,it ITA,DF,Newcastle Utd,23,1995,0.1,3,0,0,2,1,0,3,0,0,,0,,3,19,17,0,0,0,0,0,3,1,Matches,2018-2019
40,Michy Batshuayi,be BEL,FW,Crystal Palace,24,1993,8.3,250,4,28,121,106,40,250,16,9,56.3,7,43.8,135,756,285,13,8,6,16,12,166,44,Matches,2018-2019
41,Jan Bednarek,pl POL,DF,Southampton,22,1996,23.9,1237,179,583,627,35,12,1237,3,1,33.3,2,66.7,450,2057,1134,7,4,2,4,5,473,2,Matches,2018-2019
42,Asmir Begović,ba BIH,GK,Bournemouth,31,1987,24.0,718,655,717,1,0,0,718,0,0,,0,,349,1804,1181,0,0,0,2,0,210,0,Matches,2018-2019
43,Héctor Bellerín,es ESP,DF,Arsenal,23,1995,17.0,1117,48,300,459,364,52,1117,23,15,65.2,8,34.8,577,3433,1794,48,28,9,20,15,702,121,Matches,2018-2019
44,Joe Bennett,eng ENG,DF,Cardiff City,28,1990,29.3,1227,117,373,570,294,13,1227,34,24,70.6,10,29.4,384,1979,1050,28,19,4,10,11,432,41,Matches,2018-2019
45,Ryan Bennett,eng ENG,DF,Wolves,28,1990,34.0,1733,177,704,916,122,24,1733,4,3,75.0,1,25.0,721,2960,1828,14,11,0,5,1,973,10,Matches,2018-2019
46,Christian Benteke,be BEL,FW,Crystal Palace,27,1990,9.0,354,19,34,168,154,49,354,8,5,62.5,3,37.5,153,668,190,6,5,4,27,15,279,53,Matches,2018-2019
47,Jóhann Berg Guðmundsson,is ISL,MF,Burnley,27,1990,19.5,868,43,152,294,438,49,868,40,16,40.0,24,60.0,454,3073,1494,55,37,5,41,28,476,108,Matches,2018-2019
48,Bernard,br BRA,"FW,MF",Everton,25,1992,23.5,1180,20,202,473,521,69,1180,82,40,48.8,42,51.2,754,4838,2619,99,66,33,74,40,797,202,Matches,2018-2019
49,Bernardo,br BRA,DF,Brighton,23,1995,19.5,1295,98,448,591,266,10,1295,22,14,63.6,8,36.4,581,3139,1924,46,35,2,26,12,590,53,Matches,2018-2019
50,Ryan Bertrand,eng ENG,DF,Southampton,28,1989,24.0,1342,71,286,591,470,27,1342,20,6,30.0,14,70.0,517,2791,1445,49,34,8,30,7,661,102,Matches,2018-2019
51,Marcus Bettinelli,eng ENG,GK,Fulham,26,1992,7.0,267,230,267,0,0,0,267,0,0,,0,,94,510,353,0,0,0,1,0,107,0,Matches,2018-2019
52,Philip Billing,dk DEN,MF,Huddersfield,22,1996,24.3,1633,64,362,791,505,32,1633,38,20,52.6,18,47.4,773,4685,2133,53,50,5,54,28,875,59,Matches,2018-2019
53,Yves Bissouma,ml MLI,MF,Brighton,21,1996,19.7,1023,45,205,591,251,29,1023,71,47,66.2,24,33.8,577,4194,2080,53,42,11,43,31,620,39,Matches,2018-2019
54,Willy Boly,ci CIV,DF,Wolves,27,1991,35.2,2168,212,912,1206,67,33,2168,16,13,81.3,3,18.8,1090,5841,3475,29,18,2,11,15,1269,12,Matches,2018-2019
55,Léo Bonatini,br BRA,FW,Wolves,24,1994,1.5,78,1,3,38,38,13,78,3,1,33.3,2,66.7,58,213,67,1,1,1,4,4,64,15,Matches,2018-2019
56,Gaëtan Bong,cm CMR,DF,Brighton,30,1988,20.1,1071,87,378,470,228,3,1071,23,11,47.8,12,52.2,452,2730,1485,36,31,1,18,16,467,40,Matches,2018-2019
57,Artur Boruc,pl POL,GK,Bournemouth,38,1980,12.0,378,330,376,3,0,0,378,0,0,,0,,164,1028,692,0,0,0,0,0,100,0,Matches,2018-2019
58,Robbie Brady,ie IRL,MF,Burnley,26,1992,8.0,378,18,73,157,154,11,378,13,7,53.8,6,46.2,158,1068,501,14,11,1,12,10,199,26,Matches,2018-2019
59,Miguel Britos,uy URU,DF,Watford,33,1985,2.1,84,14,52,28,4,0,84,3,1,33.3,2,66.7,38,148,51,0,0,0,1,0,38,0,Matches,2018-2019
60,David Brooks,wls WAL,"MF,FW",Bournemouth,21,1997,25.1,1231,23,186,604,457,87,1231,64,24,37.5,40,62.5,847,4787,2276,66,46,22,58,42,870,144,Matches,2018-2019
61,Bruno,es ESP,DF,Brighton,37,1980,12.6,733,56,260,343,130,2,733,6,4,66.7,2,33.3,344,1181,658,4,7,0,4,2,411,26,Matches,2018-2019
62,Joe Bryan,eng ENG,"DF,MF",Fulham,24,1993,26.1,1591,101,441,753,407,32,1591,26,13,50.0,13,50.0,597,3854,1985,73,36,15,21,18,846,95,Matches,2018-2019
63,David Button,eng ENG,GK,Brighton,29,1989,4.0,116,105,116,0,0,0,116,0,0,,0,,52,410,313,0,0,0,0,0,36,0,Matches,2018-2019
64,Willy Caballero,ar ARG,GK,Chelsea,36,1981,2.0,64,56,64,0,0,0,64,0,0,,0,,28,185,126,0,0,0,0,0,29,0,Matches,2018-2019
65,Gary Cahill,eng ENG,DF,Chelsea,32,1985,0.3,19,1,4,15,0,0,19,0,0,,0,,11,76,62,0,0,0,0,0,14,0,Matches,2018-2019
66,Tom Cairney,sct SCO,"MF,FW",Fulham,27,1991,24.4,1623,21,174,1043,420,25,1623,62,43,69.4,19,30.6,892,5385,2315,60,55,7,35,49,1308,106,Matches,2018-2019
67,Dominic Calvert-Lewin,eng ENG,FW,Everton,21,1997,19.8,702,24,52,309,350,82,702,39,21,53.8,18,46.2,417,2307,736,32,25,11,67,42,551,136,Matches,2018-2019
68,Rafael Camacho,pt POR,DF,Liverpool,18,2000,0.0,1,1,1,0,0,0,1,0,0,,0,,0,0,0,0,0,0,0,0,0,0,Matches,2018-2019
69,Víctor Camarasa,es ESP,MF,Cardiff City,24,1994,28.5,1298,32,169,591,569,34,1297,62,34,54.8,28,45.2,703,4539,1979,50,46,10,61,49,742,92,Matches,2018-2019
70,Étienne Capoue,fr FRA,MF,Watford,30,1988,32.7,2155,129,515,1446,216,16,2155,42,32,76.2,10,23.8,1178,4558,2184,17,27,1,18,20,1259,11,Matches,2018-2019
71,Andy Carroll,eng ENG,FW,West Ham,29,1989,5.1,201,11,17,122,64,23,201,6,3,50.0,3,50.0,87,303,95,1,2,0,16,8,154,15,Matches,2018-2019
72,Jonny Castro,es ESP,"DF,MF",Wolves,24,1994,30.8,1787,88,474,742,587,51,1787,60,30,50.0,30,50.0,765,4861,2734,85,55,12,40,40,943,161,Matches,2018-2019
73,Craig Cathcart,nir NIR,DF,Watford,29,1989,34.4,1648,218,811,789,52,21,1648,3,2,66.7,1,33.3,845,3347,1674,6,4,0,9,4,870,2,Matches,2018-2019
74,Ivan Cavaleiro,pt POR,"FW,MF",Wolves,24,1993,7.7,456,3,36,163,263,34,456,26,15,57.7,11,42.3,271,1883,879,42,18,9,26,19,349,101,Matches,2018-2019
75,Petr Čech,cz CZE,GK,Arsenal,36,1982,6.5,294,257,293,1,0,0,294,0,0,,0,,146,786,529,0,0,0,0,0,132,0,Matches,2018-2019
76,Nathaniel Chalobah,eng ENG,MF,Watford,23,1994,3.0,148,12,35,83,32,3,148,2,0,0.0,2,100.0,74,213,74,0,2,0,8,3,80,8,Matches,2018-2019
77,Calum Chambers,eng ENG,"MF,DF",Fulham,23,1995,28.8,1906,147,573,1128,218,38,1906,32,22,68.8,10,31.3,739,3352,1555,20,17,2,32,26,1124,28,Matches,2018-2019
78,Ben Chilwell,eng ENG,DF,Leicester City,21,1996,36.0,2708,127,663,1200,872,53,2708,85,49,57.6,36,42.4,1475,9904,5468,146,113,26,71,46,1607,215,Matches,2018-2019
79,Tahith Chong,nl NED,FW,Manchester Utd,18,1999,0.4,23,1,2,6,15,4,23,1,1,100.0,0,0.0,18,129,64,2,2,1,1,1,19,7,Matches,2018-2019
80,Hamza Choudhury,bd BAN,MF,Leicester City,20,1997,6.6,328,28,92,185,56,2,328,6,2,33.3,4,66.7,175,679,333,3,5,1,7,2,174,12,Matches,2018-2019
81,Andreas Christensen,dk DEN,DF,Chelsea,22,1996,6.9,517,35,230,280,9,3,517,1,1,100.0,0,0.0,304,1759,1091,3,4,0,3,0,352,1,Matches,2018-2019
82,Cyrus Christie,ie IRL,"DF,MF",Fulham,25,1992,21.6,1490,98,411,671,427,26,1490,50,27,54.0,23,46.0,660,4828,2414,70,40,11,28,29,834,138,Matches,2018-2019
83,Ibrahima Cissé,gn GUI,MF,Fulham,24,1994,1.0,45,6,16,27,2,0,45,2,1,50.0,1,50.0,17,93,26,0,0,0,1,0,23,0,Matches,2018-2019
84,Ciaran Clark,ie IRL,DF,Newcastle Utd,28,1989,9.5,426,56,222,174,32,13,426,0,0,,0,,146,628,276,1,4,1,2,2,202,2,Matches,2018-2019
85,Tom Cleverley,eng ENG,MF,Watford,28,1989,5.3,290,14,65,162,63,7,290,3,1,33.3,2,66.7,144,513,249,6,6,1,5,4,160,6,Matches,2018-2019
86,Nathaniel Clyne,eng ENG,DF,Bournemouth,27,1991,12.7,719,35,225,300,198,16,719,9,4,44.4,5,55.6,355,1488,724,14,12,1,8,10,359,32,Matches,2018-2019
87,Nathaniel Clyne,eng ENG,DF,Liverpool,27,1991,1.2,103,0,15,59,29,3,103,0,0,,0,,56,218,119,2,3,0,1,1,56,3,Matches,2018-2019
88,Conor Coady,eng ENG,DF,Wolves,25,1993,38.0,1947,269,1092,862,2,0,1947,3,3,100.0,0,0.0,1149,6124,3618,11,6,2,6,4,1267,0,Matches,2018-2019
89,Joel Coleman,eng ENG,GK,Huddersfield,22,1995,1.0,38,33,38,0,0,0,38,0,0,,0,,17,96,67,0,0,0,0,0,16,0,Matches,2018-2019
90,Séamus Coleman,ie IRL,DF,Everton,29,1988,28.4,1920,94,540,848,555,52,1920,44,21,47.7,23,52.3,959,4653,2309,71,48,14,43,23,1015,190,Matches,2018-2019
91,Lewis Cook,eng ENG,MF,Bournemouth,21,1997,8.0,480,16,105,291,91,5,480,16,10,62.5,6,37.5,328,1370,675,11,9,3,12,9,317,8,Matches,2018-2019
92,Steve Cook,eng ENG,DF,Bournemouth,27,1991,31.0,1985,242,984,865,148,33,1985,7,5,71.4,2,28.6,1068,5606,3433,25,19,2,5,0,1089,10,Matches,2018-2019
93,Jack Cork,eng ENG,MF,Burnley,29,1989,36.8,1686,96,321,1110,276,35,1686,38,28,73.7,10,26.3,778,3551,1282,21,25,1,45,36,981,56,Matches,2018-2019
94,Hélder Costa,ao ANG,"FW,MF",Wolves,24,1994,14.9,680,6,56,268,374,32,680,61,24,39.3,37,60.7,486,3775,1719,67,47,18,48,42,530,127,Matches,2018-2019
95,Aaron Cresswell,eng ENG,DF,West Ham,28,1989,17.7,1279,71,309,642,335,29,1279,13,6,46.2,7,53.8,563,2544,1349,35,25,6,13,6,707,103,Matches,2018-2019
96,Peter Crouch,eng ENG,FW,Burnley,37,1981,1.0,42,2,3,12,27,18,42,0,0,,0,,10,11,4,0,0,0,3,0,34,12,Matches,2018-2019
97,Greg Cunningham,ie IRL,DF,Cardiff City,27,1991,7.0,291,23,94,137,61,5,291,1,0,0.0,1,100.0,93,445,223,4,4,0,6,1,115,9,Matches,2018-2019
98,Diogo Dalot,pt POR,"DF,FW",Manchester Utd,19,1999,11.3,700,39,165,316,221,20,700,16,11,68.8,5,31.3,309,1733,1027,42,26,13,10,4,384,82,Matches,2018-2019
99,Matty Daly,eng ENG,MF,Huddersfield,17,2001,0.8,15,2,3,7,5,1,15,1,0,0.0,1,100.0,10,50,17,1,3,0,1,0,11,2,Matches,2018-2019
100,Loïc Damour,fr FRA,MF,Cardiff City,27,1991,0.3,15,0,0,9,6,0,15,0,0,,0,,7,46,3,0,0,0,1,0,12,0,Matches,2018-2019
101,Charlie Daniels,eng ENG,DF,Bournemouth,31,1986,17.6,1200,64,400,504,305,31,1200,21,12,57.1,9,42.9,660,3048,1750,40,32,5,12,8,680,82,Matches,2018-2019
102,Danilo,br BRA,DF,Manchester City,27,1991,9.0,979,16,141,564,281,8,979,13,8,61.5,5,38.5,566,2155,1168,20,31,2,8,5,670,33,Matches,2018-2019
103,Scott Dann,eng ENG,DF,Crystal Palace,31,1987,7.4,354,64,188,155,11,9,354,3,3,100.0,0,0.0,131,677,510,3,0,0,1,1,161,0,Matches,2018-2019
104,Matteo Darmian,it ITA,DF,Manchester Utd,28,1989,4.9,269,31,92,115,62,0,269,3,1,33.3,2,66.7,117,496,299,7,7,0,3,2,151,18,Matches,2018-2019
105,Ben Davies,wls WAL,DF,Tottenham,25,1993,20.5,1564,78,422,785,363,29,1564,16,4,25.0,12,75.0,864,3809,2242,44,45,2,19,10,943,117,Matches,2018-2019
106,Tom Davies,eng ENG,MF,Everton,20,1998,10.9,646,11,99,394,157,12,646,17,13,76.5,4,23.5,395,1727,781,11,13,5,27,8,419,20,Matches,2018-2019
107,Steven Davis,nir NIR,MF,Southampton,33,1985,1.1,81,3,16,57,8,1,81,0,0,,0,,45,227,90,1,1,0,1,0,52,1,Matches,2018-2019
108,Kevin De Bruyne,be BEL,MF,Manchester City,27,1991,10.8,963,7,62,421,490,41,963,27,19,70.4,8,29.6,652,3319,2002,50,41,9,23,13,727,88,Matches,2018-2019
109,Troy Deeney,eng ENG,FW,Watford,30,1988,28.3,1165,34,108,561,502,133,1164,20,6,30.0,14,70.0,544,1821,760,23,19,12,61,35,850,161,Matches,2018-2019
110,Jermain Defoe,eng ENG,FW,Bournemouth,35,1982,0.3,5,0,0,1,4,4,5,0,0,,0,,0,0,0,0,0,0,1,0,0,0,Matches,2018-2019
111,Steven Defour,be BEL,MF,Burnley,30,1988,5.0,291,8,52,212,30,0,291,3,1,33.3,2,66.7,130,759,389,6,5,0,1,1,190,3,Matches,2018-2019
112,Fabian Delph,eng ENG,DF,Manchester City,28,1989,8.1,845,20,123,555,168,1,845,9,8,88.9,1,11.1,605,2399,1235,20,25,1,10,1,615,23,Matches,2018-2019
113,Mousa Dembélé,be BEL,MF,Tottenham,31,1987,5.7,357,13,67,267,26,0,357,8,7,87.5,1,12.5,222,1159,502,7,5,0,9,7,241,9,Matches,2018-2019
114,Leander Dendoncker,be BEL,MF,Wolves,23,1995,16.3,816,45,201,433,186,33,816,12,12,100.0,0,0.0,314,1366,550,15,10,5,17,7,477,31,Matches,2018-2019
115,Laurent Depoitre,be BEL,FW,Huddersfield,29,1988,11.9,428,13,23,190,219,66,428,15,5,33.3,10,66.7,196,872,296,10,5,5,41,31,328,72,Matches,2018-2019
116,Gerard Deulofeu,es ESP,"FW,MF",Watford,24,1994,23.0,1072,4,60,405,626,127,1072,89,47,52.8,42,47.2,755,5413,2665,100,70,54,67,60,777,193,Matches,2018-2019
117,Fousseni Diabaté,ml MLI,FW,Leicester City,22,1995,0.6,21,0,6,10,5,0,21,0,0,,0,,12,53,32,0,0,0,1,0,14,5,Matches,2018-2019
118,Adama Diakhaby,fr FRA,"FW,MF",Huddersfield,22,1996,6.1,231,2,28,95,115,18,231,21,12,57.1,9,42.9,171,1209,654,22,15,9,17,22,188,57,Matches,2018-2019
119,Mohamed Diamé,sn SEN,MF,Newcastle Utd,31,1987,24.1,1050,47,276,614,169,16,1050,29,16,55.2,13,44.8,449,1924,950,17,16,3,31,38,562,15,Matches,2018-2019
120,Grady Diangana,cd COD,"MF,FW",West Ham,20,1998,6.8,384,8,59,179,158,30,384,38,21,55.3,17,44.7,210,1378,642,20,14,13,28,19,255,72,Matches,2018-2019
121,Eric Dier,eng ENG,"MF,DF",Tottenham,24,1994,16.7,1253,63,363,785,110,14,1253,7,2,28.6,5,71.4,771,3469,1716,18,19,2,12,9,905,7,Matches,2018-2019
122,Lucas Digne,fr FRA,DF,Everton,25,1993,32.9,2503,119,649,1020,858,32,2503,30,14,46.7,16,53.3,1093,5214,2699,82,59,5,31,30,1200,221,Matches,2018-2019
123,Issa Diop,fr FRA,DF,West Ham,21,1997,33.0,1540,210,764,766,22,17,1540,9,6,66.7,3,33.3,679,3927,2369,9,5,0,13,1,796,2,Matches,2018-2019
124,Matt Doherty,ie IRL,"DF,MF",Wolves,26,1992,34.9,2288,116,544,984,774,103,2288,49,20,40.8,29,59.2,904,4601,2688,80,45,19,44,23,1264,221,Matches,2018-2019
125,Abdoulaye Doucouré,ml MLI,MF,Watford,25,1993,34.0,2320,62,432,1390,521,78,2320,55,32,58.2,23,41.8,1448,6612,3319,58,49,12,59,41,1556,83,Matches,2018-2019
126,Luke Dreher,eng ENG,FW,Crystal Palace,19,1998,0.0,3,0,0,1,2,0,3,0,0,,0,,2,17,15,0,0,0,0,0,3,0,Matches,2018-2019
127,Martin Dúbravka,sk SVK,GK,Newcastle Utd,29,1989,38.0,1254,1046,1245,9,0,0,1254,1,1,100.0,0,0.0,618,4513,2991,0,1,0,0,0,436,0,Matches,2018-2019
128,Shane Duffy,ie IRL,DF,Brighton,26,1992,34.3,1775,359,1039,635,110,74,1775,5,5,100.0,0,0.0,734,3061,1423,1,4,0,17,2,919,11,Matches,2018-2019
129,Demeaco Duhaney,eng ENG,DF,Huddersfield,19,1998,0.5,38,2,8,20,10,0,38,2,0,0.0,2,100.0,20,63,29,1,1,0,2,0,21,1,Matches,2018-2019
130,Paul Dummett,wls WAL,DF,Newcastle Utd,26,1991,22.1,1173,114,514,502,164,6,1173,3,2,66.7,1,33.3,404,1515,866,10,8,1,10,1,553,16,Matches,2018-2019
131,Lewis Dunk,eng ENG,DF,Brighton,26,1991,35.0,1927,295,1034,839,74,44,1927,4,0,0.0,4,100.0,892,4521,2321,16,11,0,16,3,1056,6,Matches,2018-2019
132,Erik Durm,de GER,DF,Huddersfield,26,1992,22.8,1306,51,345,576,400,22,1306,21,12,57.1,9,42.9,564,2938,1359,42,26,8,33,14,636,106,Matches,2018-2019
133,Bruno Ecuele Manga,ga GAB,DF,Cardiff City,30,1988,37.5,1529,235,639,740,171,18,1529,14,10,71.4,4,28.6,549,2727,1236,18,14,1,21,13,469,19,Matches,2018-2019
134,Ederson,br BRA,GK,Manchester City,24,1993,38.0,1162,979,1145,19,0,0,1162,1,1,100.0,0,0.0,722,3390,2379,0,0,0,1,0,621,0,Matches,2018-2019
135,Harvey Elliott,eng ENG,MF,Fulham,15,2003,0.2,15,0,0,7,8,1,15,0,0,,0,,9,71,30,1,0,0,2,0,11,2,Matches,2018-2019
136,Mohamed Elneny,eg EGY,MF,Arsenal,26,1992,4.2,335,14,93,186,57,5,335,3,1,33.3,2,66.7,192,979,512,4,5,0,6,3,254,4,Matches,2018-2019
137,Mohamed Elyounoussi,no NOR,MF,Southampton,23,1994,8.8,379,3,49,156,182,26,379,20,11,55.0,9,45.0,194,1449,696,20,23,4,15,8,230,54,Matches,2018-2019
138,Christian Eriksen,dk DEN,MF,Tottenham,26,1992,30.8,2305,17,234,1228,861,67,2305,36,18,50.0,18,50.0,1442,6502,3354,78,84,16,61,29,1680,132,Matches,2018-2019
139,Neil Etheridge,ph PHI,GK,Cardiff City,28,1990,38.0,1326,1021,1286,40,0,0,1326,0,0,,0,,505,4732,3412,0,0,0,1,0,398,0,Matches,2018-2019
140,Jonny Evans,nir NIR,DF,Leicester City,30,1988,22.2,1316,182,756,522,43,26,1316,0,0,,0,,703,3036,1566,4,5,1,8,4,737,3,Matches,2018-2019
141,Łukasz Fabiański,pl POL,GK,West Ham,33,1985,38.0,1336,1175,1334,2,0,0,1336,2,2,100.0,0,0.0,617,4750,3364,0,1,0,0,0,409,0,Matches,2018-2019
142,Fabinho,br BRA,MF,Liverpool,24,1993,22.4,1847,49,279,1306,276,19,1847,16,10,62.5,6,37.5,1141,5444,2839,28,41,0,10,16,1334,19,Matches,2018-2019
143,Cesc Fàbregas,es ESP,MF,Chelsea,31,1987,2.0,216,4,44,131,42,6,216,1,0,0.0,1,100.0,116,590,366,3,3,0,2,2,177,9,Matches,2018-2019
144,Fabricio,es ESP,GK,Fulham,30,1987,2.0,75,71,75,0,0,0,75,0,0,,0,,25,182,120,0,0,0,0,0,23,0,Matches,2018-2019
145,Marouane Fellaini,be BEL,MF,Manchester Utd,30,1987,8.4,548,40,122,328,100,27,548,4,1,25.0,3,75.0,236,646,238,1,6,0,10,8,376,29,Matches,2018-2019
146,Kiko Femenía,es ESP,DF,Watford,27,1991,22.8,1404,89,388,634,398,19,1404,22,13,59.1,9,40.9,769,3394,1737,41,32,1,20,11,774,84,Matches,2018-2019
147,Federico Fernández,ar ARG,DF,Newcastle Utd,29,1989,16.5,812,122,439,352,27,18,812,0,0,,0,,369,1664,790,2,3,0,7,4,433,3,Matches,2018-2019
148,Fernandinho,br BRA,MF,Manchester City,33,1985,26.4,2356,92,422,1570,386,24,2356,26,19,73.1,7,26.9,1610,8163,4720,58,66,2,25,13,1766,29,Matches,2018-2019
149,Roberto Firmino,br BRA,"FW,MF",Liverpool,26,1991,29.0,1629,19,89,788,764,149,1628,71,49,69.0,22,31.0,1079,5225,2391,62,54,13,78,62,1313,244,Matches,2018-2019
150,Phil Foden,eng ENG,MF,Manchester City,18,2000,3.7,279,1,16,134,132,27,279,11,8,72.7,3,27.3,208,1072,588,23,9,9,4,5,232,35,Matches,2018-2019
151,Fraser Forster,eng ENG,GK,Southampton,30,1988,1.0,27,24,27,0,0,0,27,0,0,,0,,10,58,35,0,0,0,0,0,7,0,Matches,2018-2019
152,Ben Foster,eng ENG,GK,Watford,35,1983,38.0,1391,1076,1362,30,1,0,1391,0,0,,0,,603,4371,3249,0,0,0,1,0,423,0,Matches,2018-2019
153,Timothy Fosu-Mensah,nl NED,DF,Fulham,20,1998,8.8,563,39,176,280,111,8,563,12,8,66.7,4,33.3,241,1477,909,22,24,4,5,4,363,43,Matches,2018-2019
154,Juan Foyth,ar ARG,DF,Tottenham,20,1998,9.9,738,79,309,394,44,7,738,22,19,86.4,3,13.6,478,2375,1404,8,6,1,11,9,482,3,Matches,2018-2019
155,Simon Francis,eng ENG,DF,Bournemouth,33,1985,13.7,977,88,356,437,191,11,977,9,5,55.6,4,44.4,507,2187,1077,18,14,0,14,7,540,35,Matches,2018-2019
156,Ryan Fraser,sct SCO,"MF,FW",Bournemouth,24,1994,35.2,1768,33,236,666,895,99,1768,53,24,45.3,29,54.7,1204,6539,3443,119,73,28,52,27,1243,279,Matches,2018-2019
157,Fred,br BRA,MF,Manchester Utd,25,1993,11.6,937,22,176,622,148,10,937,16,10,62.5,6,37.5,558,2733,1399,18,20,5,21,18,658,21,Matches,2018-2019
158,Ryan Fredericks,eng ENG,DF,West Ham,25,1992,12.1,704,68,234,314,158,15,704,21,12,57.1,9,42.9,281,1524,941,30,19,7,9,2,357,37,Matches,2018-2019
159,Christian Fuchs,at AUT,DF,Leicester City,32,1986,2.3,183,7,51,70,64,2,183,1,1,100.0,0,0.0,99,334,202,3,5,0,4,1,105,24,Matches,2018-2019
160,Manolo Gabbiadini,it ITA,"FW,MF",Southampton,26,1991,5.3,191,5,24,84,85,17,191,8,2,25.0,6,75.0,89,396,147,5,7,0,5,3,127,25,Matches,2018-2019
161,Sam Gallagher,eng ENG,FW,Southampton,22,1995,0.4,13,2,5,4,4,0,13,0,0,,0,,5,26,13,0,0,0,1,2,9,1,Matches,2018-2019
162,Idrissa Gana Gueye,sn SEN,MF,Everton,28,1989,31.4,2147,82,477,1371,333,18,2147,31,23,74.2,8,25.8,1225,6372,3017,40,43,5,32,29,1291,30,Matches,2018-2019
163,James Garner,eng ENG,MF,Manchester Utd,17,2001,0.0,1,0,1,0,0,0,1,0,0,,0,,1,3,2,0,0,0,0,0,0,0,Matches,2018-2019
164,Paulo Gazzaniga,ar ARG,GK,Tottenham,26,1992,3.0,113,103,112,1,0,0,113,0,0,,0,,64,303,208,0,0,0,1,0,55,0,Matches,2018-2019
165,David de Gea,es ESP,GK,Manchester Utd,27,1990,38.0,1179,1095,1177,2,0,0,1179,0,0,,0,,519,3614,2699,0,0,0,1,0,423,0,Matches,2018-2019
166,Rachid Ghezzal,dz ALG,"FW,MF",Leicester City,26,1992,8.3,574,5,49,258,276,25,574,29,19,65.5,10,34.5,376,2209,1174,36,29,9,22,21,408,77,Matches,2018-2019
167,Morgan Gibbs-White,eng ENG,"MF,FW",Wolves,18,2000,7.4,411,2,58,232,125,14,411,19,12,63.2,7,36.8,235,1248,565,13,8,1,24,16,306,47,Matches,2018-2019
168,Ben Gibson,eng ENG,DF,Burnley,25,1993,0.7,38,3,13,23,2,1,38,0,0,,0,,20,82,51,0,0,0,0,0,23,0,Matches,2018-2019
169,Olivier Giroud,fr FRA,FW,Chelsea,31,1986,9.4,355,9,17,148,192,74,355,5,2,40.0,3,60.0,144,336,118,3,3,0,22,6,295,75,Matches,2018-2019
170,André Gomes,pt POR,MF,Everton,25,1993,22.0,1438,43,278,920,265,23,1438,55,40,72.7,15,27.3,901,5051,2227,49,36,3,34,50,1012,22,Matches,2018-2019
171,Angel Gomes,eng ENG,"MF,FW",Manchester Utd,17,2000,0.3,26,0,3,11,12,1,26,0,0,,0,,18,92,61,2,2,1,0,1,21,3,Matches,2018-2019
172,Joe Gomez,eng ENG,DF,Liverpool,21,1997,11.8,940,55,337,561,49,8,940,5,4,80.0,1,20.0,608,2662,1410,6,2,0,10,2,637,13,Matches,2018-2019
173,Jon Gorenc Stanković,si SVN,"MF,DF",Huddersfield,22,1996,7.9,394,38,177,193,29,8,394,2,1,50.0,1,50.0,186,804,423,5,1,0,7,1,208,4,Matches,2018-2019
174,Dan Gosling,eng ENG,MF,Bournemouth,28,1990,19.3,1206,60,314,717,189,20,1206,20,12,60.0,8,40.0,698,2644,1228,7,18,2,19,21,763,23,Matches,2018-2019
175,Karlan Grant,eng ENG,FW,Huddersfield,20,1997,9.7,320,4,21,137,170,33,320,26,12,46.2,14,53.8,194,1521,643,22,20,11,28,24,231,51,Matches,2018-2019
176,Andre Gray,jm JAM,FW,Watford,27,1991,15.2,396,4,25,146,228,83,396,23,8,34.8,15,65.2,281,1132,411,21,5,13,55,20,311,96,Matches,2018-2019
177,Demarai Gray,jm JAM,"FW,MF",Leicester City,22,1996,22.1,969,18,118,403,463,82,969,73,42,57.5,31,42.5,688,4576,2102,73,38,37,58,38,704,180,Matches,2018-2019
178,Mason Greenwood,eng ENG,FW,Manchester Utd,16,2001,1.3,84,2,7,28,50,14,84,6,3,50.0,3,50.0,52,404,239,8,5,6,3,3,65,18,Matches,2018-2019
179,Pascal Groß,de GER,"MF,FW",Brighton,27,1991,20.7,1148,30,151,582,425,37,1147,7,4,57.1,3,42.9,600,2777,1311,26,29,4,34,21,738,106,Matches,2018-2019
180,Vicente Guaita,es ESP,GK,Crystal Palace,31,1987,19.5,631,548,627,4,0,0,631,0,0,,0,,278,1911,1581,0,0,0,0,0,175,0,Matches,2018-2019
181,Mattéo Guendouzi,fr FRA,MF,Arsenal,19,1999,23.9,1836,42,337,1152,362,14,1836,32,23,71.9,9,28.1,1223,8161,4177,71,49,5,30,31,1389,50,Matches,2018-2019
182,İlkay Gündoğan,de GER,MF,Manchester City,27,1990,23.7,2295,38,217,1362,736,46,2295,24,19,79.2,5,20.8,1529,7777,4408,82,82,5,28,15,1815,91,Matches,2018-2019
183,Angus Gunn,sct SCO,GK,Southampton,22,1996,12.0,338,261,333,5,0,0,338,1,0,0.0,1,100.0,139,1050,767,0,1,0,0,0,93,0,Matches,2018-2019
184,Aron Gunnarsson,is ISL,MF,Cardiff City,29,1989,25.2,1192,70,293,611,297,22,1192,13,11,84.6,2,15.4,347,1512,672,10,16,2,26,7,412,12,Matches,2018-2019
185,Florent Hadergjonaj,xk KVX,"DF,MF",Huddersfield,24,1994,20.5,1146,34,261,517,381,12,1146,22,10,45.5,12,54.5,521,2655,1316,47,37,4,22,3,665,106,Matches,2018-2019
186,Ben Hamer,eng ENG,GK,Huddersfield,30,1987,6.1,224,202,224,0,0,0,224,0,0,,0,,106,669,435,0,0,0,1,0,84,0,Matches,2018-2019
187,Kadeem Harris,eng ENG,MF,Cardiff City,25,1993,4.2,169,3,18,49,102,12,169,16,7,43.8,9,56.3,103,852,427,15,8,5,13,7,113,34,Matches,2018-2019
188,Joe Hart,eng ENG,GK,Burnley,31,1987,19.0,685,549,648,38,0,0,685,0,0,,0,,218,2005,1597,1,0,0,1,0,185,0,Matches,2018-2019
189,Isaac Hayden,eng ENG,MF,Newcastle Utd,23,1995,20.7,1009,46,203,598,212,25,1009,16,12,75.0,4,25.0,371,1233,456,10,11,4,33,24,507,38,Matches,2018-2019
190,Eden Hazard,be BEL,FW,Chelsea,27,1991,32.5,2358,4,103,723,1568,223,2354,204,137,67.2,67,32.8,1728,14153,7651,276,177,108,87,85,2026,439,Matches,2018-2019
191,Rhys Healey,wls WAL,FW,Cardiff City,23,1994,0.6,21,0,3,2,16,2,21,2,1,50.0,1,50.0,11,77,15,2,0,1,3,2,12,7,Matches,2018-2019
192,Tom Heaton,eng ENG,GK,Burnley,32,1986,19.0,636,495,602,34,1,1,636,1,1,100.0,0,0.0,254,1956,1509,0,0,0,0,0,180,0,Matches,2018-2019
193,Jordan Henderson,eng ENG,MF,Liverpool,28,1990,22.1,2002,35,279,1364,370,32,2002,14,7,50.0,7,50.0,1358,5566,2505,36,28,2,21,8,1486,59,Matches,2018-2019
194,Jeff Hendrick,ie IRL,"MF,FW",Burnley,26,1992,22.9,891,40,169,437,292,43,891,28,12,42.9,16,57.1,417,2013,930,18,20,3,31,28,536,78,Matches,2018-2019
195,Wayne Hennessey,wls WAL,GK,Crystal Palace,31,1987,17.5,558,466,537,21,0,0,558,0,0,,0,,228,1439,1051,0,0,0,1,0,167,0,Matches,2018-2019
196,Javier Hernández,mx MEX,FW,West Ham,30,1988,14.8,453,9,24,239,191,52,453,23,13,56.5,10,43.5,273,1048,428,10,6,3,29,10,374,83,Matches,2018-2019
197,Ander Herrera,es ESP,MF,Manchester Utd,28,1989,15.6,1205,50,249,736,232,20,1205,17,12,70.6,5,29.4,594,2617,1301,21,18,3,13,9,829,30,Matches,2018-2019
198,Son Heung-min,kr KOR,"FW,MF",Tottenham,26,1992,22.7,1076,7,74,405,611,118,1076,84,48,57.1,36,42.9,770,5278,2549,105,64,59,60,43,841,201,Matches,2018-2019
199,Gonzalo Higuaín,ar ARG,FW,Chelsea,30,1987,12.1,428,7,24,148,259,54,428,21,9,42.9,12,57.1,272,1415,394,12,11,6,19,20,364,92,Matches,2018-2019
200,Wesley Hoedt,nl NED,DF,Southampton,24,1994,13.0,800,87,366,420,19,7,800,7,6,85.7,1,14.3,345,1823,1107,6,3,0,2,5,449,0,Matches,2018-2019
201,Jonathan Hogg,eng ENG,MF,Huddersfield,29,1988,26.3,1835,46,365,1202,287,12,1835,11,9,81.8,2,18.2,905,3834,1489,10,21,1,32,19,1088,34,Matches,2018-2019
202,Junior Hoilett,ca CAN,"MF,FW",Cardiff City,28,1990,23.8,852,34,207,254,406,57,852,62,23,37.1,39,62.9,482,3836,1697,54,34,18,51,39,475,125,Matches,2018-2019
203,Rob Holding,eng ENG,DF,Arsenal,22,1995,9.0,710,73,365,327,20,4,710,5,3,60.0,2,40.0,453,2140,1188,4,5,0,4,2,512,2,Matches,2018-2019
204,José Holebas,gr GRE,DF,Watford,34,1984,26.6,1654,106,482,650,541,23,1654,45,22,48.9,23,51.1,574,3068,1502,44,30,12,28,24,600,58,Matches,2018-2019
205,Mason Holgate,eng ENG,DF,Everton,21,1996,4.5,298,28,107,189,4,1,298,2,2,100.0,0,0.0,184,1182,826,2,2,0,1,2,187,0,Matches,2018-2019
206,Callum Hudson-Odoi,eng ENG,FW,Chelsea,17,2000,4.4,283,5,35,101,151,23,283,17,12,70.6,5,29.4,197,1283,669,20,8,8,11,7,231,59,Matches,2018-2019
207,Will Hughes,eng ENG,MF,Watford,23,1995,26.9,1377,44,230,652,509,79,1377,42,27,64.3,15,35.7,837,3627,1788,50,44,11,59,52,892,134,Matches,2018-2019
208,Emerson Hyndman,us USA,MF,Bournemouth,22,1996,0.4,29,0,12,11,6,0,29,0,0,,0,,16,60,29,0,0,0,1,1,17,0,Matches,2018-2019
209,Pierre Højbjerg,dk DEN,MF,Southampton,22,1995,30.7,2226,51,324,1504,432,41,2226,36,23,63.9,13,36.1,1179,6256,2797,43,44,12,56,46,1407,73,Matches,2018-2019
210,Jordon Ibe,eng ENG,"MF,DF",Bournemouth,22,1995,8.9,387,9,50,136,211,27,387,52,26,50.0,26,50.0,294,2494,1362,56,35,14,22,17,285,47,Matches,2018-2019
211,Vicente Iborra,es ESP,MF,Leicester City,30,1988,2.5,165,4,37,100,29,3,165,0,0,,0,,99,378,163,1,1,0,0,4,114,2,Matches,2018-2019
212,Kelechi Iheanacho,ng NGA,"FW,MF",Leicester City,21,1996,10.5,378,2,30,173,188,34,378,17,9,52.9,8,47.1,241,1135,479,13,11,8,29,20,299,63,Matches,2018-2019
213,Danny Ings,eng ENG,FW,Southampton,26,1992,18.3,647,9,50,301,303,83,644,37,20,54.1,17,45.9,371,1751,596,21,10,9,54,29,452,125,Matches,2018-2019
214,Alex Iwobi,ng NGA,"FW,MF",Arsenal,22,1996,21.9,1297,16,136,523,651,111,1297,85,46,54.1,39,45.9,895,6277,3756,132,82,52,69,56,1065,234,Matches,2018-2019
215,José Izquierdo,co COL,"MF,FW",Brighton,26,1992,8.8,313,11,71,114,135,24,313,24,13,54.2,11,45.8,205,1385,615,20,17,12,18,12,192,58,Matches,2018-2019
216,Phil Jagielka,eng ENG,DF,Everton,35,1982,3.7,225,23,114,104,7,6,225,0,0,,0,,99,430,198,0,0,0,2,0,124,0,Matches,2018-2019
217,Alireza Jahanbakhsh,ir IRN,"FW,MF",Brighton,24,1993,11.3,475,11,105,195,184,14,475,36,11,30.6,25,69.4,278,1550,741,14,17,1,27,21,284,56,Matches,2018-2019
218,Daryl Janmaat,nl NED,DF,Watford,29,1989,16.9,991,86,341,425,231,19,991,19,12,63.2,7,36.8,454,1975,1161,32,25,7,15,11,466,51,Matches,2018-2019
219,Vincent Janssen,nl NED,FW,Tottenham,24,1994,0.4,19,1,1,7,11,4,19,1,1,100.0,0,0.0,8,34,4,1,0,0,0,1,14,6,Matches,2018-2019
220,Carl Jenkinson,eng ENG,DF,Arsenal,26,1992,1.8,108,6,27,46,35,4,108,0,0,,0,,46,176,63,2,2,1,5,3,68,9,Matches,2018-2019
221,Gabriel Jesus,br BRA,FW,Manchester City,21,1997,11.5,535,4,33,205,306,95,534,38,22,57.9,16,42.1,382,1827,881,35,23,17,32,29,423,128,Matches,2018-2019
222,Raúl Jiménez,mx MEX,FW,Wolves,27,1991,34.6,1528,44,158,772,618,171,1526,69,34,49.3,35,50.7,862,4728,1938,76,43,35,95,68,1118,236,Matches,2018-2019
223,Stefan Johansen,no NOR,MF,Fulham,27,1991,4.6,299,11,54,189,58,3,299,3,2,66.7,1,33.3,135,758,272,3,3,0,7,2,196,15,Matches,2018-2019
224,Ben Johnson,eng ENG,DF,West Ham,18,2000,0.7,33,3,18,11,4,0,33,2,0,0.0,2,100.0,10,63,4,0,1,0,1,0,13,1,Matches,2018-2019
225,Tyreke Johnson,eng ENG,MF,Southampton,19,1998,0.0,0,0,0,0,0,0,0,0,0,,0,,0,0,0,0,0,0,0,0,0,0,Matches,2018-2019
226,Phil Jones,eng ENG,DF,Manchester Utd,26,1992,14.0,913,92,481,407,27,6,913,3,3,100.0,0,0.0,469,2251,1243,11,8,1,9,2,570,2,Matches,2018-2019
227,Jorginho,it ITA,MF,Chelsea,26,1991,35.1,3451,106,724,2109,636,4,3450,27,15,55.6,12,44.4,1921,7795,4278,30,72,0,32,31,2697,46,Matches,2018-2019
228,Joselu,es ESP,FW,Newcastle Utd,28,1990,6.6,295,15,29,169,97,26,295,5,1,20.0,4,80.0,108,341,87,4,3,3,17,16,217,28,Matches,2018-2019
229,Diogo Jota,pt POR,"FW,MF",Wolves,21,1996,26.2,1131,13,101,534,524,120,1131,119,57,47.9,62,52.1,685,6068,3135,125,94,47,75,48,840,182,Matches,2018-2019
230,Mathias Jørgensen,dk DEN,DF,Huddersfield,28,1990,23.9,1445,104,666,735,51,23,1445,4,3,75.0,1,25.0,722,3283,2022,21,7,1,7,6,802,6,Matches,2018-2019
231,Christian Kabasele,be BEL,DF,Watford,27,1991,17.6,783,120,404,354,27,17,783,1,0,0.0,1,100.0,354,1496,665,1,0,0,6,0,391,1,Matches,2018-2019
232,Elias Kachunga,cd COD,"FW,MF",Huddersfield,26,1992,13.1,452,12,72,201,185,23,452,26,10,38.5,16,61.5,249,1656,666,29,19,6,21,20,299,66,Matches,2018-2019
233,Aboubakar Kamara,mr MTN,FW,Fulham,23,1995,7.7,352,5,35,108,210,33,350,20,12,60.0,8,40.0,187,1450,639,24,19,12,23,13,248,93,Matches,2018-2019
234,Harry Kane,eng ENG,FW,Tottenham,25,1993,26.9,903,18,37,407,471,142,899,82,40,48.8,42,51.2,625,3718,1478,59,47,32,80,44,723,194,Matches,2018-2019
235,N'Golo Kanté,fr FRA,MF,Chelsea,27,1991,34.4,2431,44,372,1214,865,68,2431,57,32,56.1,25,43.9,1317,7203,3759,82,92,9,56,54,1769,159,Matches,2018-2019
236,Beram Kayal,il ISR,MF,Brighton,30,1988,10.4,415,47,138,225,64,9,415,20,11,55.0,9,45.0,193,1146,564,16,12,0,14,10,198,11,Matches,2018-2019
237,Michael Keane,eng ENG,DF,Everton,25,1993,33.0,1974,243,1029,876,77,47,1974,7,6,85.7,1,14.3,994,5048,3003,11,6,0,10,4,1130,2,Matches,2018-2019
238,Neeskens Kebano,cd COD,"FW,MF",Fulham,26,1992,1.2,47,3,5,19,26,2,47,5,4,80.0,1,20.0,29,245,146,6,3,1,6,3,31,17,Matches,2018-2019
239,Naby Keïta,gn GUI,"MF,FW",Liverpool,23,1995,15.4,1226,29,122,738,385,49,1226,43,24,55.8,19,44.2,847,5298,2959,68,78,10,35,29,951,79,Matches,2018-2019
240,Martin Kelly,eng ENG,DF,Crystal Palace,28,1990,12.3,513,104,308,196,13,6,513,1,0,0.0,1,100.0,207,1179,785,4,2,0,5,1,248,1,Matches,2018-2019
241,Kenedy,br BRA,"MF,DF",Newcastle Utd,22,1996,15.0,761,20,164,355,251,25,760,55,30,54.5,25,45.5,424,2762,1152,30,23,8,42,40,419,66,Matches,2018-2019
242,Jonjoe Kenny,eng ENG,DF,Everton,21,1997,8.8,692,37,188,322,186,4,692,10,5,50.0,5,50.0,312,1231,645,16,13,1,7,9,331,35,Matches,2018-2019
243,Max Kilman,eng ENG,DF,Wolves,21,1997,0.0,0,0,0,0,0,0,0,0,0,,0,,0,0,0,0,0,0,0,0,0,0,Matches,2018-2019
244,Joshua King,no NOR,"FW,MF",Bournemouth,26,1992,32.9,1289,26,142,563,626,160,1283,126,65,51.6,61,48.4,926,7079,3563,131,87,46,113,96,983,248,Matches,2018-2019
245,Anthony Knockaert,fr FRA,"MF,FW",Brighton,26,1991,20.4,960,16,173,404,410,50,960,64,31,48.4,33,51.6,568,3891,1758,56,31,19,52,31,595,119,Matches,2018-2019
246,Sead Kolašinac,ba BIH,"DF,MF",Arsenal,25,1993,21.0,1416,40,330,602,492,79,1416,24,13,54.2,11,45.8,658,3388,2102,74,38,24,31,17,862,179,Matches,2018-2019
247,Vincent Kompany,be BEL,DF,Manchester City,32,1986,13.6,1349,88,462,848,42,10,1349,4,3,75.0,1,25.0,905,4951,2821,17,15,0,5,0,1069,3,Matches,2018-2019
248,Terence Kongolo,nl NED,DF,Huddersfield,24,1994,30.2,1634,138,748,724,175,30,1634,18,10,55.6,8,44.4,762,3209,1869,25,23,4,17,4,919,42,Matches,2018-2019
249,Laurent Koscielny,fr FRA,DF,Arsenal,32,1985,14.8,1056,130,548,494,23,12,1056,1,1,100.0,0,0.0,569,3249,1690,8,2,0,4,3,698,3,Matches,2018-2019
250,Cheikhou Kouyaté,sn SEN,MF,Crystal Palace,28,1989,21.1,1021,49,236,593,205,35,1021,23,12,52.2,11,47.8,435,2438,1188,19,13,6,24,22,574,31,Matches,2018-2019
251,Mateo Kovačić,hr CRO,MF,Chelsea,24,1994,19.3,1699,25,196,977,546,29,1699,55,42,76.4,13,23.6,1110,6040,3061,59,71,5,26,38,1405,66,Matches,2018-2019
252,Rajiv van La Parra,nl NED,"FW,MF",Huddersfield,27,1991,4.5,176,4,19,88,74,9,176,17,7,41.2,10,58.8,124,1127,502,19,15,3,11,21,128,18,Matches,2018-2019
253,Alexandre Lacazette,fr FRA,FW,Arsenal,27,1991,27.8,1149,32,92,433,639,178,1149,69,46,66.7,23,33.3,649,3180,1197,45,30,22,69,61,886,265,Matches,2018-2019
254,Adam Lallana,eng ENG,"MF,FW",Liverpool,30,1988,5.2,384,4,39,182,163,26,384,11,8,72.7,3,27.3,243,1061,519,18,9,5,10,10,282,39,Matches,2018-2019
255,Érik Lamela,ar ARG,"MF,FW",Tottenham,26,1992,10.8,586,4,51,248,297,56,586,34,20,58.8,14,41.2,396,2303,1023,34,29,15,29,20,427,95,Matches,2018-2019
256,Manuel Lanzini,ar ARG,MF,West Ham,25,1993,7.6,538,6,46,345,156,18,538,18,13,72.2,5,27.8,350,1998,1012,22,25,5,15,12,435,28,Matches,2018-2019
257,Aymeric Laporte,es ESP,DF,Manchester City,24,1994,34.0,3319,177,985,2151,191,31,3319,6,3,50.0,3,50.0,2510,14137,10671,94,81,1,11,2,2617,9,Matches,2018-2019
258,Jamaal Lascelles,eng ENG,DF,Newcastle Utd,24,1993,30.5,1497,272,901,546,58,32,1497,1,1,100.0,0,0.0,544,2567,967,5,5,2,9,5,702,9,Matches,2018-2019
259,Maxime Le Marchand,fr FRA,DF,Fulham,28,1989,25.0,1794,195,879,813,109,18,1794,15,10,66.7,5,33.3,740,3671,2128,16,16,1,11,6,1059,15,Matches,2018-2019
260,Florian Lejeune,fr FRA,DF,Newcastle Utd,27,1991,11.7,710,79,342,330,42,13,710,4,3,75.0,1,25.0,327,1615,808,9,5,0,9,0,404,8,Matches,2018-2019
261,Mario Lemina,ga GAB,MF,Southampton,24,1993,17.9,1069,51,214,652,212,22,1069,35,23,65.7,12,34.3,557,3664,1937,41,41,3,26,31,685,29,Matches,2018-2019
262,Aaron Lennon,eng ENG,MF,Burnley,31,1987,13.5,431,22,75,201,159,21,431,15,7,46.7,8,53.3,201,1162,522,21,5,6,15,13,261,55,Matches,2018-2019
263,Bernd Leno,de GER,GK,Arsenal,26,1992,31.5,1188,1035,1181,7,0,0,1188,0,0,,0,,605,3693,2501,0,0,0,0,1,514,0,Matches,2018-2019
264,Jefferson Lerma,co COL,MF,Bournemouth,23,1994,27.8,1900,137,552,1102,260,15,1900,29,20,69.0,9,31.0,1172,4977,2170,17,30,2,25,20,1166,17,Matches,2018-2019
265,Stephan Lichtsteiner,ch SUI,DF,Arsenal,34,1984,10.4,687,28,208,313,169,11,687,7,4,57.1,3,42.9,326,1770,978,24,20,1,13,13,435,48,Matches,2018-2019
266,Victor Lindelöf,se SWE,DF,Manchester Utd,24,1994,28.9,1762,179,840,893,38,14,1762,8,8,100.0,0,0.0,1009,5455,3181,14,9,0,11,3,1146,2,Matches,2018-2019
267,Jesse Lingard,eng ENG,"FW,MF",Manchester Utd,25,1992,18.5,979,11,72,503,415,49,978,29,13,44.8,16,55.2,542,2997,1414,41,51,5,42,20,758,109,Matches,2018-2019
268,Fernando Llorente,es ESP,FW,Tottenham,33,1985,7.7,319,13,24,126,170,55,319,5,5,100.0,0,0.0,156,416,112,3,1,2,27,12,249,72,Matches,2018-2019
269,Hugo Lloris,fr FRA,GK,Tottenham,31,1986,33.0,1282,1157,1276,7,0,0,1282,0,0,,0,,736,3483,2066,0,1,1,2,0,642,0,Matches,2018-2019
270,Jürgen Locadia,cw CUW,"FW,MF",Brighton,24,1993,13.7,487,14,79,203,212,45,487,8,5,62.5,3,37.5,275,1334,508,17,11,8,42,16,343,104,Matches,2018-2019
271,Ruben Loftus-Cheek,eng ENG,"MF,FW",Chelsea,22,1996,11.1,783,10,93,366,341,54,783,64,41,64.1,23,35.9,502,3122,1761,52,31,10,25,25,595,75,Matches,2018-2019
272,Kevin Long,ie IRL,DF,Burnley,27,1990,5.7,244,44,123,116,6,3,244,1,1,100.0,0,0.0,88,465,212,1,3,2,0,1,113,0,Matches,2018-2019
273,Shane Long,ie IRL,"FW,MF",Southampton,31,1987,14.1,509,19,36,214,262,60,509,12,4,33.3,8,66.7,241,970,376,13,10,7,51,23,397,98,Matches,2018-2019
274,Sean Longstaff,eng ENG,MF,Newcastle Utd,20,1997,7.6,375,12,73,257,46,3,375,6,5,83.3,1,16.7,158,776,270,2,2,0,4,6,197,6,Matches,2018-2019
275,Ademola Lookman,ng NGA,"FW,MF",Everton,20,1997,6.9,372,1,40,155,183,29,372,35,23,65.7,12,34.3,269,1739,850,34,19,11,18,25,280,52,Matches,2018-2019
276,Jonas Lössl,dk DEN,GK,Huddersfield,29,1989,30.9,1168,974,1158,8,3,2,1168,1,1,100.0,0,0.0,555,3161,2080,0,2,1,1,1,520,0,Matches,2018-2019
277,Dejan Lovren,hr CRO,DF,Liverpool,29,1989,11.0,941,61,434,493,16,8,941,1,0,0.0,1,100.0,574,2542,1553,2,2,0,3,1,659,2,Matches,2018-2019
278,Chris Löwe,de GER,"DF,MF",Huddersfield,29,1989,22.9,1299,52,354,568,396,18,1299,13,9,69.2,4,30.8,589,3151,1712,46,37,3,18,12,736,86,Matches,2018-2019
279,Matthew Lowton,eng ENG,DF,Burnley,29,1989,19.4,1148,103,349,545,267,6,1148,21,12,57.1,9,42.9,371,1641,987,18,26,1,6,11,459,38,Matches,2018-2019
280,David Luiz,br BRA,DF,Chelsea,31,1987,36.0,2984,230,1128,1745,141,33,2984,17,10,58.8,7,41.2,1950,13505,9076,54,49,2,14,3,2158,4,Matches,2018-2019
281,Romelu Lukaku,be BEL,FW,Manchester Utd,25,1993,23.7,780,24,43,329,410,116,780,40,21,52.5,19,47.5,432,2312,1029,44,19,22,51,46,627,200,Matches,2018-2019
282,James Maddison,eng ENG,"MF,FW",Leicester City,21,1996,31.5,1920,9,135,926,878,77,1918,73,50,68.5,23,31.5,1248,5758,2782,63,75,16,47,39,1368,148,Matches,2018-2019
283,Gary Madine,eng ENG,"FW,MF",Cardiff City,27,1990,0.4,16,0,1,6,9,3,16,0,0,,0,,9,45,1,0,0,0,1,2,12,4,Matches,2018-2019
284,Harry Maguire,eng ENG,DF,Leicester City,25,1993,28.8,2079,219,870,1071,165,63,2079,20,17,85.0,3,15.0,1303,8611,5168,53,41,2,23,7,1319,23,Matches,2018-2019
285,Riyad Mahrez,dz ALG,"FW,MF",Manchester City,27,1991,14.9,1059,3,62,413,594,89,1058,40,25,62.5,15,37.5,819,5412,2505,87,48,47,28,27,811,191,Matches,2018-2019
286,Ainsley Maitland-Niles,eng ENG,DF,Arsenal,20,1997,11.0,728,29,183,316,232,23,728,33,19,57.6,14,42.4,338,1948,1030,32,21,8,25,17,410,66,Matches,2018-2019
287,Sadio Mané,sn SEN,FW,Liverpool,26,1992,34.2,1641,17,130,664,869,190,1641,101,51,50.5,50,49.5,1231,7425,3515,121,87,48,104,48,1295,285,Matches,2018-2019
288,Javier Manquillo,es ESP,DF,Newcastle Utd,24,1994,12.2,673,47,229,263,190,6,673,11,5,45.5,6,54.5,252,1714,738,26,29,0,21,9,297,39,Matches,2018-2019
289,Solly March,eng ENG,"FW,MF",Brighton,24,1994,27.4,1281,42,241,444,611,47,1281,84,49,58.3,35,41.7,742,4583,2040,65,34,18,46,41,794,208,Matches,2018-2019
290,Adrian Mariappa,jm JAM,DF,Watford,31,1986,21.4,1122,135,599,500,26,12,1122,2,1,50.0,1,50.0,620,2098,1196,3,2,1,4,5,673,0,Matches,2018-2019
291,Lazar Marković,rs SRB,MF,Fulham,24,1994,0.5,37,1,4,22,11,1,37,1,1,100.0,0,0.0,17,108,30,1,2,0,2,2,32,7,Matches,2018-2019
292,Anthony Martial,fr FRA,FW,Manchester Utd,22,1995,18.0,955,9,67,370,530,123,954,65,32,49.2,33,50.8,619,4572,2898,109,66,53,47,33,800,205,Matches,2018-2019
293,Adam Masina,ma MAR,DF,Watford,24,1994,11.2,704,43,209,357,142,5,704,11,7,63.6,4,36.4,306,1107,527,10,13,0,12,2,323,13,Matches,2018-2019
294,Arthur Masuaku,cd COD,DF,West Ham,24,1993,19.5,1350,93,452,671,249,17,1350,50,36,72.0,14,28.0,670,4724,2739,69,47,12,23,27,727,53,Matches,2018-2019
295,Juan Mata,es ESP,"FW,MF",Manchester Utd,30,1988,14.3,862,8,88,425,354,45,862,17,10,58.8,7,41.2,498,2254,1010,24,19,4,14,19,658,96,Matches,2018-2019
296,Nemanja Matić,rs SRB,MF,Manchester Utd,29,1988,27.1,2111,101,496,1385,254,29,2111,19,18,94.7,1,5.3,1116,5801,3318,42,41,3,25,39,1426,13,Matches,2018-2019
297,Joël Matip,cm CMR,DF,Liverpool,26,1991,17.1,1545,90,595,893,64,19,1545,8,6,75.0,2,25.0,993,4858,3424,27,24,1,7,1,1080,2,Matches,2018-2019
298,Konstantinos Mavropanos,gr GRE,DF,Arsenal,20,1997,1.6,155,7,43,106,6,2,155,2,2,100.0,0,0.0,96,558,316,3,2,0,0,0,114,0,Matches,2018-2019
299,Alfie Mawson,eng ENG,DF,Fulham,24,1994,12.6,616,103,325,281,11,7,616,0,0,,0,,265,1262,682,1,2,0,7,0,329,0,Matches,2018-2019
300,Isaac Mbenza,be BEL,"FW,MF",Huddersfield,22,1996,11.0,363,6,55,152,159,14,363,15,5,33.3,10,66.7,231,1494,686,25,20,1,18,10,256,57,Matches,2018-2019
301,James McArthur,sct SCO,MF,Crystal Palace,30,1987,34.0,1874,78,442,1012,436,85,1874,31,20,64.5,11,35.5,933,4869,2156,42,27,17,54,36,1146,137,Matches,2018-2019
302,Alex McCarthy,eng ENG,GK,Southampton,28,1989,25.0,723,586,719,4,0,0,723,1,1,100.0,0,0.0,309,2098,1489,0,0,0,1,0,207,0,Matches,2018-2019
303,James McCarthy,ie IRL,MF,Everton,27,1990,0.2,10,0,2,7,1,0,10,0,0,,0,,4,19,8,0,0,0,0,0,4,0,Matches,2018-2019
304,Kevin McDonald,sct SCO,MF,Fulham,29,1988,9.3,650,30,177,427,50,2,650,0,0,,0,,272,1324,620,2,3,0,3,5,455,2,Matches,2018-2019
305,Dwight McNeil,eng ENG,MF,Burnley,18,1999,17.7,795,41,138,345,335,29,795,55,31,56.4,24,43.6,458,3701,1764,75,54,12,31,24,473,56,Matches,2018-2019
306,Scott McTominay,sct SCO,"MF,DF",Manchester Utd,21,1996,9.6,555,33,117,375,67,16,555,4,1,25.0,3,75.0,303,1821,906,8,3,2,14,7,385,12,Matches,2018-2019
307,Ben Mee,eng ENG,DF,Burnley,28,1989,38.0,1986,313,989,932,81,55,1986,9,8,88.9,1,11.1,810,3705,2153,9,6,2,16,5,953,9,Matches,2018-2019
308,Nathaniel Mendez-Laing,gt GUA,"MF,FW",Cardiff City,26,1992,10.9,456,21,100,172,196,48,455,42,29,69.0,13,31.0,243,2199,1100,46,28,21,25,20,269,69,Matches,2018-2019
309,Benjamin Mendy,fr FRA,DF,Manchester City,24,1994,10.0,894,18,141,435,326,10,894,16,9,56.3,7,43.8,573,2425,1439,48,28,3,9,11,601,59,Matches,2018-2019
310,Nampalys Mendy,sn SEN,MF,Leicester City,26,1992,23.2,1288,44,289,844,168,3,1288,24,16,66.7,8,33.3,819,3746,1817,16,21,0,30,15,871,19,Matches,2018-2019
311,Chris Mepham,wls WAL,DF,Bournemouth,20,1997,9.4,519,77,299,215,12,7,519,3,3,100.0,0,0.0,291,1659,971,7,0,0,5,2,289,1,Matches,2018-2019
312,Max Meyer,de GER,MF,Crystal Palace,22,1995,15.7,880,21,167,424,303,55,880,21,13,61.9,8,38.1,517,3096,1544,47,32,12,28,20,634,80,Matches,2018-2019
313,Luka Milivojević,rs SRB,MF,Crystal Palace,27,1991,38.0,2608,114,592,1567,471,23,2597,21,13,61.9,8,38.1,1113,5322,2581,32,16,2,27,19,1496,15,Matches,2018-2019
314,James Milner,eng ENG,"MF,DF",Liverpool,32,1986,19.9,1850,33,314,973,575,47,1847,20,15,75.0,5,25.0,1153,4421,2370,38,43,5,30,10,1252,139,Matches,2018-2019
315,Yerry Mina,co COL,DF,Everton,23,1994,9.9,607,77,323,265,21,12,607,0,0,,0,,356,1910,1189,7,1,0,6,2,379,3,Matches,2018-2019
316,Tyrone Mings,eng ENG,DF,Bournemouth,25,1993,1.6,120,13,56,58,8,1,120,2,2,100.0,0,0.0,72,289,119,2,3,0,2,1,67,1,Matches,2018-2019
317,Aleksandar Mitrović,rs SRB,FW,Fulham,23,1994,36.4,1512,63,114,818,588,153,1511,45,24,53.3,21,46.7,652,2784,994,28,30,17,112,97,1181,244,Matches,2018-2019
318,Henrikh Mkhitaryan,am ARM,"FW,MF",Arsenal,29,1989,18.2,1128,23,142,497,513,77,1128,52,20,38.5,32,61.5,579,3791,2033,68,40,13,50,25,782,144,Matches,2018-2019
319,Nacho Monreal,es ESP,DF,Arsenal,32,1986,20.7,1530,76,497,723,319,36,1530,13,7,53.8,6,46.2,743,3253,1768,32,25,2,10,3,996,95,Matches,2018-2019
320,Martín Montoya,es ESP,DF,Brighton,27,1991,24.1,1432,100,479,673,286,11,1432,23,12,52.2,11,47.8,635,3113,1661,35,27,3,21,9,705,36,Matches,2018-2019
321,Aaron Mooy,au AUS,"MF,FW",Huddersfield,27,1990,25.9,1697,28,207,893,627,31,1696,37,22,59.5,15,40.5,916,4656,2016,61,56,7,35,45,1082,94,Matches,2018-2019
322,Álvaro Morata,es ESP,FW,Chelsea,25,1992,10.5,339,7,18,150,175,54,339,13,6,46.2,7,53.8,202,951,351,12,9,10,28,22,294,82,Matches,2018-2019
323,Alberto Moreno,es ESP,DF,Liverpool,26,1992,1.7,137,2,31,69,37,2,137,4,2,50.0,2,50.0,86,372,204,3,3,0,3,0,92,10,Matches,2018-2019
324,Wes Morgan,jm JAM,DF,Leicester City,34,1984,21.4,1152,123,569,545,43,31,1152,2,2,100.0,0,0.0,596,2762,1367,6,6,1,13,1,636,9,Matches,2018-2019
325,Sean Morrison,eng ENG,DF,Cardiff City,27,1991,33.8,1341,228,719,430,205,127,1341,8,8,100.0,0,0.0,276,1582,750,7,7,1,13,9,363,16,Matches,2018-2019
326,Victor Moses,ng NGA,FW,Chelsea,27,1990,0.3,18,0,1,7,10,2,18,1,0,0.0,1,100.0,8,89,37,1,1,1,1,2,16,1,Matches,2018-2019
327,Steve Mounié,bj BEN,FW,Huddersfield,23,1994,19.8,798,16,53,425,326,114,798,20,13,65.0,7,35.0,360,2041,685,22,22,9,61,36,624,94,Matches,2018-2019
328,Lucas Moura,br BRA,"FW,MF",Tottenham,25,1992,23.6,1068,29,92,500,488,108,1068,96,46,47.9,50,52.1,697,4450,2108,79,51,35,67,34,790,193,Matches,2018-2019
329,Lys Mousset,fr FRA,FW,Bournemouth,22,1996,4.1,194,2,13,89,95,28,194,19,10,52.6,9,47.4,122,686,196,5,3,3,20,5,142,41,Matches,2018-2019
330,João Moutinho,pt POR,MF,Wolves,31,1986,33.7,2394,65,391,1404,617,10,2394,23,13,56.5,10,43.5,1117,5299,2908,34,37,0,17,27,1447,48,Matches,2018-2019
331,Jacob Murphy,eng ENG,"MF,DF",Newcastle Utd,23,1995,3.4,112,7,34,36,47,7,112,8,3,37.5,5,62.5,52,502,247,8,8,1,10,3,52,17,Matches,2018-2019
332,Josh Murphy,eng ENG,"MF,FW",Cardiff City,23,1995,20.2,683,11,121,201,381,73,683,90,37,41.1,52,57.8,423,3872,1918,81,44,32,44,38,433,126,Matches,2018-2019
333,Glenn Murray,eng ENG,FW,Brighton,34,1983,27.9,880,23,62,446,373,90,876,20,8,40.0,12,60.0,493,1443,378,12,14,5,82,35,744,136,Matches,2018-2019
334,Shkodran Mustafi,de GER,DF,Arsenal,26,1992,29.0,2167,221,1036,1034,108,39,2167,13,8,61.5,5,38.5,1165,6428,3860,26,22,3,13,6,1379,12,Matches,2018-2019
335,Yoshinori Mutō,jp JPN,"FW,MF",Newcastle Utd,26,1992,5.8,198,4,25,90,90,21,198,18,9,50.0,9,50.0,100,777,253,9,7,1,16,12,117,28,Matches,2018-2019
336,Georges-Kévin N'Koudou,cm CMR,FW,Tottenham,23,1995,0.1,5,0,0,1,4,0,5,0,0,,0,,5,30,8,0,0,0,0,0,5,3,Matches,2018-2019
337,Samir Nasri,fr FRA,MF,West Ham,31,1987,2.7,175,1,10,90,76,8,175,4,2,50.0,2,50.0,119,678,321,9,5,2,0,0,142,10,Matches,2018-2019
338,Marc Navarro,es ESP,DF,Watford,23,1995,0.9,43,4,15,18,10,1,43,1,1,100.0,0,0.0,15,60,27,1,0,0,0,0,19,4,Matches,2018-2019
339,Wilfred Ndidi,ng NGA,MF,Leicester City,21,1996,36.6,2551,123,625,1606,352,43,2551,50,35,70.0,15,30.0,1384,5710,2326,26,39,2,57,36,1488,35,Matches,2018-2019
340,Rúben Neves,pt POR,MF,Wolves,21,1997,33.4,2360,69,545,1534,299,3,2358,24,11,45.8,13,54.2,1235,4756,2551,15,27,0,27,28,1518,12,Matches,2018-2019
341,Oumar Niasse,sn SEN,FW,Cardiff City,28,1990,10.3,346,8,23,164,166,36,346,36,20,55.6,16,44.4,209,1521,612,23,17,13,57,38,257,64,Matches,2018-2019
342,Oumar Niasse,sn SEN,FW,Everton,28,1990,0.7,38,0,0,15,23,6,38,5,1,20.0,4,80.0,32,131,17,1,2,0,3,6,37,10,Matches,2018-2019
343,Eddie Nketiah,eng ENG,"MF,FW",Arsenal,19,1999,0.7,29,0,1,11,17,5,29,4,2,50.0,2,50.0,20,122,67,3,1,2,2,3,24,7,Matches,2018-2019
344,Mark Noble,eng ENG,MF,West Ham,31,1987,25.5,1748,30,275,1182,311,21,1744,26,14,53.8,12,46.2,1012,4691,1995,23,24,4,27,35,1278,47,Matches,2018-2019
345,Håvard Nordtveit,no NOR,DF,Fulham,28,1990,4.0,268,32,146,125,0,0,268,1,1,100.0,0,0.0,125,516,275,0,2,1,2,0,179,0,Matches,2018-2019
346,Will Norris,eng ENG,GK,Wolves,24,1993,0.0,0,0,0,0,0,0,0,0,0,,0,,0,0,0,0,0,0,0,0,0,0,Matches,2018-2019
347,Michael Obafemi,ie IRL,FW,Southampton,18,2000,1.5,43,1,3,14,28,14,43,4,3,75.0,1,25.0,28,147,94,5,3,4,5,2,30,12,Matches,2018-2019
348,Pedro Obiang,gq EQG,MF,West Ham,26,1992,12.5,692,31,141,425,128,11,692,9,7,77.8,2,22.2,353,1393,524,11,9,3,13,5,445,22,Matches,2018-2019
349,Denis Odoi,gh GHA,DF,Fulham,30,1988,28.8,1796,220,781,902,129,16,1796,21,16,76.2,5,23.8,725,4564,2505,36,24,1,18,11,973,16,Matches,2018-2019
350,Angelo Ogbonna,it ITA,DF,West Ham,30,1988,20.8,1030,129,483,523,32,22,1030,1,1,100.0,0,0.0,493,3067,1610,6,5,1,4,4,564,1,Matches,2018-2019
351,Stefano Okaka,it ITA,"FW,MF",Watford,28,1989,0.3,20,0,0,7,13,4,20,2,1,50.0,1,50.0,14,50,14,1,0,0,1,1,15,7,Matches,2018-2019
352,Shinji Okazaki,jp JPN,"MF,FW",Leicester City,32,1986,3.2,156,0,12,73,71,18,156,11,2,18.2,9,81.8,95,279,49,0,2,0,18,7,115,26,Matches,2018-2019
353,Divock Origi,be BEL,FW,Liverpool,23,1995,4.1,167,0,16,65,87,18,167,10,6,60.0,4,40.0,117,794,362,16,10,6,9,10,122,28,Matches,2018-2019
354,Nicolás Otamendi,ar ARG,DF,Manchester City,30,1988,13.7,1392,88,394,950,52,17,1392,2,2,100.0,0,0.0,1018,6484,4066,27,17,0,2,0,1072,3,Matches,2018-2019
355,Alex Oxlade-Chamberlain,eng ENG,MF,Liverpool,24,1993,0.2,18,0,1,12,5,1,18,1,1,100.0,0,0.0,15,69,34,0,1,0,1,0,15,1,Matches,2018-2019
356,Mesut Özil,de GER,"MF,FW",Arsenal,29,1988,19.3,1306,7,91,609,616,60,1306,33,21,63.6,12,36.4,920,5516,2653,75,63,13,49,34,1093,174,Matches,2018-2019
357,Emerson Palmieri,it ITA,DF,Chelsea,23,1994,7.4,597,16,120,239,243,18,597,14,10,71.4,4,28.6,355,2146,1436,39,20,7,8,9,424,50,Matches,2018-2019
358,Sokratis Papastathopoulos,gr GRE,DF,Arsenal,30,1988,24.4,1649,170,897,729,34,14,1649,6,6,100.0,0,0.0,893,4488,2428,14,8,2,8,5,1152,3,Matches,2018-2019
359,Callum Paterson,sct SCO,"FW,MF",Cardiff City,23,1994,22.2,801,31,94,316,399,87,801,16,5,31.3,11,68.8,226,955,310,13,10,4,31,12,527,63,Matches,2018-2019
360,Rui Patrício,pt POR,GK,Wolves,30,1988,37.0,927,856,926,1,0,0,927,0,0,,0,,362,2421,1715,0,0,0,1,0,271,0,Matches,2018-2019
361,Pedro,es ESP,FW,Chelsea,31,1987,19.8,1328,21,152,511,675,101,1328,59,44,74.6,15,25.4,924,5465,2380,63,53,18,31,33,1139,202,Matches,2018-2019
362,Lee Peltier,eng ENG,DF,Cardiff City,31,1986,17.2,604,75,206,268,132,4,604,3,3,100.0,0,0.0,138,395,132,1,2,1,8,3,197,11,Matches,2018-2019
363,Andreas Pereira,br BRA,MF,Manchester Utd,22,1996,6.7,431,10,90,246,97,2,431,14,7,50.0,7,50.0,240,1163,617,10,8,1,9,13,301,19,Matches,2018-2019
364,Ricardo Pereira,pt POR,"DF,FW",Leicester City,24,1993,34.7,2494,104,648,1168,711,67,2494,110,68,61.8,42,38.2,1325,7058,4379,114,76,32,52,34,1395,150,Matches,2018-2019
365,Roberto Pereyra,ar ARG,MF,Watford,27,1991,31.3,1555,33,240,651,687,110,1555,88,41,46.6,47,53.4,1056,6320,3080,101,53,35,82,67,1066,188,Matches,2018-2019
366,Ayoze Pérez,es ESP,"MF,FW",Newcastle Utd,25,1993,32.4,1266,37,200,587,504,124,1266,81,46,56.8,35,43.2,657,3801,1881,72,50,22,101,76,803,159,Matches,2018-2019
367,Lucas Pérez,es ESP,"FW,MF",West Ham,29,1988,5.3,188,3,15,77,97,20,188,8,5,62.5,3,37.5,110,414,123,2,5,0,15,7,132,34,Matches,2018-2019
368,Jordan Pickford,eng ENG,GK,Everton,24,1994,38.0,1355,1116,1339,17,0,0,1355,0,0,,0,,665,4209,2880,0,0,0,2,0,561,0,Matches,2018-2019
369,Paul Pogba,fr FRA,MF,Manchester Utd,25,1993,33.4,2535,48,307,1496,765,105,2525,92,60,65.2,32,34.8,1566,8359,4580,100,76,21,75,89,2087,205,Matches,2018-2019
370,Alex Pritchard,eng ENG,"MF,FW",Huddersfield,25,1993,23.1,1261,8,101,571,604,71,1261,59,29,49.2,30,50.8,752,3778,1628,72,52,20,69,51,895,164,Matches,2018-2019
371,Sebastian Prödl,at AUT,DF,Watford,31,1987,0.1,3,0,2,1,0,0,3,0,0,,0,,3,17,1,0,0,0,0,0,3,0,Matches,2018-2019
372,Davy Pröpper,nl NED,MF,Brighton,26,1991,28.3,1529,46,280,990,273,28,1529,49,29,59.2,20,40.8,851,4236,1834,28,23,1,46,25,955,58,Matches,2018-2019
373,Jason Puncheon,eng ENG,MF,Crystal Palace,32,1986,0.1,14,0,3,8,3,0,14,0,0,,0,,5,33,10,0,0,0,0,1,7,1,Matches,2018-2019
374,Jason Puncheon,eng ENG,MF,Huddersfield,32,1986,4.2,265,5,32,142,93,3,265,7,5,71.4,2,28.6,151,887,321,6,15,1,12,12,167,17,Matches,2018-2019
375,Collin Quaner,de GER,FW,Huddersfield,27,1991,0.4,19,0,1,4,14,0,19,1,1,100.0,0,0.0,13,74,21,0,1,0,2,2,18,2,Matches,2018-2019
376,Domingos Quina,pt POR,MF,Watford,18,1999,3.8,272,5,33,190,50,4,272,11,5,45.5,6,54.5,196,1000,423,8,5,2,7,5,198,6,Matches,2018-2019
377,Joe Ralls,eng ENG,MF,Cardiff City,24,1993,21.8,1055,35,202,583,279,18,1054,6,5,83.3,1,16.7,417,1968,1027,20,16,3,19,14,491,18,Matches,2018-2019
378,Aaron Ramsey,wls WAL,MF,Arsenal,27,1990,14.8,972,9,113,488,379,72,972,23,12,52.2,11,47.8,574,3368,1688,47,42,6,35,27,768,133,Matches,2018-2019
379,Kayne Ramsey,eng ENG,DF,Southampton,17,2000,1.0,29,6,20,9,0,0,29,0,0,,0,,4,7,1,0,0,0,0,0,8,0,Matches,2018-2019
380,Marcus Rashford,eng ENG,FW,Manchester Utd,20,1997,25.9,1094,22,80,412,617,139,1094,87,42,48.3,44,50.6,626,3933,1887,74,57,40,81,46,836,225,Matches,2018-2019
381,Tim Ream,us USA,DF,Fulham,30,1987,22.7,1235,119,527,694,19,1,1235,6,6,100.0,0,0.0,498,2580,1632,13,1,0,5,5,762,1,Matches,2018-2019
382,Nathan Redmond,eng ENG,"MF,FW",Southampton,24,1994,36.3,1687,21,173,648,904,137,1687,166,91,54.8,75,45.2,1046,8148,4271,174,99,68,85,81,1202,301,Matches,2018-2019
383,Bobby Reid,jm JAM,"FW,MF",Cardiff City,25,1993,15.8,469,18,65,194,218,52,468,26,16,61.5,10,38.5,249,1318,541,15,12,7,40,29,321,76,Matches,2018-2019
384,Declan Rice,eng ENG,MF,West Ham,19,1999,33.4,1853,74,434,1275,167,27,1853,34,26,76.5,8,23.5,926,5183,2312,27,26,3,21,20,1055,11,Matches,2018-2019
385,Jazz Richards,wls WAL,"DF,MF",Cardiff City,27,1991,1.5,49,5,14,25,11,0,49,0,0,,0,,16,33,13,0,1,0,2,0,13,2,Matches,2018-2019
386,Richarlison,br BRA,"FW,MF",Everton,21,1997,29.6,1307,37,157,492,680,147,1307,81,39,48.1,41,50.6,837,5310,2565,95,71,38,111,90,906,220,Matches,2018-2019
387,Diego Rico,es ESP,"DF,MF",Bournemouth,25,1993,6.8,475,31,143,202,137,3,475,4,4,100.0,0,0.0,247,958,624,11,6,0,4,5,236,34,Matches,2018-2019
388,Sergio Rico,es ESP,GK,Fulham,24,1993,29.0,980,869,979,1,0,0,980,0,0,,0,,385,2425,1533,0,0,0,1,0,350,0,Matches,2018-2019
389,Matt Ritchie,sct SCO,"DF,MF",Newcastle Utd,28,1989,32.5,1948,76,450,787,729,50,1946,32,15,46.9,17,53.1,817,4137,2068,56,53,3,45,19,994,131,Matches,2018-2019
390,Andrew Robertson,sct SCO,DF,Liverpool,24,1994,35.7,3126,64,649,1560,945,87,3126,48,28,58.3,20,41.7,1928,9048,5551,124,117,12,31,23,2163,263,Matches,2018-2019
391,Marcos Rojo,ar ARG,DF,Manchester Utd,28,1990,2.4,170,15,54,100,17,2,170,1,1,100.0,0,0.0,84,344,204,1,1,0,1,0,112,3,Matches,2018-2019
392,Oriol Romeu,es ESP,MF,Southampton,26,1991,23.7,1396,73,333,933,141,7,1396,23,17,73.9,6,26.1,636,3099,1554,19,18,0,19,15,732,10,Matches,2018-2019
393,Salomón Rondón,ve VEN,FW,Newcastle Utd,28,1989,28.9,1134,41,100,569,478,132,1134,46,18,39.1,27,58.7,539,2472,983,38,30,16,98,76,880,154,Matches,2018-2019
394,Danny Rose,eng ENG,DF,Tottenham,28,1990,20.0,1458,37,325,665,485,47,1458,72,35,48.6,37,51.4,839,4532,2667,83,64,11,49,18,889,141,Matches,2018-2019
395,Aaron Rowe,eng ENG,FW,Huddersfield,17,2000,0.8,33,1,8,10,15,0,33,3,1,33.3,2,66.7,24,111,35,0,2,0,1,4,20,6,Matches,2018-2019
396,John Ruddy,eng ENG,GK,Wolves,31,1986,1.0,21,20,21,0,0,0,21,0,0,,0,,7,37,26,0,0,0,0,0,7,0,Matches,2018-2019
397,Antonio Rüdiger,de GER,DF,Chelsea,25,1993,31.9,2815,191,1126,1619,77,25,2815,5,4,80.0,1,20.0,1805,9856,6608,21,25,0,8,9,2112,1,Matches,2018-2019
398,Mathew Ryan,au AUS,GK,Brighton,26,1992,34.0,1099,932,1090,9,0,0,1099,0,0,,0,,516,3832,2935,0,0,0,0,0,387,0,Matches,2018-2019
399,Abdelhamid Sabiri,ma MAR,FW,Huddersfield,21,1996,0.5,12,0,4,6,2,1,12,0,0,,0,,6,28,20,0,1,0,1,0,7,1,Matches,2018-2019
400,Romain Saïss,ma MAR,"MF,DF",Wolves,28,1990,12.8,940,83,335,547,65,11,940,7,5,71.4,2,28.6,384,1595,904,9,4,2,2,2,547,8,Matches,2018-2019
401,Bukayo Saka,eng ENG,FW,Arsenal,16,2001,0.1,0,0,0,0,0,0,0,0,0,,0,,0,0,0,0,0,0,0,0,0,0,Matches,2018-2019
402,Mamadou Sakho,fr FRA,DF,Crystal Palace,28,1990,26.8,1587,203,806,767,22,11,1587,11,9,81.8,2,18.2,832,3863,2403,8,3,0,12,5,948,3,Matches,2018-2019
403,Bakary Sako,ml MLI,FW,Crystal Palace,30,1988,0.3,19,2,5,9,7,0,19,1,0,0.0,1,100.0,12,169,60,2,2,0,2,2,11,2,Matches,2018-2019
404,Mohamed Salah,eg EGY,FW,Liverpool,26,1992,36.1,1590,5,55,465,1087,272,1587,151,80,53.0,71,47.0,1216,7481,3747,131,91,96,109,119,1272,429,Matches,2018-2019
405,Alexis Sánchez,cl CHI,"FW,MF",Manchester Utd,29,1988,9.8,514,1,52,224,243,48,514,27,14,51.9,13,48.1,319,1834,931,37,23,10,21,25,404,89,Matches,2018-2019
406,Carlos Sánchez,co COL,MF,West Ham,32,1986,2.7,165,7,32,124,13,0,165,5,3,60.0,2,40.0,76,245,91,1,2,0,1,2,108,1,Matches,2018-2019
407,Davinson Sánchez,co COL,DF,Tottenham,22,1996,21.6,1674,148,794,851,35,18,1674,3,1,33.3,2,66.7,1114,4566,2286,5,2,0,8,2,1162,2,Matches,2018-2019
408,Leroy Sané,de GER,FW,Manchester City,22,1996,20.7,1228,7,62,309,878,176,1228,102,55,53.9,47,46.1,925,5221,2525,84,45,45,70,44,968,341,Matches,2018-2019
409,Fabian Schär,ch SUI,DF,Newcastle Utd,26,1991,22.2,1401,161,670,651,104,26,1401,22,14,63.6,8,36.4,642,3633,2391,26,24,4,11,10,754,8,Matches,2018-2019
410,Christopher Schindler,de GER,DF,Huddersfield,28,1990,36.2,1936,183,1105,779,61,36,1936,2,1,50.0,1,50.0,861,3674,1670,15,5,2,6,4,1060,5,Matches,2018-2019
411,Jeffrey Schlupp,gh GHA,"MF,FW",Crystal Palace,25,1992,18.6,897,34,201,486,229,57,897,40,22,55.0,18,45.0,474,2637,1192,35,17,9,30,24,583,95,Matches,2018-2019
412,Kasper Schmeichel,dk DEN,GK,Leicester City,31,1986,38.0,1319,1056,1294,24,1,1,1319,1,1,100.0,0,0.0,655,3565,2438,0,1,1,0,0,529,0,Matches,2018-2019
413,Morgan Schneiderlin,fr FRA,MF,Everton,28,1989,9.3,651,24,155,418,81,3,651,5,2,40.0,3,60.0,399,1361,525,6,5,1,13,7,422,5,Matches,2018-2019
414,André Schürrle,de GER,"FW,MF",Fulham,27,1990,18.2,819,18,119,363,347,43,819,44,19,43.2,25,56.8,442,2865,1127,46,28,7,51,34,573,136,Matches,2018-2019
415,Ken Sema,se SWE,"MF,FW",Watford,24,1993,8.4,366,4,43,176,152,31,366,34,19,55.9,15,44.1,232,1592,598,30,15,11,22,28,249,60,Matches,2018-2019
416,Jean Seri,ci CIV,MF,Fulham,27,1991,24.9,1919,60,323,1183,431,11,1919,21,16,76.2,5,23.8,783,4049,2074,26,21,0,31,25,1333,40,Matches,2018-2019
417,Ryan Sessegnon,eng ENG,"FW,DF",Fulham,18,2000,25.6,1127,53,246,486,415,81,1127,68,32,47.1,36,52.9,541,3474,1849,57,34,18,69,51,671,193,Matches,2018-2019
418,Xherdan Shaqiri,ch SUI,"FW,MF",Liverpool,26,1991,11.8,811,7,67,398,354,27,811,16,6,37.5,10,62.5,565,2770,1047,28,31,7,24,18,617,75,Matches,2018-2019
419,Luke Shaw,eng ENG,DF,Manchester Utd,23,1995,28.8,2317,110,535,1222,578,44,2317,38,27,71.1,11,28.9,1044,5204,3286,90,77,12,30,14,1381,121,Matches,2018-2019
420,Jonjo Shelvey,eng ENG,MF,Newcastle Utd,26,1992,10.5,778,17,151,459,175,8,778,12,10,83.3,2,16.7,348,1694,941,13,19,1,8,4,461,15,Matches,2018-2019
421,Gylfi Sigurðsson,is ISL,MF,Everton,28,1989,34.6,1590,21,147,694,763,99,1586,67,38,56.7,29,43.3,830,3575,1610,51,44,7,78,32,960,144,Matches,2018-2019
422,Adrien Silva,pt POR,MF,Leicester City,29,1989,1.0,90,2,9,66,15,0,90,1,1,100.0,0,0.0,67,225,102,0,3,0,3,3,70,1,Matches,2018-2019
423,Bernardo Silva,pt POR,"MF,FW",Manchester City,23,1994,31.7,2157,33,213,905,1069,169,2157,88,49,55.7,39,44.3,1518,8976,4941,152,103,48,44,37,1593,277,Matches,2018-2019
424,David Silva,es ESP,MF,Manchester City,32,1986,26.7,2303,18,169,1058,1086,196,2303,47,31,66.0,15,31.9,1609,7721,3902,118,94,36,28,30,1892,222,Matches,2018-2019
425,Xande Silva,pt POR,FW,West Ham,21,1997,0.2,8,0,1,4,3,2,8,0,0,,0,,4,18,5,0,0,0,0,1,6,2,Matches,2018-2019
426,Danny Simpson,eng ENG,DF,Leicester City,31,1987,3.2,200,20,82,99,19,1,200,0,0,,0,,78,182,65,0,1,0,1,2,78,4,Matches,2018-2019
427,Jack Simpson,eng ENG,DF,Bournemouth,21,1996,4.5,305,42,173,131,2,2,305,0,0,,0,,175,901,531,5,1,0,1,2,168,0,Matches,2018-2019
428,Josh Sims,eng ENG,MF,Southampton,21,1997,2.4,70,3,17,33,21,7,70,5,4,80.0,1,20.0,47,408,102,3,3,2,4,7,44,12,Matches,2018-2019
429,Moussa Sissoko,fr FRA,"MF,FW",Tottenham,28,1989,25.9,1655,49,300,1036,347,37,1655,62,36,58.1,26,41.9,1061,6301,3188,79,58,8,40,28,1169,96,Matches,2018-2019
430,Oliver Skipp,eng ENG,MF,Tottenham,17,2000,2.4,173,9,43,105,25,1,173,2,2,100.0,0,0.0,99,400,163,2,0,0,2,2,119,3,Matches,2018-2019
431,Callum Slattery,eng ENG,MF,Southampton,19,1999,1.2,54,4,8,33,13,4,54,2,1,50.0,1,50.0,31,138,56,0,1,0,4,2,31,2,Matches,2018-2019
432,Chris Smalling,eng ENG,DF,Manchester Utd,28,1989,23.6,1208,154,598,575,39,30,1208,1,1,100.0,0,0.0,530,2370,1254,3,2,0,6,1,686,6,Matches,2018-2019
433,Adam Smith,eng ENG,"DF,MF",Bournemouth,27,1991,23.0,1360,80,422,601,364,27,1360,48,20,41.7,28,58.3,760,5460,3105,87,69,8,25,10,736,80,Matches,2018-2019
434,Tommy Smith,eng ENG,DF,Huddersfield,26,1992,12.7,725,38,246,340,142,8,725,5,3,60.0,2,40.0,309,1326,630,19,11,1,5,3,386,38,Matches,2018-2019
435,Robert Snodgrass,sct SCO,MF,West Ham,30,1987,24.7,1430,25,140,654,646,61,1430,61,33,54.1,28,45.9,782,4209,1821,72,41,18,60,44,973,148,Matches,2018-2019
436,Cédric Soares,pt POR,DF,Southampton,26,1991,16.6,963,75,287,403,279,16,963,12,7,58.3,5,41.7,418,1997,1011,31,25,3,15,11,508,66,Matches,2018-2019
437,Ramadan Sobhi,eg EGY,"FW,MF",Huddersfield,21,1997,0.9,61,0,6,16,39,3,61,5,2,40.0,3,60.0,46,242,107,3,2,3,4,5,45,14,Matches,2018-2019
438,Dominic Solanke,eng ENG,"FW,MF",Bournemouth,20,1997,3.9,163,13,23,72,72,22,163,17,10,58.8,7,41.2,106,624,271,10,4,4,15,9,118,24,Matches,2018-2019
439,Pape Souaré,sn SEN,DF,Crystal Palace,28,1990,0.0,4,0,0,4,0,0,4,0,0,,0,,3,13,2,0,0,0,0,0,3,0,Matches,2018-2019
440,Çağlar Söyüncü,tr TUR,DF,Leicester City,22,1996,4.1,272,30,147,118,9,2,272,3,2,66.7,1,33.3,166,907,616,2,2,0,2,1,160,0,Matches,2018-2019
441,Julián Speroni,ar ARG,GK,Crystal Palace,39,1979,1.0,41,41,41,0,0,0,41,0,0,,0,,15,146,93,0,0,0,2,0,8,0,Matches,2018-2019
442,Junior Stanislas,eng ENG,"MF,FW",Bournemouth,28,1989,11.5,677,17,116,257,309,38,676,26,12,46.2,14,53.8,427,2376,1196,35,24,6,21,10,460,81,Matches,2018-2019
443,Dale Stephens,eng ENG,MF,Brighton,29,1989,27.6,1650,97,448,1045,167,12,1650,12,6,50.0,6,50.0,807,3927,1479,16,18,2,27,14,974,8,Matches,2018-2019
444,Jack Stephens,eng ENG,DF,Southampton,24,1994,18.9,1017,118,445,529,53,16,1017,7,5,71.4,2,28.6,433,2610,1553,11,8,1,9,5,486,6,Matches,2018-2019
445,Raheem Sterling,eng ENG,FW,Manchester City,23,1994,30.8,1748,7,77,554,1139,264,1748,152,82,53.9,70,46.1,1338,7800,4188,155,93,88,74,87,1438,436,Matches,2018-2019
446,John Stones,eng ENG,DF,Manchester City,24,1994,19.6,1892,123,642,1172,91,12,1892,8,6,75.0,2,25.0,1365,8755,5272,44,18,0,1,3,1519,5,Matches,2018-2019
447,Daniel Sturridge,eng ENG,"FW,MF",Liverpool,28,1989,5.7,253,1,6,135,113,22,253,9,5,55.6,4,44.4,187,862,297,9,9,3,17,11,215,37,Matches,2018-2019
448,Denis Suárez,es ESP,"MF,FW",Arsenal,24,1994,0.8,52,0,8,29,18,0,52,10,4,40.0,6,60.0,33,280,145,3,3,0,3,1,39,5,Matches,2018-2019
449,Isaac Success,ng NGA,"FW,MF",Watford,22,1996,11.7,532,12,45,227,271,53,532,25,14,56.0,11,44.0,402,2221,994,35,32,18,46,25,441,107,Matches,2018-2019
450,Ki Sung-yueng,kr KOR,MF,Newcastle Utd,29,1989,14.5,763,25,156,445,173,6,763,9,5,55.6,4,44.4,334,1763,851,12,21,1,12,10,434,12,Matches,2018-2019
451,Andrew Surman,eng ENG,MF,Bournemouth,31,1986,16.0,974,55,261,578,141,8,974,6,3,50.0,3,50.0,542,1989,802,3,11,0,14,4,649,10,Matches,2018-2019
452,Sam Surridge,eng ENG,"MF,FW",Bournemouth,20,1998,0.1,8,0,0,1,7,3,8,0,0,,0,,7,23,7,0,0,0,0,0,7,3,Matches,2018-2019
453,Alexander Sørloth,no NOR,FW,Crystal Palace,22,1995,2.1,86,3,9,29,52,16,86,2,2,100.0,0,0.0,40,223,101,4,4,2,6,4,64,13,Matches,2018-2019
454,Matt Targett,eng ENG,DF,Southampton,22,1995,13.2,807,41,180,332,305,28,807,5,1,20.0,4,80.0,307,1157,607,24,14,6,7,6,405,89,Matches,2018-2019
455,James Tarkowski,eng ENG,DF,Burnley,25,1992,34.3,1672,306,826,780,76,46,1672,9,7,77.8,2,22.2,565,3029,1706,4,4,1,26,10,723,6,Matches,2018-2019
456,Charlie Taylor,eng ENG,DF,Burnley,24,1993,36.0,2169,199,727,960,507,8,2169,76,41,53.9,35,46.1,830,6004,2715,93,64,4,37,17,1003,94,Matches,2018-2019
457,Youri Tielemans,be BEL,MF,Leicester City,21,1997,12.1,787,20,109,441,243,18,787,18,12,66.7,6,33.3,517,2028,1159,24,15,3,18,15,594,53,Matches,2018-2019
458,James Tomkins,eng ENG,DF,Crystal Palace,29,1989,28.4,1446,204,802,579,69,51,1446,4,2,50.0,2,50.0,576,2688,1617,4,6,1,8,3,809,4,Matches,2018-2019
459,Lucas Torreira,uy URU,MF,Arsenal,22,1996,26.5,1914,76,389,1206,340,23,1914,21,13,61.9,8,38.1,1089,5115,2387,28,25,5,32,28,1276,35,Matches,2018-2019
460,Cenk Tosun,tr TUR,FW,Everton,27,1991,11.8,401,4,23,162,219,66,401,9,2,22.2,7,77.8,246,938,346,11,13,8,39,19,297,90,Matches,2018-2019
461,Andros Townsend,eng ENG,"FW,MF",Crystal Palace,27,1991,33.4,1653,36,255,646,801,88,1653,100,58,58.0,42,42.0,1034,8263,3632,144,90,32,78,75,1106,280,Matches,2018-2019
462,Adama Traoré,es ESP,"FW,MF",Wolves,22,1996,10.0,503,6,61,240,230,42,503,81,65,80.2,16,19.8,333,3683,2153,82,48,31,38,45,362,61,Matches,2018-2019
463,Mark Travers,ie IRL,GK,Bournemouth,19,1999,2.0,65,61,64,1,0,0,65,0,0,,0,,35,166,103,0,0,0,0,0,21,0,Matches,2018-2019
464,Kieran Trippier,eng ENG,DF,Tottenham,27,1990,25.3,2267,83,576,962,748,25,2267,15,7,46.7,8,53.3,1168,3518,1832,40,35,2,20,14,1337,200,Matches,2018-2019
465,Antonio Valencia,ec ECU,DF,Manchester Utd,32,1985,5.2,364,9,74,199,91,2,364,6,3,50.0,3,50.0,181,986,608,18,12,2,0,1,238,21,Matches,2018-2019
466,Yan Valery,tn TUN,DF,Southampton,19,1999,19.0,859,50,210,375,288,26,859,41,24,58.5,17,41.5,374,2774,1412,54,27,14,33,29,376,77,Matches,2018-2019
467,Virgil van Dijk,nl NED,DF,Liverpool,27,1991,37.6,3418,240,1291,2005,130,66,3418,12,9,75.0,3,25.0,2252,9579,5046,20,21,2,7,1,2421,20,Matches,2018-2019
468,Jamie Vardy,eng ENG,FW,Leicester City,31,1987,30.3,711,31,60,263,396,145,706,32,12,37.5,20,62.5,366,2057,969,45,21,26,51,19,476,186,Matches,2018-2019
469,Jan Vertonghen,be BEL,DF,Tottenham,31,1987,21.2,1795,119,625,1002,181,18,1795,14,9,64.3,5,35.7,1180,5554,3403,27,31,0,11,2,1245,24,Matches,2018-2019
470,Jannik Vestergaard,dk DEN,DF,Southampton,25,1992,22.5,1220,183,567,607,57,17,1220,13,10,76.9,3,23.1,497,2692,1602,14,10,0,10,4,550,4,Matches,2018-2019
471,Luciano Vietto,ar ARG,"FW,MF",Fulham,24,1993,11.0,529,9,66,230,242,39,529,27,16,59.3,11,40.7,322,2268,995,33,30,7,26,26,402,107,Matches,2018-2019
472,Rúben Vinagre,pt POR,"DF,MF",Wolves,19,1999,7.9,516,18,124,228,170,11,516,20,13,65.0,6,30.0,247,2327,1311,45,22,8,18,12,293,63,Matches,2018-2019
473,Sam Vokes,wls WAL,FW,Burnley,28,1989,10.2,375,23,29,185,162,40,375,3,3,100.0,0,0.0,127,509,94,3,3,2,28,13,314,55,Matches,2018-2019
474,Michel Vorm,nl NED,GK,Tottenham,34,1983,2.0,67,62,67,0,0,0,67,0,0,,0,,42,219,196,0,0,0,1,0,33,0,Matches,2018-2019
475,Matěj Vydra,cz CZE,FW,Burnley,26,1992,3.5,122,5,16,49,59,15,122,7,3,42.9,4,57.1,67,356,93,3,6,1,18,8,80,15,Matches,2018-2019
476,Theo Walcott,eng ENG,"FW,MF",Everton,29,1989,23.5,888,13,127,350,430,111,888,59,31,52.5,28,47.5,613,3368,1652,50,33,24,77,37,661,167,Matches,2018-2019
477,Kyle Walker,eng ENG,DF,Manchester City,28,1990,30.9,2886,82,518,1750,642,32,2886,34,18,52.9,16,47.1,1837,8827,4460,83,79,17,25,12,2110,92,Matches,2018-2019
478,Kyle Walker-Peters,eng ENG,DF,Tottenham,21,1997,4.2,267,9,59,127,84,7,267,11,9,81.8,2,18.2,163,927,540,15,12,2,3,3,162,17,Matches,2018-2019
479,Aaron Wan-Bissaka,eng ENG,DF,Crystal Palace,20,1997,34.8,2143,164,827,837,501,27,2143,90,61,67.8,29,32.2,831,5737,3255,100,80,10,43,37,907,119,Matches,2018-2019
480,Victor Wanyama,ke KEN,MF,Tottenham,27,1991,5.7,392,24,85,249,59,5,392,9,6,66.7,3,33.3,237,1230,634,13,7,1,8,4,255,6,Matches,2018-2019
481,Danny Ward,eng ENG,FW,Cardiff City,26,1991,4.9,151,11,12,61,78,20,151,2,0,0.0,2,100.0,57,316,88,7,1,4,12,5,105,27,Matches,2018-2019
482,Joel Ward,eng ENG,DF,Crystal Palace,28,1989,6.1,330,33,131,137,65,5,330,2,1,50.0,1,50.0,104,569,263,6,4,0,5,4,134,18,Matches,2018-2019
483,Stephen Ward,ie IRL,DF,Burnley,32,1985,2.5,170,12,49,80,42,2,170,3,2,66.7,1,33.3,70,386,234,8,5,1,0,0,94,5,Matches,2018-2019
484,James Ward-Prowse,eng ENG,"MF,DF",Southampton,23,1994,21.6,1139,67,219,492,440,34,1138,11,5,45.5,6,54.5,472,2066,819,15,19,3,25,16,579,86,Matches,2018-2019
485,Danny Welbeck,eng ENG,"FW,MF",Arsenal,27,1990,1.7,81,2,12,33,39,9,81,6,2,33.3,4,66.7,49,309,202,6,5,3,5,3,56,11,Matches,2018-2019
486,Ashley Westwood,eng ENG,MF,Burnley,28,1990,31.4,1798,74,302,1074,435,22,1797,14,8,57.1,6,42.9,718,2809,1246,16,18,5,29,17,1006,40,Matches,2018-2019
487,Connor Wickham,eng ENG,"FW,MF",Crystal Palace,25,1993,0.7,28,1,2,10,16,9,28,0,0,,0,,13,47,10,0,0,1,4,2,20,1,Matches,2018-2019
488,Georginio Wijnaldum,nl NED,MF,Liverpool,27,1990,30.3,2038,38,284,1397,384,40,2038,49,29,59.2,20,40.8,1409,6749,3204,47,46,4,52,39,1554,67,Matches,2018-2019
489,Danny Williams,us USA,MF,Huddersfield,29,1989,1.1,35,2,7,23,5,0,35,1,1,100.0,0,0.0,16,107,39,1,3,0,1,4,18,1,Matches,2018-2019
490,Willian,br BRA,FW,Chelsea,29,1988,23.3,1671,13,137,607,954,96,1671,61,39,63.9,22,36.1,1026,7531,4127,143,86,45,52,39,1284,283,Matches,2018-2019
491,Joe Willock,eng ENG,"MF,FW",Arsenal,18,1999,0.7,27,0,3,13,11,3,27,2,0,0.0,2,100.0,21,100,21,0,0,0,3,2,23,7,Matches,2018-2019
492,Ben Wilmot,eng ENG,"MF,DF",Watford,18,1999,0.3,13,4,8,5,1,0,13,0,0,,0,,5,28,17,0,1,0,0,0,6,0,Matches,2018-2019
493,Jack Wilshere,eng ENG,MF,West Ham,26,1992,4.4,252,7,30,170,55,4,252,16,15,93.8,1,6.3,157,899,486,8,6,0,3,7,198,10,Matches,2018-2019
494,Callum Wilson,eng ENG,FW,Bournemouth,26,1992,28.1,742,23,76,288,388,150,741,42,17,40.5,25,59.5,539,2401,1118,49,18,24,96,44,583,197,Matches,2018-2019
495,Harry Winks,eng ENG,MF,Tottenham,22,1996,17.7,1529,41,261,1070,224,8,1529,23,17,73.9,6,26.1,1125,6442,3078,56,48,2,16,22,1197,19,Matches,2018-2019
496,Chris Wood,nz NZL,FW,Burnley,26,1991,28.8,900,32,84,379,443,118,900,13,8,61.5,5,38.5,426,1283,400,13,8,10,92,47,705,199,Matches,2018-2019
497,Granit Xhaka,ch SUI,"MF,DF",Arsenal,25,1992,27.8,2691,99,588,1627,488,9,2691,14,7,50.0,7,50.0,1422,6434,3288,37,28,2,17,17,1858,34,Matches,2018-2019
498,Andriy Yarmolenko,ua UKR,"MF,FW",West Ham,28,1989,5.1,262,2,31,100,133,19,262,3,2,66.7,1,33.3,182,1140,546,18,18,3,12,11,218,28,Matches,2018-2019
499,DeAndre Yedlin,us USA,DF,Newcastle Utd,25,1993,27.5,1394,93,446,538,418,22,1394,19,8,42.1,11,57.9,492,2132,1220,38,32,4,34,9,612,104,Matches,2018-2019
500,Maya Yoshida,jp JPN,DF,Southampton,29,1988,16.9,778,126,360,393,31,21,778,3,2,66.7,1,33.3,306,1248,566,1,2,0,7,0,351,4,Matches,2018-2019
501,Ashley Young,eng ENG,DF,Manchester Utd,33,1985,28.5,2183,100,545,1058,599,20,2183,34,17,50.0,17,50.0,989,5215,3085,71,35,10,25,19,1168,124,Matches,2018-2019
502,Pablo Zabaleta,ar ARG,DF,West Ham,33,1985,23.2,1426,116,392,677,369,32,1426,22,14,63.6,8,36.4,617,2506,1273,31,15,4,18,13,701,107,Matches,2018-2019
503,Wilfried Zaha,ci CIV,FW,Crystal Palace,25,1992,33.7,1600,5,122,692,819,204,1600,225,114,50.7,111,49.3,1158,8764,4361,182,109,100,121,143,1290,355,Matches,2018-2019
504,Andre-Frank Zambo Anguissa,cm CMR,MF,Fulham,22,1995,16.9,1281,58,270,876,151,8,1281,54,42,77.8,12,22.2,661,3765,1831,34,26,2,38,39,880,20,Matches,2018-2019
505,Davide Zappacosta,it ITA,DF,Chelsea,26,1992,1.4,107,8,31,48,29,6,107,3,2,66.7,1,33.3,52,345,142,5,2,3,2,2,67,6,Matches,2018-2019
506,Oleksandr Zinchenko,ua UKR,DF,Manchester City,21,1996,12.8,1478,20,192,824,467,10,1478,13,5,38.5,8,61.5,942,3607,2039,47,59,1,7,5,1064,94,Matches,2018-2019
507,Kenneth Zohore,dk DEN,FW,Cardiff City,24,1994,8.4,231,7,9,75,149,37,231,8,5,62.5,3,37.5,119,615,195,10,2,6,23,14,182,57,Matches,2018-2019
508,Kurt Zouma,fr FRA,DF,Everton,23,1994,29.0,1780,147,787,919,84,37,1780,8,7,87.5,1,12.5,974,5166,3027,23,17,0,17,13,1045,4,Matches,2018-2019
1,Patrick van Aanholt,nl NED,DF,Crystal Palace,26,1990,24.3,1435,90,445,616,391,32,1435,31,26,83.9,5,16.1,717,3714,1966,46,33,7,37,18,711,86,Matches,2017-2018
2,Rolando Aarons,eng ENG,"MF,FW",Newcastle Utd,21,1995,1.5,65,0,11,30,25,3,65,6,4,66.7,2,33.3,37,380,127,7,3,3,4,6,39,4,Matches,2017-2018
3,Tammy Abraham,eng ENG,FW,Swansea City,19,1997,19.2,498,12,33,246,230,65,498,47,27,57.4,20,42.6,305,1600,555,19,16,8,50,51,393,104,Matches,2017-2018
4,Charlie Adam,sct SCO,MF,Stoke City,31,1985,4.6,342,9,58,218,76,5,341,12,12,100.0,0,0.0,206,960,436,6,15,2,7,5,211,9,Matches,2017-2018
5,Adrián,es ESP,GK,West Ham,30,1987,19.0,641,541,633,9,0,0,641,0,0,,0,,284,2193,1505,0,0,0,0,0,166,0,Matches,2017-2018
6,Ibrahim Afellay,nl NED,MF,Stoke City,31,1986,1.8,89,0,18,63,12,0,89,1,1,100.0,0,0.0,61,214,50,0,0,0,1,3,64,1,Matches,2017-2018
7,Benik Afobe,cd COD,FW,Bournemouth,24,1993,6.8,219,8,18,100,105,28,219,9,7,77.8,2,22.2,138,820,317,12,4,9,28,5,171,37,Matches,2017-2018
8,Sergio Agüero,ar ARG,FW,Manchester City,29,1988,21.8,894,6,41,308,561,152,890,84,56,66.7,28,33.3,610,4166,1866,89,48,36,56,43,747,214,Matches,2017-2018
9,Nathan Aké,nl NED,DF,Bournemouth,22,1995,37.3,2048,283,1262,720,84,46,2048,11,10,90.9,1,9.1,946,5466,3075,14,9,1,12,6,1110,10,Matches,2017-2018
10,Marc Albrighton,eng ENG,"MF,FW",Leicester City,27,1989,28.2,1581,54,302,701,601,34,1581,95,52,54.7,43,45.3,846,5041,2154,64,43,6,47,38,988,162,Matches,2017-2018
11,Toby Alderweireld,be BEL,DF,Tottenham,28,1989,13.1,1049,65,413,564,78,11,1049,7,6,85.7,1,14.3,611,3145,2152,12,12,0,4,0,761,5,Matches,2017-2018
12,Trent Alexander-Arnold,eng ENG,DF,Liverpool,18,1998,17.5,1487,39,374,718,409,28,1487,33,20,60.6,13,39.4,743,3232,1791,39,38,9,18,13,910,126,Matches,2017-2018
13,Joe Allen,wls WAL,MF,Stoke City,27,1990,34.9,1781,90,370,996,448,49,1781,55,44,80.0,11,20.0,950,4752,2010,37,44,7,54,68,990,89,Matches,2017-2018
14,Dele Alli,eng ENG,"MF,FW",Tottenham,21,1996,32.9,1726,33,179,702,874,147,1726,105,44,41.9,61,58.1,1097,6773,2868,100,78,28,98,89,1334,359,Matches,2017-2018
15,Marcos Alonso,es ESP,"DF,MF",Chelsea,26,1990,31.7,2084,82,566,784,748,96,2084,33,17,51.5,16,48.5,1072,6123,3378,78,50,10,42,24,1258,261,Matches,2017-2018
16,Daniel Amartey,gh GHA,DF,Leicester City,22,1994,5.4,362,24,129,189,46,0,362,5,4,80.0,1,20.0,157,858,432,5,6,0,3,4,192,4,Matches,2017-2018
17,Ethan Ampadu,wls WAL,DF,Chelsea,16,2000,0.1,22,2,9,13,0,0,22,0,0,,0,,16,62,33,0,0,0,0,0,19,0,Matches,2017-2018
18,Nordin Amrabat,ma MAR,FW,Watford,30,1987,2.2,98,0,13,36,50,4,98,4,2,50.0,2,50.0,61,284,124,3,5,1,4,7,72,22,Matches,2017-2018
19,Michail Antonio,jm JAM,"FW,MF",West Ham,27,1990,15.0,731,22,94,305,348,39,731,88,51,58.0,37,42.0,467,3457,1409,47,38,10,55,42,533,117,Matches,2017-2018
20,Scott Arfield,ca CAN,"MF,FW",Burnley,28,1988,14.8,517,23,121,230,174,28,517,26,14,53.8,12,46.2,257,1287,538,16,11,5,23,15,288,47,Matches,2017-2018
21,Marko Arnautović,at AUT,"FW,MF",West Ham,28,1989,25.7,1051,42,119,339,609,150,1051,80,56,70.0,24,30.0,644,4306,1913,76,46,40,58,42,742,232,Matches,2017-2018
22,Harry Arter,ie IRL,MF,Bournemouth,27,1989,10.7,673,17,130,455,98,1,673,8,4,50.0,4,50.0,364,2100,965,14,10,0,8,8,489,8,Matches,2017-2018
23,Christian Atsu,gh GHA,"FW,MF",Newcastle Utd,25,1992,19.8,761,25,146,296,338,62,761,65,28,43.1,37,56.9,483,3786,1894,70,49,22,37,38,493,125,Matches,2017-2018
24,Pierre-Emerick Aubameyang,ga GAB,FW,Arsenal,28,1989,11.7,420,10,42,179,206,62,418,14,11,78.6,3,21.4,264,1571,836,31,17,12,12,12,314,85,Matches,2017-2018
25,Serge Aurier,ci CIV,DF,Tottenham,24,1992,15.9,1249,39,300,533,425,36,1249,22,15,68.2,7,31.8,531,2527,1251,32,29,5,16,16,694,152,Matches,2017-2018
26,Charlie Austin,eng ENG,FW,Southampton,28,1989,11.5,383,13,31,180,173,55,382,6,3,50.0,3,50.0,231,726,199,5,3,2,30,19,292,67,Matches,2017-2018
27,André Ayew,gh GHA,"MF,FW",West Ham,27,1989,9.9,363,8,45,195,130,22,362,14,12,85.7,2,14.3,205,1407,597,18,18,2,11,17,259,43,Matches,2017-2018
28,André Ayew,gh GHA,"MF,FW",Swansea City,27,1989,10.6,412,10,47,210,158,32,412,15,9,60.0,6,40.0,259,1328,509,16,17,9,20,25,310,53,Matches,2017-2018
29,Jordan Ayew,gh GHA,"FW,MF",Swansea City,25,1991,31.7,1350,12,111,652,616,101,1349,124,74,59.7,50,40.3,907,6311,2611,76,70,23,109,106,1017,232,Matches,2017-2018
30,César Azpilicueta,es ESP,DF,Chelsea,27,1989,37.0,3278,218,1198,1596,494,25,3278,9,6,66.7,3,33.3,1959,8806,5822,61,61,3,17,7,2273,81,Matches,2017-2018
31,Eric Bailly,ci CIV,DF,Manchester Utd,23,1994,11.1,552,76,278,260,16,7,552,4,4,100.0,0,0.0,258,1365,766,3,1,0,1,5,300,0,Matches,2017-2018
32,Leighton Baines,eng ENG,DF,Everton,32,1984,21.2,1159,49,325,529,316,15,1157,14,8,57.1,6,42.9,502,2143,1285,31,22,3,9,10,662,61,Matches,2017-2018
33,Tiemoué Bakayoko,fr FRA,MF,Chelsea,22,1994,23.6,1392,53,275,827,318,45,1392,50,36,72.0,14,28.0,823,4326,2155,39,35,2,40,27,957,57,Matches,2017-2018
34,Sam Baldock,eng ENG,FW,Brighton,28,1989,0.4,10,0,0,3,7,3,10,1,0,0.0,1,100.0,6,11,1,0,0,0,2,1,10,5,Matches,2017-2018
35,Beni Baningime,cd COD,MF,Everton,18,1998,2.2,107,2,17,70,20,0,107,4,1,25.0,3,75.0,54,295,135,1,0,0,1,1,57,3,Matches,2017-2018
36,Phil Bardsley,sct SCO,DF,Burnley,32,1985,12.5,742,70,234,381,132,3,742,5,3,60.0,2,40.0,251,1027,402,7,3,0,9,9,275,7,Matches,2017-2018
37,Ross Barkley,eng ENG,MF,Chelsea,23,1993,1.4,64,1,5,32,28,6,64,6,5,83.3,1,16.7,42,267,137,7,1,1,2,3,53,13,Matches,2017-2018
38,Ashley Barnes,eng ENG,FW,Burnley,27,1989,24.1,797,21,79,337,394,94,797,25,16,64.0,9,36.0,464,2070,571,17,15,16,76,44,608,127,Matches,2017-2018
39,Harvey Barnes,eng ENG,"MF,FW",Leicester City,19,1997,0.1,9,0,0,3,6,2,9,0,0,,0,,3,12,12,0,1,0,1,0,6,2,Matches,2017-2018
40,Gareth Barry,eng ENG,MF,West Brom,36,1981,21.4,1122,48,241,723,168,13,1122,11,10,90.9,1,9.1,595,2436,1209,20,11,0,23,17,669,23,Matches,2017-2018
41,Kyle Bartley,eng ENG,DF,Swansea City,26,1991,2.6,152,26,93,52,7,5,152,0,0,,0,,61,284,163,2,1,0,0,1,90,0,Matches,2017-2018
42,Michy Batshuayi,be BEL,FW,Chelsea,23,1993,4.0,137,5,7,70,67,13,137,6,5,83.3,1,16.7,80,445,212,9,7,2,15,9,112,32,Matches,2017-2018
43,Moritz Bauer,at AUT,"DF,MF",Stoke City,25,1992,14.5,616,40,200,243,180,14,616,21,12,57.1,9,42.9,239,1628,790,25,19,4,16,9,249,45,Matches,2017-2018
44,Jan Bednarek,pl POL,DF,Southampton,21,1996,4.7,236,25,102,132,3,2,236,1,0,0.0,1,100.0,128,405,204,0,1,0,1,0,128,0,Matches,2017-2018
45,Asmir Begović,ba BIH,GK,Bournemouth,30,1987,38.0,1240,1134,1236,4,0,0,1240,0,0,,0,,444,2437,1672,0,0,0,1,0,368,0,Matches,2017-2018
46,Héctor Bellerín,es ESP,DF,Arsenal,22,1995,33.9,2523,119,578,1082,877,103,2523,46,25,54.3,21,45.7,1446,7149,3993,84,62,19,40,31,1651,333,Matches,2017-2018
47,Yohan Benalouane,tn TUN,DF,Leicester City,30,1987,1.0,56,7,21,24,11,1,56,0,0,,0,,19,98,48,1,1,0,0,0,19,4,Matches,2017-2018
48,Christian Benteke,be BEL,FW,Crystal Palace,26,1990,24.9,952,50,81,462,414,129,950,26,16,61.5,10,38.5,497,2123,661,18,22,14,86,32,737,133,Matches,2017-2018
49,Saido Berahino,bi BDI,FW,Stoke City,23,1993,5.5,138,1,8,53,79,18,137,2,1,50.0,1,50.0,89,436,121,6,2,4,12,10,88,30,Matches,2017-2018
50,Jóhann Berg Guðmundsson,is ISL,MF,Burnley,26,1990,31.5,1333,35,196,506,656,58,1333,65,37,56.9,28,43.1,701,4514,2123,83,53,17,47,45,763,192,Matches,2017-2018
51,Ryan Bertrand,eng ENG,DF,Southampton,27,1989,34.8,2262,87,475,1018,783,52,2262,37,17,45.9,20,54.1,1224,5645,2941,89,64,16,34,21,1347,213,Matches,2017-2018
52,Muhamed Bešić,ba BIH,MF,Everton,24,1992,0.5,33,2,9,20,4,0,33,0,0,,0,,23,136,86,0,0,0,0,2,24,0,Matches,2017-2018
53,Philip Billing,dk DEN,MF,Huddersfield,21,1996,8.5,500,18,136,284,88,0,500,6,4,66.7,2,33.3,229,1320,700,12,12,0,8,7,255,13,Matches,2017-2018
54,Mame Biram Diouf,sn SEN,"FW,DF",Stoke City,29,1987,28.8,952,68,183,343,433,90,952,26,11,42.3,15,57.7,448,2468,929,38,20,7,53,33,597,172,Matches,2017-2018
55,Daley Blind,nl NED,"DF,MF",Manchester Utd,27,1990,4.0,316,14,52,170,96,2,316,2,1,50.0,1,50.0,163,698,390,9,5,0,4,3,199,22,Matches,2017-2018
56,Jeremie Boga,ci CIV,MF,Chelsea,20,1997,0.2,5,0,0,2,3,0,5,0,0,,0,,4,7,2,0,0,0,1,0,5,1,Matches,2017-2018
57,Yannick Bolasie,cd COD,FW,Everton,28,1989,9.5,391,5,49,130,221,25,391,36,17,47.2,19,52.8,257,1939,961,39,24,5,30,25,269,52,Matches,2017-2018
58,Gaëtan Bong,cm CMR,DF,Brighton,29,1988,24.8,1334,111,473,589,285,4,1334,29,16,55.2,13,44.8,577,3312,1891,50,36,3,21,11,613,32,Matches,2017-2018
59,Wilfried Bony,ci CIV,FW,Swansea City,28,1988,7.9,290,19,26,167,101,18,290,13,10,76.9,3,23.1,154,604,240,7,12,0,24,16,232,41,Matches,2017-2018
60,Sofiane Boufal,ma MAR,"FW,MF",Southampton,23,1993,13.5,793,9,78,335,401,54,793,96,61,63.5,35,36.5,576,4103,2219,78,54,23,40,41,610,114,Matches,2017-2018
61,Robbie Brady,ie IRL,MF,Burnley,25,1992,14.2,731,25,99,316,323,18,731,25,16,64.0,9,36.0,348,2126,1013,32,30,8,18,20,409,67,Matches,2017-2018
62,Claudio Bravo,cl CHI,GK,Manchester City,34,1983,2.5,72,60,72,0,0,0,72,0,0,,0,,52,258,175,0,0,0,0,0,37,0,Matches,2017-2018
63,Miguel Britos,uy URU,DF,Watford,32,1985,8.9,494,34,204,266,28,5,494,4,2,50.0,2,50.0,264,1333,759,5,6,1,5,1,281,4,Matches,2017-2018
64,Leon Britton,eng ENG,MF,Swansea City,34,1982,3.4,154,1,21,118,16,2,154,1,0,0.0,1,100.0,65,345,122,1,4,1,2,3,100,0,Matches,2017-2018
65,Izzy Brown,eng ENG,"MF,FW",Brighton,20,1997,3.5,167,4,25,80,65,5,167,10,6,60.0,4,40.0,101,623,244,9,5,2,4,7,127,22,Matches,2017-2018
66,Bruno,es ESP,DF,Brighton,36,1980,22.4,1405,101,507,640,268,12,1405,20,15,75.0,5,25.0,641,2367,1262,20,18,5,13,8,821,55,Matches,2017-2018
67,Chris Brunt,nir NIR,"MF,DF",West Brom,32,1984,21.3,1263,66,313,637,327,13,1263,15,15,100.0,0,0.0,626,2879,1398,24,17,2,14,16,664,37,Matches,2017-2018
68,Oliver Burke,sct SCO,"FW,MF",West Brom,20,1997,4.1,209,1,23,77,113,17,209,20,13,65.0,7,35.0,136,1030,375,12,9,4,16,14,164,37,Matches,2017-2018
69,Jack Butland,eng ENG,GK,Stoke City,24,1993,35.0,1403,1123,1385,18,0,0,1403,1,0,0.0,1,100.0,585,4648,3132,0,0,0,2,0,421,0,Matches,2017-2018
70,Sam Byram,eng ENG,"DF,MF",West Ham,23,1993,2.8,170,13,47,71,53,4,170,3,2,66.7,1,33.3,50,305,137,5,4,1,5,0,72,10,Matches,2017-2018
71,Willy Caballero,ar ARG,GK,Chelsea,35,1981,3.0,109,92,106,4,0,0,109,0,0,,0,,55,311,151,0,0,0,0,0,56,0,Matches,2017-2018
72,Yohan Cabaye,fr FRA,MF,Crystal Palace,31,1986,26.4,1769,38,331,1005,447,31,1769,22,9,40.9,13,59.1,922,3427,1562,13,25,1,37,29,1028,37,Matches,2017-2018
73,Gary Cahill,eng ENG,DF,Chelsea,31,1985,23.2,1585,142,773,751,68,13,1585,4,4,100.0,0,0.0,931,5001,2766,17,15,1,8,3,1033,8,Matches,2017-2018
74,Dominic Calvert-Lewin,eng ENG,FW,Everton,20,1997,20.9,763,22,65,303,408,77,763,43,21,48.8,22,51.2,397,2569,993,42,30,16,70,40,599,125,Matches,2017-2018
75,Geoff Cameron,us USA,"DF,MF",Stoke City,32,1985,16.9,777,94,283,431,77,9,777,22,14,63.6,8,36.4,354,1989,915,9,6,1,18,11,345,15,Matches,2017-2018
76,Tyrese Campbell,eng ENG,FW,Stoke City,17,1999,0.9,31,1,2,9,20,4,31,0,0,,0,,15,41,17,1,0,1,3,3,19,4,Matches,2017-2018
77,Emre Can,de GER,MF,Liverpool,23,1994,23.2,1821,52,343,1177,328,32,1821,32,24,75.0,8,25.0,1084,7084,4252,84,56,9,30,15,1266,48,Matches,2017-2018
78,Étienne Capoue,fr FRA,MF,Watford,29,1988,17.1,1078,57,180,771,134,6,1078,23,13,56.5,10,43.5,611,2428,968,8,17,1,8,18,644,22,Matches,2017-2018
79,Michael Carrick,eng ENG,MF,Manchester Utd,36,1981,1.2,108,6,22,77,10,1,108,2,2,100.0,0,0.0,65,211,125,0,0,0,0,2,82,1,Matches,2017-2018
80,André Carrillo,pe PER,"FW,MF",Watford,26,1991,17.1,958,16,148,455,374,51,958,82,59,72.0,23,28.0,674,4218,2107,71,52,21,51,42,718,97,Matches,2017-2018
81,Guido Carrillo,ar ARG,FW,Southampton,26,1991,5.0,169,5,9,87,75,25,169,4,3,75.0,1,25.0,67,235,71,3,4,1,12,2,119,32,Matches,2017-2018
82,Andy Carroll,eng ENG,FW,West Ham,28,1989,8.3,351,18,27,167,160,39,351,13,9,69.2,4,30.8,149,754,161,6,7,2,21,10,263,42,Matches,2017-2018
83,Tom Carroll,eng ENG,MF,Swansea City,25,1992,28.6,1799,38,251,1068,495,20,1799,19,14,73.7,5,26.3,920,4587,2313,54,36,5,37,21,1253,57,Matches,2017-2018
84,Craig Cathcart,nir NIR,DF,Watford,28,1989,5.8,245,38,127,117,4,3,245,2,1,50.0,1,50.0,124,523,279,2,0,0,0,0,125,0,Matches,2017-2018
85,Petr Čech,cz CZE,GK,Arsenal,35,1982,33.8,1128,984,1123,5,0,0,1128,3,2,66.7,1,33.3,514,2918,2025,0,0,0,1,0,437,0,Matches,2017-2018
86,Nacer Chadli,be BEL,"FW,MF",West Brom,27,1989,2.9,96,3,13,39,45,6,96,1,1,100.0,0,0.0,59,281,139,4,4,2,4,4,61,8,Matches,2017-2018
87,Nathaniel Chalobah,eng ENG,MF,Watford,22,1994,5.0,236,11,44,145,54,11,236,12,7,58.3,5,41.7,139,700,343,7,7,2,5,4,142,14,Matches,2017-2018
88,Calum Chambers,eng ENG,DF,Arsenal,22,1995,9.6,759,70,314,377,74,14,759,10,7,70.0,3,30.0,456,2129,1147,11,11,0,9,6,479,20,Matches,2017-2018
89,Ben Chilwell,eng ENG,DF,Leicester City,20,1996,20.6,1472,61,358,697,445,18,1472,52,31,59.6,21,40.4,670,5186,2937,85,55,6,41,18,839,121,Matches,2017-2018
90,Hamza Choudhury,bd BAN,"MF,DF",Leicester City,19,1997,4.2,213,9,58,140,18,0,213,1,0,0.0,1,100.0,120,590,239,2,4,0,4,2,122,1,Matches,2017-2018
91,Andreas Christensen,dk DEN,DF,Chelsea,21,1996,23.2,1589,150,768,790,41,22,1589,5,5,100.0,0,0.0,982,4823,2811,22,12,1,9,1,1073,2,Matches,2017-2018
92,Lee Chung-yong,kr KOR,"FW,MF",Crystal Palace,29,1988,1.5,91,0,8,42,42,3,91,2,2,100.0,0,0.0,61,351,75,4,3,1,4,3,66,16,Matches,2017-2018
93,Ciaran Clark,ie IRL,DF,Newcastle Utd,27,1989,19.4,952,152,550,355,50,24,952,5,4,80.0,1,20.0,449,2177,1236,12,7,1,7,2,465,3,Matches,2017-2018
94,Tom Cleverley,eng ENG,MF,Watford,27,1989,21.1,1391,21,192,817,399,15,1390,8,5,62.5,3,37.5,725,3030,1522,31,29,1,20,16,860,66,Matches,2017-2018
95,Sam Clucas,eng ENG,MF,Swansea City,26,1990,22.7,1051,38,228,575,262,30,1051,9,5,55.6,4,44.4,531,2888,1326,24,20,0,23,22,647,68,Matches,2017-2018
96,Nathaniel Clyne,eng ENG,"DF,FW",Liverpool,26,1991,1.9,159,2,23,75,61,5,159,2,0,0.0,2,100.0,67,289,111,5,1,0,4,2,90,29,Matches,2017-2018
97,Séamus Coleman,ie IRL,DF,Everton,28,1988,11.5,635,50,198,260,187,15,635,36,25,69.4,11,30.6,280,2136,1098,34,24,3,15,14,318,44,Matches,2017-2018
98,James Collins,wls WAL,DF,West Ham,33,1983,11.7,567,99,287,260,21,12,567,1,1,100.0,0,0.0,205,1064,639,5,1,0,2,0,254,1,Matches,2017-2018
99,Lewis Cook,eng ENG,MF,Bournemouth,20,1997,24.9,1521,52,334,974,243,11,1521,67,50,74.6,17,25.4,880,5378,2893,52,41,4,37,39,985,30,Matches,2017-2018
100,Steve Cook,eng ENG,DF,Bournemouth,26,1991,30.7,1831,261,1100,620,119,39,1831,2,1,50.0,1,50.0,704,4154,2241,15,6,1,15,7,883,9,Matches,2017-2018
101,Francis Coquelin,fr FRA,"MF,DF",Arsenal,26,1991,1.9,107,4,27,66,15,0,107,1,1,100.0,0,0.0,67,286,130,1,0,0,1,2,79,1,Matches,2017-2018
102,Jack Cork,eng ENG,MF,Burnley,28,1989,38.0,1959,91,394,1281,315,21,1959,42,31,73.8,11,26.2,966,4955,1898,39,40,2,67,44,1159,41,Matches,2017-2018
103,Thibaut Courtois,be BEL,GK,Chelsea,25,1992,35.0,1250,1140,1246,4,0,0,1250,0,0,,0,,635,4072,2260,0,0,0,1,0,615,0,Matches,2017-2018
104,Philippe Coutinho,br BRA,"MF,FW",Liverpool,25,1992,12.3,902,3,49,428,436,34,902,60,39,65.0,21,35.0,629,4482,2464,69,55,16,19,26,708,94,Matches,2017-2018
105,Martin Cranie,eng ENG,DF,Huddersfield,30,1986,2.0,111,11,68,42,2,1,111,1,1,100.0,0,0.0,53,246,120,0,1,0,2,0,66,0,Matches,2017-2018
106,Aaron Cresswell,eng ENG,DF,West Ham,27,1989,34.1,2035,120,572,982,497,15,2035,14,5,35.7,9,64.3,870,4032,1959,35,48,1,26,20,1076,62,Matches,2017-2018
107,Peter Crouch,eng ENG,FW,Stoke City,36,1981,17.4,771,32,65,388,320,82,771,8,6,75.0,2,25.0,294,931,302,9,9,0,36,22,631,85,Matches,2017-2018
108,Josh Cullen,ie IRL,MF,West Ham,21,1996,0.1,6,0,2,1,3,0,6,0,0,,0,,1,11,0,0,0,0,0,0,2,0,Matches,2017-2018
109,Charlie Daniels,eng ENG,"DF,MF",Bournemouth,30,1986,33.4,2337,120,746,960,654,29,2337,23,13,56.5,10,43.5,1061,6375,3712,104,72,5,38,16,1314,165,Matches,2017-2018
110,Danilo,br BRA,DF,Manchester City,26,1991,15.0,1422,32,283,799,345,29,1422,13,8,61.5,5,38.5,834,3547,2087,40,35,6,14,4,1038,74,Matches,2017-2018
111,Scott Dann,eng ENG,DF,Crystal Palace,30,1987,15.9,756,98,379,324,56,33,756,7,7,100.0,0,0.0,367,1716,896,7,4,0,4,2,391,3,Matches,2017-2018
112,Karl Darlow,wls WAL,GK,Newcastle Utd,26,1990,10.0,366,303,363,3,0,0,366,0,0,,0,,166,1105,816,0,0,0,0,0,123,0,Matches,2017-2018
113,Matteo Darmian,it ITA,DF,Manchester Utd,27,1989,4.9,311,24,89,168,55,2,311,2,1,50.0,1,50.0,129,456,246,7,0,1,3,2,167,10,Matches,2017-2018
114,Ben Davies,wls WAL,DF,Tottenham,24,1993,25.8,1976,72,402,928,655,37,1976,21,15,71.4,6,28.6,859,4422,2674,73,52,8,26,16,1176,178,Matches,2017-2018
115,Tom Davies,eng ENG,MF,Everton,19,1998,21.1,924,24,158,443,332,26,924,37,26,70.3,11,29.7,559,2987,1227,36,22,6,51,39,631,70,Matches,2017-2018
116,Steven Davis,nir NIR,MF,Southampton,32,1985,16.9,1232,37,165,790,292,15,1232,15,9,60.0,6,40.0,719,3186,1574,23,25,2,17,16,838,56,Matches,2017-2018
117,Craig Dawson,eng ENG,DF,West Brom,27,1990,27.9,1443,164,632,603,213,49,1443,13,8,61.5,5,38.5,575,2846,1578,18,18,3,10,8,638,20,Matches,2017-2018
118,Kevin De Bruyne,be BEL,MF,Manchester City,26,1991,34.1,3348,20,246,1565,1582,83,3348,87,63,72.4,23,26.4,2150,12041,7119,183,174,30,64,60,2615,259,Matches,2017-2018
119,Troy Deeney,eng ENG,FW,Watford,29,1988,20.5,710,21,45,315,353,88,705,8,4,50.0,4,50.0,320,1025,320,3,10,1,23,28,520,126,Matches,2017-2018
120,Jermain Defoe,eng ENG,FW,Bournemouth,34,1982,12.1,230,1,9,84,138,57,230,13,3,23.1,10,76.9,157,728,239,9,2,9,22,16,163,59,Matches,2017-2018
121,Steven Defour,be BEL,MF,Burnley,29,1988,22.2,1256,40,247,829,195,6,1256,16,13,81.3,3,18.8,664,3651,1981,38,29,2,23,7,766,30,Matches,2017-2018
122,Damien Delaney,ie IRL,DF,Crystal Palace,36,1981,1.1,57,12,42,15,1,0,57,1,1,100.0,0,0.0,33,104,25,0,0,0,1,0,28,0,Matches,2017-2018
123,Fabian Delph,eng ENG,DF,Manchester City,27,1989,19.3,1972,35,408,1132,451,3,1972,32,30,93.8,2,6.3,1280,5627,2974,53,54,1,20,10,1415,63,Matches,2017-2018
124,Mousa Dembélé,be BEL,MF,Tottenham,30,1987,20.9,1600,26,207,1156,265,3,1600,81,68,84.0,13,16.0,1011,6562,3863,66,59,1,25,34,1187,26,Matches,2017-2018
125,Laurent Depoitre,be BEL,FW,Huddersfield,28,1988,20.2,710,36,79,378,262,57,710,26,12,46.2,14,53.8,319,1354,471,11,14,3,61,39,491,89,Matches,2017-2018
126,Mike van der Hoorn,nl NED,DF,Swansea City,24,1992,21.6,1132,167,611,468,60,19,1132,13,9,69.2,4,30.8,538,2895,1716,8,8,1,7,5,668,5,Matches,2017-2018
127,Gerard Deulofeu,es ESP,"FW,MF",Watford,23,1994,4.8,215,5,20,80,123,25,215,27,17,63.0,10,37.0,152,1047,548,23,14,11,16,7,147,32,Matches,2017-2018
128,Fousseni Diabaté,ml MLI,"MF,FW",Leicester City,21,1995,6.5,330,4,53,122,165,13,330,34,16,47.1,17,50.0,213,1542,792,26,21,7,18,17,245,56,Matches,2017-2018
129,Mohamed Diamé,sn SEN,MF,Newcastle Utd,30,1987,22.7,1121,43,254,711,173,21,1121,42,25,59.5,17,40.5,599,2806,1365,25,28,1,27,41,623,22,Matches,2017-2018
130,Brahim Díaz,ma MAR,"FW,DF",Manchester City,17,1999,0.6,47,0,6,11,31,9,47,1,1,100.0,0,0.0,35,172,83,3,0,3,4,2,35,15,Matches,2017-2018
131,Eric Dier,eng ENG,"MF,DF",Tottenham,23,1994,31.4,2577,133,731,1583,277,36,2577,15,13,86.7,2,13.3,1316,6079,3263,35,27,0,11,17,1875,29,Matches,2017-2018
132,Abdoulaye Doucouré,ml MLI,MF,Watford,24,1993,36.9,2655,95,502,1608,585,66,2655,53,41,77.4,12,22.6,1604,7524,3931,73,62,7,55,46,1692,79,Matches,2017-2018
133,Aleksandar Dragović,at AUT,DF,Leicester City,26,1991,8.5,456,48,233,208,17,2,456,1,1,100.0,0,0.0,211,1231,825,4,1,0,1,2,234,1,Matches,2017-2018
134,Danny Drinkwater,eng ENG,MF,Chelsea,27,1990,5.9,446,10,79,281,88,7,446,4,3,75.0,1,25.0,256,1088,368,3,5,0,3,2,338,28,Matches,2017-2018
135,Martin Dúbravka,sk SVK,GK,Newcastle Utd,28,1989,12.0,370,291,367,4,0,0,370,0,0,,0,,172,1184,742,0,1,1,0,0,128,0,Matches,2017-2018
136,Shane Duffy,ie IRL,DF,Brighton,25,1992,36.6,1914,395,1257,572,93,65,1914,7,6,85.7,1,14.3,749,3575,1943,8,5,0,15,2,939,10,Matches,2017-2018
137,Paul Dummett,wls WAL,DF,Newcastle Utd,25,1991,17.8,986,106,394,444,150,4,986,0,0,,0,,313,1009,534,8,7,0,4,2,410,17,Matches,2017-2018
138,Lewis Dunk,eng ENG,DF,Brighton,25,1991,38.0,2038,307,1207,763,93,43,2038,13,10,76.9,3,23.1,937,5753,3347,25,15,2,21,8,1028,5,Matches,2017-2018
139,Nathan Dyer,eng ENG,"MF,FW",Swansea City,29,1987,14.5,702,3,83,326,305,29,702,48,23,47.9,25,52.1,431,3203,1478,53,41,7,40,29,530,119,Matches,2017-2018
140,Ederson,br BRA,GK,Manchester City,23,1993,35.5,1156,961,1144,14,0,0,1156,1,1,100.0,0,0.0,641,3008,1941,0,0,0,3,1,624,0,Matches,2017-2018
141,Tom Edwards,eng ENG,"DF,MF",Stoke City,18,1999,5.3,267,19,109,123,38,1,267,3,3,100.0,0,0.0,139,709,340,8,10,1,6,0,132,4,Matches,2017-2018
142,Rob Elliot,ie IRL,GK,Newcastle Utd,31,1986,16.0,574,471,569,6,0,0,574,0,0,,0,,220,1630,1284,0,0,0,0,0,178,0,Matches,2017-2018
143,Mohamed Elneny,eg EGY,MF,Arsenal,25,1992,9.6,923,33,149,581,197,12,923,4,3,75.0,1,25.0,677,2857,1430,13,20,1,7,8,736,21,Matches,2017-2018
144,Christian Eriksen,dk DEN,"MF,FW",Tottenham,25,1992,35.8,2863,19,189,1472,1225,93,2863,53,29,54.7,24,45.3,1604,8387,3836,83,103,11,75,72,2081,237,Matches,2017-2018
145,Jonny Evans,nir NIR,DF,West Brom,29,1988,25.2,1241,156,696,504,47,19,1241,10,10,100.0,0,0.0,613,3504,2043,21,10,1,10,6,599,9,Matches,2017-2018
146,Patrice Evra,fr FRA,"DF,MF",West Ham,36,1981,2.5,144,8,48,75,21,0,144,3,3,100.0,0,0.0,60,281,134,4,4,0,0,5,72,4,Matches,2017-2018
147,Łukasz Fabiański,pl POL,GK,Swansea City,32,1985,38.0,1345,1213,1343,2,0,0,1345,0,0,,0,,590,4010,2601,0,1,1,0,0,475,0,Matches,2017-2018
148,Cesc Fàbregas,es ESP,MF,Chelsea,30,1987,25.6,2553,51,401,1288,887,66,2553,24,18,75.0,6,25.0,1481,5986,3227,55,53,6,21,24,1854,135,Matches,2017-2018
149,Marouane Fellaini,be BEL,MF,Manchester Utd,29,1987,6.9,488,29,97,314,81,19,488,7,5,71.4,2,28.6,262,1019,382,5,7,0,13,13,351,11,Matches,2017-2018
150,Kiko Femenía,es ESP,"DF,FW",Watford,26,1991,19.0,1170,38,290,528,363,22,1170,32,25,78.1,7,21.9,659,3170,1722,54,38,9,24,13,701,103,Matches,2017-2018
151,Leroy Fer,nl NED,MF,Swansea City,27,1990,15.5,790,31,152,494,157,13,790,32,26,81.3,6,18.8,367,2237,1045,22,21,3,28,20,540,23,Matches,2017-2018
152,Edimilson Fernandes,ch SUI,"MF,DF",West Ham,21,1996,9.4,383,7,80,235,76,10,383,13,10,76.9,3,23.1,216,1208,500,12,6,0,19,6,233,28,Matches,2017-2018
153,Federico Fernández,ar ARG,DF,Swansea City,28,1989,29.7,1557,247,921,602,46,23,1557,4,1,25.0,3,75.0,665,3638,2321,5,2,0,6,4,866,8,Matches,2017-2018
154,Fernandinho,br BRA,MF,Manchester City,32,1985,32.0,3319,89,580,2219,537,42,3319,25,22,88.0,3,12.0,2088,10091,6419,80,78,5,35,20,2567,38,Matches,2017-2018
155,Sam Field,eng ENG,MF,West Brom,19,1998,6.0,240,7,55,118,70,8,240,5,3,60.0,2,40.0,119,540,219,4,2,1,9,11,130,14,Matches,2017-2018
156,Roberto Firmino,br BRA,FW,Liverpool,25,1991,30.7,1576,11,71,696,829,183,1575,73,49,67.1,24,32.9,936,5044,2271,91,55,40,80,71,1203,305,Matches,2017-2018
157,Darren Fletcher,sct SCO,MF,Stoke City,33,1984,24.7,1284,55,250,865,187,6,1284,22,15,68.2,7,31.8,728,3242,1217,16,15,1,24,18,796,20,Matches,2017-2018
158,Phil Foden,eng ENG,"MF,FW",Manchester City,17,2000,0.5,53,1,4,21,28,4,53,3,3,100.0,0,0.0,26,185,73,6,2,2,2,0,43,3,Matches,2017-2018
159,José Fonte,pt POR,DF,West Ham,33,1983,7.6,445,46,160,257,31,10,445,1,1,100.0,0,0.0,214,1237,718,10,9,0,3,1,260,3,Matches,2017-2018
160,Fraser Forster,eng ENG,GK,Southampton,29,1988,20.0,570,496,568,2,0,0,570,0,0,,0,,250,1628,1191,0,1,1,4,0,184,0,Matches,2017-2018
161,Ben Foster,eng ENG,GK,West Brom,34,1983,37.0,1225,982,1198,28,0,0,1225,2,2,100.0,0,0.0,517,4336,3082,0,0,0,3,0,365,0,Matches,2017-2018
162,Timothy Fosu-Mensah,nl NED,DF,Crystal Palace,19,1998,17.7,937,71,343,467,137,6,937,18,11,61.1,7,38.9,450,2100,1166,25,10,3,14,6,458,31,Matches,2017-2018
163,Simon Francis,eng ENG,DF,Bournemouth,32,1985,30.1,2230,213,991,938,315,34,2230,17,11,64.7,6,35.3,964,4854,2427,33,29,3,10,10,1215,90,Matches,2017-2018
164,Ryan Fraser,sct SCO,"MF,DF",Bournemouth,23,1994,22.3,1194,32,205,433,568,61,1194,23,10,43.5,13,56.5,672,4110,2022,74,34,22,36,18,822,168,Matches,2017-2018
165,Christian Fuchs,at AUT,DF,Leicester City,31,1986,21.3,1466,93,431,702,346,4,1466,15,9,60.0,6,40.0,611,2931,1590,28,32,0,9,10,716,56,Matches,2017-2018
166,Jay Fulton,sct SCO,MF,Swansea City,23,1994,0.2,10,1,2,6,2,0,10,0,0,,0,,3,13,0,0,0,0,1,0,3,0,Matches,2017-2018
167,Ramiro Funes Mori,ar ARG,DF,Everton,26,1991,1.3,75,8,43,30,3,1,75,0,0,,0,,37,211,114,2,2,0,0,1,35,1,Matches,2017-2018
168,Manolo Gabbiadini,it ITA,FW,Southampton,25,1991,12.0,296,7,24,140,137,31,295,12,6,50.0,5,41.7,162,661,260,12,4,4,13,7,209,58,Matches,2017-2018
169,Jesús Gámez,es ESP,DF,Newcastle Utd,32,1985,1.1,78,6,25,27,26,1,78,1,1,100.0,0,0.0,40,170,112,2,3,1,1,0,43,3,Matches,2017-2018
170,Idrissa Gana Gueye,sn SEN,MF,Everton,27,1989,30.6,1961,59,443,1220,320,11,1961,27,18,66.7,9,33.3,1009,5042,2344,26,28,2,42,32,1168,27,Matches,2017-2018
171,Dwight Gayle,eng ENG,FW,Newcastle Utd,26,1990,21.8,636,21,36,298,307,86,636,18,9,50.0,9,50.0,346,1431,649,23,18,9,54,24,476,115,Matches,2017-2018
172,Paulo Gazzaniga,ar ARG,GK,Tottenham,25,1992,1.0,28,23,28,0,0,0,28,0,0,,0,,9,25,17,0,0,0,0,0,11,0,Matches,2017-2018
173,David de Gea,es ESP,GK,Manchester Utd,26,1990,37.0,1158,1048,1156,2,0,0,1158,1,1,100.0,0,0.0,450,3332,2520,0,0,0,0,0,427,0,Matches,2017-2018
174,Kieran Gibbs,eng ENG,DF,West Brom,27,1989,31.4,1676,106,530,710,447,25,1676,37,24,64.9,13,35.1,716,4326,2276,59,49,3,21,18,769,89,Matches,2017-2018
175,Olivier Giroud,fr FRA,FW,Arsenal,30,1986,4.3,185,5,18,64,104,37,185,1,1,100.0,0,0.0,85,204,77,3,0,0,13,5,150,39,Matches,2017-2018
176,Olivier Giroud,fr FRA,FW,Chelsea,30,1986,6.8,320,6,24,111,188,62,320,7,2,28.6,5,71.4,157,470,176,7,6,4,23,9,251,61,Matches,2017-2018
177,Connor Goldson,eng ENG,DF,Brighton,24,1992,2.2,107,13,55,48,4,3,107,0,0,,0,,49,253,169,1,0,0,0,0,52,0,Matches,2017-2018
178,Heurelho Gomes,br BRA,GK,Watford,36,1981,23.6,814,669,803,11,0,0,814,0,0,,0,,385,2300,1531,0,0,0,2,0,244,0,Matches,2017-2018
179,Joe Gomez,eng ENG,DF,Liverpool,20,1997,21.1,1808,54,422,1085,314,8,1808,26,23,88.5,3,11.5,829,4322,2611,54,36,2,16,13,1083,65,Matches,2017-2018
180,Dan Gosling,eng ENG,MF,Bournemouth,27,1990,21.6,1313,61,300,805,216,24,1313,24,18,75.0,6,25.0,578,2602,1164,18,18,4,34,31,761,25,Matches,2017-2018
181,Lee Grant,eng ENG,GK,Stoke City,34,1983,3.0,97,75,96,1,0,0,97,0,0,,0,,51,276,173,0,0,0,0,0,31,0,Matches,2017-2018
182,Andre Gray,jm JAM,FW,Watford,26,1991,16.6,462,4,14,186,263,76,462,11,2,18.2,9,81.8,300,1201,431,18,8,10,49,23,371,133,Matches,2017-2018
183,Demarai Gray,jm JAM,"MF,FW",Leicester City,21,1996,18.9,862,13,95,390,396,57,862,63,38,60.3,25,39.7,540,4403,2223,80,49,29,38,29,607,126,Matches,2017-2018
184,Pascal Groß,de GER,"FW,MF",Brighton,26,1991,32.5,1709,23,201,729,794,57,1708,15,11,73.3,4,26.7,892,4221,1808,54,50,9,64,38,1145,241,Matches,2017-2018
185,Marko Grujić,rs SRB,"MF,DF",Liverpool,21,1996,0.2,15,0,1,14,2,0,15,0,0,,0,,7,50,33,0,0,0,0,1,9,0,Matches,2017-2018
186,İlkay Gündoğan,de GER,MF,Manchester City,26,1990,16.9,1577,24,170,980,443,50,1576,35,26,74.3,9,25.7,1019,5020,2693,61,62,11,34,20,1324,83,Matches,2017-2018
187,Florent Hadergjonaj,xk KVX,"DF,MF",Huddersfield,23,1994,18.6,1084,57,262,454,382,15,1084,28,16,57.1,12,42.9,467,2798,1491,40,32,2,11,5,578,111,Matches,2017-2018
188,Massadio Haïdara,ml MLI,FW,Newcastle Utd,24,1992,0.0,2,0,0,2,0,0,2,0,0,,0,,2,16,7,0,0,0,0,0,2,0,Matches,2017-2018
189,Ben Hamer,eng ENG,GK,Leicester City,29,1987,3.1,94,78,93,1,0,0,94,0,0,,0,,41,284,198,0,0,0,0,0,34,0,Matches,2017-2018
190,Rekeem Harper,eng ENG,MF,West Brom,17,2000,0.2,7,0,1,4,3,0,7,1,0,0.0,1,100.0,4,18,6,0,1,0,1,0,3,0,Matches,2017-2018
191,Joe Hart,eng ENG,GK,West Ham,30,1987,19.0,645,518,632,13,0,0,645,1,1,100.0,0,0.0,264,2087,1502,0,0,0,0,0,201,0,Matches,2017-2018
192,Isaac Hayden,eng ENG,MF,Newcastle Utd,22,1995,15.3,731,49,182,413,142,18,731,13,6,46.2,7,53.8,307,1220,472,17,6,6,10,23,370,23,Matches,2017-2018
193,Eden Hazard,be BEL,"FW,MF",Chelsea,26,1991,26.9,1702,1,76,631,1042,162,1700,200,165,82.5,35,17.5,1300,10444,5375,201,121,70,65,77,1471,302,Matches,2017-2018
194,Tom Heaton,eng ENG,GK,Burnley,31,1986,3.4,126,94,116,10,0,0,126,0,0,,0,,40,327,242,0,0,0,0,0,31,0,Matches,2017-2018
195,Michael Hefele,de GER,DF,Huddersfield,26,1990,0.4,16,3,9,7,0,0,16,0,0,,0,,7,72,54,1,1,0,0,0,5,0,Matches,2017-2018
196,Ahmed Hegazi,eg EGY,DF,West Brom,26,1991,37.6,1700,347,1044,585,83,36,1700,29,22,75.9,7,24.1,750,4084,2241,9,8,2,13,8,717,8,Matches,2017-2018
197,Tomer Hemed,il ISR,FW,Brighton,30,1987,9.4,331,11,33,177,124,25,331,17,7,41.2,10,58.8,157,668,165,6,5,3,18,16,246,51,Matches,2017-2018
198,Jordan Henderson,eng ENG,MF,Liverpool,27,1990,24.1,2288,34,329,1626,351,17,2288,15,8,53.3,7,46.7,1209,5362,2428,32,34,3,15,12,1650,37,Matches,2017-2018
199,Jeff Hendrick,ie IRL,"FW,MF",Burnley,25,1992,25.9,1005,22,122,565,330,47,1005,32,24,75.0,8,25.0,577,2810,1281,37,27,5,44,34,705,114,Matches,2017-2018
200,Wayne Hennessey,wls WAL,GK,Crystal Palace,30,1987,27.0,846,716,831,15,0,0,846,0,0,,0,,361,2683,2039,0,0,0,0,0,206,0,Matches,2017-2018
201,Javier Hernández,mx MEX,FW,West Ham,29,1988,17.2,534,5,27,279,235,52,534,33,22,66.7,11,33.3,355,1956,474,10,11,5,40,38,440,103,Matches,2017-2018
202,Ander Herrera,es ESP,MF,Manchester Utd,27,1989,14.1,1236,50,277,720,246,14,1236,14,10,71.4,4,28.6,631,2790,1417,12,19,1,15,15,902,19,Matches,2017-2018
203,Son Heung-min,kr KOR,FW,Tottenham,25,1992,25.6,1264,13,70,420,791,156,1264,101,58,57.4,43,42.6,831,5794,2729,111,46,68,65,57,1067,339,Matches,2017-2018
204,Wesley Hoedt,nl NED,DF,Southampton,23,1994,28.0,1694,180,732,934,50,19,1694,27,25,92.6,2,7.4,947,6065,3908,21,15,1,13,5,935,3,Matches,2017-2018
205,Jonathan Hogg,eng ENG,MF,Huddersfield,28,1988,26.6,1739,87,506,1056,194,4,1739,12,8,66.7,4,33.3,833,4093,1687,21,21,1,25,17,1003,10,Matches,2017-2018
206,Rob Holding,eng ENG,DF,Arsenal,21,1995,9.1,721,65,317,371,36,4,721,8,5,62.5,3,37.5,450,2130,1293,6,13,0,7,6,474,2,Matches,2017-2018
207,José Holebas,gr GRE,DF,Watford,33,1984,26.5,1805,86,476,780,574,13,1805,47,23,48.9,24,51.1,760,3818,1795,53,36,3,28,22,762,84,Matches,2017-2018
208,Mason Holgate,eng ENG,DF,Everton,20,1996,13.2,721,78,305,322,98,14,721,12,8,66.7,4,33.3,288,1379,871,8,6,2,11,3,374,25,Matches,2017-2018
209,Callum Hudson-Odoi,eng ENG,"FW,DF",Chelsea,16,2000,0.3,24,0,0,13,11,2,24,5,5,100.0,0,0.0,20,199,114,5,2,1,4,0,23,5,Matches,2017-2018
210,Will Hughes,eng ENG,MF,Watford,22,1995,11.0,551,9,50,282,227,29,551,10,7,70.0,3,30.0,323,1500,709,16,23,1,20,22,364,58,Matches,2017-2018
211,Jordan Hugill,eng ENG,FW,West Ham,25,1992,0.3,12,0,1,9,2,0,12,2,1,50.0,1,50.0,9,57,0,0,0,0,0,2,13,0,Matches,2017-2018
212,Uwe Hünemeier,de GER,DF,Brighton,31,1986,0.2,8,4,4,2,2,1,8,0,0,,0,,1,6,6,0,0,0,0,0,4,1,Matches,2017-2018
213,Emerson Hyndman,us USA,MF,Bournemouth,21,1996,0.6,30,0,8,18,4,0,30,0,0,,0,,13,43,16,0,0,0,3,0,18,0,Matches,2017-2018
214,Pierre Højbjerg,dk DEN,MF,Southampton,21,1995,18.6,1350,30,235,909,224,11,1350,33,21,63.6,12,36.4,796,3633,1527,19,25,3,33,24,867,37,Matches,2017-2018
215,Jordon Ibe,eng ENG,"MF,FW",Bournemouth,21,1995,22.2,1044,11,104,424,535,53,1044,87,37,42.5,50,57.5,681,5318,2441,78,59,26,46,50,780,149,Matches,2017-2018
216,Vicente Iborra,es ESP,MF,Leicester City,29,1988,15.7,1017,74,246,676,106,19,1017,14,11,78.6,3,21.4,493,2235,1169,8,8,0,7,7,665,15,Matches,2017-2018
217,Zlatan Ibrahimović,se SWE,"MF,FW",Manchester Utd,35,1981,1.2,89,1,2,42,45,10,89,0,0,,0,,55,292,155,6,6,2,1,2,74,12,Matches,2017-2018
218,Kelechi Iheanacho,ng NGA,"FW,MF",Leicester City,20,1996,9.2,352,8,40,149,167,33,352,18,13,72.2,5,27.8,220,1280,690,21,18,3,26,14,267,54,Matches,2017-2018
219,Tom Ince,eng ENG,"MF,FW",Huddersfield,25,1992,27.2,1042,16,141,450,469,79,1042,57,27,47.4,30,52.6,621,4477,1948,57,40,20,59,31,668,125,Matches,2017-2018
220,Danny Ings,eng ENG,FW,Liverpool,25,1992,3.0,118,3,11,43,65,20,118,4,1,25.0,3,75.0,69,246,66,2,2,1,11,6,87,23,Matches,2017-2018
221,Stephen Ireland,ie IRL,"MF,FW",Stoke City,30,1986,1.5,82,5,17,49,16,2,82,1,1,100.0,0,0.0,45,141,42,0,0,0,0,1,60,5,Matches,2017-2018
222,Alex Iwobi,ng NGA,"MF,FW",Arsenal,21,1996,20.3,1358,16,146,604,627,80,1358,52,36,69.2,16,30.8,1058,6230,3418,93,80,25,42,31,1131,146,Matches,2017-2018
223,José Izquierdo,co COL,"MF,FW",Brighton,25,1992,22.0,779,24,164,239,393,83,779,51,32,62.7,19,37.3,486,3655,2040,67,36,30,50,22,500,161,Matches,2017-2018
224,Phil Jagielka,eng ENG,DF,Everton,34,1982,22.9,1302,155,696,575,37,19,1302,2,1,50.0,1,50.0,566,2264,1047,4,4,1,8,4,660,3,Matches,2017-2018
225,Eldin Jakupović,ch SUI,GK,Leicester City,32,1984,2.0,66,55,66,0,0,0,66,0,0,,0,,32,242,188,0,0,0,0,0,12,0,Matches,2017-2018
226,Matty James,eng ENG,MF,Leicester City,26,1991,11.0,556,28,131,343,86,10,556,12,8,66.7,4,33.3,238,1140,397,7,7,0,14,5,330,14,Matches,2017-2018
227,Daryl Janmaat,nl NED,DF,Watford,28,1989,20.2,1264,76,373,587,313,21,1264,22,10,45.5,12,54.5,565,2345,1272,29,27,3,13,9,640,55,Matches,2017-2018
228,Vincent Janssen,nl NED,DF,Tottenham,23,1994,0.0,0,0,0,0,0,0,0,0,0,,0,,0,0,0,0,0,0,0,0,0,0,Matches,2017-2018
229,Jesé,es ESP,"FW,MF",Stoke City,24,1993,6.8,230,5,26,108,105,21,230,24,15,62.5,9,37.5,160,1279,566,19,11,10,14,16,157,51,Matches,2017-2018
230,Gabriel Jesus,br BRA,FW,Manchester City,20,1997,18.5,790,3,47,312,439,121,788,37,24,64.9,13,35.1,443,1865,800,28,21,14,43,26,607,181,Matches,2017-2018
231,Glen Johnson,eng ENG,DF,Stoke City,32,1984,6.1,294,26,110,135,52,8,294,4,3,75.0,1,25.0,136,604,281,5,4,1,4,6,135,9,Matches,2017-2018
232,Phil Jones,eng ENG,DF,Manchester Utd,25,1992,21.9,1332,153,732,577,34,3,1332,9,7,77.8,2,22.2,692,2858,1556,13,3,0,7,1,819,0,Matches,2017-2018
233,Joselu,es ESP,FW,Newcastle Utd,27,1990,19.0,820,34,104,442,279,55,819,17,7,41.2,10,58.8,372,1068,317,5,9,5,41,19,621,107,Matches,2017-2018
234,Mathias Jørgensen,dk DEN,DF,Huddersfield,27,1990,38.0,2033,216,1029,957,61,28,2033,3,3,100.0,0,0.0,843,4150,2681,21,15,1,12,0,1019,8,Matches,2017-2018
235,Christian Kabasele,be BEL,DF,Watford,26,1991,25.9,1232,193,648,553,37,26,1232,3,3,100.0,0,0.0,619,2913,1537,10,4,1,8,3,619,7,Matches,2017-2018
236,Younès Kaboul,fr FRA,DF,Watford,31,1986,1.7,103,9,52,44,7,1,103,1,0,0.0,1,100.0,52,283,142,2,1,0,0,0,52,0,Matches,2017-2018
237,Elias Kachunga,cd COD,"FW,MF",Huddersfield,25,1992,14.8,507,13,61,229,228,34,507,26,13,50.0,13,50.0,302,2321,958,32,20,7,24,30,353,95,Matches,2017-2018
238,Sullay Kaikai,sl SLE,MF,Crystal Palace,21,1995,0.2,12,1,1,3,8,0,12,2,2,100.0,0,0.0,5,39,19,0,0,0,1,0,5,0,Matches,2017-2018
239,Harry Kane,eng ENG,FW,Tottenham,24,1993,34.2,1108,24,37,406,677,214,1105,96,47,49.0,48,50.0,725,4128,1401,58,30,26,64,60,894,261,Matches,2017-2018
240,N'Golo Kanté,fr FRA,MF,Chelsea,26,1991,33.3,2523,45,485,1532,551,17,2523,57,47,82.5,10,17.5,1640,9568,5272,88,85,2,44,42,1758,45,Matches,2017-2018
241,Loris Karius,de GER,GK,Liverpool,24,1993,19.0,653,549,652,1,0,0,653,0,0,,0,,285,1402,860,0,0,0,0,1,330,0,Matches,2017-2018
242,Orestis Karnezis,gr GRE,GK,Watford,32,1985,14.4,433,344,425,8,0,0,433,0,0,,0,,204,1582,1109,0,1,1,1,0,110,0,Matches,2017-2018
243,Beram Kayal,il ISR,MF,Brighton,29,1988,8.3,317,14,77,188,56,6,317,10,5,50.0,5,50.0,139,711,313,4,3,0,7,8,157,13,Matches,2017-2018
244,Michael Keane,eng ENG,DF,Everton,24,1993,28.4,1555,214,846,656,60,28,1555,7,7,100.0,0,0.0,694,3662,2227,11,13,1,15,3,797,3,Matches,2017-2018
245,Martin Kelly,eng ENG,DF,Crystal Palace,27,1990,13.3,523,67,263,230,32,6,523,3,2,66.7,1,33.3,242,996,461,5,3,0,3,1,246,3,Matches,2017-2018
246,Kenedy,br BRA,"MF,DF",Newcastle Utd,21,1996,11.4,582,11,111,245,237,21,582,34,16,47.1,18,52.9,365,2092,1120,30,29,5,44,20,346,55,Matches,2017-2018
247,Jonjoe Kenny,eng ENG,DF,Everton,20,1997,17.7,1069,78,353,419,305,9,1069,16,6,37.5,10,62.5,410,1639,739,16,16,0,21,6,469,51,Matches,2017-2018
248,Andy King,wls WAL,MF,Leicester City,28,1988,6.0,264,13,55,152,58,9,264,4,1,25.0,3,75.0,113,521,227,3,1,1,5,0,166,6,Matches,2017-2018
249,Andy King,wls WAL,MF,Swansea City,28,1988,7.9,414,16,87,252,80,8,414,1,1,100.0,0,0.0,235,995,443,5,10,0,2,3,259,5,Matches,2017-2018
250,Joshua King,no NOR,"FW,MF",Bournemouth,25,1992,27.3,1106,23,97,500,540,128,1104,143,62,43.4,79,55.2,762,5348,2344,84,62,28,87,84,856,215,Matches,2017-2018
251,Davy Klaassen,nl NED,"MF,FW",Everton,24,1993,2.8,122,1,21,59,44,3,122,1,0,0.0,1,100.0,52,176,82,1,3,0,4,1,77,4,Matches,2017-2018
252,Ragnar Klavan,ee EST,DF,Liverpool,31,1985,16.1,1359,88,606,723,36,6,1359,5,4,80.0,1,20.0,810,4692,2854,15,8,0,8,2,989,5,Matches,2017-2018
253,Anthony Knockaert,fr FRA,"MF,FW",Brighton,25,1991,26.9,1360,35,233,595,576,69,1360,94,62,66.0,32,34.0,838,6396,3372,92,65,21,46,30,935,153,Matches,2017-2018
254,Sead Kolašinac,ba BIH,DF,Arsenal,24,1993,23.9,1726,56,403,766,565,86,1726,22,12,54.5,10,45.5,935,4189,2707,68,52,17,22,16,1108,186,Matches,2017-2018
255,Vincent Kompany,be BEL,DF,Manchester City,31,1986,15.5,1568,101,609,915,51,11,1568,3,3,100.0,0,0.0,970,5121,3284,31,14,1,6,2,1218,3,Matches,2017-2018
256,Terence Kongolo,nl NED,DF,Huddersfield,23,1994,11.7,566,56,236,244,90,7,566,10,7,70.0,3,30.0,198,916,468,7,6,3,9,5,225,21,Matches,2017-2018
257,Laurent Koscielny,fr FRA,DF,Arsenal,31,1985,24.7,2061,163,864,1110,96,16,2061,3,2,66.7,1,33.3,1253,6119,3571,25,25,0,12,4,1358,10,Matches,2017-2018
258,Cheikhou Kouyaté,sn SEN,MF,West Ham,27,1989,31.1,1307,61,316,767,242,40,1307,33,20,60.6,13,39.4,585,3476,1326,27,20,0,50,29,702,64,Matches,2017-2018
259,Bojan Krkić,es ESP,MF,Stoke City,26,1990,0.8,32,0,5,13,14,2,32,1,1,100.0,0,0.0,21,132,38,1,1,1,1,2,25,3,Matches,2017-2018
260,Grzegorz Krychowiak,pl POL,MF,West Brom,27,1990,18.2,1025,37,217,623,205,7,1025,27,19,70.4,8,29.6,576,3126,1372,22,29,2,16,20,644,25,Matches,2017-2018
261,Rajiv van La Parra,nl NED,"FW,MF",Huddersfield,26,1991,23.7,1079,13,161,459,497,48,1078,129,68,52.7,61,47.3,752,7018,3171,114,79,22,75,57,747,136,Matches,2017-2018
262,Alexandre Lacazette,fr FRA,FW,Arsenal,26,1991,24.5,980,8,58,308,620,173,978,45,33,73.3,12,26.7,621,2501,906,39,12,27,62,50,756,233,Matches,2017-2018
263,Freddie Ladapo,eng ENG,FW,Crystal Palace,24,1993,0.2,9,0,0,3,6,0,9,0,0,,0,,8,27,11,1,1,0,0,0,7,1,Matches,2017-2018
264,Adam Lallana,eng ENG,"MF,FW",Liverpool,29,1988,2.7,261,1,20,121,123,19,261,7,6,85.7,1,14.3,180,906,393,12,8,2,10,10,220,38,Matches,2017-2018
265,Érik Lamela,ar ARG,"FW,MF",Tottenham,25,1992,9.4,598,4,43,270,297,42,598,36,23,63.9,13,36.1,345,2395,1010,30,31,10,24,19,464,116,Matches,2017-2018
266,Manuel Lanzini,ar ARG,"MF,FW",West Ham,24,1993,22.7,1515,13,156,868,524,53,1514,102,65,63.7,37,36.3,919,6089,2849,65,50,14,31,47,1109,96,Matches,2017-2018
267,Aymeric Laporte,es ESP,DF,Manchester City,23,1994,9.0,877,29,270,566,44,1,877,3,3,100.0,0,0.0,549,2801,1930,15,6,0,2,0,671,5,Matches,2017-2018
268,Jamaal Lascelles,eng ENG,DF,Newcastle Utd,23,1993,32.5,1561,238,912,597,60,32,1561,6,5,83.3,1,16.7,753,3840,2275,17,10,1,4,8,777,10,Matches,2017-2018
269,Florian Lejeune,fr FRA,DF,Newcastle Utd,26,1991,23.4,1368,162,747,584,52,19,1368,13,12,92.3,1,7.7,649,3566,2168,18,10,0,11,4,699,4,Matches,2017-2018
270,Mario Lemina,ga GAB,MF,Southampton,23,1993,19.1,1205,52,248,773,203,13,1205,62,55,88.7,7,11.3,826,5309,2902,51,34,4,22,31,821,36,Matches,2017-2018
271,Aaron Lennon,eng ENG,MF,Burnley,30,1987,12.4,410,15,69,159,186,28,410,19,10,52.6,9,47.4,231,1324,719,26,10,10,8,22,254,60,Matches,2017-2018
272,Aaron Lennon,eng ENG,"FW,MF",Everton,30,1987,8.8,309,6,57,127,128,15,309,18,5,27.8,13,72.2,146,852,489,17,8,9,11,10,187,33,Matches,2017-2018
273,Victor Lindelöf,se SWE,DF,Manchester Utd,23,1994,14.3,906,65,428,431,51,0,906,5,4,80.0,1,20.0,521,2891,1702,11,11,0,4,2,584,6,Matches,2017-2018
274,Jesse Lingard,eng ENG,"MF,FW",Manchester Utd,24,1992,20.2,1223,15,101,591,544,78,1223,52,28,53.8,24,46.2,705,4754,2486,78,68,15,51,19,962,143,Matches,2017-2018
275,Jake Livermore,eng ENG,MF,West Brom,27,1989,29.7,1385,51,276,859,263,34,1385,27,19,70.4,8,29.6,798,3614,1524,26,10,5,31,27,857,55,Matches,2017-2018
276,Fernando Llorente,es ESP,"FW,MF",Tottenham,32,1985,2.6,123,5,9,42,72,15,123,1,0,0.0,1,100.0,51,222,49,3,0,1,8,3,97,32,Matches,2017-2018
277,Hugo Lloris,fr FRA,GK,Tottenham,30,1986,36.0,1250,1102,1248,2,0,0,1250,1,1,100.0,0,0.0,608,2867,1674,0,0,0,0,0,602,0,Matches,2017-2018
278,Jürgen Locadia,cw CUW,"FW,MF",Brighton,23,1993,2.5,75,1,8,39,29,11,75,2,0,0.0,2,100.0,46,217,110,2,1,2,5,1,50,11,Matches,2017-2018
279,Ruben Loftus-Cheek,eng ENG,MF,Crystal Palace,21,1996,20.8,1017,30,160,470,410,75,1017,110,72,65.5,38,34.5,741,5140,3062,94,63,29,46,48,736,126,Matches,2017-2018
280,Joe Lolley,eng ENG,"FW,MF",Huddersfield,24,1992,2.5,103,0,11,58,37,5,103,9,3,33.3,6,66.7,68,559,336,11,9,2,8,6,70,17,Matches,2017-2018
281,Kevin Long,ie IRL,DF,Burnley,26,1990,16.0,781,116,443,306,35,24,781,0,0,,0,,274,1111,483,1,0,0,6,2,328,1,Matches,2017-2018
282,Shane Long,ie IRL,FW,Southampton,30,1987,17.6,605,30,51,235,325,82,605,14,9,64.3,5,35.7,334,1548,475,17,19,10,45,30,448,151,Matches,2017-2018
283,Ademola Lookman,ng NGA,"FW,MF",Everton,19,1997,1.8,78,1,15,31,35,4,78,13,8,61.5,5,38.5,50,461,196,8,6,4,9,4,53,7,Matches,2017-2018
284,Jonas Lössl,dk DEN,GK,Huddersfield,28,1989,38.0,1472,1188,1460,12,0,0,1472,3,3,100.0,0,0.0,639,4568,3050,0,0,0,2,0,571,0,Matches,2017-2018
285,Dejan Lovren,hr CRO,DF,Liverpool,28,1989,23.6,2073,120,922,1107,51,23,2073,1,0,0.0,1,100.0,1168,5589,3411,20,11,1,7,0,1450,7,Matches,2017-2018
286,Chris Löwe,de GER,DF,Huddersfield,28,1989,17.6,1066,56,352,485,235,2,1066,8,5,62.5,3,37.5,455,2794,1328,34,30,1,12,8,540,49,Matches,2017-2018
287,Matthew Lowton,eng ENG,DF,Burnley,28,1989,25.5,1464,140,468,696,308,11,1464,17,11,64.7,6,35.3,505,2287,1206,18,28,1,17,10,642,69,Matches,2017-2018
288,David Luiz,br BRA,"DF,MF",Chelsea,30,1987,9.3,605,56,300,287,29,3,605,5,3,60.0,2,40.0,399,2540,1505,19,6,0,7,4,396,4,Matches,2017-2018
289,Romelu Lukaku,be BEL,FW,Manchester Utd,24,1993,31.9,1032,26,45,424,571,151,1031,57,35,61.4,22,38.6,532,2998,1225,57,32,35,76,48,865,216,Matches,2017-2018
290,Dodi Lukebakio,be BEL,"MF,FW",Watford,19,1997,0.2,12,1,1,5,6,2,12,0,0,,0,,8,32,15,0,0,0,1,0,8,3,Matches,2017-2018
291,Levi Lumeka,eng ENG,FW,Crystal Palace,18,1998,0.3,15,0,2,7,6,1,15,3,1,33.3,2,66.7,14,87,24,2,1,0,1,1,13,3,Matches,2017-2018
292,Harry Maguire,eng ENG,DF,Leicester City,24,1993,38.0,2183,243,951,1067,201,80,2183,60,51,85.0,9,15.0,1082,8307,4619,58,33,8,25,18,1174,18,Matches,2017-2018
293,Riyad Mahrez,dz ALG,"MF,FW",Leicester City,26,1991,32.8,1880,18,181,921,820,109,1880,158,81,51.3,77,48.7,1157,8726,4009,121,100,53,92,64,1302,191,Matches,2017-2018
294,Ainsley Maitland-Niles,eng ENG,"DF,MF",Arsenal,19,1997,10.2,762,36,245,313,210,19,762,25,20,80.0,5,20.0,425,1881,937,21,18,5,18,14,478,58,Matches,2017-2018
295,Scott Malone,eng ENG,DF,Huddersfield,26,1991,12.4,886,42,291,321,290,19,886,30,15,50.0,15,50.0,320,2303,1342,48,26,9,21,11,413,69,Matches,2017-2018
296,Sadio Mané,sn SEN,FW,Liverpool,25,1992,24.3,1274,10,76,514,702,133,1274,86,55,64.0,31,36.0,911,6119,2959,112,77,46,69,48,1077,270,Matches,2017-2018
297,Eliaquim Mangala,fr FRA,DF,Everton,26,1991,1.5,85,5,39,39,8,3,85,2,2,100.0,0,0.0,56,350,232,3,1,0,0,2,52,0,Matches,2017-2018
298,Eliaquim Mangala,fr FRA,DF,Manchester City,26,1991,5.4,392,25,176,211,6,4,392,2,2,100.0,0,0.0,264,1558,999,5,2,0,1,5,281,1,Matches,2017-2018
299,Javier Manquillo,es ESP,DF,Newcastle Utd,23,1994,19.5,954,65,293,451,218,10,954,24,12,50.0,12,50.0,369,2133,1171,29,28,2,18,11,434,33,Matches,2017-2018
300,Solly March,eng ENG,"MF,FW",Brighton,23,1994,20.6,1029,44,252,385,410,36,1029,82,48,58.5,34,41.5,619,4348,1736,59,37,18,38,43,653,141,Matches,2017-2018
301,Adrian Mariappa,jm JAM,DF,Watford,30,1986,24.6,1309,140,636,610,69,18,1309,6,2,33.3,4,66.7,631,2491,1348,8,5,1,3,2,683,6,Matches,2017-2018
302,João Mário,pt POR,MF,West Ham,24,1993,11.4,595,4,58,269,276,33,595,26,17,65.4,8,30.8,371,2408,957,34,24,7,35,18,431,74,Matches,2017-2018
303,Anthony Martial,fr FRA,FW,Manchester Utd,21,1995,17.6,1006,11,75,366,579,120,1005,83,43,51.8,40,48.2,740,5334,3146,107,79,45,54,55,858,182,Matches,2017-2018
304,Cuco Martina,cw CUW,DF,Everton,27,1989,20.3,1308,92,468,565,281,8,1308,4,2,50.0,2,50.0,505,2163,1191,28,15,0,11,9,598,74,Matches,2017-2018
305,Bruno Martins Indi,nl NED,DF,Stoke City,25,1992,13.8,507,75,240,252,19,5,507,0,0,,0,,215,887,446,2,2,0,4,0,223,4,Matches,2017-2018
306,Arthur Masuaku,cd COD,DF,West Ham,23,1993,20.8,1217,76,311,502,441,24,1217,129,83,64.3,46,35.7,702,5923,3124,94,70,15,47,37,732,115,Matches,2017-2018
307,Juan Mata,es ESP,FW,Manchester Utd,29,1988,21.4,1469,15,117,651,715,90,1469,24,17,70.8,7,29.2,854,4361,2024,46,40,15,25,19,1133,162,Matches,2017-2018
308,Nemanja Matić,rs SRB,MF,Manchester Utd,28,1988,34.6,2970,115,683,1858,457,27,2970,65,54,83.1,11,16.9,1701,9838,5479,74,64,7,37,31,2052,23,Matches,2017-2018
309,Joël Matip,cm CMR,DF,Liverpool,25,1991,22.2,1883,118,761,1065,62,21,1883,4,3,75.0,1,25.0,1077,5554,4057,23,22,1,11,5,1346,5,Matches,2017-2018
310,Konstantinos Mavropanos,gr GRE,DF,Arsenal,19,1997,2.2,126,12,69,57,1,1,126,1,1,100.0,0,0.0,72,375,226,1,0,0,0,0,79,0,Matches,2017-2018
311,Alfie Mawson,eng ENG,DF,Swansea City,23,1994,38.0,2131,282,1182,894,72,37,2131,26,23,88.5,3,11.5,1026,6082,3551,29,14,1,13,14,1257,8,Matches,2017-2018
312,Eric Maxim Choupo-Moting,cm CMR,"FW,MF",Stoke City,28,1989,25.7,1049,37,159,449,476,99,1049,107,61,57.0,46,43.0,692,4496,2110,72,45,28,76,55,729,173,Matches,2017-2018
313,Chancel Mbemba,cd COD,DF,Newcastle Utd,22,1994,7.5,368,35,163,167,43,2,368,11,8,72.7,3,27.3,148,784,430,9,5,1,2,3,150,11,Matches,2017-2018
314,James McArthur,sct SCO,MF,Crystal Palace,29,1987,27.0,1401,61,281,756,376,68,1401,38,27,71.1,11,28.9,856,3821,1413,32,25,8,51,42,876,94,Matches,2017-2018
315,Gareth McAuley,nir NIR,DF,West Brom,37,1979,5.1,169,30,99,72,2,1,169,1,1,100.0,0,0.0,74,299,182,3,2,0,2,0,64,0,Matches,2017-2018
316,Oliver McBurnie,sct SCO,"FW,MF",Swansea City,21,1996,3.1,133,3,6,73,54,11,133,1,1,100.0,0,0.0,65,234,58,4,1,2,12,7,101,26,Matches,2017-2018
317,Alex McCarthy,eng ENG,GK,Southampton,27,1989,18.0,495,417,493,2,0,0,495,0,0,,0,,207,1574,1128,0,0,0,0,0,120,0,Matches,2017-2018
318,James McCarthy,ie IRL,MF,Everton,26,1990,2.3,130,3,18,81,33,1,130,3,3,100.0,0,0.0,56,197,55,0,1,0,3,1,61,4,Matches,2017-2018
319,James McClean,ie IRL,"MF,FW",West Brom,28,1989,15.6,662,21,160,234,282,31,662,40,22,55.0,17,42.5,400,2940,1385,49,29,10,30,28,409,94,Matches,2017-2018
320,Sam McQueen,eng ENG,"DF,MF",Southampton,22,1995,1.6,97,6,28,48,23,3,97,2,2,100.0,0,0.0,50,338,177,7,5,1,4,2,52,5,Matches,2017-2018
321,Scott McTominay,sct SCO,MF,Manchester Utd,20,1996,7.0,401,9,65,263,77,5,401,8,5,62.5,3,37.5,247,1429,593,11,5,1,7,10,299,8,Matches,2017-2018
322,Ben Mee,eng ENG,DF,Burnley,27,1989,29.0,1476,213,776,642,64,41,1476,3,3,100.0,0,0.0,639,2680,1505,5,6,0,9,3,725,3,Matches,2017-2018
323,Benjamin Mendy,fr FRA,"DF,FW",Manchester City,23,1994,4.0,312,6,42,127,144,7,312,8,3,37.5,5,62.5,173,814,554,21,9,2,3,6,199,62,Matches,2017-2018
324,Mikel Merino,es ESP,MF,Newcastle Utd,21,1996,15.0,1066,26,194,714,177,14,1066,40,28,70.0,12,30.0,570,2937,1494,25,21,3,33,34,604,15,Matches,2017-2018
325,Per Mertesacker,de GER,DF,Arsenal,32,1984,4.1,288,28,141,140,9,4,288,0,0,,0,,158,484,257,0,0,0,2,1,179,1,Matches,2017-2018
326,Roque Mesa,es ESP,MF,Swansea City,28,1989,8.4,551,16,144,362,59,0,551,8,5,62.5,3,37.5,297,1771,884,12,7,0,7,4,356,1,Matches,2017-2018
327,Simon Mignolet,be BEL,GK,Liverpool,29,1988,19.0,637,510,634,5,0,0,637,1,1,100.0,0,0.0,291,1602,978,0,0,0,0,0,304,0,Matches,2017-2018
328,Luka Milivojević,rs SRB,MF,Crystal Palace,26,1991,34.2,2083,104,514,1264,326,24,2075,37,28,75.7,9,24.3,1135,5291,2429,24,22,1,31,24,1177,18,Matches,2017-2018
329,James Milner,eng ENG,MF,Liverpool,31,1986,19.7,1826,39,197,1086,559,43,1826,16,12,75.0,4,25.0,1062,4925,2596,59,45,8,21,21,1353,163,Matches,2017-2018
330,Tyrone Mings,eng ENG,DF,Bournemouth,24,1993,2.2,138,20,86,48,4,1,138,1,1,100.0,0,0.0,76,344,162,1,0,0,1,1,80,1,Matches,2017-2018
331,Kevin Mirallas,be BEL,"FW,MF",Everton,29,1987,1.5,74,1,8,31,36,9,74,3,2,66.7,1,33.3,44,398,238,10,4,3,3,3,57,11,Matches,2017-2018
332,Aleksandar Mitrović,rs SRB,FW,Newcastle Utd,22,1994,1.1,70,2,2,27,42,10,70,4,2,50.0,2,50.0,53,253,88,4,2,2,2,3,61,15,Matches,2017-2018
333,Henrikh Mkhitaryan,am ARM,"FW,MF",Arsenal,28,1989,8.8,600,6,77,244,286,36,600,25,16,64.0,9,36.0,419,2448,1254,34,29,9,19,20,455,81,Matches,2017-2018
334,Henrikh Mkhitaryan,am ARM,"MF,FW",Manchester Utd,28,1989,10.2,694,3,61,302,341,22,694,31,14,45.2,17,54.8,373,2287,1254,40,40,4,24,22,529,69,Matches,2017-2018
335,Nacho Monreal,es ESP,DF,Arsenal,31,1986,24.9,2071,71,640,1136,305,32,2071,11,6,54.5,5,45.5,1299,6121,3366,41,40,2,8,6,1409,73,Matches,2017-2018
336,Aaron Mooy,au AUS,MF,Huddersfield,26,1990,34.1,2434,55,367,1376,722,29,2433,25,16,64.0,9,36.0,1321,6784,2823,55,59,3,37,57,1516,77,Matches,2017-2018
337,Álvaro Morata,es ESP,FW,Chelsea,24,1992,22.9,873,25,36,362,489,147,873,59,32,54.2,27,45.8,570,3210,1311,54,35,37,75,62,750,228,Matches,2017-2018
338,Alberto Moreno,es ESP,DF,Liverpool,25,1992,14.1,1087,31,291,536,273,15,1087,9,6,66.7,3,33.3,501,2290,1261,32,19,2,7,4,683,81,Matches,2017-2018
339,Wes Morgan,jm JAM,DF,Leicester City,33,1984,31.3,1215,175,626,540,52,27,1215,12,9,75.0,3,25.0,511,3047,1388,13,3,1,7,8,614,11,Matches,2017-2018
340,James Morrison,sct SCO,MF,West Brom,31,1986,2.3,104,3,13,49,43,5,104,2,2,100.0,0,0.0,66,260,117,1,2,0,2,2,82,16,Matches,2017-2018
341,Victor Moses,ng NGA,"DF,MF",Chelsea,26,1990,23.4,1373,53,372,452,568,80,1373,55,32,58.2,23,41.8,693,4127,2677,95,31,26,20,20,788,203,Matches,2017-2018
342,Steve Mounié,bj BEN,FW,Huddersfield,22,1994,20.6,758,31,60,370,334,74,758,19,13,68.4,6,31.6,380,1850,450,13,13,9,56,59,568,93,Matches,2017-2018
343,Lucas Moura,br BRA,"FW,MF",Tottenham,24,1992,2.3,146,2,14,58,76,7,146,12,6,50.0,6,50.0,113,848,432,15,11,3,6,10,127,37,Matches,2017-2018
344,Lys Mousset,fr FRA,"FW,MF",Bournemouth,21,1996,6.6,292,5,25,120,152,33,292,39,18,46.2,21,53.8,197,1195,470,18,20,7,24,16,211,53,Matches,2017-2018
345,Jacob Murphy,eng ENG,"MF,FW",Newcastle Utd,22,1995,12.8,480,12,93,184,220,29,480,58,34,58.6,23,39.7,312,2754,1415,48,29,16,35,29,303,85,Matches,2017-2018
346,Jamie Murphy,sct SCO,MF,Brighton,27,1989,1.9,57,0,16,21,23,4,57,2,1,50.0,1,50.0,41,378,201,7,4,1,3,2,42,14,Matches,2017-2018
347,Glenn Murray,eng ENG,FW,Brighton,33,1983,24.4,917,36,68,488,367,97,911,24,7,29.2,17,70.8,493,1495,368,12,6,6,75,35,746,138,Matches,2017-2018
348,Charly Musonda Jr.,be BEL,FW,Chelsea,20,1996,0.4,23,1,3,9,11,2,23,1,1,100.0,0,0.0,18,109,52,1,1,0,1,3,22,4,Matches,2017-2018
349,Shkodran Mustafi,de GER,DF,Arsenal,25,1992,25.3,2084,199,990,1015,90,25,2084,2,1,50.0,1,50.0,1206,5728,3319,12,18,0,8,4,1339,9,Matches,2017-2018
350,Boaz Myhill,wls WAL,GK,West Brom,34,1982,1.0,22,20,22,0,0,0,22,0,0,,0,,8,55,39,0,0,0,0,0,6,0,Matches,2017-2018
351,Georges-Kévin N'Koudou,cm CMR,MF,Tottenham,22,1995,0.0,1,1,1,0,0,0,1,0,0,,0,,0,0,0,0,0,0,0,0,0,0,Matches,2017-2018
352,Georges-Kévin N'Koudou,cm CMR,"MF,FW",Burnley,22,1995,2.5,137,1,21,53,66,8,137,15,6,40.0,9,60.0,90,810,319,13,12,3,5,13,89,15,Matches,2017-2018
353,Luciano Narsingh,nl NED,"FW,MF",Swansea City,26,1990,6.9,293,5,31,121,149,28,293,28,17,60.7,11,39.3,182,1501,830,30,19,22,18,14,225,73,Matches,2017-2018
354,Kyle Naughton,eng ENG,DF,Swansea City,28,1988,33.7,2533,146,732,1312,509,27,2533,43,24,55.8,19,44.2,987,4974,2639,50,35,9,23,27,1332,88,Matches,2017-2018
355,Badou Ndiaye,sn SEN,MF,Stoke City,26,1990,12.6,515,24,120,295,111,6,515,21,17,81.0,4,19.0,274,1345,738,12,15,1,22,19,271,20,Matches,2017-2018
356,Wilfred Ndidi,ng NGA,MF,Leicester City,20,1996,32.2,2180,109,541,1377,279,29,2180,43,33,76.7,10,23.3,978,4468,1792,30,27,2,38,43,1179,48,Matches,2017-2018
357,Reiss Nelson,eng ENG,"FW,MF",Arsenal,17,1999,1.6,102,3,13,35,54,4,102,3,1,33.3,2,66.7,66,379,160,3,12,0,5,1,78,13,Matches,2017-2018
358,Julien Ngoy,be BEL,MF,Stoke City,19,1997,0.2,6,0,0,3,3,0,6,0,0,,0,,5,31,5,0,0,0,0,0,5,2,Matches,2017-2018
359,Oumar Niasse,sn SEN,FW,Everton,27,1990,12.1,438,10,25,138,279,82,438,36,20,55.6,16,44.4,272,1541,562,21,11,15,64,24,333,106,Matches,2017-2018
360,Eddie Nketiah,eng ENG,FW,Arsenal,18,1999,0.2,10,0,0,4,6,1,10,0,0,,0,,10,26,5,0,0,0,1,1,9,0,Matches,2017-2018
361,Lukas Nmecha,de GER,FW,Manchester City,18,1998,0.2,5,0,0,1,4,0,5,0,0,,0,,5,24,10,0,0,0,0,2,7,0,Matches,2017-2018
362,Mark Noble,eng ENG,MF,West Ham,30,1987,26.7,1606,57,334,1059,233,11,1604,26,20,76.9,6,23.1,803,4107,1673,10,21,3,22,22,947,25,Matches,2017-2018
363,Allan Nyom,cm CMR,DF,West Brom,29,1988,25.7,1366,107,510,538,330,4,1366,26,10,38.5,16,61.5,630,3127,1507,36,29,1,24,20,634,71,Matches,2017-2018
364,Aiden O'Neill,au AUS,MF,Burnley,19,1998,0.0,,,,,,,,,,,,,,,,,,,,,,,Matches,2017-2018
365,Michael Obafemi,ie IRL,FW,Southampton,17,2000,0.1,2,0,0,0,2,1,2,0,0,,0,,2,2,0,0,0,0,0,0,2,1,Matches,2017-2018
366,Pedro Obiang,gq EQG,MF,West Ham,25,1992,17.4,961,46,200,658,118,4,961,25,24,96.0,1,4.0,464,2517,1047,10,15,0,17,19,584,10,Matches,2017-2018
367,Angelo Ogbonna,it ITA,DF,West Ham,29,1988,32.0,1380,215,681,661,48,16,1380,11,9,81.8,2,18.2,645,3619,1593,4,6,0,8,4,694,4,Matches,2017-2018
368,Stefano Okaka,it ITA,FW,Watford,27,1989,5.0,213,0,8,102,107,24,213,18,14,77.8,4,22.2,148,688,214,8,9,1,19,22,187,48,Matches,2017-2018
369,Shinji Okazaki,jp JPN,"FW,MF",Leicester City,31,1986,14.7,555,5,60,281,221,39,555,38,16,42.1,22,57.9,317,1498,637,19,16,6,34,30,393,61,Matches,2017-2018
370,Martin Olsson,se SWE,DF,Swansea City,29,1988,35.0,1867,95,531,779,576,28,1867,27,11,40.7,16,59.3,901,6079,3207,112,62,10,45,26,1070,143,Matches,2017-2018
371,Divock Origi,be BEL,FW,Liverpool,22,1995,0.1,4,0,0,4,0,0,4,0,0,,0,,3,13,0,0,0,0,2,0,3,0,Matches,2017-2018
372,David Ospina,co COL,GK,Arsenal,28,1988,4.2,147,136,147,0,0,0,147,0,0,,0,,76,521,418,0,1,1,0,0,50,0,Matches,2017-2018
373,Nicolás Otamendi,ar ARG,DF,Manchester City,29,1988,33.0,3407,154,1127,2122,167,38,3407,7,5,71.4,2,28.6,2428,15364,9940,92,60,0,19,1,2626,8,Matches,2017-2018
374,Reece Oxford,eng ENG,MF,West Ham,18,1998,0.1,3,0,1,1,1,0,3,0,0,,0,,2,4,0,0,0,0,0,0,2,0,Matches,2017-2018
375,Alex Oxlade-Chamberlain,eng ENG,DF,Arsenal,23,1993,2.7,203,8,43,85,85,4,203,21,17,81.0,4,19.0,125,1178,667,19,18,5,5,4,125,21,Matches,2017-2018
376,Alex Oxlade-Chamberlain,eng ENG,"MF,FW",Liverpool,23,1993,16.6,989,13,92,482,433,46,989,54,40,74.1,13,24.1,563,4046,2194,76,54,16,37,24,679,122,Matches,2017-2018
377,Mesut Özil,de GER,"MF,FW",Arsenal,28,1988,24.0,2101,8,119,913,1088,89,2101,51,36,70.6,15,29.4,1526,9537,4808,136,140,17,42,32,1772,267,Matches,2017-2018
378,Kasey Palmer,jm JAM,"MF,FW",Huddersfield,20,1996,1.9,78,2,5,43,33,2,78,3,3,100.0,0,0.0,37,296,89,4,3,0,4,5,49,5,Matches,2017-2018
379,Emerson Palmieri,it ITA,DF,Chelsea,22,1994,3.1,209,12,68,75,66,8,209,8,5,62.5,3,37.5,118,805,464,13,7,3,4,2,129,23,Matches,2017-2018
380,Pedro,es ESP,"MF,FW",Chelsea,30,1987,16.9,890,8,104,387,415,53,890,51,33,64.7,18,35.3,599,4237,2077,66,45,18,39,26,694,135,Matches,2017-2018
381,Roberto Pereyra,ar ARG,"MF,FW",Watford,26,1991,18.0,942,10,121,458,381,56,942,69,31,44.9,38,55.1,688,4192,1961,61,34,16,52,33,697,112,Matches,2017-2018
382,Ayoze Pérez,es ESP,"MF,FW",Newcastle Utd,24,1993,27.7,1119,18,122,531,483,112,1119,63,32,50.8,31,49.2,673,3708,1890,68,46,26,86,70,760,178,Matches,2017-2018
383,Matt Phillips,sct SCO,"MF,DF",West Brom,26,1991,23.3,979,35,196,311,491,44,979,88,45,51.1,43,48.9,583,4475,2247,85,53,17,47,44,598,146,Matches,2017-2018
384,Jordan Pickford,eng ENG,GK,Everton,23,1994,38.0,1432,1206,1417,14,1,1,1432,0,0,,0,,650,4881,3511,0,0,0,1,0,484,0,Matches,2017-2018
385,Jérémy Pied,fr FRA,DF,Southampton,28,1989,2.0,152,7,55,63,38,1,152,2,2,100.0,0,0.0,78,473,291,7,3,1,3,0,79,5,Matches,2017-2018
386,Erik Pieters,nl NED,DF,Stoke City,28,1988,30.2,1692,129,550,795,361,18,1692,18,9,50.0,9,50.0,706,3144,1610,35,43,3,28,19,745,71,Matches,2017-2018
387,Paul Pogba,fr FRA,MF,Manchester Utd,24,1993,23.9,2053,35,253,1186,641,71,2053,101,75,74.3,26,25.7,1340,7852,4491,95,77,13,56,40,1674,92,Matches,2017-2018
388,Nick Pope,eng ENG,GK,Burnley,25,1992,34.6,1307,1005,1238,70,0,0,1307,0,0,,0,,584,4470,3278,0,1,1,0,0,367,0,Matches,2017-2018
389,Alex Pritchard,eng ENG,"MF,FW",Huddersfield,24,1993,11.1,523,12,47,215,271,19,523,22,14,63.6,8,36.4,302,1592,567,24,26,8,28,24,339,70,Matches,2017-2018
390,Sebastian Prödl,at AUT,DF,Watford,30,1987,17.4,759,103,402,332,27,17,759,0,0,,0,,327,1307,732,4,3,0,4,0,365,2,Matches,2017-2018
391,Davy Pröpper,nl NED,MF,Brighton,25,1991,34.7,1773,100,414,1154,225,28,1773,53,36,67.9,17,32.1,892,4348,1844,20,22,3,42,23,1007,47,Matches,2017-2018
392,Marc Pugh,eng ENG,"MF,FW",Bournemouth,30,1987,10.9,631,11,81,269,285,40,631,35,19,54.3,14,40.0,373,2495,1023,40,26,10,25,19,475,103,Matches,2017-2018
393,Jason Puncheon,eng ENG,MF,Crystal Palace,31,1986,7.2,313,2,38,165,113,10,313,5,4,80.0,1,20.0,185,851,338,8,9,0,7,15,204,19,Matches,2017-2018
394,Collin Quaner,de GER,"FW,MF",Huddersfield,26,1991,14.2,631,21,92,263,287,57,631,42,23,54.8,19,45.2,392,2568,1529,56,30,30,37,34,418,85,Matches,2017-2018
395,Sandro Ramírez,es ESP,"FW,MF",Everton,22,1995,3.1,126,2,10,53,63,10,126,7,3,42.9,4,57.1,72,330,85,1,0,1,15,6,100,21,Matches,2017-2018
396,Aaron Ramsey,wls WAL,MF,Arsenal,26,1990,20.5,1480,16,174,770,552,91,1480,36,29,80.6,7,19.4,1082,5745,2709,61,54,18,49,37,1214,161,Matches,2017-2018
397,Àngel Rangel,es ESP,DF,Swansea City,34,1982,1.7,132,2,27,67,40,1,132,1,0,0.0,1,100.0,63,334,204,6,3,0,4,1,77,11,Matches,2017-2018
398,Marcus Rashford,eng ENG,"FW,MF",Manchester Utd,19,1997,20.1,932,15,69,286,585,101,932,92,45,48.9,47,51.1,539,3960,2046,82,40,29,46,31,686,160,Matches,2017-2018
399,Nathan Redmond,eng ENG,"FW,MF",Southampton,23,1994,21.6,1104,15,145,457,533,64,1104,79,55,69.6,24,30.4,781,5230,2670,84,64,32,38,43,781,182,Matches,2017-2018
400,Winston Reid,nz NZL,DF,West Ham,29,1988,16.1,855,120,399,429,32,19,855,1,0,0.0,1,100.0,392,1968,935,3,2,0,6,3,454,6,Matches,2017-2018
401,Declan Rice,eng ENG,"DF,MF",West Ham,18,1999,15.9,761,91,340,380,43,4,761,3,2,66.7,1,33.3,359,2239,1164,18,14,0,5,2,401,6,Matches,2017-2018
402,Richarlison,br BRA,"FW,MF",Watford,20,1997,31.4,1359,35,174,531,671,187,1359,99,47,47.5,52,52.5,912,5936,2968,126,74,68,117,80,1031,306,Matches,2017-2018
403,Jaïro Riedewald,nl NED,"MF,DF",Crystal Palace,20,1996,4.9,210,10,70,96,45,4,210,3,3,100.0,0,0.0,105,246,100,2,2,1,4,4,124,7,Matches,2017-2018
404,Matt Ritchie,sct SCO,"MF,FW",Newcastle Utd,27,1989,31.2,1620,52,285,670,691,46,1620,32,16,50.0,16,50.0,822,4234,1754,53,41,8,49,30,931,139,Matches,2017-2018
405,Connor Roberts,wls WAL,DF,Swansea City,21,1995,3.0,200,6,42,80,80,1,200,0,0,,0,,90,346,183,3,1,0,0,0,116,10,Matches,2017-2018
406,Andrew Robertson,sct SCO,DF,Liverpool,23,1994,21.6,1853,60,376,898,598,46,1853,17,9,52.9,8,47.1,1063,5265,2984,76,50,10,22,12,1282,214,Matches,2017-2018
407,Hal Robson-Kanu,wls WAL,"FW,MF",West Brom,28,1989,9.2,323,9,38,123,166,31,323,23,14,60.9,9,39.1,222,1304,491,17,15,4,31,28,246,63,Matches,2017-2018
408,Jay Rodriguez,eng ENG,"FW,MF",West Brom,28,1989,31.2,1108,43,170,475,485,103,1107,66,29,43.9,37,56.1,671,3593,1424,47,37,12,82,62,771,166,Matches,2017-2018
409,Marcos Rojo,ar ARG,DF,Manchester Utd,27,1990,7.1,449,64,247,186,18,4,449,4,4,100.0,0,0.0,247,1334,870,3,3,0,1,1,289,1,Matches,2017-2018
410,Sergio Romero,ar ARG,GK,Manchester Utd,30,1987,1.0,26,22,26,0,0,0,26,0,0,,0,,12,86,67,0,0,0,0,0,8,0,Matches,2017-2018
411,Oriol Romeu,es ESP,MF,Southampton,25,1991,32.2,2234,94,460,1533,260,31,2234,17,15,88.2,2,11.8,1256,5738,3150,44,39,0,26,11,1342,16,Matches,2017-2018
412,Salomón Rondón,ve VEN,FW,West Brom,27,1989,30.7,1287,22,90,596,622,128,1287,76,47,61.8,29,38.2,819,4116,1368,45,52,20,127,107,1013,201,Matches,2017-2018
413,Wayne Rooney,eng ENG,"MF,FW",Everton,31,1985,25.2,1474,48,230,856,402,43,1468,23,9,39.1,14,60.9,813,3760,1586,26,29,2,37,57,1042,91,Matches,2017-2018
414,Danny Rose,eng ENG,DF,Tottenham,27,1990,8.9,645,20,137,261,251,23,645,29,11,37.9,18,62.1,269,1787,1033,36,20,5,14,8,369,77,Matches,2017-2018
415,Liam Rosenior,eng ENG,DF,Brighton,33,1984,1.8,111,10,43,45,24,0,111,0,0,,0,,46,141,89,1,1,0,0,0,58,2,Matches,2017-2018
416,Wayne Routledge,eng ENG,"MF,FW",Swansea City,32,1985,4.8,230,5,47,98,88,13,230,10,6,60.0,4,40.0,123,699,276,9,3,3,8,7,154,36,Matches,2017-2018
417,Antonio Rüdiger,de GER,DF,Chelsea,24,1993,26.0,1990,123,842,1061,97,20,1990,10,8,80.0,2,20.0,1298,6974,4393,33,23,2,14,17,1404,7,Matches,2017-2018
418,Mathew Ryan,au AUS,GK,Brighton,25,1992,38.0,1267,1067,1262,5,0,0,1267,0,0,,0,,581,4691,3474,0,0,0,1,0,433,0,Matches,2017-2018
419,Abdelhamid Sabiri,ma MAR,MF,Huddersfield,20,1996,2.4,133,3,10,75,49,5,133,4,1,25.0,3,75.0,52,215,106,2,3,0,6,1,90,8,Matches,2017-2018
420,Henri Saivet,sn SEN,MF,Newcastle Utd,26,1990,0.9,42,5,16,23,4,0,42,0,0,,0,,7,52,40,0,0,0,0,0,8,0,Matches,2017-2018
421,Diafra Sakho,sn SEN,FW,West Ham,27,1989,3.4,125,2,7,48,71,12,125,6,2,33.3,4,66.7,70,326,81,4,4,3,18,12,98,22,Matches,2017-2018
422,Mamadou Sakho,fr FRA,DF,Crystal Palace,27,1990,17.8,939,132,496,426,21,6,939,8,6,75.0,2,25.0,506,2186,1180,4,3,1,12,4,488,3,Matches,2017-2018
423,Bakary Sako,ml MLI,"FW,MF",Crystal Palace,29,1988,5.3,222,2,32,74,119,26,222,13,7,53.8,6,46.2,159,1083,554,20,14,6,18,12,161,43,Matches,2017-2018
424,Mohamed Salah,eg EGY,FW,Liverpool,25,1992,32.3,1438,3,70,418,970,243,1436,126,79,62.7,46,36.5,944,6003,2729,95,52,55,105,95,1116,393,Matches,2017-2018
425,Renato Sanches,pt POR,MF,Swansea City,19,1997,7.8,507,11,77,296,146,9,507,40,25,62.5,15,37.5,307,2078,1105,32,24,1,11,25,377,33,Matches,2017-2018
426,Alexis Sánchez,cl CHI,"MF,FW",Arsenal,28,1988,16.7,1145,9,52,351,751,104,1144,60,40,66.7,20,33.3,866,5393,1996,50,53,25,64,48,963,218,Matches,2017-2018
427,Alexis Sánchez,cl CHI,"FW,MF",Manchester Utd,28,1988,11.6,760,2,59,305,407,52,759,60,44,73.3,16,26.7,496,2972,1194,29,37,7,32,35,605,102,Matches,2017-2018
428,Davinson Sánchez,co COL,DF,Tottenham,21,1996,28.2,2172,146,1117,1032,40,12,2172,9,9,100.0,0,0.0,1070,4343,2237,8,8,0,8,3,1464,2,Matches,2017-2018
429,Leroy Sané,de GER,FW,Manchester City,21,1996,26.9,1504,15,104,424,1002,177,1504,132,85,64.4,47,35.6,1036,6623,3086,102,48,64,81,64,1205,416,Matches,2017-2018
430,Ezequiel Schelotto,it ITA,DF,Brighton,28,1989,14.6,776,64,293,316,181,16,776,25,15,60.0,10,40.0,318,2542,1190,37,22,6,14,12,385,53,Matches,2017-2018
431,Christopher Schindler,de GER,DF,Huddersfield,27,1990,36.3,1923,217,1074,796,63,33,1923,2,2,100.0,0,0.0,781,3472,1592,11,11,1,9,1,934,6,Matches,2017-2018
432,Jeffrey Schlupp,gh GHA,"DF,MF",Crystal Palace,24,1992,19.4,1084,71,322,504,265,22,1084,23,13,56.5,10,43.5,524,2536,1177,32,25,9,22,30,516,51,Matches,2017-2018
433,Kasper Schmeichel,dk DEN,GK,Leicester City,30,1986,32.9,1209,935,1155,57,0,0,1209,2,2,100.0,0,0.0,547,4082,3108,0,0,0,0,0,410,0,Matches,2017-2018
434,Morgan Schneiderlin,fr FRA,MF,Everton,27,1989,23.7,1381,69,355,897,146,11,1381,11,6,54.5,5,45.5,694,3096,1319,15,15,1,26,12,807,8,Matches,2017-2018
435,Xherdan Shaqiri,ch SUI,"MF,FW",Stoke City,25,1991,33.8,1594,5,155,755,720,51,1593,68,39,57.4,29,42.6,1065,6889,2896,81,72,17,99,57,1082,183,Matches,2017-2018
436,Luke Shaw,eng ENG,DF,Manchester Utd,22,1995,8.8,676,21,141,330,208,17,676,10,6,60.0,4,40.0,338,1925,1182,34,24,4,10,4,400,35,Matches,2017-2018
437,Ryan Shawcross,eng ENG,DF,Stoke City,29,1987,26.3,1054,210,588,413,60,41,1054,3,3,100.0,0,0.0,324,1486,803,5,2,0,4,1,350,9,Matches,2017-2018
438,Jonjo Shelvey,eng ENG,MF,Newcastle Utd,25,1992,25.2,1686,42,356,1024,325,12,1686,33,23,69.7,10,30.3,961,4721,2282,31,30,2,23,19,1045,23,Matches,2017-2018
439,Gylfi Sigurðsson,is ISL,"MF,FW",Everton,27,1989,25.1,1131,35,182,455,503,59,1131,31,20,64.5,11,35.5,513,2237,960,29,16,10,53,25,620,110,Matches,2017-2018
440,Adrien Silva,pt POR,MF,Leicester City,28,1989,8.5,523,4,71,337,121,3,523,8,6,75.0,2,25.0,285,1347,673,12,8,0,18,16,350,15,Matches,2017-2018
441,Bernardo Silva,pt POR,"FW,MF",Manchester City,22,1994,17.0,1157,9,79,444,650,95,1157,41,29,70.7,12,29.3,817,5218,2573,80,41,32,28,26,939,218,Matches,2017-2018
442,David Silva,es ESP,MF,Manchester City,31,1986,27.0,2718,22,190,1370,1176,140,2718,49,38,77.6,11,22.4,1872,11148,5448,158,133,34,32,29,2339,247,Matches,2017-2018
443,Danny Simpson,eng ENG,DF,Leicester City,30,1987,25.6,1475,131,556,687,239,10,1475,17,10,58.8,7,41.2,523,2139,826,11,10,1,14,11,659,47,Matches,2017-2018
444,Jack Simpson,eng ENG,DF,Bournemouth,20,1996,0.8,11,6,10,1,0,0,11,0,0,,0,,2,2,0,0,0,0,0,0,4,0,Matches,2017-2018
445,Josh Sims,eng ENG,"FW,MF",Southampton,20,1997,1.8,92,0,5,32,56,12,92,5,2,40.0,3,60.0,58,397,200,10,4,6,4,6,67,17,Matches,2017-2018
446,Jerome Sinclair,eng ENG,"MF,FW",Watford,20,1996,0.3,13,0,2,5,6,1,13,4,2,50.0,2,50.0,6,61,22,1,1,0,1,0,5,1,Matches,2017-2018
447,Moussa Sissoko,fr FRA,"MF,FW",Tottenham,27,1989,15.6,1037,22,138,576,341,48,1037,32,18,56.3,13,40.6,586,3657,1970,50,40,6,19,17,774,102,Matches,2017-2018
448,Islam Slimani,dz ALG,FW,Leicester City,29,1988,2.8,147,3,7,66,76,14,147,6,3,50.0,3,50.0,79,386,136,5,4,1,10,6,126,25,Matches,2017-2018
449,Islam Slimani,dz ALG,FW,Newcastle Utd,29,1988,1.5,60,1,7,21,33,7,60,4,3,75.0,1,25.0,44,228,45,3,3,1,7,6,56,19,Matches,2017-2018
450,Chris Smalling,eng ENG,DF,Manchester Utd,27,1989,28.2,1482,175,827,612,48,23,1482,3,3,100.0,0,0.0,694,3125,1488,5,12,1,6,2,823,8,Matches,2017-2018
451,Adam Smith,eng ENG,"DF,MF",Bournemouth,26,1991,23.0,1413,57,405,656,370,38,1413,44,29,65.9,15,34.1,719,4716,2380,56,34,6,31,17,787,99,Matches,2017-2018
452,Tommy Smith,eng ENG,DF,Huddersfield,25,1992,21.2,1328,81,389,588,363,8,1328,13,9,69.2,4,30.8,507,2751,1513,36,26,3,19,9,637,86,Matches,2017-2018
453,Cédric Soares,pt POR,DF,Southampton,25,1991,31.0,2084,114,549,932,610,25,2084,14,7,50.0,7,50.0,1100,4822,2273,52,41,2,34,21,1166,151,Matches,2017-2018
454,Ramadan Sobhi,eg EGY,"MF,FW",Stoke City,20,1997,13.8,600,9,107,245,267,37,600,51,30,58.8,21,41.2,397,3143,1811,58,40,18,26,20,403,102,Matches,2017-2018
455,Dominic Solanke,eng ENG,FW,Liverpool,19,1997,6.6,306,9,16,120,176,53,306,14,9,64.3,5,35.7,184,843,345,15,15,5,34,17,236,48,Matches,2017-2018
456,Pape Souaré,sn SEN,DF,Crystal Palace,27,1990,0.1,11,0,4,3,4,0,11,0,0,,0,,5,10,4,0,0,0,0,0,7,0,Matches,2017-2018
457,Julián Speroni,ar ARG,GK,Crystal Palace,38,1979,11.0,331,273,330,1,0,0,331,1,1,100.0,0,0.0,153,1001,801,0,0,0,0,0,111,0,Matches,2017-2018
458,Kostas Stafylidis,gr GRE,"DF,MF",Stoke City,23,1993,3.7,193,19,62,91,43,0,193,2,2,100.0,0,0.0,74,301,123,3,3,0,2,4,73,3,Matches,2017-2018
459,Junior Stanislas,eng ENG,"MF,FW",Bournemouth,27,1989,14.3,732,13,113,285,346,40,731,30,20,66.7,10,33.3,410,2515,1220,36,23,13,32,16,481,100,Matches,2017-2018
460,Dale Stephens,eng ENG,MF,Brighton,28,1989,36.0,2097,111,603,1311,205,20,2097,23,18,78.3,5,21.7,1099,5914,2669,31,28,2,28,18,1296,13,Matches,2017-2018
461,Jack Stephens,eng ENG,DF,Southampton,23,1994,22.0,1211,146,534,615,75,22,1211,25,17,68.0,8,32.0,624,3404,2123,24,14,2,12,5,648,14,Matches,2017-2018
462,Raheem Sterling,eng ENG,FW,Manchester City,22,1994,28.7,1540,13,76,507,978,230,1539,119,64,53.8,55,46.2,1089,6306,3319,116,70,76,65,59,1319,410,Matches,2017-2018
463,John Stones,eng ENG,DF,Manchester City,23,1994,14.5,1358,83,577,750,36,16,1358,4,4,100.0,0,0.0,928,4295,2545,11,8,0,6,5,1103,7,Matches,2017-2018
464,Daniel Sturridge,eng ENG,FW,West Brom,27,1989,1.3,46,0,0,25,21,6,46,5,3,60.0,2,40.0,33,186,86,3,2,0,6,0,37,8,Matches,2017-2018
465,Daniel Sturridge,eng ENG,FW,Liverpool,27,1989,4.8,174,2,3,60,114,29,174,11,10,90.9,1,9.1,125,680,319,11,7,5,12,11,156,53,Matches,2017-2018
466,Ki Sung-yueng,kr KOR,MF,Swansea City,28,1989,20.8,1045,36,219,588,246,16,1045,13,7,53.8,6,46.2,541,2972,1337,17,23,5,13,8,660,30,Matches,2017-2018
467,Andrew Surman,eng ENG,MF,Bournemouth,30,1986,20.6,1371,74,319,828,233,9,1371,19,13,68.4,6,31.6,658,3073,1492,10,15,0,15,13,896,14,Matches,2017-2018
468,Markus Suttner,at AUT,DF,Brighton,30,1987,13.1,731,52,267,295,180,0,731,5,1,20.0,4,80.0,298,1474,860,17,16,0,6,2,363,32,Matches,2017-2018
469,Lasse Sørensen,dk DEN,MF,Stoke City,17,1999,0.8,61,5,25,34,2,0,61,0,0,,0,,34,137,66,0,0,0,0,1,41,0,Matches,2017-2018
470,Alexander Sørloth,no NOR,FW,Crystal Palace,21,1995,4.0,157,4,28,69,65,17,157,12,11,91.7,1,8.3,101,553,338,13,9,4,9,9,110,24,Matches,2017-2018
471,Dušan Tadić,rs SRB,"MF,FW",Southampton,28,1988,31.0,1566,21,149,633,812,107,1565,64,55,85.9,9,14.1,1097,5622,2995,113,68,23,77,69,1180,312,Matches,2017-2018
472,Matt Targett,eng ENG,DF,Southampton,21,1995,1.8,129,6,49,54,29,0,129,3,3,100.0,0,0.0,59,179,111,2,3,0,2,1,59,6,Matches,2017-2018
473,James Tarkowski,eng ENG,DF,Burnley,24,1992,31.0,1521,242,805,668,59,38,1521,13,11,84.6,2,15.4,622,2848,1578,5,6,1,13,7,736,8,Matches,2017-2018
474,Charlie Taylor,eng ENG,DF,Burnley,23,1993,10.6,588,50,221,260,112,2,588,18,8,44.4,10,55.6,222,1453,644,19,10,1,10,3,246,21,Matches,2017-2018
475,James Tomkins,eng ENG,DF,Crystal Palace,28,1989,26.5,1279,218,735,494,59,36,1279,6,6,100.0,0,0.0,559,2375,1123,6,8,0,7,2,582,3,Matches,2017-2018
476,Cenk Tosun,tr TUR,FW,Everton,26,1991,11.0,376,14,34,145,201,33,376,8,4,50.0,4,50.0,217,728,284,9,11,6,33,12,283,69,Matches,2017-2018
477,Yaya Touré,ci CIV,MF,Manchester City,34,1983,2.6,435,4,52,296,90,5,435,5,4,80.0,1,20.0,309,1601,1179,20,20,3,1,1,389,4,Matches,2017-2018
478,Andros Townsend,eng ENG,"FW,MF",Crystal Palace,26,1991,34.7,1629,29,241,573,866,88,1629,122,84,68.9,38,31.1,1120,8832,4125,161,108,34,89,73,1089,249,Matches,2017-2018
479,Kieran Trippier,eng ENG,DF,Tottenham,26,1990,21.3,1823,66,413,788,639,25,1823,18,13,72.2,5,27.8,725,3280,1776,37,24,2,20,6,1079,195,Matches,2017-2018
480,Axel Tuanzebe,cd COD,FW,Manchester Utd,19,1997,0.0,0,0,0,0,0,0,0,0,0,,0,,0,0,0,0,0,0,0,0,0,0,Matches,2017-2018
481,Josh Tymon,eng ENG,DF,Stoke City,18,1999,1.8,107,6,26,64,17,0,107,1,1,100.0,0,0.0,74,378,185,3,3,0,5,2,75,2,Matches,2017-2018
482,Leonardo Ulloa,ar ARG,FW,Leicester City,31,1986,0.2,21,1,1,8,12,3,21,3,3,100.0,0,0.0,14,50,6,1,0,0,1,3,17,2,Matches,2017-2018
483,Leonardo Ulloa,ar ARG,FW,Brighton,31,1986,3.0,166,3,11,97,59,6,166,4,3,75.0,1,25.0,93,400,80,1,0,0,23,9,139,16,Matches,2017-2018
484,Antonio Valencia,ec ECU,DF,Manchester Utd,31,1985,30.4,2256,122,542,1021,710,53,2256,48,29,60.4,19,39.6,1153,6257,3710,103,65,23,20,19,1410,152,Matches,2017-2018
485,Virgil van Dijk,nl NED,DF,Southampton,26,1991,11.0,793,75,348,404,51,23,793,5,5,100.0,0,0.0,483,2481,1465,17,8,1,3,3,483,8,Matches,2017-2018
486,Virgil van Dijk,nl NED,DF,Liverpool,26,1991,14.0,1285,73,459,787,44,17,1285,1,0,0.0,1,100.0,737,3682,2206,11,8,1,2,2,906,6,Matches,2017-2018
487,Jamie Vardy,eng ENG,FW,Leicester City,30,1987,36.1,778,16,37,277,475,157,772,57,24,42.1,32,56.1,398,2699,1125,51,23,27,63,13,550,211,Matches,2017-2018
488,Jan Vertonghen,be BEL,DF,Tottenham,30,1987,35.6,2926,192,1158,1616,177,26,2926,38,30,78.9,8,21.1,1487,8706,5616,68,34,3,18,6,1906,29,Matches,2017-2018
489,Nikola Vlašić,hr CRO,"MF,FW",Everton,19,1997,6.4,304,6,49,110,150,19,304,19,13,68.4,6,31.6,176,1191,554,22,11,7,28,12,188,49,Matches,2017-2018
490,Sam Vokes,wls WAL,FW,Burnley,27,1989,11.1,379,17,28,169,184,59,379,1,1,100.0,0,0.0,140,435,101,3,3,0,29,16,304,62,Matches,2017-2018
491,Michel Vorm,nl NED,GK,Tottenham,33,1983,1.0,27,24,27,0,0,0,27,0,0,,0,,12,63,49,0,0,0,0,0,9,0,Matches,2017-2018
492,Molla Wagué,ml MLI,DF,Watford,26,1991,4.9,200,24,106,89,5,3,200,0,0,,0,,86,314,162,0,1,0,1,0,91,0,Matches,2017-2018
493,Theo Walcott,eng ENG,"FW,MF",Arsenal,28,1989,0.8,26,0,4,8,14,1,26,1,1,100.0,0,0.0,17,116,64,3,1,0,0,1,22,9,Matches,2017-2018
494,Theo Walcott,eng ENG,FW,Everton,28,1989,12.8,501,13,82,194,246,46,501,46,27,58.7,19,41.3,325,2272,1201,35,25,8,40,22,324,99,Matches,2017-2018
495,Kyle Walker,eng ENG,DF,Manchester City,27,1990,30.9,2929,65,570,1628,757,36,2929,38,26,68.4,12,31.6,1704,8779,4864,105,78,10,32,18,2065,190,Matches,2017-2018
496,Kyle Walker-Peters,eng ENG,DF,Tottenham,20,1997,2.1,157,7,43,62,55,4,157,8,4,50.0,4,50.0,84,433,207,8,5,1,3,5,99,21,Matches,2017-2018
497,Jonathan Walters,ie IRL,FW,Burnley,33,1983,0.4,15,1,2,2,11,4,15,0,0,,0,,9,30,7,0,0,0,2,2,15,6,Matches,2017-2018
498,Aaron Wan-Bissaka,eng ENG,DF,Crystal Palace,19,1997,7.0,411,45,169,154,93,1,411,15,13,86.7,2,13.3,175,997,623,22,22,1,9,6,168,14,Matches,2017-2018
499,Victor Wanyama,ke KEN,MF,Tottenham,26,1991,9.4,745,22,144,489,123,12,745,24,18,75.0,6,25.0,418,2387,1303,23,17,0,13,13,508,14,Matches,2017-2018
500,Joel Ward,eng ENG,DF,Crystal Palace,27,1989,17.9,1144,63,389,497,266,11,1144,14,8,57.1,6,42.9,502,1989,895,15,16,1,19,10,549,50,Matches,2017-2018
501,Stephen Ward,ie IRL,DF,Burnley,31,1985,27.3,1574,109,475,758,346,17,1574,8,5,62.5,3,37.5,592,2917,1506,47,26,2,18,6,758,91,Matches,2017-2018
502,James Ward-Prowse,eng ENG,"FW,MF",Southampton,22,1994,19.1,1073,29,161,484,440,25,1073,6,5,83.3,1,16.7,524,1940,733,9,16,2,20,13,640,102,Matches,2017-2018
503,Ben Watson,eng ENG,MF,Watford,32,1985,5.1,288,13,81,187,26,1,288,0,0,,0,,137,574,210,1,1,0,6,2,157,5,Matches,2017-2018
504,Danny Welbeck,eng ENG,"FW,MF",Arsenal,26,1990,13.3,548,21,51,205,297,59,548,23,14,60.9,9,39.1,378,2180,848,30,20,21,30,25,432,117,Matches,2017-2018
505,Nahki Wells,bm BER,"FW,MF",Burnley,27,1990,0.6,29,0,5,7,17,5,29,1,1,100.0,0,0.0,16,77,40,2,1,1,2,3,18,5,Matches,2017-2018
506,Ashley Westwood,eng ENG,MF,Burnley,27,1990,12.3,709,26,133,466,117,7,709,4,2,50.0,2,50.0,331,1243,502,8,7,2,6,5,430,6,Matches,2017-2018
507,Dean Whitehead,eng ENG,MF,Huddersfield,35,1982,0.8,54,1,19,34,1,0,54,0,0,,0,,37,163,60,0,0,0,0,0,41,0,Matches,2017-2018
508,Georginio Wijnaldum,nl NED,MF,Liverpool,26,1990,26.5,1475,19,195,956,350,42,1475,55,42,76.4,13,23.6,935,5136,2318,49,35,3,34,36,1092,84,Matches,2017-2018
509,Ashley Williams,wls WAL,DF,Everton,32,1984,20.4,1030,169,569,433,33,21,1030,2,2,100.0,0,0.0,460,1919,978,2,5,0,5,1,521,1,Matches,2017-2018
510,Danny Williams,us USA,MF,Huddersfield,28,1989,12.5,564,32,167,305,106,7,564,13,10,76.9,3,23.1,298,1970,847,17,18,2,21,10,299,16,Matches,2017-2018
511,Willian,br BRA,"MF,FW",Chelsea,28,1988,21.0,1287,11,114,439,762,94,1286,98,67,68.4,31,31.6,863,6862,3261,108,69,33,57,34,979,210,Matches,2017-2018
512,Joe Willock,eng ENG,MF,Arsenal,17,1999,0.9,54,1,11,35,8,1,54,0,0,,0,,30,204,59,1,0,0,2,2,39,3,Matches,2017-2018
513,Jack Wilshere,eng ENG,MF,Arsenal,25,1992,13.3,938,13,112,528,322,23,938,55,45,81.8,10,18.2,679,4602,2576,62,40,6,24,25,745,39,Matches,2017-2018
514,Callum Wilson,eng ENG,FW,Bournemouth,25,1992,22.0,636,18,57,230,357,108,636,43,17,39.5,26,60.5,398,2018,743,34,10,21,59,47,477,170,Matches,2017-2018
515,Kevin Wimmer,at AUT,DF,Stoke City,24,1992,14.7,758,99,365,372,28,6,758,6,2,33.3,4,66.7,321,1389,793,3,2,0,0,1,344,1,Matches,2017-2018
516,Harry Winks,eng ENG,MF,Tottenham,21,1996,8.6,731,20,109,506,128,2,731,10,8,80.0,2,20.0,405,1927,849,14,16,2,17,9,569,17,Matches,2017-2018
517,Chris Wood,nz NZL,FW,Burnley,25,1991,18.0,595,20,42,249,307,70,595,10,6,60.0,4,40.0,329,1177,318,15,11,11,57,35,502,117,Matches,2017-2018
518,Ben Woodburn,wls WAL,FW,Liverpool,17,1999,0.1,8,0,0,3,5,1,8,0,0,,0,,6,15,5,0,2,0,0,0,8,2,Matches,2017-2018
519,Granit Xhaka,ch SUI,MF,Arsenal,24,1992,36.2,3570,101,567,2208,811,23,3570,24,18,75.0,6,25.0,2371,10156,5144,67,69,4,35,20,2684,64,Matches,2017-2018
520,Claudio Yacob,ar ARG,MF,West Brom,30,1987,10.0,486,44,161,288,42,6,486,2,2,100.0,0,0.0,230,846,445,2,1,0,10,6,244,3,Matches,2017-2018
521,DeAndre Yedlin,us USA,DF,Newcastle Utd,24,1993,31.6,1742,105,597,706,456,13,1742,46,29,63.0,17,37.0,717,3461,1830,44,51,5,24,18,818,128,Matches,2017-2018
522,Maya Yoshida,jp JPN,DF,Southampton,28,1988,22.8,1342,155,631,668,49,27,1342,2,2,100.0,0,0.0,777,3255,1643,7,3,0,8,9,798,6,Matches,2017-2018
523,Ashley Young,eng ENG,DF,Manchester Utd,32,1985,27.1,1982,96,541,889,572,23,1982,52,29,55.8,23,44.2,1004,5495,3246,90,57,14,19,18,1141,113,Matches,2017-2018
524,Pablo Zabaleta,ar ARG,"DF,MF",West Ham,32,1985,36.5,2051,133,621,1015,432,22,2051,14,7,50.0,7,50.0,781,3765,1564,26,20,3,24,13,915,95,Matches,2017-2018
525,Wilfried Zaha,ci CIV,"FW,MF",Crystal Palace,24,1992,28.3,1144,5,77,385,725,182,1144,196,119,60.7,77,39.3,958,7723,3956,173,98,92,106,111,921,283,Matches,2017-2018
526,Davide Zappacosta,it ITA,"DF,MF",Chelsea,25,1992,12.2,832,20,227,254,363,45,832,37,14,37.8,23,62.2,468,3127,1658,64,29,16,21,18,512,124,Matches,2017-2018
527,Marvin Zeegelaar,nl NED,DF,Watford,26,1990,11.0,683,35,181,317,191,12,683,20,15,75.0,5,25.0,327,1608,813,30,11,2,11,10,347,44,Matches,2017-2018
528,Oleksandr Zinchenko,ua UKR,DF,Manchester City,20,1996,5.9,776,10,97,483,197,2,776,3,3,100.0,0,0.0,463,1467,843,9,10,1,2,2,610,49,Matches,2017-2018
529,Kurt Zouma,fr FRA,DF,Stoke City,22,1994,32.1,1613,252,803,720,104,22,1613,27,22,81.5,5,18.5,707,3830,2199,23,20,1,15,17,702,11,Matches,2017-2018
