Player,Nation,Pos,is_gk,is_df,is_mf,is_fw,Season,Squad,Age,Starts,Min,90s,xG.1,xAG.1,xG+xAG,Touches,Def Pen,Def 3rd,Mid 3rd,Att 3rd,Att Pen,Live,Att,Succ,Succ%,Tkld,Tkld%,Carries,TotDist,PrgDist,PrgC,1/3,CPA,Mis,Dis,Rec,PrgR
Max Aarons,ENG,DF,0,1,0,0,2024-2025,Bournemouth,25,1,86,1.0,0.0,0.0,0.0,73.0,2.0,19.0,40.0,15.0,0.0,73.0,2.0,0.0,0.0,1.0,50.0,41.0,152.0,68.0,1.0,0.0,0.0,1.0,0.0,40.0,3.0
Joshua Acheampong,ENG,DF,0,1,0,0,2024-2025,Chelsea,18,2,170,1.9,0.12,0.0,0.12,72.11,3.68,25.26,42.63,4.21,1.58,72.11,1.05,0.53,26.32,0.0,0.0,55.79,373.16,215.26,0.0,1.05,0.0,1.05,0.0,58.42,0.0
Tyler Adams,USA,MF,0,0,1,0,2024-2025,Bournemouth,26,13,1290,14.3,0.08,0.06,0.14,61.82,2.59,15.73,35.73,10.91,0.84,61.82,0.91,0.14,1.08,0.56,4.3,29.37,130.49,58.88,0.7,0.98,0.07,1.47,0.63,33.29,0.49
Tosin Adarabioyo,ENG,DF,0,1,0,0,2024-2025,Chelsea,27,11,1091,12.1,0.07,0.02,0.09,87.77,11.32,42.07,44.21,1.57,0.99,87.77,0.17,0.17,8.26,0.0,0.0,53.06,218.68,124.71,0.41,0.08,0.0,0.25,0.0,68.02,0.08
Simon Adingra,CIV,"FW,MF",0,0,1,1,2024-2025,Brighton,23,7,715,7.9,0.21,0.18,0.39,44.81,0.76,6.58,14.05,24.81,5.7,44.81,4.18,1.77,5.37,2.41,7.29,28.99,191.14,90.63,3.16,1.9,1.65,3.67,1.01,31.01,11.14
Emmanuel Agbadou,CIV,DF,0,1,0,0,2024-2025,Wolves,27,8,690,7.7,0.01,0.0,0.01,69.61,11.95,38.57,29.87,1.69,0.0,69.61,0.91,0.78,11.13,0.13,1.86,40.65,208.83,94.03,0.13,0.26,0.0,0.26,0.26,44.68,0.0
Asher Agbinone,ENG,MF,0,0,1,0,2024-2025,Crystal Palace,19,0,6,0.1,0.29,0.5,0.79,80.0,0.0,0.0,20.0,60.0,0.0,80.0,20.0,0.0,0.0,10.0,500.0,50.0,530.0,230.0,20.0,0.0,0.0,0.0,10.0,50.0,10.0
Ola Aina,NGA,DF,0,1,0,0,2024-2025,Nott'ham Forest,28,30,2569,28.5,0.02,0.03,0.05,51.3,4.84,18.91,21.4,11.86,0.74,51.3,2.25,1.02,1.59,0.84,1.32,22.07,141.26,81.68,1.89,1.23,0.35,1.37,0.74,24.25,1.82
Rayan Aït-Nouri,ALG,DF,0,1,0,0,2024-2025,Wolves,23,29,2462,27.4,0.07,0.1,0.17,60.84,2.85,16.82,26.53,18.25,2.34,60.84,3.43,1.68,1.78,1.28,1.36,31.79,173.76,90.88,2.34,1.86,0.66,1.31,1.31,36.86,5.11
Kristoffer Ajer,NOR,DF,0,1,0,0,2024-2025,Brentford,26,15,1213,13.5,0.05,0.09,0.14,49.85,3.11,16.3,23.33,10.59,2.44,49.85,1.04,0.52,3.7,0.44,3.18,24.96,140.67,80.89,1.85,0.67,0.15,0.89,0.81,32.22,2.81
Manuel Akanji,SUI,DF,0,1,0,0,2024-2025,Manchester City,29,20,1707,19.0,0.04,0.02,0.06,83.74,5.68,24.84,40.68,18.32,0.58,83.74,0.11,0.11,5.26,0.0,0.0,54.79,289.58,172.95,2.0,2.74,0.0,0.21,0.26,66.21,0.32
Nathan Aké,NED,DF,0,1,0,0,2024-2025,Manchester City,30,8,678,7.5,0.03,0.0,0.03,79.47,6.8,27.33,44.13,8.13,0.67,79.47,0.13,0.13,13.33,0.0,0.0,53.73,299.2,200.13,1.6,1.6,0.13,0.53,0.4,59.87,0.27
Carlos Alcaraz,ARG,MF,0,0,1,0,2024-2025,Southampton,22,0,10,0.1,0.62,0.86,1.48,170.0,0.0,10.0,80.0,90.0,20.0,170.0,20.0,0.0,0.0,20.0,1000.0,120.0,1120.0,980.0,40.0,10.0,0.0,0.0,0.0,120.0,10.0
Carlos Alcaraz,ARG,"MF,FW",0,0,1,1,2024-2025,Everton,22,4,394,4.4,0.28,0.26,0.53,48.64,2.05,9.32,20.0,20.68,2.5,48.64,2.27,1.36,13.64,0.68,6.82,25.91,157.73,89.09,2.27,2.73,0.0,1.14,1.82,30.68,1.82
Trent Alexander-Arnold,ENG,DF,0,1,0,0,2024-2025,Liverpool,26,26,2145,23.8,0.07,0.28,0.35,85.88,3.45,22.94,37.9,25.59,1.64,85.88,1.22,0.55,1.88,0.59,2.03,45.17,209.16,111.43,2.02,1.47,0.34,0.8,0.63,54.58,3.66
Alisson,BRA,GK,1,0,0,0,2024-2025,Liverpool,32,21,1878,20.9,0.0,0.03,0.03,32.63,23.88,31.96,0.67,0.0,0.0,32.63,0.05,0.05,4.78,0.0,0.0,21.39,86.27,50.86,0.0,0.0,0.0,0.05,0.0,19.47,0.0
Miguel Almirón,PAR,FW,0,0,0,1,2024-2025,Newcastle Utd,31,1,157,1.7,0.3,0.15,0.45,47.65,0.59,5.88,20.59,21.18,5.29,47.65,1.18,0.59,29.41,0.59,29.41,31.76,167.06,54.71,1.76,1.76,1.18,0.0,1.18,34.71,10.59
Edson Álvarez,MEX,MF,0,0,1,0,2024-2025,West Ham,27,18,1580,17.6,0.02,0.05,0.06,59.72,3.35,17.78,32.78,9.6,0.68,59.72,1.7,0.8,2.65,0.68,2.27,32.1,179.2,80.8,1.14,1.02,0.11,1.31,0.74,39.49,1.02
Will Alves,ENG,FW,0,0,0,1,2024-2025,Leicester City,20,0,1,0.0,0.0,0.0,0.0,inf,,,,inf,,inf,,,,,,inf,inf,inf,,,,,,inf,inf
Harry Amass,ENG,DF,0,1,0,0,2024-2025,Manchester Utd,18,0,22,0.2,0.0,0.0,0.0,135.0,15.0,60.0,45.0,30.0,0.0,135.0,0.0,0.0,,0.0,,55.0,220.0,50.0,0.0,0.0,0.0,5.0,15.0,50.0,5.0
Samuel Amo-Ameyaw,ENG,"FW,DF",0,1,0,1,2024-2025,Southampton,18,0,28,0.3,0.07,0.22,0.29,53.33,0.0,16.67,16.67,23.33,3.33,53.33,13.33,0.0,0.0,10.0,250.0,36.67,326.67,226.67,3.33,0.0,3.33,0.0,6.67,36.67,10.0
Mathis Amougou,FRA,MF,0,0,1,0,2024-2025,Chelsea,19,0,8,0.1,0.0,0.0,0.0,90.0,10.0,20.0,40.0,30.0,0.0,90.0,0.0,0.0,,0.0,,70.0,250.0,50.0,0.0,10.0,0.0,0.0,10.0,60.0,0.0
Joachim Andersen,DEN,DF,0,1,0,0,2024-2025,Crystal Palace,28,1,90,1.0,0.04,0.0,0.04,93.0,14.0,38.0,50.0,5.0,0.0,93.0,0.0,0.0,,0.0,,49.0,189.0,103.0,1.0,1.0,0.0,0.0,1.0,67.0,1.0
Joachim Andersen,DEN,DF,0,1,0,0,2024-2025,Fulham,28,21,1863,20.7,0.02,0.02,0.04,83.57,12.17,43.38,37.54,3.14,0.63,83.57,0.19,0.19,4.83,0.0,0.0,49.52,228.84,112.85,0.53,0.39,0.05,0.19,0.14,58.89,0.05
Elliot Anderson,ENG,MF,0,0,1,0,2024-2025,Nott'ham Forest,22,25,2047,22.7,0.06,0.13,0.19,58.37,3.26,13.48,27.27,18.81,2.33,58.37,2.86,1.41,2.17,1.1,1.7,29.21,162.33,74.71,1.54,1.19,0.66,2.2,1.45,34.19,3.08
André,BRA,MF,0,0,1,0,2024-2025,Wolves,23,23,1817,20.2,0.01,0.03,0.04,56.78,3.81,15.59,36.49,5.1,0.1,56.78,1.04,0.5,2.36,0.35,1.65,30.5,129.7,58.61,0.35,0.64,0.0,0.94,0.59,38.12,0.5
Michail Antonio,JAM,FW,0,0,0,1,2024-2025,West Ham,35,11,836,9.3,0.24,0.17,0.41,31.83,0.32,2.8,13.33,16.24,3.87,31.83,2.9,0.97,3.58,1.4,5.17,18.6,126.56,74.73,3.12,1.4,0.97,3.76,2.04,23.76,6.34
Antony,BRA,"DF,MF",0,1,1,0,2024-2025,Manchester Utd,25,0,141,1.6,0.65,0.08,0.73,63.12,1.25,13.75,16.25,33.75,5.0,63.12,6.88,2.5,22.75,3.75,34.06,37.5,198.12,113.75,3.12,3.75,0.62,3.12,0.62,43.12,4.38
Julian Araujo,MEX,DF,0,1,0,0,2024-2025,Bournemouth,23,5,355,3.9,0.0,0.0,0.0,51.28,3.85,17.44,26.41,8.21,0.26,51.28,0.0,0.0,,0.0,,21.54,74.36,35.38,0.51,0.0,0.0,1.03,0.51,25.64,2.82
Cameron Archer,ENG,FW,0,0,0,1,2024-2025,Southampton,23,11,1182,13.1,0.37,0.03,0.4,24.2,0.92,3.74,10.99,9.69,3.44,24.12,2.14,0.92,3.27,1.15,4.09,13.89,70.23,32.75,1.22,0.46,0.99,2.14,1.68,16.64,4.2
Alphonse Areola,FRA,GK,1,0,0,0,2024-2025,West Ham,32,18,1630,18.1,0.0,0.0,0.0,42.27,34.09,41.93,0.33,0.0,0.0,42.27,0.0,0.0,,0.0,,23.54,96.57,50.28,0.0,0.0,0.0,0.0,0.0,21.77,0.0
Joe Aribo,NGA,"MF,DF",0,1,1,0,2024-2025,Southampton,28,19,1846,20.5,0.13,0.08,0.21,56.98,2.24,13.8,30.1,13.61,2.05,56.98,2.24,0.88,1.91,1.07,2.33,33.51,183.9,90.98,1.66,1.27,0.54,1.12,0.78,41.46,3.02
Adam Armstrong,ENG,"FW,MF",0,0,1,1,2024-2025,Southampton,28,15,1248,13.9,0.24,0.09,0.32,27.12,0.79,3.17,10.29,13.81,3.53,27.05,1.01,0.43,3.09,0.58,4.11,16.91,95.25,43.09,1.8,0.94,0.43,0.79,1.29,20.58,5.68
Harrison Armstrong,ENG,MF,0,0,1,0,2024-2025,Everton,18,0,48,0.5,0.69,0.14,0.82,40.0,0.0,6.0,24.0,14.0,4.0,40.0,2.0,2.0,200.0,0.0,0.0,30.0,220.0,86.0,2.0,4.0,0.0,4.0,6.0,28.0,0.0
Kepa Arrizabalaga,ESP,GK,1,0,0,0,2024-2025,Bournemouth,30,23,2070,23.0,0.0,0.0,0.0,34.74,25.52,33.87,0.83,0.04,0.04,34.74,0.04,0.04,4.35,0.0,0.0,20.0,97.65,56.26,0.0,0.0,0.0,0.0,0.0,15.52,0.0
Marco Asensio,ESP,"MF,FW",0,0,1,1,2024-2025,Aston Villa,29,2,233,2.6,0.69,0.11,0.79,48.85,0.38,5.0,23.46,21.92,3.85,48.85,1.92,1.54,30.77,0.38,7.69,30.77,178.85,98.46,3.85,4.23,0.38,1.15,0.77,32.31,3.46
Brandon Austin,ENG,GK,1,0,0,0,2024-2025,Tottenham,26,1,90,1.0,0.0,0.0,0.0,36.0,30.0,36.0,0.0,0.0,0.0,36.0,0.0,0.0,,0.0,,22.0,104.0,46.0,0.0,0.0,0.0,0.0,0.0,16.0,0.0
Taiwo Awoniyi,NGA,FW,0,0,0,1,2024-2025,Nott'ham Forest,27,3,363,4.0,0.53,0.03,0.56,37.5,1.0,3.25,17.0,17.5,5.25,37.5,2.0,0.75,9.38,1.25,15.62,20.5,92.5,46.25,1.5,1.25,0.5,4.25,4.0,25.75,4.75
Yasin Ayari,SWE,MF,0,0,1,0,2024-2025,Brighton,21,17,1533,17.0,0.11,0.12,0.24,55.76,2.71,12.65,28.06,15.82,2.24,55.76,2.18,0.94,2.54,0.76,2.06,28.06,135.59,60.24,1.24,0.94,0.29,1.82,1.24,35.82,3.18
Jordan Ayew,GHA,"FW,MF",0,0,1,1,2024-2025,Crystal Palace,33,0,21,0.2,1.96,0.21,2.17,60.0,0.0,0.0,35.0,25.0,5.0,60.0,0.0,0.0,,0.0,,30.0,125.0,60.0,0.0,0.0,0.0,0.0,5.0,45.0,5.0
Jordan Ayew,GHA,"FW,MF",0,0,1,1,2024-2025,Leicester City,33,15,1310,14.6,0.19,0.05,0.25,44.45,1.23,6.1,22.67,17.19,3.15,44.38,3.56,1.3,2.5,1.85,3.55,26.51,181.51,82.05,2.6,2.05,0.48,3.49,2.12,29.73,4.66
Benoît Badiashile,FRA,DF,0,1,0,0,2024-2025,Chelsea,24,3,334,3.7,0.0,0.0,0.0,90.81,8.38,37.3,50.27,3.51,0.0,90.81,0.27,0.0,0.0,0.27,27.03,47.84,178.38,91.89,0.81,1.35,0.0,0.27,0.0,66.76,0.54
Leon Bailey,JAM,"FW,MF",0,0,1,1,2024-2025,Aston Villa,27,14,1138,12.6,0.14,0.12,0.26,42.78,1.43,6.03,12.3,25.24,5.48,42.78,4.52,1.75,3.06,1.9,3.34,27.3,201.59,105.87,4.52,1.75,2.62,2.78,1.98,30.63,9.6
Carlos Baleba,CMR,MF,0,0,1,0,2024-2025,Brighton,21,23,1967,21.9,0.13,0.05,0.18,54.52,2.47,12.65,32.24,11.23,0.46,54.52,2.1,1.23,2.68,0.73,1.59,29.09,169.77,85.84,1.51,1.46,0.09,1.37,1.32,31.87,1.19
Ross Barkley,ENG,MF,0,0,1,0,2024-2025,Aston Villa,31,3,554,6.2,0.27,0.09,0.37,69.19,2.58,10.97,41.13,18.06,2.74,69.19,1.61,1.29,12.9,0.32,3.23,40.97,222.1,103.23,2.26,2.1,0.32,0.81,1.29,48.71,1.29
Harvey Barnes,ENG,FW,0,0,0,1,2024-2025,Newcastle Utd,27,8,992,11.0,0.34,0.27,0.61,42.91,0.91,5.82,13.64,23.45,6.64,42.91,3.45,1.45,3.83,1.55,4.06,31.09,223.82,123.91,5.0,2.45,2.64,1.64,1.09,34.64,9.64
Calvin Bassey,NGA,DF,0,1,0,0,2024-2025,Fulham,25,27,2444,27.2,0.04,0.0,0.04,72.32,9.49,35.11,34.08,3.79,0.55,72.32,0.92,0.4,1.62,0.33,1.32,46.4,230.15,128.9,0.81,0.51,0.11,0.99,0.26,50.22,0.4
Jan Bednarek,POL,DF,0,1,0,0,2024-2025,Southampton,28,24,1991,22.1,0.03,0.02,0.05,78.37,13.71,40.9,36.15,1.63,0.59,78.37,0.14,0.14,4.52,0.0,0.0,39.73,143.08,67.6,0.18,0.23,0.05,0.41,0.14,50.45,0.05
Armel Bella Kotchap,GER,DF,0,1,0,0,2024-2025,Southampton,23,2,331,3.7,0.09,0.0,0.09,71.08,8.92,39.73,31.08,0.81,0.27,71.08,0.27,0.0,0.0,0.27,27.03,50.27,252.97,88.11,0.0,0.0,0.0,0.27,0.0,51.89,0.0
Jean-Ricner Bellegarde,FRA,"MF,FW",0,0,1,1,2024-2025,Wolves,26,16,1374,15.3,0.08,0.21,0.29,43.2,1.31,7.45,19.74,16.99,2.55,43.2,3.59,0.72,1.31,2.03,3.69,26.6,167.91,83.14,2.68,2.03,0.59,2.03,1.37,30.13,5.03
Rodrigo Bentancur,URU,MF,0,0,1,0,2024-2025,Tottenham,27,16,1246,13.8,0.1,0.03,0.13,74.06,4.06,17.61,44.35,12.75,1.45,74.06,1.09,0.51,3.38,0.43,2.9,44.13,201.96,81.67,1.38,1.3,0.36,0.87,1.16,49.13,1.74
Sander Berge,NOR,MF,0,0,1,0,2024-2025,Fulham,27,19,1734,19.3,0.01,0.03,0.04,56.63,3.52,15.91,32.8,8.19,0.52,56.63,0.78,0.41,2.76,0.26,1.73,32.38,170.83,72.44,0.98,0.88,0.1,0.36,0.57,36.01,0.31
Lucas Bergvall,SWE,MF,0,0,1,0,2024-2025,Tottenham,19,8,934,10.4,0.05,0.04,0.09,71.73,2.79,14.9,39.71,18.27,1.54,71.73,3.75,1.83,4.68,1.54,3.94,43.17,273.08,128.08,2.31,1.63,0.29,1.73,1.35,47.98,2.21
Victor Bernth Kristiansen,DEN,DF,0,1,0,0,2024-2025,Leicester City,22,27,2335,25.9,0.01,0.05,0.06,60.08,4.32,21.66,26.95,11.97,0.58,60.08,0.62,0.27,1.69,0.31,1.93,30.5,145.87,68.69,1.47,0.93,0.19,0.46,0.46,33.05,2.74
Beto,GNB,FW,0,0,0,1,2024-2025,Everton,27,9,1010,11.2,0.52,0.06,0.58,31.16,1.7,3.04,13.75,14.82,5.0,31.16,2.59,1.34,4.62,1.16,4.0,16.96,86.16,32.77,1.07,0.71,0.62,4.11,2.5,22.86,4.73
Philip Billing,DEN,MF,0,0,1,0,2024-2025,Bournemouth,28,1,184,2.0,0.28,0.54,0.82,74.0,2.5,10.0,36.0,28.5,6.0,74.0,1.5,0.5,16.65,0.0,0.0,29.0,127.0,81.5,1.5,0.5,0.5,3.5,2.0,37.5,6.5
Yves Bissouma,MLI,MF,0,0,1,0,2024-2025,Tottenham,28,14,1145,12.7,0.04,0.02,0.06,69.13,4.41,19.53,38.98,11.1,0.39,69.13,1.57,0.47,2.36,1.1,5.51,41.5,244.41,113.07,1.18,1.34,0.0,1.73,0.94,47.87,0.24
Oscar Bobb,NOR,FW,0,0,0,1,2024-2025,Manchester City,21,0,6,0.1,0.0,0.0,0.0,20.0,0.0,10.0,10.0,0.0,0.0,20.0,0.0,0.0,,0.0,,10.0,40.0,0.0,0.0,0.0,0.0,0.0,0.0,10.0,0.0
Lamare Bogarde,NED,"DF,MF",0,1,1,0,2024-2025,Aston Villa,21,5,476,5.3,0.01,0.02,0.03,61.32,3.02,17.92,36.04,7.55,0.75,61.32,0.75,0.38,9.43,0.19,4.72,32.64,194.53,113.02,2.26,1.13,0.19,1.13,1.51,40.0,1.7
Willy Boly,CIV,DF,0,1,0,0,2024-2025,Nott'ham Forest,34,1,134,1.5,0.05,0.0,0.05,57.33,13.33,38.67,17.33,1.33,0.67,57.33,0.0,0.0,,0.0,,22.0,76.67,23.33,0.0,0.0,0.0,0.67,0.0,27.33,0.0
Sven Botman,NED,DF,0,1,0,0,2024-2025,Newcastle Utd,25,3,224,2.5,0.01,0.0,0.01,62.4,9.6,25.2,35.6,2.0,2.0,62.4,1.2,0.4,13.32,0.4,13.32,32.8,140.0,68.4,0.0,0.0,0.0,0.4,0.0,40.4,0.0
Jarrod Bowen,ENG,"FW,MF",0,0,1,1,2024-2025,West Ham,28,26,2276,25.3,0.25,0.21,0.46,38.46,0.79,4.43,13.87,20.99,5.18,38.42,4.03,1.5,1.47,2.21,2.17,22.45,166.05,81.78,3.44,1.46,1.78,2.21,2.29,24.74,6.17
Conor Bradley,NIR,DF,0,1,0,0,2024-2025,Liverpool,21,2,372,4.1,0.12,0.0,0.12,83.66,3.66,25.61,35.85,23.41,4.88,83.66,1.71,0.73,10.46,0.98,13.93,45.37,267.56,144.88,4.15,2.2,1.22,1.95,0.24,51.46,4.39
Jarrad Branthwaite,ENG,DF,0,1,0,0,2024-2025,Everton,22,21,1898,21.1,0.04,0.03,0.06,53.32,7.73,28.53,22.61,2.42,0.9,53.32,0.24,0.14,2.84,0.05,0.95,25.55,141.23,85.02,0.38,0.62,0.09,0.33,0.14,30.47,0.05
James Bree,ENG,DF,0,1,0,0,2024-2025,Southampton,27,11,890,9.9,0.01,0.09,0.1,60.4,4.24,19.6,26.36,14.95,1.01,60.4,0.81,0.4,5.05,0.2,2.53,31.92,138.59,69.49,0.91,1.11,0.0,0.61,0.4,38.89,3.43
Ben Brereton,CHI,FW,0,0,0,1,2024-2025,Southampton,25,4,449,5.0,0.18,0.02,0.2,41.2,0.8,3.8,15.2,22.4,4.0,41.2,0.8,0.2,5.0,0.4,10.0,27.2,158.2,78.8,2.4,2.6,0.8,1.8,0.8,34.2,8.4
Nathan Broadhead,WAL,"MF,FW",0,0,1,1,2024-2025,Ipswich Town,26,5,526,5.8,0.26,0.11,0.37,42.76,1.21,6.21,21.21,16.9,3.28,42.76,5.0,2.41,8.33,2.24,7.72,23.62,168.28,77.24,2.41,1.9,0.69,2.41,1.72,30.0,3.79
Armando Broja,ALB,FW,0,0,0,1,2024-2025,Everton,23,2,183,2.0,0.06,0.06,0.11,38.0,1.5,4.5,11.0,24.5,6.5,38.0,6.0,3.0,25.0,2.5,20.85,19.0,226.5,122.5,5.0,3.0,1.5,4.0,4.0,26.5,8.5
David Brooks,WAL,FW,0,0,0,1,2024-2025,Bournemouth,27,8,769,8.5,0.26,0.19,0.44,47.76,1.18,5.65,17.88,25.18,3.65,47.76,3.41,0.94,3.25,2.12,7.31,29.41,200.0,91.06,2.94,2.35,0.94,2.94,1.18,32.0,8.12
Emi Buendía,ARG,"MF,FW",0,0,1,1,2024-2025,Aston Villa,28,0,98,1.1,0.6,0.02,0.62,74.55,0.0,15.45,31.82,28.18,2.73,74.55,1.82,0.0,0.0,1.82,90.91,48.18,168.18,108.18,2.73,4.55,0.0,3.64,2.73,58.18,5.45
Santiago Bueno,URU,DF,0,1,0,0,2024-2025,Wolves,26,17,1533,17.0,0.03,0.0,0.03,55.12,8.88,27.94,26.29,1.06,0.35,55.12,0.12,0.0,0.0,0.12,5.88,30.24,153.71,80.94,0.06,0.12,0.0,0.12,0.12,36.12,0.06
Facundo Buonanotte,ARG,"FW,MF",0,0,1,1,2024-2025,Leicester City,20,13,1354,15.0,0.23,0.19,0.42,51.4,1.53,7.47,26.27,18.53,2.07,51.4,4.67,1.6,2.29,2.8,4.0,28.2,178.2,81.93,2.47,1.73,0.53,3.33,2.27,31.67,4.13
Cameron Burgess,AUS,DF,0,1,0,0,2024-2025,Ipswich Town,29,11,1035,11.5,0.06,0.03,0.09,60.87,13.13,35.13,22.35,3.39,1.74,60.87,0.0,0.0,,0.0,,29.13,136.87,71.48,0.17,0.26,0.0,0.17,0.0,36.0,0.26
Dan Burn,ENG,DF,0,1,0,0,2024-2025,Newcastle Utd,32,28,2520,28.0,0.04,0.02,0.06,62.61,10.86,36.11,23.82,2.79,1.29,62.61,0.11,0.11,3.57,0.0,0.0,35.82,164.5,71.89,0.21,0.11,0.04,0.64,0.07,42.0,0.21
Wes Burns,WAL,"FW,DF",0,1,0,1,2024-2025,Ipswich Town,30,12,926,10.3,0.05,0.16,0.21,33.98,2.04,6.7,12.52,15.53,1.75,33.98,2.33,0.87,3.64,1.36,5.66,20.97,141.55,67.57,3.69,1.26,0.97,1.65,1.26,21.36,6.31
Moisés Caicedo,ECU,MF,0,0,1,0,2024-2025,Chelsea,23,29,2541,28.2,0.02,0.09,0.11,71.56,2.52,15.43,44.11,12.7,0.39,71.56,1.49,0.6,1.44,0.57,1.35,39.96,186.13,87.94,1.13,0.82,0.07,1.06,0.64,50.71,0.99
Tom Cairney,SCO,MF,0,0,1,0,2024-2025,Fulham,34,2,438,4.9,0.03,0.14,0.17,103.27,1.02,14.08,56.12,34.49,1.43,103.27,2.24,0.82,7.43,0.61,5.57,70.0,342.04,164.69,2.65,3.06,0.61,0.82,0.61,85.1,4.29
Jens Cajuste,SWE,MF,0,0,1,0,2024-2025,Ipswich Town,25,20,1524,16.9,0.02,0.02,0.05,46.04,2.6,12.96,24.02,9.82,0.65,46.04,2.31,1.3,3.34,0.71,1.82,21.48,118.4,64.2,1.3,1.18,0.18,0.95,0.65,26.75,0.77
Riccardo Calafiori,ITA,DF,0,1,0,0,2024-2025,Arsenal,22,11,925,10.3,0.08,0.03,0.11,60.97,2.91,15.63,24.17,21.55,2.82,60.97,1.26,0.87,6.72,0.29,2.24,28.25,152.62,81.46,2.04,1.17,0.29,1.07,0.49,36.6,2.82
Dominic Calvert-Lewin,ENG,FW,0,0,0,1,2024-2025,Everton,28,19,1574,17.5,0.35,0.04,0.39,28.06,1.2,2.17,11.66,14.51,4.69,28.06,1.43,0.57,2.29,0.74,2.97,15.31,79.89,25.37,1.26,0.46,0.91,4.06,1.83,22.97,6.0
Diego Carlos,BRA,DF,0,1,0,0,2024-2025,Aston Villa,32,8,830,9.2,0.07,0.0,0.07,73.26,9.35,35.98,35.87,1.63,0.65,73.26,0.22,0.22,10.87,0.0,0.0,45.54,231.85,126.3,0.33,0.33,0.0,0.11,0.22,52.28,0.0
Fabio Carvalho,POR,"FW,MF",0,0,1,1,2024-2025,Brentford,22,3,455,5.1,0.49,0.13,0.62,48.43,0.78,8.63,17.84,22.16,4.31,48.43,2.75,0.39,2.8,1.96,14.0,26.86,136.86,69.8,1.76,0.59,0.0,2.55,1.57,28.43,4.51
Casemiro,BRA,MF,0,0,1,0,2024-2025,Manchester Utd,33,14,1181,13.1,0.11,0.17,0.28,74.81,4.89,21.68,38.32,15.34,2.52,74.81,0.46,0.23,3.82,0.23,3.82,39.62,123.44,57.02,0.31,0.69,0.0,0.69,0.76,48.4,1.91
Kaelan Casey,ENG,DF,0,1,0,0,2024-2025,West Ham,20,0,1,0.0,0.0,0.0,0.0,inf,inf,inf,,,,inf,,,,,,,,,,,,,,,
Matty Cash,POL,DF,0,1,0,0,2024-2025,Aston Villa,27,17,1476,16.4,0.02,0.07,0.08,51.04,3.54,18.48,20.79,12.38,2.01,51.04,1.89,0.91,2.95,0.85,2.76,25.12,164.63,83.54,2.38,1.89,0.24,0.98,0.37,28.78,3.23
Eiran Cashin,IRL,DF,0,1,0,0,2024-2025,Brighton,23,0,19,0.2,0.0,0.0,0.0,155.0,10.0,50.0,100.0,5.0,0.0,155.0,5.0,0.0,0.0,5.0,500.0,105.0,780.0,535.0,0.0,0.0,0.0,0.0,0.0,125.0,0.0
Timothy Castagne,BEL,DF,0,1,0,0,2024-2025,Fulham,29,15,1432,15.9,0.02,0.08,0.1,64.09,4.84,24.34,25.85,14.21,1.82,64.09,0.57,0.25,2.79,0.19,2.09,31.38,127.17,62.08,1.01,0.82,0.06,0.69,0.31,37.99,4.09
Trevoh Chalobah,ENG,DF,0,1,0,0,2024-2025,Crystal Palace,25,12,1060,11.8,0.1,0.03,0.14,50.34,5.59,23.31,23.39,4.32,1.19,50.34,0.85,0.51,5.08,0.17,1.69,23.56,102.8,56.02,0.93,0.76,0.08,0.34,0.59,26.86,0.51
Trevoh Chalobah,ENG,DF,0,1,0,0,2024-2025,Chelsea,25,4,296,3.3,0.07,0.34,0.41,85.76,6.36,38.79,42.12,6.06,1.21,85.76,0.61,0.3,15.15,0.0,0.0,44.85,178.48,80.61,0.61,0.61,0.0,0.0,0.0,64.55,0.0
Conor Chaplin,ENG,"MF,FW",0,0,1,1,2024-2025,Ipswich Town,28,7,614,6.8,0.17,0.09,0.26,41.32,0.88,6.76,20.74,14.56,1.76,41.32,0.88,0.44,7.35,0.44,7.35,20.29,102.5,55.88,1.47,1.03,0.0,1.32,0.44,28.24,2.94
Youssef Chermiti,POR,"FW,MF",0,0,1,1,2024-2025,Everton,20,0,17,0.2,0.36,0.0,0.36,40.0,0.0,0.0,10.0,30.0,10.0,40.0,5.0,5.0,500.0,0.0,0.0,20.0,55.0,5.0,0.0,0.0,0.0,0.0,0.0,30.0,20.0
Federico Chiesa,ITA,FW,0,0,0,1,2024-2025,Liverpool,27,0,28,0.3,0.52,0.0,0.52,76.67,0.0,6.67,36.67,33.33,10.0,76.67,3.33,0.0,0.0,3.33,333.33,60.0,223.33,113.33,6.67,0.0,3.33,3.33,10.0,60.0,13.33
Ben Chilwell,ENG,DF,0,1,0,0,2024-2025,Crystal Palace,28,0,84,0.9,0.05,0.19,0.24,76.67,3.33,24.44,31.11,22.22,1.11,76.67,2.22,0.0,0.0,1.11,55.56,34.44,152.22,106.67,1.11,0.0,0.0,1.11,2.22,35.56,7.78
Chiquinho,POR,MF,0,0,1,0,2024-2025,Wolves,25,0,7,0.1,0.0,0.42,0.42,30.0,0.0,0.0,10.0,20.0,10.0,30.0,0.0,0.0,,0.0,,10.0,130.0,50.0,0.0,0.0,0.0,0.0,0.0,20.0,0.0
Hamza Choudhury,BAN,"MF,DF",0,1,1,0,2024-2025,Leicester City,27,1,131,1.5,0.0,0.27,0.27,66.67,2.67,12.67,40.67,13.33,2.0,66.67,2.67,2.0,50.0,0.67,16.67,42.0,164.0,86.67,2.67,1.33,1.33,0.67,0.0,47.33,4.0
Ryan Christie,SCO,MF,0,0,1,0,2024-2025,Bournemouth,30,27,2117,23.5,0.08,0.15,0.23,58.6,3.15,10.98,32.85,15.83,1.91,58.6,2.04,0.98,2.04,0.94,1.95,30.68,161.32,74.85,1.36,1.7,0.3,1.87,1.06,33.06,1.83
Harry Clarke,ENG,DF,0,1,0,0,2024-2025,Ipswich Town,24,4,379,4.2,0.02,0.01,0.03,63.81,4.29,23.81,29.05,11.19,0.48,63.81,0.48,0.24,11.9,0.24,11.9,28.1,132.14,52.86,1.19,1.67,0.0,0.95,0.48,38.81,0.48
Jack Clarke,ENG,"FW,MF",0,0,1,1,2024-2025,Ipswich Town,24,8,890,9.9,0.1,0.19,0.28,42.53,1.11,9.29,17.37,16.97,2.83,42.53,3.43,2.02,5.94,1.01,2.97,24.75,174.24,85.25,2.53,1.41,0.91,1.92,1.41,26.87,4.75
Nathaniel Clyne,ENG,"DF,MF",0,1,1,0,2024-2025,Crystal Palace,33,5,455,5.1,0.0,0.06,0.06,51.18,3.33,19.8,24.51,6.86,0.59,51.18,0.2,0.0,0.0,0.2,19.61,30.0,124.12,58.63,1.18,0.39,0.59,0.78,0.39,33.53,1.57
Conor Coady,ENG,DF,0,1,0,0,2024-2025,Leicester City,32,11,994,11.0,0.0,0.0,0.0,63.64,11.45,34.0,28.55,1.09,0.27,63.64,0.09,0.09,9.09,0.0,0.0,41.55,168.09,89.27,0.09,0.18,0.09,0.36,0.18,46.64,0.0
Séamus Coleman,IRL,DF,0,1,0,0,2024-2025,Everton,36,2,197,2.2,0.26,0.0,0.26,45.45,5.0,17.73,19.55,8.64,0.91,45.45,2.27,1.82,36.36,0.45,9.09,19.55,102.27,49.55,0.45,0.45,0.0,0.45,0.45,23.18,0.91
Nathan Collins,IRL,DF,0,1,0,0,2024-2025,Brentford,23,30,2700,30.0,0.08,0.05,0.12,65.93,10.57,34.63,26.77,4.87,1.87,65.93,0.37,0.2,1.82,0.13,1.21,34.63,190.53,109.73,0.8,0.27,0.0,0.43,0.27,40.17,0.57
Toby Collyer,ENG,MF,0,0,1,0,2024-2025,Manchester Utd,21,0,179,2.0,0.09,0.13,0.22,64.5,4.5,23.0,29.5,12.5,1.5,64.5,1.0,0.5,25.0,0.5,25.0,34.0,119.5,28.0,0.0,0.0,0.0,5.5,0.5,35.5,1.0
Levi Colwill,ENG,DF,0,1,0,0,2024-2025,Chelsea,22,27,2429,27.0,0.03,0.04,0.07,86.26,10.56,39.56,43.33,3.67,0.89,86.26,0.3,0.19,2.31,0.11,1.39,49.59,226.26,126.37,0.37,0.37,0.04,0.33,0.26,63.59,0.26
Lewis Cook,ENG,"MF,DF",0,1,1,0,2024-2025,Bournemouth,28,27,2482,27.6,0.03,0.14,0.17,59.06,2.54,13.7,31.16,14.89,0.69,59.06,0.58,0.36,2.26,0.22,1.36,26.23,130.51,72.43,1.16,0.94,0.14,0.98,0.54,29.57,1.63
Maxwel Cornet,CIV,FW,0,0,0,1,2024-2025,Southampton,28,1,72,0.8,0.2,0.0,0.2,42.5,1.25,10.0,17.5,16.25,2.5,42.5,1.25,0.0,0.0,1.25,125.0,20.0,91.25,32.5,1.25,0.0,1.25,3.75,0.0,28.75,6.25
Vladimír Coufal,CZE,DF,0,1,0,0,2024-2025,West Ham,32,8,736,8.2,0.02,0.08,0.1,59.02,5.85,22.93,23.29,12.93,0.98,59.02,0.85,0.24,3.49,0.24,3.49,23.17,113.66,51.83,1.34,0.49,0.12,0.98,0.61,30.73,2.56
Woyo Coulibaly,FRA,DF,0,1,0,0,2024-2025,Leicester City,25,1,109,1.2,0.04,0.0,0.04,63.33,6.67,22.5,25.83,16.67,3.33,63.33,0.83,0.0,0.0,0.83,83.33,40.0,240.0,140.83,3.33,1.67,0.83,3.33,0.0,30.0,1.67
Aaron Cresswell,ENG,DF,0,1,0,0,2024-2025,West Ham,35,7,589,6.5,0.02,0.17,0.19,76.0,5.23,30.15,36.15,10.46,0.15,76.0,0.15,0.15,15.38,0.0,0.0,30.62,118.77,59.54,0.62,1.08,0.0,0.46,0.0,48.15,0.31
Marc Cucurella,ESP,DF,0,1,0,0,2024-2025,Chelsea,26,25,2254,25.0,0.09,0.07,0.15,68.64,3.52,20.76,32.0,16.16,2.28,68.64,0.44,0.16,1.46,0.24,2.18,29.48,124.72,74.08,1.16,0.56,0.08,1.0,0.2,43.28,3.8
Jorge Cuenca,ESP,DF,0,1,0,0,2024-2025,Fulham,25,3,259,2.9,0.01,0.0,0.01,51.38,7.93,29.66,20.0,2.07,0.34,51.38,0.69,0.69,34.48,0.0,0.0,21.72,79.66,39.66,0.0,0.34,0.0,0.34,0.0,30.69,0.0
Matheus Cunha,BRA,"MF,FW",0,0,1,1,2024-2025,Wolves,25,24,2143,23.8,0.28,0.28,0.56,53.24,0.84,6.55,24.33,24.24,4.45,53.19,4.83,2.06,1.79,2.18,1.9,30.04,228.95,113.53,3.87,3.11,1.34,2.82,1.76,35.25,5.76
Patson Daka,ZAM,"FW,MF",0,0,1,1,2024-2025,Leicester City,26,4,542,6.0,0.13,0.0,0.13,31.83,1.33,5.17,14.83,12.33,3.0,31.83,2.5,0.33,2.22,1.67,11.12,16.33,68.5,27.67,0.83,0.83,0.17,2.33,1.5,20.67,4.5
Diogo Dalot,POR,DF,0,1,0,0,2024-2025,Manchester Utd,26,29,2576,28.6,0.07,0.07,0.14,64.02,3.88,21.75,24.9,17.87,2.1,64.02,1.57,0.8,1.79,0.66,1.48,36.15,160.0,87.48,2.03,1.26,0.45,1.19,0.52,38.46,5.24
Mikkel Damsgaard,DEN,"MF,FW",0,0,1,1,2024-2025,Brentford,24,26,2248,25.0,0.1,0.29,0.38,59.16,1.24,10.32,27.04,22.68,2.48,59.16,3.32,1.76,2.12,1.2,1.44,33.68,187.0,96.44,2.36,1.48,0.32,2.0,1.56,39.36,4.32
Danilo,BRA,"MF,FW",0,0,1,1,2024-2025,Nott'ham Forest,23,4,210,2.3,0.0,0.0,0.0,47.83,2.61,13.91,29.13,5.22,0.0,47.83,2.17,0.87,17.39,1.3,26.09,17.83,87.83,23.91,0.87,0.0,0.0,2.61,0.0,30.0,0.43
Jayden Danns,ENG,MF,0,0,1,0,2024-2025,Liverpool,19,0,11,0.1,0.0,0.0,0.0,20.0,0.0,0.0,0.0,20.0,0.0,20.0,0.0,0.0,,0.0,,10.0,20.0,10.0,0.0,0.0,0.0,0.0,10.0,10.0,0.0
Kevin Danso,AUT,DF,0,1,0,0,2024-2025,Tottenham,26,4,347,3.9,0.09,0.01,0.1,85.64,10.77,45.9,36.15,3.85,1.79,85.64,0.51,0.26,12.82,0.26,12.82,62.05,275.64,119.49,0.51,0.0,0.0,1.54,0.0,65.13,0.0
Ben Davies,WAL,DF,0,1,0,0,2024-2025,Tottenham,31,8,721,8.0,0.02,0.01,0.03,83.88,15.38,43.62,36.5,3.75,1.0,83.88,0.12,0.12,12.5,0.0,0.0,47.5,237.0,137.25,0.75,0.62,0.0,0.25,0.0,55.62,0.5
Leif Davis,ENG,DF,0,1,0,0,2024-2025,Ipswich Town,25,28,2461,27.3,0.03,0.16,0.19,51.83,3.96,18.13,17.14,17.25,1.32,51.83,1.36,0.48,1.29,0.62,1.68,23.52,128.35,69.6,1.72,0.99,0.37,1.28,0.51,27.58,4.29
Craig Dawson,ENG,DF,0,1,0,0,2024-2025,Wolves,34,10,971,10.8,0.05,0.0,0.05,62.13,12.04,36.67,23.06,2.59,1.3,62.13,0.46,0.09,1.85,0.19,3.7,36.11,168.43,86.85,0.56,0.09,0.0,0.19,0.0,41.02,0.46
Kevin De Bruyne,BEL,MF,0,0,1,0,2024-2025,Manchester City,33,12,1103,12.3,0.22,0.5,0.71,76.5,0.81,4.96,25.61,46.5,4.39,76.5,1.95,0.81,3.39,0.89,3.72,43.82,224.07,119.67,3.09,2.85,1.22,1.54,1.63,57.64,8.54
Liam Delap,ENG,FW,0,0,0,1,2024-2025,Ipswich Town,22,28,2244,24.9,0.34,0.07,0.42,23.65,1.04,2.69,9.92,11.65,3.25,23.57,2.89,1.33,1.84,1.24,1.73,15.66,114.02,53.09,2.21,1.57,1.08,3.53,2.13,18.51,3.9
Sepp van den Berg,NED,DF,0,1,0,0,2024-2025,Brentford,23,21,1866,20.7,0.04,0.01,0.05,55.94,10.0,27.87,21.21,6.96,1.74,55.94,0.34,0.19,2.76,0.14,2.07,23.48,109.81,54.59,0.34,0.43,0.0,0.63,0.24,30.87,1.26
Justin Devenny,NIR,MF,0,0,1,0,2024-2025,Crystal Palace,21,3,323,3.6,0.14,0.1,0.23,52.22,1.67,10.0,25.83,17.78,1.39,52.22,1.11,0.56,13.89,0.56,13.89,22.78,118.61,55.0,0.83,1.11,0.28,2.5,0.56,31.11,2.5
Kiernan Dewsbury-Hall,ENG,"MF,FW",0,0,1,1,2024-2025,Chelsea,26,1,199,2.2,0.1,0.45,0.55,65.0,1.36,9.09,33.18,22.73,2.27,65.0,1.36,0.45,15.14,0.91,30.32,34.55,188.64,89.55,2.27,0.45,0.0,0.45,1.36,53.18,4.09
Amad Diallo,CIV,"FW,MF",0,0,1,1,2024-2025,Manchester Utd,22,17,1594,17.7,0.23,0.22,0.45,57.18,0.73,8.47,21.13,28.47,6.16,57.18,4.07,2.03,2.82,1.81,2.51,37.06,253.22,129.6,5.2,2.6,2.94,1.98,1.81,40.34,8.98
Rúben Dias,POR,DF,0,1,0,0,2024-2025,Manchester City,27,17,1551,17.2,0.07,0.01,0.09,99.83,9.07,32.56,53.9,13.49,1.05,99.83,0.12,0.06,2.91,0.06,2.91,70.7,410.7,240.87,1.74,2.73,0.06,0.29,0.06,81.22,0.35
Luis Díaz,COL,FW,0,0,0,1,2024-2025,Liverpool,28,23,1935,21.5,0.36,0.18,0.54,45.72,0.6,3.16,16.14,27.3,6.33,45.72,4.7,2.14,2.12,2.05,2.03,30.19,225.3,119.35,4.33,2.23,2.37,2.23,1.86,35.86,11.12
Tyler Dibling,ENG,"FW,MF",0,0,1,1,2024-2025,Southampton,19,17,1550,17.2,0.14,0.08,0.22,41.63,0.99,5.23,19.24,18.14,2.15,41.63,5.64,2.33,2.4,2.09,2.16,26.98,219.59,109.65,3.49,2.44,1.4,2.27,2.5,31.05,4.65
Lucas Digne,FRA,DF,0,1,0,0,2024-2025,Aston Villa,31,26,2151,23.9,0.03,0.17,0.21,59.54,3.6,20.29,18.2,21.46,1.17,59.54,0.75,0.38,2.09,0.33,1.86,27.28,118.08,52.43,0.88,0.59,0.17,0.71,0.63,32.55,5.65
Issa Diop,FRA,DF,0,1,0,0,2024-2025,Fulham,28,15,1339,14.9,0.04,0.01,0.04,60.4,8.39,33.36,25.44,1.74,0.87,60.4,0.13,0.07,3.36,0.07,3.36,35.77,162.82,81.54,0.4,0.13,0.0,0.6,0.13,41.34,0.2
Axel Disasi,FRA,DF,0,1,0,0,2024-2025,Aston Villa,27,4,370,4.1,0.02,0.09,0.11,65.37,7.32,25.37,34.63,5.85,1.46,65.37,3.17,1.71,13.12,1.46,11.27,40.49,236.83,115.85,1.95,1.71,0.49,0.49,0.49,43.9,1.22
Axel Disasi,FRA,DF,0,1,0,0,2024-2025,Chelsea,27,4,364,4.0,0.07,0.02,0.09,80.75,4.25,27.5,43.75,10.0,0.5,80.75,0.25,0.25,25.0,0.0,0.0,49.0,238.25,129.75,1.5,0.75,0.0,0.25,0.75,60.5,0.5
Roman Dixon,ENG,DF,0,1,0,0,2024-2025,Everton,20,1,90,1.0,0.0,0.0,0.0,36.0,8.0,19.0,14.0,4.0,0.0,36.0,3.0,0.0,0.0,3.0,100.0,16.0,107.0,48.0,0.0,0.0,0.0,2.0,0.0,13.0,1.0
Nasser Djiga,BFA,DF,0,1,0,0,2024-2025,Wolves,22,0,19,0.2,0.0,0.0,0.0,80.0,10.0,40.0,40.0,0.0,0.0,80.0,0.0,0.0,,0.0,,35.0,125.0,0.0,0.0,0.0,0.0,5.0,10.0,35.0,5.0
Matt Doherty,IRL,DF,0,1,0,0,2024-2025,Wolves,33,19,1700,18.9,0.05,0.08,0.13,66.83,5.5,25.66,33.02,8.99,1.27,66.83,1.01,0.53,2.78,0.32,1.67,35.08,163.17,99.37,1.48,0.85,0.21,0.58,0.26,42.12,2.06
Jeremy Doku,BEL,"FW,MF",0,0,1,1,2024-2025,Manchester City,22,14,1240,13.8,0.07,0.26,0.33,60.36,0.22,2.83,13.99,45.14,8.41,60.36,11.81,6.52,4.0,3.48,2.13,46.01,433.55,271.88,11.96,5.58,5.58,3.48,3.62,49.86,16.09
Nicolás Domínguez,ARG,"MF,FW",0,0,1,1,2024-2025,Nott'ham Forest,26,16,1420,15.8,0.08,0.07,0.15,56.33,3.73,13.92,29.49,13.29,1.33,56.33,0.44,0.19,2.72,0.19,2.72,21.46,84.24,39.43,0.7,0.51,0.13,0.95,0.51,31.01,1.27
Patrick Dorgu,DEN,DF,0,1,0,0,2024-2025,Manchester Utd,20,4,312,3.5,0.09,0.1,0.19,69.71,2.86,17.71,24.57,28.0,3.71,69.71,1.14,0.57,14.29,0.57,14.29,43.43,244.57,170.0,4.86,2.29,0.29,1.43,0.57,47.43,10.86
Alfie Dorrington,ENG,DF,0,1,0,0,2024-2025,Tottenham,19,0,14,0.2,0.0,0.0,0.0,80.0,0.0,55.0,25.0,0.0,0.0,80.0,0.0,0.0,,0.0,,60.0,305.0,130.0,0.0,0.0,0.0,0.0,0.0,65.0,0.0
Abdoulaye Doucouré,MLI,MF,0,0,1,0,2024-2025,Everton,32,25,2065,22.9,0.14,0.08,0.22,41.57,1.27,8.56,19.13,14.5,1.97,41.57,1.44,0.79,2.38,0.66,1.99,21.75,109.13,51.79,1.48,0.92,0.17,1.27,1.27,26.72,3.36
Cheick Doucouré,MLI,MF,0,0,1,0,2024-2025,Crystal Palace,25,4,452,5.0,0.08,0.0,0.08,52.6,2.2,11.2,33.0,9.0,0.8,52.6,1.0,0.4,8.0,0.4,8.0,26.6,116.2,56.0,0.4,1.4,0.2,0.8,1.4,32.0,1.4
Flynn Downes,ENG,MF,0,0,1,0,2024-2025,Southampton,26,19,1611,17.9,0.03,0.05,0.08,58.44,3.97,17.6,31.23,9.94,1.06,58.44,0.67,0.22,1.86,0.39,3.26,27.54,148.83,78.44,1.17,0.89,0.22,0.67,0.89,41.62,1.45
Tommy Doyle,ENG,MF,0,0,1,0,2024-2025,Wolves,23,3,488,5.4,0.1,0.09,0.2,85.74,4.07,23.7,47.78,14.81,0.74,85.74,1.67,0.93,10.3,0.19,2.06,48.15,262.41,107.04,1.11,0.56,0.0,1.67,0.74,56.11,0.74
Radu Drăgușin,ROU,DF,0,1,0,0,2024-2025,Tottenham,23,14,1252,13.9,0.01,0.03,0.04,69.14,10.65,36.69,30.94,2.16,0.86,69.14,0.14,0.0,0.0,0.0,0.0,44.82,240.94,119.86,0.5,0.22,0.0,0.58,0.14,48.13,0.14
Martin Dúbravka,SVK,GK,1,0,0,0,2024-2025,Newcastle Utd,36,10,900,10.0,0.0,0.0,0.0,35.0,26.2,33.7,1.4,0.0,0.0,35.0,0.0,0.0,,0.0,,20.2,104.3,64.3,0.0,0.0,0.0,0.0,0.0,17.5,0.0
Lewis Dunk,ENG,DF,0,1,0,0,2024-2025,Brighton,33,18,1633,18.1,0.04,0.03,0.07,92.54,11.6,44.92,43.37,4.81,0.88,92.54,0.06,0.0,0.0,0.06,5.52,56.69,269.23,147.9,0.99,0.88,0.0,0.28,0.17,67.68,0.17
Jáder Durán,COL,FW,0,0,0,1,2024-2025,Aston Villa,21,4,638,7.1,0.69,0.03,0.71,37.04,1.83,5.07,15.49,17.18,6.62,37.04,1.97,0.42,3.01,1.27,9.06,18.73,75.35,37.61,0.99,0.99,0.28,2.25,2.11,27.04,6.2
Ederson,BRA,GK,1,0,0,0,2024-2025,Manchester City,31,20,1800,20.0,0.0,0.04,0.04,38.8,26.9,38.35,0.45,0.0,0.0,38.8,0.0,0.0,,0.0,,26.05,121.5,76.9,0.0,0.0,0.0,0.05,0.0,24.8,0.0
George Edmundson,ENG,DF,0,1,0,0,2024-2025,Ipswich Town,27,0,2,0.0,0.0,0.0,0.0,inf,inf,inf,,,,inf,,,,,,inf,inf,,,,,,,inf,
Odsonne Édouard,FRA,"MF,FW",0,0,1,1,2024-2025,Crystal Palace,27,1,115,1.3,0.31,0.04,0.34,34.62,0.77,3.08,17.69,13.85,6.15,34.62,0.77,0.0,0.0,0.77,76.92,17.69,82.31,38.46,1.54,0.77,1.54,3.08,0.77,20.0,5.38
Odsonne Édouard,FRA,FW,0,0,0,1,2024-2025,Leicester City,27,0,29,0.3,0.0,0.13,0.13,66.67,3.33,6.67,23.33,36.67,20.0,66.67,6.67,3.33,166.67,3.33,166.67,36.67,83.33,6.67,0.0,0.0,3.33,23.33,6.67,43.33,6.67
Samuel Edozie,ENG,"DF,FW",0,1,0,1,2024-2025,Southampton,22,0,65,0.7,0.0,0.14,0.14,61.43,0.0,0.0,10.0,51.43,14.29,61.43,5.71,2.86,71.43,2.86,71.43,48.57,480.0,281.43,8.57,2.86,5.71,5.71,0.0,55.71,32.86
Ronnie Edwards,ENG,DF,0,1,0,0,2024-2025,Southampton,22,0,12,0.1,0.0,0.0,0.0,60.0,30.0,40.0,20.0,0.0,0.0,60.0,0.0,0.0,,0.0,,30.0,100.0,0.0,0.0,0.0,0.0,0.0,0.0,50.0,0.0
Anthony Elanga,SWE,"FW,MF",0,0,1,1,2024-2025,Nott'ham Forest,22,24,1930,21.4,0.18,0.2,0.38,39.77,1.36,5.65,11.07,23.74,3.88,39.77,3.22,1.03,1.49,1.4,2.03,20.84,162.62,92.71,3.64,1.82,1.59,2.9,1.5,26.12,7.29
Harvey Elliott,ENG,"MF,FW",0,0,1,1,2024-2025,Liverpool,21,0,128,1.4,0.14,0.54,0.68,111.43,0.71,10.0,44.29,57.86,7.14,111.43,2.86,1.43,35.71,1.43,35.71,65.0,311.43,165.71,5.0,3.57,3.57,1.43,0.71,82.14,10.0
Yunus Emre Konak,TUR,"FW,MF",0,0,1,1,2024-2025,Brentford,19,0,31,0.3,0.44,0.0,0.44,130.0,0.0,20.0,66.67,43.33,0.0,130.0,6.67,0.0,0.0,6.67,333.33,43.33,190.0,120.0,3.33,0.0,3.33,6.67,10.0,70.0,3.33
Julio Enciso,PAR,"MF,FW",0,0,1,1,2024-2025,Ipswich Town,21,5,340,3.8,0.17,0.26,0.43,49.21,0.26,5.26,25.0,20.53,2.11,49.21,6.05,3.68,16.03,2.37,10.29,23.68,176.58,98.68,2.37,2.89,1.05,2.11,4.21,34.47,4.74
Julio Enciso,PAR,"MF,FW",0,0,1,1,2024-2025,Brighton,21,2,294,3.3,0.31,0.07,0.38,61.21,0.61,5.15,21.82,35.15,6.06,61.21,6.36,3.03,14.42,2.42,11.55,34.55,205.45,116.97,3.33,3.03,1.21,2.12,2.73,42.73,5.15
Wataru Endo,JPN,MF,0,0,1,0,2024-2025,Liverpool,32,0,148,1.6,0.0,0.01,0.01,69.38,2.5,15.62,43.12,11.25,1.25,69.38,0.62,0.62,62.5,0.0,0.0,30.0,108.75,29.38,0.0,0.0,0.62,3.12,1.25,44.38,0.62
Christian Eriksen,DEN,MF,0,0,1,0,2024-2025,Manchester Utd,33,9,813,9.0,0.02,0.26,0.28,68.78,2.22,13.78,35.0,20.44,1.22,68.78,0.33,0.0,0.0,0.33,11.11,38.78,139.44,60.78,0.89,0.89,0.0,0.67,0.44,45.44,2.56
Romain Esse,ENG,MF,0,0,1,0,2024-2025,Crystal Palace,19,0,8,0.1,3.21,0.0,3.21,70.0,0.0,10.0,30.0,30.0,20.0,70.0,0.0,0.0,,0.0,,30.0,170.0,10.0,0.0,0.0,0.0,0.0,0.0,40.0,20.0
Pervis Estupiñán,ECU,DF,0,1,0,0,2024-2025,Brighton,27,19,1782,19.8,0.03,0.09,0.13,71.41,3.08,18.08,34.95,19.09,1.16,71.41,1.31,0.61,2.33,0.66,2.53,36.72,176.72,95.4,2.27,1.82,0.35,1.21,1.06,43.13,4.65
Evanilson,BRA,FW,0,0,0,1,2024-2025,Bournemouth,25,20,1634,18.2,0.47,0.08,0.55,21.43,0.82,1.65,8.02,11.87,5.38,21.37,1.04,0.33,1.74,0.38,2.02,13.08,69.84,32.75,1.26,0.66,0.71,1.54,0.99,15.22,4.12
Jonny Evans,NIR,DF,0,1,0,0,2024-2025,Manchester Utd,37,3,290,3.2,0.03,0.0,0.03,69.69,9.38,39.06,28.44,3.44,0.62,69.69,0.31,0.31,31.25,0.0,0.0,40.0,155.62,57.19,0.31,0.0,0.0,0.31,0.0,42.81,0.62
Eberechi Eze,ENG,"MF,FW",0,0,1,1,2024-2025,Crystal Palace,26,23,2014,22.4,0.28,0.21,0.49,52.28,0.58,6.61,24.42,22.5,3.44,52.28,4.91,2.32,2.11,2.37,2.15,31.12,191.25,87.95,2.59,1.74,0.89,1.88,1.7,34.24,5.94
Łukasz Fabiański,POL,GK,1,0,0,0,2024-2025,West Ham,39,12,1070,11.9,0.0,0.0,0.0,41.01,32.1,40.59,0.42,0.0,0.0,41.01,0.17,0.17,8.4,0.0,0.0,21.68,115.21,71.01,0.0,0.0,0.0,0.0,0.0,19.08,0.0
Wout Faes,BEL,DF,0,1,0,0,2024-2025,Leicester City,27,23,2185,24.3,0.05,0.0,0.05,60.41,9.96,29.09,29.01,2.59,0.99,60.41,0.16,0.12,3.09,0.04,1.03,34.03,158.85,93.95,0.45,0.45,0.04,0.58,0.12,39.18,0.04
Abdul Fatawu Issahaku,GHA,FW,0,0,0,1,2024-2025,Leicester City,21,6,579,6.4,0.06,0.24,0.31,50.94,2.97,11.41,17.81,24.53,4.06,50.94,10.78,4.53,6.56,4.38,6.34,33.91,292.03,164.84,6.56,3.75,2.34,2.81,1.88,33.75,9.38
João Félix,POR,"FW,MF",0,0,1,1,2024-2025,Chelsea,25,3,369,4.1,0.54,0.23,0.78,66.34,0.49,6.34,31.22,30.49,7.32,66.34,7.56,2.44,7.88,3.41,11.02,47.07,304.39,173.66,5.12,3.17,1.22,1.46,0.98,53.17,7.32
Evan Ferguson,IRL,FW,0,0,0,1,2024-2025,West Ham,20,1,140,1.6,0.36,0.19,0.56,37.5,0.62,3.75,15.62,18.12,6.25,37.5,3.12,1.88,37.5,1.25,25.0,19.38,77.5,25.62,0.62,0.62,0.62,5.0,3.12,25.0,3.75
Evan Ferguson,IRL,FW,0,0,0,1,2024-2025,Brighton,20,2,246,2.7,0.2,0.15,0.35,32.59,2.59,4.81,18.52,9.63,3.33,32.59,0.74,0.37,18.52,0.37,18.52,15.56,67.78,20.74,0.74,0.37,0.74,1.85,2.22,19.26,3.33
Bruno Fernandes,POR,MF,0,0,1,0,2024-2025,Manchester Utd,30,29,2465,27.4,0.32,0.23,0.55,77.55,1.9,12.77,36.75,28.8,2.45,77.45,2.01,0.8,1.46,1.02,1.86,44.96,211.53,112.08,2.15,1.86,0.33,1.24,1.13,54.2,4.01
Mateus Fernandes,POR,MF,0,0,1,0,2024-2025,Southampton,20,26,2231,24.8,0.13,0.08,0.22,54.84,1.94,11.77,27.14,17.18,1.65,54.84,3.51,1.65,1.9,1.57,1.81,28.23,182.86,99.64,2.62,2.18,0.32,1.61,1.09,33.91,3.27
Enzo Fernández,ARG,MF,0,0,1,0,2024-2025,Chelsea,24,23,2141,23.8,0.19,0.21,0.4,71.64,1.22,11.47,36.68,23.91,2.65,71.64,1.68,0.84,2.1,0.55,1.37,38.36,171.64,84.29,1.76,1.68,0.25,0.92,1.05,52.18,3.57
Mark Flekken,NED,GK,1,0,0,0,2024-2025,Brentford,31,29,2555,28.4,0.0,0.01,0.01,51.44,40.11,49.93,1.69,0.0,0.0,51.44,0.04,0.04,3.52,0.0,0.0,31.62,159.61,90.63,0.0,0.0,0.0,0.07,0.0,29.12,0.0
Phil Foden,ENG,"MF,FW",0,0,1,1,2024-2025,Manchester City,24,18,1629,18.1,0.27,0.26,0.53,57.96,0.72,4.42,20.06,33.98,4.31,57.96,2.04,0.72,1.94,1.05,2.84,36.8,188.9,90.77,2.54,1.6,0.83,1.93,1.49,45.41,6.41
Wesley Fofana,FRA,DF,0,1,0,0,2024-2025,Chelsea,24,14,1172,13.0,0.03,0.03,0.07,71.77,6.23,28.46,40.23,4.23,0.77,71.77,1.15,0.62,4.1,0.23,1.54,42.85,242.23,124.15,1.46,0.92,0.08,1.23,0.38,51.15,0.31
Carlos Forbs,POR,"MF,FW",0,0,1,1,2024-2025,Wolves,21,1,237,2.6,0.05,0.01,0.07,45.0,1.15,7.69,14.62,23.08,5.0,45.0,4.62,2.69,22.42,1.92,16.04,27.69,167.31,114.23,3.46,1.15,3.08,2.69,1.54,31.54,10.77
Fraser Forster,ENG,GK,1,0,0,0,2024-2025,Tottenham,37,7,630,7.0,0.0,0.0,0.0,32.57,30.29,32.57,0.0,0.0,0.0,32.57,0.14,0.14,14.29,0.0,0.0,16.14,71.57,37.71,0.0,0.0,0.0,0.14,0.0,13.43,0.0
Matheus França,BRA,DF,0,1,0,0,2024-2025,Crystal Palace,21,0,15,0.2,0.49,0.0,0.49,40.0,0.0,0.0,15.0,25.0,10.0,40.0,0.0,0.0,,0.0,,30.0,140.0,75.0,5.0,0.0,5.0,5.0,0.0,30.0,10.0
Ryan Fraser,SCO,"FW,DF",0,1,0,1,2024-2025,Southampton,31,4,306,3.4,0.01,0.03,0.04,38.53,3.53,13.24,14.71,10.88,0.88,38.53,0.88,0.59,19.62,0.29,9.79,21.76,144.71,74.12,2.94,1.47,0.59,1.18,0.59,27.65,5.29
Niclas Füllkrug,GER,FW,0,0,0,1,2024-2025,West Ham,32,3,415,4.6,0.34,0.27,0.61,27.61,1.52,1.96,14.35,11.3,5.0,27.61,0.65,0.0,0.0,0.65,21.74,9.35,33.04,16.52,0.65,0.43,0.43,2.39,0.65,19.78,2.61
Cody Gakpo,NED,FW,0,0,0,1,2024-2025,Liverpool,25,16,1416,15.7,0.38,0.22,0.6,42.48,1.21,4.01,12.48,26.82,4.9,42.48,2.74,1.66,3.85,0.83,1.92,28.54,197.01,97.64,2.42,1.46,1.08,2.04,0.96,32.23,13.5
Idrissa Gana Gueye,SEN,MF,0,0,1,0,2024-2025,Everton,35,27,2357,26.2,0.04,0.06,0.09,52.94,2.25,12.9,30.11,10.15,0.69,52.94,1.07,0.5,1.77,0.53,1.91,24.58,111.07,47.71,0.69,0.8,0.15,0.95,1.15,30.57,0.76
Andrés García,ESP,"DF,MF",0,1,1,0,2024-2025,Aston Villa,22,4,267,3.0,0.01,0.03,0.04,69.33,2.0,10.0,28.67,31.0,0.67,69.33,5.33,1.67,10.43,3.33,20.83,41.33,327.33,179.33,7.33,4.0,0.67,2.67,2.0,44.33,6.33
Alejandro Garnacho,ARG,"MF,FW",0,0,1,1,2024-2025,Manchester Utd,20,18,1732,19.2,0.31,0.15,0.46,47.4,0.68,5.47,15.52,27.14,6.98,47.4,3.65,1.04,1.49,2.29,3.28,34.43,259.11,130.83,5.62,2.92,2.81,2.5,2.08,36.09,12.19
James Garner,ENG,"MF,DF",0,1,1,0,2024-2025,Everton,24,10,938,10.4,0.01,0.11,0.12,52.79,2.5,13.46,25.1,14.81,0.77,52.79,1.35,0.48,3.43,0.87,6.18,24.13,97.4,32.88,0.67,0.87,0.1,0.77,0.58,26.73,1.63
Tyrique George,ENG,FW,0,0,0,1,2024-2025,Chelsea,19,0,89,1.0,0.13,0.73,0.86,51.0,0.0,9.0,12.0,31.0,8.0,51.0,4.0,3.0,75.0,1.0,25.0,36.0,342.0,206.0,9.0,1.0,5.0,1.0,0.0,41.0,16.0
Morgan Gibbs-White,ENG,MF,0,0,1,0,2024-2025,Nott'ham Forest,25,26,2108,23.4,0.17,0.18,0.35,53.63,1.15,6.5,26.32,21.71,3.42,53.63,2.86,1.2,1.79,1.32,1.98,30.43,174.32,89.36,2.48,1.84,0.51,2.56,1.45,40.51,4.44
Billy Gilmour,SCO,MF,0,0,1,0,2024-2025,Brighton,23,1,98,1.1,0.07,0.0,0.07,66.36,1.82,12.73,41.82,11.82,0.0,66.36,1.82,0.91,45.45,0.91,45.45,40.0,190.91,106.36,1.82,0.0,0.0,0.0,0.0,52.73,1.82
Ben Godfrey,ENG,DF,0,1,0,0,2024-2025,Ipswich Town,27,2,108,1.2,0.0,0.0,0.0,52.5,2.5,18.33,26.67,7.5,0.83,52.5,0.0,0.0,,0.0,,27.5,168.33,65.83,1.67,1.67,0.0,1.67,0.83,33.33,0.83
Martial Godo,ENG,FW,0,0,0,1,2024-2025,Fulham,22,0,16,0.2,0.0,0.0,0.0,55.0,0.0,5.0,20.0,30.0,15.0,55.0,10.0,0.0,0.0,10.0,500.0,40.0,240.0,90.0,0.0,0.0,0.0,0.0,0.0,30.0,15.0
João Gomes,BRA,MF,0,0,1,0,2024-2025,Wolves,24,28,2339,26.0,0.09,0.04,0.13,59.38,2.12,12.73,32.81,14.54,1.31,59.38,1.69,0.77,1.75,0.69,1.57,30.04,175.42,84.96,1.69,1.54,0.19,1.19,1.62,39.19,2.23
Rodrigo Gomes,POR,"DF,FW",0,1,0,1,2024-2025,Wolves,21,6,569,6.3,0.06,0.11,0.17,47.14,3.49,11.11,16.67,19.84,3.49,47.14,1.75,0.48,4.33,0.95,8.65,23.33,155.87,93.02,2.7,1.75,1.11,2.22,0.95,27.46,9.05
Toti Gomes,POR,DF,0,1,0,0,2024-2025,Wolves,26,22,1894,21.0,0.01,0.04,0.05,68.62,8.57,32.67,33.14,3.62,0.57,68.62,1.05,0.71,3.25,0.24,1.08,38.9,193.86,104.95,0.86,0.67,0.0,0.76,0.57,45.62,0.57
Diego Gómez,PAR,MF,0,0,1,0,2024-2025,Brighton,22,3,325,3.6,0.09,0.12,0.21,71.94,3.61,16.67,38.89,16.94,1.39,71.94,2.78,1.39,13.89,1.39,13.89,33.06,125.83,60.0,1.39,0.56,0.0,1.39,1.67,42.78,2.78
Joe Gomez,ENG,DF,0,1,0,0,2024-2025,Liverpool,27,6,519,5.8,0.06,0.02,0.08,82.93,9.31,31.55,45.52,6.38,0.86,82.93,0.0,0.0,,0.0,,52.24,282.41,163.28,0.86,0.34,0.17,0.17,0.34,57.76,0.34
Nicolás González,ESP,MF,0,0,1,0,2024-2025,Manchester City,23,6,480,5.3,0.04,0.01,0.06,86.98,1.89,12.26,54.15,20.75,1.32,86.98,0.75,0.19,4.72,0.38,9.43,53.96,222.08,86.04,0.94,1.13,0.19,1.13,0.94,66.6,1.51
Anthony Gordon,ENG,FW,0,0,0,1,2024-2025,Newcastle Utd,24,25,2108,23.4,0.34,0.21,0.54,47.01,0.68,4.7,17.65,25.43,5.21,46.92,3.97,1.5,1.61,1.79,1.93,30.34,223.5,120.21,4.44,2.22,2.31,1.2,1.45,33.63,7.99
Ryan Gravenberch,NED,MF,0,0,1,0,2024-2025,Liverpool,22,30,2561,28.5,0.03,0.1,0.13,66.88,3.4,13.82,39.12,14.81,0.77,66.88,2.18,1.05,1.7,0.81,1.3,40.21,210.88,105.89,1.93,2.14,0.28,1.44,0.67,48.04,1.68
Archie Gray,ENG,"DF,MF",0,1,1,0,2024-2025,Tottenham,19,13,1245,13.8,0.0,0.01,0.01,75.29,9.64,37.9,33.91,4.13,0.07,75.29,0.58,0.29,3.62,0.22,2.72,53.41,241.59,100.22,0.29,0.36,0.0,0.43,0.58,57.39,0.51
Jack Grealish,ENG,"FW,MF",0,0,1,1,2024-2025,Manchester City,29,7,699,7.8,0.16,0.23,0.39,64.49,1.67,4.74,19.49,40.77,8.97,64.49,3.33,1.67,6.41,1.15,4.44,46.54,358.59,217.82,8.72,2.69,5.9,1.15,1.92,52.44,15.13
Jacob Greaves,ENG,DF,0,1,0,0,2024-2025,Ipswich Town,24,19,1665,18.5,0.07,0.0,0.07,57.51,12.0,31.46,23.03,3.24,0.81,57.51,0.11,0.05,2.7,0.05,2.7,27.19,116.54,49.14,0.32,0.43,0.0,0.38,0.11,36.38,0.22
Brajan Gruda,GER,"FW,MF",0,0,1,1,2024-2025,Brighton,20,6,470,5.2,0.06,0.12,0.18,44.04,0.77,5.58,14.62,24.04,5.19,44.04,3.65,1.35,7.08,1.54,8.1,25.58,184.04,83.85,2.88,3.08,1.73,1.35,3.85,28.85,8.46
Albert Grønbaek,DEN,"FW,MF",0,0,1,1,2024-2025,Southampton,23,2,143,1.6,0.07,0.01,0.08,23.75,1.25,5.62,8.75,9.38,1.25,23.75,2.5,0.0,0.0,2.5,62.5,11.25,49.38,9.38,0.62,0.0,0.62,3.12,2.5,13.12,1.88
Gonçalo Guedes,POR,"MF,FW",0,0,1,1,2024-2025,Wolves,28,7,770,8.6,0.25,0.13,0.38,42.56,0.47,4.88,18.72,20.47,3.26,42.56,2.33,0.58,2.91,1.28,6.4,25.93,196.86,102.09,3.6,2.21,0.58,3.84,1.63,28.72,6.74
Marc Guéhi,ENG,DF,0,1,0,0,2024-2025,Crystal Palace,24,28,2520,28.0,0.06,0.04,0.1,63.21,9.36,32.14,27.46,3.96,0.86,63.21,0.5,0.39,2.81,0.07,0.51,33.25,168.36,87.89,0.61,0.5,0.04,0.5,0.43,38.75,0.29
Luis Guilherme,BRA,"MF,FW",0,0,1,1,2024-2025,West Ham,19,1,102,1.1,0.03,0.09,0.12,51.82,2.73,12.73,19.09,20.0,1.82,51.82,3.64,0.0,0.0,1.82,45.45,23.64,159.09,70.0,0.91,1.82,0.91,0.91,0.0,32.73,7.27
Bruno Guimarães,BRA,MF,0,0,1,0,2024-2025,Newcastle Utd,27,29,2513,27.9,0.1,0.19,0.29,60.93,2.29,13.26,31.65,16.67,1.76,60.93,2.19,0.93,1.53,0.68,1.11,40.07,221.61,96.45,1.54,1.25,0.25,1.65,2.44,45.7,2.44
Marc Guiu,ESP,FW,0,0,0,1,2024-2025,Chelsea,19,0,73,0.8,0.0,0.04,0.04,27.5,0.0,2.5,10.0,15.0,3.75,27.5,1.25,0.0,0.0,1.25,125.0,15.0,37.5,10.0,0.0,0.0,0.0,2.5,0.0,15.0,3.75
İlkay Gündoğan,GER,MF,0,0,1,0,2024-2025,Manchester City,34,18,1624,18.0,0.1,0.14,0.24,80.39,1.89,12.11,38.94,30.44,2.72,80.39,1.39,0.72,2.89,0.39,1.56,47.61,264.28,126.17,2.33,2.44,0.39,1.06,0.83,62.78,3.67
Malo Gusto,FRA,DF,0,1,0,0,2024-2025,Chelsea,21,17,1551,17.2,0.09,0.06,0.15,77.85,2.67,19.24,37.79,21.34,2.09,77.85,0.7,0.17,1.45,0.52,4.36,42.33,213.6,106.51,2.27,1.8,0.29,0.76,0.81,51.98,4.24
Joško Gvardiol,CRO,DF,0,1,0,0,2024-2025,Manchester City,23,28,2557,28.4,0.15,0.07,0.22,85.35,3.52,20.42,40.81,24.86,2.85,85.35,1.34,0.77,2.04,0.46,1.2,54.68,283.27,156.3,2.57,3.1,0.46,0.74,0.53,62.25,3.35
Erling Haaland,NOR,FW,0,0,0,1,2024-2025,Manchester City,24,28,2480,27.6,0.76,0.1,0.86,20.94,0.8,1.41,7.25,12.46,6.16,20.83,1.16,0.4,1.25,0.69,2.15,9.86,47.46,17.32,0.69,0.51,0.69,1.41,0.91,15.47,3.73
Lewis Hall,ENG,DF,0,1,0,0,2024-2025,Newcastle Utd,20,24,2189,24.3,0.02,0.18,0.19,74.9,3.91,25.64,33.09,17.04,1.93,74.9,0.86,0.45,2.16,0.29,1.37,39.09,180.99,97.04,1.69,0.91,0.53,1.36,0.82,45.02,3.29
Ali Al Hamadi,IRQ,FW,0,0,0,1,2024-2025,Ipswich Town,23,0,134,1.5,0.24,0.05,0.28,35.33,1.33,4.0,13.33,20.0,6.0,35.33,4.67,2.67,38.07,2.0,28.6,19.33,124.67,74.0,2.67,2.0,2.67,4.67,2.67,24.0,9.33
Marcus Harness,ENG,MF,0,0,1,0,2024-2025,Ipswich Town,29,0,45,0.5,0.0,0.0,0.0,44.0,8.0,14.0,4.0,26.0,6.0,44.0,2.0,0.0,0.0,2.0,200.0,18.0,98.0,28.0,0.0,0.0,0.0,0.0,0.0,18.0,2.0
Jack Harrison,ENG,FW,0,0,0,1,2024-2025,Everton,28,18,1572,17.5,0.18,0.19,0.37,40.17,1.54,7.14,13.83,19.6,3.26,40.17,3.54,1.14,1.85,2.06,3.32,22.63,128.11,66.57,2.74,1.37,0.8,2.23,1.94,26.06,5.2
Taylor Harwood-Bellis,ENG,DF,0,1,0,0,2024-2025,Southampton,23,25,2210,24.6,0.07,0.03,0.1,82.32,10.89,38.21,38.46,6.02,1.38,82.32,0.12,0.12,4.07,0.0,0.0,47.32,217.28,126.26,1.06,1.06,0.0,0.49,0.2,60.0,0.33
Kai Havertz,GER,"FW,MF",0,0,1,1,2024-2025,Arsenal,25,21,1839,20.4,0.46,0.12,0.58,37.65,1.52,4.31,13.82,19.75,5.05,37.65,1.86,0.44,1.16,1.18,3.1,20.15,95.93,45.2,1.67,1.13,0.88,2.06,1.08,28.19,5.39
Ayden Heaven,ENG,DF,0,1,0,0,2024-2025,Manchester Utd,18,1,95,1.1,0.0,0.0,0.0,60.91,19.09,38.18,20.91,2.73,0.91,60.91,1.82,1.82,90.91,0.0,0.0,38.18,222.73,110.91,0.91,0.91,0.0,1.82,0.91,36.36,0.91
Jan Paul van Hecke,NED,DF,0,1,0,0,2024-2025,Brighton,24,27,2420,26.9,0.05,0.05,0.1,78.7,8.29,33.9,40.45,5.02,1.0,78.7,0.33,0.15,1.65,0.15,1.65,51.64,320.04,219.22,1.75,1.45,0.0,0.37,0.26,54.91,0.19
Hwang Hee-chan,KOR,"MF,FW",0,0,1,1,2024-2025,Wolves,29,5,637,7.1,0.11,0.02,0.13,35.77,1.27,5.49,13.66,16.9,3.1,35.77,1.55,0.14,1.28,1.41,12.8,20.56,128.59,58.59,1.97,0.7,0.99,1.69,1.41,23.66,5.63
Dean Henderson,ENG,GK,1,0,0,0,2024-2025,Crystal Palace,28,29,2610,29.0,0.0,0.0,0.0,34.55,28.21,34.45,0.07,0.03,0.03,34.55,0.0,0.0,,0.0,,19.76,118.17,54.38,0.0,0.0,0.0,0.07,0.0,15.31,0.0
Rico Henry,ENG,DF,0,1,0,0,2024-2025,Brentford,27,0,4,0.0,0.0,0.0,0.0,inf,,inf,inf,inf,,inf,,,,,,inf,inf,,,,,,,inf,inf
Mads Hermansen,DEN,GK,1,0,0,0,2024-2025,Leicester City,24,23,2025,22.5,0.0,0.0,0.0,42.04,30.31,40.4,1.73,0.0,0.0,42.04,0.04,0.04,4.44,0.0,0.0,26.04,131.64,69.42,0.0,0.0,0.0,0.04,0.0,22.58,0.0
Son Heung-min,KOR,FW,0,0,0,1,2024-2025,Tottenham,32,21,1858,20.6,0.32,0.39,0.71,49.22,0.68,5.0,15.58,29.13,5.34,49.13,3.69,1.36,1.79,1.8,2.36,32.91,202.86,103.45,3.93,2.09,1.75,1.21,1.26,37.91,11.31
James Hill,ENG,DF,0,1,0,0,2024-2025,Bournemouth,23,6,424,4.7,0.06,0.05,0.11,62.98,3.83,19.79,32.98,10.43,1.7,62.98,0.43,0.21,10.64,0.21,10.64,29.57,109.57,58.3,0.43,1.06,0.0,0.43,0.0,36.38,1.7
Jack Hinshelwood,ENG,"DF,MF",0,1,1,0,2024-2025,Brighton,19,16,1326,14.7,0.09,0.06,0.15,58.91,2.79,17.48,26.8,14.97,1.29,58.91,0.48,0.07,0.97,0.41,5.83,26.12,113.67,56.46,0.95,0.88,0.07,1.02,0.14,35.58,2.38
George Hirst,SCO,FW,0,0,0,1,2024-2025,Ipswich Town,26,1,290,3.2,0.33,0.08,0.41,34.38,1.88,5.0,10.94,18.75,5.31,34.38,0.94,0.62,20.84,0.31,10.41,19.06,92.19,31.56,1.56,0.31,1.56,4.38,2.5,28.12,6.56
Mason Holgate,ENG,"FW,DF",0,1,0,1,2024-2025,Everton,28,0,6,0.1,0.0,0.0,0.0,30.0,0.0,0.0,20.0,10.0,0.0,30.0,0.0,0.0,,0.0,,10.0,0.0,0.0,0.0,0.0,0.0,10.0,0.0,10.0,0.0
Callum Hudson-Odoi,ENG,"FW,MF",0,0,1,1,2024-2025,Nott'ham Forest,24,22,1894,21.0,0.1,0.11,0.21,42.19,0.67,4.71,12.81,25.71,2.95,42.19,2.57,1.43,2.65,0.76,1.41,26.29,215.76,136.57,5.1,2.48,1.76,2.0,1.05,32.0,8.1
Will Hughes,ENG,MF,0,0,1,0,2024-2025,Crystal Palace,29,19,1641,18.2,0.05,0.14,0.19,53.13,1.81,11.65,27.91,14.23,0.77,53.13,0.6,0.16,1.5,0.27,2.5,23.74,126.1,58.79,0.99,1.21,0.05,0.88,1.21,30.05,1.32
Dean Huijsen,ESP,DF,0,1,0,0,2024-2025,Bournemouth,19,19,1784,19.8,0.08,0.06,0.14,72.02,9.55,33.79,34.09,4.55,1.21,72.02,0.2,0.1,2.53,0.1,2.53,38.18,222.78,137.83,1.46,0.61,0.0,0.71,0.1,43.54,0.35
Omari Hutchinson,ENG,"MF,FW",0,0,1,1,2024-2025,Ipswich Town,21,26,2223,24.7,0.09,0.1,0.19,42.96,0.49,6.8,18.22,18.74,3.0,42.96,4.62,1.82,1.6,2.19,1.92,26.11,195.63,92.63,2.87,1.42,1.21,2.75,2.23,30.28,5.3
Rasmus Højlund,DEN,FW,0,0,0,1,2024-2025,Manchester Utd,22,17,1479,16.4,0.18,0.07,0.25,23.35,0.24,1.22,11.71,10.79,3.05,23.35,1.52,0.43,1.71,0.98,3.9,14.57,71.71,30.79,1.4,0.67,0.79,3.35,1.52,18.48,4.63
Igor,BRA,DF,0,1,0,0,2024-2025,Brighton,27,9,903,10.0,0.0,0.02,0.02,76.4,10.9,37.7,35.3,3.8,0.1,76.4,0.4,0.3,7.5,0.1,2.5,49.7,283.7,178.2,0.9,1.4,0.0,0.1,0.0,56.8,0.0
Danny Ings,ENG,"FW,MF",0,0,1,1,2024-2025,West Ham,32,1,284,3.2,0.72,0.41,1.12,43.44,0.62,4.69,15.94,22.81,8.44,43.44,2.19,1.25,17.84,0.62,8.94,19.69,101.25,36.88,1.88,0.0,0.62,1.88,1.88,30.0,9.06
Tim Iroegbunam,ENG,MF,0,0,1,0,2024-2025,Everton,21,4,490,5.4,0.04,0.03,0.08,42.41,3.15,13.15,20.37,10.0,2.22,42.41,3.15,1.48,8.72,1.11,6.54,20.56,120.37,61.3,1.3,1.67,0.37,1.48,2.78,18.7,1.67
Andy Irving,SCO,MF,0,0,1,0,2024-2025,West Ham,24,1,166,1.8,0.06,0.13,0.19,83.33,3.89,20.56,49.44,13.33,0.0,83.33,0.56,0.56,55.56,0.0,0.0,40.56,169.44,76.11,0.0,0.56,0.0,0.56,1.67,57.78,2.22
Alexander Isak,SWE,FW,0,0,0,1,2024-2025,Newcastle Utd,25,26,2117,23.5,0.69,0.16,0.85,34.72,0.77,2.13,12.98,20.13,6.26,34.64,3.36,1.66,2.1,1.66,2.1,20.98,128.89,65.36,2.85,1.53,1.62,2.34,2.04,24.51,7.19
Alex Iwobi,NGA,"FW,MF",0,0,1,1,2024-2025,Fulham,28,28,2382,26.5,0.15,0.23,0.38,56.23,1.09,7.7,22.57,26.87,3.62,56.23,2.98,1.51,1.91,1.32,1.67,40.11,240.6,131.55,4.3,3.32,1.25,1.92,1.32,44.08,7.51
Nicolas Jackson,SEN,FW,0,0,0,1,2024-2025,Chelsea,23,22,1736,19.3,0.59,0.21,0.8,28.19,0.98,2.12,11.71,14.77,5.96,28.19,2.59,0.88,1.76,1.3,2.59,16.84,107.2,57.88,2.12,1.09,1.35,2.69,1.71,20.52,4.87
Reece James,ENG,"DF,MF",0,1,1,0,2024-2025,Chelsea,25,8,681,7.6,0.02,0.04,0.06,81.97,3.42,23.16,45.39,13.95,0.26,81.97,1.84,0.79,5.64,0.53,3.76,42.24,171.84,81.84,0.66,0.53,0.0,0.66,0.39,52.89,0.92
Vitaly Janelt,GER,MF,0,0,1,0,2024-2025,Brentford,26,26,2157,24.0,0.03,0.09,0.12,51.79,4.79,16.46,23.38,12.29,1.25,51.79,0.46,0.12,1.14,0.25,2.27,26.46,123.62,52.33,0.71,0.71,0.12,0.67,0.42,32.92,1.5
Vitezslav Jaros,CZE,GK,1,0,0,0,2024-2025,Liverpool,23,0,12,0.1,0.0,0.0,0.0,80.0,50.0,80.0,0.0,0.0,0.0,80.0,0.0,0.0,,0.0,,70.0,290.0,80.0,0.0,0.0,0.0,0.0,0.0,50.0,0.0
Daniel Jebbison,ENG,FW,0,0,0,1,2024-2025,Bournemouth,21,0,74,0.8,0.25,0.24,0.49,63.75,2.5,5.0,26.25,32.5,11.25,63.75,5.0,3.75,93.75,1.25,31.25,41.25,238.75,102.5,2.5,1.25,3.75,13.75,5.0,46.25,13.75
Mathias Jensen,DEN,MF,0,0,1,0,2024-2025,Brentford,29,8,736,8.2,0.03,0.18,0.21,58.54,2.44,12.93,24.39,21.46,1.1,58.54,1.71,0.98,6.96,0.49,3.49,31.83,136.71,64.27,0.73,0.98,0.0,0.85,0.73,36.46,3.05
Gabriel Jesus,BRA,FW,0,0,0,1,2024-2025,Arsenal,28,6,608,6.8,0.44,0.1,0.54,43.97,1.32,4.12,15.88,24.26,7.06,43.97,3.24,1.32,6.01,1.47,6.69,26.32,140.15,63.53,2.21,0.88,1.62,1.91,1.91,31.91,8.38
Raúl Jiménez,MEX,FW,0,0,0,1,2024-2025,Fulham,33,24,1912,21.2,0.49,0.13,0.62,37.03,1.32,4.39,15.99,17.17,6.37,36.89,2.03,0.85,1.98,1.04,2.42,20.85,94.15,41.56,1.42,0.75,0.75,2.41,1.79,27.08,5.05
Kim Jisoo,KOR,DF,0,1,0,0,2024-2025,Brentford,20,0,30,0.3,0.0,0.0,0.0,100.0,3.33,50.0,40.0,10.0,0.0,100.0,0.0,0.0,,0.0,,50.0,190.0,73.33,0.0,0.0,0.0,0.0,3.33,73.33,0.0
João Pedro,BRA,"FW,MF",0,0,1,1,2024-2025,Brighton,23,21,1770,19.7,0.36,0.22,0.58,42.44,0.51,2.54,17.46,22.99,5.63,42.28,3.65,1.27,1.76,1.98,2.75,27.56,169.75,79.75,3.05,1.62,1.47,3.4,1.78,33.5,5.84
Joelinton,BRA,"MF,FW",0,0,1,1,2024-2025,Newcastle Utd,28,25,2094,23.3,0.16,0.07,0.23,51.8,2.75,10.39,24.89,17.04,3.18,51.8,1.85,0.56,1.3,1.16,2.7,28.03,140.64,70.04,1.59,0.99,0.34,1.5,2.15,35.36,4.29
Ben Johnson,ENG,"DF,FW",0,1,0,1,2024-2025,Ipswich Town,25,10,1042,11.6,0.08,0.06,0.13,44.48,4.14,17.59,15.69,11.38,0.78,44.48,1.72,0.6,3.02,0.95,4.74,18.45,103.45,43.1,1.03,0.86,0.17,1.72,1.21,20.69,2.07
Brennan Johnson,WAL,FW,0,0,0,1,2024-2025,Tottenham,23,20,1762,19.6,0.47,0.08,0.55,36.38,0.77,3.83,12.5,20.61,5.66,36.38,1.84,0.82,2.27,0.87,2.41,22.65,126.12,64.34,2.65,0.92,1.53,1.07,0.66,26.33,8.62
Sam Johnstone,ENG,GK,1,0,0,0,2024-2025,Wolves,32,7,630,7.0,0.0,0.0,0.0,43.71,32.71,43.43,0.29,0.0,0.0,43.71,0.0,0.0,,0.0,,28.0,174.43,108.0,0.0,0.0,0.0,0.0,0.0,25.57,0.0
Curtis Jones,ENG,"MF,FW",0,0,1,1,2024-2025,Liverpool,24,14,1257,14.0,0.29,0.07,0.35,63.21,1.57,9.64,33.57,20.43,3.36,63.21,1.07,0.71,4.76,0.29,1.91,38.29,181.57,80.43,1.14,0.86,0.29,1.36,2.0,47.79,4.21
Jorginho,ITA,MF,0,0,1,0,2024-2025,Arsenal,33,7,543,6.0,0.01,0.07,0.08,66.0,1.17,13.0,38.0,15.83,0.33,66.0,0.5,0.17,5.55,0.17,5.55,38.5,192.0,110.0,1.5,1.33,0.0,1.33,1.33,48.33,0.5
Diogo Jota,POR,FW,0,0,0,1,2024-2025,Liverpool,28,11,918,10.2,0.64,0.18,0.82,37.75,0.39,2.55,14.51,21.37,7.84,37.75,2.75,1.08,3.85,1.57,5.6,21.27,129.71,67.06,3.24,1.96,1.96,3.04,1.96,26.47,7.45
James Justin,ENG,DF,0,1,0,0,2024-2025,Leicester City,27,28,2363,26.3,0.06,0.02,0.08,59.35,4.71,20.72,26.46,12.51,1.37,59.35,1.03,0.3,1.13,0.46,1.69,25.82,108.56,53.35,1.29,0.84,0.15,1.1,0.42,32.36,3.31
Filip Jørgensen,DEN,GK,1,0,0,0,2024-2025,Chelsea,22,6,540,6.0,0.0,0.0,0.0,33.67,29.0,33.5,0.17,0.0,0.0,33.67,0.0,0.0,,0.0,,24.17,112.67,70.5,0.0,0.0,0.0,0.0,0.0,23.17,0.0
Ferdi Kadioglu,TUR,"DF,MF",0,1,1,0,2024-2025,Brighton,25,5,385,4.3,0.1,0.04,0.14,53.72,3.02,16.51,21.16,16.74,2.09,53.72,1.63,0.7,9.98,0.7,9.98,28.84,111.4,42.56,0.23,0.0,0.0,1.4,0.47,33.49,6.28
Daichi Kamada,JPN,MF,0,0,1,0,2024-2025,Crystal Palace,28,10,1018,11.3,0.07,0.1,0.17,55.93,1.24,10.88,29.73,15.66,1.77,55.93,0.8,0.35,3.93,0.44,4.92,27.61,133.19,63.98,1.59,1.06,0.35,1.06,1.42,36.02,3.72
Boubacar Kamara,FRA,MF,0,0,1,0,2024-2025,Aston Villa,25,14,1171,13.0,0.02,0.03,0.05,62.38,6.23,19.77,35.85,7.15,0.46,62.38,1.62,0.62,2.93,0.54,2.56,32.38,157.54,74.62,1.15,0.77,0.08,0.46,0.69,41.77,0.23
Michael Kayode,ITA,DF,0,1,0,0,2024-2025,Brentford,20,0,33,0.4,0.0,0.41,0.41,80.0,2.5,25.0,22.5,32.5,7.5,80.0,0.0,0.0,,0.0,,30.0,172.5,95.0,5.0,2.5,2.5,0.0,0.0,35.0,15.0
Michael Keane,ENG,DF,0,1,0,0,2024-2025,Everton,32,9,813,9.0,0.05,0.01,0.06,45.44,8.67,25.11,18.56,2.0,1.56,45.44,0.11,0.0,0.0,0.11,11.11,20.78,81.78,26.0,0.11,0.11,0.0,0.0,0.22,26.22,0.33
Caoimhín Kelleher,IRL,GK,1,0,0,0,2024-2025,Liverpool,26,9,810,9.0,0.0,0.0,0.0,38.89,28.33,38.67,0.22,0.0,0.0,38.89,0.11,0.11,11.11,0.0,0.0,28.44,105.89,57.89,0.0,0.0,0.0,0.11,0.0,26.22,0.0
Lloyd Kelly,ENG,DF,0,1,0,0,2024-2025,Newcastle Utd,26,4,303,3.4,0.12,0.14,0.26,63.24,7.65,30.88,27.65,5.59,1.18,63.24,0.88,0.59,19.62,0.29,9.79,35.29,139.41,59.41,0.0,0.59,0.0,0.88,0.59,37.94,1.47
Milos Kerkez,HUN,DF,0,1,0,0,2024-2025,Bournemouth,21,30,2627,29.2,0.02,0.11,0.13,57.19,3.12,14.76,24.04,19.08,1.85,57.19,1.37,0.58,1.46,0.45,1.11,28.56,160.72,93.12,2.6,1.78,0.45,1.4,0.48,30.89,5.07
Bilal El Khannouss,MAR,MF,0,0,1,0,2024-2025,Leicester City,20,20,1585,17.6,0.04,0.13,0.17,54.09,0.51,7.27,28.64,18.64,1.42,54.09,2.27,1.36,3.41,0.85,2.13,30.4,177.78,80.57,2.84,1.82,0.4,1.65,1.42,36.36,3.81
Abdukodir Khusanov,UZB,DF,0,1,0,0,2024-2025,Manchester City,21,6,503,5.6,0.0,0.02,0.02,79.46,8.04,36.61,37.68,5.54,0.18,79.46,0.36,0.0,0.0,0.36,17.86,48.93,206.25,77.68,0.18,0.18,0.0,0.36,0.18,59.29,0.36
Max Kilman,ENG,DF,0,1,0,0,2024-2025,West Ham,27,30,2628,29.2,0.05,0.03,0.08,63.29,12.26,34.86,25.96,2.98,0.96,63.29,0.62,0.45,2.47,0.03,0.19,33.7,151.37,87.29,0.89,0.34,0.07,0.45,0.07,42.33,0.17
Joshua King,ENG,"MF,FW",0,0,1,1,2024-2025,Fulham,18,1,80,0.9,0.22,0.48,0.7,60.0,2.22,8.89,21.11,31.11,7.78,60.0,7.78,4.44,63.44,3.33,47.67,24.44,195.56,77.78,1.11,3.33,0.0,1.11,3.33,40.0,10.0
Antonín Kinský,CZE,GK,1,0,0,0,2024-2025,Tottenham,22,4,360,4.0,0.0,0.02,0.02,39.0,33.5,38.5,0.5,0.0,0.0,39.0,0.0,0.0,,0.0,,24.25,111.0,66.75,0.25,0.0,0.0,0.0,0.0,24.5,0.0
Jakub Kiwior,POL,DF,0,1,0,0,2024-2025,Arsenal,25,2,402,4.5,0.02,0.01,0.03,56.44,7.56,23.33,30.89,2.22,0.22,56.44,0.67,0.44,14.82,0.22,7.4,27.78,104.22,53.33,0.44,0.0,0.22,0.22,0.0,39.56,0.0
Justin Kluivert,NED,"MF,FW",0,0,1,1,2024-2025,Bournemouth,25,24,1936,21.5,0.46,0.22,0.68,40.88,0.98,4.05,13.72,24.05,5.16,40.6,3.53,1.44,1.9,1.67,2.2,23.77,152.23,87.67,2.98,2.05,1.53,2.05,1.12,26.14,6.14
Ibrahima Konaté,FRA,DF,0,1,0,0,2024-2025,Liverpool,25,23,1984,22.0,0.07,0.04,0.11,77.18,8.59,33.32,39.64,4.41,0.77,77.18,0.18,0.09,2.27,0.05,1.14,46.0,211.5,122.5,0.91,0.55,0.0,0.27,0.09,55.73,0.09
Ezri Konsa,ENG,DF,0,1,0,0,2024-2025,Aston Villa,27,26,2261,25.1,0.03,0.01,0.04,60.76,7.41,28.69,28.69,3.67,0.68,60.76,0.64,0.28,1.75,0.28,1.75,35.5,180.08,89.48,0.64,0.32,0.08,0.6,0.32,42.43,0.44
Mateo Kovačić,CRO,MF,0,0,1,0,2024-2025,Manchester City,30,19,1681,18.7,0.08,0.18,0.26,85.61,2.09,12.41,47.91,26.26,0.8,85.61,1.82,0.96,2.83,0.53,1.57,56.95,337.17,156.04,2.35,2.99,0.16,0.8,1.5,68.93,0.75
Caleb Kporha,ENG,DF,0,1,0,0,2024-2025,Crystal Palace,18,0,13,0.1,0.0,0.0,0.0,110.0,10.0,40.0,20.0,50.0,0.0,110.0,0.0,0.0,,0.0,,40.0,460.0,360.0,10.0,10.0,0.0,0.0,20.0,30.0,0.0
Emil Krafth,SWE,DF,0,1,0,0,2024-2025,Newcastle Utd,30,2,244,2.7,0.01,0.03,0.04,40.0,8.89,24.81,12.22,2.96,1.11,40.0,0.0,0.0,,0.0,,18.52,62.59,12.96,0.0,0.37,0.0,0.74,0.37,19.63,0.0
Mohammed Kudus,GHA,"MF,FW",0,0,1,1,2024-2025,West Ham,24,24,1994,22.2,0.26,0.1,0.36,44.28,0.41,5.9,18.2,21.67,4.46,44.28,7.16,3.15,1.98,3.29,2.07,29.1,191.4,90.27,3.56,2.21,1.53,2.57,3.42,34.28,7.52
Dejan Kulusevski,SWE,"MF,FW",0,0,1,1,2024-2025,Tottenham,24,24,2154,23.9,0.17,0.25,0.43,49.04,0.84,5.56,16.32,28.16,6.07,49.04,4.48,1.46,1.37,2.68,2.5,32.05,242.38,128.24,4.81,2.76,1.55,2.97,2.89,34.9,8.33
Maxence Lacroix,FRA,DF,0,1,0,0,2024-2025,Crystal Palace,24,26,2335,25.9,0.1,0.01,0.11,58.3,10.27,35.25,20.85,2.47,1.12,58.3,0.5,0.31,2.37,0.12,0.89,31.31,147.53,68.46,0.31,0.15,0.0,0.62,0.12,34.44,0.23
Adam Lallana,ENG,MF,0,0,1,0,2024-2025,Southampton,36,5,361,4.0,0.04,0.23,0.27,79.5,4.75,22.75,38.75,18.25,1.5,79.5,3.0,1.25,10.42,1.25,10.42,44.5,207.75,91.5,1.5,2.0,0.0,2.5,1.5,61.25,2.5
Tariq Lamptey,GHA,DF,0,1,0,0,2024-2025,Brighton,24,9,765,8.5,0.05,0.09,0.14,57.53,2.94,17.29,24.47,16.12,1.06,57.53,3.18,1.06,3.92,1.76,6.54,31.41,219.65,105.06,2.94,1.53,0.24,1.06,0.47,32.47,4.71
Will Lankshear,ENG,"FW,MF",0,0,1,1,2024-2025,Tottenham,19,0,11,0.1,0.0,0.0,0.0,30.0,0.0,0.0,20.0,10.0,0.0,30.0,0.0,0.0,,0.0,,30.0,30.0,0.0,0.0,0.0,0.0,20.0,0.0,30.0,10.0
Roméo Lavia,BEL,MF,0,0,1,0,2024-2025,Chelsea,21,8,541,6.0,0.03,0.11,0.14,57.33,2.0,14.33,34.83,8.83,0.17,57.33,2.0,1.17,9.72,0.83,6.95,34.0,155.83,67.83,0.5,1.33,0.0,0.17,1.0,41.5,1.0
Mario Lemina,GAB,"MF,DF",0,1,1,0,2024-2025,Wolves,31,15,1364,15.2,0.09,0.07,0.17,53.22,6.05,21.32,24.87,7.83,1.18,53.22,1.05,0.66,4.11,0.26,1.64,25.13,136.05,68.29,0.53,0.79,0.13,1.38,0.72,31.71,1.38
Bernd Leno,GER,GK,1,0,0,0,2024-2025,Fulham,33,30,2700,30.0,0.0,0.0,0.0,39.6,31.3,39.3,0.3,0.0,0.0,39.6,0.0,0.0,,0.0,,26.13,102.73,57.47,0.0,0.0,0.0,0.0,0.0,23.7,0.0
Jefferson Lerma,COL,MF,0,0,1,0,2024-2025,Crystal Palace,30,19,1631,18.1,0.05,0.08,0.13,56.8,3.65,15.3,31.49,10.55,1.27,56.8,0.55,0.28,2.76,0.17,1.66,25.52,99.28,44.53,0.55,0.44,0.0,0.5,0.83,32.98,1.33
Rico Lewis,ENG,"DF,MF",0,1,1,0,2024-2025,Manchester City,20,19,1703,18.9,0.07,0.02,0.09,68.47,2.49,13.33,34.44,21.38,2.22,68.47,1.01,0.42,2.23,0.53,2.78,39.58,202.01,104.07,1.9,1.96,0.42,1.01,0.95,48.73,3.33
Keane Lewis-Potter,ENG,"DF,FW",0,1,0,1,2024-2025,Brentford,24,28,2459,27.3,0.09,0.07,0.16,47.51,2.93,13.88,18.28,15.86,2.45,47.51,3.08,1.14,1.35,1.65,1.96,25.02,183.04,96.19,3.15,2.05,1.21,1.43,0.62,28.21,4.76
Myles Lewis-Skelly,ENG,DF,0,1,0,0,2024-2025,Arsenal,18,10,856,9.5,0.0,0.02,0.02,58.32,1.37,10.21,31.58,17.47,1.16,58.32,1.68,0.84,5.26,0.63,3.95,32.63,165.47,98.32,2.21,1.37,0.42,0.74,0.84,38.74,2.53
Matthijs de Ligt,NED,DF,0,1,0,0,2024-2025,Manchester Utd,25,24,2089,23.2,0.11,0.01,0.12,68.19,7.8,34.96,31.12,2.41,1.25,68.19,0.17,0.09,2.16,0.09,2.16,45.82,202.41,95.65,0.3,0.13,0.0,0.22,0.13,49.18,0.26
Pedro Lima,BRA,DF,0,1,0,0,2024-2025,Wolves,18,1,70,0.8,0.07,0.09,0.16,60.0,0.0,11.25,15.0,35.0,3.75,60.0,3.75,1.25,41.62,2.5,83.38,27.5,150.0,103.75,5.0,3.75,1.25,1.25,0.0,37.5,13.75
Victor Lindelöf,SWE,DF,0,1,0,0,2024-2025,Manchester Utd,30,2,244,2.7,0.0,0.03,0.03,45.19,8.52,28.52,14.07,2.59,1.11,45.19,0.0,0.0,,0.0,,21.48,122.22,55.56,0.37,0.0,0.0,0.37,0.0,25.56,0.37
Jesper Lindstrøm,DEN,FW,0,0,0,1,2024-2025,Everton,25,15,1239,13.8,0.15,0.15,0.3,45.29,1.59,9.2,14.93,21.96,2.9,45.29,3.12,0.58,1.35,2.25,5.22,21.88,117.9,56.52,2.17,1.38,0.51,2.25,1.74,25.14,5.87
Valentino Livramento,ENG,DF,0,1,0,0,2024-2025,Newcastle Utd,22,23,2030,22.6,0.01,0.06,0.07,62.83,4.16,21.64,28.23,13.98,0.8,62.83,1.68,0.75,1.98,0.66,1.75,32.35,186.33,92.65,2.21,1.24,0.22,0.88,1.28,34.69,3.27
Sean Longstaff,ENG,MF,0,0,1,0,2024-2025,Newcastle Utd,27,8,746,8.3,0.07,0.02,0.09,48.19,2.29,13.13,21.57,13.86,2.53,48.19,0.72,0.24,4.01,0.36,6.02,27.71,135.18,49.88,0.48,1.2,0.24,0.96,0.84,34.46,2.41
Saša Lukić,SRB,MF,0,0,1,0,2024-2025,Fulham,28,22,1804,20.0,0.04,0.13,0.17,58.85,2.1,12.45,34.05,12.9,0.6,58.85,0.65,0.3,2.31,0.2,1.54,32.9,177.8,90.2,1.55,1.65,0.15,0.85,0.35,37.95,1.15
Joe Lumley,ENG,GK,1,0,0,0,2024-2025,Southampton,30,3,270,3.0,0.0,0.0,0.0,54.67,38.67,53.67,1.0,0.0,0.0,54.67,0.0,0.0,,0.0,,34.33,158.67,98.67,0.0,0.0,0.0,0.0,0.0,36.0,0.0
Massimo Luongo,AUS,MF,0,0,1,0,2024-2025,Ipswich Town,32,2,181,2.0,0.0,0.0,0.0,36.0,4.5,16.0,12.0,8.0,0.5,36.0,0.0,0.0,,0.0,,19.0,70.0,12.5,0.0,0.0,0.0,1.0,1.5,20.5,0.5
Ian Maatsen,NED,DF,0,1,0,0,2024-2025,Aston Villa,23,4,617,6.9,0.04,0.23,0.27,77.1,4.49,20.0,28.55,28.99,4.06,77.1,2.17,1.01,6.77,1.16,7.72,41.01,230.58,109.42,2.75,1.74,1.01,2.17,2.03,46.67,8.84
Alexis Mac Allister,ARG,MF,0,0,1,0,2024-2025,Liverpool,26,26,2201,24.5,0.1,0.17,0.26,64.0,1.96,10.0,33.18,21.35,2.0,64.0,1.47,0.53,1.47,0.78,2.16,31.8,131.59,68.86,1.22,1.51,0.12,0.98,0.78,42.98,2.53
James Maddison,ENG,MF,0,0,1,0,2024-2025,Tottenham,28,17,1524,16.9,0.34,0.21,0.55,75.5,1.3,10.71,34.56,31.01,4.14,75.5,3.96,1.72,2.56,1.78,2.65,52.37,257.87,115.21,2.25,2.13,1.01,1.24,1.18,57.75,4.62
Noni Madueke,ENG,FW,0,0,0,1,2024-2025,Chelsea,23,19,1453,16.1,0.47,0.22,0.69,43.66,0.81,4.41,11.86,28.14,8.57,43.66,4.29,1.68,2.43,2.24,3.24,29.5,247.14,155.28,6.83,2.42,4.1,2.36,1.43,33.79,11.12
Gabriel Magalhães,BRA,DF,0,1,0,0,2024-2025,Arsenal,27,28,2363,26.3,0.1,0.03,0.13,71.22,7.19,25.55,37.45,8.56,1.52,71.22,0.19,0.15,3.04,0.04,0.76,42.43,169.96,101.48,0.38,0.84,0.0,0.34,0.08,51.94,0.42
Edmond-Paris Maghoma,ENG,"MF,FW",0,0,1,1,2024-2025,Brentford,23,0,119,1.3,0.09,0.08,0.17,77.69,1.54,13.85,44.62,20.77,3.08,77.69,3.08,2.31,57.69,0.77,19.23,52.31,318.46,170.0,3.08,2.31,0.77,1.54,0.0,57.69,3.08
Harry Maguire,ENG,DF,0,1,0,0,2024-2025,Manchester Utd,32,15,1361,15.1,0.09,0.02,0.11,69.27,8.34,34.37,31.72,3.97,2.32,69.27,0.33,0.13,2.65,0.2,3.97,40.66,254.17,105.03,0.4,0.4,0.2,0.4,0.13,44.77,0.4
Kobbie Mainoo,ENG,MF,0,0,1,0,2024-2025,Manchester Utd,19,15,1285,14.3,0.04,0.11,0.14,59.09,1.19,11.54,33.36,14.69,2.1,59.09,2.87,1.4,3.41,1.33,3.24,36.78,163.85,72.17,1.33,0.84,0.63,1.61,2.03,41.82,2.45
Tyrell Malacia,NED,DF,0,1,0,0,2024-2025,Manchester Utd,25,2,100,1.1,0.0,0.03,0.03,56.36,1.82,18.18,24.55,13.64,0.0,56.36,0.91,0.91,90.91,0.0,0.0,33.64,172.73,107.27,2.73,1.82,0.0,0.91,1.82,39.09,5.45
Donyell Malen,NED,FW,0,0,0,1,2024-2025,Aston Villa,26,1,173,1.9,0.33,0.02,0.34,37.89,0.53,2.63,11.05,26.84,6.84,37.89,3.16,1.05,17.53,1.58,26.32,20.53,163.68,83.16,2.63,1.58,1.05,2.11,2.63,22.11,7.89
Orel Mangala,BEL,MF,0,0,1,0,2024-2025,Everton,27,14,1261,14.0,0.08,0.05,0.13,44.36,1.57,9.5,23.93,11.21,0.93,44.36,1.71,1.0,4.16,0.64,2.68,21.29,112.43,41.14,0.43,0.43,0.21,0.86,0.86,29.0,1.36
Ryan Manning,IRL,"DF,MF",0,1,1,0,2024-2025,Southampton,28,13,1051,11.7,0.03,0.21,0.24,59.15,4.36,15.98,23.76,20.0,1.71,59.15,2.56,0.94,3.14,1.11,3.7,29.32,128.72,62.91,1.03,0.85,0.34,1.28,0.43,34.96,4.96
Solly March,ENG,"MF,FW",0,0,1,1,2024-2025,Brighton,30,0,40,0.4,0.15,0.0,0.15,72.5,0.0,10.0,30.0,32.5,5.0,72.5,2.5,2.5,250.0,0.0,0.0,17.5,67.5,7.5,0.0,0.0,0.0,2.5,0.0,27.5,2.5
Omar Marmoush,EGY,"MF,FW",0,0,1,1,2024-2025,Manchester City,26,7,565,6.3,0.43,0.16,0.59,42.54,0.16,2.38,13.49,27.14,4.6,42.54,2.54,0.63,3.97,1.43,8.94,26.67,162.54,83.49,2.06,1.9,0.48,3.65,0.95,30.16,6.19
Gabriel Martinelli,BRA,"FW,MF",0,0,1,1,2024-2025,Arsenal,23,18,1659,18.4,0.26,0.23,0.49,39.73,0.65,4.02,10.65,25.71,7.34,39.73,5.22,1.58,1.64,2.77,2.89,26.3,204.51,110.92,5.38,1.47,2.61,2.17,1.63,29.73,11.68
Emiliano Martínez,ARG,GK,1,0,0,0,2024-2025,Aston Villa,32,29,2520,28.0,0.0,0.0,0.0,40.39,30.14,39.93,0.46,0.0,0.0,40.39,0.04,0.04,3.57,0.0,0.0,24.36,121.82,76.32,0.0,0.0,0.0,0.04,0.0,22.32,0.0
Lisandro Martínez,ARG,DF,0,1,0,0,2024-2025,Manchester Utd,27,20,1751,19.5,0.07,0.06,0.13,78.15,8.0,36.56,35.74,6.41,0.92,78.15,0.36,0.31,4.39,0.05,0.73,52.15,263.64,160.46,1.18,1.18,0.1,0.05,0.15,54.82,0.36
Pape Matar Sarr,SEN,MF,0,0,1,0,2024-2025,Tottenham,22,16,1396,15.5,0.2,0.1,0.3,65.03,2.0,14.06,36.32,15.81,1.23,65.03,1.61,0.71,2.84,0.77,3.1,41.1,242.32,104.06,1.74,1.81,0.26,1.48,1.03,45.94,2.58
Jean-Philippe Mateta,FRA,FW,0,0,0,1,2024-2025,Crystal Palace,27,26,2190,24.3,0.47,0.12,0.59,25.76,0.99,2.1,12.26,11.98,3.33,25.68,1.56,0.66,1.73,0.74,1.95,13.54,69.75,33.33,1.32,0.78,0.29,2.43,1.56,18.85,4.4
Stephy Mavididi,ENG,FW,0,0,0,1,2024-2025,Leicester City,26,14,1397,15.5,0.1,0.16,0.26,48.97,1.35,7.48,18.77,23.68,3.29,48.97,5.42,1.94,2.3,2.84,3.38,33.23,245.74,132.32,4.84,2.19,1.35,2.32,2.19,35.23,7.61
Konstantinos Mavropanos,GRE,DF,0,1,0,0,2024-2025,West Ham,27,18,1752,19.5,0.06,0.02,0.09,66.31,9.9,34.31,29.33,3.03,1.08,66.31,0.82,0.46,2.89,0.26,1.61,36.15,181.38,100.36,0.82,0.51,0.05,0.62,0.0,43.08,0.1
Noussair Mazraoui,MAR,DF,0,1,0,0,2024-2025,Manchester Utd,27,27,2308,25.6,0.02,0.05,0.07,68.71,5.04,26.56,31.99,11.09,1.02,68.71,1.64,0.9,2.14,0.62,1.49,37.89,177.97,92.7,1.33,0.98,0.12,0.86,0.62,41.25,1.72
Bryan Mbeumo,CMR,FW,0,0,0,1,2024-2025,Brentford,25,30,2694,29.9,0.33,0.22,0.55,46.76,1.47,6.59,14.92,26.05,4.08,46.59,2.78,1.27,1.53,1.2,1.45,28.16,178.16,93.21,3.38,1.94,1.94,2.64,1.24,31.81,9.4
James Mcatee,ENG,"MF,FW",0,0,1,1,2024-2025,Manchester City,22,0,143,1.6,0.87,0.0,0.87,57.5,0.62,6.88,26.88,24.38,5.62,57.5,3.12,0.62,12.5,2.5,50.0,33.75,188.75,98.12,3.12,2.5,0.0,1.25,0.62,42.5,7.5
Kasey McAteer,IRL,"FW,MF",0,0,1,1,2024-2025,Leicester City,23,4,395,4.4,0.13,0.08,0.21,45.45,3.41,10.68,17.5,18.64,3.64,45.45,2.05,0.23,2.52,1.14,12.64,26.36,180.68,87.95,2.95,1.82,1.36,1.36,0.91,30.0,8.18
Alex McCarthy,ENG,GK,1,0,0,0,2024-2025,Southampton,35,5,450,5.0,0.0,0.0,0.0,34.6,28.2,34.6,0.0,0.0,0.0,34.6,0.0,0.0,,0.0,,20.0,90.4,55.2,0.0,0.0,0.0,0.0,0.0,17.6,0.0
John McGinn,SCO,"MF,FW",0,0,1,1,2024-2025,Aston Villa,30,23,1867,20.7,0.11,0.14,0.24,43.62,1.06,6.86,23.77,13.43,2.13,43.62,1.93,0.77,1.93,0.58,1.45,24.15,119.61,51.06,1.3,0.72,0.24,1.45,1.11,30.92,3.19
Dwight McNeil,ENG,"MF,FW",0,0,1,1,2024-2025,Everton,25,13,1140,12.7,0.07,0.27,0.34,48.74,0.16,4.8,21.02,24.02,1.42,48.74,2.91,1.57,4.26,1.26,3.4,28.35,175.35,73.31,2.44,2.2,0.31,1.73,1.89,32.83,5.12
Scott McTominay,SCO,MF,0,0,1,0,2024-2025,Manchester Utd,28,0,19,0.2,0.33,0.0,0.33,70.0,5.0,15.0,40.0,15.0,5.0,70.0,5.0,0.0,0.0,5.0,500.0,50.0,340.0,220.0,0.0,0.0,0.0,5.0,5.0,45.0,10.0
Ben Mee,ENG,DF,0,1,0,0,2024-2025,Brentford,35,2,183,2.0,0.0,0.0,0.0,69.0,9.0,33.0,31.0,5.5,1.5,69.0,0.0,0.0,,0.0,,39.0,202.0,137.0,1.5,0.5,0.5,0.0,0.0,43.0,1.0
Jayden Meghoma,ENG,DF,0,1,0,0,2024-2025,Brentford,18,0,5,0.1,0.0,0.0,0.0,30.0,10.0,20.0,0.0,10.0,0.0,30.0,0.0,0.0,,0.0,,10.0,10.0,0.0,0.0,0.0,0.0,0.0,0.0,20.0,0.0
Mikel Merino,ESP,"MF,FW",0,0,1,1,2024-2025,Arsenal,28,13,1239,13.8,0.27,0.1,0.37,44.93,2.17,8.04,18.99,18.55,4.64,44.93,0.94,0.43,3.35,0.36,2.79,22.39,81.96,39.06,0.58,0.8,0.29,1.45,1.45,29.64,5.43
Shumaira Mheuka,ENG,MF,0,0,1,0,2024-2025,Chelsea,17,0,1,0.0,5.06,0.0,5.06,inf,,,,inf,inf,inf,,,,,,inf,,,,,,,,inf,
Nikola Milenković,SRB,DF,0,1,0,0,2024-2025,Nott'ham Forest,27,29,2610,29.0,0.12,0.03,0.15,36.72,6.79,19.86,14.41,2.59,1.97,36.72,0.03,0.03,3.45,0.0,0.0,14.03,60.97,28.72,0.1,0.1,0.07,0.03,0.07,18.59,0.17
Lewis Miley,ENG,MF,0,0,1,0,2024-2025,Newcastle Utd,18,1,193,2.1,0.25,0.01,0.27,74.76,2.38,15.71,42.86,16.67,2.38,74.76,0.95,0.0,0.0,0.48,23.81,36.67,190.48,75.24,0.48,0.0,0.0,1.9,0.0,53.33,1.9
James Milner,ENG,MF,0,0,1,0,2024-2025,Brighton,39,3,169,1.9,0.09,0.12,0.21,48.42,1.58,6.84,25.26,16.32,2.11,48.42,0.53,0.53,52.63,0.0,0.0,24.21,117.37,51.05,0.53,0.53,0.0,0.0,0.0,30.53,5.26
Tyrone Mings,ENG,DF,0,1,0,0,2024-2025,Aston Villa,32,8,781,8.7,0.07,0.02,0.09,68.85,11.84,35.86,29.31,4.14,1.26,68.85,0.23,0.23,11.49,0.0,0.0,42.76,226.55,113.56,0.34,1.26,0.0,0.34,0.11,48.05,0.0
Yankuba Minteh,GAM,"FW,MF",0,0,1,1,2024-2025,Brighton,20,13,1266,14.1,0.23,0.28,0.52,40.99,1.63,7.45,11.49,23.26,7.02,40.99,5.39,2.62,3.45,2.27,2.99,22.34,166.81,101.28,4.04,1.06,3.12,2.62,1.13,22.91,9.65
Tyrick Mitchell,ENG,DF,0,1,0,0,2024-2025,Crystal Palace,25,29,2457,27.3,0.05,0.2,0.24,52.09,3.3,17.62,20.26,14.73,1.39,52.09,1.03,0.44,1.57,0.48,1.7,24.32,113.66,51.43,1.83,1.1,0.29,1.21,0.92,27.14,5.13
Kaoru Mitoma,JPN,"FW,MF",0,0,1,1,2024-2025,Brighton,27,27,2405,26.7,0.28,0.16,0.44,46.22,0.52,5.17,16.07,25.92,5.58,46.22,4.61,1.76,1.43,2.66,2.16,27.75,226.25,131.39,4.98,2.7,1.99,1.76,0.79,32.4,10.0
Jakub Moder,POL,MF,0,0,1,0,2024-2025,Brighton,25,0,11,0.1,0.0,1.45,1.45,270.0,20.0,70.0,120.0,90.0,10.0,270.0,0.0,0.0,,0.0,,130.0,930.0,620.0,20.0,30.0,0.0,0.0,0.0,140.0,0.0
Mikey Moore,ENG,"FW,MF",0,0,1,1,2024-2025,Tottenham,17,2,185,2.1,0.1,0.16,0.26,45.71,0.48,4.76,10.48,30.95,5.71,45.71,5.24,0.48,4.33,4.29,38.95,32.38,248.1,113.81,4.29,1.43,1.9,2.86,1.9,34.76,14.29
Morato,BRA,DF,0,1,0,0,2024-2025,Nott'ham Forest,23,4,680,7.6,0.02,0.0,0.02,45.26,9.87,28.55,14.74,2.24,0.26,45.26,0.13,0.13,13.16,0.0,0.0,14.87,73.55,33.16,0.0,0.26,0.0,0.79,0.26,18.42,0.13
Álex Moreno,ESP,"DF,MF",0,1,1,0,2024-2025,Nott'ham Forest,31,10,865,9.6,0.02,0.1,0.12,52.29,5.73,19.06,19.38,15.0,0.83,52.29,2.08,0.83,4.17,0.73,3.65,21.98,143.75,85.52,2.6,1.67,0.42,1.35,0.52,24.17,3.33
Sam Morsy,EGY,MF,0,0,1,0,2024-2025,Ipswich Town,33,23,2060,22.9,0.01,0.03,0.05,57.21,2.88,16.51,32.88,8.38,0.17,57.21,0.74,0.48,2.83,0.22,1.28,29.87,157.34,66.55,0.57,0.83,0.04,0.57,0.39,39.17,0.39
Yerson Mosquera,COL,DF,0,1,0,0,2024-2025,Wolves,23,5,441,4.9,0.07,0.02,0.09,60.0,8.78,34.69,23.47,2.45,1.43,60.0,0.0,0.0,,0.0,,34.29,139.39,65.71,0.0,0.2,0.0,0.82,0.2,37.14,0.0
Mason Mount,ENG,"MF,FW",0,0,1,1,2024-2025,Manchester Utd,26,4,260,2.9,0.17,0.04,0.21,43.1,0.34,6.21,22.76,14.14,2.41,43.1,1.38,0.0,0.0,1.03,25.86,26.9,122.41,44.14,1.03,1.03,0.0,1.38,1.38,31.03,2.41
Divin Mubama,ENG,FW,0,0,0,1,2024-2025,Manchester City,20,0,28,0.3,0.12,0.0,0.12,16.67,0.0,0.0,6.67,10.0,3.33,16.67,0.0,0.0,,0.0,,6.67,46.67,0.0,0.0,0.0,0.0,0.0,3.33,10.0,0.0
Mykhailo Mudryk,UKR,FW,0,0,0,1,2024-2025,Chelsea,24,1,151,1.7,0.15,0.58,0.73,36.47,1.76,7.06,8.82,22.35,3.53,36.47,4.71,1.76,22.06,2.94,36.76,22.94,275.29,133.53,4.12,4.71,0.0,1.76,4.12,24.71,7.06
Marshall Munetsi,ZIM,"MF,FW",0,0,1,1,2024-2025,Wolves,28,5,428,4.8,0.51,0.18,0.69,29.79,1.25,3.75,17.08,8.96,2.71,29.79,0.21,0.0,0.0,0.21,20.83,12.71,40.62,15.42,0.42,0.0,0.42,3.12,0.62,16.67,3.33
Rodrigo Muniz,BRA,FW,0,0,0,1,2024-2025,Fulham,23,6,833,9.3,0.57,0.08,0.65,30.43,1.29,2.69,15.59,12.58,5.27,30.43,1.61,0.54,3.58,0.75,5.02,15.27,63.01,17.1,0.43,0.43,0.11,4.52,2.15,23.01,3.23
Daniel Muñoz,COL,DF,0,1,0,0,2024-2025,Crystal Palace,28,28,2418,26.9,0.15,0.14,0.29,57.1,3.49,15.95,23.49,18.22,2.86,57.1,1.67,0.63,1.41,0.97,2.15,22.19,110.59,44.8,1.41,0.89,0.41,1.6,0.56,27.21,6.1
Arijanet Muric,KVX,GK,1,0,0,0,2024-2025,Ipswich Town,26,18,1620,18.0,0.0,0.0,0.0,38.28,31.06,37.33,1.0,0.0,0.0,38.28,0.0,0.0,,0.0,,22.5,116.0,65.44,0.0,0.0,0.0,0.17,0.06,17.83,0.0
Murillo,BRA,DF,0,1,0,0,2024-2025,Nott'ham Forest,22,29,2568,28.5,0.04,0.04,0.08,51.75,11.82,26.6,22.7,2.95,0.6,51.75,1.05,0.88,2.92,0.18,0.59,21.93,112.42,66.07,0.53,0.77,0.04,0.56,0.32,25.75,0.14
Jacob Murphy,ENG,FW,0,0,0,1,2024-2025,Newcastle Utd,30,22,1745,19.4,0.2,0.35,0.55,47.47,0.67,7.11,18.2,22.63,3.3,47.47,2.47,1.19,2.47,1.19,2.47,28.25,167.47,87.78,2.99,1.34,1.08,1.24,1.6,34.12,8.09
Vitaliy Mykolenko,UKR,DF,0,1,0,0,2024-2025,Everton,25,28,2452,27.2,0.01,0.05,0.07,48.2,3.79,15.48,20.55,12.54,0.81,48.2,0.59,0.18,1.15,0.29,1.84,19.3,77.76,43.31,0.99,0.77,0.04,0.66,0.29,23.71,2.54
Iliman Ndiaye,SEN,FW,0,0,0,1,2024-2025,Everton,25,22,1899,21.1,0.17,0.07,0.24,40.19,1.42,8.48,16.59,17.35,3.08,40.14,5.83,2.75,2.24,2.65,2.16,23.08,186.45,93.89,3.41,1.75,1.28,2.04,1.71,24.36,4.55
Wilfred Ndidi,NGA,MF,0,0,1,0,2024-2025,Leicester City,28,21,1735,19.3,0.09,0.09,0.17,53.89,5.28,18.5,25.39,10.41,2.44,53.89,1.3,0.62,2.49,0.62,2.49,25.13,104.04,42.38,0.67,0.88,0.1,1.45,1.3,31.4,3.47
Kosta Nedeljković,SRB,DF,0,1,0,0,2024-2025,Aston Villa,19,0,126,1.4,0.0,0.0,0.0,47.14,2.86,10.71,22.86,13.57,0.0,47.14,1.43,0.71,35.71,0.71,35.71,19.29,72.14,23.57,0.71,0.0,0.0,0.71,0.0,22.86,0.0
Reiss Nelson,ENG,FW,0,0,0,1,2024-2025,Arsenal,25,0,3,0.0,0.0,0.0,0.0,inf,,inf,inf,,,inf,,,,,,inf,inf,inf,,,,,,inf,
Reiss Nelson,ENG,FW,0,0,0,1,2024-2025,Fulham,25,5,487,5.4,0.2,0.18,0.39,64.26,0.93,5.56,20.37,39.26,6.48,64.26,6.48,2.41,6.87,2.41,6.87,47.96,362.22,177.78,8.33,4.63,3.89,2.59,1.48,50.74,11.67
Neto,BRA,GK,1,0,0,0,2024-2025,Bournemouth,35,2,180,2.0,0.0,0.0,0.0,35.0,30.0,35.0,0.0,0.0,0.0,35.0,0.0,0.0,,0.0,,17.5,74.0,49.5,0.0,0.0,0.0,0.0,0.0,14.0,0.0
Pedro Neto,POR,FW,0,0,0,1,2024-2025,Chelsea,25,16,1531,17.0,0.12,0.25,0.37,45.12,0.35,4.12,13.82,27.82,4.82,45.12,4.59,1.41,1.81,2.12,2.72,29.53,251.94,130.06,5.35,2.53,2.06,1.82,1.24,33.12,8.65
Eddie Nketiah,ENG,"FW,MF",0,0,1,1,2024-2025,Crystal Palace,25,7,740,8.2,0.45,0.18,0.63,38.17,0.85,3.9,15.49,19.39,6.34,38.17,1.95,0.98,6.1,0.73,4.57,21.95,163.05,87.2,3.9,2.2,1.46,3.05,1.59,26.95,7.2
Christopher Nkunku,FRA,FW,0,0,0,1,2024-2025,Chelsea,27,8,872,9.7,0.48,0.21,0.69,44.12,1.03,5.15,17.63,21.55,5.15,44.12,2.58,0.93,3.71,1.34,5.36,27.22,133.61,59.79,1.65,1.44,1.24,1.65,1.44,34.64,6.6
Matheus Nunes,POR,"DF,MF",0,1,1,0,2024-2025,Manchester City,26,13,1134,12.6,0.04,0.27,0.31,74.84,2.14,13.25,26.98,34.92,3.97,74.84,2.3,1.03,3.56,0.95,3.29,47.06,251.43,127.7,3.57,1.35,1.67,1.75,0.63,54.37,10.63
Darwin Núñez,URU,FW,0,0,0,1,2024-2025,Liverpool,25,8,986,11.0,0.45,0.1,0.56,28.91,0.91,3.82,9.64,16.36,5.45,28.91,1.91,0.73,3.46,1.09,5.19,15.55,86.91,44.27,1.82,1.45,0.91,1.91,1.55,19.0,6.09
Ethan Nwaneri,ENG,"FW,MF",0,0,1,1,2024-2025,Arsenal,18,8,671,7.5,0.12,0.13,0.25,52.93,0.27,5.33,18.27,30.0,4.0,52.93,6.53,3.73,7.61,2.13,4.36,36.4,292.93,141.47,5.2,2.4,1.73,2.0,2.13,39.33,11.73
Christian Nørgaard,DEN,MF,0,0,1,0,2024-2025,Brentford,31,26,2100,23.3,0.14,0.03,0.17,59.01,5.71,20.09,28.07,11.46,1.97,59.01,0.52,0.26,2.15,0.17,1.43,27.55,105.79,44.98,0.47,0.43,0.17,1.2,0.77,36.01,1.46
Jake O'Brien,IRL,DF,0,1,0,0,2024-2025,Everton,23,10,941,10.5,0.05,0.05,0.11,53.9,4.57,21.43,22.0,10.67,1.33,53.9,0.76,0.19,2.38,0.48,5.95,23.33,103.81,42.57,0.57,0.48,0.1,0.38,0.48,27.43,2.19
Matt O'Riley,DEN,MF,0,0,1,0,2024-2025,Brighton,24,5,482,5.4,0.23,0.22,0.44,55.93,2.22,9.44,26.3,20.19,4.26,55.93,1.11,0.56,9.26,0.56,9.26,27.22,112.04,53.89,1.67,1.11,0.37,1.48,0.56,32.59,4.81
Dara O'Shea,IRL,DF,0,1,0,0,2024-2025,Ipswich Town,26,27,2402,26.7,0.03,0.0,0.03,60.67,11.5,34.83,22.21,3.75,1.54,60.67,0.07,0.04,1.87,0.04,1.87,27.53,119.29,58.8,0.11,0.07,0.0,0.37,0.15,34.79,0.11
Chidozie Obi-Martin,DEN,FW,0,0,0,1,2024-2025,Manchester Utd,17,0,28,0.3,0.0,0.0,0.0,53.33,3.33,13.33,23.33,16.67,3.33,53.33,3.33,0.0,0.0,3.33,333.33,23.33,156.67,86.67,3.33,0.0,0.0,6.67,3.33,30.0,6.67
Wilson Odobert,FRA,FW,0,0,0,1,2024-2025,Tottenham,20,4,353,3.9,0.17,0.02,0.19,51.54,0.77,4.87,18.97,27.95,6.41,51.54,5.64,2.05,9.33,3.08,13.97,38.21,296.67,167.69,6.41,3.33,3.59,3.33,2.05,38.97,8.97
Chiedozie Ogbene,IRL,FW,0,0,0,1,2024-2025,Ipswich Town,27,3,238,2.6,0.0,0.03,0.03,26.92,1.15,4.23,7.31,15.38,2.31,26.92,2.69,0.38,5.5,1.15,16.5,15.77,126.92,53.46,2.69,0.77,0.77,1.54,0.77,16.54,5.77
Caleb Okoli,ITA,DF,0,1,0,0,2024-2025,Leicester City,23,11,1034,11.5,0.01,0.0,0.01,63.65,12.26,35.74,25.83,2.35,0.7,63.65,0.0,0.0,,0.0,,36.43,180.0,84.35,0.26,0.17,0.0,0.87,0.17,37.91,0.17
Robin Olsen,SWE,GK,1,0,0,0,2024-2025,Aston Villa,35,1,180,2.0,0.0,0.0,0.0,41.5,36.5,41.0,0.5,0.0,0.0,41.5,0.0,0.0,,0.0,,22.0,113.0,54.5,0.0,0.0,0.0,0.0,0.0,20.5,0.0
Amadou Onana,BEL,MF,0,0,1,0,2024-2025,Aston Villa,23,14,1105,12.3,0.15,0.01,0.16,55.2,3.98,15.37,32.52,8.37,1.22,55.2,1.22,0.81,5.42,0.24,1.63,29.92,142.11,68.13,1.06,1.22,0.0,0.57,0.57,36.5,0.81
André Onana,CMR,GK,1,0,0,0,2024-2025,Manchester Utd,29,30,2700,30.0,0.0,0.01,0.01,40.63,30.6,39.93,0.73,0.0,0.0,40.63,0.0,0.0,,0.0,,28.83,146.83,82.17,0.0,0.0,0.0,0.03,0.0,25.07,0.0
Paul Onuachu,NGA,FW,0,0,0,1,2024-2025,Southampton,30,9,852,9.5,0.33,0.05,0.38,39.37,1.26,3.58,21.47,14.63,6.0,39.37,2.53,0.74,3.07,1.37,5.71,19.47,79.37,23.68,0.74,0.42,0.21,4.53,3.26,32.42,3.68
Frank Onyeka,NGA,MF,0,0,1,0,2024-2025,Brentford,27,0,25,0.3,0.0,0.0,0.0,33.33,0.0,3.33,16.67,13.33,0.0,33.33,0.0,0.0,,0.0,,20.0,183.33,46.67,0.0,0.0,0.0,6.67,3.33,20.0,0.0
Lewis Orford,ENG,MF,0,0,1,0,2024-2025,West Ham,19,0,49,0.5,0.05,0.04,0.09,84.0,2.0,16.0,56.0,14.0,4.0,84.0,0.0,0.0,,0.0,,44.0,196.0,54.0,0.0,0.0,0.0,2.0,0.0,62.0,2.0
Stefan Ortega,GER,GK,1,0,0,0,2024-2025,Manchester City,32,10,900,10.0,0.0,0.0,0.0,40.5,30.8,40.2,0.3,0.0,0.0,40.5,0.0,0.0,,0.0,,26.1,122.1,68.7,0.0,0.0,0.0,0.0,0.0,24.9,0.0
William Osula,DEN,FW,0,0,0,1,2024-2025,Newcastle Utd,21,0,71,0.8,0.0,0.11,0.11,23.75,1.25,1.25,12.5,10.0,2.5,23.75,2.5,1.25,62.5,1.25,62.5,13.75,73.75,17.5,1.25,1.25,0.0,3.75,5.0,13.75,7.5
Dango Ouattara,BFA,FW,0,0,0,1,2024-2025,Bournemouth,23,16,1608,17.9,0.43,0.26,0.69,42.68,2.63,7.15,13.69,22.68,6.09,42.68,3.52,1.62,2.57,1.68,2.66,21.56,159.55,74.02,3.35,1.34,1.79,2.74,1.51,25.7,8.94
Nico O’Reilly,ENG,"DF,MF",0,1,1,0,2024-2025,Manchester City,20,1,113,1.3,0.11,0.01,0.12,84.62,2.31,13.08,45.38,26.92,1.54,84.62,3.85,3.08,61.54,0.77,15.38,60.77,350.77,177.69,6.15,6.15,0.77,2.31,0.0,66.92,2.31
Alex Palmer,ENG,GK,1,0,0,0,2024-2025,Ipswich Town,28,6,540,6.0,0.0,0.0,0.0,34.17,27.5,33.5,0.67,0.0,0.0,34.17,0.0,0.0,,0.0,,14.67,75.17,45.17,0.0,0.0,0.0,0.0,0.0,11.17,0.0
Cole Palmer,ENG,MF,0,0,1,0,2024-2025,Chelsea,22,28,2441,27.1,0.56,0.32,0.88,52.4,0.52,4.06,23.8,25.24,3.95,52.25,3.25,1.48,1.68,1.29,1.47,33.03,219.34,104.1,3.14,2.07,1.03,1.88,1.0,38.82,5.2
Emerson Palmieri,ITA,DF,0,1,0,0,2024-2025,West Ham,30,23,1806,20.1,0.08,0.07,0.16,56.87,3.63,18.41,23.93,15.27,1.19,56.87,1.49,0.5,1.66,0.85,2.82,23.53,128.21,69.95,1.79,1.04,0.4,1.09,0.35,30.85,3.53
Lucas Paquetá,BRA,"MF,FW",0,0,1,1,2024-2025,West Ham,27,22,1897,21.1,0.24,0.11,0.35,64.93,1.9,12.65,35.78,17.01,2.46,64.83,1.47,0.57,1.83,0.76,2.45,32.51,110.47,45.5,0.76,1.23,0.09,1.99,2.13,45.26,3.36
Thomas Partey,GHA,"MF,DF",0,1,1,0,2024-2025,Arsenal,31,25,2279,25.3,0.07,0.08,0.15,71.03,2.29,14.66,38.62,18.1,0.95,71.03,1.07,0.67,2.49,0.32,1.17,39.41,208.34,110.12,1.19,1.3,0.08,0.75,0.43,49.92,1.5
Nathan Patterson,SCO,"DF,FW",0,1,0,1,2024-2025,Everton,23,0,129,1.4,0.05,0.24,0.29,70.71,2.86,14.29,32.14,25.71,2.14,70.71,5.0,4.29,61.21,0.0,0.0,28.57,132.86,75.0,2.86,1.43,1.43,2.14,0.71,37.14,5.0
Andreas Pereira,BRA,MF,0,0,1,0,2024-2025,Fulham,29,19,1601,17.8,0.19,0.21,0.4,54.27,0.96,7.64,22.87,24.55,1.74,54.21,1.4,0.62,2.47,0.34,1.35,27.81,127.53,61.01,1.18,1.69,0.34,1.07,1.07,32.53,3.76
Ricardo Pereira,POR,"DF,MF",0,1,1,0,2024-2025,Leicester City,31,2,168,1.9,0.02,0.0,0.02,64.74,2.63,16.32,36.32,12.11,1.05,64.74,1.58,1.05,35.11,0.53,17.53,37.89,114.74,43.68,1.05,1.05,0.53,0.53,0.0,38.95,2.11
Kalvin Phillips,ENG,MF,0,0,1,0,2024-2025,Ipswich Town,29,14,1214,13.5,0.03,0.02,0.05,53.33,4.37,16.22,28.67,8.74,0.3,53.33,0.89,0.37,3.09,0.44,3.7,22.37,107.11,39.93,0.3,0.37,0.0,1.78,0.74,28.37,0.3
Jaden Philogene Bidace,ENG,"FW,MF",0,0,1,1,2024-2025,Aston Villa,23,2,332,3.7,0.13,0.08,0.2,39.19,1.08,7.3,14.59,17.84,3.78,39.19,4.05,1.08,7.22,2.16,14.41,20.27,140.54,64.59,1.89,1.35,1.89,1.89,0.81,22.43,4.59
Jaden Philogene Bidace,ENG,"FW,DF",0,1,0,1,2024-2025,Ipswich Town,23,5,459,5.1,0.37,0.05,0.42,41.96,1.96,10.2,12.55,19.61,3.33,41.96,3.53,0.98,5.45,2.16,11.98,24.51,167.84,59.22,2.55,0.59,0.98,1.96,1.96,25.49,6.67
Jordan Pickford,ENG,GK,1,0,0,0,2024-2025,Everton,31,30,2700,30.0,0.0,0.01,0.01,44.63,29.17,42.53,2.13,0.0,0.0,44.63,0.0,0.0,,0.0,,24.8,150.03,86.8,0.0,0.0,0.0,0.03,0.0,21.63,0.0
Ethan Pinnock,JAM,DF,0,1,0,0,2024-2025,Brentford,31,21,1913,21.3,0.05,0.05,0.11,63.29,13.8,36.76,21.46,5.12,1.13,63.29,0.42,0.14,1.56,0.28,3.13,29.72,146.34,76.67,0.14,0.19,0.0,0.09,0.19,35.68,0.42
Daniel Podence,POR,"MF,FW",0,0,1,1,2024-2025,Wolves,29,0,48,0.5,0.07,0.0,0.07,40.0,0.0,4.0,22.0,14.0,0.0,40.0,4.0,4.0,200.0,0.0,0.0,26.0,154.0,86.0,2.0,2.0,0.0,0.0,0.0,34.0,6.0
Alfie Pond,ENG,DF,0,1,0,0,2024-2025,Wolves,21,0,1,0.0,0.0,0.0,0.0,inf,,,inf,,,inf,,,,,,inf,inf,inf,,,,,,inf,
Nick Pope,ENG,GK,1,0,0,0,2024-2025,Newcastle Utd,32,19,1710,19.0,0.0,0.0,0.0,31.84,25.68,31.42,0.42,0.0,0.0,31.84,0.0,0.0,,0.0,,16.68,91.11,60.0,0.0,0.0,0.0,0.0,0.05,11.11,0.0
Pedro Porro,ESP,DF,0,1,0,0,2024-2025,Tottenham,25,24,2280,25.3,0.06,0.13,0.18,76.28,4.62,22.77,27.47,26.52,1.15,76.28,1.23,0.4,1.28,0.75,2.42,40.08,182.61,93.0,2.25,1.42,0.2,0.83,0.63,43.68,3.68
Jarell Quansah,ENG,DF,0,1,0,0,2024-2025,Liverpool,22,2,292,3.2,0.0,0.0,0.0,80.62,10.0,40.0,34.38,6.25,0.94,80.62,0.62,0.31,15.62,0.31,15.62,50.62,286.25,150.94,0.62,0.94,0.31,0.94,0.62,56.88,0.94
Hákon Rafn Valdimarsson,ISL,GK,1,0,0,0,2024-2025,Brentford,23,1,145,1.6,0.0,0.0,0.0,45.0,37.5,44.38,0.62,0.0,0.0,45.0,0.0,0.0,,0.0,,27.5,119.38,50.0,0.0,0.0,0.0,0.0,0.0,22.5,0.0
Aaron Ramsdale,ENG,GK,1,0,0,0,2024-2025,Southampton,26,22,1980,22.0,0.0,0.0,0.0,45.41,32.95,44.91,0.59,0.0,0.0,45.41,0.0,0.0,,0.0,,28.73,143.64,84.36,0.0,0.0,0.0,0.0,0.0,26.0,0.0
Jacob Ramsey,ENG,"FW,MF",0,0,1,1,2024-2025,Aston Villa,23,16,1312,14.6,0.09,0.12,0.21,42.4,0.82,8.15,15.68,19.25,3.7,42.4,2.4,1.37,3.91,0.62,1.76,27.74,186.1,94.79,3.49,1.78,1.03,2.47,1.23,32.4,5.96
Marcus Rashford,ENG,"FW,MF",0,0,1,1,2024-2025,Manchester Utd,27,12,978,10.9,0.16,0.19,0.35,40.37,0.28,3.21,17.34,20.37,3.12,40.37,3.58,0.83,2.12,2.39,6.12,26.88,155.41,66.79,1.83,1.74,1.1,1.28,0.55,31.28,7.25
Marcus Rashford,ENG,FW,0,0,0,1,2024-2025,Aston Villa,27,2,266,3.0,0.27,0.63,0.9,50.67,0.67,4.0,11.33,35.67,5.33,50.67,5.33,2.67,16.67,2.67,16.67,31.0,199.67,120.67,5.0,2.0,3.0,1.33,0.33,36.0,11.0
David Raya,ESP,GK,1,0,0,0,2024-2025,Arsenal,29,30,2700,30.0,0.0,0.0,0.0,38.37,22.67,35.9,2.47,0.0,0.0,38.37,0.03,0.03,3.33,0.0,0.0,23.7,119.43,71.67,0.0,0.0,0.0,0.03,0.0,21.73,0.0
Harrison Reed,ENG,MF,0,0,1,0,2024-2025,Fulham,30,0,78,0.9,0.17,0.09,0.25,76.67,1.11,8.89,28.89,40.0,5.56,76.67,2.22,0.0,0.0,1.11,55.56,31.11,91.11,18.89,1.11,1.11,0.0,2.22,2.22,38.89,7.78
Remy Rees-Dottin,ENG,FW,0,0,0,1,2024-2025,Bournemouth,19,0,1,0.0,0.0,0.0,0.0,,,,,,,,,,,,,,,,,,,,,,
Sergio Reguilón,ESP,DF,0,1,0,0,2024-2025,Tottenham,28,0,123,1.4,0.05,0.02,0.07,86.43,1.43,20.0,43.57,23.57,2.14,86.43,2.86,1.43,35.71,0.0,0.0,45.71,209.29,128.57,2.86,1.43,0.71,0.71,0.71,52.86,7.14
Bobby Reid,JAM,"FW,MF",0,0,1,1,2024-2025,Leicester City,32,7,639,7.1,0.11,0.17,0.27,35.21,1.83,6.2,14.79,14.23,1.83,35.21,1.13,0.0,0.0,0.85,10.56,21.97,99.44,46.76,1.69,0.56,0.56,1.55,1.27,24.65,5.63
Vitor Reis,BRA,DF,0,1,0,0,2024-2025,Manchester City,19,0,1,0.0,0.0,0.0,0.0,inf,inf,inf,inf,,,inf,inf,inf,inf,,,inf,inf,,,,,,,inf,
Chadi Riad,MAR,DF,0,1,0,0,2024-2025,Crystal Palace,21,1,90,1.0,0.0,0.0,0.0,90.0,5.0,41.0,49.0,1.0,0.0,90.0,0.0,0.0,,0.0,,58.0,318.0,232.0,2.0,0.0,0.0,1.0,0.0,69.0,0.0
Declan Rice,ENG,MF,0,0,1,0,2024-2025,Arsenal,26,26,2246,25.0,0.09,0.24,0.33,63.36,2.28,10.28,30.4,23.36,2.4,63.36,0.96,0.44,1.83,0.48,2.0,33.88,214.8,114.52,3.12,2.08,0.48,1.28,0.88,41.92,3.2
Chris Richards,USA,DF,0,1,0,0,2024-2025,Crystal Palace,25,15,1338,14.9,0.03,0.01,0.04,55.17,6.24,28.99,23.42,3.09,0.87,55.17,0.34,0.07,1.34,0.27,5.37,25.64,113.83,52.15,0.34,0.34,0.0,0.34,0.34,31.07,0.07
Richarlison,BRA,FW,0,0,0,1,2024-2025,Tottenham,27,2,279,3.1,0.38,0.29,0.67,37.42,2.58,6.13,20.0,11.61,3.87,37.42,2.9,0.32,3.58,2.26,25.1,18.06,100.0,44.52,2.58,2.26,0.97,1.29,1.61,25.48,5.48
Andrew Robertson,SCO,DF,0,1,0,0,2024-2025,Liverpool,31,25,2106,23.4,0.04,0.18,0.22,77.05,3.38,19.32,35.26,23.03,1.84,77.05,0.64,0.26,1.71,0.34,2.28,41.45,183.42,105.21,2.31,1.97,0.17,0.9,0.43,51.88,3.76
Antonee Robinson,USA,DF,0,1,0,0,2024-2025,Fulham,27,29,2629,29.2,0.02,0.13,0.16,73.22,3.8,22.77,28.36,23.18,1.95,73.22,2.43,1.1,1.54,0.96,1.35,39.01,211.95,122.29,3.49,1.78,0.86,1.16,0.55,44.11,8.12
Rodri,ESP,MF,0,0,1,0,2024-2025,Manchester City,28,1,65,0.7,0.0,0.06,0.06,92.86,1.43,17.14,42.86,34.29,0.0,92.86,1.43,0.0,0.0,0.0,0.0,48.57,178.57,60.0,0.0,2.86,0.0,0.0,0.0,70.0,1.43
Guido Rodríguez,ARG,MF,0,0,1,0,2024-2025,West Ham,30,14,1018,11.3,0.02,0.01,0.03,54.6,3.72,17.35,32.39,4.96,0.18,54.6,0.27,0.18,5.9,0.0,0.0,25.13,87.43,34.69,0.18,0.44,0.0,0.18,0.53,31.33,0.44
Mads Roerslev,DEN,DF,0,1,0,0,2024-2025,Brentford,25,11,1101,12.2,0.02,0.24,0.26,52.87,4.02,19.18,21.97,11.97,1.64,52.87,1.56,0.57,3.02,0.66,3.45,28.85,133.61,70.33,1.39,1.07,0.0,0.74,0.49,33.36,4.43
Morgan Rogers,ENG,"FW,MF",0,0,1,1,2024-2025,Aston Villa,22,29,2423,26.9,0.18,0.22,0.4,39.85,1.15,5.95,17.36,17.4,4.31,39.85,4.72,1.93,1.52,2.19,1.73,23.05,165.43,96.36,3.42,2.16,0.97,3.05,2.08,27.84,5.2
Cristian Romero,ARG,DF,0,1,0,0,2024-2025,Tottenham,26,14,1101,12.2,0.09,0.04,0.14,89.51,10.66,37.46,48.03,4.67,1.48,89.51,0.25,0.08,2.73,0.08,2.73,59.02,308.11,187.62,0.82,1.31,0.0,0.33,0.25,60.82,0.16
Georginio Rutter,FRA,"MF,FW",0,0,1,1,2024-2025,Brighton,22,19,1656,18.4,0.25,0.14,0.39,34.84,1.09,4.51,13.37,17.72,4.29,34.84,3.86,1.47,2.07,1.85,2.6,19.62,134.08,76.36,2.28,1.96,0.87,2.45,2.01,22.34,4.29
José Sá,POR,GK,1,0,0,0,2024-2025,Wolves,32,23,2070,23.0,0.0,0.01,0.01,34.09,27.17,33.78,0.35,0.0,0.0,34.09,0.26,0.26,4.35,0.0,0.0,21.0,128.52,81.87,0.0,0.0,0.0,0.04,0.0,16.48,0.0
Bukayo Saka,ENG,"FW,MF",0,0,1,1,2024-2025,Arsenal,23,16,1293,14.4,0.34,0.4,0.75,51.74,0.42,2.78,11.6,37.78,8.12,51.67,5.14,2.29,3.1,2.08,2.81,32.64,224.17,129.1,5.0,1.39,2.57,1.67,2.43,37.15,13.75
Mohamed Salah,EGY,FW,0,0,0,1,2024-2025,Liverpool,32,30,2657,29.5,0.75,0.38,1.13,45.86,0.34,2.64,13.86,29.93,9.76,45.56,3.8,1.73,1.54,1.97,1.76,31.36,190.98,99.22,4.2,1.63,3.49,3.19,1.9,38.37,12.68
William Saliba,FRA,DF,0,1,0,0,2024-2025,Arsenal,24,28,2454,27.3,0.08,0.02,0.1,80.95,5.6,31.98,45.31,4.1,0.55,80.95,0.55,0.33,2.2,0.18,1.22,49.23,212.34,108.9,0.48,0.37,0.0,0.59,0.18,60.07,0.22
Robert Sánchez,ESP,GK,1,0,0,0,2024-2025,Chelsea,27,23,2070,23.0,0.0,0.0,0.0,42.17,30.96,41.74,0.43,0.0,0.0,42.17,0.0,0.0,,0.0,,28.39,133.22,84.7,0.0,0.0,0.0,0.0,0.0,26.65,0.0
Jadon Sancho,ENG,FW,0,0,0,1,2024-2025,Chelsea,25,16,1430,15.9,0.1,0.2,0.3,49.43,0.69,6.04,15.22,28.68,6.1,49.43,5.16,2.64,3.22,2.01,2.45,33.02,227.3,127.48,5.22,1.82,2.89,1.45,0.94,39.12,11.13
Ibrahim Sangaré,CIV,MF,0,0,1,0,2024-2025,Nott'ham Forest,27,3,279,3.1,0.01,0.12,0.12,62.26,2.58,14.19,39.68,9.03,2.26,62.26,0.32,0.0,0.0,0.32,32.26,24.19,95.81,26.77,0.0,0.65,0.0,1.29,0.32,32.58,0.65
Pablo Sarabia,ESP,"MF,FW",0,0,1,1,2024-2025,Wolves,32,6,584,6.5,0.39,0.11,0.5,56.92,0.46,6.62,28.15,22.31,2.62,56.92,1.38,0.62,6.83,0.46,5.12,33.08,151.08,76.92,1.69,1.85,0.0,2.15,1.69,39.54,6.92
Jeremy Sarmiento,ECU,MF,0,0,1,0,2024-2025,Brighton,22,0,9,0.1,0.0,0.0,0.0,80.0,0.0,0.0,60.0,20.0,0.0,80.0,0.0,0.0,,0.0,,60.0,610.0,100.0,0.0,0.0,0.0,10.0,0.0,70.0,20.0
Ismaila Sarr,SEN,"MF,FW",0,0,1,1,2024-2025,Crystal Palace,27,22,2020,22.4,0.35,0.26,0.61,37.23,1.52,5.85,14.02,17.77,4.73,37.23,1.96,0.62,1.42,0.98,2.23,20.36,125.04,68.93,2.41,1.61,0.98,2.46,1.61,25.49,6.65
Sávio,BRA,"FW,MF",0,0,1,1,2024-2025,Manchester City,20,20,1648,18.3,0.26,0.38,0.64,55.85,0.6,2.79,14.26,39.73,8.03,55.85,5.96,2.73,2.51,2.08,1.91,40.22,334.04,184.86,7.1,2.3,4.04,2.24,2.02,43.66,12.3
Oliver Scarles,ENG,DF,0,1,0,0,2024-2025,West Ham,19,4,482,5.4,0.02,0.0,0.02,64.44,2.78,18.52,26.3,20.37,1.11,64.44,1.11,0.19,3.09,0.93,15.43,29.44,109.81,61.3,1.3,1.67,0.19,1.85,0.37,37.59,6.67
Dane Scarlett,ENG,"FW,MF",0,0,1,1,2024-2025,Tottenham,21,0,34,0.4,0.09,0.12,0.22,22.5,2.5,7.5,12.5,2.5,2.5,22.5,0.0,0.0,,0.0,,12.5,165.0,82.5,2.5,0.0,0.0,0.0,2.5,10.0,2.5
Kevin Schade,GER,FW,0,0,0,1,2024-2025,Brentford,23,18,1665,18.5,0.32,0.17,0.48,36.76,1.57,5.57,10.05,21.62,5.84,36.76,3.84,1.24,1.75,2.27,3.2,18.7,132.54,56.97,2.54,1.14,1.57,2.22,1.73,22.81,6.97
Fabian Schär,SUI,DF,0,1,0,0,2024-2025,Newcastle Utd,33,24,2142,23.8,0.07,0.01,0.08,69.87,8.53,36.76,29.16,4.37,1.01,69.87,0.46,0.29,2.67,0.08,0.76,44.16,201.55,115.84,0.5,0.88,0.04,0.34,0.17,48.49,0.67
Jeffrey Schlupp,GHA,"MF,DF",0,1,1,0,2024-2025,Crystal Palace,32,0,103,1.1,0.14,0.14,0.28,71.82,1.82,8.18,28.18,37.27,5.45,71.82,0.91,0.91,90.91,0.0,0.0,27.27,136.36,60.91,3.64,0.91,0.91,6.36,0.0,37.27,8.18
Alex Scott,ENG,MF,0,0,1,0,2024-2025,Bournemouth,21,3,437,4.9,0.1,0.06,0.16,66.12,2.65,12.24,35.1,19.59,2.65,66.12,4.49,1.02,4.63,2.24,10.2,36.94,194.08,89.59,1.84,0.82,0.2,2.86,1.22,40.61,4.69
Matz Sels,BEL,GK,1,0,0,0,2024-2025,Nott'ham Forest,33,30,2700,30.0,0.0,0.0,0.0,29.17,21.97,28.7,0.47,0.0,0.0,29.17,0.0,0.0,,0.0,,14.5,84.23,44.0,0.0,0.0,0.0,0.0,0.0,11.4,0.0
Nélson Semedo,POR,DF,0,1,0,0,2024-2025,Wolves,31,25,2235,24.8,0.02,0.1,0.13,53.87,4.23,15.56,24.48,14.52,0.81,53.87,2.26,1.05,1.87,0.93,1.66,27.3,159.88,84.19,2.22,1.33,0.36,1.17,0.65,31.09,3.91
Antoine Semenyo,GHA,FW,0,0,0,1,2024-2025,Bournemouth,25,29,2555,28.4,0.31,0.18,0.49,46.02,1.2,5.53,15.85,25.74,5.74,46.02,3.94,2.04,1.82,1.65,1.48,27.46,206.3,101.16,4.08,1.97,2.11,2.46,2.22,32.04,8.13
Marcos Senesi,ARG,DF,0,1,0,0,2024-2025,Bournemouth,27,11,950,10.6,0.08,0.02,0.1,69.06,5.57,29.81,33.87,6.23,1.13,69.06,0.85,0.47,5.25,0.38,4.19,42.92,221.42,131.42,1.23,1.32,0.0,0.47,0.57,44.15,0.38
Ryan Sessegnon,ENG,"DF,MF",0,1,1,0,2024-2025,Fulham,24,1,110,1.2,0.52,0.41,0.93,50.0,0.83,10.0,17.5,23.33,7.5,50.0,3.33,0.83,20.83,2.5,62.5,25.0,199.17,138.33,4.17,2.5,3.33,0.83,3.33,29.17,10.0
Luke Shaw,ENG,DF,0,1,0,0,2024-2025,Manchester Utd,29,0,70,0.8,0.0,0.0,0.0,133.75,3.75,57.5,70.0,6.25,0.0,133.75,0.0,0.0,,0.0,,107.5,418.75,178.75,1.25,2.5,0.0,1.25,0.0,116.25,0.0
Zain Silcott-Duberry,MSR,FW,0,0,0,1,2024-2025,Bournemouth,19,0,1,0.0,0.0,0.0,0.0,inf,,inf,,inf,,inf,,,,,,inf,inf,inf,,,,,,inf,
Bernardo Silva,POR,"MF,FW",0,0,1,1,2024-2025,Manchester City,30,22,2041,22.7,0.13,0.18,0.32,64.49,1.41,10.88,24.67,29.52,5.51,64.49,2.29,1.06,2.04,0.97,1.86,40.22,262.07,133.13,3.61,2.11,1.32,0.75,1.19,47.67,7.44
Jota Silva,POR,"FW,MF",0,0,1,1,2024-2025,Nott'ham Forest,25,4,725,8.1,0.19,0.35,0.54,37.9,2.22,9.51,10.25,19.51,4.94,37.9,3.7,1.23,4.11,1.48,4.94,18.89,124.44,67.28,2.1,1.23,0.86,2.84,1.36,20.99,5.8
Eric da Silva Moreira,GER,"MF,DF",0,1,1,0,2024-2025,Nott'ham Forest,18,0,30,0.3,0.0,0.0,0.0,43.33,10.0,23.33,13.33,6.67,0.0,43.33,3.33,0.0,0.0,3.33,333.33,13.33,86.67,36.67,3.33,0.0,0.0,3.33,0.0,10.0,3.33
Jahmai Simpson-Pusey,ENG,DF,0,1,0,0,2024-2025,Manchester City,19,1,96,1.1,0.0,0.0,0.0,111.82,8.18,55.45,53.64,2.73,0.91,111.82,0.91,0.0,0.0,0.0,0.0,71.82,341.82,172.73,0.91,0.0,0.0,0.91,0.0,91.82,0.0
Luis Sinisterra,COL,"FW,MF",0,0,1,1,2024-2025,Bournemouth,25,1,236,2.6,0.46,0.54,1.0,59.62,2.69,6.92,15.77,36.92,8.85,59.62,7.69,3.08,15.38,3.85,19.23,36.54,286.15,151.15,7.31,2.31,3.85,2.31,1.15,39.23,14.62
Oliver Skipp,ENG,MF,0,0,1,0,2024-2025,Leicester City,24,7,824,9.2,0.01,0.02,0.04,47.83,2.5,11.2,30.43,6.63,0.65,47.83,0.98,0.43,4.83,0.54,6.04,27.39,110.22,54.67,1.52,0.76,0.22,1.09,0.54,32.83,1.52
William Smallbone,IRL,MF,0,0,1,0,2024-2025,Southampton,25,6,555,6.2,0.06,0.1,0.17,55.0,2.42,11.13,27.26,17.26,1.94,55.0,0.65,0.65,16.13,0.0,0.0,24.03,95.97,46.45,0.65,1.13,0.0,1.45,0.81,32.74,2.9
Adam Smith,ENG,DF,0,1,0,0,2024-2025,Bournemouth,33,13,1080,12.0,0.05,0.01,0.06,45.0,2.5,14.83,20.33,10.17,0.25,45.0,0.92,0.33,3.03,0.33,3.03,19.0,70.0,34.17,0.75,1.0,0.0,0.83,0.42,20.25,1.33
Emile Smith Rowe,ENG,MF,0,0,1,0,2024-2025,Fulham,24,23,1790,19.9,0.21,0.05,0.26,53.42,1.01,7.44,25.23,21.26,2.56,53.42,1.66,0.8,2.44,0.75,2.29,35.08,171.61,90.25,2.51,1.86,0.55,1.51,0.65,41.11,5.28
Dominic Solanke,ENG,FW,0,0,0,1,2024-2025,Tottenham,27,20,1778,19.8,0.47,0.14,0.61,28.13,1.46,2.88,12.98,12.58,5.05,28.13,2.17,0.71,1.65,1.36,3.17,15.91,86.16,34.09,1.36,1.01,0.66,2.63,2.02,19.14,3.79
Carlos Soler,ESP,"MF,FW",0,0,1,1,2024-2025,West Ham,28,12,1143,12.7,0.1,0.09,0.18,49.53,1.34,11.73,25.51,12.68,1.5,49.53,1.34,0.63,3.71,0.63,3.71,23.15,114.57,48.19,0.94,1.1,0.31,0.71,0.94,33.62,1.81
Ramón Sosa,PAR,"FW,MF",0,0,1,1,2024-2025,Nott'ham Forest,25,1,246,2.7,0.34,0.15,0.5,47.41,1.48,10.74,13.7,24.44,4.07,47.41,4.07,2.96,26.93,1.11,10.11,23.33,200.37,111.48,4.07,2.22,1.48,1.85,1.85,25.19,5.19
Tomáš Souček,CZE,MF,0,0,1,0,2024-2025,West Ham,30,24,2097,23.3,0.22,0.04,0.26,44.72,4.42,12.27,21.93,10.69,3.86,44.72,0.47,0.26,2.34,0.21,1.95,17.08,51.42,18.54,0.26,0.43,0.13,0.69,0.39,26.95,2.45
Boubakary Soumaré,FRA,MF,0,0,1,0,2024-2025,Leicester City,26,19,1638,18.2,0.01,0.02,0.03,60.22,2.75,16.1,37.53,7.25,0.77,60.22,2.2,1.43,3.57,0.55,1.37,35.44,167.69,89.73,1.59,0.71,0.11,0.99,1.1,41.92,1.1
Djed Spence,ENG,DF,0,1,0,0,2024-2025,Tottenham,24,11,1064,11.8,0.02,0.13,0.15,76.78,4.24,26.1,35.25,16.61,1.36,76.78,4.15,2.2,4.5,1.53,3.11,45.0,268.22,147.8,3.05,2.71,0.51,1.61,1.69,48.39,4.07
Jay Stansfield,ENG,MF,0,0,1,0,2024-2025,Fulham,22,0,1,0.0,0.0,0.0,0.0,,,,,,,,,,,,,,,,,,,,,,
Jason Steele,ENG,GK,1,0,0,0,2024-2025,Brighton,34,2,180,2.0,0.0,0.0,0.0,57.0,53.5,57.0,0.0,0.0,0.0,57.0,0.0,0.0,,0.0,,45.5,180.5,75.5,0.0,0.0,0.0,0.0,0.0,41.5,0.0
Jack Stephens,ENG,DF,0,1,0,0,2024-2025,Southampton,31,11,894,9.9,0.03,0.01,0.04,75.56,7.58,31.01,37.27,7.68,0.61,75.56,0.3,0.0,0.0,0.3,10.1,41.82,194.65,94.14,1.11,0.91,0.0,0.1,0.1,54.85,0.1
Raheem Sterling,ENG,"FW,MF",0,0,1,1,2024-2025,Arsenal,30,4,310,3.4,0.3,0.08,0.38,54.71,0.29,0.88,11.18,43.24,8.82,54.71,5.29,2.35,13.06,1.47,8.18,40.59,276.47,152.65,5.29,2.35,4.12,2.35,3.53,42.65,16.76
Ross Stewart,SCO,"FW,MF",0,0,1,1,2024-2025,Southampton,28,1,132,1.5,0.08,0.0,0.08,40.67,3.33,8.67,20.0,12.0,1.33,40.67,1.33,0.67,33.33,0.67,33.33,22.67,96.0,36.0,0.67,0.0,0.0,0.67,3.33,30.67,3.33
Jakub Stolarczyk,POL,GK,1,0,0,0,2024-2025,Leicester City,24,6,540,6.0,0.0,0.0,0.0,40.17,29.83,39.33,1.0,0.0,0.0,40.17,0.0,0.0,,0.0,,21.67,98.67,66.0,0.0,0.0,0.0,0.17,0.0,21.83,0.0
John Stones,ENG,"DF,MF",0,1,1,0,2024-2025,Manchester City,30,6,548,6.1,0.07,0.01,0.08,72.46,6.56,23.28,38.36,11.15,0.66,72.46,0.33,0.33,16.39,0.0,0.0,47.87,351.8,193.93,1.64,2.3,0.0,0.33,0.0,54.59,0.33
Jørgen Strand Larsen,NOR,FW,0,0,0,1,2024-2025,Wolves,25,25,2156,24.0,0.28,0.09,0.37,24.42,1.25,3.25,11.58,9.62,3.38,24.42,0.58,0.25,1.79,0.33,2.38,11.04,39.04,15.96,0.5,0.46,0.29,2.92,1.12,17.58,3.38
Yukinari Sugawara,JPN,"DF,MF",0,1,1,0,2024-2025,Southampton,24,15,1441,16.0,0.03,0.14,0.17,62.5,3.81,19.06,24.38,19.38,1.69,62.5,1.25,0.56,2.81,0.62,3.12,33.44,154.19,83.06,1.94,0.94,0.44,1.0,0.25,42.06,4.56
Kamaldeen Sulemana,GHA,"FW,MF",0,0,1,1,2024-2025,Southampton,23,9,822,9.1,0.09,0.04,0.13,39.45,0.99,4.51,15.05,21.1,3.85,39.45,7.14,2.75,4.23,3.74,5.75,25.71,217.58,107.36,4.07,2.86,1.65,3.41,1.87,28.24,6.37
Crysencio Summerville,NED,"FW,MF",0,0,1,1,2024-2025,West Ham,23,7,786,8.7,0.19,0.19,0.38,42.76,1.03,5.4,16.9,20.8,4.37,42.76,4.48,1.49,3.83,2.07,5.31,23.79,168.16,87.59,3.33,1.72,1.49,2.3,1.84,29.77,8.16
Sammie Szmodics,IRL,"FW,MF",0,0,1,1,2024-2025,Ipswich Town,29,13,979,10.9,0.31,0.02,0.33,28.35,1.56,7.34,10.92,10.64,3.03,28.35,1.1,0.37,3.06,0.55,4.59,15.96,90.73,36.61,1.47,0.73,0.64,2.2,1.56,17.34,4.22
Dominik Szoboszlai,HUN,MF,0,0,1,0,2024-2025,Liverpool,24,23,2043,22.7,0.3,0.22,0.52,58.15,0.93,7.44,28.24,23.26,3.83,58.15,1.5,0.84,2.46,0.57,1.68,30.48,157.22,87.4,2.78,1.94,0.75,1.41,0.84,39.96,5.07
Matt Targett,ENG,DF,0,1,0,0,2024-2025,Newcastle Utd,29,0,12,0.1,0.0,0.0,0.0,80.0,0.0,10.0,40.0,30.0,0.0,80.0,0.0,0.0,,0.0,,20.0,50.0,10.0,0.0,0.0,0.0,0.0,0.0,50.0,0.0
James Tarkowski,ENG,DF,0,1,0,0,2024-2025,Everton,32,30,2691,29.9,0.04,0.07,0.11,52.88,11.27,30.43,19.53,3.21,1.64,52.88,0.23,0.17,2.39,0.07,0.96,22.61,109.57,57.79,0.27,0.33,0.0,0.4,0.23,28.76,0.1
Marcus Tavernier,ENG,"FW,MF",0,0,1,1,2024-2025,Bournemouth,26,16,1505,16.7,0.31,0.17,0.48,54.19,1.02,5.99,20.66,28.74,2.81,54.19,2.81,1.2,2.55,1.44,3.06,30.54,182.46,85.93,2.16,1.98,0.42,2.16,2.46,34.19,6.05
Charlie Taylor,ENG,DF,0,1,0,0,2024-2025,Southampton,31,2,266,3.0,0.0,0.03,0.03,73.0,7.0,31.0,30.33,12.0,0.33,73.0,0.67,0.67,33.33,0.0,0.0,30.33,128.67,51.67,1.0,1.0,0.0,0.33,0.33,44.33,2.0
Jack Taylor,IRL,MF,0,0,1,0,2024-2025,Ipswich Town,26,1,514,5.7,0.1,0.1,0.2,64.21,3.51,17.37,35.44,12.63,0.88,64.21,0.88,0.35,7.02,0.35,7.02,32.81,194.74,110.0,1.58,1.4,0.18,0.7,0.88,42.46,2.63
Mathys Tel,FRA,FW,0,0,0,1,2024-2025,Tottenham,19,4,305,3.4,0.23,0.03,0.26,30.59,0.0,3.82,10.88,16.76,4.12,30.59,4.71,0.88,5.53,3.24,20.24,22.06,141.18,60.29,1.76,2.06,0.29,2.06,1.47,20.59,4.41
Kenny Tete,NED,DF,0,1,0,0,2024-2025,Fulham,29,15,1262,14.0,0.07,0.05,0.13,62.79,3.43,19.36,27.29,16.57,1.86,62.79,1.14,0.5,3.13,0.29,1.79,32.79,163.36,79.57,2.36,1.21,0.5,1.14,0.71,36.5,2.79
Thiago,BRA,FW,0,0,0,1,2024-2025,Brentford,23,1,132,1.5,0.07,0.05,0.11,37.33,4.0,7.33,15.33,15.33,1.33,37.33,2.0,1.33,44.47,0.67,22.2,22.67,79.33,28.0,2.0,1.33,0.67,3.33,0.67,23.33,2.67
Luke Thomas,ENG,DF,0,1,0,0,2024-2025,Leicester City,23,5,453,5.0,0.01,0.01,0.02,64.6,5.2,27.2,29.4,8.4,0.8,64.6,0.8,0.2,5.0,0.6,15.0,29.4,108.2,48.6,0.4,0.4,0.2,1.0,0.0,35.4,1.6
Youri Tielemans,BEL,MF,0,0,1,0,2024-2025,Aston Villa,27,30,2555,28.4,0.09,0.2,0.29,70.77,2.99,14.58,40.32,16.62,1.13,70.74,1.9,1.02,1.89,0.6,1.11,37.92,163.27,73.2,1.06,0.81,0.28,1.02,0.88,49.68,1.23
Kieran Tierney,SCO,"DF,FW",0,1,0,1,2024-2025,Arsenal,27,0,81,0.9,0.23,0.54,0.77,46.67,1.11,6.67,16.67,23.33,3.33,46.67,1.11,0.0,0.0,1.11,111.11,17.78,88.89,54.44,2.22,1.11,1.11,1.11,0.0,33.33,8.89
Jurriën Timber,NED,DF,0,1,0,0,2024-2025,Arsenal,23,26,2275,25.3,0.04,0.03,0.07,61.07,1.98,10.99,31.23,19.13,2.53,61.07,2.02,0.91,1.78,0.91,1.78,32.53,141.78,74.78,2.09,1.03,0.43,1.26,0.91,37.98,4.03
Jean-Clair Todibo,FRA,DF,0,1,0,0,2024-2025,West Ham,25,12,1145,12.7,0.01,0.0,0.01,62.99,9.21,34.88,26.14,2.52,0.71,62.99,1.02,0.55,4.24,0.47,3.64,36.46,162.91,84.41,0.47,0.39,0.0,0.47,0.55,42.28,0.31
Harry Toffolo,ENG,DF,0,1,0,0,2024-2025,Nott'ham Forest,29,0,47,0.5,0.03,0.0,0.03,88.0,6.0,26.0,20.0,42.0,4.0,88.0,0.0,0.0,,0.0,,20.0,42.0,22.0,0.0,0.0,0.0,0.0,0.0,36.0,8.0
Takehiro Tomiyasu,JPN,DF,0,1,0,0,2024-2025,Arsenal,26,0,7,0.1,2.37,0.0,2.37,70.0,10.0,40.0,10.0,20.0,10.0,70.0,0.0,0.0,,0.0,,10.0,70.0,50.0,0.0,0.0,0.0,0.0,0.0,20.0,0.0
Sandro Tonali,ITA,MF,0,0,1,0,2024-2025,Newcastle Utd,24,19,1820,20.2,0.16,0.03,0.19,59.7,2.23,14.01,33.47,13.27,1.53,59.7,1.34,0.79,2.94,0.4,1.47,33.07,179.01,75.89,1.44,1.39,0.2,1.04,1.14,41.44,1.88
Pau Torres,ESP,DF,0,1,0,0,2024-2025,Aston Villa,28,19,1639,18.2,0.03,0.0,0.03,68.02,10.33,32.31,31.92,4.12,0.71,68.02,0.88,0.77,4.81,0.11,0.69,42.31,279.18,183.3,1.7,1.04,0.0,0.16,0.16,48.46,0.22
Conor Townsend,ENG,DF,0,1,0,0,2024-2025,Ipswich Town,32,2,226,2.5,0.0,0.27,0.27,48.8,7.6,25.2,15.2,9.2,0.8,48.8,0.0,0.0,,0.0,,16.0,71.6,33.6,0.8,0.8,0.0,0.8,0.8,22.4,2.4
Adama Traoré,ESP,"FW,MF",0,0,1,1,2024-2025,Fulham,29,16,1473,16.4,0.23,0.25,0.48,40.98,0.12,4.15,14.76,23.29,5.0,40.98,5.0,2.44,2.98,1.95,2.38,27.93,232.2,127.74,4.88,2.32,1.95,1.77,1.1,31.52,8.23
Boubacar Traoré,MLI,MF,0,0,1,0,2024-2025,Wolves,23,0,1,0.0,0.0,0.0,0.0,inf,,inf,inf,,,inf,,,,,,,,,,,,,,,
Mark Travers,IRL,GK,1,0,0,0,2024-2025,Bournemouth,25,5,450,5.0,0.0,0.0,0.0,32.4,28.8,31.8,0.6,0.0,0.0,32.4,0.0,0.0,,0.0,,17.0,85.2,37.6,0.0,0.0,0.0,0.0,0.0,13.6,0.0
Ryan Trevitt,ENG,MF,0,0,1,0,2024-2025,Brentford,22,0,4,0.0,0.0,0.0,0.0,inf,inf,inf,inf,inf,,inf,,,,,,inf,inf,inf,,,,,,inf,inf
Kieran Trippier,ENG,DF,0,1,0,0,2024-2025,Newcastle Utd,34,8,786,8.7,0.01,0.07,0.07,95.4,3.56,29.54,40.57,25.98,0.92,95.4,0.34,0.23,7.67,0.11,3.83,43.91,163.22,90.46,1.84,0.69,0.34,0.69,0.46,59.08,3.45
Leandro Trossard,BEL,FW,0,0,0,1,2024-2025,Arsenal,30,21,1911,21.2,0.24,0.24,0.48,44.34,0.61,5.05,13.4,26.6,5.14,44.34,3.07,1.27,1.96,1.37,2.1,28.02,174.25,78.02,3.02,1.93,1.04,1.98,1.7,32.64,8.16
Kostas Tsimikas,GRE,DF,0,1,0,0,2024-2025,Liverpool,28,5,517,5.7,0.02,0.18,0.2,85.44,4.04,21.23,38.6,25.96,1.4,85.44,0.7,0.53,13.16,0.18,4.39,40.53,177.54,100.0,2.28,0.88,0.35,0.7,0.35,53.68,4.39
Axel Tuanzebe,COD,DF,0,1,0,0,2024-2025,Ipswich Town,27,14,1185,13.2,0.02,0.02,0.04,50.91,4.62,21.74,22.35,7.27,0.45,50.91,0.61,0.3,3.79,0.3,3.79,22.2,95.53,43.64,0.53,0.45,0.08,0.68,0.08,27.12,0.53
Destiny Udogie,ITA,DF,0,1,0,0,2024-2025,Tottenham,22,21,1654,18.4,0.02,0.07,0.09,66.96,2.77,17.99,29.73,19.84,2.45,66.96,1.52,0.6,2.14,0.76,2.72,37.07,206.03,110.76,2.55,2.01,0.6,1.58,1.03,40.38,4.67
Manuel Ugarte Ribeiro,URU,MF,0,0,1,0,2024-2025,Manchester Utd,23,17,1372,15.2,0.03,0.04,0.07,57.76,2.3,16.64,32.37,9.67,0.79,57.76,1.58,0.72,3.01,0.59,2.47,32.57,133.62,56.64,0.59,0.59,0.07,1.64,1.18,35.07,0.99
Lesley Ugochukwu,FRA,MF,0,0,1,0,2024-2025,Southampton,21,11,1095,12.2,0.03,0.08,0.11,50.16,2.38,10.57,29.75,10.33,1.31,50.16,1.8,1.31,5.96,0.41,1.86,27.3,148.52,70.0,1.72,0.9,0.41,0.57,0.66,34.18,1.39
Enes Ünal,TUR,"FW,MF",0,0,1,1,2024-2025,Bournemouth,27,2,345,3.8,0.72,0.1,0.82,45.26,1.58,3.68,16.58,25.0,6.84,45.26,3.16,0.26,2.18,2.63,21.92,23.95,68.68,25.0,1.05,0.79,0.26,4.47,3.42,35.0,5.79
Virgil van Dijk,NED,DF,0,1,0,0,2024-2025,Liverpool,33,30,2700,30.0,0.05,0.02,0.07,88.17,12.03,35.03,48.97,4.43,1.23,88.17,0.17,0.1,2.0,0.07,1.33,49.87,241.23,133.43,0.53,0.6,0.07,0.17,0.07,60.6,0.17
Jamie Vardy,ENG,FW,0,0,0,1,2024-2025,Leicester City,38,28,2271,25.2,0.37,0.11,0.48,18.89,0.95,1.9,8.41,8.77,3.81,18.85,0.79,0.36,1.79,0.4,1.98,9.01,47.98,23.73,1.03,0.44,0.56,1.15,0.44,12.22,3.77
Renato Veiga,POR,"DF,MF",0,1,1,0,2024-2025,Chelsea,21,1,181,2.0,0.07,0.0,0.07,83.5,1.0,30.5,41.0,13.5,1.5,83.5,2.5,1.5,30.0,1.0,20.0,42.5,208.5,72.0,2.0,2.5,0.5,0.5,0.0,55.0,1.5
Joël Veltman,NED,DF,0,1,0,0,2024-2025,Brighton,33,19,1643,18.3,0.03,0.03,0.05,59.95,3.5,17.87,29.51,13.11,0.55,59.95,0.82,0.22,1.46,0.27,1.82,28.63,151.91,77.27,1.58,1.2,0.16,1.04,0.38,32.68,1.75
Micky van de Ven,NED,DF,0,1,0,0,2024-2025,Tottenham,23,9,818,9.1,0.04,0.13,0.17,81.54,9.34,42.42,36.59,3.52,0.88,81.54,0.77,0.44,6.27,0.33,4.71,57.69,271.98,130.44,0.88,1.1,0.11,0.44,0.44,59.45,0.11
Bart Verbruggen,NED,GK,1,0,0,0,2024-2025,Brighton,22,28,2520,28.0,0.0,0.0,0.0,39.36,32.04,38.93,0.39,0.04,0.0,39.36,0.07,0.07,3.57,0.0,0.0,26.04,95.36,47.43,0.0,0.04,0.04,0.07,0.0,25.25,0.0
Jannik Vestergaard,DEN,DF,0,1,0,0,2024-2025,Leicester City,32,16,1391,15.5,0.01,0.01,0.01,70.45,12.65,36.9,32.06,1.81,0.65,70.45,0.26,0.26,6.45,0.0,0.0,43.35,189.16,94.06,0.19,0.19,0.0,0.13,0.0,48.84,0.13
Guglielmo Vicario,ITA,GK,1,0,0,0,2024-2025,Tottenham,28,17,1530,17.0,0.0,0.0,0.0,38.59,25.59,37.88,0.71,0.0,0.0,38.59,0.06,0.06,5.88,0.0,0.0,28.0,129.29,71.76,0.0,0.0,0.0,0.0,0.0,25.12,0.0
Carlos Vinícius,BRA,MF,0,0,1,0,2024-2025,Fulham,30,0,4,0.0,0.83,0.0,0.83,inf,,,inf,inf,inf,inf,inf,inf,inf,,,inf,inf,inf,inf,,inf,,,inf,inf
Kyle Walker,ENG,DF,0,1,0,0,2024-2025,Manchester City,34,9,970,10.8,0.01,0.04,0.05,82.59,2.41,18.24,43.8,21.11,0.46,82.59,0.56,0.28,4.63,0.19,3.08,46.2,211.48,102.41,1.11,1.2,0.0,0.83,0.19,58.33,1.02
Kyle Walker-Peters,ENG,DF,0,1,0,0,2024-2025,Southampton,27,28,2468,27.4,0.02,0.09,0.11,63.32,4.67,19.12,27.77,16.9,1.9,63.32,2.7,1.09,1.48,1.24,1.68,39.01,249.38,137.77,3.72,2.26,0.8,0.91,1.24,44.56,4.42
Christian Walton,ENG,GK,1,0,0,0,2024-2025,Ipswich Town,29,6,540,6.0,0.0,0.0,0.0,40.33,37.33,40.17,0.17,0.0,0.0,40.33,0.0,0.0,,0.0,,20.33,95.33,50.83,0.0,0.0,0.0,0.0,0.0,19.5,0.0
Aaron Wan-Bissaka,ENG,DF,0,1,0,0,2024-2025,West Ham,27,28,2524,28.0,0.04,0.09,0.12,63.18,4.36,19.82,27.21,17.14,1.29,63.18,3.25,1.68,1.84,1.18,1.3,29.39,190.43,107.93,3.21,1.86,0.39,0.96,0.64,36.64,4.39
Danny Ward,WAL,GK,1,0,0,0,2024-2025,Leicester City,31,1,135,1.5,0.0,0.0,0.0,36.67,26.67,36.67,0.0,0.0,0.0,36.67,0.67,0.0,0.0,0.67,66.67,29.33,117.33,71.33,0.0,0.0,0.0,0.0,0.0,23.33,0.0
James Ward-Prowse,ENG,MF,0,0,1,0,2024-2025,West Ham,30,5,492,5.5,0.07,0.07,0.14,72.36,2.91,16.0,43.09,13.27,0.36,72.36,0.0,0.0,,0.0,,32.0,138.91,55.82,0.73,1.09,0.0,0.18,0.55,49.64,0.36
James Ward-Prowse,ENG,MF,0,0,1,0,2024-2025,Nott'ham Forest,30,5,400,4.4,0.01,0.25,0.26,46.59,2.95,11.14,26.14,10.23,0.23,46.59,0.0,0.0,,0.0,,20.91,92.5,38.64,0.23,0.68,0.0,0.68,0.68,26.14,0.68
Ollie Watkins,ENG,FW,0,0,0,1,2024-2025,Aston Villa,29,25,2081,23.1,0.6,0.11,0.71,24.5,0.74,1.86,8.83,14.2,6.15,24.42,1.56,0.35,0.96,1.08,3.0,14.46,78.96,41.0,1.99,0.82,1.39,1.86,1.82,19.26,5.58
Adam Webster,ENG,DF,0,1,0,0,2024-2025,Brighton,30,8,617,6.9,0.0,0.07,0.08,82.46,12.17,40.43,39.28,3.19,1.16,82.46,0.43,0.14,4.83,0.29,9.67,47.25,279.28,165.51,1.01,0.29,0.0,0.43,0.14,55.65,0.29
Danny Welbeck,ENG,FW,0,0,0,1,2024-2025,Brighton,34,17,1506,16.7,0.4,0.06,0.46,30.84,0.6,2.46,14.01,14.61,4.19,30.84,1.68,0.6,2.14,0.9,3.21,17.9,84.61,35.87,1.02,1.08,0.36,2.04,1.26,22.75,3.59
Welington,BRA,"DF,MF",0,1,1,0,2024-2025,Southampton,24,3,182,2.0,0.0,0.02,0.02,55.5,5.5,21.5,18.0,17.5,1.0,55.5,2.0,1.5,37.5,0.0,0.0,18.5,77.5,43.5,1.0,1.5,0.5,2.5,0.0,22.0,4.5
Timo Werner,GER,"FW,MF",0,0,1,1,2024-2025,Tottenham,29,4,516,5.7,0.17,0.44,0.61,52.28,1.4,4.21,13.68,35.61,5.79,52.28,3.33,1.75,9.23,1.4,7.39,37.72,310.18,186.32,7.37,4.21,3.16,2.46,1.05,39.82,15.61
Adam Wharton,ENG,MF,0,0,1,0,2024-2025,Crystal Palace,20,11,928,10.3,0.03,0.19,0.22,63.88,1.84,13.98,34.47,15.73,0.68,63.88,0.78,0.1,1.21,0.68,8.5,31.75,146.7,74.56,0.97,1.46,0.19,0.97,1.07,39.71,0.97
Ben White,ENG,DF,0,1,0,0,2024-2025,Arsenal,27,7,706,7.8,0.02,0.06,0.08,56.03,4.87,17.82,25.26,13.21,1.15,56.03,0.26,0.0,0.0,0.13,6.41,25.9,93.72,46.54,0.64,1.03,0.13,0.9,0.38,33.33,2.31
Mats Wieffer,NED,MF,0,0,1,0,2024-2025,Brighton,25,4,513,5.7,0.08,0.11,0.19,83.68,4.56,20.0,49.47,15.44,1.58,83.68,1.58,0.7,7.79,0.88,9.75,45.79,197.89,79.65,0.88,1.05,0.0,1.75,1.23,54.21,1.58
Neco Williams,WAL,DF,0,1,0,0,2024-2025,Nott'ham Forest,23,20,1874,20.8,0.09,0.05,0.14,52.07,5.62,19.04,18.27,15.43,1.54,52.07,1.78,0.67,1.82,0.82,2.21,21.06,129.09,69.42,2.21,1.06,0.62,0.82,0.58,24.04,3.27
Willian,BRA,"MF,FW",0,0,1,1,2024-2025,Fulham,36,1,155,1.7,0.07,0.13,0.2,78.82,0.59,9.41,29.41,42.35,2.35,78.82,2.35,0.0,0.0,1.76,44.12,50.0,342.94,184.71,2.94,2.35,1.18,1.76,0.59,61.76,8.82
Joe Willock,ENG,"MF,FW",0,0,1,1,2024-2025,Newcastle Utd,25,9,843,9.4,0.1,0.17,0.27,43.4,1.06,6.49,17.98,19.68,3.83,43.4,3.3,1.17,3.78,1.49,4.81,27.13,184.04,85.21,3.19,2.34,1.17,3.3,2.34,30.43,7.23
Callum Wilson,ENG,FW,0,0,0,1,2024-2025,Newcastle Utd,33,1,188,2.1,0.16,0.03,0.19,25.71,0.48,1.9,15.71,9.52,5.24,25.71,2.38,0.48,9.52,0.95,19.05,12.86,83.81,40.95,1.9,1.43,1.9,1.9,2.86,13.81,2.38
Harry Wilson,WAL,"FW,MF",0,0,1,1,2024-2025,Fulham,28,8,839,9.3,0.35,0.11,0.45,46.88,0.75,6.24,17.2,24.3,4.73,46.88,2.47,0.97,4.2,0.97,4.2,28.28,147.96,65.59,1.72,1.83,0.86,1.4,0.43,31.72,7.63
Harry Winks,ENG,MF,0,0,1,0,2024-2025,Leicester City,29,17,1538,17.1,0.01,0.07,0.09,67.72,2.87,16.08,43.63,8.83,0.06,67.72,0.7,0.18,1.46,0.47,3.9,40.7,191.11,89.01,1.11,0.76,0.0,0.76,0.47,48.36,0.64
Ben Winterburn,ENG,MF,0,0,1,0,2024-2025,Bournemouth,20,0,10,0.1,0.0,0.0,0.0,20.0,0.0,0.0,10.0,10.0,0.0,20.0,0.0,0.0,,0.0,,10.0,10.0,0.0,0.0,0.0,0.0,0.0,0.0,10.0,0.0
Yoane Wissa,COD,FW,0,0,0,1,2024-2025,Brentford,28,26,2200,24.4,0.56,0.07,0.63,29.55,1.07,4.43,12.21,13.44,4.92,29.55,1.48,0.49,1.36,0.7,1.93,17.75,106.68,49.1,1.8,0.7,0.98,2.25,0.98,21.35,4.92
Chris Wood,NZL,FW,0,0,0,1,2024-2025,Nott'ham Forest,33,28,2344,26.0,0.42,0.07,0.5,23.27,1.15,2.69,11.12,9.54,3.0,23.15,0.38,0.15,1.54,0.19,1.92,11.65,41.65,16.31,0.5,0.35,0.19,2.38,0.81,17.38,2.77
Nathan Wood-Gordon,ENG,DF,0,1,0,0,2024-2025,Southampton,22,7,624,6.9,0.03,0.0,0.04,66.23,7.83,31.74,30.72,3.91,0.29,66.23,0.72,0.43,8.7,0.14,2.9,36.67,166.67,65.8,0.29,0.87,0.0,0.58,0.14,49.13,0.0
Luke Woolfenden,ENG,DF,0,1,0,0,2024-2025,Ipswich Town,26,10,1007,11.2,0.0,0.0,0.0,54.29,11.25,30.8,22.68,0.8,0.27,54.29,0.0,0.0,,0.0,,29.55,169.64,99.2,0.62,0.27,0.0,0.36,0.0,34.73,0.0
Yehor Yarmoliuk,UKR,MF,0,0,1,0,2024-2025,Brentford,21,8,877,9.7,0.06,0.03,0.09,63.71,4.33,17.42,31.96,15.77,1.44,63.71,2.06,0.93,4.64,0.93,4.64,31.96,179.07,58.04,1.24,1.44,0.21,1.96,1.44,38.25,4.02
Ryan Yates,ENG,MF,0,0,1,0,2024-2025,Nott'ham Forest,27,16,1636,18.2,0.12,0.06,0.18,48.19,3.68,12.53,23.3,12.86,2.03,48.19,0.93,0.49,2.91,0.27,1.62,19.73,95.93,42.64,0.88,0.99,0.05,1.15,0.99,25.11,0.66
Leny Yoro,FRA,DF,0,1,0,0,2024-2025,Manchester Utd,19,8,787,8.7,0.08,0.0,0.08,69.77,5.52,30.92,33.79,5.29,1.15,69.77,0.11,0.11,11.49,0.0,0.0,48.62,243.1,130.46,1.49,1.03,0.11,0.11,0.0,52.18,0.57
Ashley Young,ENG,"DF,FW",0,1,0,1,2024-2025,Everton,39,17,1570,17.4,0.02,0.09,0.11,57.93,2.76,17.7,24.66,15.86,0.52,57.93,0.8,0.29,2.05,0.4,2.87,22.82,117.59,67.53,1.09,1.38,0.06,0.34,0.06,29.48,1.44
Illia Zabarnyi,UKR,DF,0,1,0,0,2024-2025,Bournemouth,22,28,2450,27.2,0.03,0.02,0.05,59.19,7.06,28.24,29.78,1.88,0.37,59.19,0.29,0.18,2.3,0.07,0.92,36.43,228.82,134.49,0.66,0.51,0.0,0.51,0.11,36.54,0.11
Oleksandr Zinchenko,UKR,"DF,MF",0,1,1,0,2024-2025,Arsenal,28,2,299,3.3,0.05,0.01,0.05,79.7,3.03,17.27,43.64,19.09,4.24,79.7,0.61,0.3,15.15,0.0,0.0,43.64,233.64,100.3,2.12,0.91,0.61,0.61,0.61,51.21,2.12
Joshua Zirkzee,NED,"FW,MF",0,0,1,1,2024-2025,Manchester Utd,23,13,1328,14.8,0.3,0.1,0.41,37.5,1.08,4.59,19.39,13.85,3.45,37.5,2.23,0.61,1.84,1.62,4.91,20.95,92.36,30.81,0.81,1.35,0.27,2.7,1.96,26.89,4.59
Martin Ødegaard,NOR,MF,0,0,1,0,2024-2025,Arsenal,26,21,1816,20.2,0.2,0.2,0.4,63.56,0.3,4.36,26.49,33.42,4.11,63.51,2.33,0.99,2.11,1.29,2.74,43.17,263.51,132.03,3.17,2.72,0.89,1.29,1.78,50.25,6.14
Max Aarons,ENG,DF,0,1,0,0,2023-2024,Bournemouth,23,13,1237,13.7,0.0,0.06,0.06,51.9,3.14,18.39,22.12,12.04,0.8,51.9,2.48,1.02,3.01,0.88,2.58,26.57,158.69,81.82,1.61,0.88,0.51,0.95,0.58,27.08,1.9
Joshua Acheampong,ENG,DF,0,1,0,0,2023-2024,Chelsea,17,0,6,0.1,0.0,0.0,0.0,60.0,50.0,50.0,0.0,10.0,0.0,60.0,0.0,0.0,,0.0,,10.0,180.0,120.0,0.0,0.0,0.0,0.0,0.0,0.0,0.0
Tyler Adams,USA,MF,0,0,1,0,2023-2024,Bournemouth,24,1,121,1.3,0.0,0.06,0.06,70.0,2.31,17.69,41.54,10.77,3.08,70.0,2.31,1.54,51.31,0.0,0.0,33.85,148.46,89.23,3.08,0.77,1.54,2.31,0.0,40.0,0.77
Tosin Adarabioyo,ENG,DF,0,1,0,0,2023-2024,Fulham,25,18,1617,18.0,0.04,0.01,0.05,77.22,10.06,39.61,35.06,2.67,1.61,77.22,0.17,0.06,1.85,0.0,0.0,45.39,253.33,147.83,0.56,0.67,0.06,0.22,0.22,56.06,0.28
Elijah Adebayo,ENG,FW,0,0,0,1,2023-2024,Luton Town,25,16,1419,15.8,0.37,0.04,0.42,29.24,1.71,3.29,10.89,15.38,5.19,29.24,4.24,1.14,1.7,2.91,4.35,16.77,95.95,26.9,1.01,0.95,0.82,3.92,2.15,21.33,6.96
Simon Adingra,CIV,FW,0,0,0,1,2023-2024,Brighton,21,25,2222,24.7,0.17,0.15,0.32,46.92,1.46,7.57,14.74,25.38,6.19,46.92,4.98,2.02,1.65,2.59,2.11,31.3,204.98,121.3,4.49,1.94,2.55,1.94,1.13,32.19,11.26
Nayef Aguerd,MAR,DF,0,1,0,0,2023-2024,West Ham,27,21,1857,20.6,0.07,0.01,0.09,66.65,9.08,34.42,30.0,2.43,1.02,66.65,0.24,0.15,2.91,0.1,1.94,41.8,204.42,115.92,0.49,0.39,0.0,0.49,0.1,44.27,0.15
Brandon Aguilera,CRC,FW,0,0,0,1,2023-2024,Nott'ham Forest,20,0,5,0.1,0.0,0.0,0.0,110.0,10.0,30.0,40.0,40.0,0.0,110.0,0.0,0.0,,0.0,,40.0,160.0,120.0,0.0,10.0,0.0,0.0,0.0,60.0,10.0
Naouirou Ahamada,FRA,"MF,FW",0,0,1,1,2023-2024,Crystal Palace,21,0,349,3.9,0.13,0.01,0.13,61.54,1.54,11.79,31.54,19.23,2.05,61.54,3.33,1.79,13.79,1.28,9.87,38.46,261.03,124.62,4.87,2.05,1.03,2.05,2.82,43.33,5.13
Anel Ahmedhodžić,BIH,DF,0,1,0,0,2023-2024,Sheffield Utd,24,29,2649,29.4,0.11,0.03,0.14,45.44,7.79,25.03,17.24,3.54,1.12,45.44,0.71,0.37,1.78,0.31,1.46,20.61,119.97,66.43,0.51,0.51,0.1,0.48,0.37,23.71,0.71
Ola Aina,NGA,DF,0,1,0,0,2023-2024,Nott'ham Forest,26,20,1692,18.8,0.01,0.05,0.06,54.26,3.3,18.09,24.68,12.07,0.69,54.26,2.39,1.44,3.19,0.74,1.65,26.28,166.81,97.23,2.77,1.49,0.59,1.28,0.53,28.67,1.97
Rayan Aït-Nouri,ALG,"DF,MF",0,1,1,0,2023-2024,Wolves,22,29,2329,25.9,0.13,0.09,0.22,58.8,2.16,15.68,26.99,17.22,1.89,58.8,4.44,2.39,2.08,1.51,1.31,33.51,189.11,94.02,2.59,1.85,0.31,1.97,2.16,38.88,3.82
Kristoffer Ajer,NOR,DF,0,1,0,0,2023-2024,Brentford,25,21,1832,20.4,0.06,0.11,0.18,51.08,5.49,21.08,22.4,7.75,2.84,51.08,0.59,0.49,4.08,0.1,0.82,22.75,116.03,70.34,1.08,0.54,0.25,0.78,0.29,27.6,1.52
Manuel Akanji,SUI,"DF,MF",0,1,1,0,2023-2024,Manchester City,28,28,2511,27.9,0.07,0.02,0.09,91.18,5.84,27.92,49.64,14.05,0.97,91.18,0.14,0.07,1.79,0.07,1.79,58.75,296.85,176.45,1.65,1.83,0.11,0.5,0.32,71.08,1.29
Nathan Aké,NED,DF,0,1,0,0,2023-2024,Manchester City,28,24,2042,22.7,0.11,0.05,0.16,89.25,4.63,27.93,49.16,12.38,1.67,89.25,0.44,0.22,2.2,0.13,1.32,56.39,266.04,154.23,1.06,1.89,0.04,0.35,0.09,66.39,0.79
Thiago Alcántara,ESP,MF,0,0,1,0,2023-2024,Liverpool,32,0,6,0.1,0.0,0.0,0.0,100.0,0.0,40.0,50.0,10.0,0.0,100.0,0.0,0.0,,0.0,,90.0,330.0,150.0,0.0,0.0,0.0,0.0,0.0,90.0,0.0
Trent Alexander-Arnold,ENG,DF,0,1,0,0,2023-2024,Liverpool,24,25,2155,23.9,0.11,0.3,0.41,96.07,3.14,21.88,50.92,24.35,1.42,96.07,2.18,1.17,2.25,0.88,1.69,52.3,238.54,113.97,1.88,2.01,0.29,1.13,0.25,62.43,4.06
Alisson,BRA,GK,1,0,0,0,2023-2024,Liverpool,30,28,2520,28.0,0.0,0.0,0.0,42.71,26.93,40.89,1.86,0.0,0.0,42.71,0.0,0.0,,0.0,,30.36,132.61,84.32,0.0,0.0,0.0,0.14,0.0,27.29,0.0
Miguel Almirón,PAR,FW,0,0,0,1,2023-2024,Newcastle Utd,29,23,1937,21.5,0.21,0.12,0.33,47.86,1.16,6.37,20.0,22.09,4.0,47.86,2.42,1.07,2.06,1.02,1.97,30.33,208.74,105.86,3.63,2.0,1.02,1.4,1.26,34.47,7.53
Edson Álvarez,MEX,MF,0,0,1,0,2023-2024,West Ham,25,28,2377,26.4,0.05,0.02,0.07,60.57,5.68,21.4,32.35,7.61,0.61,60.57,1.59,1.02,2.44,0.53,1.26,33.71,194.96,84.36,0.76,1.02,0.04,1.44,1.14,35.91,0.98
Julián Álvarez,ARG,"MF,FW",0,0,1,1,2023-2024,Manchester City,23,31,2647,29.4,0.44,0.22,0.66,52.86,0.68,3.64,16.09,33.61,5.07,52.79,1.43,0.68,1.62,0.75,1.78,31.09,151.67,71.16,2.18,2.01,0.95,1.9,1.22,37.52,6.12
Zeki Amdouni,SUI,FW,0,0,0,1,2023-2024,Burnley,22,27,1953,21.7,0.27,0.07,0.33,36.36,1.11,4.33,17.47,15.53,3.13,36.31,4.06,1.34,1.52,2.17,2.46,21.57,148.8,76.22,2.9,1.38,0.92,3.09,1.47,23.64,4.29
Sofyan Amrabat,MAR,"MF,DF",0,1,1,0,2023-2024,Manchester Utd,26,10,938,10.4,0.01,0.03,0.04,74.04,4.62,20.96,42.21,11.54,0.1,74.04,0.96,0.58,5.77,0.19,1.92,47.02,227.12,91.06,0.58,0.77,0.0,0.87,1.06,52.4,0.96
Joachim Andersen,DEN,DF,0,1,0,0,2023-2024,Crystal Palace,27,38,3415,37.9,0.04,0.07,0.12,68.84,8.89,34.83,30.61,3.69,1.16,68.84,0.61,0.37,1.61,0.16,0.69,36.07,191.11,111.0,0.55,0.29,0.0,0.29,0.16,42.32,0.26
Elliot Anderson,ENG,"MF,FW",0,0,1,1,2023-2024,Newcastle Utd,20,10,1027,11.4,0.13,0.17,0.3,56.14,2.02,9.56,24.39,23.42,4.04,56.14,3.77,1.84,4.28,1.58,3.68,31.93,199.3,106.4,3.25,2.02,0.35,2.46,1.93,36.49,6.14
Jaidon Anthony,ENG,FW,0,0,0,1,2023-2024,Bournemouth,23,2,152,1.7,0.04,0.0,0.04,40.59,1.18,8.82,15.88,15.88,2.35,40.59,3.53,1.18,19.59,1.76,29.41,21.18,94.12,45.29,1.18,1.18,0.0,2.94,1.18,23.53,5.29
Michail Antonio,JAM,FW,0,0,0,1,2023-2024,West Ham,33,21,1695,18.8,0.31,0.05,0.35,28.03,0.37,2.61,12.02,13.78,3.14,28.03,3.3,1.54,2.49,1.38,2.23,18.35,123.4,57.66,2.55,0.9,1.01,3.67,2.07,21.17,5.53
Antony,BRA,FW,0,0,0,1,2023-2024,Manchester Utd,23,15,1324,14.7,0.23,0.19,0.42,55.44,1.16,7.21,20.68,29.12,3.95,55.44,4.83,1.77,2.49,2.24,3.16,37.35,250.75,132.86,3.61,2.52,1.56,1.77,1.29,38.84,10.14
Oliver Arblaster,ENG,MF,0,0,1,0,2023-2024,Sheffield Utd,19,11,943,10.5,0.0,0.07,0.08,52.86,2.95,12.86,31.9,8.86,0.38,52.86,2.48,1.62,6.23,0.57,2.2,26.76,144.86,62.95,1.33,1.14,0.29,1.24,0.76,30.19,0.38
Cameron Archer,ENG,"FW,MF",0,0,1,1,2023-2024,Sheffield Utd,22,21,1832,20.4,0.27,0.14,0.41,27.6,0.64,3.09,10.05,15.05,3.38,27.6,2.99,1.47,2.41,1.42,2.33,16.96,107.21,48.14,1.62,1.42,1.08,2.99,2.21,18.97,5.59
Cameron Archer,ENG,MF,0,0,1,0,2023-2024,Aston Villa,22,0,6,0.1,0.0,0.0,0.0,70.0,0.0,10.0,40.0,20.0,0.0,70.0,0.0,0.0,,0.0,,50.0,390.0,280.0,10.0,10.0,0.0,10.0,0.0,70.0,0.0
Alphonse Areola,FRA,GK,1,0,0,0,2023-2024,West Ham,30,31,2699,30.0,0.0,0.0,0.0,32.53,27.83,32.3,0.23,0.0,0.0,32.53,0.03,0.03,3.33,0.0,0.0,16.6,105.6,64.83,0.0,0.03,0.0,0.0,0.0,11.5,0.0
Lorenz Assignon,TOG,DF,0,1,0,0,2023-2024,Burnley,23,15,1234,13.7,0.03,0.19,0.22,48.91,3.36,15.33,19.71,15.11,2.19,48.91,2.34,0.95,2.96,1.24,3.88,20.66,135.91,77.59,2.77,1.17,0.88,1.97,0.95,22.12,4.16
Serge Aurier,CIV,"DF,MF",0,1,1,0,2023-2024,Nott'ham Forest,30,10,833,9.3,0.02,0.05,0.07,61.08,4.19,17.74,30.11,13.66,1.4,61.08,1.51,0.32,2.3,1.18,8.45,26.77,111.72,57.2,1.08,1.61,0.11,0.97,0.86,37.31,3.12
Taiwo Awoniyi,NGA,FW,0,0,0,1,2023-2024,Nott'ham Forest,25,12,1042,11.6,0.41,0.15,0.56,25.34,1.21,2.59,13.19,10.17,3.71,25.34,1.38,0.69,4.31,0.6,3.78,14.48,64.48,27.59,0.69,0.52,0.52,3.28,0.95,18.02,3.88
Jordan Ayew,GHA,"FW,MF",0,0,1,1,2023-2024,Crystal Palace,31,30,2543,28.3,0.14,0.15,0.29,47.67,0.85,6.43,20.92,21.13,3.36,47.67,4.59,1.84,1.41,2.01,1.55,29.54,194.66,74.88,2.61,1.94,0.71,3.0,2.83,34.17,6.11
Benoît Badiashile,FRA,DF,0,1,0,0,2023-2024,Chelsea,22,15,1338,14.9,0.02,0.1,0.12,88.66,11.95,44.43,41.07,3.49,0.74,88.66,0.07,0.0,0.0,0.0,0.0,51.34,216.44,116.38,0.2,0.34,0.07,0.4,0.27,65.5,0.2
Leon Bailey,JAM,"MF,FW",0,0,1,1,2023-2024,Aston Villa,25,22,2068,23.0,0.27,0.4,0.67,45.22,0.83,6.57,13.83,25.61,5.61,45.22,5.17,2.48,2.08,2.17,1.83,31.17,223.83,108.48,4.43,2.04,1.78,2.22,1.78,33.22,9.83
Stefan Bajcetic,ESP,MF,0,0,1,0,2023-2024,Liverpool,18,0,26,0.3,0.0,0.0,0.0,40.0,0.0,13.33,26.67,0.0,0.0,40.0,0.0,0.0,,0.0,,30.0,153.33,80.0,0.0,0.0,0.0,0.0,0.0,30.0,0.0
George Baldock,GRE,DF,0,1,0,0,2023-2024,Sheffield Utd,30,11,969,10.8,0.0,0.07,0.08,46.76,6.11,18.52,17.78,10.74,0.83,46.76,1.02,0.56,5.05,0.37,3.37,22.04,91.48,42.87,0.83,0.28,0.37,0.83,0.83,23.89,2.22
Carlos Baleba,CMR,MF,0,0,1,0,2023-2024,Brighton,19,15,1325,14.7,0.06,0.02,0.08,65.65,4.42,17.35,39.46,9.46,0.34,65.65,1.5,0.75,3.4,0.41,1.86,38.84,197.48,96.8,1.29,1.29,0.07,1.09,1.09,45.17,0.61
Fodé Ballo-Touré,SEN,"DF,MF",0,1,1,0,2023-2024,Fulham,26,0,71,0.8,0.0,0.0,0.0,113.75,5.0,43.75,48.75,22.5,1.25,113.75,7.5,3.75,62.5,2.5,41.62,60.0,375.0,203.75,6.25,2.5,1.25,0.0,0.0,62.5,5.0
Shandon Baptiste,GRN,MF,0,0,1,0,2023-2024,Brentford,25,2,229,2.5,0.35,0.08,0.43,52.0,2.8,16.4,22.8,13.6,2.4,52.0,4.4,2.4,21.8,2.0,18.2,25.6,128.8,68.0,1.2,0.4,0.0,3.2,0.0,27.6,0.4
Valentín Barco,ARG,"DF,FW",0,1,0,1,2023-2024,Brighton,19,3,307,3.4,0.05,0.07,0.13,80.59,2.06,21.47,30.0,29.41,1.47,80.59,3.24,1.47,13.38,1.18,10.71,53.24,205.0,107.94,2.35,1.18,0.0,1.47,1.18,55.29,5.88
Ross Barkley,ENG,MF,0,0,1,0,2023-2024,Luton Town,29,30,2618,29.1,0.14,0.13,0.27,61.07,2.51,12.85,34.74,14.78,1.34,61.07,3.57,2.27,2.18,1.17,1.12,34.57,219.69,96.56,1.65,1.68,0.14,0.93,1.92,38.28,1.34
Harvey Barnes,ENG,"FW,MF",0,0,1,1,2023-2024,Newcastle Utd,25,7,802,8.9,0.4,0.36,0.76,40.45,0.56,5.39,13.15,22.47,6.74,40.45,2.81,0.79,3.15,1.57,6.29,29.89,200.22,122.81,5.06,2.36,2.58,1.35,1.8,32.02,8.88
Chris Basham,ENG,"DF,MF",0,1,1,0,2023-2024,Sheffield Utd,35,3,321,3.6,0.04,0.07,0.1,51.39,7.22,23.33,19.17,8.89,1.39,51.39,1.11,0.83,20.83,0.28,6.94,20.0,88.89,45.28,0.28,1.11,0.0,0.56,0.56,24.72,1.67
Calvin Bassey,NGA,DF,0,1,0,0,2023-2024,Fulham,23,25,2303,25.6,0.01,0.0,0.01,74.26,11.91,41.17,32.42,1.45,0.35,74.26,0.55,0.43,3.07,0.08,0.56,46.05,235.82,118.55,0.59,0.43,0.08,0.47,0.31,50.43,0.16
Owen Beck,WAL,DF,0,1,0,0,2023-2024,Liverpool,20,0,8,0.1,0.0,0.0,0.0,80.0,0.0,30.0,40.0,20.0,0.0,80.0,10.0,0.0,0.0,10.0,1000.0,40.0,430.0,10.0,0.0,0.0,0.0,10.0,0.0,40.0,10.0
Donny van de Beek,NED,DF,0,1,0,0,2023-2024,Manchester Utd,26,0,3,0.0,1.09,4.44,5.54,inf,,,inf,inf,inf,inf,,,,,,inf,inf,,,,,inf,,inf,inf
Amari'i Bell,JAM,DF,0,1,0,0,2023-2024,Luton Town,29,21,1720,19.1,0.01,0.02,0.04,56.02,5.29,25.13,25.45,6.13,0.26,56.02,1.41,0.52,1.94,0.79,2.91,30.58,190.58,105.76,1.68,1.31,0.05,0.94,0.26,31.78,0.52
Jean-Ricner Bellegarde,FRA,"MF,FW",0,0,1,1,2023-2024,Wolves,25,10,958,10.6,0.15,0.09,0.24,45.09,2.36,8.11,18.96,18.77,2.83,45.09,3.68,1.6,4.11,1.6,4.11,25.28,174.53,83.02,2.83,2.64,0.47,2.36,1.79,28.49,4.62
Anis Ben Slimane,TUN,MF,0,0,1,0,2023-2024,Sheffield Utd,22,4,419,4.7,0.17,0.06,0.23,45.96,3.19,9.79,22.98,13.83,2.55,45.96,3.62,0.43,2.51,2.77,16.28,23.19,96.17,35.74,0.64,1.7,0.64,1.7,2.55,25.53,4.47
Saïd Benrahma,ALG,"FW,MF",0,0,1,1,2023-2024,West Ham,27,5,620,6.9,0.27,0.21,0.47,51.45,1.59,9.42,18.55,24.35,5.07,51.3,5.51,2.03,5.33,3.04,8.01,34.49,244.49,114.49,4.06,2.46,2.17,2.03,1.16,35.51,10.14
Rodrigo Bentancur,URU,MF,0,0,1,0,2023-2024,Tottenham,26,13,1005,11.2,0.17,0.04,0.22,83.21,3.21,15.54,45.8,22.32,2.59,83.21,1.88,0.98,4.68,0.71,3.4,51.34,248.04,103.04,1.43,1.96,0.18,1.43,1.7,65.36,2.77
Daniel Bentley,ENG,GK,1,0,0,0,2023-2024,Wolves,30,3,383,4.3,0.0,0.0,0.0,35.12,27.91,34.65,0.47,0.0,0.0,35.12,0.0,0.0,,0.0,,15.35,73.95,42.09,0.0,0.0,0.0,0.0,0.0,17.67,0.0
Jóhann Berg Guðmundsson,ISL,"MF,FW",0,0,1,1,2023-2024,Burnley,32,12,1192,13.2,0.14,0.2,0.34,49.7,1.89,8.18,21.52,20.3,1.97,49.7,1.21,0.38,2.37,0.53,3.32,28.11,139.09,45.83,0.98,0.98,0.15,1.52,1.14,31.82,5.23
Sander Berge,NOR,MF,0,0,1,0,2023-2024,Burnley,25,34,3005,33.4,0.06,0.07,0.13,56.5,3.98,14.79,29.85,12.4,1.23,56.5,1.23,0.6,1.46,0.48,1.17,32.22,192.19,92.54,1.92,1.71,0.27,0.69,0.69,36.92,0.87
Luke Berry,ENG,"MF,DF",0,1,1,0,2023-2024,Luton Town,31,2,323,3.6,0.28,0.07,0.35,39.72,1.39,7.78,19.44,12.78,3.61,39.72,0.83,0.56,18.53,0.0,0.0,15.56,38.89,8.33,0.28,0.56,0.0,1.39,1.11,19.44,1.94
Beto,GNB,FW,0,0,0,1,2023-2024,Everton,25,9,951,10.6,0.64,0.09,0.73,35.19,1.51,2.83,13.3,19.43,6.04,35.09,3.3,1.42,4.05,1.6,4.58,17.26,96.32,36.23,1.32,0.85,1.23,4.43,2.08,23.58,5.47
Jordan Beyer,GER,DF,0,1,0,0,2023-2024,Burnley,23,15,1234,13.7,0.04,0.02,0.06,74.6,11.61,41.61,31.31,1.9,0.58,74.6,0.51,0.29,4.17,0.15,2.09,45.55,241.9,152.48,0.66,0.8,0.0,0.36,0.07,49.49,0.07
Philip Billing,DEN,MF,0,0,1,0,2023-2024,Bournemouth,27,13,1398,15.5,0.16,0.21,0.36,48.71,2.77,8.97,21.74,18.45,3.87,48.71,2.13,0.77,2.35,1.16,3.52,23.61,114.32,51.48,1.42,1.48,0.39,1.74,1.1,28.26,4.06
Yves Bissouma,MLI,MF,0,0,1,0,2023-2024,Tottenham,26,26,2068,23.0,0.06,0.02,0.08,92.13,4.22,20.39,53.3,19.26,0.83,92.13,2.04,1.17,2.5,0.52,1.11,59.43,310.09,130.7,1.87,1.83,0.3,1.43,1.3,71.35,0.57
Benicio Boaitey,ENG,"FW,DF",0,1,0,1,2023-2024,Brighton,19,0,40,0.4,0.05,0.13,0.19,75.0,2.5,15.0,15.0,47.5,2.5,75.0,2.5,2.5,250.0,0.0,0.0,47.5,262.5,100.0,2.5,5.0,2.5,5.0,2.5,57.5,5.0
Oscar Bobb,NOR,"FW,MF",0,0,1,1,2023-2024,Manchester City,20,2,302,3.4,0.41,0.37,0.78,64.41,1.18,3.82,10.59,50.88,7.94,64.41,5.29,3.24,17.97,1.76,9.79,40.88,197.35,116.18,3.82,1.47,1.47,1.76,1.76,46.76,11.18
Jayden Bogle,ENG,DF,0,1,0,0,2023-2024,Sheffield Utd,23,32,2788,31.0,0.07,0.03,0.11,44.39,4.68,17.13,17.32,10.65,1.77,44.39,1.94,0.81,1.35,0.87,1.45,19.1,113.58,46.48,1.23,1.03,0.35,1.65,0.87,21.84,2.97
Willy Boly,CIV,DF,0,1,0,0,2023-2024,Nott'ham Forest,32,18,1438,16.0,0.09,0.08,0.18,55.94,9.25,31.38,20.88,3.81,2.12,55.94,0.44,0.19,2.68,0.12,1.79,23.75,107.06,54.0,0.25,0.12,0.06,0.25,0.19,27.94,0.19
Sven Botman,NED,DF,0,1,0,0,2023-2024,Newcastle Utd,23,15,1377,15.3,0.04,0.07,0.11,75.42,12.16,44.18,29.41,1.9,1.31,75.42,0.13,0.0,0.0,0.13,6.54,43.92,187.32,91.7,0.0,0.26,0.0,0.33,0.13,53.73,0.33
Jarrod Bowen,ENG,FW,0,0,0,1,2023-2024,West Ham,26,34,3019,33.5,0.35,0.16,0.51,32.66,0.6,4.03,12.24,17.04,5.19,32.66,2.9,1.01,1.05,1.64,1.69,19.88,145.04,63.91,2.69,1.19,1.46,2.36,1.73,22.24,5.55
Conor Bradley,NIR,DF,0,1,0,0,2023-2024,Liverpool,20,10,753,8.4,0.1,0.17,0.28,78.69,1.67,16.67,34.4,28.93,4.52,78.69,3.57,1.55,5.15,1.67,5.56,44.4,255.24,129.17,4.17,3.45,1.43,2.02,1.19,46.19,7.62
Jarrad Branthwaite,ENG,DF,0,1,0,0,2023-2024,Everton,21,35,3116,34.6,0.05,0.03,0.08,51.76,8.87,27.77,22.46,1.76,1.13,51.76,0.23,0.14,1.81,0.06,0.72,21.94,91.36,45.0,0.06,0.14,0.03,0.58,0.06,26.1,0.17
Ben Brereton,CHI,"FW,MF",0,0,1,1,2023-2024,Sheffield Utd,24,14,1105,12.3,0.49,0.12,0.61,31.54,1.14,3.58,13.66,15.04,4.15,31.46,2.28,0.81,2.9,1.38,4.93,19.02,117.8,54.39,1.87,1.22,1.54,1.87,1.3,22.93,6.34
Rhian Brewster,ENG,"FW,MF",0,0,1,1,2023-2024,Sheffield Utd,23,3,346,3.8,0.09,0.03,0.12,29.74,0.53,2.37,12.37,15.0,4.21,29.74,1.32,0.0,0.0,1.05,21.05,16.32,52.89,19.74,0.26,1.05,0.79,2.11,2.11,21.32,5.53
Armando Broja,ALB,FW,0,0,0,1,2023-2024,Chelsea,21,6,454,5.0,0.47,0.03,0.5,33.4,0.6,1.8,11.2,21.2,7.0,33.4,6.2,2.6,8.38,3.2,10.32,23.4,139.0,57.2,2.2,0.8,1.6,3.4,2.8,26.2,7.4
Armando Broja,ALB,FW,0,0,0,1,2023-2024,Fulham,21,0,88,1.0,0.0,0.41,0.41,43.0,0.0,5.0,15.0,23.0,4.0,43.0,6.0,2.0,33.3,4.0,66.7,23.0,162.0,62.0,2.0,2.0,0.0,3.0,4.0,37.0,7.0
Andre Brooks,ENG,"MF,DF",0,1,1,0,2023-2024,Sheffield Utd,19,12,938,10.4,0.04,0.01,0.05,37.88,1.54,7.21,20.1,11.25,1.54,37.88,2.4,1.25,5.0,1.06,4.23,19.9,121.15,48.08,1.15,1.44,0.1,2.12,1.83,20.96,2.12
David Brooks,WAL,"FW,MF",0,0,1,1,2023-2024,Bournemouth,26,2,282,3.1,0.7,0.33,1.03,57.1,0.65,8.06,23.23,26.77,3.55,57.1,3.23,1.29,12.9,1.94,19.35,32.9,219.35,90.0,2.58,2.9,0.32,2.26,0.32,36.45,8.71
Jacob Brown,SCO,"MF,FW",0,0,1,1,2023-2024,Luton Town,25,12,1019,11.3,0.25,0.06,0.3,37.79,2.65,9.12,13.45,16.02,4.42,37.79,2.21,0.53,2.12,1.42,5.66,17.7,98.41,44.6,2.21,1.24,0.8,2.12,2.21,20.97,4.69
Josh Brownhill,ENG,MF,0,0,1,0,2023-2024,Burnley,27,23,2252,25.0,0.08,0.08,0.16,54.04,2.84,13.04,25.08,16.4,1.68,54.04,0.52,0.28,2.15,0.24,1.85,22.04,91.12,40.72,0.76,0.56,0.12,0.68,0.56,28.08,1.44
Jacob Bruun Larsen,DEN,"MF,FW",0,0,1,1,2023-2024,Burnley,24,16,1249,13.9,0.36,0.1,0.46,51.8,1.44,6.98,16.47,28.85,6.4,51.73,3.96,1.44,2.62,2.23,4.06,28.63,182.66,97.19,4.39,1.44,2.37,2.01,0.72,32.3,10.5
Hugo Bueno,ESP,"DF,MF",0,1,1,0,2023-2024,Wolves,20,7,741,8.2,0.03,0.09,0.13,63.05,4.02,21.95,25.37,15.85,1.1,63.05,2.8,0.98,4.24,1.34,5.83,32.44,192.07,95.73,2.68,1.1,0.24,0.85,1.71,37.32,4.88
Santiago Bueno,URU,DF,0,1,0,0,2023-2024,Wolves,24,9,822,9.1,0.0,0.01,0.01,62.2,8.46,33.08,27.47,1.98,0.11,62.2,0.11,0.11,10.99,0.0,0.0,36.26,189.67,108.57,0.33,0.55,0.0,0.11,0.22,43.96,0.22
Facundo Buonanotte,ARG,"FW,MF",0,0,1,1,2023-2024,Brighton,18,17,1364,15.2,0.16,0.12,0.28,44.28,1.38,5.99,20.79,18.22,2.3,44.28,3.42,1.18,2.28,1.84,3.54,27.7,154.08,59.08,1.51,1.64,0.53,2.76,2.17,31.58,4.54
Reece Burke,ENG,DF,0,1,0,0,2023-2024,Luton Town,26,20,1660,18.4,0.07,0.07,0.15,50.49,5.33,20.54,23.91,6.36,1.09,50.49,0.43,0.22,2.72,0.11,1.36,24.73,113.04,65.76,0.6,0.43,0.0,0.98,0.27,27.61,0.76
Dan Burn,ENG,DF,0,1,0,0,2023-2024,Newcastle Utd,31,32,2726,30.3,0.1,0.04,0.14,66.24,6.73,31.29,28.09,7.0,1.52,66.24,0.2,0.13,2.2,0.07,1.1,30.5,129.7,54.92,0.46,0.23,0.1,0.5,0.33,37.95,0.83
Mason Burstow,ENG,FW,0,0,0,1,2023-2024,Chelsea,19,0,9,0.1,0.0,0.0,0.0,60.0,0.0,0.0,10.0,50.0,10.0,60.0,0.0,0.0,,0.0,,20.0,10.0,0.0,0.0,0.0,0.0,10.0,0.0,30.0,10.0
Moisés Caicedo,ECU,MF,0,0,1,0,2023-2024,Chelsea,21,33,2866,31.8,0.01,0.08,0.09,77.11,3.84,21.6,44.18,12.01,0.28,77.11,1.76,0.82,1.46,0.75,1.35,43.33,172.86,77.55,0.85,0.97,0.03,1.13,0.75,57.48,0.85
Tom Cairney,SCO,MF,0,0,1,0,2023-2024,Fulham,32,14,1488,16.5,0.07,0.14,0.2,84.73,1.64,14.73,46.12,25.58,1.88,84.73,2.0,1.58,4.78,0.3,0.92,56.42,272.85,137.03,2.12,2.55,0.36,1.76,1.45,68.36,4.36
Dominic Calvert-Lewin,ENG,FW,0,0,0,1,2023-2024,Everton,26,26,2171,24.1,0.54,0.13,0.66,30.62,2.07,3.28,10.91,16.56,5.15,30.54,1.78,0.58,1.35,1.08,2.51,14.81,85.81,32.95,1.49,0.87,0.91,2.7,1.04,23.44,5.06
Thomas Cannon,IRL,FW,0,0,0,1,2023-2024,Everton,20,0,1,0.0,0.0,0.0,0.0,,,,,,,,,,,,,,,,,,,,,,
Diego Carlos,BRA,DF,0,1,0,0,2023-2024,Aston Villa,30,20,1816,20.2,0.1,0.0,0.1,75.1,12.08,42.92,30.2,2.13,1.14,75.1,0.2,0.1,2.48,0.1,2.48,50.15,236.93,129.01,0.2,0.1,0.05,0.4,0.2,55.35,0.05
Cesare Casadei,ITA,"FW,MF",0,0,1,1,2023-2024,Chelsea,20,0,79,0.9,0.0,0.12,0.12,90.0,6.67,18.89,54.44,16.67,1.11,90.0,2.22,2.22,111.11,0.0,0.0,40.0,260.0,65.56,1.11,0.0,0.0,3.33,0.0,68.89,3.33
Casemiro,BRA,"MF,DF",0,1,1,0,2023-2024,Manchester Utd,31,24,1982,22.0,0.16,0.05,0.2,80.09,7.68,29.36,40.18,11.14,2.05,80.09,0.82,0.41,2.27,0.36,2.02,44.73,162.55,78.59,0.55,1.0,0.05,0.68,0.77,52.86,1.64
Kaelan Casey,ENG,DF,0,1,0,0,2023-2024,West Ham,18,0,1,0.0,0.0,0.0,0.0,inf,inf,inf,,,,inf,,,,,,,,,,,,,,,
Matty Cash,POL,DF,0,1,0,0,2023-2024,Aston Villa,25,23,2142,23.8,0.18,0.1,0.27,62.9,3.74,20.63,27.61,15.29,2.27,62.9,1.72,0.5,1.23,0.84,2.05,36.18,205.25,93.82,2.61,1.72,0.76,0.88,0.63,37.65,4.24
Timothy Castagne,BEL,DF,0,1,0,0,2023-2024,Fulham,27,29,2634,29.3,0.06,0.07,0.12,66.11,3.96,23.79,28.36,14.27,1.98,66.11,1.02,0.58,1.94,0.34,1.14,30.0,129.01,63.31,1.64,0.85,0.2,0.85,0.34,38.26,3.86
Jonny Castro,ESP,MF,0,0,1,0,2023-2024,Wolves,29,0,5,0.1,0.0,0.0,0.0,20.0,10.0,10.0,10.0,0.0,0.0,20.0,0.0,0.0,,0.0,,0.0,0.0,0.0,0.0,0.0,0.0,0.0,0.0,0.0,0.0
Trevoh Chalobah,ENG,DF,0,1,0,0,2023-2024,Chelsea,24,10,952,10.6,0.02,0.01,0.02,83.58,11.51,42.83,35.09,5.94,0.38,83.58,0.19,0.09,4.72,0.09,4.72,44.81,146.42,66.89,0.47,0.47,0.19,0.94,0.28,59.72,0.85
Calum Chambers,ENG,"MF,DF",0,1,1,0,2023-2024,Aston Villa,28,1,152,1.7,0.0,0.06,0.06,75.88,5.29,40.0,28.82,7.06,0.0,75.88,0.59,0.59,58.82,0.0,0.0,45.88,205.29,92.94,0.0,0.0,0.0,0.0,0.59,58.24,0.59
Youssef Chermiti,POR,FW,0,0,0,1,2023-2024,Everton,19,1,208,2.3,0.31,0.34,0.65,46.09,1.3,4.78,16.09,25.65,8.26,46.09,4.78,1.3,11.87,3.04,27.65,23.91,139.13,45.65,2.17,0.43,1.3,6.09,2.61,33.04,6.52
Ben Chilwell,ENG,DF,0,1,0,0,2023-2024,Chelsea,26,9,756,8.4,0.14,0.26,0.41,72.02,2.5,15.36,30.71,26.31,3.33,72.02,2.26,0.83,4.38,0.95,5.01,39.64,203.93,100.48,2.62,1.67,0.6,2.5,0.6,46.9,7.02
Tawanda Chirewa,ZIM,"MF,FW",0,0,1,1,2023-2024,Wolves,19,1,145,1.6,0.1,0.02,0.12,53.75,1.25,10.62,27.5,16.25,3.12,53.75,1.88,0.62,20.81,1.25,41.69,30.62,118.12,34.38,0.62,1.25,0.62,4.38,1.88,38.75,5.0
Leon Chiwome,ENG,FW,0,0,0,1,2023-2024,Wolves,17,2,174,1.9,0.05,0.0,0.05,20.53,1.58,2.63,13.16,5.26,2.11,20.53,0.0,0.0,,0.0,,8.42,45.26,26.32,0.53,0.0,0.53,1.58,1.05,9.47,3.68
Tahith Chong,NED,"MF,FW",0,0,1,1,2023-2024,Luton Town,23,20,1982,22.0,0.12,0.02,0.15,37.23,1.36,7.27,15.95,14.73,2.36,37.23,3.27,1.14,1.58,1.45,2.02,23.64,161.77,85.45,2.59,2.14,0.41,2.68,1.82,25.45,4.59
Ryan Christie,SCO,MF,0,0,1,0,2023-2024,Bournemouth,28,35,2907,32.3,0.07,0.17,0.24,53.78,2.72,10.5,27.12,17.46,2.14,53.78,3.03,1.58,1.61,1.27,1.29,28.89,178.61,83.0,1.86,1.8,0.43,1.8,1.46,30.56,2.41
Carney Chukwuemeka,ENG,"MF,FW",0,0,1,1,2023-2024,Chelsea,19,2,227,2.5,0.06,0.13,0.19,66.8,0.4,8.4,30.8,28.8,4.8,66.8,4.8,0.8,6.68,4.0,33.32,42.8,258.4,92.4,1.6,2.0,0.8,2.0,1.6,51.6,7.6
Bobby Clark,ENG,MF,0,0,1,0,2023-2024,Liverpool,18,1,89,1.0,0.14,0.0,0.14,70.0,4.0,11.0,34.0,26.0,6.0,70.0,4.0,0.0,0.0,3.0,75.0,45.0,286.0,149.0,3.0,0.0,2.0,3.0,6.0,48.0,7.0
Jordan Clark,ENG,MF,0,0,1,0,2023-2024,Luton Town,29,14,1304,14.5,0.07,0.09,0.16,47.86,2.48,8.97,23.38,16.14,2.9,47.86,2.9,0.83,1.97,1.66,3.94,26.55,146.34,69.24,1.45,1.38,0.48,1.72,1.45,30.28,2.69
Nathaniel Clyne,ENG,DF,0,1,0,0,2023-2024,Crystal Palace,32,14,1338,14.9,0.01,0.01,0.03,48.46,2.68,18.32,21.68,8.79,0.47,48.46,1.07,0.54,3.36,0.4,2.52,21.88,96.31,44.16,0.67,0.81,0.07,0.87,0.0,27.65,1.21
Séamus Coleman,IRL,DF,0,1,0,0,2023-2024,Everton,34,7,665,7.4,0.0,0.14,0.14,52.43,5.68,18.38,20.54,13.92,0.41,52.43,1.76,0.81,6.24,0.95,7.27,21.89,113.11,52.3,0.68,0.68,0.14,0.95,0.54,23.78,2.16
Nathan Collins,IRL,DF,0,1,0,0,2023-2024,Brentford,22,29,2652,29.5,0.06,0.07,0.13,63.69,10.34,35.56,23.59,4.75,1.63,63.69,0.58,0.37,2.19,0.07,0.4,33.86,157.9,89.36,0.37,0.51,0.0,0.75,0.44,38.17,0.61
Levi Colwill,ENG,DF,0,1,0,0,2023-2024,Chelsea,20,20,1797,20.0,0.06,0.06,0.12,69.6,5.4,28.5,33.45,8.2,1.3,69.6,0.65,0.45,3.46,0.2,1.54,38.3,180.1,99.25,1.15,0.85,0.1,1.1,0.2,43.65,1.35
Lewis Cook,ENG,MF,0,0,1,0,2023-2024,Bournemouth,26,32,2786,31.0,0.01,0.14,0.15,57.19,2.97,13.48,32.35,12.32,0.29,57.19,1.16,0.68,1.88,0.45,1.25,25.35,128.06,63.58,0.71,0.77,0.0,1.13,0.61,27.9,0.48
Jack Cork,ENG,MF,0,0,1,0,2023-2024,Burnley,34,0,27,0.3,0.0,0.0,0.0,123.33,0.0,13.33,76.67,36.67,3.33,123.33,0.0,0.0,,0.0,,80.0,486.67,326.67,13.33,6.67,0.0,0.0,0.0,100.0,3.33
Maxwel Cornet,CIV,"MF,FW",0,0,1,1,2023-2024,West Ham,26,1,112,1.2,0.32,0.13,0.46,56.67,0.83,10.0,18.33,29.17,6.67,56.67,1.67,0.0,0.0,0.83,41.67,28.33,233.33,70.0,2.5,1.67,1.67,0.83,2.5,34.17,6.67
Vladimír Coufal,CZE,DF,0,1,0,0,2023-2024,West Ham,30,36,3132,34.8,0.01,0.11,0.12,58.19,4.68,20.92,23.39,14.4,0.75,58.19,1.09,0.34,0.91,0.55,1.44,25.43,142.41,69.86,1.95,1.01,0.11,0.8,0.37,29.02,3.62
Philippe Coutinho,BRA,"MF,FW",0,0,1,1,2023-2024,Aston Villa,31,0,25,0.3,0.52,0.0,0.52,100.0,0.0,13.33,60.0,30.0,3.33,100.0,16.67,13.33,266.67,3.33,66.67,86.67,740.0,446.67,16.67,13.33,0.0,6.67,0.0,96.67,6.67
Aaron Cresswell,ENG,"DF,FW",0,1,0,1,2023-2024,West Ham,33,4,436,4.8,0.0,0.09,0.09,67.92,3.75,26.04,29.38,12.71,0.21,67.92,0.21,0.0,0.0,0.21,20.83,35.21,108.75,45.83,0.83,1.04,0.0,0.0,0.42,43.75,1.25
Marc Cucurella,ESP,DF,0,1,0,0,2023-2024,Chelsea,25,20,1782,19.8,0.06,0.05,0.11,72.02,4.6,29.04,29.8,13.64,1.36,72.02,0.66,0.2,1.56,0.35,2.72,33.18,144.49,79.75,1.57,0.76,0.15,0.76,0.3,44.09,3.69
Josh Cullen,IRL,MF,0,0,1,0,2023-2024,Burnley,27,23,2057,22.9,0.03,0.08,0.11,67.9,2.84,14.93,39.52,14.02,0.79,67.9,0.57,0.13,1.01,0.22,1.68,37.03,146.33,73.84,0.96,0.92,0.09,0.74,0.44,46.51,0.96
Matheus Cunha,BRA,"FW,MF",0,0,1,1,2023-2024,Wolves,24,29,2440,27.1,0.35,0.12,0.47,45.02,1.11,6.24,22.55,17.49,4.46,44.98,5.17,2.36,1.69,2.25,1.61,26.49,209.7,118.19,3.95,2.92,1.4,2.95,1.96,32.66,5.13
Sam Curtis,IRL,DF,0,1,0,0,2023-2024,Sheffield Utd,17,0,28,0.3,0.0,0.0,0.0,46.67,0.0,26.67,13.33,6.67,0.0,46.67,0.0,0.0,,0.0,,3.33,3.33,0.0,0.0,0.0,0.0,0.0,3.33,30.0,3.33
Mahmoud Dahoud,GER,MF,0,0,1,0,2023-2024,Brighton,27,6,452,5.0,0.04,0.18,0.22,73.6,2.4,17.2,45.0,11.6,0.8,73.6,1.0,0.4,8.0,0.6,12.0,47.8,190.2,81.2,0.8,0.6,0.2,1.2,1.0,60.6,1.2
Ameen Al-Dakhil,BEL,DF,0,1,0,0,2023-2024,Burnley,21,12,1056,11.7,0.11,0.01,0.12,64.02,7.09,30.34,28.97,4.96,0.85,64.02,0.43,0.26,5.13,0.17,3.42,41.97,211.2,115.47,0.6,0.77,0.0,0.68,0.51,42.31,0.77
Diogo Dalot,POR,DF,0,1,0,0,2023-2024,Manchester Utd,24,35,3174,35.3,0.05,0.08,0.13,62.21,5.24,21.3,24.73,16.63,1.36,62.21,1.47,0.88,1.69,0.51,0.98,32.58,153.37,82.18,1.47,1.22,0.28,0.68,0.31,35.58,3.14
Mikkel Damsgaard,DEN,MF,0,0,1,0,2023-2024,Brentford,23,7,842,9.4,0.1,0.16,0.25,59.04,1.6,11.49,27.66,20.74,2.13,59.04,2.13,0.96,4.79,1.17,5.85,33.62,167.87,90.0,1.7,1.17,0.32,1.91,0.85,36.81,3.4
Danilo,BRA,MF,0,0,1,0,2023-2024,Nott'ham Forest,22,20,1792,19.9,0.09,0.08,0.17,49.1,3.97,14.12,26.18,9.6,0.8,49.1,1.31,0.85,3.29,0.45,1.74,25.83,127.24,58.64,1.11,1.01,0.15,1.21,0.65,29.7,1.41
Arnaut Danjuma,NED,"MF,FW",0,0,1,1,2023-2024,Everton,26,5,595,6.6,0.4,0.17,0.57,33.79,0.61,3.48,11.67,19.24,4.85,33.79,3.18,1.21,5.77,1.67,7.94,22.27,179.09,90.76,3.64,2.27,1.67,1.52,1.06,22.27,6.67
Jayden Danns,ENG,FW,0,0,0,1,2023-2024,Liverpool,17,0,9,0.1,0.0,0.0,0.0,70.0,0.0,0.0,30.0,40.0,0.0,70.0,0.0,0.0,,0.0,,30.0,110.0,50.0,0.0,10.0,0.0,0.0,0.0,40.0,20.0
Josh Dasilva,ENG,"DF,FW",0,1,0,1,2023-2024,Brentford,24,0,24,0.3,0.0,0.72,0.72,86.67,3.33,3.33,20.0,63.33,20.0,86.67,13.33,6.67,166.67,6.67,166.67,56.67,510.0,230.0,6.67,0.0,6.67,6.67,13.33,56.67,16.67
David Datro Fofana,CIV,FW,0,0,0,1,2023-2024,Burnley,20,10,879,9.8,0.46,0.19,0.65,31.33,1.02,3.67,13.27,15.0,4.59,31.33,4.18,1.53,3.73,2.24,5.48,19.08,125.1,53.78,2.14,0.92,1.12,3.78,2.04,22.65,3.98
Ben Davies,WAL,DF,0,1,0,0,2023-2024,Tottenham,30,12,1090,12.1,0.19,0.03,0.23,80.33,8.02,33.55,39.09,7.93,1.9,80.33,0.83,0.33,3.31,0.5,4.96,49.01,269.83,168.93,1.07,1.07,0.08,0.17,0.25,56.61,1.65
Tom Davies,ENG,MF,0,0,1,0,2023-2024,Sheffield Utd,25,2,221,2.5,0.14,0.03,0.17,56.8,3.6,17.6,26.0,13.6,2.0,56.8,3.2,0.8,10.0,2.0,25.0,26.8,152.4,66.8,1.2,0.8,0.4,1.2,1.6,30.4,1.2
Craig Dawson,ENG,DF,0,1,0,0,2023-2024,Wolves,33,25,2209,24.5,0.06,0.06,0.12,62.41,11.92,36.29,24.16,2.2,1.39,62.41,0.12,0.12,4.08,0.0,0.0,36.57,172.53,78.86,0.04,0.29,0.0,0.2,0.08,40.69,0.16
Kevin De Bruyne,BEL,MF,0,0,1,0,2023-2024,Manchester City,32,15,1221,13.6,0.18,0.85,1.03,81.1,0.15,2.57,26.03,53.24,6.32,81.1,2.43,0.74,2.23,1.54,4.68,46.54,214.41,121.1,3.46,2.94,0.88,0.96,1.47,61.25,9.78
Hannes Delcroix,BEL,DF,0,1,0,0,2023-2024,Burnley,24,5,589,6.5,0.05,0.03,0.09,64.46,6.46,26.92,31.38,6.15,0.62,64.46,0.92,0.46,7.69,0.31,5.12,37.08,130.31,69.38,0.31,0.31,0.0,0.77,0.46,41.23,0.92
Leander Dendoncker,BEL,MF,0,0,1,0,2023-2024,Aston Villa,28,1,119,1.3,0.56,0.0,0.56,61.54,3.08,23.85,30.0,9.23,1.54,61.54,0.0,0.0,,0.0,,27.69,95.38,20.77,0.0,0.77,0.0,1.54,0.77,30.0,1.54
Moussa Diaby,FRA,"FW,MF",0,0,1,1,2023-2024,Aston Villa,24,25,2174,24.2,0.29,0.27,0.56,34.05,0.5,2.85,12.31,19.42,5.62,34.05,2.89,1.2,1.71,1.53,2.19,23.47,162.23,83.18,3.88,1.78,1.61,1.36,1.24,25.62,7.56
Amad Diallo,CIV,"FW,MF",0,0,1,1,2023-2024,Manchester Utd,21,3,390,4.3,0.12,0.24,0.36,53.72,1.86,6.51,21.86,25.58,5.58,53.72,5.35,2.56,11.12,2.33,10.12,33.95,240.7,82.56,2.56,2.79,0.93,1.63,3.26,37.91,7.21
Amadou Diallo,ENG,MF,0,0,1,0,2023-2024,Newcastle Utd,20,0,1,0.0,0.0,0.0,0.0,inf,,,inf,,,inf,,,,,,,,,,,,,,inf,
Rúben Dias,POR,DF,0,1,0,0,2023-2024,Manchester City,26,28,2559,28.4,0.05,0.01,0.06,101.3,8.13,35.28,56.34,9.93,1.2,101.3,0.04,0.0,0.0,0.04,3.52,70.28,382.46,235.67,1.2,2.46,0.04,0.35,0.25,81.02,0.56
Luis Díaz,COL,FW,0,0,0,1,2023-2024,Liverpool,26,32,2629,29.2,0.41,0.19,0.6,49.76,0.34,3.22,18.12,29.38,7.5,49.76,4.79,2.29,1.64,1.95,1.39,34.83,256.85,126.37,4.69,2.64,2.4,2.36,2.47,38.63,10.34
Eric Dier,ENG,DF,0,1,0,0,2023-2024,Tottenham,29,1,201,2.2,0.0,0.0,0.0,74.55,17.27,48.18,25.91,0.91,0.91,74.55,0.0,0.0,,0.0,,44.09,132.27,54.09,0.0,0.0,0.0,0.45,0.0,50.91,0.0
Lucas Digne,FRA,DF,0,1,0,0,2023-2024,Aston Villa,30,27,2410,26.8,0.04,0.15,0.19,59.33,2.65,17.46,20.19,22.13,2.09,59.33,1.23,0.37,1.13,0.6,1.81,31.34,135.45,66.64,1.57,0.71,0.15,0.6,0.56,34.51,7.46
Issa Diop,FRA,DF,0,1,0,0,2023-2024,Fulham,26,16,1424,15.8,0.02,0.0,0.02,79.62,10.63,42.34,35.95,1.52,0.44,79.62,0.06,0.06,6.33,0.0,0.0,50.25,278.23,168.42,0.7,0.51,0.0,0.19,0.32,55.95,0.06
Axel Disasi,FRA,DF,0,1,0,0,2023-2024,Chelsea,25,29,2579,28.7,0.08,0.01,0.09,86.97,10.14,41.57,39.72,6.1,0.84,86.97,0.77,0.42,1.9,0.17,0.79,56.2,250.24,147.14,1.05,0.7,0.1,0.56,0.42,65.92,0.73
Ben Doak,SCO,FW,0,0,0,1,2023-2024,Liverpool,17,0,14,0.2,0.0,0.0,0.0,30.0,0.0,0.0,10.0,20.0,0.0,30.0,0.0,0.0,,0.0,,20.0,35.0,10.0,0.0,0.0,0.0,10.0,0.0,20.0,0.0
Lewis Dobbin,ENG,MF,0,0,1,0,2023-2024,Everton,20,1,232,2.6,0.11,0.19,0.3,48.85,0.0,9.23,16.15,25.0,4.23,48.85,8.08,2.31,11.0,5.77,27.46,34.23,239.23,81.15,2.31,4.23,1.54,4.62,2.31,30.77,7.69
Matt Doherty,IRL,"DF,MF",0,1,1,0,2023-2024,Wolves,31,9,1150,12.8,0.07,0.1,0.17,63.36,4.69,21.41,26.25,16.02,2.42,63.36,1.09,0.47,3.35,0.55,3.91,25.39,101.02,46.64,0.94,0.62,0.23,1.33,0.47,37.58,5.0
Jeremy Doku,BEL,"FW,MF",0,0,1,1,2023-2024,Manchester City,21,18,1595,17.7,0.14,0.26,0.4,65.59,0.28,4.29,15.54,46.61,12.77,65.59,9.55,4.92,2.91,3.62,2.14,49.66,425.71,275.93,12.32,3.45,8.31,2.94,2.09,52.94,16.67
Nicolás Domínguez,ARG,"MF,FW",0,0,1,1,2023-2024,Nott'ham Forest,25,19,1495,16.6,0.08,0.06,0.14,63.19,2.35,16.02,32.65,14.94,1.99,63.19,1.02,0.42,2.48,0.48,2.84,29.64,122.29,66.63,0.84,0.78,0.12,1.27,0.42,37.83,2.59
Jamie Donley,NIR,FW,0,0,0,1,2023-2024,Tottenham,18,0,3,0.0,0.0,0.0,0.0,inf,inf,inf,inf,inf,,inf,inf,,,inf,inf,inf,inf,inf,,,,,inf,inf,
Abdoulaye Doucouré,MLI,"FW,MF",0,0,1,1,2023-2024,Everton,30,32,2629,29.2,0.3,0.1,0.4,40.75,1.23,6.44,17.91,16.95,3.42,40.75,1.64,0.86,1.78,0.72,1.5,21.75,112.74,57.95,1.88,1.27,0.58,2.09,1.44,27.4,4.79
Cheick Doucouré,MLI,MF,0,0,1,0,2023-2024,Crystal Palace,23,11,919,10.2,0.03,0.07,0.1,53.43,2.45,14.22,30.59,9.51,0.69,53.43,1.27,0.98,7.54,0.29,2.26,27.06,113.04,56.76,0.88,0.88,0.1,1.57,0.78,31.18,0.49
Alfie Doughty,ENG,DF,0,1,0,0,2023-2024,Luton Town,23,34,2925,32.5,0.04,0.19,0.23,61.48,3.14,16.65,20.46,25.17,2.34,61.48,2.06,1.02,1.52,0.74,1.1,27.6,169.91,85.97,2.89,1.6,0.86,1.57,0.4,29.78,5.05
Tommy Doyle,ENG,MF,0,0,1,0,2023-2024,Wolves,21,11,1222,13.6,0.03,0.03,0.06,78.01,2.94,19.49,45.59,13.38,0.44,78.01,0.22,0.07,2.45,0.07,2.45,46.84,227.28,103.53,1.54,1.25,0.15,0.51,0.51,56.32,1.25
Radu Drăgușin,ROU,DF,0,1,0,0,2023-2024,Tottenham,21,4,429,4.8,0.03,0.0,0.03,85.62,9.17,45.21,39.38,1.46,0.42,85.62,0.62,0.21,6.94,0.21,6.94,59.17,322.92,153.75,1.04,0.42,0.21,0.21,0.21,65.0,0.21
Martin Dúbravka,SVK,GK,1,0,0,0,2023-2024,Newcastle Utd,34,22,1985,22.1,0.0,0.0,0.0,32.08,27.33,31.76,0.32,0.0,0.0,32.08,0.0,0.0,,0.0,,17.1,92.76,62.17,0.0,0.0,0.0,0.14,0.0,11.76,0.0
Paul Dummett,WAL,DF,0,1,0,0,2023-2024,Newcastle Utd,31,0,20,0.2,0.11,0.0,0.11,130.0,15.0,35.0,80.0,15.0,5.0,130.0,0.0,0.0,,0.0,,60.0,270.0,165.0,5.0,0.0,0.0,0.0,0.0,100.0,0.0
Lewis Dunk,ENG,DF,0,1,0,0,2023-2024,Brighton,31,33,2869,31.9,0.1,0.03,0.12,109.12,17.37,56.77,48.34,4.55,1.6,109.12,0.25,0.16,1.96,0.06,0.78,75.77,337.05,175.71,1.03,0.56,0.06,0.28,0.06,84.04,0.41
Jáder Durán,COL,"FW,MF",0,0,1,1,2023-2024,Aston Villa,19,3,475,5.3,0.38,0.06,0.44,35.66,1.51,4.15,16.98,15.09,5.09,35.66,0.94,0.38,7.55,0.57,11.32,19.25,95.85,38.87,1.7,0.94,0.94,3.02,2.64,26.04,4.72
George Earthy,ENG,FW,0,0,0,1,2023-2024,West Ham,18,0,34,0.4,0.82,0.0,0.82,45.0,0.0,7.5,17.5,20.0,2.5,45.0,0.0,0.0,,0.0,,32.5,120.0,32.5,0.0,2.5,0.0,0.0,0.0,37.5,7.5
Ederson,BRA,GK,1,0,0,0,2023-2024,Manchester City,29,33,2785,30.9,0.0,0.0,0.0,41.52,31.23,40.87,0.65,0.0,0.0,41.52,0.03,0.03,3.24,0.0,0.0,27.41,120.19,76.15,0.0,0.0,0.0,0.0,0.0,27.25,0.0
Odsonne Édouard,FRA,"FW,MF",0,0,1,1,2023-2024,Crystal Palace,25,17,1555,17.3,0.36,0.07,0.43,34.51,1.04,3.41,12.83,18.84,5.66,34.51,2.89,1.1,2.2,1.39,2.77,19.71,101.85,50.69,1.91,1.04,1.45,3.18,1.5,23.99,5.78
John Egan,IRL,DF,0,1,0,0,2023-2024,Sheffield Utd,30,6,482,5.4,0.03,0.0,0.03,47.59,10.74,30.19,15.0,2.41,1.67,47.59,0.0,0.0,,0.0,,19.63,89.81,43.15,0.0,0.37,0.0,0.37,0.19,24.63,0.19
Hjalmar Ekdal,SWE,DF,0,1,0,0,2023-2024,Burnley,24,5,437,4.9,0.01,0.01,0.03,54.69,7.35,26.73,25.31,3.06,0.61,54.69,0.61,0.41,13.61,0.2,6.8,28.98,180.61,106.73,1.02,0.82,0.0,0.41,0.2,30.61,0.2
Anthony Elanga,SWE,"FW,MF",0,0,1,1,2023-2024,Nott'ham Forest,21,25,2433,27.0,0.24,0.25,0.49,37.85,0.93,6.7,12.89,18.78,4.52,37.85,2.81,1.04,1.36,1.56,2.05,23.15,174.22,93.11,3.63,2.0,1.56,2.48,0.81,27.41,7.26
Harvey Elliott,ENG,"MF,FW",0,0,1,1,2023-2024,Liverpool,20,11,1352,15.0,0.18,0.23,0.42,76.07,0.53,6.07,36.4,34.13,4.73,76.07,1.33,0.6,3.0,0.67,3.33,48.13,263.07,116.87,2.93,3.33,0.6,1.0,0.6,57.33,8.13
Mohamed Elneny,EGY,MF,0,0,1,0,2023-2024,Arsenal,31,0,28,0.3,0.26,0.0,0.26,150.0,3.33,30.0,100.0,20.0,3.33,150.0,0.0,0.0,,0.0,,90.0,493.33,206.67,3.33,0.0,0.0,3.33,0.0,123.33,0.0
Emerson,BRA,DF,0,1,0,0,2023-2024,Tottenham,24,11,1161,12.9,0.02,0.03,0.05,94.57,7.98,35.81,40.08,19.3,0.93,94.57,1.63,0.78,3.69,0.47,2.22,53.18,213.88,100.16,1.63,1.47,0.16,1.16,0.93,63.1,2.71
Julio Enciso,PAR,"MF,FW",0,0,1,1,2023-2024,Brighton,19,5,475,5.3,0.27,0.32,0.59,48.49,0.94,4.53,20.0,24.72,3.96,48.49,5.47,3.21,11.06,1.32,4.55,36.42,245.09,158.3,5.28,3.77,1.32,2.83,1.51,38.11,5.47
Wataru Endo,JPN,MF,0,0,1,0,2023-2024,Liverpool,30,20,1722,19.1,0.03,0.09,0.12,79.27,2.51,15.45,52.46,11.73,0.47,79.27,0.84,0.52,3.27,0.26,1.64,46.6,181.41,79.74,0.52,1.1,0.1,1.41,1.15,57.49,1.1
Christian Eriksen,DEN,MF,0,0,1,0,2023-2024,Manchester Utd,31,12,1141,12.7,0.08,0.18,0.26,70.55,2.13,12.99,38.74,19.37,0.94,70.55,0.47,0.24,3.94,0.24,3.94,40.55,182.6,94.41,1.57,1.65,0.16,0.63,1.1,48.82,1.81
Maxime Estève,FRA,DF,0,1,0,0,2023-2024,Burnley,21,15,1309,14.5,0.02,0.0,0.02,67.52,10.9,32.07,31.93,3.59,0.55,67.52,0.21,0.07,2.3,0.0,0.0,35.45,187.31,114.76,1.03,1.24,0.14,0.34,0.21,41.38,0.21
Pervis Estupiñán,ECU,DF,0,1,0,0,2023-2024,Brighton,25,15,1243,13.8,0.07,0.25,0.32,80.36,4.06,18.55,39.57,22.9,2.68,80.36,1.67,0.65,2.83,0.65,2.83,50.22,220.72,130.87,3.41,2.17,0.94,1.45,0.43,53.26,6.38
Jonny Evans,NIR,DF,0,1,0,0,2023-2024,Manchester Utd,35,15,1392,15.5,0.0,0.08,0.08,64.84,11.94,35.87,27.1,2.0,0.52,64.84,0.45,0.26,3.68,0.13,1.85,36.58,173.1,92.97,0.45,0.32,0.0,0.32,0.19,40.32,0.06
Eberechi Eze,ENG,"MF,FW",0,0,1,1,2023-2024,Crystal Palace,25,24,2055,22.8,0.4,0.23,0.62,55.88,0.48,5.31,22.89,28.86,4.52,55.83,6.14,3.03,2.16,2.81,2.0,34.61,211.49,92.02,2.98,2.68,1.89,3.38,2.11,38.9,6.1
Łukasz Fabiański,POL,GK,1,0,0,0,2023-2024,West Ham,38,7,721,8.0,0.0,0.0,0.0,32.5,27.75,31.88,0.62,0.0,0.0,32.5,0.0,0.0,,0.0,,17.5,102.75,73.12,0.0,0.0,0.0,0.0,0.0,11.75,0.0
Romain Faivre,FRA,"MF,FW",0,0,1,1,2023-2024,Bournemouth,25,0,41,0.5,0.34,0.0,0.34,74.0,2.0,6.0,30.0,38.0,6.0,74.0,14.0,4.0,57.2,6.0,85.8,48.0,430.0,242.0,8.0,8.0,0.0,6.0,2.0,62.0,8.0
Ansu Fati,ESP,"MF,FW",0,0,1,1,2023-2024,Brighton,20,3,521,5.8,0.59,0.14,0.73,51.72,0.69,4.66,24.31,23.28,7.41,51.72,3.1,0.86,4.79,1.55,8.62,36.55,176.72,77.76,2.76,0.86,1.55,2.59,1.72,41.03,8.62
Felipe,BRA,DF,0,1,0,0,2023-2024,Nott'ham Forest,34,4,375,4.2,0.03,0.01,0.04,61.19,5.24,31.67,27.62,2.14,0.95,61.19,0.48,0.24,11.9,0.24,11.9,35.0,164.76,85.95,0.24,0.24,0.0,0.71,0.24,37.14,0.0
Evan Ferguson,IRL,FW,0,0,0,1,2023-2024,Brighton,18,15,1367,15.2,0.3,0.04,0.34,29.47,0.86,4.21,13.42,12.17,2.96,29.47,1.05,0.46,2.88,0.39,2.47,18.82,85.46,27.24,0.86,0.59,0.33,2.63,2.04,22.11,4.08
Bruno Fernandes,POR,"MF,FW",0,0,1,1,2023-2024,Manchester Utd,28,35,3118,34.6,0.29,0.34,0.63,74.71,2.77,11.97,30.9,32.54,3.03,74.57,1.27,0.55,1.25,0.61,1.38,39.51,177.89,98.5,2.49,1.76,0.66,1.39,1.01,49.57,5.26
Enzo Fernández,ARG,MF,0,0,1,0,2023-2024,Chelsea,22,26,2209,24.5,0.25,0.14,0.39,86.86,2.73,18.04,49.35,19.92,1.92,86.78,1.8,0.94,2.13,0.69,1.58,53.67,248.16,126.9,2.12,1.88,0.33,1.18,0.98,68.37,2.2
John Fleck,SCO,"MF,DF",0,1,1,0,2023-2024,Sheffield Utd,31,1,92,1.0,0.0,0.44,0.44,49.0,3.0,10.0,29.0,11.0,1.0,49.0,1.0,0.0,0.0,0.0,0.0,19.0,81.0,39.0,2.0,1.0,0.0,2.0,0.0,27.0,0.0
Mark Flekken,NED,GK,1,0,0,0,2023-2024,Brentford,30,37,3285,36.5,0.0,0.01,0.01,45.42,34.74,43.4,2.03,0.0,0.0,45.42,0.11,0.08,2.05,0.03,0.68,25.48,141.56,79.67,0.0,0.0,0.0,0.0,0.0,22.19,0.0
Phil Foden,ENG,"FW,MF",0,0,1,1,2023-2024,Manchester City,23,33,2857,31.7,0.33,0.26,0.59,67.7,0.69,5.49,24.76,38.2,5.99,67.7,3.22,1.48,1.45,1.45,1.42,45.27,218.33,108.33,2.93,2.49,1.77,1.96,1.55,55.3,8.49
Wes Foderingham,ENG,GK,1,0,0,0,2023-2024,Sheffield Utd,32,29,2649,29.4,0.0,0.0,0.0,39.29,32.14,38.67,0.68,0.0,0.0,39.29,0.07,0.07,3.4,0.0,0.0,19.56,118.81,75.88,0.0,0.0,0.0,0.03,0.03,13.23,0.0
Pablo Fornals,ESP,"MF,FW",0,0,1,1,2023-2024,West Ham,27,4,426,4.7,0.07,0.07,0.13,58.94,1.49,11.28,27.23,20.85,4.26,58.94,2.55,1.28,10.64,1.06,8.87,33.19,137.23,54.47,0.85,1.49,0.43,1.7,1.7,37.45,5.74
Omari Forson,ENG,FW,0,0,0,1,2023-2024,Manchester Utd,19,1,70,0.8,0.04,0.23,0.27,48.75,0.0,2.5,31.25,15.0,1.25,48.75,2.5,1.25,62.5,1.25,62.5,36.25,143.75,42.5,1.25,3.75,0.0,1.25,0.0,38.75,2.5
Lyle Foster,RSA,"FW,MF",0,0,1,1,2023-2024,Burnley,22,22,1899,21.1,0.21,0.09,0.3,32.8,1.94,4.41,13.7,15.21,4.41,32.8,1.85,0.9,2.31,0.85,2.19,18.01,116.78,60.57,2.61,1.47,1.71,3.27,1.56,22.7,4.93
Matheus França,BRA,"MF,FW",0,0,1,1,2023-2024,Crystal Palace,19,1,232,2.6,0.14,0.34,0.48,45.77,1.15,11.92,17.31,19.62,3.46,45.77,5.38,1.54,11.0,3.46,24.73,31.15,277.69,143.08,4.62,4.23,1.92,1.54,2.69,28.08,4.62
Nathan Fraser,IRL,FW,0,0,0,1,2023-2024,Wolves,18,1,186,2.1,0.16,0.04,0.19,29.52,1.9,4.76,13.33,11.9,2.38,29.52,0.0,0.0,,0.0,,15.24,41.9,10.48,0.48,0.48,0.48,1.9,0.95,18.57,10.0
Cody Gakpo,NED,"FW,MF",0,0,1,1,2023-2024,Liverpool,24,17,1649,18.3,0.49,0.16,0.64,44.21,0.82,4.21,18.31,22.51,5.85,44.21,2.95,1.69,3.14,0.93,1.72,30.0,164.1,80.44,2.35,1.69,0.71,2.4,1.75,33.77,7.1
Conor Gallagher,ENG,MF,0,0,1,0,2023-2024,Chelsea,23,37,3128,34.8,0.12,0.15,0.27,70.2,2.21,13.45,35.09,22.79,2.27,70.2,1.87,1.09,1.68,0.52,0.8,41.75,208.13,85.6,1.78,1.55,0.4,1.98,1.12,49.97,3.51
Idrissa Gana Gueye,SEN,MF,0,0,1,0,2023-2024,Everton,33,24,1884,20.9,0.06,0.05,0.12,53.88,2.82,13.4,29.09,12.06,1.0,53.88,1.2,0.53,2.11,0.53,2.11,28.33,142.39,68.47,1.39,1.24,0.1,0.81,0.96,32.06,1.96
Alejandro Garnacho,ARG,FW,0,0,0,1,2023-2024,Manchester Utd,19,30,2565,28.5,0.29,0.18,0.47,46.04,0.46,6.32,14.14,26.0,8.7,46.04,4.6,1.68,1.28,2.21,1.69,32.98,281.89,147.75,6.25,2.91,3.58,2.42,1.72,35.33,9.86
James Garner,ENG,MF,0,0,1,0,2023-2024,Everton,22,34,3004,33.4,0.08,0.14,0.22,48.2,2.49,9.19,23.23,16.44,1.23,48.2,1.23,0.57,1.39,0.48,1.17,22.04,115.45,49.61,1.08,1.11,0.15,0.99,0.3,25.66,2.28
Saman Ghoddos,IRN,DF,0,1,0,0,2023-2024,Brentford,29,7,739,8.2,0.04,0.13,0.17,66.1,1.46,16.95,27.2,22.44,1.22,66.1,1.59,0.37,2.82,0.98,7.5,34.39,169.39,87.44,2.68,1.46,0.24,1.22,0.49,38.17,3.78
Morgan Gibbs-White,ENG,"MF,FW",0,0,1,1,2023-2024,Nott'ham Forest,23,35,3156,35.1,0.2,0.24,0.44,53.53,0.8,6.18,25.53,22.82,2.93,53.5,3.3,1.25,1.08,1.57,1.35,29.46,159.97,81.65,2.25,1.74,0.43,2.22,1.25,35.19,5.16
Bryan Gil,ESP,"FW,MF",0,0,1,1,2023-2024,Tottenham,22,2,209,2.3,0.32,0.09,0.41,83.04,1.3,10.87,28.7,43.91,7.83,83.04,4.78,3.48,31.61,1.3,11.87,59.57,324.35,147.83,4.78,2.61,2.17,3.91,3.04,67.39,21.3
Alfie Gilchrist,ENG,DF,0,1,0,0,2023-2024,Chelsea,19,2,207,2.3,0.14,0.0,0.14,76.96,6.09,31.3,24.78,21.3,2.17,76.96,0.43,0.43,43.48,0.0,0.0,33.91,114.35,56.52,0.43,0.43,0.0,0.87,0.87,41.74,1.74
Ryan Giles,ENG,"DF,MF",0,1,1,0,2023-2024,Luton Town,23,5,503,5.6,0.02,0.04,0.06,48.75,3.57,14.46,13.21,21.25,0.71,48.75,1.43,0.71,8.93,0.54,6.7,20.71,92.32,43.04,1.61,0.89,0.36,1.25,0.18,23.04,5.36
Billy Gilmour,SCO,MF,0,0,1,0,2023-2024,Brighton,22,24,2120,23.6,0.04,0.09,0.13,96.48,2.84,18.94,60.38,17.67,0.51,96.48,0.97,0.34,1.47,0.55,2.39,59.75,266.4,132.2,1.65,2.25,0.0,1.19,0.38,79.28,1.4
Ben Godfrey,ENG,DF,0,1,0,0,2023-2024,Everton,25,13,1120,12.4,0.14,0.02,0.16,52.82,5.4,17.82,21.37,13.87,1.53,52.82,1.13,0.4,2.88,0.73,5.19,18.79,93.39,46.05,0.89,0.97,0.0,0.81,0.48,22.82,2.1
André Gomes,POR,"MF,FW",0,0,1,1,2023-2024,Everton,30,3,508,5.6,0.05,0.07,0.13,62.86,1.79,10.18,31.96,21.61,1.96,62.86,2.14,0.54,4.46,1.43,11.91,32.68,155.0,59.46,1.43,1.25,0.54,1.43,1.07,41.43,5.18
João Gomes,BRA,MF,0,0,1,0,2023-2024,Wolves,22,32,2649,29.4,0.06,0.04,0.1,55.31,2.24,14.73,29.22,11.97,1.19,55.31,1.87,0.88,1.61,0.78,1.42,27.38,133.64,60.27,0.95,0.75,0.2,1.43,1.5,34.39,1.5
Toti Gomes,POR,DF,0,1,0,0,2023-2024,Wolves,24,31,2772,30.8,0.05,0.04,0.09,68.47,6.1,33.12,30.1,5.49,0.71,68.47,1.01,0.75,2.41,0.16,0.52,36.14,143.73,75.49,0.71,0.52,0.06,0.55,0.19,45.26,0.36
Joe Gomez,ENG,DF,0,1,0,0,2023-2024,Liverpool,26,17,1786,19.8,0.04,0.07,0.1,78.99,4.29,18.74,42.02,18.94,1.41,78.99,1.62,0.76,2.37,0.61,1.89,45.0,236.67,116.82,2.22,1.72,0.15,1.26,0.56,49.44,5.3
Sergio Gómez,ESP,"FW,MF",0,0,1,1,2023-2024,Manchester City,22,0,53,0.6,0.41,0.31,0.73,98.33,0.0,16.67,31.67,50.0,5.0,98.33,3.33,3.33,166.67,0.0,0.0,63.33,385.0,186.67,6.67,0.0,1.67,0.0,0.0,80.0,6.67
Enso Gonzalez,PAR,"MF,DF",0,1,1,0,2023-2024,Wolves,18,0,1,0.0,0.0,0.0,0.0,inf,,,inf,inf,,inf,,,,,,inf,inf,inf,,inf,,inf,,inf,inf
Anthony Gordon,ENG,FW,0,0,0,1,2023-2024,Newcastle Utd,22,34,2890,32.1,0.32,0.25,0.57,44.36,0.47,4.92,17.29,22.83,4.58,44.33,4.14,1.68,1.26,1.74,1.31,29.75,237.45,114.27,4.3,2.27,1.84,2.18,1.25,31.96,7.23
Kaide Gordon,ENG,FW,0,0,0,1,2023-2024,Liverpool,18,0,1,0.0,0.0,0.0,0.0,inf,,,,inf,inf,inf,,,,,,,,,,,,inf,,,
Daniel Gore,ENG,MF,0,0,1,0,2023-2024,Manchester Utd,18,0,1,0.0,0.0,0.0,0.0,inf,,,inf,inf,,inf,,,,,,inf,inf,inf,,,,,,inf,
Ryan Gravenberch,NED,MF,0,0,1,0,2023-2024,Liverpool,21,12,1121,12.5,0.16,0.07,0.23,55.68,1.36,6.72,27.76,21.76,3.36,55.68,4.0,1.84,3.68,1.76,3.52,34.56,196.64,109.52,3.12,2.24,0.8,3.68,1.04,37.76,5.68
Ivo Grbić,CRO,GK,1,0,0,0,2023-2024,Sheffield Utd,27,9,771,8.6,0.0,0.0,0.0,37.67,32.56,36.86,0.81,0.0,0.0,37.67,0.0,0.0,,0.0,,17.67,121.98,89.77,0.0,0.0,0.0,0.0,0.0,10.7,0.0
Jack Grealish,ENG,"FW,MF",0,0,1,1,2023-2024,Manchester City,27,10,1009,11.2,0.19,0.22,0.41,62.23,0.62,4.73,18.39,39.55,7.32,62.23,3.66,1.61,3.92,0.98,2.39,46.61,359.38,185.71,7.77,4.11,4.46,1.7,1.96,51.61,13.04
Pascal Groß,GER,"MF,DF",0,1,1,0,2023-2024,Brighton,32,34,3114,34.6,0.19,0.24,0.42,102.14,3.84,23.87,48.58,30.35,2.02,102.11,0.87,0.46,1.54,0.38,1.25,66.01,290.61,149.97,2.4,1.99,0.23,1.01,0.81,79.08,5.2
Marc Guéhi,ENG,DF,0,1,0,0,2023-2024,Crystal Palace,23,23,2021,22.5,0.03,0.03,0.05,66.71,8.71,33.82,30.13,2.98,0.53,66.71,0.58,0.31,2.39,0.18,1.37,39.91,186.22,97.82,0.67,0.4,0.04,0.4,0.09,44.93,0.31
Bruno Guimarães,BRA,MF,0,0,1,0,2023-2024,Newcastle Utd,25,37,3263,36.3,0.13,0.18,0.31,75.32,2.48,15.79,40.83,19.89,2.07,75.32,3.64,1.98,1.5,1.13,0.86,50.74,283.66,116.83,1.79,2.01,0.52,1.68,1.93,58.04,2.01
Malo Gusto,FRA,DF,0,1,0,0,2023-2024,Chelsea,20,19,1751,19.5,0.05,0.22,0.27,84.15,3.64,24.1,35.79,25.59,2.51,84.15,2.15,0.87,2.08,1.03,2.44,49.85,275.69,143.13,4.0,2.1,0.82,1.64,0.62,56.56,6.92
Joško Gvardiol,CRO,DF,0,1,0,0,2023-2024,Manchester City,21,26,2328,25.9,0.12,0.06,0.18,84.13,2.59,17.45,43.4,24.02,2.32,84.13,1.74,1.0,2.23,0.54,1.2,49.61,235.48,125.44,2.43,1.89,0.58,0.89,0.54,59.03,4.44
Erling Haaland,NOR,FW,0,0,0,1,2023-2024,Manchester City,23,29,2552,28.4,1.03,0.15,1.18,22.39,0.53,1.27,7.25,14.01,6.44,22.11,1.06,0.42,1.41,0.56,1.88,12.57,57.32,25.63,1.23,0.46,0.77,1.44,0.67,17.22,4.44
Antwoine Hackford,ENG,FW,0,0,0,1,2023-2024,Sheffield Utd,19,0,13,0.1,0.0,0.0,0.0,40.0,0.0,0.0,20.0,20.0,0.0,40.0,10.0,0.0,0.0,10.0,1000.0,30.0,110.0,20.0,0.0,10.0,0.0,10.0,0.0,30.0,0.0
Lewis Hall,ENG,DF,0,1,0,0,2023-2024,Newcastle Utd,18,8,781,8.7,0.04,0.03,0.07,76.78,4.02,29.31,32.76,15.75,1.38,76.78,2.07,1.03,5.75,0.8,4.47,39.43,204.94,118.97,2.18,1.84,0.57,1.03,1.49,45.98,3.1
Gustavo Hamer,NED,MF,0,0,1,0,2023-2024,Sheffield Utd,26,34,2910,32.3,0.09,0.19,0.28,43.44,1.95,8.85,20.06,15.02,1.36,43.44,1.8,0.87,1.5,0.87,1.5,19.32,102.66,48.67,1.11,0.8,0.4,1.15,0.53,23.56,2.66
Luke Harris,WAL,MF,0,0,1,0,2023-2024,Fulham,18,0,75,0.8,0.33,0.0,0.33,23.75,1.25,10.0,7.5,6.25,1.25,23.75,2.5,0.0,0.0,2.5,125.0,11.25,48.75,7.5,0.0,1.25,0.0,0.0,0.0,13.75,0.0
Jack Harrison,ENG,"MF,FW",0,0,1,1,2023-2024,Everton,26,25,2214,24.6,0.14,0.14,0.28,38.01,1.46,6.79,13.74,18.09,2.4,38.01,3.05,1.18,1.57,1.59,2.11,21.91,132.11,62.85,2.64,1.26,0.57,2.76,1.67,23.58,5.49
Daiki Hashioka,JPN,DF,0,1,0,0,2023-2024,Luton Town,24,6,595,6.6,0.02,0.1,0.12,53.79,7.73,25.0,20.76,8.33,0.3,53.79,0.3,0.15,7.58,0.15,7.58,27.88,121.06,45.91,0.45,0.45,0.0,1.21,0.91,31.21,2.42
Kai Havertz,GER,"MF,FW",0,0,1,1,2023-2024,Arsenal,24,30,2634,29.3,0.42,0.15,0.57,43.75,0.99,4.88,18.46,20.85,6.28,43.72,1.43,0.55,1.3,0.65,1.54,23.41,105.02,52.29,1.88,1.23,0.78,1.84,1.19,31.33,6.52
Jan Paul van Hecke,NED,DF,0,1,0,0,2023-2024,Brighton,23,26,2369,26.3,0.05,0.03,0.08,101.44,12.32,45.97,49.85,5.97,0.76,101.44,0.34,0.19,2.11,0.08,0.84,72.93,387.76,238.56,0.95,1.56,0.08,0.61,0.11,79.09,0.27
Hwang Hee-chan,KOR,"FW,MF",0,0,1,1,2023-2024,Wolves,27,25,2119,23.5,0.33,0.13,0.45,33.06,0.55,4.26,14.68,14.64,4.38,33.02,2.94,1.53,2.22,1.28,1.85,20.34,110.04,42.51,1.57,0.89,1.02,2.34,1.32,24.0,5.11
Dean Henderson,ENG,GK,1,0,0,0,2023-2024,Crystal Palace,26,18,1620,18.0,0.0,0.0,0.0,29.78,26.56,29.78,0.0,0.0,0.0,29.78,0.0,0.0,,0.0,,15.78,92.67,40.78,0.0,0.0,0.0,0.06,0.0,12.94,0.0
Rico Henry,ENG,DF,0,1,0,0,2023-2024,Brentford,26,5,401,4.5,0.02,0.22,0.24,50.44,3.11,17.33,20.67,13.11,1.56,50.44,2.22,1.56,15.56,0.22,2.22,25.56,155.11,82.67,2.89,0.67,0.67,1.78,1.56,28.0,2.67
Son Heung-min,KOR,FW,0,0,0,1,2023-2024,Tottenham,31,34,2934,32.6,0.37,0.36,0.73,41.53,0.25,2.67,14.05,25.25,6.5,41.47,2.82,1.2,1.3,1.44,1.57,28.44,174.48,91.69,3.65,1.35,1.96,1.69,1.26,33.74,9.97
Aaron Hickey,SCO,DF,0,1,0,0,2023-2024,Brentford,21,9,713,7.9,0.03,0.01,0.04,45.06,3.16,16.71,19.62,9.62,0.89,45.06,1.77,0.63,4.52,0.63,4.52,26.84,140.13,63.92,1.14,0.38,0.13,1.77,0.63,28.48,1.65
James Hill,ENG,DF,0,1,0,0,2023-2024,Bournemouth,21,1,76,0.8,0.0,0.0,0.0,77.5,12.5,32.5,30.0,15.0,0.0,77.5,1.25,0.0,0.0,1.25,125.0,22.5,51.25,8.75,0.0,1.25,0.0,1.25,1.25,25.0,1.25
Jack Hinshelwood,ENG,DF,0,1,0,0,2023-2024,Brighton,18,8,869,9.7,0.19,0.07,0.26,60.82,2.68,19.9,26.39,14.74,3.09,60.82,0.52,0.0,0.0,0.41,8.25,34.12,164.74,74.85,1.65,1.55,0.1,0.93,0.21,39.28,3.92
Mason Holgate,ENG,DF,0,1,0,0,2023-2024,Sheffield Utd,26,9,710,7.9,0.08,0.05,0.13,37.47,6.71,18.1,15.06,4.43,0.38,37.47,0.25,0.13,6.33,0.13,6.33,12.03,45.06,20.13,0.0,0.25,0.13,0.51,0.13,13.29,0.0
Callum Hudson-Odoi,ENG,"FW,MF",0,0,1,1,2023-2024,Nott'ham Forest,22,20,1854,20.6,0.13,0.14,0.27,45.24,0.92,6.26,14.47,25.44,3.74,45.24,3.88,2.09,2.61,1.31,1.64,31.46,245.29,148.25,5.39,2.77,1.89,1.65,1.6,34.17,8.4
Will Hughes,ENG,MF,0,0,1,0,2023-2024,Crystal Palace,28,23,1891,21.0,0.02,0.05,0.07,52.1,2.14,10.86,31.29,10.43,0.71,52.1,0.71,0.43,2.86,0.14,0.95,22.05,91.95,42.86,0.67,0.67,0.0,1.05,1.29,29.0,0.81
Pierre Højbjerg,DEN,MF,0,0,1,0,2023-2024,Tottenham,27,8,1311,14.6,0.05,0.08,0.13,108.49,4.32,25.82,62.53,21.16,1.1,108.49,1.58,0.82,3.58,0.68,2.98,69.38,290.34,124.66,1.16,1.71,0.14,1.37,0.62,84.32,1.99
Rasmus Højlund,DEN,FW,0,0,0,1,2023-2024,Manchester Utd,20,25,2158,24.0,0.32,0.07,0.38,25.5,0.83,2.54,10.92,12.38,4.0,25.5,1.58,0.75,1.98,0.75,1.98,14.79,86.75,45.33,1.46,1.08,0.58,2.08,1.21,17.88,4.62
Igor,BRA,DF,0,1,0,0,2023-2024,Brighton,25,17,1637,18.2,0.02,0.04,0.05,90.71,5.77,33.19,50.16,7.75,0.38,90.71,1.21,0.88,3.99,0.27,1.25,57.97,293.08,157.53,1.65,1.26,0.0,0.49,0.33,66.21,0.66
Danny Ings,ENG,FW,0,0,0,1,2023-2024,West Ham,31,3,404,4.5,0.28,0.06,0.34,36.67,1.78,4.44,15.11,17.56,5.33,36.67,2.89,1.33,10.27,1.33,10.27,20.89,84.67,28.67,1.56,0.44,0.67,2.0,0.89,23.78,6.44
Tim Iroegbunam,ENG,MF,0,0,1,0,2023-2024,Aston Villa,20,1,164,1.8,0.0,0.0,0.0,43.89,2.78,15.0,25.56,4.44,0.0,43.89,3.89,1.67,23.83,1.11,15.89,22.78,123.33,63.89,1.67,0.0,0.0,1.11,1.67,21.11,0.0
Alexander Isak,SWE,FW,0,0,0,1,2023-2024,Newcastle Utd,23,27,2255,25.1,0.81,0.15,0.96,28.88,0.76,1.83,11.91,15.42,5.54,28.69,2.95,1.67,2.26,1.12,1.51,16.77,121.59,64.26,2.71,1.24,1.51,1.95,0.92,20.36,5.14
Alex Iwobi,NGA,MF,0,0,1,0,2023-2024,Everton,27,2,140,1.6,0.21,0.14,0.35,36.25,0.0,3.12,10.62,23.75,1.88,36.25,2.5,1.88,46.88,0.62,15.62,20.62,197.5,138.12,3.75,3.12,1.25,1.88,0.62,21.25,5.0
Alex Iwobi,NGA,"FW,MF",0,0,1,1,2023-2024,Fulham,27,25,2192,24.4,0.22,0.19,0.41,52.54,0.78,7.79,23.98,22.01,3.32,52.54,2.95,1.52,2.11,1.31,1.82,35.49,240.0,122.09,4.47,3.28,1.11,2.05,1.15,41.15,7.17
Nicolas Jackson,SEN,FW,0,0,0,1,2023-2024,Chelsea,22,31,2799,31.1,0.6,0.14,0.74,32.09,0.9,3.02,14.47,15.43,4.86,32.09,3.38,1.74,1.65,1.16,1.1,19.81,147.23,68.23,2.25,1.41,1.03,2.8,2.12,24.18,6.43
Reece James,ENG,DF,0,1,0,0,2023-2024,Chelsea,23,5,419,4.7,0.07,0.37,0.44,83.19,5.53,25.11,32.55,26.38,4.26,83.19,3.19,1.91,12.77,0.85,5.68,46.17,225.74,116.6,4.04,1.7,0.64,1.28,1.28,52.13,7.45
Vitaly Janelt,GER,"MF,DF",0,1,1,0,2023-2024,Brentford,25,37,3054,33.9,0.05,0.14,0.19,50.24,3.39,15.13,22.77,12.89,2.12,50.24,0.53,0.24,1.31,0.21,1.15,26.34,104.99,45.96,0.74,0.74,0.09,0.8,0.29,31.06,2.39
Daniel Jebbison,ENG,FW,0,0,0,1,2023-2024,Sheffield Utd,19,0,21,0.2,0.0,0.0,0.0,45.0,0.0,0.0,25.0,20.0,10.0,45.0,0.0,0.0,,0.0,,25.0,30.0,5.0,0.0,0.0,0.0,5.0,0.0,20.0,5.0
Mathias Jensen,DEN,MF,0,0,1,0,2023-2024,Brentford,27,27,2204,24.5,0.03,0.16,0.19,58.78,1.96,11.76,28.12,19.39,0.86,58.78,1.8,0.73,1.67,0.94,2.13,26.16,120.86,51.63,0.78,0.69,0.12,1.27,0.73,31.35,2.69
Gabriel Jesus,BRA,FW,0,0,0,1,2023-2024,Arsenal,26,17,1478,16.4,0.39,0.23,0.62,47.68,0.98,4.57,15.06,28.78,8.48,47.68,4.57,2.13,2.85,1.83,2.44,29.82,161.83,69.88,2.32,1.28,1.52,3.72,2.32,34.57,9.45
Raúl Jiménez,MEX,FW,0,0,0,1,2023-2024,Fulham,32,18,1395,15.5,0.33,0.1,0.43,36.58,1.42,3.74,17.35,15.48,4.32,36.58,1.55,0.65,2.69,0.77,3.23,20.45,90.77,29.23,0.71,0.9,0.32,2.84,2.06,28.52,5.61
João Pedro,BRA,"FW,MF",0,0,1,1,2023-2024,Brighton,21,19,2045,22.7,0.53,0.17,0.69,52.69,1.41,4.63,20.93,27.71,8.11,52.47,4.71,1.89,1.77,1.98,1.85,34.67,220.4,101.1,3.66,1.85,2.07,3.66,2.78,41.81,9.03
Joelinton,BRA,"MF,FW",0,0,1,1,2023-2024,Newcastle Utd,26,15,1279,14.2,0.22,0.2,0.41,56.9,2.61,10.7,28.87,17.82,2.68,56.9,2.46,1.2,3.42,0.77,2.21,30.7,152.04,74.72,2.04,1.69,0.42,1.55,1.97,41.06,4.23
Ben Johnson,ENG,"DF,FW",0,1,0,1,2023-2024,West Ham,23,4,544,6.0,0.03,0.0,0.03,69.5,3.5,23.17,28.17,19.83,0.67,69.5,4.17,1.83,7.33,2.0,8.0,38.67,246.5,105.5,2.83,1.83,0.17,1.0,1.67,40.5,5.5
Brennan Johnson,WAL,FW,0,0,0,1,2023-2024,Tottenham,22,23,2085,23.2,0.44,0.35,0.79,42.11,0.6,4.05,13.62,24.91,6.64,42.11,3.06,1.08,1.52,1.68,2.37,27.5,169.74,90.13,4.18,1.51,2.07,1.51,0.82,32.24,12.63
Brennan Johnson,WAL,"FW,MF",0,0,1,1,2023-2024,Nott'ham Forest,22,3,237,2.6,0.12,0.08,0.21,32.69,0.77,5.77,14.62,13.08,3.46,32.69,2.69,0.77,11.0,1.15,16.5,19.23,143.08,78.85,3.08,1.54,1.15,1.54,0.77,20.0,5.38
Joseph Johnson,ENG,DF,0,1,0,0,2023-2024,Luton Town,17,0,77,0.9,0.0,0.0,0.0,40.0,4.44,20.0,17.78,2.22,0.0,40.0,0.0,0.0,,0.0,,20.0,83.33,10.0,0.0,0.0,0.0,0.0,1.11,28.89,1.11
Sam Johnstone,ENG,GK,1,0,0,0,2023-2024,Crystal Palace,30,20,1796,20.0,0.0,0.0,0.0,32.0,26.95,31.85,0.15,0.0,0.0,32.0,0.0,0.0,,0.0,,17.5,101.95,64.05,0.0,0.0,0.0,0.0,0.0,14.35,0.0
Curtis Jones,ENG,MF,0,0,1,0,2023-2024,Liverpool,22,14,1167,13.0,0.2,0.05,0.25,70.38,1.85,9.77,39.15,22.08,2.92,70.38,2.23,1.15,3.98,0.77,2.65,48.0,253.62,109.62,2.38,1.92,0.54,1.15,2.54,54.54,6.77
Jorginho,ITA,MF,0,0,1,0,2023-2024,Arsenal,31,10,921,10.2,0.01,0.13,0.14,85.39,2.45,15.1,46.96,23.43,0.49,85.39,0.49,0.2,3.92,0.29,5.88,51.08,190.29,92.65,0.78,1.08,0.0,0.49,0.39,65.78,0.78
Diogo Jota,POR,FW,0,0,0,1,2023-2024,Liverpool,26,14,1145,12.7,0.42,0.26,0.68,46.77,0.63,4.17,18.9,24.49,8.43,46.77,3.23,1.18,2.88,1.65,4.03,27.56,165.67,97.56,4.25,2.28,1.81,3.31,1.42,33.62,8.74
Mads Juel Andersen,DEN,DF,0,1,0,0,2023-2024,Luton Town,25,4,400,4.4,0.06,0.0,0.06,41.36,12.73,26.82,12.95,1.59,0.91,41.36,0.23,0.0,0.0,0.23,22.73,13.18,68.41,25.45,0.0,0.0,0.0,1.36,0.0,14.55,0.23
Hamed Junior Traorè,CIV,MF,0,0,1,0,2023-2024,Bournemouth,23,0,47,0.5,0.34,0.07,0.41,82.0,2.0,26.0,28.0,30.0,4.0,82.0,16.0,8.0,100.0,8.0,100.0,44.0,306.0,160.0,4.0,2.0,2.0,4.0,2.0,56.0,8.0
Mathias Jørgensen,DEN,DF,0,1,0,0,2023-2024,Brentford,33,12,1087,12.1,0.06,0.08,0.14,58.18,6.12,23.72,28.93,5.79,1.98,58.18,0.33,0.25,6.2,0.0,0.0,22.73,100.99,62.64,0.41,0.33,0.0,0.33,0.08,30.74,0.33
Issa Kaboré,BFA,DF,0,1,0,0,2023-2024,Luton Town,22,21,1729,19.2,0.01,0.11,0.12,51.3,4.11,17.14,20.1,14.74,0.94,51.3,2.19,0.94,2.23,0.94,2.23,23.7,163.23,81.15,3.12,1.72,0.52,1.3,0.42,23.39,4.43
Sasa Kalajdzic,AUT,FW,0,0,0,1,2023-2024,Wolves,26,1,166,1.8,0.57,0.52,1.09,48.89,2.78,11.11,24.44,13.33,3.89,48.89,0.56,0.56,55.56,0.0,0.0,25.56,79.44,26.67,0.56,0.56,0.0,1.11,2.78,37.78,5.0
Boubacar Kamara,FRA,MF,0,0,1,0,2023-2024,Aston Villa,23,20,1652,18.4,0.01,0.07,0.08,64.95,2.72,16.58,39.13,10.11,0.71,64.95,1.63,0.76,2.54,0.65,2.17,41.79,191.68,90.38,1.03,1.2,0.05,1.03,0.71,47.83,0.54
Willy Kambwala,FRA,DF,0,1,0,0,2023-2024,Manchester Utd,18,3,330,3.7,0.0,0.0,0.0,62.7,7.3,38.38,23.78,0.54,0.0,62.7,0.54,0.0,0.0,0.54,27.03,33.51,186.22,101.89,0.54,0.27,0.0,0.81,0.27,40.27,0.27
Thomas Kaminski,BEL,GK,1,0,0,0,2023-2024,Luton Town,30,38,3405,37.8,0.0,0.0,0.0,41.8,29.87,41.08,0.79,0.03,0.0,41.8,0.05,0.05,2.65,0.0,0.0,21.3,123.36,64.34,0.0,0.0,0.0,0.03,0.0,17.38,0.0
Loris Karius,GER,GK,1,0,0,0,2023-2024,Newcastle Utd,30,1,90,1.0,0.0,0.0,0.0,41.0,34.0,41.0,0.0,0.0,0.0,41.0,0.0,0.0,,0.0,,17.0,57.0,25.0,0.0,0.0,0.0,0.0,0.0,15.0,0.0
Michael Keane,ENG,DF,0,1,0,0,2023-2024,Everton,30,4,439,4.9,0.14,0.0,0.14,55.1,7.14,24.9,25.71,4.9,2.24,55.1,0.61,0.41,13.61,0.2,6.8,31.43,121.43,60.41,0.82,0.41,0.0,0.41,0.61,34.69,0.61
Thilo Kehrer,GER,"DF,MF",0,1,1,0,2023-2024,West Ham,26,0,22,0.2,0.0,0.0,0.0,60.0,10.0,10.0,40.0,10.0,0.0,60.0,0.0,0.0,,0.0,,15.0,75.0,25.0,0.0,0.0,0.0,0.0,0.0,30.0,5.0
Caoimhín Kelleher,IRL,GK,1,0,0,0,2023-2024,Liverpool,24,10,900,10.0,0.0,0.0,0.0,45.7,26.9,44.6,1.1,0.0,0.0,45.7,0.0,0.0,,0.0,,36.7,174.2,107.7,0.0,0.0,0.0,0.0,0.0,33.0,0.0
Lloyd Kelly,ENG,DF,0,1,0,0,2023-2024,Bournemouth,24,17,1559,17.3,0.02,0.07,0.09,61.56,7.34,24.97,27.98,9.02,0.64,61.56,0.23,0.12,2.89,0.0,0.0,31.21,154.91,83.87,0.87,0.58,0.12,1.16,0.35,33.06,1.62
Omari Kellyman,ENG,FW,0,0,0,1,2023-2024,Aston Villa,17,0,37,0.4,0.17,0.0,0.17,27.5,0.0,2.5,20.0,5.0,0.0,27.5,0.0,0.0,,0.0,,10.0,82.5,22.5,2.5,2.5,0.0,5.0,0.0,15.0,0.0
Milos Kerkez,HUN,DF,0,1,0,0,2023-2024,Bournemouth,19,22,1970,21.9,0.06,0.04,0.09,50.0,3.7,16.94,17.63,16.07,1.42,50.0,1.23,0.55,2.03,0.55,2.03,23.65,145.75,73.84,2.1,1.28,0.37,1.32,0.46,24.57,4.25
Kaine Kesler-Hayden,ENG,"MF,DF",0,1,1,0,2023-2024,Aston Villa,20,0,6,0.1,0.0,0.0,0.0,0.0,0.0,0.0,0.0,0.0,0.0,0.0,0.0,0.0,,0.0,,0.0,0.0,0.0,0.0,0.0,0.0,0.0,0.0,0.0,0.0
Max Kilman,ENG,DF,0,1,0,0,2023-2024,Wolves,26,38,3420,38.0,0.05,0.04,0.08,71.21,11.87,38.89,29.21,3.5,0.79,71.21,0.42,0.26,1.64,0.08,0.49,41.63,191.47,108.08,0.58,0.45,0.03,0.21,0.26,49.39,0.13
Jakub Kiwior,POL,DF,0,1,0,0,2023-2024,Arsenal,23,11,946,10.5,0.08,0.09,0.16,68.19,2.38,18.0,34.95,15.9,1.43,68.19,0.29,0.19,6.35,0.1,3.17,34.48,120.38,64.86,0.38,0.76,0.1,0.76,0.19,44.0,1.52
Justin Kluivert,NED,"MF,FW",0,0,1,1,2023-2024,Bournemouth,24,26,1916,21.3,0.29,0.09,0.38,32.58,0.61,4.04,10.52,18.64,5.07,32.58,3.15,1.13,1.68,1.92,2.87,19.44,137.56,77.18,3.05,1.74,1.64,2.35,1.41,20.75,5.35
Luca Koleosho,ITA,"MF,FW",0,0,1,1,2023-2024,Burnley,18,13,974,10.8,0.18,0.12,0.3,38.52,0.46,3.06,13.8,22.22,4.81,38.52,7.22,3.06,3.92,3.61,4.63,27.69,241.02,128.06,4.91,3.43,2.69,2.04,1.3,28.98,7.59
Ibrahima Konaté,FRA,DF,0,1,0,0,2023-2024,Liverpool,24,17,1574,17.5,0.04,0.02,0.06,92.69,4.91,30.46,58.17,4.57,0.91,92.69,0.57,0.34,3.43,0.06,0.57,61.77,328.4,205.14,1.37,0.97,0.0,0.46,0.29,66.4,0.17
Ezri Konsa,ENG,DF,0,1,0,0,2023-2024,Aston Villa,25,35,3069,34.1,0.07,0.02,0.09,69.18,7.01,28.48,33.61,7.57,1.06,69.18,1.0,0.56,1.64,0.18,0.52,45.01,203.23,108.5,1.09,0.59,0.09,0.76,0.5,48.94,0.97
Cheikhou Kouyaté,SEN,MF,0,0,1,0,2023-2024,Nott'ham Forest,33,2,212,2.4,0.12,0.02,0.14,45.0,4.17,12.5,20.42,12.08,2.08,45.0,0.83,0.42,20.83,0.42,20.83,15.42,46.67,19.17,0.0,0.42,0.0,1.25,1.25,20.0,2.08
Mateo Kovačić,CRO,MF,0,0,1,0,2023-2024,Manchester City,29,16,1551,17.2,0.07,0.09,0.17,98.2,1.92,13.14,62.73,22.97,0.93,98.2,1.86,1.16,3.63,0.41,1.27,66.34,354.13,158.9,2.15,2.97,0.06,0.93,1.4,83.2,2.21
Emil Krafth,SWE,DF,0,1,0,0,2023-2024,Newcastle Utd,28,8,913,10.1,0.02,0.1,0.12,65.45,4.75,27.62,23.86,14.36,0.99,65.45,0.59,0.3,4.95,0.2,3.3,35.45,157.23,71.29,1.19,0.89,0.1,0.79,0.3,41.88,3.27
Mohammed Kudus,GHA,"FW,MF",0,0,1,1,2023-2024,West Ham,22,27,2484,27.6,0.19,0.13,0.31,47.5,0.72,6.99,21.09,21.38,3.7,47.5,8.01,4.49,2.03,2.79,1.26,32.75,249.06,116.85,4.24,2.25,1.45,2.9,3.37,33.91,7.83
Dejan Kulusevski,SWE,"FW,MF",0,0,1,1,2023-2024,Tottenham,23,31,2762,30.7,0.15,0.25,0.4,52.87,0.39,5.44,16.38,32.05,7.36,52.87,4.2,1.76,1.36,2.15,1.67,38.08,250.16,125.6,4.92,1.99,2.67,2.8,2.12,40.03,12.64
Adam Lallana,ENG,"MF,FW",0,0,1,1,2023-2024,Brighton,35,13,850,9.4,0.09,0.18,0.27,61.06,0.53,8.51,28.51,24.36,4.68,61.06,1.38,0.32,2.46,0.96,7.36,37.66,139.36,51.38,0.96,1.28,0.43,1.49,1.91,52.23,5.85
Tariq Lamptey,GHA,"DF,FW",0,1,0,1,2023-2024,Brighton,22,10,914,10.2,0.04,0.12,0.16,53.43,2.06,12.75,21.67,19.31,2.06,53.43,1.86,0.59,3.1,0.78,4.13,34.71,205.1,119.41,3.82,1.67,1.18,2.16,0.2,37.45,6.27
Aymeric Laporte,ESP,DF,0,1,0,0,2023-2024,Manchester City,29,0,12,0.1,0.27,0.0,0.27,140.0,20.0,70.0,60.0,10.0,10.0,140.0,0.0,0.0,,0.0,,100.0,230.0,10.0,0.0,0.0,0.0,0.0,0.0,100.0,0.0
Yasser Larouci,ALG,DF,0,1,0,0,2023-2024,Sheffield Utd,22,6,531,5.9,0.04,0.05,0.09,44.41,4.92,17.12,18.98,9.49,1.19,44.41,2.88,1.69,9.97,1.19,6.98,23.22,207.63,125.59,3.05,2.2,0.68,0.17,0.85,22.71,2.03
Jamaal Lascelles,ENG,DF,0,1,0,0,2023-2024,Newcastle Utd,29,13,1080,12.0,0.06,0.01,0.07,72.67,8.42,33.08,36.42,3.42,1.67,72.67,0.25,0.08,2.78,0.08,2.78,43.25,207.75,121.75,0.67,0.5,0.0,0.17,0.33,52.83,0.25
Roméo Lavia,BEL,MF,0,0,1,0,2023-2024,Chelsea,19,0,33,0.4,0.0,0.0,0.0,75.0,2.5,5.0,65.0,5.0,0.0,75.0,0.0,0.0,,0.0,,55.0,207.5,100.0,0.0,0.0,0.0,0.0,0.0,65.0,0.0
Mario Lemina,GAB,MF,0,0,1,0,2023-2024,Wolves,29,34,2968,33.0,0.14,0.05,0.19,55.06,3.94,16.88,29.7,9.33,1.55,55.06,1.39,0.76,1.65,0.58,1.25,28.24,148.55,69.12,0.97,0.94,0.09,1.0,0.67,36.45,1.48
Clément Lenglet,FRA,DF,0,1,0,0,2023-2024,Aston Villa,28,14,1153,12.8,0.07,0.06,0.13,79.53,12.89,40.16,35.16,4.61,0.94,79.53,0.62,0.23,2.93,0.16,1.95,56.88,346.48,221.25,2.03,1.41,0.0,0.23,0.23,61.41,0.08
Bernd Leno,GER,GK,1,0,0,0,2023-2024,Fulham,31,38,3420,38.0,0.0,0.0,0.0,43.61,33.55,43.29,0.32,0.0,0.0,43.61,0.0,0.0,,0.0,,27.13,117.95,64.0,0.0,0.0,0.0,0.03,0.0,24.79,0.0
Jefferson Lerma,COL,"MF,DF",0,1,1,0,2023-2024,Crystal Palace,28,27,2400,26.7,0.1,0.08,0.18,56.67,3.71,15.47,30.79,10.86,1.5,56.67,0.75,0.41,2.06,0.22,1.12,27.53,113.6,52.81,0.52,0.64,0.07,0.97,0.52,33.45,1.91
Rico Lewis,ENG,"DF,MF",0,1,1,0,2023-2024,Manchester City,18,8,809,9.0,0.07,0.12,0.19,68.89,0.89,13.22,31.89,24.44,3.33,68.89,1.0,0.44,4.93,0.44,4.93,42.22,195.33,107.11,2.33,2.22,0.56,0.22,1.33,54.0,5.11
Keane Lewis-Potter,ENG,"FW,DF",0,1,0,1,2023-2024,Brentford,22,15,1441,16.0,0.39,0.11,0.5,37.75,2.0,6.69,10.81,20.62,5.25,37.75,3.62,1.31,2.26,2.06,3.56,23.12,176.38,102.0,3.5,2.0,1.5,1.88,1.12,26.06,8.44
Victor Lindelöf,SWE,DF,0,1,0,0,2023-2024,Manchester Utd,29,14,1328,14.8,0.05,0.02,0.07,70.07,6.89,31.49,31.28,7.7,1.01,70.07,0.07,0.07,6.76,0.0,0.0,41.89,207.91,109.53,1.15,0.95,0.0,0.34,0.2,47.7,1.15
Valentino Livramento,ENG,DF,0,1,0,0,2023-2024,Newcastle Utd,20,12,1314,14.6,0.03,0.05,0.08,65.55,4.32,21.16,29.32,15.89,1.85,65.55,2.05,1.16,3.88,0.55,1.83,35.68,202.19,100.21,3.01,1.16,0.55,1.16,1.23,39.93,5.21
Giovani Lo Celso,ARG,MF,0,0,1,0,2023-2024,Tottenham,27,4,506,5.6,0.1,0.34,0.45,101.79,2.32,15.18,52.14,35.89,3.39,101.79,2.5,1.43,10.2,0.54,3.82,64.46,337.68,168.93,4.46,3.57,0.0,2.14,1.25,81.43,5.18
Tom Lockyer,WAL,DF,0,1,0,0,2023-2024,Luton Town,28,14,1169,13.0,0.08,0.05,0.13,45.08,8.31,24.31,18.62,2.46,1.38,45.08,0.46,0.31,5.13,0.15,2.56,20.69,115.69,67.92,0.46,0.46,0.08,0.46,0.15,19.0,0.15
Sean Longstaff,ENG,MF,0,0,1,0,2023-2024,Newcastle Utd,25,30,2747,30.5,0.22,0.07,0.29,50.26,1.64,11.08,25.57,13.84,2.95,50.26,0.75,0.36,1.57,0.36,1.57,26.26,109.21,45.7,0.79,0.79,0.23,1.11,1.15,35.28,3.8
Max Lowe,ENG,"DF,MF",0,1,1,0,2023-2024,Sheffield Utd,26,4,503,5.6,0.1,0.13,0.23,36.25,4.11,13.93,11.43,11.25,1.07,36.25,0.89,0.36,7.14,0.54,10.71,11.79,48.39,18.75,0.89,0.36,0.18,1.07,0.0,15.71,1.96
Douglas Luiz,BRA,MF,0,0,1,0,2023-2024,Aston Villa,25,35,2993,33.3,0.21,0.16,0.37,70.6,2.43,15.59,37.72,17.96,1.14,70.48,1.41,0.72,1.53,0.48,1.02,41.86,225.89,106.97,1.8,1.44,0.12,0.99,0.93,49.19,1.5
Saša Lukić,SRB,MF,0,0,1,0,2023-2024,Fulham,26,13,1122,12.5,0.13,0.06,0.19,50.0,2.88,13.36,28.88,8.72,1.84,50.0,0.64,0.4,5.0,0.24,3.0,27.36,130.72,62.08,0.96,0.96,0.08,0.88,0.8,29.92,2.16
Ian Maatsen,NED,"FW,MF",0,0,1,1,2023-2024,Chelsea,21,1,209,2.3,0.35,0.04,0.39,77.83,3.04,21.3,24.35,32.61,3.48,77.83,1.74,0.0,0.0,1.74,43.48,43.48,241.3,136.96,3.91,2.17,0.87,3.48,3.04,50.87,6.52
Alexis Mac Allister,ARG,MF,0,0,1,0,2023-2024,Liverpool,24,31,2599,28.9,0.13,0.12,0.25,80.03,2.53,13.56,47.82,19.38,1.11,80.0,1.18,0.62,1.83,0.42,1.22,46.57,198.55,104.01,1.52,1.56,0.14,1.04,1.21,56.26,1.66
James Maddison,ENG,MF,0,0,1,0,2023-2024,Tottenham,26,26,2135,23.7,0.27,0.25,0.52,73.76,1.01,5.74,32.66,35.95,4.73,73.76,3.42,1.35,1.67,1.43,1.77,52.78,269.83,109.24,2.45,2.53,1.31,1.48,1.43,60.34,6.58
Noni Madueke,ENG,FW,0,0,0,1,2023-2024,Chelsea,21,13,1053,11.7,0.21,0.23,0.44,56.92,1.54,7.26,19.15,31.88,6.58,56.84,7.35,3.16,3.68,3.16,3.68,36.58,303.93,187.26,6.5,3.08,3.25,2.14,1.2,43.08,11.62
Gabriel Magalhães,BRA,DF,0,1,0,0,2023-2024,Arsenal,25,34,3044,33.8,0.13,0.02,0.15,72.4,9.5,31.04,34.79,6.92,1.24,72.4,0.15,0.06,1.18,0.06,1.18,42.81,177.54,102.22,0.38,1.09,0.03,0.36,0.09,50.36,0.24
Harry Maguire,ENG,DF,0,1,0,0,2023-2024,Manchester Utd,30,18,1653,18.4,0.11,0.07,0.18,71.36,10.92,34.02,32.77,4.84,1.96,71.36,0.11,0.0,0.0,0.11,5.43,38.15,252.07,150.6,1.09,0.71,0.11,0.49,0.11,42.5,0.11
Kobbie Mainoo,ENG,MF,0,0,1,0,2023-2024,Manchester Utd,18,24,1924,21.4,0.04,0.03,0.07,51.12,2.9,14.11,26.54,11.03,1.4,51.12,2.71,1.45,2.5,1.03,1.77,31.17,147.29,67.62,1.17,1.03,0.28,1.36,1.12,35.84,1.68
Orel Mangala,BEL,MF,0,0,1,0,2023-2024,Nott'ham Forest,25,19,1563,17.4,0.05,0.01,0.06,47.07,2.64,14.08,27.07,6.67,0.52,47.07,1.72,0.75,2.49,0.75,2.49,24.66,120.52,55.23,0.75,0.63,0.06,0.98,1.03,30.4,0.8
Benson Manuel,ANG,"MF,FW",0,0,1,1,2023-2024,Burnley,26,1,116,1.3,0.05,0.03,0.08,63.08,0.0,6.92,19.23,36.92,2.31,63.08,9.23,3.08,25.62,4.62,38.46,48.46,396.15,173.08,3.85,5.38,0.0,3.85,3.08,52.31,10.77
Solly March,ENG,"FW,DF",0,1,0,1,2023-2024,Brighton,29,7,554,6.2,0.32,0.16,0.47,54.19,1.94,11.45,19.84,23.39,2.9,54.19,2.9,1.29,7.16,1.29,7.16,31.94,157.26,79.19,2.26,1.13,0.48,1.29,1.61,34.03,7.1
Anthony Martial,FRA,FW,0,0,0,1,2023-2024,Manchester Utd,27,5,448,5.0,0.25,0.05,0.29,35.6,0.6,2.2,16.2,17.8,3.2,35.6,1.2,0.4,6.66,0.4,6.66,21.0,88.8,33.6,1.2,1.2,0.2,2.8,2.0,29.6,7.2
Gabriel Martinelli,BRA,FW,0,0,0,1,2023-2024,Arsenal,22,24,2019,22.4,0.31,0.27,0.58,55.4,0.54,4.29,14.06,37.68,8.75,55.4,5.09,1.79,1.57,2.72,2.39,38.21,261.74,133.08,5.67,2.19,3.66,2.41,1.83,42.68,15.4
Emiliano Martínez,ARG,GK,1,0,0,0,2023-2024,Aston Villa,30,34,3015,33.5,0.0,0.0,0.0,45.04,34.0,44.3,0.75,0.0,0.0,45.04,0.0,0.0,,0.0,,27.85,131.01,82.75,0.0,0.0,0.0,0.03,0.0,23.88,0.0
Lisandro Martínez,ARG,DF,0,1,0,0,2023-2024,Manchester Utd,25,8,646,7.2,0.0,0.01,0.01,70.83,10.42,32.5,35.97,2.5,0.28,70.83,0.56,0.28,6.94,0.14,3.47,46.94,246.53,147.5,1.11,0.42,0.0,0.14,0.42,48.75,0.14
Han-Noah Massengo,FRA,"MF,DF",0,1,1,0,2023-2024,Burnley,22,0,16,0.2,0.0,0.0,0.0,80.0,0.0,25.0,30.0,25.0,0.0,80.0,0.0,0.0,,0.0,,30.0,170.0,80.0,10.0,5.0,0.0,5.0,0.0,35.0,0.0
Pape Matar Sarr,SEN,MF,0,0,1,0,2023-2024,Tottenham,20,27,2069,23.0,0.15,0.1,0.25,68.78,2.78,12.3,36.09,21.13,1.91,68.78,1.65,0.83,2.17,0.74,1.94,45.26,257.04,98.39,1.87,2.52,0.13,1.61,0.65,52.04,3.91
Jean-Philippe Mateta,FRA,FW,0,0,0,1,2023-2024,Crystal Palace,26,25,2282,25.4,0.43,0.12,0.56,28.54,0.75,2.6,11.93,14.69,4.02,28.46,2.56,0.98,1.52,1.42,2.18,16.81,82.83,29.13,1.14,0.59,0.55,3.5,3.07,21.22,5.31
Joël Matip,CMR,DF,0,1,0,0,2023-2024,Liverpool,31,9,781,8.7,0.06,0.01,0.06,76.44,10.34,34.83,37.59,4.25,1.38,76.44,0.23,0.0,0.0,0.23,11.49,48.39,252.3,161.61,0.92,1.49,0.0,0.34,0.46,51.84,0.11
Alex Matos,ENG,MF,0,0,1,0,2023-2024,Chelsea,18,0,1,0.0,0.0,0.0,0.0,,,,,,,,,,,,,inf,inf,,,,,,inf,inf,
Remi Matthews,ENG,GK,1,0,0,0,2023-2024,Crystal Palace,29,0,4,0.0,0.0,0.0,0.0,inf,inf,inf,,,,inf,,,,,,inf,inf,,,,,,,inf,
Neal Maupay,FRA,FW,0,0,0,1,2023-2024,Brentford,26,13,1321,14.7,0.39,0.16,0.55,36.19,0.41,4.01,15.03,17.82,4.83,36.19,2.24,0.61,1.86,1.36,4.12,20.07,96.67,38.84,1.43,1.56,0.82,1.9,1.63,25.78,6.19
Neal Maupay,FRA,FW,0,0,0,1,2023-2024,Everton,26,1,111,1.2,1.16,0.05,1.22,33.33,0.83,0.83,17.5,15.83,6.67,33.33,0.0,0.0,,0.0,,16.67,74.17,28.33,0.83,0.83,0.83,5.0,2.5,23.33,5.0
Konstantinos Mavropanos,GRE,DF,0,1,0,0,2023-2024,West Ham,25,16,1500,16.7,0.07,0.01,0.08,49.16,7.01,25.21,22.28,2.04,1.14,49.16,0.36,0.12,1.99,0.12,1.99,23.53,140.0,80.78,0.6,0.06,0.06,0.42,0.0,25.09,0.12
Bryan Mbeumo,CMR,FW,0,0,0,1,2023-2024,Brentford,23,22,1960,21.8,0.45,0.21,0.66,47.94,1.19,4.95,16.06,27.48,5.09,47.8,3.58,1.19,1.53,1.93,2.47,30.6,198.44,97.02,3.39,2.39,1.74,3.07,1.79,33.35,8.94
James Mcatee,ENG,"MF,FW",0,0,1,1,2023-2024,Sheffield Utd,20,20,1822,20.2,0.15,0.15,0.3,38.81,1.14,5.89,15.59,18.12,3.37,38.76,4.55,1.63,1.78,2.57,2.8,22.33,160.59,71.78,2.77,1.63,0.89,2.43,1.98,23.51,5.45
James Mcatee,ENG,MF,0,0,1,0,2023-2024,Manchester City,20,0,1,0.0,0.0,0.0,0.0,inf,,,,inf,,inf,,,,,,,,,,,,,,,
Oliver McBurnie,SCO,FW,0,0,0,1,2023-2024,Sheffield Utd,27,15,1280,14.2,0.48,0.14,0.62,41.06,2.18,4.79,20.28,16.2,5.21,40.92,1.2,0.42,2.49,0.7,4.14,17.25,65.0,21.48,0.42,0.77,0.28,1.76,1.27,29.58,4.23
James McConnell,ENG,MF,0,0,1,0,2023-2024,Liverpool,18,0,4,0.0,0.0,0.0,0.0,inf,,inf,inf,inf,,inf,inf,,,,,inf,inf,inf,,inf,,inf,,inf,
John McGinn,SCO,"MF,FW",0,0,1,1,2023-2024,Aston Villa,28,35,2999,33.3,0.15,0.14,0.29,46.4,1.32,7.72,24.29,14.98,1.74,46.4,2.88,1.62,1.69,0.81,0.84,29.79,155.44,71.62,1.77,1.35,0.3,1.65,1.83,32.91,2.52
Scott McKenna,SCO,DF,0,1,0,0,2023-2024,Nott'ham Forest,26,5,416,4.6,0.05,0.04,0.08,53.04,9.35,30.87,20.0,2.39,1.09,53.04,0.0,0.0,,0.0,,22.17,79.35,38.48,0.22,0.0,0.0,0.65,0.0,23.26,0.0
Dwight McNeil,ENG,"MF,FW",0,0,1,1,2023-2024,Everton,23,33,2892,32.1,0.11,0.27,0.38,50.5,1.59,7.69,21.28,22.55,2.24,50.5,2.06,0.93,1.42,0.97,1.46,28.19,182.09,80.47,2.49,1.93,0.44,2.09,1.87,32.15,4.58
Scott McTominay,SCO,"MF,FW",0,0,1,1,2023-2024,Manchester Utd,26,18,1901,21.1,0.27,0.04,0.31,43.93,3.7,11.14,22.65,10.66,2.51,43.93,1.0,0.38,1.81,0.47,2.26,22.99,105.26,48.91,1.37,1.04,0.19,1.37,1.09,27.11,2.23
Ben Mee,ENG,DF,0,1,0,0,2023-2024,Brentford,33,15,1272,14.1,0.1,0.02,0.13,58.79,7.73,27.52,25.82,5.6,1.77,58.79,0.43,0.21,3.55,0.21,3.55,27.52,138.87,81.56,0.78,0.28,0.07,0.64,0.5,31.7,0.64
Hannibal Mejbri,TUN,"MF,FW",0,0,1,1,2023-2024,Manchester Utd,20,1,133,1.5,0.02,0.25,0.27,39.33,1.33,8.0,20.0,12.67,2.0,39.33,3.33,1.33,26.67,0.67,13.33,23.33,104.0,49.33,1.33,0.0,0.0,4.67,2.67,22.67,6.67
Teden Mengi,ENG,DF,0,1,0,0,2023-2024,Luton Town,21,28,2469,27.4,0.02,0.01,0.03,47.01,7.96,24.56,20.22,2.55,0.88,47.01,0.4,0.26,2.32,0.11,1.0,21.75,117.59,60.58,0.55,0.29,0.07,0.8,0.18,22.48,0.04
Chris Mepham,WAL,DF,0,1,0,0,2023-2024,Bournemouth,25,6,617,6.9,0.01,0.06,0.07,62.9,6.96,26.38,32.9,3.62,0.87,62.9,0.0,0.0,,0.0,,34.06,188.99,106.67,0.58,0.58,0.0,0.29,0.29,35.07,0.14
Lewis Miley,ENG,MF,0,0,1,0,2023-2024,Newcastle Utd,17,14,1202,13.4,0.09,0.13,0.22,50.3,2.69,12.24,22.76,15.82,2.61,50.3,1.27,0.6,3.51,0.6,3.51,26.12,124.18,48.81,1.04,0.52,0.45,1.19,0.75,32.46,4.03
James Milner,ENG,"DF,MF",0,1,1,0,2023-2024,Brighton,37,11,773,8.6,0.03,0.21,0.24,78.49,2.91,15.7,34.88,28.49,1.98,78.49,0.93,0.35,4.36,0.47,5.81,45.93,143.02,65.35,1.28,0.7,0.47,1.28,0.7,53.14,8.49
Tyrone Mings,ENG,DF,0,1,0,0,2023-2024,Aston Villa,30,1,30,0.3,0.02,0.07,0.09,26.67,10.0,16.67,6.67,3.33,3.33,26.67,0.0,0.0,,0.0,,13.33,26.67,10.0,0.0,0.0,0.0,3.33,0.0,13.33,0.0
Tyrick Mitchell,ENG,"DF,MF",0,1,1,0,2023-2024,Crystal Palace,23,37,3204,35.6,0.04,0.08,0.12,57.25,3.31,20.76,21.4,15.59,1.52,57.25,1.04,0.51,1.37,0.48,1.29,22.98,91.38,43.93,0.9,0.65,0.25,1.29,0.79,27.5,4.47
Kaoru Mitoma,JPN,FW,0,0,0,1,2023-2024,Brighton,26,15,1486,16.5,0.21,0.16,0.37,51.64,1.03,4.79,16.36,31.15,8.24,51.64,5.7,2.36,2.52,2.67,2.84,37.33,295.7,190.73,7.33,3.27,3.76,2.3,0.91,41.03,14.48
Aleksandar Mitrović,SRB,FW,0,0,0,1,2023-2024,Fulham,28,0,33,0.4,0.44,0.0,0.44,30.0,0.0,2.5,15.0,15.0,10.0,30.0,7.5,7.5,250.0,0.0,0.0,12.5,72.5,37.5,0.0,0.0,0.0,0.0,0.0,20.0,0.0
Jakub Moder,POL,"MF,DF",0,1,1,0,2023-2024,Brighton,24,6,618,6.9,0.08,0.11,0.2,56.23,3.33,15.36,26.09,15.36,2.03,56.23,1.74,0.87,7.25,0.72,6.04,31.59,142.75,61.3,1.45,1.16,0.29,1.59,0.87,37.54,3.77
Gonzalo Montiel,ARG,DF,0,1,0,0,2023-2024,Nott'ham Forest,26,8,801,8.9,0.01,0.15,0.17,53.26,5.28,19.66,20.9,13.15,1.46,53.26,0.11,0.11,11.24,0.0,0.0,23.48,103.37,63.6,1.01,1.12,0.0,0.79,0.34,26.85,3.6
Kieffer Moore,WAL,"FW,MF",0,0,1,1,2023-2024,Bournemouth,30,0,108,1.2,1.23,0.2,1.44,44.17,0.0,1.67,17.5,25.0,10.0,44.17,2.5,0.83,27.75,0.83,27.75,24.17,77.5,28.33,1.67,0.0,0.0,2.5,0.83,39.17,12.5
Mikey Moore,ENG,MF,0,0,1,0,2023-2024,Tottenham,15,0,4,0.0,0.0,0.0,0.0,inf,inf,inf,inf,inf,,inf,inf,,,inf,inf,inf,inf,inf,inf,inf,,inf,,inf,inf
Álex Moreno,ESP,DF,0,1,0,0,2023-2024,Aston Villa,30,11,1031,11.5,0.1,0.1,0.2,60.0,3.48,21.39,20.43,18.52,2.52,60.0,3.04,1.3,3.73,1.48,4.23,31.65,202.78,96.17,2.78,1.74,0.87,1.22,0.52,33.3,7.22
Carlton Morris,ENG,"FW,MF",0,0,1,1,2023-2024,Luton Town,27,32,2862,31.8,0.36,0.09,0.45,33.68,1.98,3.87,15.75,14.37,4.28,33.52,1.73,0.97,1.77,0.63,1.14,17.23,89.78,36.23,1.16,1.01,0.57,1.7,1.67,25.13,3.77
Mason Mount,ENG,"MF,FW",0,0,1,1,2023-2024,Manchester Utd,24,5,516,5.7,0.07,0.06,0.13,50.7,1.93,7.72,21.93,21.93,2.98,50.7,2.11,0.7,5.84,1.05,8.77,26.67,139.82,56.32,1.58,0.88,0.35,1.93,1.05,31.58,5.96
Divin Mubama,ENG,FW,0,0,0,1,2023-2024,West Ham,18,0,80,0.9,0.17,0.0,0.17,35.56,0.0,3.33,22.22,10.0,1.11,35.56,0.0,0.0,,0.0,,20.0,45.56,13.33,0.0,1.11,0.0,6.67,0.0,26.67,5.56
Mykhailo Mudryk,UKR,FW,0,0,0,1,2023-2024,Chelsea,22,18,1576,17.5,0.25,0.23,0.48,44.4,0.8,6.63,14.57,24.0,4.46,44.4,4.63,2.23,2.75,1.77,2.19,29.09,239.03,138.17,5.26,3.2,2.06,3.09,1.26,32.69,7.94
Rodrigo Muniz,BRA,FW,0,0,0,1,2023-2024,Fulham,22,18,1593,17.7,0.49,0.12,0.61,26.1,1.69,2.54,11.36,12.43,6.67,26.1,1.13,0.28,1.41,0.73,3.67,14.52,44.52,14.58,0.45,0.23,0.23,3.05,1.92,19.38,4.29
Daniel Muñoz,COL,"DF,MF",0,1,1,0,2023-2024,Crystal Palace,27,16,1439,16.0,0.08,0.15,0.23,59.19,3.38,16.38,25.69,17.75,2.62,59.19,1.75,0.81,2.9,0.75,2.68,24.06,115.06,54.56,1.56,1.06,0.31,1.31,0.44,29.06,5.0
Finley Munroe,ENG,MF,0,0,1,0,2023-2024,Aston Villa,18,0,4,0.0,0.0,0.0,0.0,inf,,inf,,,,inf,,,,,,,,,,,,,,inf,
Arijanet Muric,KVX,GK,1,0,0,0,2023-2024,Burnley,24,10,900,10.0,0.0,0.02,0.02,63.5,36.1,57.3,6.2,0.0,0.0,63.5,0.0,0.0,,0.0,,41.8,233.1,145.3,0.0,0.0,0.0,0.0,0.0,39.2,0.0
Murillo,BRA,DF,0,1,0,0,2023-2024,Nott'ham Forest,21,32,2789,31.0,0.06,0.04,0.1,59.61,11.52,33.65,23.58,3.03,0.97,59.61,1.13,0.65,1.84,0.48,1.38,31.77,176.94,109.61,0.71,0.48,0.1,0.65,0.48,35.16,0.23
Alex Murphy,IRL,"DF,FW",0,1,0,1,2023-2024,Newcastle Utd,19,0,13,0.1,0.0,0.0,0.0,210.0,0.0,40.0,150.0,20.0,0.0,210.0,0.0,0.0,,0.0,,160.0,720.0,370.0,0.0,0.0,0.0,10.0,0.0,160.0,0.0
Jacob Murphy,ENG,"FW,DF",0,1,0,1,2023-2024,Newcastle Utd,28,14,1189,13.2,0.16,0.37,0.54,50.45,1.82,8.41,17.35,25.68,4.02,50.45,2.05,0.98,3.64,0.98,3.64,28.86,165.08,74.32,2.5,2.05,1.14,1.44,1.06,32.88,8.56
Vitaliy Mykolenko,UKR,DF,0,1,0,0,2023-2024,Everton,24,28,2469,27.4,0.06,0.03,0.09,54.78,4.49,19.38,22.3,13.65,1.09,54.78,1.13,0.66,2.12,0.4,1.3,22.19,91.9,37.52,0.51,0.8,0.0,1.42,0.4,25.22,2.48
Marvelous Nakamba,ZIM,MF,0,0,1,0,2023-2024,Luton Town,29,13,1130,12.6,0.01,0.03,0.05,43.33,2.38,10.56,25.4,8.02,0.24,43.33,0.79,0.24,2.38,0.4,3.97,17.78,84.44,27.3,0.08,0.63,0.0,0.79,0.32,19.92,0.4
Michael Ndiweni,ENG,FW,0,0,0,1,2023-2024,Newcastle Utd,19,0,1,0.0,0.0,0.0,0.0,inf,,,inf,,,inf,,,,,,,,,,,,,,,
Reiss Nelson,ENG,FW,0,0,0,1,2023-2024,Arsenal,23,1,268,3.0,0.07,0.2,0.27,62.67,2.67,10.0,22.33,32.0,4.33,62.67,2.33,0.33,4.77,2.0,28.57,43.0,243.0,93.67,3.0,1.67,1.33,3.67,1.33,42.67,8.67
Zack Nelson,ENG,"MF,DF",0,1,1,0,2023-2024,Luton Town,18,0,7,0.1,0.0,0.0,0.0,60.0,0.0,30.0,30.0,0.0,0.0,60.0,0.0,0.0,,0.0,,20.0,90.0,20.0,0.0,0.0,0.0,10.0,0.0,20.0,0.0
Neto,BRA,GK,1,0,0,0,2023-2024,Bournemouth,34,32,2880,32.0,0.0,0.0,0.0,35.56,29.66,35.28,0.28,0.0,0.0,35.56,0.06,0.06,3.12,0.0,0.0,19.84,117.84,77.97,0.0,0.0,0.0,0.0,0.0,14.81,0.0
Pedro Neto,POR,"FW,MF",0,0,1,1,2023-2024,Wolves,23,18,1516,16.8,0.21,0.26,0.47,53.81,0.24,3.75,21.31,30.06,4.94,53.81,5.24,2.2,2.5,2.5,2.84,34.58,292.56,155.65,5.83,3.87,2.5,2.62,1.19,40.65,8.87
Moussa Niakhate,SEN,DF,0,1,0,0,2023-2024,Nott'ham Forest,27,15,1460,16.2,0.07,0.01,0.08,57.22,7.47,28.7,22.72,6.42,0.43,57.22,0.19,0.19,6.17,0.0,0.0,30.99,155.0,73.02,0.8,0.74,0.06,0.25,0.19,33.09,0.37
Eddie Nketiah,ENG,FW,0,0,0,1,2023-2024,Arsenal,24,10,1082,12.0,0.38,0.07,0.45,30.92,0.42,1.5,12.33,17.25,6.25,30.92,2.5,0.67,2.22,1.25,4.17,19.67,99.58,41.42,1.83,1.0,0.92,3.17,1.5,22.92,6.42
Christopher Nkunku,FRA,"FW,MF",0,0,1,1,2023-2024,Chelsea,25,2,443,4.9,0.47,0.05,0.52,49.8,1.02,5.1,19.39,26.12,5.51,49.8,1.63,0.41,5.1,1.02,12.76,29.39,123.67,60.82,2.04,1.22,0.41,3.47,1.63,41.22,7.14
Rhys Norrington-Davies,WAL,DF,0,1,0,0,2023-2024,Sheffield Utd,24,2,110,1.2,0.0,0.01,0.01,64.17,3.33,21.67,31.67,11.67,0.83,64.17,0.83,0.83,83.33,0.0,0.0,38.33,221.67,99.17,2.5,0.83,0.0,1.67,1.67,39.17,5.0
Oliver Norwood,NIR,MF,0,0,1,0,2023-2024,Sheffield Utd,32,16,1440,16.0,0.07,0.04,0.11,66.75,4.06,20.44,35.94,10.62,0.38,66.69,0.19,0.06,2.08,0.06,2.08,29.38,105.94,41.62,0.19,0.31,0.0,0.56,0.25,39.38,0.62
Matheus Nunes,POR,MF,0,0,1,0,2023-2024,Wolves,24,2,179,2.0,0.04,0.05,0.09,65.5,2.0,15.0,33.0,20.0,3.0,65.5,8.5,5.5,32.35,2.0,11.75,46.5,317.0,168.0,3.5,3.0,1.5,1.5,2.0,47.5,4.5
Matheus Nunes,POR,MF,0,0,1,0,2023-2024,Manchester City,24,7,661,7.3,0.11,0.15,0.27,72.47,1.78,8.08,32.05,33.29,4.93,72.47,3.15,1.23,5.36,1.78,7.74,47.53,274.11,132.05,3.84,3.01,1.37,2.6,1.64,60.0,7.95
Darwin Núñez,URU,FW,0,0,0,1,2023-2024,Liverpool,24,22,2047,22.7,0.72,0.27,0.98,34.23,0.57,1.81,9.87,23.17,8.46,34.19,1.94,0.66,1.5,0.88,2.0,20.62,118.68,56.34,2.56,1.54,1.59,2.33,1.28,25.33,9.07
Ethan Nwaneri,ENG,FW,0,0,0,1,2023-2024,Arsenal,16,0,14,0.2,0.0,0.15,0.15,100.0,0.0,0.0,45.0,55.0,10.0,100.0,5.0,0.0,0.0,0.0,0.0,80.0,615.0,330.0,10.0,10.0,0.0,0.0,0.0,85.0,5.0
Christian Nørgaard,DEN,MF,0,0,1,0,2023-2024,Brentford,29,30,2505,27.8,0.12,0.07,0.19,66.4,3.56,18.78,33.96,13.96,2.05,66.4,0.4,0.22,1.96,0.14,1.31,31.4,121.12,58.74,0.54,0.97,0.11,0.76,0.54,39.17,1.51
Mark O'Mahony,IRL,FW,0,0,0,1,2023-2024,Brighton,18,1,63,0.7,0.08,0.0,0.08,38.57,2.86,8.57,21.43,8.57,2.86,38.57,0.0,0.0,,0.0,,22.86,94.29,14.29,0.0,0.0,0.0,5.71,0.0,30.0,0.0
Dara O'Shea,IRL,DF,0,1,0,0,2023-2024,Burnley,24,32,2892,32.1,0.02,0.06,0.08,65.23,9.53,30.19,30.9,4.42,1.53,65.23,0.06,0.03,1.56,0.03,1.56,34.64,178.35,109.81,1.0,0.44,0.03,0.34,0.03,40.69,0.31
Michael Obafemi,IRL,"FW,MF",0,0,1,1,2023-2024,Burnley,23,0,20,0.2,0.4,0.0,0.4,45.0,0.0,0.0,15.0,30.0,20.0,45.0,15.0,15.0,500.0,0.0,0.0,30.0,160.0,55.0,0.0,0.0,0.0,0.0,5.0,30.0,15.0
Wilson Odobert,FRA,"MF,FW",0,0,1,1,2023-2024,Burnley,18,25,2098,23.3,0.12,0.14,0.26,36.22,1.12,6.18,13.09,17.85,4.21,36.22,4.72,2.27,2.07,2.1,1.91,23.39,195.79,125.28,4.38,2.4,2.06,2.06,1.29,25.75,5.28
Odeluga Offiah,ENG,DF,0,1,0,0,2023-2024,Brighton,20,1,128,1.4,0.0,0.0,0.0,62.14,0.71,22.14,19.29,22.14,1.43,62.14,4.29,2.86,47.64,0.71,11.93,42.14,298.57,191.43,6.43,3.57,0.71,0.71,0.0,45.71,6.43
Chiedozie Ogbene,IRL,"MF,DF",0,1,1,0,2023-2024,Luton Town,26,20,1995,22.2,0.19,0.14,0.33,48.02,2.12,9.05,17.34,23.06,3.96,48.02,5.45,2.75,2.27,1.98,1.64,29.28,273.42,167.12,5.72,3.33,2.03,2.66,0.95,29.73,6.76
Angelo Ogbonna,ITA,DF,0,1,0,0,2023-2024,West Ham,35,7,635,7.1,0.01,0.0,0.01,38.31,8.59,25.92,11.55,0.85,0.56,38.31,0.14,0.14,14.08,0.0,0.0,19.3,102.54,37.04,0.28,0.0,0.14,0.0,0.0,21.41,0.0
Michael Olakigbe,ENG,"DF,FW",0,1,0,1,2023-2024,Brentford,19,0,59,0.7,0.18,0.0,0.18,100.0,0.0,15.71,30.0,54.29,14.29,100.0,15.71,4.29,39.0,10.0,90.86,60.0,624.29,327.14,14.29,7.14,4.29,5.71,1.43,68.57,24.29
Michael Olise,FRA,"FW,MF",0,0,1,1,2023-2024,Crystal Palace,21,14,1275,14.2,0.39,0.41,0.8,67.54,0.7,7.18,27.89,34.01,5.63,67.46,5.85,2.82,3.39,2.32,2.8,39.65,280.21,155.63,4.79,3.52,1.9,2.89,2.32,48.73,9.44
Robin Olsen,SWE,GK,1,0,0,0,2023-2024,Aston Villa,33,4,405,4.5,0.0,0.0,0.0,48.0,44.44,47.78,0.22,0.0,0.0,48.0,0.0,0.0,,0.0,,29.11,139.11,67.33,0.0,0.0,0.0,0.0,0.0,25.56,0.0
Andrew Omobamidele,IRL,DF,0,1,0,0,2023-2024,Nott'ham Forest,21,8,783,8.7,0.02,0.01,0.03,45.86,8.74,25.52,18.85,1.61,0.57,45.86,0.0,0.0,,0.0,,24.94,124.37,49.31,0.11,0.0,0.0,0.34,0.0,28.28,0.0
Amadou Onana,BEL,MF,0,0,1,0,2023-2024,Everton,21,23,2091,23.2,0.09,0.11,0.2,55.65,2.63,12.07,31.21,12.8,1.25,55.65,1.16,0.52,1.91,0.34,1.28,28.32,128.66,59.31,0.91,1.29,0.22,0.86,0.43,36.16,1.68
André Onana,CMR,GK,1,0,0,0,2023-2024,Manchester Utd,27,38,3420,38.0,0.0,0.0,0.0,42.87,32.21,41.89,0.97,0.0,0.0,42.87,0.03,0.03,2.63,0.0,0.0,29.66,157.82,100.66,0.03,0.0,0.0,0.03,0.0,25.13,0.0
Ryan One,SCO,FW,0,0,0,1,2023-2024,Sheffield Utd,17,0,8,0.1,0.0,0.0,0.0,20.0,10.0,10.0,10.0,10.0,0.0,20.0,0.0,0.0,,0.0,,10.0,110.0,110.0,10.0,10.0,0.0,0.0,0.0,0.0,0.0
Tyler Onyango,ENG,MF,0,0,1,0,2023-2024,Everton,20,0,1,0.0,0.0,0.0,0.0,,,,,,,,,,,,,,,,,,,,,,
Fred Onyedinma,ENG,"DF,MF",0,1,1,0,2023-2024,Luton Town,26,4,407,4.5,0.04,0.02,0.06,44.0,2.89,12.22,15.33,16.89,3.56,44.0,2.44,0.44,4.04,1.78,16.16,18.89,114.22,48.67,2.0,1.33,0.89,2.67,2.22,20.0,4.67
Frank Onyeka,NGA,MF,0,0,1,0,2023-2024,Brentford,25,11,1161,12.9,0.17,0.14,0.31,45.35,2.48,9.92,22.48,13.72,2.17,45.35,2.25,0.85,2.94,1.09,3.74,25.19,125.89,45.97,1.32,1.16,0.31,2.56,0.93,26.05,3.02
Divock Origi,BEL,FW,0,0,0,1,2023-2024,Nott'ham Forest,28,6,606,6.7,0.21,0.31,0.51,33.58,0.45,3.43,15.37,15.67,3.88,33.58,3.58,1.34,5.6,1.79,7.46,21.49,136.42,61.04,2.84,1.34,1.34,2.39,1.49,25.67,6.12
Stefan Ortega,GER,GK,1,0,0,0,2023-2024,Manchester City,30,5,635,7.1,0.0,0.0,0.0,39.72,30.0,39.3,0.42,0.0,0.0,39.72,0.0,0.0,,0.0,,27.18,119.3,67.61,0.0,0.0,0.0,0.0,0.0,26.34,0.0
Ben Osborn,ENG,"DF,MF",0,1,1,0,2023-2024,Sheffield Utd,28,14,1367,15.2,0.01,0.06,0.07,48.36,2.43,13.82,20.72,14.21,0.59,48.36,0.92,0.46,3.29,0.46,3.29,24.61,108.29,49.34,1.05,0.72,0.07,0.92,0.66,27.57,2.89
Gabriel Osho,NGA,DF,0,1,0,0,2023-2024,Luton Town,24,21,1846,20.5,0.05,0.01,0.06,47.22,8.73,26.1,18.73,2.93,0.98,47.22,0.59,0.34,2.84,0.24,2.03,22.49,106.63,53.66,0.49,0.44,0.05,0.59,0.49,23.51,0.2
William Osula,DEN,FW,0,0,0,1,2023-2024,Sheffield Utd,19,9,786,8.7,0.19,0.01,0.2,22.99,1.03,2.76,8.97,11.95,3.22,22.99,1.95,0.34,2.02,1.38,8.11,12.41,69.66,25.75,0.8,0.92,0.34,3.68,1.72,16.09,4.71
Dango Ouattara,BFA,"FW,DF",0,1,0,1,2023-2024,Bournemouth,21,12,1229,13.7,0.19,0.11,0.3,57.15,2.7,15.33,19.93,23.14,5.04,57.15,3.43,1.53,3.26,1.46,3.11,26.64,189.56,102.85,3.43,1.75,1.31,1.68,0.88,29.56,6.57
David Ozoh,ENG,"MF,DF",0,1,1,0,2023-2024,Crystal Palace,18,0,156,1.7,0.0,0.0,0.0,42.94,0.59,11.18,25.88,6.47,0.0,42.94,1.76,0.59,19.59,1.18,39.24,21.76,94.71,22.94,1.18,1.18,0.0,1.18,2.35,24.71,1.76
João Palhinha,POR,MF,0,0,1,0,2023-2024,Fulham,28,31,2699,30.0,0.11,0.03,0.14,58.67,4.0,18.97,32.23,8.1,1.37,58.67,0.73,0.37,1.67,0.3,1.36,26.73,94.53,35.13,0.27,0.4,0.0,0.97,0.87,33.83,0.47
Cole Palmer,ENG,"FW,MF",0,0,1,1,2023-2024,Chelsea,21,29,2607,29.0,0.63,0.38,1.01,60.48,0.76,6.31,25.59,29.38,4.34,60.17,3.59,1.79,1.72,1.59,1.52,39.59,249.52,120.41,4.03,2.28,1.59,1.97,1.52,46.97,6.72
Cole Palmer,ENG,MF,0,0,1,0,2023-2024,Manchester City,21,0,11,0.1,0.0,0.0,0.0,60.0,0.0,0.0,40.0,20.0,0.0,60.0,0.0,0.0,,0.0,,60.0,350.0,40.0,0.0,0.0,0.0,10.0,0.0,60.0,0.0
Emerson Palmieri,ITA,DF,0,1,0,0,2023-2024,West Ham,28,35,3137,34.9,0.04,0.07,0.11,62.12,4.81,19.46,28.31,14.93,1.12,62.12,1.83,0.69,1.07,0.92,1.43,30.29,157.36,79.94,1.69,1.35,0.26,1.03,0.49,35.59,3.55
Lucas Paquetá,BRA,"FW,MF",0,0,1,1,2023-2024,West Ham,25,31,2622,29.1,0.18,0.18,0.37,63.4,1.44,10.96,34.98,18.32,2.16,63.33,2.65,1.41,1.83,1.0,1.3,37.9,154.26,60.86,1.17,1.37,0.41,2.47,2.78,46.39,3.99
Ben Parkinson,ENG,FW,0,0,0,1,2023-2024,Newcastle Utd,18,0,25,0.3,0.0,0.0,0.0,20.0,6.67,6.67,3.33,10.0,0.0,20.0,0.0,0.0,,0.0,,0.0,0.0,0.0,0.0,0.0,0.0,0.0,0.0,6.67,0.0
Thomas Partey,GHA,"MF,DF",0,1,1,0,2023-2024,Arsenal,30,9,788,8.8,0.05,0.03,0.08,80.34,2.61,15.68,48.07,17.5,0.68,80.34,1.48,1.02,7.86,0.23,1.75,51.48,253.07,128.3,1.7,2.05,0.11,0.91,0.91,60.0,1.14
Nathan Patterson,SCO,DF,0,1,0,0,2023-2024,Everton,21,9,1005,11.2,0.03,0.15,0.18,60.45,4.38,17.77,24.55,18.66,0.8,60.45,1.61,0.62,3.47,0.89,4.96,25.98,112.77,57.32,1.52,1.25,0.36,1.7,0.54,30.18,3.48
Myles Peart-Harris,ENG,"DF,MF",0,1,1,0,2023-2024,Brentford,20,0,13,0.1,0.0,0.12,0.12,110.0,0.0,10.0,30.0,70.0,10.0,110.0,0.0,0.0,,0.0,,80.0,640.0,370.0,20.0,10.0,0.0,0.0,20.0,80.0,10.0
Sydie Peck,ENG,MF,0,0,1,0,2023-2024,Sheffield Utd,18,0,10,0.1,0.0,0.0,0.0,10.0,0.0,0.0,10.0,0.0,0.0,10.0,0.0,0.0,,0.0,,0.0,0.0,0.0,0.0,0.0,0.0,0.0,0.0,10.0,0.0
Facundo Pellistri,URU,"FW,MF",0,0,1,1,2023-2024,Manchester Utd,21,1,172,1.9,0.38,0.05,0.43,61.58,2.63,12.11,19.47,30.53,6.84,61.58,5.79,2.63,23.95,2.11,19.16,38.95,253.68,97.37,3.16,3.68,2.11,2.11,2.11,41.58,16.32
Andreas Pereira,BRA,MF,0,0,1,0,2023-2024,Fulham,27,34,2613,29.0,0.16,0.24,0.4,52.28,0.69,5.55,22.83,24.24,2.21,52.28,1.41,0.66,1.6,0.76,1.85,28.59,153.79,69.52,1.93,1.76,0.45,1.69,1.41,34.93,4.31
Ivan Perišić,CRO,FW,0,0,0,1,2023-2024,Tottenham,34,0,103,1.1,0.1,0.75,0.85,84.55,2.73,21.82,18.18,44.55,9.09,84.55,6.36,3.64,51.91,2.73,39.0,59.09,361.82,251.82,13.64,4.55,5.45,1.82,0.0,67.27,15.45
Đorđe Petrović,SRB,GK,1,0,0,0,2023-2024,Chelsea,23,22,1987,22.1,0.0,0.0,0.0,38.69,34.16,38.55,0.14,0.0,0.0,38.69,0.0,0.0,,0.0,,21.81,93.94,49.91,0.0,0.0,0.0,0.05,0.0,21.49,0.0
Kalvin Phillips,ENG,MF,0,0,1,0,2023-2024,West Ham,27,3,309,3.4,0.02,0.0,0.02,63.24,2.06,12.65,45.0,6.18,0.29,63.24,1.47,0.29,5.88,1.18,23.53,32.35,172.06,70.59,0.88,0.29,0.0,1.18,0.88,40.0,1.18
Kalvin Phillips,ENG,MF,0,0,1,0,2023-2024,Manchester City,27,0,93,1.0,0.07,0.0,0.07,87.0,3.0,14.0,52.0,23.0,1.0,87.0,3.0,1.0,33.3,2.0,66.7,51.0,402.0,221.0,7.0,5.0,1.0,4.0,2.0,57.0,3.0
Jaden Philogene Bidace,ENG,FW,0,0,0,1,2023-2024,Aston Villa,21,0,4,0.0,0.0,0.0,0.0,inf,,inf,inf,inf,inf,inf,,,,,,inf,inf,inf,inf,inf,inf,,,inf,inf
Jordan Pickford,ENG,GK,1,0,0,0,2023-2024,Everton,29,38,3420,38.0,0.0,0.0,0.0,44.21,29.11,40.63,3.71,0.0,0.0,44.21,0.03,0.03,2.63,0.0,0.0,23.79,158.26,102.34,0.03,0.0,0.0,0.0,0.0,20.34,0.0
Ethan Pinnock,JAM,DF,0,1,0,0,2023-2024,Brentford,30,28,2521,28.0,0.07,0.04,0.11,63.14,10.82,35.75,23.61,4.04,1.54,63.14,0.36,0.21,2.14,0.11,1.07,32.93,181.96,112.86,0.39,0.18,0.04,0.39,0.14,36.61,0.57
Nick Pope,ENG,GK,1,0,0,0,2023-2024,Newcastle Utd,31,15,1345,14.9,0.0,0.0,0.0,29.13,24.56,28.72,0.34,0.07,0.07,29.13,0.0,0.0,,0.0,,14.56,76.98,42.48,0.0,0.0,0.0,0.0,0.0,11.54,0.0
Pedro Porro,ESP,DF,0,1,0,0,2023-2024,Tottenham,23,35,3089,34.3,0.09,0.21,0.3,81.22,4.69,22.83,32.01,27.08,2.01,81.22,1.66,0.76,1.33,0.7,1.23,39.91,159.88,85.28,1.66,1.34,0.29,1.08,0.44,48.69,4.61
Jarell Quansah,ENG,DF,0,1,0,0,2023-2024,Liverpool,20,13,1190,13.2,0.08,0.01,0.08,97.27,6.97,39.47,54.85,3.48,0.61,97.27,0.53,0.3,4.33,0.23,3.25,67.73,374.47,189.17,0.98,0.76,0.0,0.23,0.15,72.12,0.08
Ionuț Radu,ROU,GK,1,0,0,0,2023-2024,Bournemouth,26,2,180,2.0,0.0,0.0,0.0,35.0,32.0,35.0,0.0,0.0,0.0,35.0,0.0,0.0,,0.0,,25.5,107.5,50.5,0.0,0.0,0.0,0.0,0.0,20.0,0.0
Jesurun Rak Sakyi,ENG,"MF,FW",0,0,1,1,2023-2024,Crystal Palace,20,0,136,1.5,0.28,0.1,0.38,51.33,0.67,6.67,12.67,32.0,8.67,51.33,6.67,2.67,26.67,3.33,33.33,30.67,168.0,96.67,4.67,2.0,3.33,2.67,2.0,36.0,12.0
Aaron Ramsdale,ENG,GK,1,0,0,0,2023-2024,Arsenal,25,6,540,6.0,0.0,0.0,0.0,32.83,23.33,31.0,1.83,0.0,0.0,32.83,0.0,0.0,,0.0,,22.83,116.17,66.5,0.0,0.0,0.0,0.17,0.0,17.33,0.0
Aaron Ramsey,ENG,"MF,FW",0,0,1,1,2023-2024,Burnley,20,5,527,5.9,0.06,0.07,0.13,38.64,2.54,10.68,17.29,11.02,1.53,38.64,1.69,0.51,5.08,1.02,10.17,19.83,87.12,28.47,1.36,0.85,0.68,1.86,1.69,24.07,2.88
Jacob Ramsey,ENG,"FW,MF",0,0,1,1,2023-2024,Aston Villa,22,8,853,9.5,0.23,0.11,0.34,45.58,1.05,7.26,18.74,20.53,4.95,45.58,2.11,0.84,4.21,1.16,5.79,28.63,187.89,88.74,3.47,2.0,1.16,1.89,2.21,33.05,7.26
Marcus Rashford,ENG,FW,0,0,0,1,2023-2024,Manchester Utd,25,26,2271,25.2,0.29,0.09,0.38,40.67,0.95,4.92,13.69,22.66,5.16,40.6,4.33,1.9,1.75,2.1,1.93,27.38,197.54,94.96,3.77,2.02,2.54,2.34,1.51,31.71,7.34
David Raya,ESP,GK,1,0,0,0,2023-2024,Arsenal,27,32,2880,32.0,0.0,0.0,0.0,34.34,23.88,33.12,1.22,0.0,0.0,34.34,0.0,0.0,,0.0,,22.75,107.56,62.25,0.0,0.0,0.0,0.03,0.0,19.91,0.0
Tim Ream,USA,DF,0,1,0,0,2023-2024,Fulham,35,17,1503,16.7,0.06,0.0,0.06,72.22,9.58,35.03,35.93,1.8,0.42,72.22,0.42,0.36,5.13,0.06,0.86,44.25,248.92,163.05,0.66,0.36,0.12,0.36,0.18,48.56,0.18
Nathan Redmond,ENG,"FW,MF",0,0,1,1,2023-2024,Burnley,29,0,142,1.6,0.0,0.19,0.19,55.0,1.88,6.25,19.38,31.25,5.62,55.0,3.75,2.5,41.69,1.25,20.81,35.62,271.88,181.88,4.38,3.12,0.62,0.62,1.25,41.88,13.75
Harrison Reed,ENG,MF,0,0,1,0,2023-2024,Fulham,28,15,1325,14.7,0.02,0.07,0.09,60.07,2.31,14.56,33.2,12.38,0.68,60.07,0.68,0.34,3.4,0.34,3.4,30.54,116.67,40.14,0.68,0.68,0.07,1.29,0.88,41.02,2.72
Sergio Reguilón,ESP,DF,0,1,0,0,2023-2024,Manchester Utd,26,4,412,4.6,0.04,0.16,0.2,82.17,1.74,15.22,33.7,33.7,1.96,82.17,2.39,0.65,5.93,0.87,7.91,40.0,184.13,95.87,2.39,0.87,0.43,1.74,0.22,47.17,8.26
Sergio Reguilón,ESP,DF,0,1,0,0,2023-2024,Brentford,26,14,1118,12.4,0.06,0.23,0.29,57.1,4.44,19.52,20.4,18.39,1.77,57.1,2.1,1.05,4.03,0.89,3.41,25.65,160.32,93.55,2.74,2.02,0.16,1.77,0.4,26.77,3.23
Bobby Reid,JAM,FW,0,0,0,1,2023-2024,Fulham,30,17,1423,15.8,0.28,0.11,0.4,42.47,1.46,6.2,19.05,17.53,3.48,42.47,1.58,0.51,2.03,0.76,3.04,24.62,118.67,56.96,2.22,1.14,0.7,2.09,0.63,30.06,6.01
Gio Reyna,USA,"FW,MF",0,0,1,1,2023-2024,Nott'ham Forest,20,2,235,2.6,0.11,0.18,0.29,66.54,0.77,6.92,27.31,32.31,4.62,66.54,2.69,1.15,16.5,1.54,21.96,31.92,125.77,38.85,1.15,0.77,0.77,3.08,1.54,46.54,5.38
Rodrigo Ribeiro,POR,"MF,FW",0,0,1,1,2023-2024,Nott'ham Forest,18,0,17,0.2,0.0,0.0,0.0,60.0,0.0,5.0,20.0,35.0,10.0,60.0,5.0,0.0,0.0,5.0,500.0,35.0,295.0,215.0,10.0,5.0,0.0,0.0,5.0,40.0,5.0
Declan Rice,ENG,MF,0,0,1,0,2023-2024,Arsenal,24,37,3225,35.8,0.09,0.15,0.24,74.02,2.79,16.23,39.05,19.44,1.87,74.02,1.28,0.59,1.28,0.56,1.22,46.79,284.75,143.55,2.09,1.96,0.45,0.87,0.61,53.85,1.79
Chris Richards,USA,"DF,MF",0,1,1,0,2023-2024,Crystal Palace,23,23,2094,23.3,0.03,0.02,0.04,51.29,6.74,23.91,24.38,3.3,0.9,51.29,0.04,0.04,4.29,0.0,0.0,24.64,99.27,38.2,0.04,0.26,0.0,0.3,0.17,29.1,0.04
Richarlison,BRA,FW,0,0,0,1,2023-2024,Tottenham,26,18,1491,16.6,0.58,0.13,0.7,39.28,1.99,5.3,14.94,19.4,7.29,39.28,2.23,0.6,1.63,1.39,3.75,23.73,99.76,42.89,1.57,0.66,1.02,3.19,2.41,27.65,6.39
Jaïro Riedewald,NED,"MF,FW",0,0,1,1,2023-2024,Crystal Palace,26,2,235,2.6,0.01,0.0,0.01,53.08,1.15,8.85,30.38,14.23,2.31,53.08,1.15,0.38,12.81,0.77,25.65,24.23,93.46,30.38,1.15,0.0,0.77,1.54,0.77,32.31,1.15
Matt Ritchie,SCO,"FW,MF",0,0,1,1,2023-2024,Newcastle Utd,33,0,128,1.4,0.68,0.0,0.68,89.29,4.29,18.57,30.0,40.71,6.43,89.29,1.43,0.0,0.0,0.71,35.71,41.43,209.29,114.29,3.57,3.57,1.43,2.14,0.71,60.71,9.29
Connor Roberts,WAL,DF,0,1,0,0,2023-2024,Burnley,27,8,823,9.1,0.0,0.02,0.02,61.21,3.08,20.0,28.46,13.19,0.66,61.21,0.22,0.0,0.0,0.22,10.99,33.96,127.8,68.13,0.66,1.1,0.0,0.33,0.11,39.34,1.43
Andrew Robertson,SCO,DF,0,1,0,0,2023-2024,Liverpool,29,18,1693,18.8,0.1,0.29,0.39,91.12,3.56,20.59,41.97,29.15,2.93,91.12,0.9,0.27,1.56,0.64,3.76,52.07,245.9,140.32,3.35,2.13,0.32,0.96,0.32,61.7,6.91
Antonee Robinson,USA,DF,0,1,0,0,2023-2024,Fulham,25,37,3265,36.3,0.02,0.11,0.13,69.86,4.55,25.62,26.91,18.18,1.74,69.86,2.23,1.02,1.26,0.96,1.19,34.9,207.91,110.3,2.73,1.93,0.25,1.29,0.44,37.91,5.34
Jack Robinson,ENG,DF,0,1,0,0,2023-2024,Sheffield Utd,29,31,2885,32.1,0.04,0.04,0.08,48.82,7.32,24.7,18.88,5.51,0.97,48.82,0.34,0.16,1.42,0.09,0.85,21.37,92.09,44.89,0.25,0.19,0.06,0.56,0.16,24.49,0.44
Rodri,ESP,MF,0,0,1,0,2023-2024,Manchester City,27,34,2931,32.6,0.12,0.12,0.24,122.33,3.5,20.37,71.69,31.07,2.45,122.33,1.96,1.29,2.01,0.43,0.67,77.09,355.06,196.56,2.33,2.7,0.37,0.71,0.98,99.45,1.69
Jay Rodriguez,ENG,FW,0,0,0,1,2023-2024,Burnley,34,7,822,9.1,0.38,0.02,0.4,34.51,1.21,5.27,18.13,11.1,2.64,34.4,0.99,0.66,7.33,0.33,3.66,16.7,48.46,15.05,0.22,0.33,0.11,2.2,0.55,24.73,3.08
Mads Roerslev,DEN,DF,0,1,0,0,2023-2024,Brentford,24,22,1985,22.1,0.04,0.08,0.12,43.71,4.48,16.38,15.48,12.13,1.04,43.71,1.27,0.5,1.78,0.68,2.43,20.27,89.82,39.1,0.81,0.54,0.27,1.04,0.68,23.53,4.07
Morgan Rogers,ENG,"MF,FW",0,0,1,1,2023-2024,Aston Villa,21,8,638,7.1,0.19,0.09,0.28,40.7,1.41,9.3,18.45,13.8,3.24,40.7,4.65,2.39,7.25,1.69,5.13,21.13,152.68,79.3,3.1,1.55,0.85,2.39,1.55,26.06,4.23
Cristian Romero,ARG,DF,0,1,0,0,2023-2024,Tottenham,25,33,2790,31.0,0.11,0.01,0.13,94.29,11.52,40.45,48.19,6.39,1.06,94.29,0.26,0.16,2.02,0.03,0.4,63.13,301.9,194.39,1.03,1.35,0.0,0.39,0.13,66.81,0.26
Joe Rothwell,ENG,MF,0,0,1,0,2023-2024,Bournemouth,28,3,386,4.3,0.02,0.06,0.08,58.37,1.86,11.4,34.19,13.02,0.23,58.37,3.02,1.63,12.51,0.93,7.16,32.56,200.47,101.63,1.4,0.93,0.0,1.16,0.47,36.05,0.7
Pelly Ruddock Mpanzu,COD,MF,0,0,1,0,2023-2024,Luton Town,30,11,1101,12.2,0.05,0.04,0.09,39.43,2.46,9.34,19.67,10.66,1.23,39.43,1.31,0.74,4.61,0.49,3.07,19.26,78.77,30.98,0.82,0.57,0.41,0.98,1.31,22.13,1.23
José Sá,POR,GK,1,0,0,0,2023-2024,Wolves,30,35,3037,33.7,0.0,0.0,0.0,35.55,31.13,35.28,0.24,0.03,0.0,35.55,0.09,0.09,2.97,0.0,0.0,20.09,138.34,92.91,0.0,0.03,0.03,0.03,0.03,14.27,0.0
Dominic Sadi,ENG,FW,0,0,0,1,2023-2024,Bournemouth,19,0,1,0.0,0.0,0.0,0.0,inf,,,inf,,,inf,,,,,,inf,inf,,,,,,,inf,
Bukayo Saka,ENG,FW,0,0,0,1,2023-2024,Arsenal,21,35,2919,32.4,0.48,0.32,0.8,60.25,1.14,5.62,14.63,40.43,8.36,60.06,3.77,1.51,1.24,1.67,1.37,37.75,221.6,115.06,4.78,2.1,2.22,1.73,1.64,42.99,15.68
Mohamed Salah,EGY,FW,0,0,0,1,2023-2024,Liverpool,31,28,2534,28.2,0.75,0.42,1.17,48.19,0.14,1.67,16.31,30.71,8.55,47.94,2.73,0.96,1.24,1.74,2.26,34.65,188.26,92.7,3.48,1.91,2.34,2.73,2.09,39.57,12.09
William Saliba,FRA,DF,0,1,0,0,2023-2024,Arsenal,22,38,3420,38.0,0.04,0.01,0.05,81.39,5.87,32.61,45.26,3.74,0.39,81.39,0.39,0.26,1.76,0.11,0.7,52.42,236.89,136.87,0.42,0.58,0.03,0.58,0.34,60.45,0.16
Albert Sambi Lokonga,BEL,MF,0,0,1,0,2023-2024,Luton Town,23,16,1303,14.5,0.04,0.1,0.14,62.0,3.72,15.38,35.38,11.72,0.76,62.0,1.52,0.76,3.45,0.48,2.19,36.41,208.69,117.66,2.0,1.31,0.14,0.83,0.76,41.17,0.9
Davinson Sánchez,COL,DF,0,1,0,0,2023-2024,Tottenham,27,0,77,0.9,0.14,0.0,0.14,92.22,8.89,26.67,50.0,15.56,1.11,92.22,0.0,0.0,,0.0,,75.56,264.44,88.89,0.0,2.22,0.0,1.11,0.0,73.33,0.0
Robert Sánchez,ESP,GK,1,0,0,0,2023-2024,Chelsea,25,16,1433,15.9,0.0,0.0,0.0,40.82,35.28,40.5,0.31,0.0,0.0,40.82,0.0,0.0,,0.0,,24.65,118.87,71.07,0.0,0.0,0.0,0.06,0.0,22.64,0.0
Jadon Sancho,ENG,"FW,MF",0,0,1,1,2023-2024,Manchester Utd,23,0,79,0.9,0.0,0.06,0.06,56.67,4.44,13.33,20.0,28.89,6.67,56.67,7.78,3.33,47.67,3.33,47.67,42.22,331.11,213.33,11.11,5.56,5.56,0.0,2.22,37.78,5.56
Ibrahim Sangaré,CIV,MF,0,0,1,0,2023-2024,Nott'ham Forest,25,13,1035,11.5,0.06,0.03,0.09,48.17,3.13,15.3,25.13,8.0,1.04,48.17,1.04,0.52,4.35,0.52,4.35,24.26,106.0,46.26,0.43,0.35,0.0,0.87,0.7,28.43,0.61
Andrey Santos,BRA,MF,0,0,1,0,2023-2024,Nott'ham Forest,19,0,8,0.1,0.64,0.0,0.64,100.0,10.0,30.0,30.0,40.0,0.0,100.0,10.0,0.0,0.0,10.0,1000.0,20.0,150.0,130.0,0.0,0.0,0.0,0.0,0.0,40.0,0.0
Pablo Sarabia,ESP,"MF,FW",0,0,1,1,2023-2024,Wolves,31,20,1745,19.4,0.28,0.3,0.59,60.41,0.67,7.06,28.45,25.52,2.84,60.31,2.22,0.88,2.04,1.13,2.64,35.41,170.31,77.37,2.11,2.68,0.46,2.11,1.19,42.37,7.06
Dane Scarlett,ENG,FW,0,0,0,1,2023-2024,Tottenham,19,0,22,0.2,0.0,0.0,0.0,55.0,0.0,0.0,25.0,30.0,10.0,55.0,15.0,0.0,0.0,10.0,333.5,50.0,160.0,10.0,0.0,0.0,5.0,25.0,0.0,55.0,20.0
Kevin Schade,GER,"FW,MF",0,0,1,1,2023-2024,Brentford,21,3,333,3.7,0.32,0.19,0.52,40.0,0.81,4.59,15.95,19.73,5.14,40.0,3.78,0.54,3.86,2.7,19.3,22.7,170.54,76.49,2.16,0.81,1.35,3.78,1.62,26.49,6.22
Fabian Schär,SUI,DF,0,1,0,0,2023-2024,Newcastle Utd,31,35,3054,33.9,0.07,0.02,0.1,73.24,10.59,38.47,31.27,4.13,1.18,73.24,0.65,0.38,1.74,0.24,1.07,43.95,235.22,146.93,0.83,1.24,0.03,0.5,0.35,49.47,0.59
Jeffrey Schlupp,GHA,"FW,MF",0,0,1,1,2023-2024,Crystal Palace,30,17,1352,15.0,0.12,0.15,0.27,35.73,1.47,7.33,16.6,12.33,1.8,35.73,2.73,1.13,2.77,1.33,3.25,19.2,91.47,41.73,1.33,0.67,0.4,2.73,1.53,22.53,3.47
Alex Scott,ENG,MF,0,0,1,0,2023-2024,Bournemouth,19,11,1014,11.3,0.06,0.15,0.22,54.16,2.92,10.62,26.11,19.2,2.57,54.16,3.27,1.15,3.11,1.77,4.79,29.2,191.68,99.91,2.12,1.86,0.88,1.5,0.97,31.95,3.1
Matz Sels,BEL,GK,1,0,0,0,2023-2024,Nott'ham Forest,31,16,1440,16.0,0.0,0.0,0.0,25.56,20.88,25.25,0.31,0.0,0.0,25.56,0.0,0.0,,0.0,,13.31,71.69,41.19,0.0,0.0,0.0,0.0,0.0,11.12,0.0
Nélson Semedo,POR,"DF,MF",0,1,1,0,2023-2024,Wolves,29,36,3084,34.3,0.04,0.05,0.09,65.1,3.97,21.66,28.95,15.39,1.08,65.1,2.62,1.49,1.65,0.85,0.94,36.06,223.03,126.06,3.0,1.84,0.41,1.66,1.05,40.12,4.37
Antoine Semenyo,GHA,FW,0,0,0,1,2023-2024,Bournemouth,23,25,2105,23.4,0.2,0.14,0.34,43.38,1.32,5.85,16.03,22.48,5.3,43.38,4.96,2.14,1.84,2.35,2.03,26.11,220.34,105.85,3.8,2.18,1.79,2.48,2.26,29.53,8.03
Marcos Senesi,ARG,DF,0,1,0,0,2023-2024,Bournemouth,26,26,2242,24.9,0.08,0.07,0.15,64.82,7.39,29.84,30.6,5.18,0.8,64.82,0.8,0.44,2.21,0.32,1.61,36.55,192.33,124.42,1.24,1.37,0.12,0.76,0.44,38.15,0.16
Luke Shaw,ENG,DF,0,1,0,0,2023-2024,Manchester Utd,28,12,959,10.7,0.0,0.09,0.1,70.47,7.57,26.45,30.47,13.83,1.12,70.47,1.03,0.65,5.94,0.37,3.4,37.2,173.27,77.76,0.93,1.03,0.09,1.31,0.56,40.65,2.8
James Shea,ENG,GK,1,0,0,0,2023-2024,Luton Town,32,0,15,0.2,0.0,0.0,0.0,55.0,40.0,55.0,0.0,0.0,0.0,55.0,0.0,0.0,,0.0,,15.0,145.0,130.0,0.0,0.0,0.0,0.0,0.0,15.0,0.0
Bernardo Silva,POR,"MF,FW",0,0,1,1,2023-2024,Manchester City,28,29,2578,28.6,0.13,0.27,0.4,76.71,1.36,8.57,31.64,36.89,5.1,76.71,2.13,1.33,2.18,0.73,1.2,52.45,295.45,158.88,4.9,2.59,1.29,1.5,1.19,61.43,9.09
Fábio Silva,POR,FW,0,0,0,1,2023-2024,Wolves,21,3,264,2.9,0.35,0.07,0.42,40.69,1.38,8.28,18.97,15.17,4.14,40.69,2.76,0.69,8.62,1.72,21.55,22.76,150.69,64.14,1.72,1.72,0.34,4.14,1.38,23.79,4.48
Thiago Silva,BRA,DF,0,1,0,0,2023-2024,Chelsea,38,28,2527,28.1,0.03,0.04,0.06,90.71,14.16,45.55,42.63,2.81,0.85,90.71,0.14,0.07,1.78,0.0,0.0,57.76,244.2,137.62,0.07,0.39,0.0,0.25,0.04,67.3,0.18
Luis Sinisterra,COL,"FW,MF",0,0,1,1,2023-2024,Bournemouth,24,7,699,7.8,0.33,0.31,0.64,55.13,1.41,8.08,17.18,31.03,10.64,55.13,6.28,3.72,7.59,2.31,4.71,34.23,268.97,153.21,6.54,2.56,4.49,3.08,1.28,39.62,10.9
Oliver Skipp,ENG,"MF,DF",0,1,1,0,2023-2024,Tottenham,22,5,707,7.9,0.09,0.07,0.16,56.71,1.77,11.39,32.53,12.91,1.65,56.71,0.38,0.25,8.44,0.13,4.22,28.61,105.19,50.51,1.01,0.51,0.13,1.14,0.76,40.38,3.16
Adam Smith,ENG,DF,0,1,0,0,2023-2024,Bournemouth,32,25,2150,23.9,0.0,0.05,0.06,51.42,3.85,16.9,22.47,12.34,0.46,51.42,0.63,0.17,1.12,0.33,2.23,21.8,102.72,42.76,1.0,0.92,0.13,0.59,0.29,24.27,1.17
Emile Smith Rowe,ENG,MF,0,0,1,0,2023-2024,Arsenal,23,3,353,3.9,0.5,0.06,0.56,64.87,0.26,5.38,27.18,32.56,4.87,64.87,1.79,0.77,11.0,0.77,11.0,39.49,212.05,121.03,2.82,2.05,0.26,1.54,1.03,48.46,4.62
Cédric Soares,POR,DF,0,1,0,0,2023-2024,Arsenal,31,0,62,0.7,0.0,0.0,0.0,98.57,0.0,14.29,67.14,17.14,0.0,98.57,0.0,0.0,,0.0,,52.86,198.57,98.57,0.0,0.0,0.0,0.0,0.0,80.0,8.57
Dominic Solanke,ENG,FW,0,0,0,1,2023-2024,Bournemouth,25,37,3325,36.9,0.53,0.08,0.61,28.97,1.54,3.06,11.54,14.82,5.85,28.89,2.87,1.06,1.0,1.63,1.53,16.23,106.26,38.48,1.41,0.65,0.73,3.69,2.2,19.62,4.99
Manor Solomon,ISR,FW,0,0,0,1,2023-2024,Tottenham,24,2,199,2.2,0.19,0.38,0.56,56.82,0.45,6.36,13.18,37.73,9.09,56.82,7.73,4.55,26.73,3.18,18.73,41.82,315.91,183.64,7.73,3.64,4.09,2.27,0.91,41.82,20.0
Tomáš Souček,CZE,MF,0,0,1,0,2023-2024,West Ham,28,34,2870,31.9,0.21,0.05,0.26,42.01,5.83,14.29,20.47,7.34,2.26,42.01,0.34,0.13,1.14,0.22,1.99,16.71,58.59,18.68,0.22,0.41,0.06,0.63,0.38,21.22,1.22
Vinicius Souza,BRA,MF,0,0,1,0,2023-2024,Sheffield Utd,24,29,2668,29.6,0.02,0.01,0.03,46.66,4.22,16.52,23.85,6.76,1.18,46.66,1.01,0.57,1.92,0.37,1.24,19.63,91.11,33.38,0.27,0.2,0.17,1.11,0.84,24.05,0.71
Jason Steele,ENG,GK,1,0,0,0,2023-2024,Brighton,32,17,1530,17.0,0.0,0.0,0.0,41.82,37.06,41.53,0.29,0.0,0.0,41.82,0.0,0.0,,0.0,,28.82,112.47,57.47,0.0,0.0,0.0,0.0,0.0,27.94,0.0
Raheem Sterling,ENG,"FW,MF",0,0,1,1,2023-2024,Chelsea,28,22,1978,22.0,0.29,0.2,0.5,46.32,0.36,3.5,14.73,29.0,7.59,46.32,6.0,2.05,1.55,3.18,2.41,33.82,232.41,139.23,5.45,2.32,2.95,2.45,2.0,37.32,11.0
John Stones,ENG,"DF,MF",0,1,1,0,2023-2024,Manchester City,29,12,1064,11.8,0.09,0.02,0.11,76.86,4.58,20.25,41.02,16.02,0.85,76.86,0.51,0.08,1.42,0.34,5.65,50.51,281.27,139.49,1.36,2.03,0.08,0.42,0.51,62.88,2.03
Thomas Strakosha,ALB,GK,1,0,0,0,2023-2024,Brentford,28,1,135,1.5,0.0,0.0,0.0,50.0,41.33,49.33,0.67,0.0,0.0,50.0,0.0,0.0,,0.0,,23.33,104.0,58.67,0.0,0.0,0.0,0.0,0.0,21.33,0.0
Dominik Szoboszlai,HUN,MF,0,0,1,0,2023-2024,Liverpool,22,25,2104,23.4,0.16,0.25,0.4,77.01,1.54,10.21,37.09,30.68,3.03,77.01,2.39,1.03,1.83,1.15,2.06,44.57,233.97,123.08,3.21,2.86,0.94,1.15,1.15,52.91,6.84
Matt Targett,ENG,DF,0,1,0,0,2023-2024,Newcastle Utd,27,1,78,0.9,0.0,0.03,0.03,56.67,1.11,24.44,27.78,5.56,0.0,56.67,2.22,0.0,0.0,1.11,55.56,37.78,170.0,101.11,1.11,1.11,0.0,0.0,0.0,36.67,0.0
James Tarkowski,ENG,DF,0,1,0,0,2023-2024,Everton,30,38,3419,38.0,0.07,0.06,0.13,53.0,9.26,26.32,22.32,4.71,2.21,53.0,0.53,0.42,2.11,0.11,0.53,24.16,131.84,80.87,0.39,0.32,0.0,0.42,0.42,28.32,0.53
Jimi Tauriainen,ENG,FW,0,0,0,1,2023-2024,Chelsea,19,0,1,0.0,0.0,0.0,0.0,inf,inf,inf,,,,inf,,,,,,,,,,,,,,,
Nuno Tavares,POR,DF,0,1,0,0,2023-2024,Nott'ham Forest,23,5,457,5.1,0.03,0.1,0.13,67.25,3.92,23.14,24.12,21.37,1.18,67.25,1.76,1.18,13.08,0.59,6.53,32.55,184.31,110.59,2.75,2.35,0.39,1.96,0.78,36.47,2.35
Marcus Tavernier,ENG,FW,0,0,0,1,2023-2024,Bournemouth,24,25,2118,23.5,0.17,0.22,0.39,53.02,1.45,7.74,17.19,29.19,4.0,53.02,4.51,1.87,1.77,2.34,2.21,29.49,212.55,102.6,3.36,3.49,1.06,2.26,1.74,32.55,7.28
Charlie Taylor,ENG,DF,0,1,0,0,2023-2024,Burnley,29,25,2331,25.9,0.01,0.05,0.06,59.54,4.44,19.42,26.22,14.29,0.69,59.54,0.66,0.35,2.04,0.23,1.36,27.92,125.83,57.8,1.39,0.69,0.19,0.69,0.39,33.24,3.13
Kenny Tete,NED,DF,0,1,0,0,2023-2024,Fulham,27,10,867,9.6,0.09,0.04,0.13,67.4,4.17,22.4,28.96,16.77,1.15,67.4,2.08,0.94,4.69,1.04,5.21,31.56,145.83,67.71,2.08,1.56,0.21,1.04,0.31,38.12,3.96
Luke Thomas,ENG,DF,0,1,0,0,2023-2024,Sheffield Utd,22,11,917,10.2,0.05,0.0,0.06,42.16,3.33,15.69,18.43,8.63,1.08,42.16,0.98,0.49,4.9,0.39,3.92,18.73,78.73,38.33,0.78,0.69,0.1,1.08,0.49,22.55,2.16
Youri Tielemans,BEL,"MF,FW",0,0,1,1,2023-2024,Aston Villa,26,17,1622,18.0,0.07,0.14,0.21,60.89,2.5,11.94,32.72,16.61,1.5,60.89,1.61,0.83,2.87,0.56,1.92,35.28,159.56,75.61,1.28,1.5,0.39,0.94,1.22,42.56,2.56
Jurriën Timber,NED,DF,0,1,0,0,2023-2024,Arsenal,22,1,71,0.8,0.0,0.0,0.0,98.75,0.0,13.75,63.75,21.25,1.25,98.75,1.25,1.25,125.0,0.0,0.0,76.25,311.25,151.25,0.0,3.75,0.0,0.0,1.25,76.25,6.25
Harry Toffolo,ENG,DF,0,1,0,0,2023-2024,Nott'ham Forest,27,15,1459,16.2,0.1,0.1,0.2,45.99,4.32,17.47,18.27,10.62,0.74,45.99,0.19,0.06,2.06,0.12,4.12,16.79,59.63,29.32,0.62,0.43,0.06,0.43,0.31,21.17,2.1
Takehiro Tomiyasu,JPN,DF,0,1,0,0,2023-2024,Arsenal,24,10,1149,12.8,0.12,0.03,0.15,64.38,2.89,15.0,30.39,19.38,2.42,64.38,0.94,0.31,2.6,0.55,4.55,36.64,168.59,83.12,1.33,1.09,0.23,1.02,0.23,40.62,2.89
James Tomkins,ENG,DF,0,1,0,0,2023-2024,Crystal Palace,34,0,10,0.1,0.0,0.0,0.0,250.0,20.0,110.0,120.0,20.0,0.0,250.0,0.0,0.0,,0.0,,80.0,260.0,120.0,0.0,0.0,0.0,0.0,0.0,130.0,0.0
Sandro Tonali,ITA,MF,0,0,1,0,2023-2024,Newcastle Utd,23,5,438,4.9,0.13,0.13,0.26,62.65,1.02,12.24,36.53,14.29,1.63,62.65,1.22,0.61,10.2,0.41,6.8,38.98,196.94,83.47,2.24,0.82,0.2,0.82,0.41,52.45,4.29
Ivan Toney,ENG,FW,0,0,0,1,2023-2024,Brentford,27,16,1450,16.1,0.37,0.09,0.46,38.51,1.24,4.6,17.45,16.96,4.16,38.51,1.43,0.62,2.7,0.62,2.7,22.24,101.43,50.25,1.43,1.06,0.81,3.66,1.06,28.88,6.09
Pau Torres,ESP,DF,0,1,0,0,2023-2024,Aston Villa,26,27,2464,27.4,0.04,0.02,0.05,72.45,10.26,36.09,31.86,5.15,0.8,72.45,1.02,0.62,2.22,0.33,1.17,51.02,329.89,215.95,1.53,1.53,0.0,0.33,0.47,53.14,0.58
Andros Townsend,ENG,"MF,FW",0,0,1,1,2023-2024,Luton Town,32,14,1210,13.4,0.09,0.1,0.19,43.43,1.57,6.64,16.64,20.9,1.57,43.43,2.54,1.19,3.51,1.04,3.07,25.9,180.97,82.01,3.51,2.31,0.52,2.61,1.94,27.31,5.3
James Trafford,ENG,GK,1,0,0,0,2023-2024,Burnley,20,28,2520,28.0,0.0,0.0,0.0,58.25,37.0,55.68,2.57,0.0,0.0,58.25,0.07,0.07,3.57,0.0,0.0,36.04,165.0,77.0,0.0,0.0,0.0,0.04,0.0,33.29,0.0
Adama Traoré,ESP,"FW,MF",0,0,1,1,2023-2024,Fulham,27,1,377,4.2,0.36,0.17,0.53,46.19,0.95,6.67,12.14,28.1,5.71,46.19,4.05,2.14,12.6,1.43,8.4,31.9,292.14,160.95,6.9,3.1,3.1,3.1,2.14,36.67,11.43
Bénie Traoré,CIV,"FW,MF",0,0,1,1,2023-2024,Sheffield Utd,20,3,387,4.3,0.06,0.13,0.19,26.05,0.47,4.42,11.4,11.16,2.09,26.05,5.12,1.16,5.28,3.49,15.86,16.74,107.44,40.47,1.63,1.16,0.7,2.33,1.63,16.05,3.26
Bertrand Traoré,BFA,"DF,FW",0,1,0,1,2023-2024,Aston Villa,27,0,11,0.1,0.0,0.0,0.0,70.0,0.0,50.0,20.0,0.0,0.0,70.0,10.0,0.0,0.0,10.0,1000.0,40.0,540.0,0.0,0.0,0.0,0.0,10.0,10.0,40.0,0.0
Boubacar Traoré,MLI,MF,0,0,1,0,2023-2024,Wolves,21,7,819,9.1,0.03,0.04,0.07,61.1,1.87,14.07,38.02,9.78,0.33,61.1,1.65,1.1,7.33,0.44,2.93,31.1,155.71,62.31,0.99,1.54,0.11,1.43,1.87,39.89,1.65
Mark Travers,IRL,GK,1,0,0,0,2023-2024,Bournemouth,24,4,360,4.0,0.0,0.0,0.0,32.75,27.75,32.75,0.0,0.0,0.0,32.75,0.0,0.0,,0.0,,17.5,101.25,45.0,0.0,0.0,0.0,0.0,0.0,13.0,0.0
Mike Trésor,BEL,"FW,MF",0,0,1,1,2023-2024,Burnley,24,3,420,4.7,0.1,0.08,0.18,50.64,1.49,10.21,16.17,25.74,1.28,50.64,4.68,2.34,10.64,2.34,10.64,28.94,165.32,92.98,3.19,1.49,0.64,1.91,1.28,31.7,6.6
Kieran Trippier,ENG,DF,0,1,0,0,2023-2024,Newcastle Utd,32,26,2236,24.8,0.03,0.3,0.33,94.52,3.87,29.52,39.07,26.81,1.45,94.52,0.89,0.65,2.93,0.24,1.1,43.47,171.25,82.62,1.37,1.49,0.2,0.81,0.36,56.9,5.16
Leandro Trossard,BEL,"FW,MF",0,0,1,1,2023-2024,Arsenal,28,18,1649,18.3,0.43,0.15,0.58,49.84,0.82,5.74,17.38,27.43,6.61,49.84,2.57,1.37,2.91,0.87,1.86,32.3,199.51,94.64,3.61,2.35,1.48,2.57,2.13,35.52,8.47
Auston Trusty,USA,DF,0,1,0,0,2023-2024,Sheffield Utd,24,28,2572,28.6,0.01,0.04,0.05,44.13,8.08,24.83,15.8,3.67,0.94,44.13,0.42,0.21,1.75,0.17,1.46,17.83,70.0,27.83,0.35,0.24,0.07,0.59,0.14,20.35,0.52
Kostas Tsimikas,GRE,DF,0,1,0,0,2023-2024,Liverpool,27,8,679,7.5,0.01,0.14,0.15,76.4,2.27,15.87,31.33,30.0,2.27,76.4,2.0,0.53,3.56,1.33,8.89,41.33,225.2,114.8,3.2,2.67,0.4,1.2,0.53,45.07,9.73
Matt Turner,USA,GK,1,0,0,0,2023-2024,Nott'ham Forest,29,17,1530,17.0,0.0,0.0,0.0,36.24,28.76,35.94,0.35,0.0,0.0,36.24,0.0,0.0,,0.0,,18.76,116.71,80.71,0.0,0.0,0.0,0.06,0.0,13.53,0.0
Destiny Udogie,ITA,DF,0,1,0,0,2023-2024,Tottenham,20,28,2391,26.6,0.09,0.08,0.17,66.73,3.61,18.31,30.64,19.02,2.67,66.73,2.18,0.9,1.56,0.98,1.68,36.62,229.62,124.81,3.12,2.44,0.71,1.84,0.98,38.65,5.19
Lesley Ugochukwu,FRA,MF,0,0,1,0,2023-2024,Chelsea,19,3,301,3.3,0.0,0.03,0.03,64.85,4.24,20.0,36.36,9.39,0.61,64.85,1.82,0.91,15.15,0.3,5.06,38.79,187.88,108.48,2.42,0.61,0.61,0.91,0.91,49.09,0.91
Enes Ünal,TUR,"FW,MF",0,0,1,1,2023-2024,Bournemouth,26,2,328,3.6,0.8,0.28,1.07,40.83,2.5,3.89,16.67,20.56,7.78,40.83,3.06,0.56,5.06,2.22,20.19,24.44,90.83,33.33,1.11,0.56,0.28,4.17,2.78,30.56,7.78
Virgil van Dijk,NED,DF,0,1,0,0,2023-2024,Liverpool,32,36,3177,35.3,0.08,0.04,0.12,91.64,10.88,37.93,49.77,4.14,2.21,91.64,0.14,0.06,1.13,0.06,1.13,56.12,277.03,148.3,0.91,0.54,0.0,0.2,0.11,64.11,0.2
Raphaël Varane,FRA,DF,0,1,0,0,2023-2024,Manchester Utd,30,16,1375,15.3,0.08,0.0,0.09,61.76,11.63,30.65,28.37,2.88,0.72,61.76,0.13,0.07,3.27,0.07,3.27,35.88,231.44,141.24,1.05,0.72,0.0,0.39,0.13,37.19,0.13
Alejo Véliz,ARG,FW,0,0,0,1,2023-2024,Tottenham,19,0,50,0.6,0.45,0.0,0.45,30.0,0.0,1.67,10.0,18.33,6.67,30.0,3.33,1.67,83.33,1.67,83.33,13.33,31.67,15.0,0.0,0.0,0.0,3.33,3.33,16.67,5.0
Joël Veltman,NED,DF,0,1,0,0,2023-2024,Brighton,31,17,1588,17.6,0.02,0.03,0.05,62.67,5.4,21.48,29.37,12.1,0.97,62.67,0.62,0.06,0.52,0.28,2.59,34.15,143.86,61.14,1.36,0.97,0.0,1.19,0.4,37.33,3.07
Micky van de Ven,NED,DF,0,1,0,0,2023-2024,Tottenham,22,27,2339,26.0,0.02,0.0,0.02,77.81,9.38,37.15,37.54,3.92,0.58,77.81,1.04,0.58,2.14,0.35,1.28,54.69,252.35,117.62,0.73,0.62,0.08,0.58,0.46,57.65,0.35
Bart Verbruggen,NED,GK,1,0,0,0,2023-2024,Brighton,20,21,1890,21.0,0.0,0.0,0.0,43.14,37.1,42.71,0.43,0.0,0.0,43.14,0.05,0.05,4.76,0.0,0.0,32.0,120.0,60.9,0.0,0.0,0.0,0.0,0.0,27.62,0.0
Guglielmo Vicario,ITA,GK,1,0,0,0,2023-2024,Tottenham,26,38,3420,38.0,0.0,0.0,0.0,44.21,32.95,43.79,0.45,0.0,0.0,44.21,0.0,0.0,,0.0,,27.08,119.16,67.71,0.0,0.0,0.0,0.0,0.0,25.95,0.0
Fabio Vieira,POR,"MF,FW",0,0,1,1,2023-2024,Arsenal,23,2,297,3.3,0.38,0.49,0.87,55.76,0.61,4.24,23.03,29.39,6.06,55.45,2.73,0.61,6.73,1.82,20.21,33.64,170.0,90.3,3.64,0.91,1.82,2.12,1.52,42.73,9.09
Carlos Vinícius,BRA,FW,0,0,0,1,2023-2024,Fulham,28,2,315,3.5,0.46,0.23,0.69,29.14,0.29,3.14,14.0,12.86,4.29,29.14,2.29,0.57,7.14,1.71,21.43,18.86,92.0,26.0,0.86,1.14,0.57,3.14,2.0,22.86,3.71
Vitinho,BRA,"DF,MF",0,1,1,0,2023-2024,Burnley,24,26,2314,25.7,0.06,0.05,0.11,50.54,3.11,14.12,20.97,15.8,1.98,50.54,2.26,0.97,1.68,0.97,1.68,24.67,154.01,79.3,2.3,1.48,0.7,1.32,1.01,26.38,4.28
Odisseas Vlachodimos,GRE,GK,1,0,0,0,2023-2024,Nott'ham Forest,29,5,450,5.0,0.0,0.01,0.01,36.2,28.0,35.8,0.4,0.0,0.0,36.2,0.0,0.0,,0.0,,18.8,95.2,53.0,0.0,0.0,0.0,0.0,0.0,17.8,0.0
Kyle Walker,ENG,DF,0,1,0,0,2023-2024,Manchester City,33,30,2767,30.7,0.01,0.09,0.1,85.11,2.51,17.13,44.23,24.4,1.34,85.11,1.14,0.68,1.95,0.36,1.02,49.15,244.76,130.78,2.41,2.18,0.23,0.78,0.42,62.7,5.6
Aaron Wan-Bissaka,ENG,DF,0,1,0,0,2023-2024,Manchester Utd,25,20,1780,19.8,0.01,0.08,0.08,61.87,4.29,21.41,27.17,14.04,1.21,61.87,1.62,0.86,2.68,0.45,1.42,30.0,146.92,72.17,1.52,1.36,0.2,1.01,0.45,34.9,2.73
Joel Ward,ENG,DF,0,1,0,0,2023-2024,Crystal Palace,33,23,1980,22.0,0.04,0.01,0.05,53.05,4.86,19.86,25.05,8.5,0.45,53.05,0.55,0.36,3.03,0.18,1.51,22.27,91.73,46.14,0.73,0.41,0.0,0.55,0.14,27.23,0.64
James Ward-Prowse,ENG,MF,0,0,1,0,2023-2024,West Ham,28,34,3001,33.3,0.18,0.23,0.41,57.75,2.28,11.26,30.06,16.76,0.96,57.66,0.63,0.33,1.57,0.21,1.0,27.36,118.65,48.23,0.54,0.78,0.18,0.45,0.33,34.68,1.89
Lewis Warrington,ENG,FW,0,0,0,1,2023-2024,Everton,20,0,1,0.0,0.0,0.0,0.0,inf,,inf,inf,,,inf,,,,,,inf,inf,inf,,,,,,inf,
Deivid Washington,BRA,"DF,FW",0,1,0,1,2023-2024,Chelsea,18,0,13,0.1,3.23,0.0,3.23,50.0,0.0,10.0,30.0,10.0,10.0,50.0,10.0,0.0,0.0,10.0,1000.0,20.0,60.0,0.0,0.0,0.0,0.0,0.0,10.0,20.0,10.0
Ollie Watkins,ENG,FW,0,0,0,1,2023-2024,Aston Villa,27,37,3217,35.7,0.47,0.21,0.68,26.83,0.78,1.57,10.34,15.18,6.02,26.83,1.76,0.73,1.16,0.87,1.38,16.27,86.41,41.04,1.74,1.04,1.15,2.18,1.6,21.32,5.99
Adam Webster,ENG,DF,0,1,0,0,2023-2024,Brighton,28,13,1144,12.7,0.03,0.01,0.05,94.57,8.35,38.98,49.21,6.77,1.1,94.57,0.16,0.0,0.0,0.16,7.87,64.09,320.71,185.59,1.26,1.26,0.0,0.39,0.16,71.1,0.16
Danny Welbeck,ENG,"FW,MF",0,0,1,1,2023-2024,Brighton,32,21,1693,18.8,0.28,0.09,0.37,38.67,1.06,3.78,17.93,17.29,3.88,38.67,1.44,0.43,1.57,0.85,3.15,23.56,106.97,46.65,1.7,0.85,0.69,2.45,1.12,28.35,5.32
Timo Werner,GER,FW,0,0,0,1,2023-2024,Tottenham,27,10,809,9.0,0.41,0.3,0.72,50.0,0.33,3.56,13.11,33.56,7.67,50.0,3.33,1.33,4.44,1.33,4.44,36.44,288.67,168.56,8.78,3.0,4.0,1.22,0.56,39.0,13.78
Adam Wharton,ENG,MF,0,0,1,0,2023-2024,Crystal Palace,19,15,1297,14.4,0.02,0.17,0.19,51.53,2.01,9.93,29.58,12.71,0.28,51.53,0.49,0.21,2.98,0.14,1.99,24.03,100.07,50.21,0.97,1.6,0.0,0.83,0.83,31.18,0.69
Ethan Wheatley,ENG,FW,0,0,0,1,2023-2024,Manchester Utd,17,0,16,0.2,0.0,0.0,0.0,30.0,0.0,0.0,15.0,15.0,0.0,30.0,0.0,0.0,,0.0,,15.0,175.0,0.0,0.0,0.0,0.0,5.0,10.0,10.0,5.0
Ben White,ENG,DF,0,1,0,0,2023-2024,Arsenal,25,35,2988,33.2,0.03,0.11,0.15,73.98,3.61,19.07,35.09,20.36,1.93,73.98,0.66,0.27,1.23,0.36,1.64,39.79,146.6,80.48,1.33,1.02,0.27,0.78,0.27,50.45,4.88
Joe White,ENG,MF,0,0,1,0,2023-2024,Newcastle Utd,20,0,13,0.1,0.0,0.0,0.0,130.0,10.0,30.0,60.0,40.0,0.0,130.0,0.0,0.0,,0.0,,90.0,800.0,410.0,20.0,0.0,0.0,0.0,0.0,90.0,30.0
Neco Williams,WAL,DF,0,1,0,0,2023-2024,Nott'ham Forest,22,18,1637,18.2,0.04,0.09,0.13,59.34,3.9,20.77,23.19,16.37,1.65,59.34,2.42,1.04,2.37,0.99,2.25,27.25,170.38,89.62,2.64,1.32,0.33,2.09,1.48,28.9,4.73
Willian,BRA,FW,0,0,0,1,2023-2024,Fulham,34,24,2053,22.8,0.22,0.17,0.4,58.46,0.75,7.02,22.76,29.43,3.2,58.38,2.76,1.27,2.02,1.1,1.74,39.56,259.04,129.08,4.04,3.11,1.23,1.54,1.14,45.61,7.94
Joe Willock,ENG,MF,0,0,1,0,2023-2024,Newcastle Utd,23,5,419,4.7,0.17,0.12,0.3,47.87,0.64,8.94,22.77,17.02,3.83,47.87,3.83,1.49,8.28,2.34,13.0,28.3,189.57,104.26,3.4,1.06,1.06,2.98,1.28,33.19,5.53
Callum Wilson,ENG,FW,0,0,0,1,2023-2024,Newcastle Utd,31,9,991,11.0,0.8,0.05,0.85,27.64,0.55,1.0,12.0,15.27,7.0,27.45,2.91,1.27,3.98,1.36,4.26,19.27,92.73,29.27,1.0,0.73,1.18,4.27,3.18,23.09,7.0
Harry Wilson,WAL,FW,0,0,0,1,2023-2024,Fulham,26,16,1620,18.0,0.19,0.19,0.38,46.0,1.33,6.56,19.56,20.61,2.94,46.0,1.89,0.83,2.45,0.89,2.62,28.06,181.0,84.06,2.28,1.39,0.94,1.78,0.67,33.67,7.22
Yoane Wissa,COD,FW,0,0,0,1,2023-2024,Brentford,26,29,2493,27.7,0.38,0.14,0.52,27.11,0.79,4.3,10.32,13.21,4.4,27.11,1.88,0.72,1.39,0.83,1.6,15.23,96.25,50.07,1.62,1.19,0.72,2.09,0.72,17.51,5.42
Chris Wood,NZL,FW,0,0,0,1,2023-2024,Nott'ham Forest,31,20,1812,20.1,0.59,0.1,0.69,31.24,1.69,3.98,15.47,11.79,4.58,31.24,0.85,0.3,1.76,0.45,2.63,14.73,47.71,23.73,0.8,0.5,0.35,2.49,1.04,23.28,3.78
Cauley Woodrow,ENG,"FW,MF",0,0,1,1,2023-2024,Luton Town,28,2,427,4.7,0.3,0.25,0.55,47.45,3.83,8.94,18.09,21.06,4.47,47.45,0.64,0.43,14.19,0.21,7.09,24.89,112.13,43.4,1.49,1.49,0.21,1.91,1.7,33.4,4.68
Joe Worrall,ENG,DF,0,1,0,0,2023-2024,Nott'ham Forest,26,5,439,4.9,0.02,0.04,0.06,44.08,11.22,28.16,14.69,1.63,1.43,44.08,0.0,0.0,,0.0,,21.43,83.67,22.65,0.0,0.0,0.0,0.0,0.0,25.31,0.2
Yehor Yarmoliuk,UKR,MF,0,0,1,0,2023-2024,Brentford,19,6,688,7.6,0.13,0.01,0.14,53.55,1.84,10.66,22.63,21.32,2.63,53.55,3.55,2.24,8.29,0.92,3.41,27.24,166.71,60.66,1.71,0.92,0.26,2.24,1.32,28.95,4.74
Ryan Yates,ENG,MF,0,0,1,0,2023-2024,Nott'ham Forest,25,21,1992,22.1,0.12,0.04,0.16,50.95,2.71,15.52,25.25,10.59,2.04,50.95,0.41,0.18,2.01,0.18,2.01,20.59,90.95,42.58,0.81,0.63,0.0,1.09,0.45,25.29,1.67
Ashley Young,ENG,"DF,MF",0,1,1,0,2023-2024,Everton,38,27,2280,25.3,0.02,0.06,0.08,50.75,3.04,14.94,21.9,14.43,0.79,50.75,1.07,0.47,1.75,0.47,1.75,24.07,114.98,58.89,1.58,0.95,0.2,0.63,0.51,25.81,2.41
Illia Zabarnyi,UKR,DF,0,1,0,0,2023-2024,Bournemouth,20,37,3330,37.0,0.03,0.01,0.04,58.62,8.43,30.51,26.43,1.89,0.46,58.62,0.35,0.24,1.87,0.05,0.42,35.22,196.76,119.14,0.65,0.41,0.0,0.41,0.05,36.97,0.03
Nicolò Zaniolo,ITA,"FW,MF",0,0,1,1,2023-2024,Aston Villa,24,9,839,9.3,0.28,0.11,0.39,43.23,1.18,5.7,18.39,19.78,6.45,43.23,5.16,1.4,2.91,3.23,6.72,28.82,199.35,98.39,3.76,1.72,1.61,3.33,3.87,30.54,6.45
Anass Zaroury,MAR,"FW,MF",0,0,1,1,2023-2024,Burnley,22,1,152,1.7,0.1,0.02,0.12,51.18,0.59,7.06,22.94,21.76,2.35,51.18,3.53,1.18,19.59,1.76,29.41,35.29,212.94,53.53,1.18,1.18,0.0,1.76,1.18,40.0,7.06
Oleksandr Zinchenko,UKR,DF,0,1,0,0,2023-2024,Arsenal,26,20,1722,19.1,0.03,0.13,0.16,90.52,2.41,17.54,46.34,27.17,1.47,90.52,0.73,0.37,2.62,0.26,1.87,53.04,250.89,122.2,2.09,1.47,0.37,0.52,0.79,61.68,3.04
Kurt Zouma,FRA,DF,0,1,0,0,2023-2024,West Ham,28,32,2838,31.5,0.06,0.01,0.06,46.19,8.73,25.33,19.87,1.08,0.89,46.19,0.1,0.06,2.12,0.03,1.06,25.21,119.08,64.1,0.22,0.16,0.03,0.41,0.1,27.71,0.03
Martin Ødegaard,NOR,MF,0,0,1,0,2023-2024,Arsenal,24,35,3091,34.3,0.22,0.28,0.5,67.81,0.7,7.11,27.0,34.2,4.81,67.76,2.36,1.08,1.33,1.11,1.37,45.57,238.78,102.45,2.65,2.42,1.08,1.55,1.69,53.27,5.89
Brenden Aaronson,USA,"MF,FW",0,0,1,1,2022-2023,Leeds United,21,28,2372,26.4,0.15,0.16,0.31,43.3,0.45,4.39,18.75,20.98,2.73,43.3,3.79,1.29,1.29,1.82,1.82,26.02,138.3,58.03,1.63,1.29,0.49,2.69,3.11,29.05,5.72
George Abbott,ENG,MF,0,0,1,0,2022-2023,Tottenham,16,0,1,0.0,0.0,0.0,0.0,inf,inf,inf,inf,,,inf,,,,,,,,,,,,,,inf,
Che Adams,SCO,FW,0,0,0,1,2022-2023,Southampton,26,23,1992,22.1,0.3,0.13,0.43,32.44,1.31,2.99,12.94,17.06,4.66,32.44,1.54,0.77,2.26,0.59,1.73,18.37,73.44,21.31,0.77,0.5,0.41,2.99,1.27,25.25,5.2
Tyler Adams,USA,MF,0,0,1,0,2022-2023,Leeds United,23,24,2156,24.0,0.0,0.06,0.06,67.83,1.83,15.67,42.08,10.58,0.21,67.83,0.96,0.33,1.45,0.5,2.18,34.12,139.25,64.79,0.79,0.88,0.0,1.17,0.75,38.33,0.83
Tosin Adarabioyo,ENG,DF,0,1,0,0,2022-2023,Fulham,24,23,2085,23.2,0.03,0.02,0.05,66.59,9.96,33.45,31.68,2.03,0.82,66.59,0.47,0.39,3.53,0.09,0.78,35.95,192.67,117.8,0.69,0.52,0.04,0.17,0.17,42.03,0.13
Nayef Aguerd,MAR,DF,0,1,0,0,2022-2023,West Ham,26,17,1595,17.7,0.13,0.03,0.15,53.62,9.1,31.81,20.23,1.98,1.3,53.62,0.34,0.23,3.77,0.0,0.0,29.55,120.17,64.24,0.11,0.06,0.0,0.45,0.4,31.86,0.23
Naouirou Ahamada,FRA,"MF,FW",0,0,1,1,2022-2023,Crystal Palace,20,0,94,1.0,0.15,0.07,0.22,63.0,0.0,12.0,35.0,16.0,4.0,63.0,2.0,1.0,50.0,1.0,50.0,32.0,179.0,70.0,1.0,2.0,1.0,5.0,1.0,39.0,11.0
Rayan Aït-Nouri,ALG,DF,0,1,0,0,2022-2023,Wolves,21,9,1076,12.0,0.06,0.08,0.14,61.67,3.33,20.0,23.25,19.42,2.33,61.67,4.17,2.33,4.67,1.5,3.0,32.92,188.33,103.67,2.5,1.08,0.83,2.33,1.0,37.83,6.33
Kristoffer Ajer,NOR,DF,0,1,0,0,2022-2023,Brentford,24,9,763,8.5,0.0,0.0,0.01,48.47,5.29,21.65,19.65,7.53,1.06,48.47,1.06,0.35,3.92,0.47,5.22,25.06,132.12,72.12,1.18,0.59,0.0,0.35,0.94,27.18,1.41
Manuel Akanji,SUI,DF,0,1,0,0,2022-2023,Manchester City,27,24,2287,25.4,0.05,0.02,0.07,87.83,4.76,32.09,49.13,6.93,1.34,87.83,0.47,0.24,1.97,0.12,0.98,60.79,332.4,198.39,0.94,1.57,0.04,0.47,0.12,68.27,0.67
Nathan Aké,NED,DF,0,1,0,0,2022-2023,Manchester City,27,22,1873,20.8,0.07,0.04,0.11,94.18,4.13,29.57,52.74,12.31,1.54,94.18,0.24,0.14,2.88,0.05,0.96,58.8,262.26,159.33,1.2,0.91,0.19,0.77,0.0,71.73,1.44
Marc Albrighton,ENG,"FW,MF",0,0,1,1,2022-2023,Leicester City,32,1,237,2.6,0.13,0.34,0.48,66.54,2.31,12.69,23.46,30.38,1.92,66.54,0.77,0.77,38.46,0.0,0.0,31.92,150.38,56.54,1.54,1.54,0.0,1.54,0.77,44.62,6.92
Thiago Alcántara,ESP,MF,0,0,1,0,2022-2023,Liverpool,31,14,1254,13.9,0.03,0.08,0.11,90.0,3.24,19.57,57.27,13.53,0.58,90.0,2.16,1.51,5.04,0.29,0.96,51.65,261.8,123.81,0.94,1.51,0.0,0.94,1.58,65.47,1.73
Carlos Alcaraz,ARG,"MF,FW",0,0,1,1,2022-2023,Southampton,19,13,1029,11.4,0.17,0.06,0.23,37.72,1.23,6.4,20.53,11.4,2.02,37.72,2.46,1.14,4.07,0.96,3.45,22.63,113.33,59.21,1.75,1.49,0.18,2.63,2.11,25.96,2.81
Trent Alexander-Arnold,ENG,DF,0,1,0,0,2022-2023,Liverpool,23,34,2923,32.5,0.07,0.35,0.43,97.85,2.74,22.68,50.18,25.75,1.35,97.85,1.38,0.92,2.05,0.4,0.89,54.71,210.71,101.91,1.32,1.2,0.25,1.08,0.65,62.83,4.28
Alisson,BRA,GK,1,0,0,0,2022-2023,Liverpool,29,37,3330,37.0,0.0,0.01,0.01,41.51,30.38,40.49,1.05,0.0,0.0,41.51,0.05,0.05,2.7,0.0,0.0,26.62,125.78,80.05,0.0,0.0,0.0,0.03,0.0,24.35,0.0
Dele Alli,ENG,MF,0,0,1,0,2022-2023,Everton,26,0,40,0.4,0.0,0.0,0.0,50.0,0.0,2.5,20.0,27.5,5.0,50.0,2.5,0.0,0.0,2.5,250.0,27.5,75.0,7.5,0.0,0.0,0.0,7.5,2.5,35.0,2.5
Miguel Almirón,PAR,FW,0,0,0,1,2022-2023,Newcastle Utd,28,29,2491,27.7,0.29,0.11,0.4,46.93,0.9,5.31,15.05,27.44,4.98,46.93,2.85,1.23,1.55,1.19,1.51,30.36,194.55,84.51,2.78,1.66,0.9,1.84,1.01,33.36,9.53
Julián Álvarez,ARG,"FW,MF",0,0,1,1,2022-2023,Manchester City,22,13,1465,16.3,0.43,0.11,0.54,40.12,0.49,2.82,15.64,22.09,5.46,40.06,2.33,1.29,3.39,0.86,2.26,24.91,134.17,55.71,2.33,1.1,1.04,1.72,1.47,31.04,6.07
Daniel Amartey,GHA,DF,0,1,0,0,2022-2023,Leicester City,27,18,1610,17.9,0.06,0.03,0.09,71.45,10.34,36.76,32.29,2.57,0.5,71.45,0.28,0.11,2.23,0.11,2.23,43.52,207.82,127.09,1.28,0.61,0.0,0.45,0.22,50.78,0.28
Samuel Amo-Ameyaw,ENG,MF,0,0,1,0,2022-2023,Southampton,16,0,4,0.0,0.0,0.86,0.86,inf,,inf,inf,inf,,inf,inf,inf,inf,inf,inf,inf,inf,inf,inf,,,,,inf,
Joachim Andersen,DEN,DF,0,1,0,0,2022-2023,Crystal Palace,26,32,2782,30.9,0.06,0.04,0.1,74.53,11.49,39.87,32.23,2.88,1.26,74.53,0.29,0.16,1.8,0.13,1.44,42.65,222.94,122.56,0.52,0.26,0.06,0.26,0.1,48.48,0.23
Elliot Anderson,ENG,"MF,FW",0,0,1,1,2022-2023,Newcastle Utd,19,3,410,4.6,0.22,0.28,0.5,62.17,1.52,9.57,21.52,32.83,8.48,62.17,6.3,2.17,7.5,2.83,9.74,34.78,210.87,113.48,5.0,3.26,2.61,1.96,2.17,39.57,7.61
Jaidon Anthony,ENG,"MF,FW",0,0,1,1,2022-2023,Bournemouth,22,11,1257,14.0,0.16,0.07,0.24,51.21,1.64,10.71,19.36,21.71,2.36,51.21,3.36,1.07,2.28,2.14,4.56,30.21,174.93,73.71,2.21,1.79,0.93,1.79,1.93,33.14,5.14
Michail Antonio,JAM,FW,0,0,0,1,2022-2023,West Ham,32,21,1829,20.3,0.32,0.06,0.38,29.36,0.74,1.92,12.91,15.17,3.94,29.36,3.25,1.33,2.01,1.43,2.16,18.47,127.34,60.94,2.41,1.28,0.89,3.74,2.22,23.45,5.91
Antony,BRA,FW,0,0,0,1,2022-2023,Manchester Utd,22,23,1802,20.0,0.33,0.14,0.47,53.3,0.6,6.7,17.4,30.45,4.25,53.3,3.85,1.5,1.95,1.9,2.47,38.15,239.15,128.45,4.75,3.0,1.6,1.85,0.6,40.65,8.4
Cameron Archer,ENG,"FW,MF",0,0,1,1,2022-2023,Aston Villa,21,0,49,0.5,0.0,0.0,0.0,30.0,0.0,2.0,16.0,14.0,6.0,30.0,2.0,2.0,200.0,0.0,0.0,30.0,228.0,144.0,6.0,2.0,2.0,4.0,6.0,26.0,6.0
Alphonse Areola,FRA,GK,1,0,0,0,2022-2023,West Ham,29,2,309,3.4,0.0,0.0,0.0,28.82,26.76,28.82,0.0,0.0,0.0,28.82,0.0,0.0,,0.0,,15.59,74.41,45.0,0.0,0.0,0.0,0.0,0.0,12.35,0.0
Joe Aribo,NGA,"MF,FW",0,0,1,1,2022-2023,Southampton,26,13,1224,13.6,0.11,0.06,0.17,41.62,1.03,6.4,19.78,16.32,3.38,41.62,2.87,1.25,3.21,1.54,3.96,21.62,95.15,45.22,1.4,0.74,0.51,2.57,1.62,26.03,4.71
Adam Armstrong,ENG,"FW,MF",0,0,1,1,2022-2023,Southampton,25,14,1335,14.8,0.14,0.09,0.23,30.95,0.74,4.8,11.89,15.0,3.11,30.95,2.91,0.88,2.04,1.69,3.93,17.23,157.97,67.3,2.64,1.96,0.74,1.62,1.49,18.45,4.73
Stuart Armstrong,SCO,"MF,FW",0,0,1,1,2022-2023,Southampton,30,14,1408,15.6,0.15,0.14,0.3,55.38,1.35,8.53,25.83,21.86,2.37,55.38,3.33,1.41,2.71,1.35,2.59,34.55,247.37,122.44,3.91,2.88,0.64,1.79,1.79,38.21,5.64
Kepa Arrizabalaga,ESP,GK,1,0,0,0,2022-2023,Chelsea,27,29,2565,28.5,0.0,0.0,0.0,39.26,31.3,38.7,0.56,0.0,0.0,39.26,0.04,0.04,3.51,0.0,0.0,22.95,101.54,59.05,0.0,0.0,0.0,0.04,0.0,21.19,0.0
Pierre-Emerick Aubameyang,GAB,FW,0,0,0,1,2022-2023,Chelsea,33,5,554,6.2,0.24,0.07,0.3,25.97,1.13,2.58,11.13,12.74,3.71,25.97,0.81,0.48,9.68,0.32,6.45,13.87,85.32,41.77,1.45,0.97,0.65,1.77,0.65,18.71,4.68
Ludwig Augustinsson,SWE,DF,0,1,0,0,2022-2023,Aston Villa,28,1,77,0.9,0.1,0.0,0.1,56.67,3.33,21.11,16.67,18.89,2.22,56.67,1.11,0.0,0.0,1.11,111.11,32.22,200.0,30.0,0.0,2.22,0.0,0.0,0.0,23.33,3.33
Serge Aurier,CIV,DF,0,1,0,0,2022-2023,Nott'ham Forest,29,22,1943,21.6,0.04,0.05,0.08,57.31,4.95,22.41,23.38,12.18,0.6,57.31,1.48,0.74,2.31,0.51,1.59,24.07,110.83,64.72,1.71,1.2,0.09,1.44,0.83,26.57,2.31
Taiwo Awoniyi,NGA,FW,0,0,0,1,2022-2023,Nott'ham Forest,24,17,1404,15.6,0.42,0.07,0.49,27.82,1.41,3.97,11.35,13.01,3.53,27.82,1.47,0.58,2.51,0.71,3.06,15.77,81.35,33.97,1.15,0.83,0.58,4.36,1.86,18.21,3.53
Yasin Ayari,SWE,MF,0,0,1,0,2022-2023,Brighton,18,1,67,0.7,0.03,0.18,0.21,42.86,0.0,7.14,25.71,11.43,1.43,42.86,1.43,0.0,0.0,0.0,0.0,27.14,108.57,62.86,0.0,0.0,0.0,2.86,0.0,35.71,2.86
André Ayew,GHA,"FW,MF",0,0,1,1,2022-2023,Nott'ham Forest,32,1,316,3.5,0.3,0.01,0.31,30.29,3.14,4.29,14.0,12.0,2.29,30.0,1.71,0.29,4.77,1.14,19.06,11.43,77.43,29.14,0.86,0.86,0.57,0.86,1.14,17.71,4.57
Jordan Ayew,GHA,"FW,MF",0,0,1,1,2022-2023,Crystal Palace,30,31,2714,30.2,0.1,0.11,0.21,43.94,1.52,6.36,20.23,18.54,3.25,43.94,4.93,2.15,1.44,1.95,1.31,26.52,172.02,78.54,2.75,1.66,1.03,3.54,2.75,30.86,5.76
Luke Ayling,ENG,DF,0,1,0,0,2022-2023,Leeds United,30,22,2054,22.8,0.14,0.09,0.23,61.97,3.46,20.44,25.35,17.11,2.46,61.97,1.45,0.57,1.73,0.75,2.26,28.42,129.96,64.91,1.23,0.88,0.18,1.01,0.53,30.7,4.39
César Azpilicueta,ESP,DF,0,1,0,0,2022-2023,Chelsea,32,16,1527,17.0,0.02,0.07,0.09,73.24,4.94,24.94,30.0,18.76,1.47,73.24,0.76,0.41,3.16,0.29,2.26,36.0,158.29,92.53,1.35,1.12,0.0,0.71,0.29,44.29,4.76
Benoît Badiashile,FRA,DF,0,1,0,0,2022-2023,Chelsea,21,10,905,10.1,0.12,0.05,0.16,93.56,9.41,46.44,45.35,2.48,1.09,93.56,0.3,0.1,3.3,0.2,6.6,62.38,299.01,175.64,1.09,0.2,0.0,0.2,0.3,68.22,0.2
Leon Bailey,JAM,"FW,MF",0,0,1,1,2022-2023,Aston Villa,24,26,1967,21.9,0.24,0.22,0.46,37.12,0.73,4.16,12.92,20.82,4.06,37.12,5.11,1.87,1.67,2.51,2.24,23.79,183.88,77.9,3.88,1.51,1.74,2.19,2.42,25.62,8.31
Stefan Bajcetic,ESP,MF,0,0,1,0,2022-2023,Liverpool,17,6,526,5.8,0.13,0.06,0.2,55.86,1.03,11.38,32.59,12.76,0.86,55.86,2.76,1.21,7.55,0.69,4.31,30.17,170.69,77.59,1.72,1.21,0.0,1.21,1.03,35.17,0.17
Dominic Ballard,ENG,"FW,MF",0,0,1,1,2022-2023,Southampton,17,0,26,0.3,0.0,0.0,0.0,36.67,0.0,6.67,13.33,16.67,0.0,36.67,6.67,0.0,0.0,3.33,166.67,20.0,83.33,33.33,3.33,0.0,0.0,10.0,3.33,23.33,3.33
Patrick Bamford,ENG,FW,0,0,0,1,2022-2023,Leeds United,28,18,1515,16.8,0.51,0.06,0.56,32.74,1.13,2.02,15.3,15.83,4.94,32.62,2.02,0.65,1.93,1.13,3.33,17.26,70.6,26.61,1.01,1.01,0.77,3.33,1.25,22.98,5.71
Shandon Baptiste,GRN,MF,0,0,1,0,2022-2023,Brentford,24,4,618,6.9,0.05,0.16,0.21,54.06,1.74,12.61,28.41,14.06,1.01,54.06,1.88,0.87,6.7,0.43,3.35,34.78,158.99,73.48,1.16,1.74,0.43,2.32,1.16,35.8,3.33
Harvey Barnes,ENG,"FW,MF",0,0,1,1,2022-2023,Leicester City,24,32,2711,30.1,0.3,0.1,0.4,37.97,0.56,4.25,14.45,19.93,4.42,37.97,3.02,0.9,0.99,1.76,1.93,24.39,171.89,91.33,3.32,2.39,1.59,2.49,1.4,29.9,8.54
Gavin Bazunu,IRL,GK,1,0,0,0,2022-2023,Southampton,20,32,2880,32.0,0.0,0.0,0.0,39.16,28.44,38.56,0.59,0.0,0.0,39.16,0.0,0.0,,0.0,,23.31,115.59,64.75,0.0,0.0,0.0,0.0,0.0,18.72,0.0
Mads Bech Sørensen,DEN,"DF,MF",0,1,1,0,2022-2023,Brentford,23,0,21,0.2,0.0,0.0,0.0,70.0,5.0,20.0,40.0,10.0,0.0,70.0,0.0,0.0,,0.0,,10.0,15.0,0.0,0.0,0.0,0.0,0.0,0.0,25.0,0.0
Jan Bednarek,POL,DF,0,1,0,0,2022-2023,Southampton,26,20,1672,18.6,0.02,0.01,0.03,60.59,11.02,34.14,24.73,1.99,0.75,60.59,0.11,0.05,2.69,0.05,2.69,31.13,143.6,84.95,0.43,0.05,0.0,0.11,0.05,32.53,0.11
Jan Bednarek,POL,DF,0,1,0,0,2022-2023,Aston Villa,26,1,100,1.1,0.0,0.0,0.0,71.82,8.18,35.45,36.36,0.91,0.0,71.82,0.0,0.0,,0.0,,42.73,264.55,160.91,0.91,0.0,0.0,0.0,0.0,48.18,0.0
Donny van de Beek,NED,MF,0,0,1,0,2022-2023,Manchester Utd,25,2,167,1.9,0.05,0.06,0.11,37.89,0.53,1.58,12.11,24.21,5.79,37.89,1.58,1.05,35.11,0.53,17.53,20.53,77.89,44.74,1.05,1.58,0.0,1.05,1.05,27.89,10.53
Asmir Begović,BIH,GK,1,0,0,0,2022-2023,Everton,35,1,90,1.0,0.0,0.0,0.0,33.0,31.0,33.0,0.0,0.0,0.0,33.0,0.0,0.0,,0.0,,19.0,75.0,47.0,0.0,0.0,0.0,0.0,0.0,13.0,0.0
Armel Bella Kotchap,GER,DF,0,1,0,0,2022-2023,Southampton,20,24,1879,20.9,0.05,0.05,0.1,57.94,10.0,31.29,24.83,2.2,1.05,57.94,0.53,0.19,1.74,0.14,1.31,33.35,170.81,90.86,0.43,0.57,0.1,0.43,0.29,32.63,0.1
Saïd Benrahma,ALG,"FW,MF",0,0,1,1,2022-2023,West Ham,26,22,2069,23.0,0.31,0.2,0.5,47.43,0.7,5.7,17.35,25.35,4.09,47.26,5.35,2.22,1.8,2.43,1.98,30.39,229.61,117.61,4.74,2.35,1.91,2.3,1.83,34.78,10.3
Rodrigo Bentancur,URU,MF,0,0,1,0,2022-2023,Tottenham,25,17,1500,16.7,0.13,0.05,0.18,64.13,3.11,17.66,36.65,10.48,1.14,64.13,2.04,1.26,3.7,0.66,1.94,34.79,179.7,86.47,1.56,0.84,0.06,1.32,1.02,43.83,1.14
Daniel Bentley,ENG,GK,1,0,0,0,2022-2023,Wolves,29,2,180,2.0,0.0,0.0,0.0,43.5,41.5,43.5,0.0,0.0,0.0,43.5,0.0,0.0,,0.0,,14.5,96.5,66.5,0.0,0.0,0.0,0.0,0.0,17.0,0.0
Victor Bernth Kristiansen,DEN,DF,0,1,0,0,2022-2023,Leicester City,19,11,892,9.9,0.01,0.08,0.09,61.31,3.33,23.64,25.76,12.42,0.4,61.31,1.52,0.71,4.72,0.51,3.36,28.08,150.91,72.12,1.72,0.81,0.0,1.01,1.01,30.51,2.42
Owen Bevan,WAL,DF,0,1,0,0,2022-2023,Bournemouth,18,0,9,0.1,0.0,0.0,0.0,30.0,0.0,30.0,0.0,0.0,0.0,30.0,0.0,0.0,,0.0,,10.0,0.0,0.0,0.0,0.0,0.0,0.0,0.0,10.0,0.0
Giulian Biancone,FRA,DF,0,1,0,0,2022-2023,Nott'ham Forest,22,0,17,0.2,0.0,0.0,0.0,125.0,10.0,95.0,25.0,5.0,0.0,125.0,0.0,0.0,,0.0,,50.0,380.0,305.0,10.0,5.0,0.0,0.0,0.0,65.0,5.0
Philip Billing,DEN,"MF,FW",0,0,1,1,2022-2023,Bournemouth,26,34,2764,30.7,0.16,0.1,0.26,45.93,2.48,10.88,21.69,13.94,2.31,45.93,1.6,0.91,1.86,0.49,1.0,23.71,120.81,55.18,1.21,1.01,0.2,1.37,1.14,29.32,3.29
Yves Bissouma,MLI,MF,0,0,1,0,2022-2023,Tottenham,25,10,1010,11.2,0.02,0.05,0.06,73.75,2.05,14.64,47.86,11.34,0.18,73.75,0.8,0.62,6.95,0.18,1.98,45.0,246.52,102.05,1.25,1.16,0.09,1.43,0.71,54.73,0.89
Willy Boly,CIV,DF,0,1,0,0,2022-2023,Nott'ham Forest,31,9,685,7.6,0.01,0.03,0.03,46.45,9.08,31.45,13.29,1.97,1.18,46.45,0.26,0.13,6.58,0.0,0.0,22.5,101.18,46.71,0.13,0.13,0.0,0.26,0.0,23.95,0.0
Sven Botman,NED,DF,0,1,0,0,2022-2023,Newcastle Utd,22,35,3127,34.7,0.07,0.03,0.1,59.77,9.74,34.24,23.08,2.74,1.53,59.77,0.03,0.03,2.88,0.0,0.0,33.75,151.56,80.98,0.23,0.14,0.06,0.29,0.06,38.82,0.14
Jarrod Bowen,ENG,"FW,MF",0,0,1,1,2022-2023,West Ham,25,36,3233,35.9,0.25,0.2,0.45,36.71,0.89,5.18,12.56,19.3,4.37,36.66,3.29,1.0,0.85,1.53,1.3,20.36,155.01,61.31,2.81,1.23,1.56,1.95,1.53,22.09,5.93
James Bree,ENG,DF,0,1,0,0,2022-2023,Southampton,24,4,367,4.1,0.01,0.05,0.06,51.95,4.39,17.32,16.34,18.29,0.49,51.95,0.73,0.49,16.27,0.24,8.12,22.68,85.85,31.95,0.98,0.98,0.0,0.73,0.49,27.07,2.93
Armando Broja,ALB,FW,0,0,0,1,2022-2023,Chelsea,20,2,294,3.3,0.26,0.02,0.27,33.33,0.61,2.12,12.42,19.09,4.85,33.33,4.55,2.42,16.15,1.52,10.09,16.36,120.91,60.3,2.42,0.3,1.52,4.55,2.73,21.52,5.15
David Brooks,WAL,"FW,MF",0,0,1,1,2022-2023,Bournemouth,25,2,173,1.9,0.13,0.11,0.25,48.95,4.21,10.0,18.42,20.53,4.74,48.95,4.74,1.05,11.68,3.68,40.95,32.11,142.11,63.16,2.63,1.05,1.05,2.11,2.11,34.21,5.26
Lewis Brunt,ENG,DF,0,1,0,0,2022-2023,Leicester City,21,0,23,0.3,0.0,0.0,0.0,76.67,3.33,26.67,40.0,10.0,0.0,76.67,0.0,0.0,,0.0,,30.0,100.0,13.33,0.0,0.0,0.0,0.0,0.0,43.33,6.67
Emi Buendía,ARG,"MF,FW",0,0,1,1,2022-2023,Aston Villa,25,27,2412,26.8,0.24,0.21,0.45,49.85,1.42,7.54,23.66,19.25,3.47,49.85,2.2,1.01,1.71,0.97,1.65,30.93,147.65,73.51,2.24,1.72,0.71,2.35,2.16,35.63,5.11
Hugo Bueno,ESP,DF,0,1,0,0,2022-2023,Wolves,19,16,1310,14.6,0.01,0.09,0.1,57.19,3.63,21.78,18.84,17.05,0.96,57.19,2.33,0.96,2.82,0.96,2.82,27.12,185.89,97.4,3.56,1.99,0.27,1.1,0.75,30.55,4.38
Facundo Buonanotte,ARG,"FW,MF",0,0,1,1,2022-2023,Brighton,17,6,565,6.3,0.22,0.09,0.31,40.95,1.27,5.24,18.1,18.25,3.02,40.95,3.02,1.11,5.84,1.43,7.52,28.89,161.59,67.3,1.43,0.79,0.32,1.59,0.32,32.06,6.67
Dan Burn,ENG,DF,0,1,0,0,2022-2023,Newcastle Utd,30,35,3111,34.6,0.06,0.04,0.1,59.91,4.57,22.72,27.17,10.35,1.79,59.91,0.72,0.32,1.27,0.35,1.39,26.76,125.12,63.47,0.84,0.64,0.14,0.98,0.26,32.25,1.33
Cafú,POR,MF,0,0,1,0,2022-2023,Nott'ham Forest,29,0,7,0.1,0.0,0.0,0.0,30.0,10.0,20.0,10.0,0.0,0.0,30.0,0.0,0.0,,0.0,,20.0,120.0,70.0,0.0,0.0,0.0,0.0,0.0,10.0,0.0
Moisés Caicedo,ECU,MF,0,0,1,0,2022-2023,Brighton,20,34,3139,34.9,0.05,0.08,0.12,74.58,2.61,15.9,43.55,15.99,0.8,74.58,1.55,0.8,1.49,0.6,1.11,43.18,178.22,82.41,1.09,0.92,0.17,1.12,0.66,54.18,1.75
Tom Cairney,SCO,MF,0,0,1,0,2022-2023,Fulham,31,6,988,11.0,0.13,0.13,0.26,79.27,0.91,11.55,38.73,30.18,2.82,79.27,1.91,0.82,3.9,0.73,3.46,52.09,284.0,137.82,3.09,2.45,0.55,2.09,1.91,60.64,5.18
Duje Ćaleta-Car,CRO,DF,0,1,0,0,2022-2023,Southampton,25,9,946,10.5,0.08,0.0,0.08,66.19,12.95,39.62,25.52,1.43,0.86,66.19,0.19,0.19,9.52,0.0,0.0,36.86,174.19,94.57,0.48,0.1,0.0,0.1,0.19,40.86,0.0
Dominic Calvert-Lewin,ENG,FW,0,0,0,1,2022-2023,Everton,25,15,1165,12.9,0.45,0.06,0.51,29.15,1.55,3.02,11.09,15.5,4.57,29.07,2.17,1.16,4.16,0.78,2.77,14.42,75.35,31.4,1.4,0.85,0.78,3.1,0.93,22.17,4.34
Chem Campbell,WAL,"FW,MF",0,0,1,1,2022-2023,Wolves,19,0,74,0.8,0.12,0.0,0.12,58.75,1.25,7.5,23.75,28.75,6.25,58.75,6.25,3.75,75.0,2.5,50.0,48.75,378.75,87.5,2.5,7.5,1.25,3.75,6.25,45.0,12.5
João Cancelo,POR,DF,0,1,0,0,2022-2023,Manchester City,28,16,1274,14.2,0.06,0.06,0.12,95.99,1.41,15.85,48.31,32.46,3.31,95.99,4.3,2.18,3.58,1.62,2.65,59.15,346.48,201.48,5.14,2.82,1.48,1.27,0.99,71.83,8.8
Thomas Cannon,IRL,FW,0,0,0,1,2022-2023,Everton,19,0,25,0.3,0.32,1.95,2.27,26.67,0.0,0.0,6.67,20.0,13.33,26.67,6.67,3.33,166.67,0.0,0.0,20.0,113.33,23.33,3.33,0.0,0.0,0.0,0.0,23.33,6.67
Sergi Canós,ESP,"FW,DF",0,1,0,1,2022-2023,Brentford,25,0,77,0.9,0.09,0.03,0.11,63.33,1.11,14.44,27.78,22.22,2.22,63.33,6.67,4.44,74.11,2.22,37.0,32.22,228.89,123.33,4.44,2.22,0.0,0.0,0.0,40.0,7.78
Diego Carlos,BRA,DF,0,1,0,0,2022-2023,Aston Villa,29,2,205,2.3,0.16,0.02,0.18,67.83,4.78,23.48,40.87,4.78,1.74,67.83,0.0,0.0,,0.0,,43.48,151.3,83.91,0.43,1.3,0.0,0.87,0.0,48.26,0.0
Fabio Carvalho,POR,"MF,FW",0,0,1,1,2022-2023,Liverpool,19,4,347,3.9,0.29,0.03,0.31,49.49,0.51,7.95,19.23,23.33,6.67,49.49,1.54,0.51,8.54,0.77,12.82,31.28,145.64,65.38,2.31,2.31,0.51,2.82,3.85,37.18,6.67
Casemiro,BRA,MF,0,0,1,0,2022-2023,Manchester Utd,30,24,2124,23.6,0.14,0.13,0.28,74.45,4.66,22.5,40.21,12.37,1.02,74.45,0.85,0.38,1.91,0.34,1.69,36.02,119.83,59.49,0.59,0.72,0.04,0.76,0.59,46.74,1.44
Matty Cash,POL,DF,0,1,0,0,2022-2023,Aston Villa,24,20,1820,20.2,0.01,0.04,0.05,60.15,3.76,20.94,26.98,12.77,0.54,60.15,1.63,0.79,2.4,0.45,1.35,30.2,155.59,83.02,2.08,1.63,0.2,1.19,0.35,32.28,2.82
Timothy Castagne,BEL,DF,0,1,0,0,2022-2023,Leicester City,26,36,3254,36.2,0.06,0.07,0.13,61.8,4.36,22.65,25.41,14.03,1.44,61.8,0.86,0.33,1.07,0.39,1.25,27.32,110.77,55.08,1.08,0.64,0.14,0.88,0.47,34.42,4.12
Jonny Castro,ESP,DF,0,1,0,0,2022-2023,Wolves,28,14,1261,14.0,0.02,0.07,0.1,71.64,3.79,24.43,31.71,16.21,0.93,71.64,2.29,1.0,3.13,1.07,3.35,35.64,187.36,106.79,1.71,1.29,0.29,1.14,0.93,42.86,3.29
Nathaniel Chalobah,ENG,MF,0,0,1,0,2022-2023,Fulham,27,1,12,0.1,0.71,0.0,0.71,110.0,40.0,50.0,30.0,30.0,10.0,110.0,0.0,0.0,,0.0,,60.0,160.0,80.0,0.0,10.0,0.0,10.0,10.0,80.0,0.0
Trevoh Chalobah,ENG,DF,0,1,0,0,2022-2023,Chelsea,23,18,1608,17.9,0.05,0.02,0.06,76.48,7.54,33.63,33.74,9.33,1.28,76.48,0.56,0.45,4.47,0.06,0.56,43.8,149.66,77.82,0.95,0.73,0.06,0.34,0.28,54.36,1.51
Calum Chambers,ENG,"DF,MF",0,1,1,0,2022-2023,Aston Villa,27,2,353,3.9,0.03,0.07,0.1,62.82,7.69,30.51,24.62,8.21,0.51,62.82,0.0,0.0,,0.0,,35.64,203.59,138.46,1.54,1.03,0.0,0.51,0.26,38.21,0.51
Shea Charles,NIR,DF,0,1,0,0,2022-2023,Manchester City,18,0,28,0.3,0.0,0.0,0.0,106.67,16.67,46.67,60.0,0.0,0.0,106.67,0.0,0.0,,0.0,,66.67,386.67,143.33,3.33,0.0,0.0,0.0,3.33,63.33,0.0
Ben Chilwell,ENG,"DF,MF",0,1,1,0,2022-2023,Chelsea,25,15,1408,15.6,0.09,0.14,0.23,72.63,1.47,18.21,27.31,27.31,2.31,72.63,1.47,0.51,2.23,0.77,3.35,40.32,218.01,118.72,2.76,2.31,0.51,1.6,1.15,46.28,8.4
Ryan Christie,SCO,"MF,FW",0,0,1,1,2022-2023,Bournemouth,27,22,1834,20.4,0.13,0.12,0.25,46.08,1.91,9.17,20.64,17.16,2.99,46.08,4.22,1.81,2.11,2.06,2.39,27.4,166.47,71.67,1.91,1.67,0.64,2.4,1.62,29.02,3.48
Carney Chukwuemeka,ENG,"MF,FW",0,0,1,1,2022-2023,Chelsea,18,2,354,3.9,0.1,0.16,0.26,67.18,1.28,12.05,27.18,28.72,4.36,67.18,2.82,1.54,13.97,1.28,11.67,39.49,298.72,184.1,5.38,3.59,0.77,2.82,0.77,47.18,5.38
Bobby Clark,ENG,MF,0,0,1,0,2022-2023,Liverpool,17,0,8,0.1,0.0,0.0,0.0,70.0,0.0,0.0,0.0,70.0,10.0,70.0,10.0,0.0,0.0,10.0,1000.0,30.0,30.0,0.0,0.0,0.0,0.0,20.0,0.0,30.0,20.0
Nathaniel Clyne,ENG,DF,0,1,0,0,2022-2023,Crystal Palace,31,19,1640,18.2,0.0,0.04,0.04,53.35,2.42,17.2,26.1,10.22,0.16,53.35,0.66,0.27,2.29,0.27,2.29,23.24,97.69,49.23,0.77,0.55,0.05,0.66,0.16,29.18,1.59
Conor Coady,ENG,DF,0,1,0,0,2022-2023,Everton,29,23,2096,23.3,0.04,0.01,0.05,58.5,10.21,34.12,23.48,1.24,0.43,58.5,0.13,0.0,0.0,0.09,2.86,37.85,178.28,103.61,0.17,0.17,0.0,0.26,0.09,42.23,0.04
Jack Colback,ENG,MF,0,0,1,0,2022-2023,Nott'ham Forest,32,4,497,5.5,0.0,0.03,0.03,34.36,2.91,11.82,18.18,4.91,0.18,34.36,0.73,0.55,13.64,0.0,0.0,13.64,73.45,38.18,0.91,0.91,0.0,0.91,0.18,16.0,0.55
Séamus Coleman,IRL,DF,0,1,0,0,2022-2023,Everton,33,20,1656,18.4,0.02,0.05,0.07,53.8,4.4,18.15,22.66,13.37,1.14,53.8,2.01,0.92,2.49,0.82,2.2,24.84,111.36,50.27,0.71,0.54,0.16,1.63,0.33,26.14,2.01
Nathan Collins,IRL,DF,0,1,0,0,2022-2023,Wolves,21,19,1814,20.2,0.01,0.0,0.02,66.29,10.3,39.65,24.75,2.23,0.64,66.29,0.4,0.35,4.33,0.0,0.0,35.84,171.78,89.06,0.54,0.45,0.1,0.45,0.4,45.64,0.25
Levi Colwill,ENG,DF,0,1,0,0,2022-2023,Brighton,19,13,1220,13.6,0.1,0.04,0.14,92.87,10.59,41.84,47.5,3.75,0.81,92.87,0.07,0.07,7.35,0.0,0.0,62.13,341.62,217.06,1.18,0.74,0.0,0.51,0.29,67.72,0.22
Lewis Cook,ENG,MF,0,0,1,0,2022-2023,Bournemouth,25,18,1720,19.1,0.01,0.13,0.14,48.95,3.51,15.18,24.71,9.63,0.47,48.95,1.05,0.42,2.09,0.52,2.62,22.36,115.71,42.88,0.47,0.94,0.05,0.79,0.84,27.07,0.52
Steve Cook,ENG,DF,0,1,0,0,2022-2023,Nott'ham Forest,31,11,957,10.6,0.01,0.05,0.07,52.74,9.43,30.28,20.75,1.79,0.94,52.74,0.09,0.09,9.43,0.0,0.0,26.79,121.98,54.43,0.09,0.28,0.0,0.28,0.19,33.02,0.0
Liam Cooper,SCO,DF,0,1,0,0,2022-2023,Leeds United,30,16,1426,15.8,0.06,0.05,0.11,61.39,6.52,31.58,27.85,2.34,1.33,61.39,0.25,0.06,1.58,0.06,1.58,30.19,137.47,57.78,0.19,0.19,0.06,0.57,0.06,31.71,0.13
Maxwel Cornet,CIV,FW,0,0,0,1,2022-2023,West Ham,25,2,245,2.7,0.47,0.02,0.49,51.85,1.11,6.67,18.52,26.67,4.07,51.85,1.85,0.74,14.81,1.11,22.22,30.74,114.81,51.85,3.33,0.74,1.85,3.33,1.85,38.15,9.63
Diego Costa,ESP,FW,0,0,0,1,2022-2023,Wolves,33,16,1241,13.8,0.23,0.05,0.28,24.28,1.38,2.68,10.14,11.67,4.28,24.28,0.72,0.36,3.62,0.36,3.62,13.04,73.84,24.78,1.38,0.65,0.8,1.67,1.88,17.75,4.35
Vladimír Coufal,CZE,DF,0,1,0,0,2022-2023,West Ham,29,24,2136,23.7,0.01,0.1,0.11,60.46,4.39,18.35,24.47,17.89,0.89,60.46,0.72,0.13,0.74,0.25,1.49,24.39,138.57,72.15,2.24,1.39,0.08,1.05,0.89,28.06,4.6
Philippe Coutinho,BRA,"MF,FW",0,0,1,1,2022-2023,Aston Villa,30,7,788,8.8,0.16,0.05,0.21,56.82,0.23,3.86,29.43,24.2,2.73,56.82,3.86,1.59,4.68,1.7,5.01,35.11,198.52,83.98,2.05,3.18,0.57,2.61,1.93,41.93,7.73
Conor Coventry,IRL,"MF,FW",0,0,1,1,2022-2023,West Ham,22,0,1,0.0,0.0,0.0,0.0,,,,,,,,,,,,,,,,,,,,,,
Matthew Craig,SCO,MF,0,0,1,0,2022-2023,Tottenham,19,0,14,0.2,0.0,0.0,0.0,50.0,5.0,15.0,25.0,10.0,0.0,50.0,0.0,0.0,,0.0,,25.0,100.0,30.0,0.0,5.0,0.0,0.0,0.0,30.0,0.0
Aaron Cresswell,ENG,DF,0,1,0,0,2022-2023,West Ham,32,24,2235,24.8,0.01,0.15,0.16,64.8,3.91,20.44,26.94,17.66,0.52,64.8,0.28,0.08,1.15,0.16,2.3,30.89,141.01,70.6,1.41,1.05,0.04,0.24,0.24,38.71,3.31
Marc Cucurella,ESP,DF,0,1,0,0,2022-2023,Chelsea,24,21,1671,18.6,0.02,0.03,0.06,80.11,3.39,25.27,36.13,19.25,0.65,80.11,0.75,0.27,1.92,0.32,2.31,42.31,172.31,96.61,1.61,1.08,0.11,0.75,0.32,48.71,3.49
Matheus Cunha,BRA,FW,0,0,0,1,2022-2023,Wolves,23,12,965,10.7,0.19,0.05,0.24,34.77,1.31,6.17,15.89,13.74,4.21,34.77,3.64,2.43,6.23,0.75,1.92,18.22,104.58,42.9,1.5,0.56,0.65,2.9,1.21,20.93,4.02
Patson Daka,ZAM,FW,0,0,0,1,2022-2023,Leicester City,23,13,1187,13.2,0.27,0.21,0.48,33.64,0.98,3.18,13.26,17.42,4.39,33.64,1.36,0.53,2.95,0.61,3.36,15.68,82.58,34.92,1.36,0.61,0.83,3.48,1.44,21.82,6.21
Diogo Dalot,POR,DF,0,1,0,0,2022-2023,Manchester Utd,23,24,2154,23.9,0.1,0.08,0.18,70.0,5.23,24.27,29.87,16.32,1.59,70.0,1.46,0.88,2.51,0.29,0.84,36.74,178.16,90.42,1.92,1.34,0.5,0.75,0.21,41.59,3.56
Mikkel Damsgaard,DEN,"MF,FW",0,0,1,1,2022-2023,Brentford,22,9,988,11.0,0.24,0.12,0.36,48.09,0.82,9.45,24.36,15.09,2.45,48.09,2.09,0.82,3.55,0.82,3.55,25.36,97.73,52.18,0.82,0.82,0.09,1.36,0.55,27.91,4.09
Danilo,BRA,MF,0,0,1,0,2022-2023,Nott'ham Forest,21,12,976,10.8,0.14,0.07,0.21,35.46,2.41,10.93,16.85,8.52,1.94,35.46,1.76,1.3,6.82,0.37,1.95,15.83,75.46,40.65,1.2,0.83,0.56,1.85,0.74,15.83,2.04
Arnaut Danjuma,NED,"FW,MF",0,0,1,1,2022-2023,Tottenham,25,1,169,1.9,0.43,0.02,0.45,37.89,0.53,2.63,18.42,16.84,4.21,37.89,3.16,1.58,26.32,1.58,26.32,23.16,122.63,67.37,2.63,1.05,1.05,0.53,1.58,30.53,10.0
Josh Dasilva,ENG,MF,0,0,1,0,2022-2023,Brentford,23,14,1389,15.4,0.1,0.09,0.19,50.0,1.1,9.35,22.21,19.35,2.08,50.0,3.64,2.08,3.71,0.97,1.74,34.81,220.26,105.91,3.9,2.79,0.58,1.82,1.88,36.49,4.48
David Datro Fofana,CIV,FW,0,0,0,1,2022-2023,Chelsea,19,1,70,0.8,0.31,0.17,0.47,41.25,1.25,2.5,12.5,27.5,8.75,41.25,10.0,6.25,78.12,2.5,31.25,30.0,148.75,56.25,2.5,2.5,3.75,11.25,3.75,28.75,11.25
Ben Davies,WAL,DF,0,1,0,0,2022-2023,Tottenham,29,26,2288,25.4,0.04,0.1,0.14,58.35,3.74,20.24,29.49,8.78,1.14,58.35,0.59,0.2,1.31,0.28,1.84,32.87,172.68,105.98,1.54,1.3,0.16,0.43,0.2,39.84,2.72
Tom Davies,ENG,MF,0,0,1,0,2022-2023,Everton,24,4,538,6.0,0.19,0.03,0.22,51.5,2.17,12.33,30.5,9.0,2.5,51.5,1.0,0.5,8.33,0.5,8.33,25.0,102.67,42.17,0.33,0.17,0.0,2.83,0.67,33.5,2.17
Craig Dawson,ENG,DF,0,1,0,0,2022-2023,West Ham,32,8,720,8.0,0.06,0.01,0.07,47.5,6.62,26.38,17.75,3.5,1.75,47.5,0.12,0.0,0.0,0.12,12.5,24.12,130.25,75.0,0.0,0.62,0.0,0.25,0.5,27.0,0.12
Craig Dawson,ENG,DF,0,1,0,0,2022-2023,Wolves,32,17,1414,15.7,0.06,0.0,0.06,69.04,11.59,39.43,27.83,2.04,0.96,69.04,0.25,0.19,4.78,0.0,0.0,40.0,166.56,84.27,0.32,0.19,0.0,0.32,0.13,47.64,0.06
Kevin De Bruyne,BEL,MF,0,0,1,0,2022-2023,Manchester City,31,28,2417,26.9,0.21,0.51,0.72,69.14,0.48,3.72,27.62,38.7,3.72,69.14,2.27,1.19,1.95,0.71,1.16,41.97,212.68,126.95,3.72,3.01,0.59,1.56,1.08,53.72,9.11
Siriki Dembélé,CIV,"FW,MF",0,0,1,1,2022-2023,Bournemouth,25,0,110,1.2,0.15,0.25,0.41,59.17,0.83,8.33,25.0,27.5,2.5,59.17,8.33,5.0,50.0,2.5,25.0,39.17,259.17,133.33,4.17,1.67,0.83,7.5,4.17,41.67,9.17
Leander Dendoncker,BEL,MF,0,0,1,0,2022-2023,Aston Villa,27,7,697,7.7,0.01,0.06,0.07,47.4,2.73,13.25,28.44,5.97,0.91,47.4,0.65,0.39,7.79,0.26,5.19,22.21,110.65,35.19,0.13,0.78,0.13,1.04,0.39,26.88,0.26
Leander Dendoncker,BEL,MF,0,0,1,0,2022-2023,Wolves,27,2,214,2.4,0.27,0.02,0.29,53.33,2.5,13.75,31.25,8.75,2.08,53.33,0.83,0.42,20.83,0.42,20.83,25.0,85.42,32.08,0.42,0.0,0.0,0.83,0.83,32.08,1.25
Emmanuel Dennis,NGA,"FW,MF",0,0,1,1,2022-2023,Nott'ham Forest,24,6,720,8.0,0.23,0.07,0.3,41.88,0.62,6.88,14.75,22.12,5.0,41.88,6.75,2.38,4.4,3.25,6.01,26.38,189.0,105.0,3.0,1.88,1.0,4.0,3.12,27.38,7.88
Halil Dervişoğlu,TUR,MF,0,0,1,0,2022-2023,Brentford,22,0,8,0.1,0.31,0.0,0.31,10.0,0.0,0.0,0.0,10.0,0.0,10.0,0.0,0.0,,0.0,,20.0,130.0,0.0,0.0,0.0,10.0,0.0,10.0,20.0,0.0
Kiernan Dewsbury-Hall,ENG,MF,0,0,1,0,2022-2023,Leicester City,23,28,2306,25.6,0.09,0.13,0.22,58.2,1.88,10.9,31.09,17.3,1.95,58.2,2.97,1.64,2.16,1.02,1.34,35.27,203.83,99.96,2.66,1.41,0.62,2.85,1.25,40.55,3.55
Ibrahima Diallo,FRA,MF,0,0,1,0,2022-2023,Southampton,23,11,819,9.1,0.02,0.01,0.03,54.84,1.98,14.07,33.85,8.13,0.44,54.84,1.43,0.88,6.76,0.55,4.23,31.54,158.79,78.02,0.99,0.44,0.0,1.76,0.99,32.31,0.66
Rúben Dias,POR,DF,0,1,0,0,2022-2023,Manchester City,25,22,1998,22.2,0.06,0.03,0.09,100.77,7.93,39.68,57.66,3.74,0.99,100.77,0.45,0.36,3.6,0.05,0.45,67.43,369.1,226.35,0.63,0.99,0.05,0.05,0.18,80.68,0.09
Luis Díaz,COL,FW,0,0,0,1,2022-2023,Liverpool,25,11,996,11.1,0.22,0.14,0.36,55.68,0.36,4.23,22.25,30.27,6.94,55.68,5.86,2.88,4.43,2.25,3.47,39.64,265.23,117.39,3.51,2.79,1.98,2.7,3.33,45.05,10.45
Eric Dier,ENG,DF,0,1,0,0,2022-2023,Tottenham,28,31,2818,31.3,0.05,0.04,0.09,72.65,11.82,42.59,27.67,2.68,0.8,72.65,0.19,0.1,1.6,0.06,1.06,43.71,197.54,91.09,0.29,0.29,0.03,0.32,0.1,51.12,0.45
Lucas Digne,FRA,DF,0,1,0,0,2022-2023,Aston Villa,29,18,1502,16.7,0.02,0.11,0.14,65.63,3.83,21.86,23.71,20.48,1.44,65.63,1.08,0.18,1.0,0.66,3.66,33.05,141.5,75.57,1.74,0.84,0.12,0.96,0.72,37.43,5.33
Issa Diop,FRA,DF,0,1,0,0,2022-2023,Fulham,25,21,2012,22.4,0.01,0.02,0.03,71.7,8.53,36.96,34.02,1.25,0.4,71.7,0.31,0.22,3.19,0.04,0.64,45.8,299.29,187.81,0.58,0.27,0.0,0.45,0.04,49.78,0.18
Moussa Djenepo,MLI,"DF,FW",0,1,0,1,2022-2023,Southampton,24,7,710,7.9,0.02,0.06,0.09,45.32,2.03,13.04,20.0,12.91,2.03,45.32,5.32,2.41,5.72,2.15,5.13,24.94,180.13,91.9,3.42,1.39,0.76,1.9,0.89,23.04,4.94
Ben Doak,SCO,FW,0,0,0,1,2022-2023,Liverpool,16,0,26,0.3,0.0,0.0,0.0,73.33,0.0,13.33,33.33,33.33,6.67,73.33,13.33,0.0,0.0,13.33,333.33,53.33,606.67,170.0,3.33,10.0,6.67,3.33,0.0,50.0,13.33
Matt Doherty,IRL,"DF,MF",0,1,1,0,2022-2023,Tottenham,30,7,667,7.4,0.1,0.04,0.14,67.57,3.65,19.46,24.86,23.24,3.24,67.57,1.62,0.68,5.64,0.54,4.5,33.38,128.78,59.86,2.16,0.68,0.27,1.62,0.41,41.35,7.7
Abdoulaye Doucouré,MLI,MF,0,0,1,0,2022-2023,Everton,29,17,1533,17.0,0.14,0.13,0.27,41.94,1.06,9.18,19.24,14.24,2.65,41.94,1.94,1.18,3.56,0.65,1.96,21.82,99.35,52.71,1.35,0.94,0.41,1.59,0.76,25.88,3.88
Cheick Doucouré,MLI,MF,0,0,1,0,2022-2023,Crystal Palace,22,34,2769,30.8,0.05,0.06,0.11,51.2,3.05,14.42,29.03,8.28,0.49,51.2,0.68,0.49,2.32,0.19,0.93,24.71,122.11,57.18,0.58,0.81,0.03,0.91,0.65,28.7,0.55
Flynn Downes,ENG,MF,0,0,1,0,2022-2023,West Ham,23,7,762,8.5,0.05,0.01,0.06,47.65,1.65,8.71,31.18,8.0,0.59,47.65,0.24,0.12,5.88,0.0,0.0,26.35,122.47,42.82,0.35,0.59,0.12,1.29,0.71,32.47,1.29
Kami Doyle,ENG,MF,0,0,1,0,2022-2023,Southampton,16,0,7,0.1,0.0,0.0,0.0,60.0,0.0,20.0,30.0,10.0,0.0,60.0,10.0,0.0,0.0,10.0,1000.0,40.0,120.0,10.0,0.0,0.0,0.0,0.0,10.0,70.0,0.0
Cody Drameh,ENG,DF,0,1,0,0,2022-2023,Leeds United,20,1,69,0.8,0.0,0.0,0.0,55.0,1.25,8.75,32.5,13.75,0.0,55.0,1.25,1.25,125.0,0.0,0.0,21.25,60.0,12.5,0.0,1.25,0.0,1.25,1.25,28.75,3.75
Martin Dúbravka,SVK,GK,1,0,0,0,2022-2023,Newcastle Utd,33,1,157,1.7,0.0,0.0,0.0,34.71,32.35,34.71,0.0,0.0,0.0,34.71,0.0,0.0,,0.0,,22.35,111.76,60.59,0.0,0.0,0.0,0.0,0.0,13.53,0.0
Shane Duffy,IRL,"DF,FW",0,1,0,1,2022-2023,Fulham,30,0,20,0.2,0.7,0.0,0.7,110.0,15.0,65.0,45.0,5.0,5.0,110.0,5.0,5.0,500.0,0.0,0.0,45.0,205.0,90.0,0.0,0.0,0.0,5.0,0.0,60.0,0.0
Lewis Dunk,ENG,DF,0,1,0,0,2022-2023,Brighton,30,36,3239,36.0,0.05,0.03,0.07,96.14,11.89,46.25,47.56,2.69,0.94,96.14,0.14,0.11,2.22,0.0,0.0,63.72,316.94,175.75,0.53,0.58,0.0,0.36,0.14,71.83,0.14
Jáder Durán,COL,"FW,MF",0,0,1,1,2022-2023,Aston Villa,18,0,136,1.5,0.37,0.02,0.39,38.0,2.0,2.0,17.33,19.33,4.0,38.0,1.33,0.67,33.33,0.67,33.33,22.0,136.67,82.0,2.67,3.33,0.67,5.33,2.0,27.33,8.67
Malcolm Ebiowei,ENG,"MF,FW",0,0,1,1,2022-2023,Crystal Palace,18,0,34,0.4,0.0,0.0,0.0,52.5,0.0,2.5,20.0,30.0,5.0,52.5,12.5,5.0,100.0,7.5,150.0,35.0,267.5,75.0,5.0,2.5,0.0,12.5,0.0,37.5,22.5
Ederson,BRA,GK,1,0,0,0,2022-2023,Manchester City,28,35,3150,35.0,0.0,0.01,0.01,37.2,29.97,37.0,0.26,0.0,0.0,37.2,0.0,0.0,,0.0,,24.83,115.97,69.4,0.0,0.0,0.0,0.0,0.0,23.8,0.0
Odsonne Édouard,FRA,FW,0,0,0,1,2022-2023,Crystal Palace,24,20,1803,20.0,0.21,0.06,0.27,33.6,1.25,3.4,15.85,14.65,4.75,33.6,2.3,0.8,1.74,1.4,3.04,17.7,81.85,31.65,1.45,1.05,1.05,3.0,2.55,23.95,5.0
Samuel Edozie,ENG,"FW,MF",0,0,1,1,2022-2023,Southampton,19,5,567,6.3,0.14,0.06,0.2,44.13,0.63,7.62,13.65,23.49,5.08,44.13,5.87,1.9,5.14,2.54,6.86,29.05,246.19,117.62,4.13,3.33,2.06,3.81,1.9,29.84,6.19
Anthony Elanga,SWE,FW,0,0,0,1,2022-2023,Manchester Utd,20,5,426,4.7,0.15,0.19,0.34,41.91,0.85,5.53,15.11,21.28,5.96,41.91,3.19,1.06,7.09,1.49,9.94,23.19,139.57,58.72,2.55,0.64,1.49,2.77,1.49,29.57,5.96
Harvey Elliott,ENG,"MF,FW",0,0,1,1,2022-2023,Liverpool,19,18,1613,17.9,0.12,0.2,0.31,66.7,0.78,8.21,31.62,27.43,2.79,66.7,2.35,1.06,2.53,0.84,1.99,42.4,222.4,108.55,3.02,2.23,0.56,1.45,1.28,48.44,7.21
Mohamed Elneny,EGY,MF,0,0,1,0,2022-2023,Arsenal,30,1,113,1.3,0.0,0.0,0.0,48.46,1.54,8.46,32.31,8.46,0.0,48.46,0.0,0.0,,0.0,,29.23,103.08,28.46,0.77,0.0,0.0,0.0,0.0,37.69,0.77
Mohamed Elyounoussi,NOR,"MF,FW",0,0,1,1,2022-2023,Southampton,27,27,2168,24.1,0.15,0.09,0.23,39.5,2.49,8.46,16.56,15.02,2.24,39.5,1.99,1.04,2.16,0.83,1.73,20.08,130.33,60.71,2.32,1.7,0.5,1.58,1.58,22.12,4.07
Emerson,BRA,DF,0,1,0,0,2022-2023,Tottenham,23,20,1735,19.3,0.09,0.03,0.12,68.55,5.23,24.92,26.17,17.93,2.38,68.55,1.61,0.78,2.51,0.47,1.5,34.82,189.74,106.01,2.44,1.66,0.31,1.14,0.98,40.16,5.34
Julio Enciso,PAR,"FW,MF",0,0,1,1,2022-2023,Brighton,18,7,806,9.0,0.45,0.19,0.64,44.0,0.22,2.44,17.22,25.33,5.44,44.0,7.11,3.56,5.56,2.78,4.34,26.78,196.44,112.56,4.33,3.22,1.89,2.11,2.22,32.44,8.22
Christian Eriksen,DEN,MF,0,0,1,0,2022-2023,Manchester Utd,30,25,2048,22.8,0.22,0.19,0.4,72.11,1.89,11.8,40.09,20.39,1.54,72.11,0.75,0.35,2.07,0.39,2.32,42.41,153.46,77.02,1.01,1.05,0.13,1.05,0.83,53.51,2.89
Pervis Estupiñán,ECU,DF,0,1,0,0,2022-2023,Brighton,24,31,2675,29.7,0.06,0.18,0.24,74.44,2.76,17.04,36.23,21.85,2.39,74.44,1.41,0.64,1.52,0.61,1.44,43.5,206.53,115.82,3.06,1.85,0.51,1.28,0.98,48.28,6.16
Jonny Evans,NIR,DF,0,1,0,0,2022-2023,Leicester City,34,12,1051,11.7,0.01,0.0,0.01,77.44,11.71,40.51,36.24,0.77,0.17,77.44,0.0,0.0,,0.0,,45.21,189.57,103.08,0.51,0.34,0.0,0.43,0.0,53.76,0.0
Eberechi Eze,ENG,"MF,FW",0,0,1,1,2022-2023,Crystal Palace,24,30,2636,29.3,0.25,0.15,0.39,51.71,0.68,7.24,25.09,20.55,2.87,51.67,4.16,2.42,1.99,1.4,1.15,30.34,171.23,81.84,2.35,1.95,0.96,2.42,1.84,34.1,4.4
Łukasz Fabiański,POL,GK,1,0,0,0,2022-2023,West Ham,37,36,3111,34.6,0.0,0.0,0.0,29.05,25.17,28.9,0.14,0.0,0.0,29.05,0.0,0.0,,0.0,,14.62,96.24,62.02,0.0,0.0,0.0,0.09,0.0,10.12,0.0
Fabinho,BRA,MF,0,0,1,0,2022-2023,Liverpool,28,31,2671,29.7,0.02,0.07,0.1,70.44,2.79,15.35,44.24,10.94,0.71,70.44,0.51,0.24,1.57,0.13,0.9,39.87,157.21,64.41,0.51,0.94,0.03,0.57,0.4,50.27,1.31
Wout Faes,BEL,DF,0,1,0,0,2022-2023,Leicester City,24,31,2786,31.0,0.04,0.02,0.06,70.23,11.52,39.68,29.55,1.42,0.61,70.23,0.39,0.29,2.42,0.1,0.81,40.71,208.9,116.32,0.35,0.23,0.0,0.48,0.16,46.32,0.06
Felipe,BRA,DF,0,1,0,0,2022-2023,Nott'ham Forest,33,15,1418,15.8,0.07,0.06,0.13,50.51,10.32,30.19,17.41,3.73,2.28,50.51,1.14,0.89,4.92,0.19,1.06,24.75,135.25,74.81,0.19,0.19,0.0,0.76,0.25,24.43,0.25
João Félix,POR,"FW,MF",0,0,1,1,2022-2023,Chelsea,22,11,941,10.5,0.47,0.05,0.52,47.33,0.0,2.86,21.24,23.71,4.38,47.33,5.71,2.1,3.5,2.67,4.45,31.05,199.24,104.67,3.24,3.81,0.86,2.1,0.76,38.0,7.52
Evan Ferguson,IRL,FW,0,0,0,1,2022-2023,Brighton,17,10,950,10.6,0.51,0.07,0.57,32.45,0.94,2.55,15.57,14.62,3.68,32.45,1.32,0.75,5.39,0.47,3.37,19.15,83.4,29.15,1.04,0.38,0.75,2.74,1.89,24.15,5.47
Bruno Fernandes,POR,"MF,FW",0,0,1,1,2022-2023,Manchester Utd,27,37,3316,36.8,0.25,0.45,0.71,65.43,1.85,10.49,26.25,29.29,4.05,65.38,1.79,0.87,1.32,0.76,1.15,37.64,168.83,88.91,2.42,1.85,0.76,1.14,1.14,45.9,6.28
Enzo Fernández,ARG,MF,0,0,1,0,2022-2023,Chelsea,21,18,1547,17.2,0.05,0.14,0.19,93.95,2.62,20.41,58.14,16.28,0.52,93.95,1.86,0.99,3.09,0.76,2.36,63.78,276.57,117.62,1.28,1.63,0.06,1.45,0.76,73.08,1.05
Roberto Firmino,BRA,"FW,MF",0,0,1,1,2022-2023,Liverpool,30,13,1213,13.5,0.41,0.19,0.59,54.44,0.22,5.11,27.78,21.85,6.22,54.44,1.78,0.96,4.01,0.74,3.09,31.33,130.15,54.96,1.19,1.04,0.52,2.81,1.7,41.85,7.11
Junior Firpo,DOM,DF,0,1,0,0,2022-2023,Leeds United,25,14,1368,15.2,0.01,0.05,0.06,52.11,3.16,18.82,24.21,9.61,0.86,52.11,0.99,0.39,2.63,0.59,3.95,23.16,96.38,51.64,1.32,1.05,0.07,0.59,0.59,24.14,2.24
Phil Foden,ENG,FW,0,0,0,1,2022-2023,Manchester City,22,22,1842,20.5,0.29,0.23,0.52,64.59,0.98,5.66,21.12,38.54,6.39,64.59,3.95,1.95,2.41,1.51,1.87,43.46,223.32,104.44,3.32,2.1,1.22,1.66,1.41,51.27,13.41
Wesley Fofana,FRA,DF,0,1,0,0,2022-2023,Leicester City,21,2,180,2.0,0.06,0.0,0.06,84.5,5.5,34.0,48.5,3.5,1.5,84.5,1.5,1.0,33.35,0.0,0.0,58.0,323.5,182.5,1.5,2.5,1.0,1.5,0.0,57.5,0.5
Wesley Fofana,FRA,DF,0,1,0,0,2022-2023,Chelsea,21,12,1183,13.1,0.05,0.0,0.06,77.33,7.4,32.37,38.85,6.49,0.76,77.33,0.99,0.61,4.69,0.08,0.59,52.37,320.38,190.0,2.21,1.53,0.08,0.69,0.46,56.11,0.92
Pablo Fornals,ESP,"FW,MF",0,0,1,1,2022-2023,West Ham,26,17,1503,16.7,0.13,0.1,0.24,54.91,0.96,8.62,25.39,21.56,2.16,54.91,1.38,0.72,3.13,0.6,2.6,29.94,148.5,75.15,1.98,1.44,0.72,1.26,0.9,36.89,6.05
Adam Forshaw,ENG,MF,0,0,1,0,2022-2023,Leeds United,30,5,479,5.3,0.01,0.16,0.17,55.28,1.32,12.08,32.26,11.7,0.19,55.28,2.08,1.51,13.72,0.57,5.15,33.77,204.72,67.92,0.75,1.51,0.0,1.13,1.51,35.09,1.32
Fraser Forster,ENG,GK,1,0,0,0,2022-2023,Tottenham,34,13,1215,13.5,0.0,0.0,0.0,29.26,26.07,29.04,0.22,0.0,0.0,29.26,0.0,0.0,,0.0,,15.04,81.33,45.63,0.0,0.0,0.0,0.07,0.0,10.96,0.0
Tyrese Francois,AUS,FW,0,0,0,1,2022-2023,Fulham,22,0,1,0.0,0.0,0.0,0.0,inf,,inf,inf,inf,,inf,,,,,,inf,,,,,,inf,,inf,inf
Ryan Fraser,SCO,FW,0,0,0,1,2022-2023,Newcastle Utd,28,3,313,3.5,0.09,0.11,0.2,42.0,0.29,5.14,14.57,22.86,2.57,42.0,0.57,0.29,14.29,0.0,0.0,26.86,171.43,92.0,2.29,2.0,0.29,2.0,0.29,30.57,6.57
Fred,BRA,MF,0,0,1,0,2022-2023,Manchester Utd,29,12,1249,13.9,0.14,0.21,0.35,71.87,2.73,17.99,34.75,20.07,2.66,71.87,2.3,0.86,2.7,1.08,3.37,38.63,155.25,74.39,0.72,1.22,0.22,1.87,1.15,44.17,3.6
Ryan Fredericks,ENG,DF,0,1,0,0,2022-2023,Bournemouth,29,5,533,5.9,0.0,0.02,0.02,47.29,5.59,14.92,18.47,14.24,1.19,47.29,1.69,0.51,5.08,0.85,8.47,20.34,122.88,66.95,2.2,1.53,0.34,0.68,0.51,25.76,4.75
Remo Freuler,SUI,MF,0,0,1,0,2022-2023,Nott'ham Forest,30,24,2161,24.0,0.02,0.03,0.05,44.08,2.96,15.0,22.38,6.96,0.54,44.08,0.5,0.25,2.08,0.17,1.39,20.46,91.33,39.96,0.29,0.46,0.0,0.83,0.33,23.21,0.46
Cody Gakpo,NED,"FW,MF",0,0,1,1,2022-2023,Liverpool,23,17,1458,16.2,0.38,0.17,0.55,36.48,0.37,2.59,16.42,18.4,4.69,36.48,2.96,1.42,2.96,0.8,1.67,23.09,127.72,70.0,2.22,1.98,0.74,2.65,2.22,27.65,6.73
Conor Gallagher,ENG,MF,0,0,1,0,2022-2023,Chelsea,22,18,1621,18.0,0.14,0.13,0.26,63.0,1.78,11.0,29.39,23.39,3.28,63.0,3.06,1.33,2.42,1.28,2.32,38.89,195.72,77.44,2.22,2.22,0.67,2.0,2.0,43.22,5.78
Idrissa Gana Gueye,SEN,MF,0,0,1,0,2022-2023,Everton,32,32,2577,28.6,0.03,0.04,0.06,54.65,2.69,15.77,31.22,8.29,0.38,54.65,1.22,0.66,1.9,0.31,0.9,28.71,137.83,63.95,0.94,0.91,0.1,1.08,0.63,29.55,0.66
Alejandro Garnacho,ARG,"FW,MF",0,0,1,1,2022-2023,Manchester Utd,18,5,569,6.3,0.48,0.16,0.64,48.41,0.48,4.6,13.33,31.11,9.37,48.41,6.98,1.9,4.33,4.29,9.75,34.92,264.44,142.22,5.24,4.29,4.44,4.29,2.22,37.3,13.49
James Garner,ENG,"MF,DF",0,1,1,0,2022-2023,Everton,21,7,804,8.9,0.09,0.06,0.14,49.55,2.47,10.9,22.58,16.85,1.01,49.55,1.57,0.79,5.62,0.67,4.82,24.27,133.15,63.37,0.9,1.01,0.11,1.24,0.34,25.28,2.02
David de Gea,ESP,GK,1,0,0,0,2022-2023,Manchester Utd,31,38,3420,38.0,0.0,0.0,0.0,34.26,29.37,34.13,0.13,0.0,0.0,34.26,0.0,0.0,,0.0,,20.55,94.45,56.5,0.0,0.0,0.0,0.0,0.0,20.61,0.0
Joe Gelhardt,ENG,FW,0,0,0,1,2022-2023,Leeds United,20,1,212,2.4,0.36,0.2,0.55,47.92,1.67,4.17,21.67,22.5,5.83,47.92,3.75,0.42,4.62,2.92,32.42,28.33,78.75,27.5,0.83,0.83,0.83,3.75,2.92,35.0,8.75
Saman Ghoddos,IRN,"MF,FW",0,0,1,1,2022-2023,Brentford,28,0,139,1.5,0.03,0.27,0.3,65.33,4.67,15.33,25.33,26.67,2.0,65.33,1.33,0.0,0.0,1.33,66.67,28.0,109.33,61.33,0.67,1.33,0.0,2.0,0.67,29.33,4.0
Morgan Gibbs-White,ENG,"FW,MF",0,0,1,1,2022-2023,Wolves,22,2,180,2.0,0.36,0.04,0.4,59.5,0.5,9.0,26.5,24.5,2.0,59.5,4.0,1.0,12.5,2.5,31.25,31.0,128.5,68.5,2.0,1.5,0.5,1.5,0.5,41.0,6.0
Morgan Gibbs-White,ENG,"MF,FW",0,0,1,1,2022-2023,Nott'ham Forest,22,34,2971,33.0,0.18,0.25,0.43,43.85,0.61,5.12,18.97,20.61,2.3,43.79,2.91,1.42,1.48,1.3,1.36,23.15,135.24,66.27,2.09,1.88,0.58,2.76,1.33,27.33,4.76
Bryan Gil,ESP,"MF,FW",0,0,1,1,2022-2023,Tottenham,21,2,148,1.6,0.06,0.11,0.17,50.0,0.62,8.12,18.75,23.12,1.25,50.0,3.12,1.25,25.0,1.88,37.5,34.38,210.62,90.62,2.5,1.88,0.0,3.12,1.88,38.12,9.38
Billy Gilmour,SCO,MF,0,0,1,0,2022-2023,Brighton,21,7,507,5.6,0.09,0.04,0.13,80.89,2.68,20.0,49.29,12.68,0.71,80.89,1.07,0.36,5.95,0.36,5.95,44.29,206.61,104.11,0.89,1.43,0.18,1.07,0.89,62.5,0.71
Wilfried Gnonto,ITA,"FW,MF",0,0,1,1,2022-2023,Leeds United,18,14,1354,15.0,0.12,0.15,0.27,47.93,0.8,6.33,16.53,26.2,2.87,47.93,5.13,1.4,1.82,2.87,3.72,32.27,223.73,114.33,4.4,2.47,1.13,2.0,1.27,33.87,9.07
Ben Godfrey,ENG,DF,0,1,0,0,2022-2023,Everton,24,10,802,8.9,0.14,0.02,0.16,43.93,6.18,17.87,19.66,7.08,0.9,43.93,0.9,0.34,4.21,0.34,4.21,18.2,93.26,47.87,1.01,0.9,0.0,1.35,0.34,17.87,0.79
João Gomes,BRA,MF,0,0,1,0,2022-2023,Wolves,21,7,653,7.3,0.04,0.02,0.06,56.03,2.6,16.16,29.04,10.96,0.68,56.03,2.6,1.1,5.77,0.96,5.04,25.34,126.3,56.99,0.96,0.82,0.14,0.96,0.68,30.55,1.1
Toti Gomes,POR,DF,0,1,0,0,2022-2023,Wolves,23,10,984,10.9,0.04,0.02,0.06,63.12,7.89,28.72,25.5,9.17,1.38,63.12,1.47,0.83,5.17,0.55,3.44,30.46,139.54,84.77,0.37,1.01,0.0,0.55,0.28,36.88,2.11
Joe Gomez,ENG,DF,0,1,0,0,2022-2023,Liverpool,25,15,1466,16.3,0.01,0.01,0.02,93.31,6.99,36.93,52.21,4.66,0.37,93.31,0.31,0.25,4.91,0.06,1.23,61.66,296.07,160.49,0.92,0.74,0.0,0.8,0.31,63.8,0.31
Sergio Gómez,ESP,"DF,MF",0,1,1,0,2022-2023,Manchester City,21,2,349,3.9,0.09,0.3,0.39,91.79,4.1,19.23,50.77,22.31,2.56,91.79,0.77,0.0,0.0,0.77,25.64,52.05,261.03,133.33,2.56,2.56,0.26,1.79,0.77,70.26,5.13
Anthony Gordon,ENG,"FW,MF",0,0,1,1,2022-2023,Newcastle Utd,21,4,487,5.4,0.31,0.17,0.48,50.93,0.93,5.56,20.74,25.0,5.0,50.93,3.89,1.3,6.17,2.41,11.46,31.3,220.74,95.56,3.7,2.41,2.04,3.52,0.93,36.3,8.33
Anthony Gordon,ENG,FW,0,0,0,1,2022-2023,Everton,21,12,1095,12.2,0.27,0.05,0.32,38.03,1.07,7.13,13.52,17.87,3.85,38.03,3.69,0.9,2.0,2.38,5.28,20.66,153.69,57.7,2.3,1.89,1.07,2.62,1.89,23.77,5.49
Demarai Gray,JAM,"FW,MF",0,0,1,1,2022-2023,Everton,26,27,2507,27.9,0.22,0.14,0.36,42.33,0.79,3.94,15.81,23.37,3.73,42.26,3.41,1.29,1.36,1.51,1.58,25.81,182.8,88.35,3.37,2.22,1.72,3.08,2.37,27.99,7.13
Jack Grealish,ENG,FW,0,0,0,1,2022-2023,Manchester City,26,23,2055,22.8,0.2,0.31,0.51,57.37,0.88,6.18,18.46,33.86,5.96,57.37,4.82,1.97,1.79,1.23,1.12,41.97,373.07,174.65,6.27,3.64,2.76,1.58,1.27,46.71,13.6
Sam Greenwood,ENG,"MF,FW",0,0,1,1,2022-2023,Leeds United,20,3,424,4.7,0.15,0.24,0.39,54.26,1.49,9.57,23.83,21.91,1.06,54.26,1.7,0.64,7.98,0.85,10.64,24.89,122.98,64.89,1.49,1.7,0.21,1.28,1.49,25.32,2.13
Pascal Groß,GER,"MF,DF",0,1,1,0,2022-2023,Brighton,31,37,3239,36.0,0.15,0.3,0.45,72.28,2.14,12.94,34.03,25.67,2.72,72.28,0.92,0.47,1.43,0.36,1.09,40.36,186.75,86.81,1.72,1.44,0.22,1.08,0.5,50.89,5.81
Vicente Guaita,ESP,GK,1,0,0,0,2022-2023,Crystal Palace,35,27,2430,27.0,0.0,0.0,0.0,33.15,29.07,33.07,0.07,0.0,0.0,33.15,0.0,0.0,,0.0,,18.78,98.41,63.11,0.0,0.0,0.0,0.04,0.0,14.19,0.0
Gonçalo Guedes,POR,"FW,MF",0,0,1,1,2022-2023,Wolves,25,8,707,7.9,0.15,0.06,0.22,35.44,0.38,3.54,13.29,19.37,3.8,35.44,1.9,0.63,4.22,0.89,5.91,22.03,164.94,81.52,2.53,1.52,0.89,2.15,0.89,25.19,6.84
Marc Guéhi,ENG,DF,0,1,0,0,2022-2023,Crystal Palace,22,37,3329,37.0,0.04,0.01,0.05,69.11,9.97,38.24,29.14,2.0,0.76,69.11,0.57,0.38,1.8,0.08,0.39,40.84,194.08,109.03,0.46,0.38,0.0,0.46,0.19,45.68,0.08
Bruno Guimarães,BRA,MF,0,0,1,0,2022-2023,Newcastle Utd,24,32,2726,30.3,0.09,0.13,0.22,66.47,1.95,12.94,35.51,18.98,1.65,66.47,3.04,1.49,1.61,0.86,0.93,43.6,239.21,96.07,1.35,1.55,0.17,1.52,1.98,49.6,1.39
İlkay Gündoğan,GER,MF,0,0,1,0,2022-2023,Manchester City,31,27,2353,26.1,0.29,0.12,0.41,69.2,1.19,9.31,37.36,22.84,3.37,69.16,1.61,0.61,1.46,0.69,1.64,41.07,209.08,100.69,2.03,1.69,0.27,1.07,1.03,54.6,4.75
Darko Gyabi,ENG,FW,0,0,0,1,2022-2023,Leeds United,18,0,8,0.1,0.72,0.0,0.72,80.0,0.0,10.0,40.0,30.0,10.0,80.0,10.0,0.0,0.0,0.0,0.0,40.0,50.0,30.0,0.0,0.0,0.0,10.0,0.0,20.0,0.0
Erling Haaland,NOR,FW,0,0,0,1,2022-2023,Manchester City,22,33,2769,30.8,0.92,0.17,1.09,24.77,0.58,1.27,9.42,14.12,7.05,24.55,1.04,0.36,1.12,0.58,1.83,13.15,65.58,24.71,1.14,0.32,0.81,1.66,0.84,18.93,4.9
Lewis Hall,ENG,DF,0,1,0,0,2022-2023,Chelsea,17,8,654,7.3,0.12,0.3,0.42,73.01,3.01,22.6,28.36,22.88,2.88,73.01,3.7,1.51,5.58,1.78,6.59,43.84,222.88,116.16,2.6,1.23,0.82,2.19,0.96,48.08,5.48
Luke Harris,WAL,"MF,FW",0,0,1,1,2022-2023,Fulham,17,0,13,0.1,0.0,0.0,0.0,140.0,0.0,0.0,80.0,60.0,0.0,140.0,0.0,0.0,,0.0,,90.0,460.0,140.0,0.0,0.0,0.0,0.0,10.0,130.0,0.0
Jack Harrison,ENG,"FW,MF",0,0,1,1,2022-2023,Leeds United,25,34,2708,30.1,0.16,0.17,0.33,51.69,1.03,6.38,18.24,27.77,2.69,51.69,3.92,1.59,1.35,1.96,1.66,31.86,175.12,85.85,3.42,1.86,0.8,3.06,2.03,34.45,8.47
Kai Havertz,GER,"FW,MF",0,0,1,1,2022-2023,Chelsea,23,30,2569,28.5,0.41,0.13,0.54,44.14,1.61,3.79,18.21,22.46,5.79,44.11,2.14,0.63,1.04,1.33,2.19,25.54,131.26,52.04,2.07,1.16,1.05,2.77,1.26,33.19,7.65
Jan Paul van Hecke,NED,DF,0,1,0,0,2022-2023,Brighton,22,3,295,3.3,0.18,0.0,0.18,87.27,8.18,36.36,46.97,3.94,0.61,87.27,0.0,0.0,,0.0,,56.67,334.55,192.42,0.91,1.52,0.0,0.3,0.0,64.55,0.0
Hwang Hee-chan,KOR,"FW,MF",0,0,1,1,2022-2023,Wolves,26,12,1130,12.6,0.23,0.09,0.32,33.73,1.03,5.24,14.13,14.92,3.02,33.73,2.54,1.03,3.22,1.03,3.22,17.62,120.63,55.71,1.98,0.87,0.56,1.98,1.59,21.19,4.76
Dean Henderson,ENG,GK,1,0,0,0,2022-2023,Nott'ham Forest,25,18,1620,18.0,0.0,0.0,0.0,39.72,33.33,39.5,0.28,0.0,0.0,39.72,0.0,0.0,,0.0,,22.06,124.56,69.17,0.0,0.0,0.0,0.06,0.0,17.72,0.0
Jordan Henderson,ENG,MF,0,0,1,0,2022-2023,Liverpool,32,23,2074,23.0,0.06,0.14,0.2,77.48,1.48,12.04,44.04,21.96,1.96,77.48,1.0,0.52,2.27,0.35,1.51,46.09,210.26,88.96,1.61,2.13,0.04,0.78,0.39,57.35,3.91
Wayne Hennessey,WAL,GK,1,0,0,0,2022-2023,Nott'ham Forest,35,3,271,3.0,0.0,0.0,0.0,36.0,30.33,36.0,0.0,0.0,0.0,36.0,0.0,0.0,,0.0,,18.67,106.0,60.33,0.0,0.0,0.0,0.0,0.0,15.67,0.0
Rico Henry,ENG,DF,0,1,0,0,2022-2023,Brentford,25,37,3238,36.0,0.04,0.07,0.11,43.94,3.19,13.28,17.97,13.39,0.83,43.94,1.39,0.72,1.44,0.47,0.94,21.72,105.28,50.89,1.53,1.14,0.25,1.39,1.22,22.58,3.08
Son Heung-min,KOR,"MF,FW",0,0,1,1,2022-2023,Tottenham,30,33,2888,32.1,0.31,0.2,0.52,37.91,0.37,4.45,14.24,20.03,3.3,37.91,2.59,1.03,1.24,1.25,1.5,22.68,153.49,73.43,2.55,1.87,0.97,1.99,1.71,26.79,6.11
Aaron Hickey,SCO,DF,0,1,0,0,2022-2023,Brentford,20,23,1916,21.3,0.02,0.02,0.04,48.26,2.21,15.4,23.43,9.91,0.99,48.26,2.11,0.8,1.77,0.85,1.88,28.92,154.69,84.6,1.92,0.8,0.14,0.75,0.61,29.3,2.21
Jack Hinshelwood,ENG,FW,0,0,0,1,2022-2023,Brighton,17,0,2,0.0,0.0,0.0,0.0,inf,,inf,inf,inf,inf,inf,,,,,,inf,inf,inf,,,,,,inf,inf
Joseph Hodge,IRL,MF,0,0,1,0,2022-2023,Wolves,19,1,175,1.9,0.13,0.03,0.16,62.11,2.63,13.68,29.47,18.95,2.11,62.11,0.0,0.0,,0.0,,29.47,91.58,46.84,0.53,1.05,0.0,0.53,1.05,40.53,2.63
Rob Holding,ENG,DF,0,1,0,0,2022-2023,Arsenal,26,6,566,6.3,0.05,0.0,0.05,79.21,9.21,38.1,38.89,2.38,1.11,79.21,0.16,0.16,15.87,0.0,0.0,50.63,232.7,139.84,0.48,0.16,0.16,0.48,0.0,53.81,0.32
Mason Holgate,ENG,DF,0,1,0,0,2022-2023,Everton,25,5,507,5.6,0.18,0.07,0.25,51.07,6.25,21.43,24.82,4.82,0.89,51.07,0.54,0.54,17.86,0.0,0.0,17.86,80.36,49.82,0.71,0.54,0.0,1.07,0.0,25.18,0.89
Will Hughes,ENG,MF,0,0,1,0,2022-2023,Crystal Palace,27,7,842,9.4,0.04,0.1,0.13,50.43,2.87,10.74,26.6,13.94,1.38,50.43,0.74,0.32,4.56,0.43,6.07,24.89,123.62,67.66,1.49,1.06,0.32,1.49,1.06,27.87,2.45
Omari Hutchinson,ENG,FW,0,0,0,1,2022-2023,Chelsea,18,0,23,0.3,0.0,0.18,0.18,53.33,0.0,0.0,13.33,40.0,10.0,53.33,0.0,0.0,,0.0,,36.67,203.33,76.67,3.33,0.0,3.33,3.33,3.33,40.0,6.67
Pierre Højbjerg,DEN,MF,0,0,1,0,2022-2023,Tottenham,26,35,3131,34.8,0.06,0.09,0.15,75.66,3.51,19.25,44.17,12.9,0.95,75.66,1.29,0.86,1.92,0.34,0.77,43.3,196.72,92.39,1.32,1.18,0.23,1.12,1.01,55.32,1.9
Kelechi Iheanacho,NGA,"FW,MF",0,0,1,1,2022-2023,Leicester City,25,11,1127,12.5,0.57,0.32,0.89,37.12,0.8,2.24,15.76,19.52,4.64,37.04,3.12,1.6,4.1,1.36,3.49,23.44,132.88,57.92,2.64,1.04,1.44,3.28,2.88,30.4,7.92
Danny Ings,ENG,FW,0,0,0,1,2022-2023,West Ham,30,7,775,8.6,0.35,0.12,0.47,26.63,0.93,2.56,12.21,12.21,4.3,26.63,2.09,0.58,3.23,1.4,7.76,15.0,64.42,30.23,1.05,0.93,0.35,1.28,1.16,18.26,5.12
Danny Ings,ENG,FW,0,0,0,1,2022-2023,Aston Villa,30,8,824,9.2,0.59,0.13,0.71,29.02,1.3,2.83,11.52,15.11,5.33,28.8,1.74,1.09,6.79,0.65,4.08,17.72,78.04,28.26,1.63,0.65,0.98,2.17,1.85,20.22,5.0
Alexander Isak,SWE,FW,0,0,0,1,2022-2023,Newcastle Utd,22,17,1522,16.9,0.49,0.13,0.61,34.5,0.65,2.01,11.95,21.18,5.8,34.38,4.26,1.89,2.63,1.78,2.47,21.95,150.77,76.92,2.43,2.13,1.3,2.31,1.48,25.5,7.22
Daniel Iversen,DEN,GK,1,0,0,0,2022-2023,Leicester City,25,12,1080,12.0,0.0,0.0,0.0,34.25,28.67,33.83,0.42,0.0,0.0,34.25,0.0,0.0,,0.0,,14.75,84.25,47.58,0.0,0.0,0.0,0.0,0.0,11.33,0.0
Alex Iwobi,NGA,"MF,FW",0,0,1,1,2022-2023,Everton,26,38,3378,37.5,0.07,0.16,0.23,50.99,1.39,9.57,23.79,18.91,1.57,50.99,2.93,1.47,1.33,1.33,1.21,31.17,184.35,91.57,2.4,2.11,0.4,1.81,1.12,34.27,3.87
Daniel James,WAL,FW,0,0,0,1,2022-2023,Leeds United,24,2,198,2.2,0.12,0.15,0.27,30.0,0.45,4.09,11.82,14.55,2.73,30.0,2.73,0.45,7.59,0.91,15.14,15.91,105.91,50.91,2.73,0.91,1.36,1.36,0.45,17.73,4.09
Daniel James,WAL,FW,0,0,0,1,2022-2023,Fulham,24,5,621,6.9,0.25,0.11,0.36,36.81,1.3,3.91,11.3,22.61,4.2,36.81,2.03,0.72,5.17,0.43,3.1,22.61,178.12,89.57,3.48,1.59,1.16,1.45,1.88,25.07,6.96
Reece James,ENG,"DF,MF",0,1,1,0,2022-2023,Chelsea,22,14,1244,13.8,0.07,0.22,0.29,86.01,2.83,18.55,39.35,28.62,1.81,86.01,2.9,1.59,3.99,0.72,1.81,51.45,269.71,146.23,3.77,1.88,0.65,0.94,1.01,58.91,8.33
Vitaly Janelt,GER,"MF,DF",0,1,1,0,2022-2023,Brentford,24,24,2208,24.5,0.1,0.06,0.15,50.78,2.69,13.67,27.55,9.88,1.47,50.78,0.98,0.37,1.53,0.57,2.38,27.06,114.2,50.86,0.57,0.73,0.08,0.73,0.45,30.08,1.14
Pontus Jansson,SWE,DF,0,1,0,0,2022-2023,Brentford,31,9,724,8.0,0.04,0.0,0.04,49.12,9.12,30.38,17.12,1.62,1.0,49.12,0.25,0.25,12.5,0.0,0.0,24.0,91.75,38.75,0.12,0.12,0.0,0.25,0.12,27.12,0.0
Mathias Jensen,DEN,MF,0,0,1,0,2022-2023,Brentford,26,37,2803,31.1,0.07,0.16,0.23,60.74,1.38,11.83,27.94,21.51,0.93,60.74,1.99,0.8,1.3,0.9,1.45,28.97,112.99,44.57,0.68,0.8,0.03,1.74,1.03,32.51,2.48
Gabriel Jesus,BRA,FW,0,0,0,1,2022-2023,Arsenal,25,24,2064,22.9,0.61,0.17,0.78,47.16,1.14,4.8,17.77,25.02,8.34,47.12,4.89,1.97,1.76,2.14,1.91,28.03,151.4,66.24,1.92,1.35,1.22,3.84,2.84,34.89,8.47
Raúl Jiménez,MEX,FW,0,0,0,1,2022-2023,Wolves,31,8,846,9.4,0.27,0.18,0.46,31.17,1.17,2.98,14.79,13.51,4.68,31.17,1.06,0.53,5.32,0.43,4.26,15.53,66.6,25.64,0.53,0.32,0.21,2.45,1.49,23.3,4.79
Joelinton,BRA,"MF,FW",0,0,1,1,2022-2023,Newcastle Utd,25,30,2661,29.6,0.24,0.08,0.32,57.53,2.4,10.54,28.78,18.99,3.24,57.53,3.75,1.79,1.61,1.42,1.28,30.3,163.95,77.23,2.16,1.52,0.44,2.43,1.72,37.67,5.07
Ben Johnson,ENG,DF,0,1,0,0,2022-2023,West Ham,22,9,866,9.6,0.01,0.02,0.03,65.31,4.48,26.67,30.1,9.06,0.21,65.31,1.77,0.83,4.91,0.62,3.68,28.75,150.94,67.71,1.56,0.62,0.1,0.73,0.73,34.9,2.29
Brennan Johnson,WAL,"FW,MF",0,0,1,1,2022-2023,Nott'ham Forest,21,33,2934,32.6,0.26,0.1,0.36,24.72,0.28,2.76,9.48,13.31,3.56,24.63,2.7,1.01,1.15,1.26,1.43,13.8,118.04,64.75,2.7,1.41,1.29,2.33,0.77,15.55,4.75
Sam Johnstone,ENG,GK,1,0,0,0,2022-2023,Crystal Palace,29,9,810,9.0,0.0,0.0,0.0,33.11,26.89,33.0,0.11,0.0,0.0,33.11,0.0,0.0,,0.0,,20.89,113.11,73.56,0.0,0.0,0.0,0.11,0.0,17.33,0.0
Curtis Jones,ENG,MF,0,0,1,0,2022-2023,Liverpool,21,12,1035,11.5,0.1,0.1,0.2,71.39,1.22,9.13,36.26,26.43,3.48,71.39,2.61,0.96,3.19,1.13,3.77,47.83,230.0,87.91,2.7,1.3,0.96,1.91,2.52,54.52,6.52
Jorginho,ITA,MF,0,0,1,0,2022-2023,Arsenal,30,9,855,9.5,0.02,0.02,0.04,84.95,2.84,16.74,50.11,18.42,0.84,84.95,1.05,0.32,3.16,0.53,5.26,55.05,252.53,131.79,1.58,1.26,0.0,0.84,0.84,66.21,0.84
Jorginho,ITA,MF,0,0,1,0,2022-2023,Chelsea,30,15,1279,14.2,0.12,0.03,0.14,72.25,2.54,19.23,40.63,12.54,0.56,72.11,0.85,0.35,2.94,0.28,2.35,38.45,164.15,76.76,0.92,1.9,0.07,0.99,0.63,49.72,0.7
Mateo Joseph,ESP,"FW,MF",0,0,1,1,2022-2023,Leeds United,18,0,26,0.3,0.4,0.0,0.4,30.0,3.33,3.33,16.67,10.0,3.33,30.0,3.33,0.0,0.0,3.33,333.33,16.67,43.33,0.0,0.0,0.0,0.0,3.33,10.0,20.0,6.67
Diogo Jota,POR,FW,0,0,0,1,2022-2023,Liverpool,25,12,1131,12.6,0.52,0.17,0.69,43.65,1.67,5.63,18.65,20.0,5.79,43.65,3.1,1.11,2.85,1.67,4.27,26.9,153.81,84.68,2.7,2.06,1.11,2.7,1.51,31.98,8.25
Hamed Junior Traorè,CIV,"FW,MF",0,0,1,1,2022-2023,Bournemouth,22,5,427,4.7,0.19,0.24,0.43,52.34,0.43,6.17,23.19,24.68,2.34,52.34,5.32,3.4,13.62,1.7,6.81,30.43,187.45,92.98,4.04,2.77,0.21,3.19,2.77,30.21,4.47
James Justin,ENG,DF,0,1,0,0,2022-2023,Leicester City,24,14,1252,13.9,0.02,0.02,0.05,70.5,3.45,21.29,34.17,15.54,0.58,70.5,1.37,0.29,1.52,0.79,4.17,30.0,131.73,60.0,1.44,1.37,0.29,1.08,0.43,41.29,3.6
Mathias Jørgensen,DEN,DF,0,1,0,0,2022-2023,Brentford,32,11,1103,12.3,0.07,0.01,0.09,49.76,7.07,23.66,22.85,3.41,0.98,49.76,0.08,0.0,0.0,0.08,8.13,23.98,86.34,50.08,0.08,0.16,0.0,0.24,0.08,26.1,0.08
Sasa Kalajdzic,AUT,FW,0,0,0,1,2022-2023,Wolves,25,1,45,0.5,0.53,0.0,0.53,14.0,0.0,4.0,2.0,8.0,4.0,14.0,0.0,0.0,,0.0,,4.0,12.0,6.0,0.0,0.0,0.0,2.0,0.0,10.0,2.0
Boubacar Kamara,FRA,MF,0,0,1,0,2022-2023,Aston Villa,22,21,1777,19.7,0.01,0.04,0.05,58.12,3.3,18.38,33.6,6.7,0.51,58.12,1.78,0.81,2.32,0.61,1.74,31.57,130.51,59.54,0.81,0.56,0.05,1.02,0.71,36.19,0.41
Harry Kane,ENG,FW,0,0,0,1,2022-2023,Tottenham,29,38,3405,37.8,0.57,0.18,0.75,35.13,0.74,2.8,17.09,15.85,4.42,34.97,2.86,1.06,0.98,1.4,1.3,22.06,120.26,48.73,1.59,1.32,0.56,1.96,1.53,27.28,5.11
N'Golo Kanté,FRA,MF,0,0,1,0,2022-2023,Chelsea,31,6,518,5.8,0.05,0.32,0.38,69.66,1.9,9.14,33.62,28.1,2.76,69.66,3.1,2.07,11.5,0.69,3.83,39.66,242.76,137.93,3.28,2.59,0.34,2.24,0.86,48.1,6.21
Michael Keane,ENG,DF,0,1,0,0,2022-2023,Everton,29,10,985,10.9,0.12,0.07,0.19,51.83,7.61,25.23,21.93,5.05,2.2,51.83,0.64,0.37,5.24,0.18,2.62,23.58,117.61,65.96,0.18,0.18,0.0,0.55,0.18,25.23,0.37
Neeskens Kebano,COD,FW,0,0,0,1,2022-2023,Fulham,30,9,764,8.5,0.06,0.18,0.23,37.76,1.18,5.76,10.82,22.12,3.53,37.76,3.53,1.29,4.32,1.53,5.09,23.53,176.71,98.94,4.59,1.65,1.29,1.88,1.41,25.41,8.0
Thilo Kehrer,GER,DF,0,1,0,0,2022-2023,West Ham,25,25,2230,24.8,0.02,0.03,0.04,53.83,5.44,24.19,23.99,5.93,0.69,53.83,0.44,0.32,2.93,0.12,1.1,27.3,116.33,61.81,0.6,0.48,0.04,0.69,0.24,30.65,1.17
Naby Keïta,GUI,MF,0,0,1,0,2022-2023,Liverpool,27,3,293,3.3,0.2,0.21,0.41,62.42,1.52,10.3,34.55,17.88,3.33,62.42,1.21,0.91,22.73,0.0,0.0,33.64,162.42,66.67,1.52,1.82,0.0,3.64,2.12,42.42,6.36
Caoimhín Kelleher,IRL,GK,1,0,0,0,2022-2023,Liverpool,23,1,90,1.0,0.0,0.0,0.0,26.0,18.0,26.0,0.0,0.0,0.0,26.0,0.0,0.0,,0.0,,18.0,89.0,62.0,0.0,0.0,0.0,0.0,0.0,13.0,0.0
Lloyd Kelly,ENG,DF,0,1,0,0,2022-2023,Bournemouth,23,23,2040,22.7,0.01,0.02,0.03,61.41,8.15,33.13,23.17,5.46,0.4,61.41,0.31,0.04,0.63,0.22,3.15,31.06,146.08,82.78,0.62,0.18,0.0,0.7,0.18,35.51,0.44
Max Kilman,ENG,DF,0,1,0,0,2022-2023,Wolves,25,37,3307,36.7,0.04,0.01,0.04,67.3,11.77,39.78,25.94,2.04,0.71,67.3,0.68,0.52,2.07,0.16,0.65,39.32,209.24,125.75,0.82,0.41,0.05,0.41,0.25,46.29,0.14
Jakub Kiwior,POL,DF,0,1,0,0,2022-2023,Arsenal,22,5,427,4.7,0.02,0.01,0.03,52.77,6.6,26.38,21.91,4.68,0.64,52.77,0.21,0.21,21.28,0.0,0.0,30.0,112.77,36.38,0.0,0.64,0.0,0.0,0.0,31.49,1.28
Mateusz Klich,POL,"MF,FW",0,0,1,1,2022-2023,Leeds United,32,0,280,3.1,0.05,0.06,0.12,60.97,0.97,8.06,26.45,27.42,2.9,60.97,1.94,0.65,10.74,1.29,21.52,35.48,124.19,48.06,1.61,1.61,0.65,3.55,0.32,40.0,6.77
Robin Koch,GER,DF,0,1,0,0,2022-2023,Leeds United,26,36,3175,35.3,0.04,0.01,0.06,55.61,7.45,29.77,23.23,3.0,0.91,55.61,0.08,0.03,0.94,0.06,1.89,28.7,133.14,73.17,0.31,0.23,0.0,0.42,0.03,31.22,0.31
Ibrahima Konaté,FRA,DF,0,1,0,0,2022-2023,Liverpool,23,17,1552,17.2,0.07,0.01,0.08,76.57,6.22,34.24,40.17,2.5,1.28,76.57,0.81,0.58,4.15,0.12,0.83,48.26,210.93,108.78,0.41,0.41,0.0,0.7,0.23,53.37,0.29
Ezri Konsa,ENG,DF,0,1,0,0,2022-2023,Aston Villa,24,37,3322,36.9,0.03,0.03,0.06,59.4,9.46,34.69,23.04,1.9,0.6,59.4,0.41,0.14,0.9,0.08,0.54,37.26,168.73,97.45,0.19,0.24,0.0,0.41,0.14,41.54,0.3
Kalidou Koulibaly,SEN,DF,0,1,0,0,2022-2023,Chelsea,31,20,1800,20.0,0.05,0.02,0.07,84.35,8.7,39.65,41.9,3.15,0.95,84.35,0.3,0.2,3.34,0.1,1.66,54.15,236.4,122.95,0.5,0.4,0.0,0.5,0.1,60.45,0.2
Cheikhou Kouyaté,SEN,MF,0,0,1,0,2022-2023,Nott'ham Forest,32,10,882,9.8,0.04,0.07,0.11,37.04,3.98,13.88,16.94,6.53,1.43,37.04,1.02,0.71,7.14,0.1,1.02,16.33,73.98,31.02,0.71,0.41,0.31,1.53,0.92,17.86,1.43
Mateo Kovačić,CRO,MF,0,0,1,0,2022-2023,Chelsea,28,17,1707,19.0,0.09,0.11,0.2,78.53,1.63,14.68,49.37,15.21,0.63,78.53,1.79,1.0,2.94,0.53,1.55,53.16,290.37,136.37,1.95,2.05,0.11,1.37,1.37,60.21,1.58
Emil Krafth,SWE,DF,0,1,0,0,2022-2023,Newcastle Utd,27,0,1,0.0,0.0,0.0,0.0,inf,,inf,,,,inf,,,,,,,,,,,,,,,
Rasmus Kristensen,DEN,DF,0,1,0,0,2022-2023,Leeds United,25,21,1960,21.8,0.04,0.05,0.09,58.53,4.13,21.56,24.27,12.94,1.06,58.53,0.69,0.32,2.14,0.32,2.14,25.09,78.99,38.21,0.69,0.46,0.18,0.28,0.23,29.04,3.21
Dejan Kulusevski,SWE,"MF,FW",0,0,1,1,2022-2023,Tottenham,22,23,2067,23.0,0.11,0.2,0.31,45.57,1.13,6.78,17.13,22.96,4.65,45.57,4.87,2.26,2.02,2.26,2.02,29.43,213.26,109.26,3.78,2.0,2.09,3.39,2.26,30.91,8.48
Layvin Kurzawa,FRA,DF,0,1,0,0,2022-2023,Fulham,29,2,135,1.5,0.0,0.0,0.0,42.67,5.33,23.33,12.0,7.33,0.0,42.67,2.67,1.33,33.33,1.33,33.33,19.33,66.67,13.33,0.67,0.0,0.0,2.0,0.67,16.0,1.33
Adam Lallana,ENG,"MF,FW",0,0,1,1,2022-2023,Brighton,34,12,722,8.0,0.11,0.12,0.23,46.62,0.75,5.38,22.5,18.88,4.12,46.62,0.75,0.38,6.25,0.38,6.25,25.75,104.88,52.5,1.25,0.5,0.5,1.88,1.38,36.88,5.38
Tariq Lamptey,GHA,DF,0,1,0,0,2022-2023,Brighton,21,3,453,5.0,0.04,0.04,0.08,75.2,3.0,16.0,27.6,32.2,3.4,75.2,5.6,1.6,5.72,2.6,9.28,46.4,290.2,161.6,5.6,2.4,1.4,3.2,0.4,51.2,11.6
Manuel Lanzini,ARG,"MF,FW",0,0,1,1,2022-2023,West Ham,29,2,252,2.8,0.19,0.06,0.25,68.57,1.07,11.43,39.64,17.86,1.07,68.57,1.07,0.36,11.89,0.0,0.0,41.43,187.14,72.5,0.71,2.14,0.0,0.71,1.07,53.57,2.14
Aymeric Laporte,ESP,DF,0,1,0,0,2022-2023,Manchester City,28,11,993,11.0,0.04,0.02,0.06,94.18,7.73,30.45,48.91,15.09,1.18,94.18,0.36,0.18,4.55,0.09,2.27,63.82,365.0,262.0,2.73,4.0,0.0,0.27,0.0,73.27,1.0
Juan Larios,ESP,DF,0,1,0,0,2022-2023,Southampton,18,2,152,1.7,0.0,0.0,0.0,62.35,5.88,18.82,32.35,11.76,1.18,62.35,2.35,1.76,44.12,0.59,14.71,22.35,198.82,118.24,5.88,1.18,0.59,1.76,1.18,27.65,0.59
Jamaal Lascelles,ENG,DF,0,1,0,0,2022-2023,Newcastle Utd,28,2,218,2.4,0.04,0.0,0.04,49.17,11.25,28.33,19.58,1.67,1.67,49.17,0.0,0.0,,0.0,,26.67,112.08,42.92,0.0,0.0,0.0,0.0,0.0,31.25,0.0
Roméo Lavia,BEL,MF,0,0,1,0,2022-2023,Southampton,18,26,2221,24.7,0.02,0.03,0.04,52.15,2.35,12.06,33.52,7.17,0.04,52.15,2.02,1.13,2.27,0.53,1.05,32.55,173.08,77.04,0.89,0.85,0.0,0.97,1.26,32.15,0.57
Dexter Lembikisa,JAM,DF,0,1,0,0,2022-2023,Wolves,18,0,23,0.3,0.0,0.0,0.0,43.33,0.0,10.0,23.33,10.0,0.0,43.33,0.0,0.0,,0.0,,23.33,96.67,70.0,6.67,0.0,0.0,0.0,0.0,26.67,10.0
Mario Lemina,GAB,MF,0,0,1,0,2022-2023,Wolves,28,17,1299,14.4,0.02,0.02,0.04,55.14,4.65,20.28,29.86,5.62,0.28,55.14,1.25,0.76,4.24,0.21,1.16,28.75,133.61,65.9,0.42,0.42,0.0,0.9,0.56,36.18,0.62
Clément Lenglet,FRA,DF,0,1,0,0,2022-2023,Tottenham,27,24,2019,22.4,0.04,0.03,0.07,74.38,7.95,35.94,33.97,4.78,0.76,74.38,0.54,0.31,2.6,0.18,1.49,50.98,252.95,158.97,1.47,1.21,0.04,0.54,0.36,56.07,0.31
Bernd Leno,GER,GK,1,0,0,0,2022-2023,Fulham,30,36,3240,36.0,0.0,0.0,0.0,41.64,33.0,41.44,0.19,0.0,0.0,41.64,0.0,0.0,,0.0,,23.81,112.78,65.42,0.0,0.0,0.0,0.03,0.0,20.89,0.0
Jefferson Lerma,COL,MF,0,0,1,0,2022-2023,Bournemouth,27,37,3252,36.1,0.07,0.06,0.14,53.57,4.57,16.26,28.53,9.36,1.22,53.57,0.66,0.39,1.61,0.25,1.04,26.23,104.27,51.55,0.61,0.89,0.03,0.66,0.47,32.19,0.83
Jamal Lewis,NIR,"DF,FW",0,1,0,1,2022-2023,Newcastle Utd,24,0,11,0.1,0.0,0.0,0.0,150.0,0.0,60.0,40.0,50.0,20.0,150.0,0.0,0.0,,0.0,,100.0,400.0,100.0,0.0,10.0,0.0,0.0,0.0,130.0,10.0
Rico Lewis,ENG,"DF,MF",0,1,1,0,2022-2023,Manchester City,17,10,903,10.0,0.02,0.15,0.17,74.2,2.6,13.3,41.6,19.9,1.2,74.2,1.4,0.8,5.71,0.3,2.14,51.1,255.5,139.0,2.2,2.4,0.3,0.7,1.3,59.3,2.6
Keane Lewis-Potter,ENG,"FW,MF",0,0,1,1,2022-2023,Brentford,21,3,321,3.6,0.14,0.35,0.49,38.33,1.11,6.67,13.33,19.17,5.0,38.33,3.89,1.11,7.94,2.78,19.83,25.83,181.11,93.33,2.22,1.67,0.83,3.06,2.22,25.28,10.83
Victor Lindelöf,SWE,DF,0,1,0,0,2022-2023,Manchester Utd,28,14,1365,15.2,0.02,0.01,0.03,70.66,9.54,36.18,32.3,2.3,0.33,70.66,0.2,0.13,4.39,0.07,2.19,42.89,203.55,100.59,0.2,0.26,0.0,0.07,0.13,48.62,0.07
Jesse Lingard,ENG,"FW,MF",0,0,1,1,2022-2023,Nott'ham Forest,29,12,923,10.3,0.1,0.07,0.17,36.02,0.68,4.27,19.61,12.82,1.55,36.02,0.97,0.58,5.83,0.39,3.88,20.78,97.38,51.17,1.07,1.17,0.0,1.55,0.97,25.53,3.69
Valentino Livramento,ENG,"DF,FW",0,1,0,1,2022-2023,Southampton,19,0,28,0.3,0.0,0.0,0.0,123.33,16.67,63.33,53.33,10.0,0.0,123.33,10.0,6.67,222.33,0.0,0.0,33.33,160.0,56.67,0.0,0.0,0.0,3.33,0.0,53.33,0.0
Diego Llorente,ESP,DF,0,1,0,0,2022-2023,Leeds United,28,7,649,7.2,0.1,0.0,0.1,70.28,8.19,39.31,29.17,2.08,0.83,70.28,0.42,0.28,9.26,0.14,4.62,42.08,217.5,100.14,0.28,0.14,0.0,0.83,0.14,43.33,0.14
Hugo Lloris,FRA,GK,1,0,0,0,2022-2023,Tottenham,35,25,2205,24.5,0.0,0.0,0.0,32.41,29.51,32.33,0.08,0.0,0.0,32.41,0.0,0.0,,0.0,,17.55,98.0,61.14,0.0,0.0,0.0,0.08,0.0,14.41,0.0
Renan Lodi,BRA,DF,0,1,0,0,2022-2023,Nott'ham Forest,24,26,2214,24.6,0.04,0.05,0.09,46.46,3.9,19.43,16.99,10.69,0.85,46.46,1.59,0.65,1.67,0.57,1.46,22.2,115.2,56.06,0.98,0.61,0.08,0.73,0.53,21.75,2.85
Ruben Loftus-Cheek,ENG,"MF,DF",0,1,1,0,2022-2023,Chelsea,26,19,1536,17.1,0.05,0.09,0.14,62.46,2.34,10.82,33.68,18.83,2.46,62.46,3.51,1.75,2.92,1.29,2.15,38.07,219.47,129.24,3.27,1.7,0.58,1.29,1.35,45.26,5.03
Sean Longstaff,ENG,MF,0,0,1,0,2022-2023,Newcastle Utd,24,28,2518,28.0,0.13,0.12,0.25,51.18,1.61,9.93,26.5,15.0,2.71,51.18,0.96,0.29,1.06,0.64,2.38,26.86,106.75,42.54,0.75,0.57,0.29,1.32,1.04,33.96,4.11
Jamal Lowe,JAM,"MF,FW",0,0,1,1,2022-2023,Bournemouth,28,0,12,0.1,0.0,0.0,0.0,40.0,0.0,0.0,30.0,10.0,0.0,40.0,0.0,0.0,,0.0,,20.0,70.0,10.0,0.0,0.0,0.0,0.0,0.0,30.0,0.0
Douglas Luiz,BRA,MF,0,0,1,0,2022-2023,Aston Villa,24,33,2927,32.5,0.09,0.14,0.22,65.14,2.31,16.43,35.72,13.6,0.58,65.11,1.35,0.74,1.68,0.43,0.98,35.14,193.51,89.63,1.48,1.2,0.12,1.11,1.02,40.8,1.08
Saša Lukić,SRB,MF,0,0,1,0,2022-2023,Fulham,25,4,412,4.6,0.03,0.0,0.03,55.0,1.96,10.65,33.7,11.3,0.65,55.0,1.09,0.87,17.39,0.22,4.35,31.74,190.22,89.78,1.74,1.52,0.22,0.65,0.22,37.17,1.09
Lyanco,BRA,DF,0,1,0,0,2022-2023,Southampton,25,11,1180,13.1,0.04,0.04,0.08,54.96,9.39,28.09,22.67,4.89,0.92,54.96,0.84,0.61,5.55,0.15,1.39,28.09,144.43,78.93,0.99,0.61,0.08,0.84,0.31,26.95,0.31
Alexis Mac Allister,ARG,MF,0,0,1,0,2022-2023,Brighton,23,31,2886,32.1,0.38,0.13,0.51,67.98,1.5,11.43,37.2,20.06,1.96,67.79,2.24,1.31,1.82,0.65,0.91,41.09,191.12,95.7,2.15,2.31,0.25,1.46,1.12,51.21,2.4
James Maddison,ENG,"MF,FW",0,0,1,1,2022-2023,Leicester City,25,28,2480,27.6,0.31,0.34,0.65,52.43,0.62,5.8,23.44,23.73,3.73,52.36,3.88,1.67,1.56,1.41,1.32,34.93,204.82,96.78,2.79,1.59,1.12,1.63,1.12,38.95,5.62
Noni Madueke,ENG,FW,0,0,0,1,2022-2023,Chelsea,20,7,643,7.1,0.13,0.07,0.2,57.04,1.55,6.34,18.73,32.82,8.73,57.04,8.87,4.65,7.38,3.38,5.37,39.15,294.37,169.44,6.76,2.96,3.66,2.39,1.83,44.37,14.08
Gabriel Magalhães,BRA,DF,0,1,0,0,2022-2023,Arsenal,24,38,3409,37.9,0.13,0.01,0.14,73.25,8.1,30.42,37.44,5.67,1.4,73.25,0.08,0.05,1.76,0.0,0.0,46.04,231.0,144.25,0.47,1.13,0.08,0.5,0.11,51.0,0.42
Harry Maguire,ENG,DF,0,1,0,0,2022-2023,Manchester Utd,29,8,767,8.5,0.04,0.0,0.04,79.06,9.06,41.53,34.24,3.76,1.06,79.06,0.35,0.24,7.85,0.12,3.92,48.71,268.94,170.47,0.94,0.71,0.12,0.12,0.0,52.71,0.47
Riyad Mahrez,ALG,"FW,MF",0,0,1,1,2022-2023,Manchester City,31,22,1920,21.3,0.26,0.33,0.59,65.35,0.66,4.93,23.19,37.65,5.16,65.31,3.43,1.17,1.61,1.27,1.74,43.85,242.21,110.85,3.66,2.21,2.11,1.64,1.27,48.92,11.36
Kobbie Mainoo,ENG,MF,0,0,1,0,2022-2023,Manchester Utd,17,0,11,0.1,0.0,0.0,0.0,110.0,0.0,20.0,40.0,50.0,30.0,110.0,10.0,0.0,0.0,10.0,1000.0,50.0,640.0,480.0,20.0,0.0,0.0,0.0,0.0,60.0,10.0
Ainsley Maitland-Niles,ENG,"DF,MF",0,1,1,0,2022-2023,Southampton,24,13,1407,15.6,0.0,0.05,0.05,58.46,4.68,21.03,28.21,9.94,0.45,58.46,1.41,1.09,4.96,0.32,1.46,26.09,130.51,56.73,0.96,0.83,0.13,1.67,0.83,32.63,2.24
Tyrell Malacia,NED,DF,0,1,0,0,2022-2023,Manchester Utd,22,14,1396,15.5,0.02,0.04,0.06,63.81,3.48,24.39,25.29,14.52,1.03,63.81,1.23,0.39,2.04,0.84,4.41,30.45,137.23,66.0,1.23,1.1,0.19,1.1,0.52,35.94,2.13
Orel Mangala,BEL,MF,0,0,1,0,2022-2023,Nott'ham Forest,24,20,1550,17.2,0.03,0.02,0.06,38.08,1.8,10.64,22.09,5.76,0.47,38.08,1.98,0.93,2.74,0.7,2.05,19.42,101.28,46.98,0.81,0.35,0.12,0.64,0.52,22.27,0.47
Javier Manquillo,ESP,DF,0,1,0,0,2022-2023,Newcastle Utd,28,0,37,0.4,0.0,0.0,0.0,90.0,5.0,27.5,40.0,22.5,2.5,90.0,0.0,0.0,,0.0,,50.0,205.0,95.0,5.0,0.0,0.0,0.0,0.0,50.0,2.5
Sekou Mara,FRA,"FW,MF",0,0,1,1,2022-2023,Southampton,20,4,555,6.2,0.17,0.12,0.29,35.65,0.81,4.35,15.97,16.61,4.19,35.65,4.68,2.1,7.23,2.58,8.9,20.81,117.26,46.45,1.13,1.45,0.32,4.52,2.9,24.35,4.35
Solly March,ENG,"FW,DF",0,1,0,1,2022-2023,Brighton,28,31,2715,30.2,0.27,0.28,0.55,54.93,1.52,6.32,17.25,31.85,4.57,54.93,3.77,1.92,1.69,1.16,1.02,33.91,225.5,101.79,3.64,1.59,1.56,1.82,1.06,37.22,11.82
Emiliano Marcondes,DEN,MF,0,0,1,0,2022-2023,Bournemouth,27,0,9,0.1,0.0,0.0,0.0,30.0,10.0,10.0,20.0,0.0,0.0,30.0,10.0,0.0,0.0,0.0,0.0,20.0,110.0,70.0,0.0,0.0,0.0,0.0,0.0,20.0,0.0
Marquinhos,BRA,MF,0,0,1,0,2022-2023,Arsenal,19,0,1,0.0,0.0,0.0,0.0,inf,,,inf,inf,,inf,,,,,,inf,inf,inf,,,,,,inf,
Anthony Martial,FRA,FW,0,0,0,1,2022-2023,Manchester Utd,26,11,978,10.9,0.58,0.13,0.7,40.64,0.92,2.84,15.23,22.84,4.5,40.55,2.39,1.28,4.94,0.83,3.17,27.25,118.9,52.29,1.65,1.19,0.73,3.03,1.83,34.04,7.98
Gabriel Martinelli,BRA,FW,0,0,0,1,2022-2023,Arsenal,21,34,2789,31.0,0.29,0.29,0.59,48.06,0.61,4.16,13.52,31.13,7.19,48.06,4.29,1.94,1.45,1.77,1.34,32.87,231.61,106.35,4.0,2.1,2.26,2.68,1.81,35.97,11.29
Emiliano Martínez,ARG,GK,1,0,0,0,2022-2023,Aston Villa,29,36,3139,34.9,0.0,0.01,0.01,42.38,34.9,41.92,0.49,0.0,0.0,42.38,0.0,0.0,,0.0,,24.38,128.19,75.27,0.0,0.0,0.0,0.06,0.0,20.26,0.0
Lisandro Martínez,ARG,DF,0,1,0,0,2022-2023,Manchester Utd,24,24,2114,23.5,0.02,0.01,0.03,76.98,11.96,39.74,35.28,2.55,0.47,76.98,0.68,0.6,3.72,0.0,0.0,45.15,223.66,127.06,0.51,0.68,0.0,0.47,0.38,48.43,0.09
Pape Matar Sarr,SEN,"MF,FW",0,0,1,1,2022-2023,Tottenham,19,2,218,2.4,0.03,0.14,0.17,79.17,6.25,27.08,43.33,8.75,0.42,79.17,2.08,0.83,16.67,0.42,8.33,50.83,240.42,90.0,0.42,0.0,0.0,2.08,0.83,52.08,0.0
Jean-Philippe Mateta,FRA,FW,0,0,0,1,2022-2023,Crystal Palace,25,6,770,8.6,0.39,0.07,0.47,30.93,2.09,4.3,13.02,13.84,4.42,30.93,0.93,0.35,4.36,0.58,7.27,16.86,78.37,29.19,1.05,1.05,0.58,3.14,2.09,21.51,5.0
Joël Matip,CMR,DF,0,1,0,0,2022-2023,Liverpool,30,12,1092,12.1,0.06,0.02,0.08,82.98,9.17,39.83,38.68,5.12,1.4,82.98,0.58,0.33,4.72,0.25,3.55,54.3,342.15,240.25,2.31,1.82,0.08,1.16,0.08,59.5,0.17
Neal Maupay,FRA,FW,0,0,0,1,2022-2023,Everton,25,11,1118,12.4,0.39,0.05,0.43,31.21,0.08,2.18,13.87,15.65,3.95,31.21,1.53,0.56,2.97,0.97,5.1,17.66,69.68,24.68,0.65,0.56,0.24,3.06,1.29,22.58,4.92
Kevin Mbabu,SUI,"DF,FW",0,1,0,1,2022-2023,Fulham,27,1,144,1.6,0.0,0.25,0.25,71.25,2.5,23.75,25.0,23.75,0.0,71.25,3.75,2.5,41.69,1.25,20.81,35.62,170.62,99.38,2.5,1.25,0.0,0.62,1.25,36.88,6.88
Bryan Mbeumo,CMR,FW,0,0,0,1,2022-2023,Brentford,22,36,2906,32.3,0.3,0.23,0.53,41.33,0.74,5.48,13.16,23.37,3.87,41.3,2.72,1.39,1.58,1.15,1.3,24.02,132.88,57.65,2.04,1.02,0.8,2.23,1.67,26.69,7.28
James McArthur,SCO,MF,0,0,1,0,2022-2023,Crystal Palace,34,0,54,0.6,0.0,0.0,0.0,100.0,8.33,36.67,48.33,15.0,0.0,100.0,3.33,1.67,83.33,0.0,0.0,60.0,280.0,140.0,0.0,3.33,0.0,1.67,5.0,66.67,0.0
Alex McCarthy,ENG,GK,1,0,0,0,2022-2023,Southampton,32,6,540,6.0,0.0,0.0,0.0,43.5,34.17,43.33,0.17,0.0,0.0,43.5,0.0,0.0,,0.0,,23.17,91.0,44.0,0.0,0.0,0.0,0.0,0.0,22.17,0.0
John McGinn,SCO,"MF,FW",0,0,1,1,2022-2023,Aston Villa,27,30,2693,29.9,0.08,0.09,0.17,45.08,1.24,7.29,25.28,12.98,1.51,45.08,2.34,1.51,2.15,0.47,0.67,26.89,136.19,60.17,1.14,1.17,0.27,1.94,1.17,29.7,2.21
Scott McKenna,SCO,DF,0,1,0,0,2022-2023,Nott'ham Forest,25,19,1571,17.5,0.0,0.06,0.06,50.11,8.63,28.63,19.03,2.57,1.2,50.11,0.4,0.29,4.08,0.06,0.82,24.57,107.71,53.09,0.29,0.06,0.0,0.11,0.11,29.03,0.11
Weston McKennie,USA,MF,0,0,1,0,2022-2023,Leeds United,23,16,1437,16.0,0.05,0.04,0.09,50.44,2.56,11.75,25.06,14.25,1.06,50.44,1.0,0.69,4.3,0.25,1.56,25.0,108.62,49.44,0.88,1.0,0.0,1.75,1.56,27.81,2.06
Dwight McNeil,ENG,"FW,MF",0,0,1,1,2022-2023,Everton,22,28,2498,27.8,0.13,0.22,0.35,48.85,1.87,9.57,18.17,22.09,2.19,48.81,3.88,1.94,1.8,1.83,1.7,26.55,195.4,77.12,2.73,1.58,0.58,1.91,1.62,27.41,4.6
Scott McTominay,SCO,MF,0,0,1,0,2022-2023,Manchester Utd,25,10,1160,12.9,0.15,0.04,0.19,47.91,5.35,15.89,22.25,10.23,1.94,47.91,2.02,1.01,3.88,0.7,2.68,24.42,124.81,60.62,1.55,1.24,0.23,1.86,1.47,27.83,1.47
Ben Mee,ENG,DF,0,1,0,0,2022-2023,Brentford,32,37,3269,36.3,0.09,0.04,0.12,58.46,7.49,30.0,24.44,4.3,1.96,58.46,0.36,0.33,2.54,0.03,0.21,31.57,131.96,71.1,0.22,0.3,0.08,0.5,0.06,32.48,0.39
Edouard Mendy,SEN,GK,1,0,0,0,2022-2023,Chelsea,30,9,855,9.5,0.0,0.0,0.0,32.32,27.89,32.0,0.32,0.0,0.0,32.32,0.11,0.0,0.0,0.11,10.53,18.0,83.16,44.53,0.0,0.0,0.0,0.0,0.0,16.53,0.0
Nampalys Mendy,SEN,MF,0,0,1,0,2022-2023,Leicester City,30,7,757,8.4,0.02,0.0,0.02,58.33,1.43,16.55,36.9,5.36,0.24,58.33,1.31,0.83,7.57,0.36,3.25,33.69,160.95,55.71,0.24,0.6,0.0,0.83,0.12,39.64,0.48
Chris Mepham,WAL,DF,0,1,0,0,2022-2023,Bournemouth,24,24,2199,24.4,0.03,0.01,0.04,54.75,11.68,34.92,18.65,1.48,0.57,54.75,0.29,0.12,1.76,0.12,1.76,26.64,127.01,66.72,0.08,0.25,0.08,0.16,0.12,32.3,0.04
Illan Meslier,FRA,GK,1,0,0,0,2022-2023,Leeds United,22,34,3060,34.0,0.0,0.0,0.0,33.0,26.56,32.82,0.15,0.06,0.03,33.0,0.0,0.0,,0.0,,17.53,99.88,57.91,0.0,0.0,0.0,0.03,0.03,12.47,0.0
Alex Mighten,ENG,FW,0,0,0,1,2022-2023,Nott'ham Forest,20,0,8,0.1,0.0,0.0,0.0,40.0,0.0,10.0,0.0,30.0,0.0,40.0,30.0,0.0,0.0,20.0,667.0,40.0,270.0,100.0,0.0,0.0,0.0,0.0,0.0,40.0,10.0
Lewis Miley,ENG,MF,0,0,1,0,2022-2023,Newcastle Utd,16,0,15,0.2,0.42,0.0,0.42,45.0,5.0,15.0,20.0,10.0,0.0,45.0,0.0,0.0,,0.0,,15.0,75.0,5.0,0.0,0.0,0.0,0.0,0.0,15.0,0.0
Luka Milivojević,SRB,MF,0,0,1,0,2022-2023,Crystal Palace,31,5,512,5.7,0.06,0.03,0.09,56.32,4.91,20.53,26.84,9.65,0.18,56.32,0.18,0.18,17.54,0.0,0.0,28.42,122.28,46.14,0.35,0.53,0.0,0.7,1.05,31.23,0.35
James Milner,ENG,"MF,DF",0,1,1,0,2022-2023,Liverpool,36,7,913,10.1,0.04,0.09,0.13,83.96,2.38,19.41,38.61,26.14,2.38,83.96,2.08,1.09,5.19,0.79,3.77,44.26,184.95,87.72,2.08,1.68,0.5,1.88,1.39,54.55,7.72
Yerry Mina,COL,DF,0,1,0,0,2022-2023,Everton,27,7,594,6.6,0.22,0.02,0.24,60.91,8.79,30.0,26.67,4.55,2.42,60.91,0.3,0.15,7.58,0.0,0.0,32.88,165.0,94.24,0.15,0.61,0.15,0.61,0.0,38.64,0.45
Tyrone Mings,ENG,DF,0,1,0,0,2022-2023,Aston Villa,29,35,3150,35.0,0.03,0.04,0.07,63.66,10.97,36.46,25.06,2.31,0.6,63.66,0.34,0.17,1.43,0.09,0.71,39.4,228.43,130.17,0.57,0.6,0.09,0.23,0.2,42.46,0.2
Tyrick Mitchell,ENG,DF,0,1,0,0,2022-2023,Crystal Palace,22,34,2891,32.1,0.02,0.04,0.05,59.16,3.58,20.37,25.98,13.43,1.09,59.16,0.93,0.53,1.77,0.28,0.93,25.76,98.07,44.64,0.72,0.59,0.12,1.09,0.53,29.81,2.8
Kaoru Mitoma,JPN,"FW,MF",0,0,1,1,2022-2023,Brighton,25,24,2318,25.8,0.31,0.25,0.56,50.85,0.7,5.66,18.06,27.75,6.86,50.85,5.04,2.29,1.76,2.13,1.64,34.53,266.74,148.37,5.54,3.18,3.29,2.33,1.28,38.22,10.08
Aleksandar Mitrović,SRB,FW,0,0,0,1,2022-2023,Fulham,27,23,2008,22.3,0.67,0.1,0.77,36.5,1.21,3.54,17.58,15.65,6.46,36.14,2.11,1.03,2.19,0.99,2.1,20.22,83.99,32.06,1.08,0.67,0.45,2.91,2.6,28.97,4.35
Kieffer Moore,WAL,FW,0,0,0,1,2022-2023,Bournemouth,29,12,1279,14.2,0.31,0.02,0.33,36.76,2.54,4.15,20.14,12.54,3.45,36.76,0.92,0.14,1.08,0.49,3.79,17.75,66.2,21.27,0.7,0.56,0.14,2.96,2.18,27.89,3.94
Andrew Moran,IRL,FW,0,0,0,1,2022-2023,Brighton,18,0,12,0.1,0.0,0.0,0.0,60.0,0.0,0.0,50.0,10.0,0.0,60.0,0.0,0.0,,0.0,,30.0,20.0,10.0,0.0,0.0,0.0,20.0,0.0,30.0,10.0
Álex Moreno,ESP,DF,0,1,0,0,2022-2023,Aston Villa,29,14,1329,14.8,0.04,0.21,0.25,64.12,4.05,22.09,22.77,19.8,2.91,64.12,3.85,1.55,2.73,1.82,3.2,34.46,220.27,110.95,4.39,1.96,1.08,2.57,1.01,38.51,8.24
Mason Mount,ENG,"MF,FW",0,0,1,1,2022-2023,Chelsea,23,20,1648,18.3,0.11,0.16,0.27,52.95,0.93,6.01,22.68,24.86,3.06,52.95,1.69,0.82,2.64,0.71,2.29,28.96,150.0,78.09,2.62,1.86,0.6,1.97,1.58,37.05,6.23
Lucas Moura,BRA,"MF,DF",0,1,1,0,2022-2023,Tottenham,29,0,153,1.7,0.32,0.2,0.51,69.41,0.0,8.82,27.65,34.12,7.06,69.41,6.47,2.94,26.76,3.53,32.06,38.24,227.65,99.41,2.35,4.71,1.18,3.53,2.94,48.82,8.82
João Moutinho,POR,MF,0,0,1,0,2022-2023,Wolves,35,20,1780,19.8,0.07,0.13,0.2,61.52,2.12,12.27,33.23,16.41,0.76,61.52,0.76,0.4,2.69,0.35,2.36,31.06,128.99,68.18,1.16,1.16,0.0,0.71,0.35,38.84,1.62
Divin Mubama,ENG,FW,0,0,0,1,2022-2023,West Ham,17,0,38,0.4,0.0,0.07,0.07,27.5,2.5,5.0,15.0,7.5,0.0,27.5,5.0,2.5,125.0,2.5,125.0,17.5,122.5,7.5,0.0,0.0,0.0,0.0,5.0,20.0,2.5
Mykhailo Mudryk,UKR,"FW,MF",0,0,1,1,2022-2023,Chelsea,21,7,657,7.3,0.25,0.13,0.38,44.25,0.96,5.48,15.34,23.97,3.84,44.25,5.34,1.78,4.56,2.74,7.03,26.58,196.99,94.38,3.42,2.74,0.96,3.97,1.51,28.36,5.89
Jacob Murphy,ENG,FW,0,0,0,1,2022-2023,Newcastle Utd,27,14,1251,13.9,0.24,0.2,0.44,42.45,0.79,4.17,15.4,23.67,5.4,42.45,3.17,1.08,2.45,1.51,3.43,26.26,179.71,109.06,4.82,2.3,2.16,1.22,1.65,30.29,10.14
Enock Mwepu,ZAM,"FW,MF",0,0,1,1,2022-2023,Brighton,24,2,213,2.4,0.09,0.2,0.29,48.33,0.42,5.0,22.5,22.08,2.92,48.33,2.08,0.42,8.33,1.67,33.33,24.17,132.5,58.75,2.08,0.83,0.42,4.17,2.08,33.33,7.08
Vitaliy Mykolenko,UKR,DF,0,1,0,0,2022-2023,Everton,23,30,2655,29.5,0.02,0.04,0.06,55.08,4.2,19.53,23.49,12.54,0.88,55.08,0.85,0.37,1.49,0.47,1.9,23.76,105.19,50.54,1.05,1.12,0.24,1.08,0.27,27.05,2.44
Keylor Navas,CRC,GK,1,0,0,0,2022-2023,Nott'ham Forest,35,17,1529,17.0,0.0,0.0,0.0,34.0,30.29,33.88,0.12,0.0,0.0,34.0,0.06,0.06,5.88,0.0,0.0,15.71,101.06,69.06,0.0,0.0,0.0,0.06,0.0,10.29,0.0
Wilfred Ndidi,NGA,MF,0,0,1,0,2022-2023,Leicester City,25,19,1679,18.7,0.01,0.0,0.01,60.37,4.44,21.71,34.87,4.92,0.27,60.37,0.8,0.53,3.57,0.21,1.43,30.16,131.76,57.49,0.59,0.75,0.0,0.75,0.53,35.24,0.37
Reiss Nelson,ENG,FW,0,0,0,1,2022-2023,Arsenal,22,0,212,2.4,0.46,0.58,1.04,65.42,2.08,10.42,14.58,41.25,9.58,65.42,3.75,2.92,32.42,0.83,9.25,41.25,295.83,182.92,7.92,2.08,3.33,1.25,3.75,46.67,14.17
Neto,BRA,GK,1,0,0,0,2022-2023,Bournemouth,33,27,2385,26.5,0.0,0.0,0.0,33.77,28.98,33.58,0.23,0.0,0.0,33.77,0.04,0.04,3.77,0.0,0.0,16.83,106.19,76.57,0.0,0.0,0.0,0.04,0.0,10.23,0.0
Pedro Neto,POR,"FW,MF",0,0,1,1,2022-2023,Wolves,22,13,964,10.7,0.1,0.2,0.3,48.32,0.56,5.7,15.51,27.85,4.3,48.32,5.05,1.68,3.11,2.8,5.2,30.37,221.78,110.37,3.46,2.24,1.68,2.71,1.21,33.93,10.37
Rúben Neves,POR,MF,0,0,1,0,2022-2023,Wolves,25,33,3019,33.5,0.15,0.05,0.2,74.21,5.28,24.21,39.01,11.76,0.75,74.12,0.96,0.6,1.87,0.27,0.84,39.34,179.31,88.96,0.84,0.87,0.03,0.66,0.39,48.39,0.54
Moussa Niakhate,SEN,DF,0,1,0,0,2022-2023,Nott'ham Forest,26,14,1163,12.9,0.05,0.01,0.06,40.93,7.44,23.33,12.33,5.35,0.54,40.93,0.31,0.0,0.0,0.31,7.75,14.26,71.55,33.72,0.16,0.0,0.0,0.39,0.08,14.65,0.23
Eddie Nketiah,ENG,FW,0,0,0,1,2022-2023,Arsenal,23,9,1089,12.1,0.68,0.09,0.76,33.64,0.83,2.89,12.98,18.26,7.19,33.64,2.81,1.24,3.64,1.07,3.16,21.4,139.01,49.83,2.64,1.32,1.82,2.48,1.65,25.21,6.78
Matheus Nunes,POR,MF,0,0,1,0,2022-2023,Wolves,23,30,2467,27.4,0.09,0.08,0.17,49.42,2.34,11.86,23.94,14.49,1.9,49.42,3.1,1.61,1.89,1.02,1.2,31.06,201.2,96.35,2.15,1.97,0.36,1.5,1.42,34.42,4.71
Darwin Núñez,URU,FW,0,0,0,1,2022-2023,Liverpool,23,19,1695,18.8,0.61,0.28,0.9,33.67,0.64,2.71,9.52,21.91,8.19,33.67,2.34,0.96,2.18,1.01,2.3,20.59,148.67,74.89,3.24,1.76,1.65,2.18,1.44,26.12,9.63
Ethan Nwaneri,ENG,FW,0,0,0,1,2022-2023,Arsenal,15,0,1,0.0,0.0,0.0,0.0,inf,,,,inf,,inf,,,,,,,,,,,,,,,
Christian Nørgaard,DEN,MF,0,0,1,0,2022-2023,Brentford,28,21,1763,19.6,0.08,0.16,0.24,53.57,3.98,17.24,28.27,8.42,2.14,53.57,0.97,0.41,2.15,0.51,2.68,23.16,77.45,34.23,0.2,0.56,0.1,0.71,0.51,26.84,0.41
Lewis O'Brien,ENG,MF,0,0,1,0,2022-2023,Nott'ham Forest,23,6,584,6.5,0.05,0.03,0.08,45.69,2.92,11.08,24.77,10.92,0.46,45.69,2.62,1.08,6.34,0.46,2.71,24.15,145.69,79.69,2.0,1.38,0.31,1.85,1.08,25.54,0.46
Odeluga Offiah,ENG,DF,0,1,0,0,2022-2023,Brighton,19,0,25,0.3,0.0,0.0,0.0,116.67,0.0,36.67,70.0,10.0,0.0,116.67,3.33,3.33,333.33,0.0,0.0,56.67,300.0,146.67,3.33,0.0,0.0,3.33,0.0,63.33,3.33
Angelo Ogbonna,ITA,DF,0,1,0,0,2022-2023,West Ham,34,13,1237,13.7,0.02,0.02,0.03,39.78,8.1,24.16,14.38,1.24,0.51,39.78,0.0,0.0,,0.0,,18.61,94.01,31.82,0.0,0.0,0.0,0.07,0.22,20.51,0.15
Michael Olise,FRA,"FW,MF",0,0,1,1,2022-2023,Crystal Palace,20,31,2749,30.5,0.09,0.29,0.38,60.33,0.82,7.97,23.25,29.87,2.82,60.33,4.62,1.77,1.26,1.93,1.37,34.36,218.46,110.36,3.64,2.43,1.25,2.79,1.54,39.84,7.97
Robin Olsen,SWE,GK,1,0,0,0,2022-2023,Aston Villa,32,2,281,3.1,0.0,0.0,0.0,45.48,38.39,44.84,0.65,0.0,0.0,45.48,0.0,0.0,,0.0,,25.81,130.65,63.87,0.0,0.0,0.0,0.32,0.0,18.39,0.0
Amadou Onana,BEL,MF,0,0,1,0,2022-2023,Everton,20,29,2488,27.6,0.11,0.09,0.2,47.46,2.1,10.4,26.99,10.69,1.88,47.46,1.88,0.65,1.25,0.83,1.6,24.78,129.09,52.03,0.98,1.09,0.14,1.78,0.62,31.56,1.78
Josh Onomah,ENG,MF,0,0,1,0,2022-2023,Fulham,25,0,15,0.2,0.0,0.0,0.0,55.0,0.0,15.0,20.0,20.0,0.0,55.0,5.0,0.0,0.0,5.0,500.0,25.0,190.0,120.0,5.0,0.0,0.0,5.0,5.0,25.0,0.0
Paul Onuachu,NGA,FW,0,0,0,1,2022-2023,Southampton,28,4,407,4.5,0.28,0.03,0.31,34.0,1.11,3.78,14.67,16.22,5.56,34.0,3.11,2.0,14.29,0.89,6.36,16.0,60.89,17.33,0.22,0.22,0.0,4.89,2.0,25.56,4.89
Frank Onyeka,NGA,MF,0,0,1,0,2022-2023,Brentford,24,8,848,9.4,0.11,0.07,0.18,39.68,2.77,9.89,18.72,11.6,2.13,39.68,2.77,1.17,4.5,1.17,4.5,21.06,90.64,39.15,0.96,0.85,0.32,1.17,1.06,21.81,2.23
Mislav Oršić,CRO,MF,0,0,1,0,2022-2023,Southampton,29,0,7,0.1,0.0,0.0,0.0,40.0,0.0,20.0,0.0,20.0,0.0,40.0,0.0,0.0,,0.0,,20.0,100.0,70.0,0.0,0.0,0.0,0.0,0.0,10.0,0.0
Stefan Ortega,GER,GK,1,0,0,0,2022-2023,Manchester City,29,3,270,3.0,0.0,0.0,0.0,58.0,44.0,57.67,0.33,0.0,0.0,58.0,0.0,0.0,,0.0,,38.67,130.67,81.67,0.0,0.0,0.0,0.0,0.0,39.67,0.0
Dango Ouattara,BFA,"MF,FW",0,0,1,1,2022-2023,Bournemouth,20,15,1241,13.8,0.26,0.18,0.44,41.01,3.04,9.86,15.22,16.96,4.64,41.01,5.36,2.25,3.04,2.68,3.62,21.81,160.8,78.48,2.83,1.67,1.23,2.83,1.01,24.35,6.3
Alex Oxlade-Chamberlain,ENG,"FW,MF",0,0,1,1,2022-2023,Liverpool,28,4,335,3.7,0.32,0.17,0.49,41.08,1.08,5.41,18.65,18.11,4.59,41.08,3.78,1.62,11.59,1.89,13.51,24.32,194.32,69.73,2.97,2.16,0.81,3.24,2.7,29.73,7.57
David Ozoh,ENG,FW,0,0,0,1,2022-2023,Crystal Palace,17,0,1,0.0,0.0,0.0,0.0,inf,,,,inf,,inf,,,,,,inf,inf,inf,,,,inf,,inf,
João Palhinha,POR,MF,0,0,1,0,2022-2023,Fulham,27,35,3108,34.5,0.08,0.01,0.1,49.65,2.35,12.55,30.58,7.16,0.96,49.65,1.13,0.41,1.04,0.43,1.12,22.12,80.43,27.1,0.23,0.29,0.09,1.07,0.81,26.64,0.52
Cole Palmer,ENG,"MF,FW",0,0,1,1,2022-2023,Manchester City,20,2,370,4.1,0.3,0.14,0.44,60.49,1.46,5.37,20.73,34.88,7.8,60.49,6.34,3.66,14.07,1.71,6.56,43.66,298.05,155.85,7.07,1.95,3.66,3.17,1.95,49.27,9.76
Emerson Palmieri,ITA,DF,0,1,0,0,2022-2023,West Ham,27,16,1320,14.7,0.05,0.06,0.12,60.82,4.08,16.39,26.26,18.57,1.7,60.82,1.97,0.41,1.41,0.95,3.29,27.96,162.59,92.79,2.65,1.77,0.48,0.61,0.75,36.19,3.88
Lucas Paquetá,BRA,MF,0,0,1,0,2022-2023,West Ham,24,27,2151,23.9,0.18,0.1,0.29,61.76,1.92,10.0,35.15,17.53,2.05,61.72,2.72,1.46,2.25,0.92,1.41,32.34,144.35,62.18,1.05,1.42,0.25,2.01,1.84,40.33,2.64
Thomas Partey,GHA,MF,0,0,1,0,2022-2023,Arsenal,29,28,2483,27.6,0.08,0.06,0.14,82.14,2.83,15.14,50.94,16.88,1.05,82.14,1.63,1.27,2.82,0.29,0.64,50.65,248.77,139.38,1.23,1.38,0.11,1.2,0.69,59.93,1.27
Nathan Patterson,SCO,"DF,MF",0,1,1,0,2022-2023,Everton,20,14,1279,14.2,0.03,0.03,0.07,58.87,5.0,21.83,20.77,16.76,1.34,58.87,1.69,0.77,3.23,0.85,3.52,24.58,136.62,59.93,1.13,0.85,0.21,1.55,0.63,30.35,3.59
Ben Pearson,ENG,MF,0,0,1,0,2022-2023,Bournemouth,27,3,286,3.2,0.01,0.0,0.01,50.62,2.5,17.5,28.12,5.31,0.0,50.62,0.31,0.0,0.0,0.0,0.0,22.5,75.62,32.19,0.62,0.0,0.0,1.88,0.0,31.25,1.25
Facundo Pellistri,URU,"FW,MF",0,0,1,1,2022-2023,Manchester Utd,20,0,64,0.7,0.0,0.0,0.0,34.29,0.0,12.86,10.0,11.43,1.43,34.29,4.29,2.86,95.29,1.43,47.57,17.14,211.43,64.29,1.43,0.0,0.0,2.86,1.43,20.0,2.86
Andreas Pereira,BRA,MF,0,0,1,0,2022-2023,Fulham,26,33,2692,29.9,0.24,0.17,0.42,43.88,0.47,3.55,20.33,20.5,2.17,43.85,1.71,0.57,1.11,0.87,1.71,24.15,132.14,55.59,1.77,1.47,0.3,1.71,1.71,28.53,4.45
Ricardo Pereira,POR,"DF,MF",0,1,1,0,2022-2023,Leicester City,28,5,454,5.0,0.02,0.12,0.14,76.6,4.6,23.2,36.6,18.0,0.8,76.6,1.4,1.0,14.28,0.2,2.86,34.8,121.0,64.6,1.0,1.8,0.4,1.4,0.6,43.4,2.8
Ayoze Pérez,ESP,"MF,FW",0,0,1,1,2022-2023,Leicester City,29,3,382,4.2,0.27,0.35,0.62,58.1,0.71,9.05,24.76,25.71,4.05,58.1,5.0,1.43,6.81,2.86,13.6,31.43,165.71,84.76,4.05,1.43,1.43,2.86,2.62,36.9,10.24
Ivan Perišić,CRO,"DF,MF",0,1,1,0,2022-2023,Tottenham,33,23,2108,23.4,0.11,0.26,0.37,58.55,3.12,15.26,18.93,24.91,4.02,58.55,1.71,0.77,1.92,0.81,2.03,26.11,158.29,88.68,3.72,1.24,1.5,1.41,0.6,31.32,7.74
Romain Perraud,FRA,DF,0,1,0,0,2022-2023,Southampton,24,22,1835,20.4,0.06,0.09,0.16,56.52,2.65,17.65,19.9,19.36,1.91,56.52,1.86,0.49,1.29,1.23,3.23,29.85,147.01,68.04,1.62,1.72,0.25,1.32,0.69,30.69,5.98
Máximo Perrone,ARG,MF,0,0,1,0,2022-2023,Manchester City,19,0,19,0.2,0.0,0.0,0.0,110.0,0.0,20.0,60.0,30.0,10.0,110.0,0.0,0.0,,0.0,,40.0,100.0,35.0,0.0,0.0,0.0,0.0,0.0,95.0,5.0
Cameron Peupion,AUS,MF,0,0,1,0,2022-2023,Brighton,19,0,6,0.1,0.9,0.0,0.9,60.0,0.0,0.0,30.0,30.0,10.0,60.0,0.0,0.0,,0.0,,30.0,80.0,0.0,0.0,0.0,0.0,10.0,0.0,50.0,20.0
Kalvin Phillips,ENG,MF,0,0,1,0,2022-2023,Manchester City,26,2,300,3.3,0.1,0.05,0.14,107.27,4.85,19.39,73.64,14.85,1.82,107.27,0.61,0.3,15.15,0.0,0.0,69.09,309.39,100.3,0.3,1.21,0.0,0.61,0.3,86.06,0.61
Nathaniel Phillips,ENG,DF,0,1,0,0,2022-2023,Liverpool,25,1,66,0.7,0.06,0.0,0.06,127.14,4.29,37.14,90.0,2.86,1.43,127.14,0.0,0.0,,0.0,,98.57,820.0,561.43,0.0,1.43,0.0,2.86,0.0,85.71,0.0
Jordan Pickford,ENG,GK,1,0,0,0,2022-2023,Everton,28,37,3330,37.0,0.0,0.0,0.0,38.19,27.84,36.73,1.54,0.0,0.0,38.19,0.0,0.0,,0.0,,19.78,130.0,87.05,0.0,0.0,0.0,0.03,0.03,14.81,0.0
Ethan Pinnock,JAM,DF,0,1,0,0,2022-2023,Brentford,29,30,2700,30.0,0.1,0.03,0.13,51.8,10.9,30.9,16.57,4.47,1.83,51.8,0.2,0.07,1.11,0.03,0.56,21.67,90.17,49.97,0.07,0.07,0.0,0.2,0.23,24.83,0.53
Daniel Podence,POR,"FW,MF",0,0,1,1,2022-2023,Wolves,26,20,1771,19.7,0.2,0.13,0.33,45.13,0.56,6.09,16.65,23.15,3.55,45.13,3.1,1.22,1.99,1.73,2.83,26.8,135.53,62.39,2.18,1.42,1.02,2.49,1.52,31.57,7.51
Nick Pope,ENG,GK,1,0,0,0,2022-2023,Newcastle Utd,30,37,3261,36.2,0.0,0.0,0.0,26.91,22.68,26.71,0.19,0.0,0.0,26.91,0.0,0.0,,0.0,,13.87,81.46,47.62,0.0,0.0,0.0,0.06,0.0,9.5,0.0
Pedro Porro,ESP,"DF,MF",0,1,1,0,2022-2023,Tottenham,22,13,1131,12.6,0.15,0.24,0.38,64.84,3.57,19.52,23.25,22.62,1.98,64.84,3.25,1.11,2.71,1.83,4.45,33.57,181.19,107.86,2.7,1.35,0.32,1.19,0.56,38.1,7.54
Dennis Praet,BEL,"MF,FW",0,0,1,1,2022-2023,Leicester City,28,6,649,7.2,0.14,0.06,0.21,47.5,1.53,9.31,22.64,16.39,1.94,47.5,1.94,0.83,5.96,0.97,6.94,24.58,125.28,49.58,2.08,0.97,0.14,1.53,1.39,30.14,5.83
Isaac Price,NIR,MF,0,0,1,0,2022-2023,Everton,18,0,33,0.4,0.0,0.26,0.26,42.5,2.5,12.5,25.0,5.0,0.0,42.5,2.5,2.5,250.0,0.0,0.0,25.0,100.0,30.0,2.5,0.0,0.0,2.5,0.0,32.5,0.0
Christian Pulisic,USA,"FW,DF",0,1,0,1,2022-2023,Chelsea,23,8,821,9.1,0.18,0.07,0.26,47.14,0.44,5.82,18.46,23.74,4.73,47.14,4.84,1.43,3.24,2.42,5.49,32.86,233.63,114.73,3.85,3.3,1.54,2.86,1.43,36.04,8.35
Aaron Ramsdale,ENG,GK,1,0,0,0,2022-2023,Arsenal,24,38,3420,38.0,0.0,0.0,0.0,31.47,22.95,30.79,0.74,0.0,0.0,31.47,0.03,0.03,2.63,0.0,0.0,19.0,103.53,64.71,0.0,0.03,0.0,0.0,0.0,16.58,0.0
Jacob Ramsey,ENG,"MF,FW",0,0,1,1,2022-2023,Aston Villa,21,31,2636,29.3,0.17,0.17,0.34,42.49,1.95,8.12,20.78,14.4,2.9,42.49,2.63,1.06,1.38,1.06,1.38,25.67,181.64,90.65,3.21,2.12,0.72,2.12,1.26,27.95,4.06
Marcus Rashford,ENG,FW,0,0,0,1,2022-2023,Manchester Utd,24,32,2879,32.0,0.48,0.11,0.59,37.88,0.69,3.19,13.41,22.0,5.72,37.88,4.31,1.69,1.22,2.28,1.65,23.91,150.94,73.25,2.66,1.59,1.72,2.5,1.38,29.0,7.66
David Raya,ESP,GK,1,0,0,0,2022-2023,Brentford,26,38,3420,38.0,0.0,0.0,0.01,45.32,33.08,42.53,2.84,0.03,0.03,45.32,0.03,0.03,2.63,0.0,0.0,27.11,155.03,99.87,0.0,0.0,0.0,0.0,0.0,21.26,0.0
Tim Ream,USA,DF,0,1,0,0,2022-2023,Fulham,34,33,2897,32.2,0.01,0.0,0.01,68.11,9.69,34.91,31.71,1.89,0.43,68.11,0.53,0.37,2.19,0.09,0.55,42.36,239.75,157.42,0.87,0.4,0.0,0.47,0.16,45.06,0.06
Nathan Redmond,ENG,DF,0,1,0,0,2022-2023,Southampton,28,0,1,0.0,0.0,0.0,0.0,inf,,,,inf,,inf,,,,,,inf,inf,inf,,,,,,inf,inf
Harrison Reed,ENG,MF,0,0,1,0,2022-2023,Fulham,27,35,2866,31.8,0.06,0.13,0.19,49.84,1.79,9.18,26.48,14.56,1.57,49.84,0.88,0.31,1.12,0.5,1.8,24.06,107.86,35.88,0.94,0.69,0.13,1.38,0.79,30.57,3.36
Bobby Reid,JAM,"FW,DF",0,1,0,1,2022-2023,Fulham,29,29,2475,27.5,0.14,0.06,0.2,43.31,2.0,8.29,17.78,17.82,2.8,43.31,1.96,0.69,1.28,0.95,1.75,23.6,107.49,48.47,1.67,1.2,0.4,1.93,1.16,27.6,6.76
Declan Rice,ENG,MF,0,0,1,0,2022-2023,West Ham,23,36,3273,36.4,0.07,0.09,0.15,67.99,3.38,18.41,39.01,11.9,0.66,67.97,1.79,1.02,1.56,0.63,0.97,39.97,251.92,135.11,2.45,2.09,0.16,0.77,0.71,45.11,1.02
Chris Richards,USA,DF,0,1,0,0,2022-2023,Crystal Palace,22,4,447,5.0,0.14,0.05,0.2,54.8,9.4,26.2,23.8,4.8,1.4,54.8,0.0,0.0,,0.0,,24.0,110.0,53.8,0.8,0.2,0.0,0.6,0.4,29.8,0.6
Richarlison,BRA,"MF,FW",0,0,1,1,2022-2023,Tottenham,25,12,1010,11.2,0.29,0.19,0.49,39.38,0.98,6.96,15.36,17.86,5.54,39.38,3.04,1.07,3.15,1.61,4.72,23.21,142.68,69.91,2.95,1.7,1.16,3.57,1.61,27.32,6.7
Jaïro Riedewald,NED,"DF,MF",0,1,1,0,2022-2023,Crystal Palace,25,0,64,0.7,0.1,0.0,0.1,77.14,8.57,27.14,32.86,20.0,1.43,77.14,0.0,0.0,,0.0,,32.86,158.57,98.57,1.43,1.43,0.0,0.0,0.0,40.0,1.43
Matt Ritchie,SCO,"FW,MF",0,0,1,1,2022-2023,Newcastle Utd,32,0,39,0.4,0.0,0.24,0.24,87.5,2.5,20.0,30.0,40.0,2.5,87.5,2.5,2.5,250.0,0.0,0.0,57.5,252.5,120.0,2.5,7.5,0.0,2.5,0.0,67.5,22.5
Andrew Robertson,SCO,DF,0,1,0,0,2022-2023,Liverpool,28,29,2583,28.7,0.05,0.21,0.26,86.52,2.75,24.08,37.77,25.33,2.06,86.52,1.46,0.59,1.41,0.8,1.91,48.26,233.52,137.07,2.79,2.09,0.35,1.08,0.24,57.04,6.76
Antonee Robinson,USA,DF,0,1,0,0,2022-2023,Fulham,24,35,3088,34.3,0.0,0.04,0.04,65.89,3.64,22.68,27.35,16.91,0.85,65.89,2.19,1.17,1.55,0.76,1.01,34.23,229.24,125.07,3.29,2.54,0.29,1.17,0.58,36.82,4.46
Joel Robles,ESP,GK,1,0,0,0,2022-2023,Leeds United,32,4,360,4.0,0.0,0.0,0.0,34.0,25.25,32.25,2.0,0.0,0.0,34.0,0.0,0.0,,0.0,,14.25,84.25,62.75,0.0,0.0,0.0,0.0,0.0,11.0,0.0
Marc Roca,ESP,MF,0,0,1,0,2022-2023,Leeds United,25,29,2315,25.7,0.08,0.11,0.19,61.13,1.83,12.96,35.56,12.96,1.01,61.13,1.17,0.66,2.21,0.39,1.3,31.98,141.13,74.47,0.97,0.7,0.23,1.01,1.01,36.89,1.09
Marek Rodák,SVK,GK,1,0,0,0,2022-2023,Fulham,25,2,180,2.0,0.0,0.0,0.0,32.5,29.0,32.5,0.0,0.0,0.0,32.5,0.0,0.0,,0.0,,18.0,103.0,47.0,0.0,0.0,0.0,0.5,0.0,10.5,0.0
Rodri,ESP,MF,0,0,1,0,2022-2023,Manchester City,26,34,2911,32.3,0.14,0.13,0.27,101.3,3.68,21.86,61.7,18.33,1.92,101.3,1.15,0.77,2.09,0.25,0.67,62.04,318.67,174.06,2.35,2.23,0.09,0.65,0.59,77.74,1.15
Rodrigo,ESP,"FW,MF",0,0,1,1,2022-2023,Leeds United,31,23,1935,21.5,0.37,0.08,0.46,37.4,1.21,4.37,17.3,15.86,5.12,37.35,1.35,0.56,1.93,0.7,2.4,20.98,103.12,38.37,1.86,0.79,1.12,2.65,1.12,25.44,6.65
Mads Roerslev,DEN,DF,0,1,0,0,2022-2023,Brentford,23,12,1108,12.3,0.02,0.1,0.12,34.63,4.07,14.47,11.38,8.86,1.06,34.63,0.57,0.24,3.49,0.24,3.49,15.12,66.42,22.6,0.65,0.57,0.16,1.14,0.73,17.07,2.93
Cristian Romero,ARG,DF,0,1,0,0,2022-2023,Tottenham,24,26,2364,26.3,0.06,0.05,0.1,73.12,11.37,37.11,32.28,4.22,0.65,73.12,0.84,0.49,2.25,0.3,1.38,43.73,198.33,113.8,0.72,0.95,0.04,0.72,0.38,46.62,0.34
Oriol Romeu,ESP,MF,0,0,1,0,2022-2023,Southampton,30,1,74,0.8,0.0,0.0,0.0,46.25,2.5,6.25,23.75,17.5,1.25,46.25,1.25,1.25,125.0,0.0,0.0,22.5,160.0,82.5,2.5,1.25,0.0,1.25,0.0,25.0,0.0
Cristiano Ronaldo,POR,FW,0,0,0,1,2022-2023,Manchester Utd,37,4,525,5.8,0.32,0.07,0.4,37.93,1.38,4.31,15.69,18.28,5.52,37.93,1.55,0.69,7.66,0.52,5.74,16.21,82.24,49.66,1.55,1.03,0.52,1.21,0.52,28.79,5.69
Connor Ronan,IRL,MF,0,0,1,0,2022-2023,Wolves,24,0,1,0.0,0.0,0.0,0.0,inf,,,inf,inf,,inf,inf,inf,inf,,,inf,inf,inf,,,,,,inf,inf
Salomón Rondón,VEN,FW,0,0,0,1,2022-2023,Everton,32,1,109,1.2,0.66,0.13,0.79,30.0,0.83,1.67,12.5,15.83,3.33,30.0,0.83,0.83,83.33,0.0,0.0,13.33,27.5,2.5,0.0,0.83,0.0,0.83,0.83,26.67,5.83
Joe Rothwell,ENG,MF,0,0,1,0,2022-2023,Bournemouth,27,12,1016,11.3,0.01,0.09,0.1,47.61,1.68,11.59,27.35,9.29,0.44,47.61,2.04,1.42,6.16,0.62,2.69,25.22,145.13,69.91,1.06,1.06,0.18,0.71,0.35,28.23,1.06
Georginio Rutter,FRA,"FW,MF",0,0,1,1,2022-2023,Leeds United,20,1,273,3.0,0.13,0.1,0.22,41.33,1.33,4.33,15.67,21.67,6.67,41.33,8.33,3.0,12.0,4.33,17.33,25.33,117.0,42.0,1.67,0.33,1.0,5.0,4.67,28.67,7.0
José Sá,POR,GK,1,0,0,0,2022-2023,Wolves,29,36,3240,36.0,0.0,0.0,0.0,35.47,32.03,35.31,0.19,0.0,0.0,35.47,0.06,0.06,2.78,0.0,0.0,20.31,126.75,83.08,0.0,0.0,0.0,0.11,0.0,16.25,0.0
Marcel Sabitzer,AUT,MF,0,0,1,0,2022-2023,Manchester Utd,28,7,627,7.0,0.11,0.13,0.24,53.86,2.57,9.86,28.57,15.71,2.86,53.86,0.43,0.14,4.76,0.14,4.76,29.86,107.29,51.57,1.14,0.86,0.0,1.29,0.71,35.29,3.71
Allan Saint-Maximin,FRA,FW,0,0,0,1,2022-2023,Newcastle Utd,25,12,1120,12.4,0.13,0.37,0.5,48.23,0.4,5.56,15.97,28.06,6.21,48.23,7.98,4.6,4.65,2.66,2.69,35.08,333.63,202.58,7.5,4.11,3.31,2.5,2.42,36.77,8.95
Bukayo Saka,ENG,FW,0,0,0,1,2022-2023,Arsenal,20,37,3181,35.3,0.32,0.24,0.56,53.31,0.59,4.53,13.4,35.98,6.71,53.23,4.65,1.81,1.1,1.95,1.19,33.74,236.63,129.26,5.07,2.63,2.38,2.21,1.67,38.56,14.73
Mohamed Salah,EGY,FW,0,0,0,1,2022-2023,Liverpool,30,37,3290,36.6,0.59,0.2,0.79,44.64,0.11,2.27,14.73,28.09,8.22,44.54,3.69,1.39,1.03,1.97,1.46,30.27,174.67,82.95,3.28,1.8,2.38,3.01,2.16,35.66,11.5
William Saliba,FRA,DF,0,1,0,0,2022-2023,Arsenal,21,27,2415,26.8,0.03,0.04,0.08,76.72,6.49,33.77,40.82,2.39,0.56,76.72,0.45,0.34,2.8,0.04,0.31,49.37,247.65,145.07,0.49,0.52,0.04,0.56,0.22,53.1,0.07
Mohammed Salisu,GHA,DF,0,1,0,0,2022-2023,Southampton,23,21,1973,21.9,0.07,0.03,0.1,68.68,10.05,34.52,28.95,5.66,1.14,68.68,0.5,0.37,3.32,0.14,1.25,33.06,154.47,71.05,0.23,0.46,0.0,0.23,0.41,34.57,0.18
Albert Sambi Lokonga,BEL,MF,0,0,1,0,2022-2023,Arsenal,22,2,198,2.2,0.0,0.01,0.01,70.0,2.73,14.55,43.18,13.18,0.0,70.0,0.91,0.45,22.73,0.0,0.0,43.64,178.64,65.91,0.0,2.73,0.0,0.45,0.45,51.36,0.91
Albert Sambi Lokonga,BEL,MF,0,0,1,0,2022-2023,Crystal Palace,22,6,536,6.0,0.03,0.01,0.03,54.17,3.67,18.17,28.33,7.83,0.33,54.17,0.83,0.17,3.33,0.33,6.67,28.67,134.0,61.33,0.33,0.33,0.0,0.5,1.0,35.17,0.33
Davinson Sánchez,COL,DF,0,1,0,0,2022-2023,Tottenham,26,8,858,9.5,0.07,0.04,0.11,75.68,10.42,38.32,32.63,4.84,1.05,75.68,0.63,0.21,3.51,0.32,5.26,42.74,169.16,82.95,0.53,0.21,0.0,0.32,0.21,49.79,0.42
Robert Sánchez,ESP,GK,1,0,0,0,2022-2023,Brighton,24,23,2070,23.0,0.0,0.0,0.0,35.91,30.09,35.74,0.17,0.0,0.0,35.91,0.0,0.0,,0.0,,22.74,105.13,63.39,0.0,0.0,0.0,0.0,0.0,20.87,0.0
Jadon Sancho,ENG,"FW,MF",0,0,1,1,2022-2023,Manchester Utd,22,21,1686,18.7,0.22,0.27,0.49,52.25,0.86,6.31,18.13,28.66,5.67,52.25,4.17,1.76,2.26,2.14,2.74,34.22,204.55,117.27,4.71,2.09,2.41,2.67,1.07,38.24,9.25
Morgan Sanson,FRA,MF,0,0,1,0,2022-2023,Aston Villa,27,0,11,0.1,0.0,0.0,0.0,90.0,10.0,10.0,40.0,40.0,0.0,90.0,0.0,0.0,,0.0,,50.0,110.0,90.0,0.0,0.0,0.0,10.0,0.0,50.0,0.0
Pablo Sarabia,ESP,"FW,MF",0,0,1,1,2022-2023,Wolves,30,9,765,8.5,0.36,0.09,0.46,52.94,1.06,8.0,22.24,23.41,2.59,52.94,1.41,0.24,1.96,1.06,8.82,31.41,140.59,61.41,2.0,1.76,0.47,1.06,1.65,36.71,6.35
Jeremy Sarmiento,ECU,MF,0,0,1,0,2022-2023,Brighton,20,1,176,2.0,0.17,0.11,0.28,50.0,0.0,6.5,19.5,24.0,5.0,50.0,5.5,3.0,27.25,2.0,18.2,34.5,193.0,64.5,2.5,1.5,0.5,3.0,3.5,38.5,10.0
Gianluca Scamacca,ITA,FW,0,0,0,1,2022-2023,West Ham,23,11,926,10.3,0.24,0.07,0.31,26.5,0.49,1.26,13.2,12.33,3.69,26.5,1.46,0.68,4.53,0.58,3.88,13.88,64.08,27.38,1.26,0.68,0.29,2.23,1.84,19.71,4.66
Gustavo Scarpa,BRA,"MF,FW",0,0,1,1,2022-2023,Nott'ham Forest,28,2,181,2.0,0.13,0.02,0.14,54.0,1.5,12.0,29.0,13.5,0.5,54.0,2.0,0.5,12.5,1.0,25.0,33.5,257.5,156.5,4.5,2.5,0.0,0.5,0.0,35.5,2.0
Kevin Schade,GER,FW,0,0,0,1,2022-2023,Brentford,20,7,732,8.1,0.25,0.13,0.39,35.93,0.86,4.69,11.6,20.37,5.93,35.93,4.32,1.48,4.23,2.22,6.35,18.15,148.02,61.85,2.96,1.48,1.85,3.09,1.11,22.96,7.04
Fabian Schär,SUI,DF,0,1,0,0,2022-2023,Newcastle Utd,30,36,3206,35.6,0.14,0.09,0.23,62.78,6.97,30.93,26.35,5.98,2.05,62.78,0.37,0.11,0.87,0.2,1.51,34.1,178.01,115.59,0.76,0.73,0.08,0.56,0.2,37.67,0.9
Jeffrey Schlupp,GHA,"MF,FW",0,0,1,1,2022-2023,Crystal Palace,29,30,2531,28.1,0.11,0.05,0.17,42.46,2.24,10.0,22.78,10.43,1.71,42.46,1.99,1.07,1.91,0.68,1.21,21.42,108.01,43.84,1.14,0.89,0.39,1.17,1.17,25.16,2.38
Nélson Semedo,POR,DF,0,1,0,0,2022-2023,Wolves,28,31,2632,29.2,0.01,0.03,0.04,63.63,4.76,20.17,28.66,15.45,0.99,63.63,2.5,1.13,1.55,1.13,1.55,34.18,181.78,92.16,1.71,1.44,0.17,1.44,0.65,37.23,5.03
Antoine Semenyo,GHA,"FW,MF",0,0,1,1,2022-2023,Bournemouth,22,2,258,2.9,0.09,0.03,0.12,35.17,2.76,8.28,14.83,13.45,1.72,35.17,2.07,1.03,17.24,0.69,11.48,20.0,175.17,82.41,1.72,3.1,1.38,4.14,2.07,22.07,3.79
Marcos Senesi,ARG,DF,0,1,0,0,2022-2023,Bournemouth,25,29,2491,27.7,0.06,0.02,0.08,59.46,12.27,37.44,20.51,2.06,0.58,59.46,0.47,0.29,2.22,0.14,1.11,33.54,158.23,86.14,0.32,0.43,0.04,0.54,0.14,35.49,0.11
Ryan Sessegnon,ENG,DF,0,1,0,0,2022-2023,Tottenham,22,9,813,9.0,0.18,0.12,0.3,54.78,3.22,17.44,18.89,18.67,3.0,54.78,1.22,0.56,5.06,0.44,4.04,25.89,159.44,90.56,2.67,1.22,0.56,1.22,1.11,30.0,7.11
Luke Shaw,ENG,DF,0,1,0,0,2022-2023,Manchester Utd,27,30,2552,28.4,0.04,0.13,0.16,84.08,6.16,28.52,39.58,16.73,0.77,84.08,1.37,0.49,1.26,0.6,1.54,45.7,223.8,118.03,1.87,1.55,0.11,0.85,0.28,51.37,2.68
Jonjo Shelvey,ENG,MF,0,0,1,0,2022-2023,Newcastle Utd,30,0,37,0.4,0.0,0.0,0.0,70.0,0.0,20.0,45.0,5.0,0.0,70.0,0.0,0.0,,0.0,,25.0,157.5,47.5,0.0,0.0,0.0,0.0,0.0,42.5,0.0
Jonjo Shelvey,ENG,MF,0,0,1,0,2022-2023,Nott'ham Forest,30,6,540,6.0,0.03,0.05,0.08,57.5,3.83,17.0,34.83,5.83,0.17,57.5,0.67,0.67,16.67,0.0,0.0,29.67,163.0,73.67,0.17,0.5,0.0,0.5,0.67,35.67,0.0
Bernardo Silva,POR,"MF,FW",0,0,1,1,2022-2023,Manchester City,27,24,2205,24.5,0.09,0.13,0.22,72.33,1.27,11.47,32.53,28.86,3.76,72.33,2.61,1.14,1.79,1.18,1.85,45.51,289.47,143.8,3.67,2.98,1.18,1.22,1.27,54.04,7.67
Thiago Silva,BRA,DF,0,1,0,0,2022-2023,Chelsea,37,26,2352,26.1,0.06,0.02,0.08,88.2,13.33,44.71,41.42,2.22,0.92,88.2,0.15,0.11,2.87,0.0,0.0,55.94,253.18,148.93,0.31,0.54,0.0,0.23,0.04,64.14,0.08
Ellis Simms,ENG,FW,0,0,0,1,2022-2023,Everton,21,2,228,2.5,0.34,0.03,0.37,33.6,0.4,0.8,14.4,18.8,4.4,33.6,0.8,0.8,40.0,0.0,0.0,14.8,62.4,22.0,0.8,0.8,0.8,2.4,0.8,26.0,7.6
Luis Sinisterra,COL,FW,0,0,0,1,2022-2023,Leeds United,23,13,867,9.6,0.39,0.04,0.43,48.85,0.73,5.21,22.08,22.4,3.33,48.85,4.38,1.98,4.71,1.77,4.22,29.27,181.25,96.98,3.12,1.77,0.83,1.67,2.4,35.52,8.75
Oliver Skipp,ENG,MF,0,0,1,0,2022-2023,Tottenham,21,18,1491,16.6,0.02,0.04,0.05,55.12,2.71,14.76,33.37,7.47,0.42,55.12,0.9,0.66,4.42,0.18,1.2,29.88,129.34,56.69,0.84,0.9,0.12,1.02,0.96,38.19,1.51
Adam Smith,ENG,DF,0,1,0,0,2022-2023,Bournemouth,31,34,2943,32.7,0.02,0.04,0.05,46.7,3.43,18.41,19.88,9.05,0.52,46.7,0.92,0.18,0.61,0.52,1.73,19.79,84.46,41.83,0.86,0.64,0.09,0.64,0.12,23.58,1.65
Emile Smith Rowe,ENG,"MF,FW",0,0,1,1,2022-2023,Arsenal,22,0,172,1.9,0.14,0.36,0.5,53.68,0.53,7.37,19.47,26.84,4.74,53.68,2.63,1.05,21.05,1.58,31.58,35.79,159.47,62.63,1.05,0.53,0.0,0.0,2.11,37.37,5.79
Cédric Soares,POR,DF,0,1,0,0,2022-2023,Arsenal,30,0,29,0.3,0.0,0.0,0.0,90.0,6.67,26.67,30.0,33.33,0.0,90.0,0.0,0.0,,0.0,,46.67,290.0,223.33,3.33,6.67,0.0,0.0,0.0,66.67,0.0
Cédric Soares,POR,DF,0,1,0,0,2022-2023,Fulham,30,2,198,2.2,0.03,0.13,0.16,96.82,4.55,26.36,40.45,30.0,1.36,96.82,0.91,0.91,45.45,0.0,0.0,54.55,225.45,110.0,1.82,0.91,0.45,0.91,0.91,63.64,5.45
Dominic Solanke,ENG,"FW,MF",0,0,1,1,2022-2023,Bournemouth,24,32,2860,31.8,0.29,0.12,0.41,31.82,1.7,4.94,13.3,14.28,5.0,31.82,3.46,1.42,1.29,1.7,1.54,20.06,141.13,54.43,2.2,1.29,1.13,4.21,2.33,22.96,5.25
Manor Solomon,ISR,FW,0,0,0,1,2022-2023,Fulham,23,4,572,6.4,0.2,0.06,0.26,45.62,1.41,9.69,14.22,22.97,1.72,45.62,5.78,2.97,8.03,2.34,6.33,29.84,242.97,112.97,2.5,2.5,0.31,2.03,1.72,29.06,7.97
Tomáš Souček,CZE,MF,0,0,1,0,2022-2023,West Ham,27,32,2815,31.3,0.13,0.06,0.19,43.64,3.96,13.8,20.83,9.2,2.27,43.64,0.54,0.06,0.38,0.38,2.26,17.38,66.68,22.2,0.35,0.54,0.0,0.73,0.58,23.71,1.66
Boubakary Soumaré,FRA,MF,0,0,1,0,2022-2023,Leicester City,23,20,1629,18.1,0.0,0.02,0.02,60.28,2.49,17.62,37.29,6.19,0.11,60.28,1.22,0.66,3.01,0.33,1.51,32.49,162.43,65.3,0.94,0.66,0.0,1.44,1.22,40.5,1.1
Harry Souttar,AUS,DF,0,1,0,0,2022-2023,Leicester City,23,11,992,11.0,0.13,0.02,0.15,60.27,9.45,33.18,25.64,1.82,1.36,60.27,0.45,0.27,5.45,0.0,0.0,35.45,170.73,86.18,0.55,0.18,0.09,0.27,0.0,38.18,0.36
Çağlar Söyüncü,TUR,DF,0,1,0,0,2022-2023,Leicester City,26,6,529,5.9,0.07,0.01,0.08,64.75,12.03,38.31,24.92,2.03,1.19,64.75,0.17,0.17,16.95,0.0,0.0,31.36,185.76,101.86,0.85,0.17,0.0,0.34,0.0,34.41,0.0
Djed Spence,ENG,"FW,DF",0,1,0,1,2022-2023,Tottenham,21,0,7,0.1,0.83,0.0,0.83,120.0,0.0,30.0,10.0,80.0,20.0,120.0,10.0,0.0,0.0,0.0,0.0,80.0,920.0,660.0,20.0,10.0,10.0,0.0,20.0,100.0,20.0
Jack Stacey,ENG,DF,0,1,0,0,2022-2023,Bournemouth,26,3,299,3.3,0.03,0.0,0.03,52.73,5.15,20.3,18.79,14.24,0.61,52.73,2.42,0.91,11.36,1.52,18.94,22.42,140.0,66.97,2.73,1.21,0.3,0.91,1.21,23.64,4.55
Junior Stanislas,ENG,MF,0,0,1,0,2022-2023,Bournemouth,32,0,61,0.7,0.05,0.19,0.25,48.57,0.0,4.29,21.43,22.86,4.29,48.57,0.0,0.0,,0.0,,25.71,131.43,18.57,0.0,1.43,0.0,1.43,1.43,38.57,7.14
Jay Stansfield,ENG,FW,0,0,0,1,2022-2023,Fulham,19,1,87,1.0,0.26,0.09,0.35,35.0,2.0,7.0,14.0,15.0,7.0,35.0,0.0,0.0,,0.0,,13.0,88.0,35.0,2.0,2.0,0.0,2.0,2.0,23.0,4.0
Jason Steele,ENG,GK,1,0,0,0,2022-2023,Brighton,31,15,1350,15.0,0.0,0.01,0.01,38.27,31.27,38.0,0.27,0.0,0.0,38.27,0.07,0.07,6.67,0.0,0.0,25.13,111.67,57.87,0.0,0.0,0.0,0.0,0.0,23.6,0.0
Jack Stephens,ENG,DF,0,1,0,0,2022-2023,Southampton,28,0,46,0.5,0.0,0.0,0.0,66.0,8.0,16.0,34.0,16.0,0.0,66.0,0.0,0.0,,0.0,,32.0,270.0,172.0,6.0,4.0,0.0,0.0,2.0,50.0,0.0
Jack Stephens,ENG,DF,0,1,0,0,2022-2023,Bournemouth,28,13,1173,13.0,0.03,0.02,0.05,51.15,9.62,28.0,21.15,2.15,0.54,51.15,0.23,0.23,7.69,0.0,0.0,28.31,128.77,66.38,0.54,0.23,0.0,0.38,0.08,30.62,0.23
Raheem Sterling,ENG,"FW,MF",0,0,1,1,2022-2023,Chelsea,27,23,1891,21.0,0.29,0.22,0.51,43.33,0.38,3.0,13.24,27.76,5.76,43.33,4.43,1.86,2.0,2.19,2.36,31.0,190.57,102.52,3.86,2.67,1.86,2.19,2.38,35.67,8.86
John Stones,ENG,"DF,MF",0,1,1,0,2022-2023,Manchester City,28,21,1846,20.5,0.05,0.07,0.12,82.44,4.93,26.54,45.95,10.24,1.32,82.44,0.49,0.29,2.93,0.05,0.49,52.68,302.49,158.54,1.37,1.56,0.05,0.39,0.2,64.0,1.66
Pascal Struijk,NED,DF,0,1,0,0,2022-2023,Leeds United,22,26,2200,24.4,0.06,0.1,0.15,66.35,3.77,22.05,29.02,15.53,1.27,66.35,0.74,0.37,2.05,0.29,1.59,28.69,115.0,60.04,0.98,1.02,0.04,1.02,0.49,32.91,2.17
Kamaldeen Sulemana,GHA,"FW,MF",0,0,1,1,2022-2023,Southampton,20,10,966,10.7,0.16,0.12,0.27,40.19,0.65,4.39,16.36,20.65,4.11,40.19,6.36,3.36,4.94,2.9,4.26,25.89,216.36,90.93,2.99,2.52,1.68,3.27,1.59,27.48,7.48
Crysencio Summerville,NED,FW,0,0,0,1,2022-2023,Leeds United,20,12,1426,15.8,0.18,0.1,0.28,40.32,0.63,6.27,15.25,19.68,4.43,40.32,3.8,1.52,2.53,1.39,2.32,26.58,165.63,83.92,3.23,1.71,1.2,2.85,2.28,27.72,5.82
Sam Surridge,ENG,FW,0,0,0,1,2022-2023,Nott'ham Forest,24,1,323,3.6,0.5,0.02,0.51,38.06,2.5,7.5,15.28,16.39,4.17,38.06,1.39,0.56,11.11,0.56,11.11,19.72,100.28,38.89,0.56,1.39,0.28,3.61,1.11,25.83,4.72
Japhet Tanganga,ENG,DF,0,1,0,0,2022-2023,Tottenham,23,2,146,1.6,0.0,0.0,0.0,68.12,3.12,30.0,36.88,1.88,0.0,68.12,1.25,0.62,31.25,0.62,31.25,42.5,192.5,83.12,0.62,1.25,0.0,1.88,0.62,44.38,1.25
Matt Targett,ENG,DF,0,1,0,0,2022-2023,Newcastle Utd,26,6,610,6.8,0.0,0.06,0.07,68.09,2.94,21.91,27.35,19.26,0.0,68.09,0.29,0.29,14.71,0.0,0.0,28.97,98.97,60.15,0.44,0.74,0.0,0.74,0.88,35.44,1.91
James Tarkowski,ENG,DF,0,1,0,0,2022-2023,Everton,29,38,3420,38.0,0.08,0.08,0.16,55.76,9.71,28.68,24.37,2.97,2.13,55.76,0.26,0.24,2.37,0.03,0.26,25.84,116.13,60.39,0.34,0.08,0.03,0.58,0.13,31.82,0.29
Marcus Tavernier,ENG,"MF,FW",0,0,1,1,2022-2023,Bournemouth,23,19,1743,19.4,0.16,0.15,0.31,51.96,1.91,10.31,20.1,23.2,3.04,51.96,5.0,2.37,2.44,2.32,2.39,30.52,209.28,104.54,3.45,2.22,1.08,2.37,2.06,32.78,7.06
Tetê,BRA,FW,0,0,0,1,2022-2023,Leicester City,22,9,734,8.2,0.22,0.05,0.27,42.68,0.61,7.2,20.12,16.34,3.66,42.68,4.02,2.44,7.39,1.22,3.7,25.85,198.05,86.34,2.68,1.34,1.83,2.32,1.59,28.9,6.71
Kenny Tete,NED,DF,0,1,0,0,2022-2023,Fulham,26,29,2569,28.5,0.02,0.07,0.09,66.53,3.75,19.51,30.77,17.16,1.05,66.53,1.3,0.74,1.99,0.42,1.14,28.81,160.11,84.25,2.63,1.93,0.14,0.77,0.84,33.19,2.42
Luke Thomas,ENG,DF,0,1,0,0,2022-2023,Leicester City,21,11,1073,11.9,0.01,0.06,0.07,66.05,3.28,26.81,30.17,9.66,0.25,66.05,1.01,0.5,4.2,0.42,3.5,29.83,115.46,51.26,0.84,0.67,0.08,0.76,0.67,34.79,1.09
Youri Tielemans,BEL,MF,0,0,1,0,2022-2023,Leicester City,25,27,2344,26.0,0.1,0.18,0.28,72.19,2.38,16.77,41.54,14.69,0.54,72.12,1.35,1.0,2.86,0.19,0.55,36.62,155.5,80.31,1.35,0.96,0.04,1.27,0.58,50.35,2.15
Kieran Tierney,SCO,DF,0,1,0,0,2022-2023,Arsenal,25,6,795,8.8,0.04,0.04,0.08,65.8,2.61,17.39,27.73,20.8,1.7,65.8,1.36,0.34,2.84,0.34,2.84,35.91,204.77,95.11,2.84,1.36,0.34,0.8,0.0,38.41,3.52
Harry Toffolo,ENG,DF,0,1,0,0,2022-2023,Nott'ham Forest,26,9,940,10.4,0.03,0.07,0.1,47.88,4.62,16.83,17.21,14.52,1.15,47.88,0.87,0.29,3.2,0.48,5.35,18.37,69.33,32.88,0.77,0.58,0.38,0.96,0.58,21.44,4.13
Takehiro Tomiyasu,JPN,DF,0,1,0,0,2022-2023,Arsenal,23,6,663,7.4,0.03,0.08,0.11,75.27,3.51,18.65,39.59,17.57,2.3,75.27,0.54,0.14,3.38,0.27,6.76,42.03,186.49,84.32,1.89,0.95,0.14,0.95,0.54,46.49,3.78
James Tomkins,ENG,DF,0,1,0,0,2022-2023,Crystal Palace,33,3,338,3.8,0.27,0.0,0.27,54.74,8.95,37.37,15.53,1.84,0.79,54.74,0.26,0.26,26.32,0.0,0.0,30.79,112.89,57.89,0.26,0.26,0.0,0.53,0.26,34.21,0.26
Ivan Toney,ENG,FW,0,0,0,1,2022-2023,Brentford,26,33,2951,32.8,0.57,0.16,0.73,37.16,1.52,4.3,16.13,16.98,4.76,36.95,1.65,0.49,0.9,0.88,1.64,19.05,75.09,22.07,0.43,0.64,0.24,3.05,1.43,27.1,5.03
Adama Traoré,ESP,"FW,MF",0,0,1,1,2022-2023,Wolves,26,12,1496,16.6,0.08,0.23,0.31,43.07,1.08,6.14,15.24,22.83,3.37,43.07,6.69,3.37,3.04,2.05,1.84,27.83,243.55,127.29,5.12,2.47,1.51,3.55,1.63,33.49,9.46
Bertrand Traoré,BFA,"FW,MF",0,0,1,1,2022-2023,Aston Villa,26,1,233,2.6,0.28,0.03,0.3,43.85,0.0,3.08,15.77,25.38,5.0,43.85,1.54,0.38,9.62,1.15,28.85,31.15,177.69,94.62,3.46,1.15,1.92,3.08,2.69,34.23,10.77
Boubacar Traoré,MLI,MF,0,0,1,0,2022-2023,Wolves,20,4,411,4.6,0.01,0.04,0.05,40.22,1.3,11.09,23.91,5.65,0.43,40.22,1.96,0.87,9.65,0.87,9.65,19.57,115.0,58.04,0.87,0.65,0.0,0.65,0.65,22.61,0.43
Mark Travers,IRL,GK,1,0,0,0,2022-2023,Bournemouth,23,11,1035,11.5,0.0,0.0,0.0,34.96,32.43,34.87,0.09,0.0,0.0,34.96,0.0,0.0,,0.0,,15.83,76.87,39.74,0.0,0.0,0.0,0.0,0.0,12.61,0.0
Kieran Trippier,ENG,DF,0,1,0,0,2022-2023,Newcastle Utd,31,38,3341,37.1,0.02,0.33,0.36,83.61,3.34,20.86,34.56,28.73,0.7,83.61,0.94,0.51,1.46,0.32,0.92,35.04,123.96,64.5,1.21,1.24,0.03,0.73,0.24,42.94,4.07
Leandro Trossard,BEL,FW,0,0,0,1,2022-2023,Arsenal,27,10,931,10.3,0.18,0.46,0.63,55.05,0.87,6.21,17.38,32.14,4.17,55.05,2.52,1.46,5.6,0.58,2.24,36.31,231.65,107.48,3.5,1.55,0.97,1.75,2.23,40.49,9.9
Leandro Trossard,BEL,"FW,MF",0,0,1,1,2022-2023,Brighton,27,16,1315,14.6,0.3,0.14,0.45,47.74,0.21,4.25,19.04,25.21,6.16,47.74,2.74,0.96,2.4,1.3,3.25,29.38,167.33,81.64,2.74,1.85,1.64,2.6,1.78,36.37,8.08
Kostas Tsimikas,GRE,DF,0,1,0,0,2022-2023,Liverpool,26,9,771,8.6,0.04,0.18,0.22,82.91,2.67,19.77,32.67,31.16,2.56,82.91,1.74,0.47,3.1,0.93,6.2,41.28,213.14,101.63,2.67,1.05,0.58,1.51,0.81,47.56,8.95
Deniz Undav,GER,"FW,MF",0,0,1,1,2022-2023,Brighton,26,6,628,7.0,0.65,0.15,0.8,33.0,0.57,2.71,13.86,16.57,6.0,33.0,0.86,0.57,9.53,0.29,4.76,17.14,74.0,50.0,1.71,0.86,0.57,1.86,1.14,25.57,5.71
Yan Valery,TUN,DF,0,1,0,0,2022-2023,Southampton,23,1,45,0.5,0.0,0.0,0.0,56.0,6.0,14.0,36.0,6.0,0.0,56.0,0.0,0.0,,0.0,,34.0,182.0,36.0,0.0,2.0,0.0,2.0,6.0,40.0,0.0
Virgil van Dijk,NED,DF,0,1,0,0,2022-2023,Liverpool,31,32,2835,31.5,0.08,0.04,0.12,91.3,11.46,42.13,45.3,4.06,2.1,91.3,0.06,0.06,3.17,0.0,0.0,55.87,210.92,100.06,0.32,0.44,0.06,0.22,0.0,66.19,0.25
Raphaël Varane,FRA,DF,0,1,0,0,2022-2023,Manchester Utd,29,22,1911,21.2,0.03,0.01,0.04,60.99,7.22,28.82,29.76,2.55,0.85,60.99,0.47,0.28,2.83,0.19,1.89,37.59,252.69,142.92,0.8,0.71,0.0,0.09,0.05,40.09,0.19
Jamie Vardy,ENG,FW,0,0,0,1,2022-2023,Leicester City,35,19,1857,20.6,0.32,0.07,0.39,21.21,1.55,2.86,8.5,10.0,3.45,21.17,1.41,0.58,2.01,0.68,2.34,9.32,44.95,17.38,0.78,0.44,0.63,1.6,0.78,12.67,4.9
Joël Veltman,NED,DF,0,1,0,0,2022-2023,Brighton,30,25,2188,24.3,0.07,0.03,0.1,71.6,3.79,23.17,36.83,12.06,0.95,71.6,0.82,0.21,1.03,0.33,1.65,39.18,182.55,91.89,1.77,1.32,0.08,0.82,0.41,43.83,2.02
Fabio Vieira,POR,"MF,FW",0,0,1,1,2022-2023,Arsenal,22,3,514,5.7,0.15,0.44,0.58,62.46,1.05,4.74,28.42,29.82,4.74,62.46,3.16,1.05,5.84,1.93,10.72,37.72,152.28,57.37,1.4,1.4,0.18,2.28,1.4,44.74,7.02
Matías Viña,URU,DF,0,1,0,0,2022-2023,Bournemouth,24,5,458,5.1,0.17,0.03,0.2,56.67,5.29,22.35,20.59,14.51,2.16,56.67,4.71,1.96,8.18,2.16,8.98,23.92,134.51,85.1,1.96,1.18,0.98,2.16,1.18,26.67,3.73
Rúben Vinagre,POR,"DF,MF",0,1,1,0,2022-2023,Everton,23,0,26,0.3,0.0,0.0,0.0,103.33,3.33,23.33,53.33,30.0,0.0,103.33,10.0,3.33,111.0,0.0,0.0,50.0,326.67,173.33,6.67,3.33,0.0,3.33,3.33,56.67,3.33
Carlos Vinícius,BRA,FW,0,0,0,1,2022-2023,Fulham,27,11,1109,12.3,0.27,0.06,0.33,26.83,0.89,1.95,11.06,14.15,4.63,26.83,1.3,0.41,2.54,0.65,4.07,14.88,71.46,24.47,0.73,0.81,0.49,3.9,1.87,20.24,3.74
Theo Walcott,ENG,"FW,MF",0,0,1,1,2022-2023,Southampton,33,13,1129,12.5,0.18,0.16,0.34,30.72,1.04,6.0,12.08,13.52,3.52,30.72,1.92,0.96,4.0,0.8,3.34,17.92,110.72,59.92,1.68,0.96,0.8,1.92,0.96,20.48,4.96
Kyle Walker,ENG,DF,0,1,0,0,2022-2023,Manchester City,32,22,1958,21.8,0.02,0.01,0.03,91.56,2.61,20.09,54.95,16.97,0.69,91.56,0.87,0.6,3.14,0.18,0.97,54.54,250.23,133.03,2.29,1.83,0.09,0.64,0.28,70.73,3.44
Kyle Walker-Peters,ENG,DF,0,1,0,0,2022-2023,Southampton,25,30,2650,29.4,0.03,0.05,0.08,57.55,3.06,15.95,24.86,17.69,1.7,57.55,3.54,1.7,1.64,1.33,1.28,29.83,199.39,110.07,3.47,2.59,0.65,1.33,1.46,31.19,3.88
Aaron Wan-Bissaka,ENG,DF,0,1,0,0,2022-2023,Manchester Utd,24,16,1435,15.9,0.07,0.06,0.14,64.53,4.72,21.76,25.16,17.99,2.77,64.53,2.2,1.07,3.06,1.13,3.23,32.96,164.4,86.16,2.58,1.51,0.25,0.88,0.63,37.74,4.03
Danny Ward,WAL,GK,1,0,0,0,2022-2023,Leicester City,29,26,2340,26.0,0.0,0.0,0.0,38.46,31.0,38.31,0.19,0.0,0.0,38.46,0.0,0.0,,0.0,,21.5,108.92,64.04,0.0,0.0,0.0,0.0,0.0,18.54,0.0
Joel Ward,ENG,DF,0,1,0,0,2022-2023,Crystal Palace,32,24,2256,25.1,0.04,0.02,0.06,58.53,4.74,21.75,25.38,11.63,0.84,58.53,0.36,0.28,3.1,0.04,0.44,24.7,94.9,48.92,0.88,0.6,0.04,1.0,0.4,30.32,1.83
James Ward-Prowse,ENG,MF,0,0,1,0,2022-2023,Southampton,27,38,3371,37.5,0.15,0.17,0.32,66.24,2.59,11.92,36.8,17.79,0.75,66.13,0.53,0.19,0.93,0.32,1.6,31.25,116.37,53.71,0.51,0.72,0.03,0.69,0.59,38.99,1.55
Ollie Watkins,ENG,FW,0,0,0,1,2022-2023,Aston Villa,26,36,3127,34.7,0.47,0.11,0.58,26.71,1.35,2.48,10.52,14.06,4.73,26.66,1.87,0.52,0.8,1.04,1.6,13.69,72.59,33.54,1.44,0.69,0.92,2.36,1.12,19.71,5.65
Adam Webster,ENG,DF,0,1,0,0,2022-2023,Brighton,27,23,1985,22.1,0.08,0.01,0.09,85.43,7.69,37.06,43.85,4.89,1.22,85.43,0.36,0.14,1.7,0.18,2.26,55.57,285.34,169.19,0.86,0.81,0.0,0.5,0.23,61.95,0.41
Wout Weghorst,NED,"FW,MF",0,0,1,1,2022-2023,Manchester Utd,29,10,797,8.9,0.23,0.13,0.36,32.7,1.8,5.06,16.97,10.9,2.92,32.7,1.35,0.45,3.74,0.79,6.55,18.09,51.91,17.53,0.34,0.79,0.0,1.69,1.35,23.15,4.61
Danny Welbeck,ENG,FW,0,0,0,1,2022-2023,Brighton,31,21,1854,20.6,0.46,0.21,0.66,33.64,1.12,2.14,13.64,18.25,5.68,33.64,2.18,1.07,2.37,0.87,1.94,19.76,90.24,42.62,1.5,0.87,0.49,2.91,1.12,25.19,6.5
Ben White,ENG,DF,0,1,0,0,2022-2023,Arsenal,24,36,3055,33.9,0.04,0.09,0.13,74.72,3.04,16.34,38.53,20.21,1.42,74.72,0.86,0.24,0.81,0.44,1.53,42.71,191.92,105.16,1.89,1.36,0.09,0.8,0.21,50.09,3.66
Harvey White,ENG,MF,0,0,1,0,2022-2023,Tottenham,20,0,5,0.1,0.0,0.0,0.0,80.0,0.0,0.0,40.0,40.0,0.0,80.0,0.0,0.0,,0.0,,50.0,110.0,40.0,0.0,0.0,0.0,0.0,0.0,50.0,10.0
Joseph Whitworth,ENG,GK,1,0,0,0,2022-2023,Crystal Palace,18,2,180,2.0,0.0,0.0,0.0,43.5,39.5,43.5,0.0,0.0,0.0,43.5,0.0,0.0,,0.0,,26.0,104.0,54.5,0.0,0.0,0.0,0.0,0.0,25.0,0.0
Neco Williams,WAL,DF,0,1,0,0,2022-2023,Nott'ham Forest,21,20,1882,20.9,0.06,0.07,0.13,55.17,3.92,21.29,20.19,14.78,1.1,55.17,2.63,0.91,1.65,1.48,2.7,26.56,173.21,98.76,2.44,1.58,0.24,1.48,0.81,25.45,3.21
Willian,BRA,FW,0,0,0,1,2022-2023,Fulham,33,25,2126,23.6,0.14,0.19,0.33,47.5,0.42,5.0,17.75,25.51,3.31,47.5,3.01,1.57,2.21,0.93,1.31,31.74,228.56,115.55,4.11,2.92,1.23,1.86,1.06,35.21,6.44
Joe Willock,ENG,MF,0,0,1,0,2022-2023,Newcastle Utd,22,31,2558,28.4,0.25,0.21,0.46,46.62,1.3,7.11,20.63,19.58,4.01,46.62,3.27,1.3,1.4,1.51,1.63,27.61,183.56,100.92,3.42,2.18,1.16,2.29,0.95,31.55,5.35
Callum Wilson,ENG,FW,0,0,0,1,2022-2023,Newcastle Utd,30,21,1877,20.9,0.84,0.13,0.97,23.06,0.38,1.2,8.56,13.44,5.93,22.92,1.72,0.57,1.59,0.91,2.53,14.55,71.0,32.2,1.29,0.67,0.77,3.44,1.72,17.22,5.65
Harry Wilson,WAL,FW,0,0,0,1,2022-2023,Fulham,25,13,1100,12.2,0.16,0.07,0.24,45.16,1.48,7.3,17.54,20.74,3.03,45.16,2.7,0.98,2.98,1.15,3.48,28.11,163.03,63.93,1.48,1.31,0.66,1.89,1.23,32.54,7.13
Yoane Wissa,COD,FW,0,0,0,1,2022-2023,Brentford,25,16,1606,17.8,0.32,0.14,0.46,29.04,0.79,3.76,10.84,15.06,3.48,29.04,2.47,1.12,2.56,0.84,1.92,17.53,88.37,36.97,1.35,0.67,0.62,2.3,1.4,19.38,5.84
Maximilian Wöber,AUT,DF,0,1,0,0,2022-2023,Leeds United,24,14,1266,14.1,0.05,0.05,0.1,60.85,7.8,27.02,28.37,5.74,1.21,60.85,0.07,0.0,0.0,0.07,7.09,30.21,160.99,92.84,1.06,0.64,0.0,0.43,0.14,31.06,1.06
Chris Wood,NZL,FW,0,0,0,1,2022-2023,Newcastle Utd,30,4,446,5.0,0.37,0.06,0.43,29.8,1.6,3.8,14.0,12.0,3.2,29.6,0.4,0.2,10.0,0.0,0.0,10.4,31.8,12.4,0.2,0.2,0.0,2.4,1.0,20.2,4.6
Chris Wood,NZL,FW,0,0,0,1,2022-2023,Nott'ham Forest,30,5,372,4.1,0.23,0.05,0.28,24.15,0.98,2.93,13.9,7.56,1.95,24.15,0.49,0.0,0.0,0.49,24.39,12.2,46.1,17.07,0.49,0.49,0.0,2.68,1.46,19.27,2.93
Joe Worrall,ENG,DF,0,1,0,0,2022-2023,Nott'ham Forest,25,21,2224,24.7,0.03,0.03,0.06,57.0,8.62,32.91,21.21,3.04,1.17,57.0,0.16,0.12,3.04,0.04,1.01,27.69,119.35,64.94,0.2,0.2,0.04,0.24,0.16,32.23,0.04
Granit Xhaka,SUI,MF,0,0,1,0,2022-2023,Arsenal,29,36,2993,33.3,0.14,0.16,0.3,56.79,2.52,10.24,27.03,19.76,3.18,56.79,0.87,0.48,1.66,0.3,1.04,33.42,127.42,64.92,1.26,1.14,0.27,1.05,0.75,41.95,5.26
Ryan Yates,ENG,MF,0,0,1,0,2022-2023,Nott'ham Forest,24,21,1837,20.4,0.11,0.06,0.17,38.73,3.24,11.52,20.49,7.01,1.67,38.73,0.44,0.2,2.18,0.15,1.63,14.85,61.76,28.28,0.54,0.2,0.15,0.88,0.74,18.82,1.32
Ashley Young,ENG,DF,0,1,0,0,2022-2023,Aston Villa,37,23,2036,22.6,0.02,0.04,0.06,62.43,3.81,22.21,29.87,11.15,0.44,62.43,0.97,0.35,1.61,0.44,2.01,31.02,143.14,68.76,1.28,0.88,0.18,0.8,0.22,33.94,1.46
Illia Zabarnyi,UKR,DF,0,1,0,0,2022-2023,Bournemouth,19,3,299,3.3,0.0,0.0,0.0,70.91,11.21,48.18,22.42,0.61,0.0,70.91,0.61,0.3,15.15,0.0,0.0,50.3,306.97,198.18,0.3,0.3,0.0,0.91,0.61,52.73,0.0
Wilfried Zaha,CIV,"FW,MF",0,0,1,1,2022-2023,Crystal Palace,29,27,2288,25.4,0.26,0.11,0.36,40.94,0.47,3.94,15.28,22.32,5.63,40.87,5.39,2.17,1.58,2.56,1.87,28.7,190.94,84.21,3.39,1.69,2.32,3.74,3.23,32.32,9.37
Denis Zakaria,SUI,MF,0,0,1,0,2022-2023,Chelsea,25,5,411,4.6,0.04,0.01,0.05,47.39,2.61,14.35,24.57,9.57,0.43,47.39,1.96,1.3,14.5,0.65,7.24,30.43,140.43,63.26,1.96,0.65,0.43,0.87,1.96,34.57,0.65
Jordan Zemura,ZIM,DF,0,1,0,0,2022-2023,Bournemouth,22,17,1454,16.2,0.02,0.11,0.14,49.88,2.84,18.64,18.33,13.7,1.91,49.88,2.65,1.3,3.01,1.11,2.59,23.15,144.75,76.23,2.41,1.79,0.62,2.16,0.99,25.25,2.96
Oleksandr Zinchenko,UKR,DF,0,1,0,0,2022-2023,Arsenal,25,26,2118,23.5,0.06,0.06,0.12,89.87,3.28,19.7,45.02,25.96,1.4,89.87,1.06,0.64,2.55,0.38,1.53,53.74,293.57,161.15,2.85,2.81,0.34,0.68,0.64,59.49,2.89
Hakim Ziyech,MAR,"FW,MF",0,0,1,1,2022-2023,Chelsea,29,6,661,7.3,0.08,0.3,0.38,69.18,1.64,10.14,25.21,34.38,2.33,69.18,4.52,1.92,5.81,2.05,6.23,41.51,206.16,90.0,2.74,2.33,0.96,1.64,1.78,48.49,9.45
Kurt Zouma,FRA,DF,0,1,0,0,2022-2023,West Ham,27,24,1989,22.1,0.1,0.0,0.1,47.47,10.41,29.59,16.43,1.58,1.31,47.47,0.23,0.09,1.81,0.14,2.71,23.67,97.29,46.06,0.14,0.05,0.0,0.23,0.09,28.1,0.05
Martin Ødegaard,NOR,MF,0,0,1,0,2022-2023,Arsenal,23,37,3127,34.7,0.29,0.23,0.52,60.52,0.78,5.73,24.9,30.55,3.52,60.52,2.39,1.38,1.67,0.84,1.01,37.0,199.71,87.09,2.39,1.73,0.75,1.21,1.3,44.67,5.56
Max Aarons,ENG,DF,0,1,0,0,2021-2022,Norwich City,21,32,2881,32.0,0.03,0.05,0.08,57.53,5.0,22.53,21.97,13.75,0.72,57.53,2.12,1.06,1.56,1.06,1.56,29.78,201.69,105.53,2.44,1.47,0.38,1.19,0.72,32.19,2.66
Che Adams,SCO,FW,0,0,0,1,2021-2022,Southampton,25,23,2039,22.7,0.31,0.13,0.45,31.37,0.97,3.57,12.91,15.15,4.14,31.37,1.54,0.88,2.52,0.66,1.89,17.36,79.47,28.68,0.84,0.57,0.57,2.6,1.5,23.66,6.74
Rayan Aït-Nouri,ALG,"DF,MF",0,1,1,0,2021-2022,Wolves,20,20,1828,20.3,0.03,0.08,0.11,63.69,2.41,22.61,22.56,19.31,1.92,63.69,3.99,2.07,2.56,1.92,2.37,32.46,184.43,97.0,2.96,1.87,0.94,2.17,1.33,36.26,6.26
Kristoffer Ajer,NOR,DF,0,1,0,0,2021-2022,Brentford,23,23,1995,22.2,0.04,0.08,0.11,49.59,4.86,19.91,21.8,8.15,1.4,49.59,0.81,0.59,3.25,0.23,1.25,21.98,134.73,77.34,1.35,1.13,0.09,1.13,0.32,23.87,1.31
Nathan Aké,NED,DF,0,1,0,0,2021-2022,Manchester City,26,10,923,10.3,0.07,0.06,0.12,92.82,5.44,32.23,50.97,10.0,0.97,92.82,0.19,0.0,0.0,0.19,9.71,65.73,323.59,209.51,1.17,1.17,0.0,0.39,0.29,71.94,0.78
Marc Albrighton,ENG,"FW,DF",0,1,0,1,2021-2022,Leicester City,31,11,1132,12.6,0.04,0.16,0.2,55.95,2.78,13.17,23.97,19.29,0.95,55.95,3.17,1.19,2.98,1.98,4.96,28.33,128.25,54.84,1.67,1.11,0.16,1.67,0.63,31.51,4.44
Thiago Alcántara,ESP,MF,0,0,1,0,2021-2022,Liverpool,30,17,1534,17.0,0.11,0.14,0.25,100.0,1.88,14.53,65.06,21.29,1.18,100.0,1.88,1.18,3.68,0.71,2.21,61.12,294.29,140.76,1.41,2.53,0.06,0.94,0.76,75.24,2.65
Trent Alexander-Arnold,ENG,DF,0,1,0,0,2021-2022,Liverpool,22,32,2853,31.7,0.07,0.38,0.46,95.77,2.24,18.99,43.72,33.75,2.62,95.77,1.23,0.6,1.54,0.63,1.62,47.44,179.4,89.09,1.67,1.74,0.44,1.29,0.6,59.84,6.34
Alisson,BRA,GK,1,0,0,0,2021-2022,Liverpool,28,36,3240,36.0,0.0,0.01,0.01,40.81,28.94,40.33,0.47,0.0,0.0,40.81,0.03,0.03,2.78,0.0,0.0,24.25,99.25,61.75,0.0,0.0,0.0,0.03,0.0,23.22,0.0
Allan,BRA,MF,0,0,1,0,2021-2022,Everton,30,25,2183,24.3,0.01,0.03,0.04,51.81,3.17,13.33,31.4,7.86,0.29,51.81,1.28,0.86,2.79,0.41,1.33,26.75,128.31,65.97,1.07,0.99,0.16,1.56,0.99,27.65,0.74
Dele Alli,ENG,MF,0,0,1,0,2021-2022,Tottenham,25,8,657,7.3,0.22,0.04,0.26,46.44,3.29,10.14,25.75,11.23,1.92,46.3,3.7,1.64,6.08,2.05,7.62,25.21,126.44,49.04,1.1,1.1,0.0,1.78,2.6,27.81,3.01
Dele Alli,ENG,"MF,FW",0,0,1,1,2021-2022,Everton,25,1,338,3.8,0.03,0.09,0.12,59.21,3.42,13.16,28.16,18.68,3.42,59.21,3.68,1.32,9.39,2.37,16.92,28.42,186.32,76.32,1.84,2.11,0.79,3.95,1.58,34.74,5.53
Miguel Almirón,PAR,"MF,FW",0,0,1,1,2021-2022,Newcastle Utd,27,19,1716,19.1,0.09,0.05,0.14,38.12,1.15,7.07,15.81,16.07,2.25,38.12,2.04,1.36,3.49,0.68,1.74,23.35,154.92,69.06,2.3,1.1,0.63,2.3,1.26,24.66,4.45
Marcos Alonso,ESP,DF,0,1,0,0,2021-2022,Chelsea,30,25,2167,24.1,0.12,0.19,0.3,74.32,2.99,18.71,25.98,30.29,2.86,74.32,1.45,0.62,1.78,0.83,2.37,36.6,179.46,90.12,2.12,1.33,0.41,1.78,1.04,43.03,7.97
Steven Alzate,COL,MF,0,0,1,0,2021-2022,Brighton,22,5,404,4.5,0.02,0.03,0.05,64.89,3.11,17.56,36.67,11.11,0.67,64.89,1.78,1.33,16.67,0.44,5.56,32.89,144.44,73.33,0.67,1.56,0.22,1.78,0.67,39.33,1.33
Daniel Amartey,GHA,DF,0,1,0,0,2021-2022,Leicester City,26,23,2123,23.6,0.0,0.01,0.01,74.24,10.42,36.95,35.25,2.2,0.25,74.24,0.3,0.25,3.63,0.04,0.61,48.01,213.56,118.05,0.59,0.51,0.04,0.3,0.04,54.15,0.0
Joachim Andersen,DEN,DF,0,1,0,0,2021-2022,Crystal Palace,25,32,2916,32.4,0.02,0.05,0.07,80.68,13.12,47.47,31.02,2.47,0.99,80.68,0.28,0.22,2.4,0.06,0.69,49.51,252.81,138.21,0.43,0.15,0.06,0.25,0.25,57.56,0.12
Michail Antonio,JAM,FW,0,0,0,1,2021-2022,West Ham,31,34,2971,33.0,0.33,0.18,0.51,33.18,0.52,1.79,12.06,20.09,4.82,33.15,2.82,1.52,1.63,1.3,1.4,20.64,129.39,58.21,2.33,1.39,1.06,4.12,2.18,26.82,7.45
Cameron Archer,ENG,"FW,MF",0,0,1,1,2021-2022,Aston Villa,20,0,27,0.3,0.15,0.0,0.15,36.67,0.0,3.33,10.0,23.33,3.33,36.67,3.33,0.0,0.0,3.33,333.33,23.33,146.67,33.33,0.0,3.33,0.0,3.33,6.67,23.33,3.33
Alphonse Areola,FRA,GK,1,0,0,0,2021-2022,West Ham,28,1,90,1.0,0.0,0.0,0.0,42.0,40.0,42.0,0.0,0.0,0.0,42.0,0.0,0.0,,0.0,,20.0,85.0,41.0,0.0,0.0,0.0,0.0,0.0,20.0,0.0
Adam Armstrong,ENG,FW,0,0,0,1,2021-2022,Southampton,24,17,1413,15.7,0.29,0.1,0.39,31.4,0.57,2.55,11.72,17.52,4.78,31.4,2.68,1.02,2.43,1.66,3.94,18.28,119.87,48.92,2.48,1.53,1.4,2.87,0.83,21.34,6.69
Stuart Armstrong,SCO,MF,0,0,1,0,2021-2022,Southampton,29,15,1473,16.4,0.15,0.09,0.24,57.68,1.34,7.56,24.88,26.1,2.5,57.68,3.29,1.65,3.05,1.65,3.05,36.28,247.07,117.93,3.84,3.05,0.73,2.44,1.65,40.3,4.76
Kepa Arrizabalaga,ESP,GK,1,0,0,0,2021-2022,Chelsea,26,4,360,4.0,0.0,0.0,0.0,36.5,31.25,36.5,0.0,0.0,0.0,36.5,0.0,0.0,,0.0,,25.25,97.25,54.5,0.0,0.0,0.0,0.0,0.0,20.0,0.0
Harrison Ashby,SCO,DF,0,1,0,0,2021-2022,West Ham,19,0,7,0.1,0.0,0.0,0.0,90.0,10.0,30.0,10.0,50.0,0.0,90.0,0.0,0.0,,0.0,,50.0,350.0,60.0,0.0,0.0,0.0,0.0,0.0,60.0,0.0
Pierre-Emerick Aubameyang,GAB,FW,0,0,0,1,2021-2022,Arsenal,32,12,1037,11.5,0.51,0.09,0.6,27.74,0.17,2.87,10.17,14.87,4.35,27.57,0.61,0.17,2.49,0.43,6.21,12.35,67.74,39.65,1.83,0.78,0.87,1.39,0.35,19.13,4.09
Jordan Ayew,GHA,FW,0,0,0,1,2021-2022,Crystal Palace,29,23,2019,22.4,0.14,0.12,0.26,48.53,0.67,6.65,22.95,20.09,2.99,48.53,3.17,1.52,2.14,1.65,2.33,31.07,204.91,103.39,4.38,2.19,1.07,3.75,3.44,34.78,6.74
Luke Ayling,ENG,DF,0,1,0,0,2021-2022,Leeds United,29,26,2272,25.2,0.05,0.07,0.12,74.76,7.06,35.91,30.08,9.68,1.39,74.76,1.47,0.91,2.47,0.56,1.5,39.76,220.87,142.18,1.79,0.91,0.08,1.67,0.4,45.52,2.02
César Azpilicueta,ESP,DF,0,1,0,0,2021-2022,Chelsea,31,24,2070,23.0,0.04,0.08,0.11,87.7,4.87,26.78,40.52,20.87,2.3,87.7,0.83,0.65,3.43,0.17,0.92,47.74,200.3,121.26,2.13,1.43,0.3,0.91,0.43,61.74,5.74
Daniel Bachmann,AUT,GK,1,0,0,0,2021-2022,Watford,27,12,1080,12.0,0.0,0.0,0.0,33.42,27.08,33.25,0.17,0.0,0.0,33.42,0.08,0.08,8.33,0.0,0.0,17.83,103.42,69.58,0.0,0.0,0.0,0.0,0.0,12.33,0.0
Leon Bailey,JAM,"FW,MF",0,0,1,1,2021-2022,Aston Villa,23,7,761,8.5,0.18,0.09,0.27,40.94,0.35,3.41,14.0,24.24,4.12,40.94,3.41,1.53,5.27,1.88,6.49,27.29,197.53,81.53,4.0,1.65,1.18,3.88,2.82,28.71,7.18
Eric Bailly,CIV,DF,0,1,0,0,2021-2022,Manchester Utd,27,3,217,2.4,0.0,0.0,0.0,47.5,10.42,30.42,15.83,1.25,0.0,47.5,0.42,0.0,0.0,0.42,41.67,22.92,141.67,64.58,0.42,0.0,0.0,1.25,0.42,24.58,0.0
Folarin Balogun,USA,FW,0,0,0,1,2021-2022,Arsenal,20,1,70,0.8,0.29,0.0,0.29,27.5,1.25,2.5,8.75,16.25,7.5,27.5,2.5,0.0,0.0,2.5,125.0,10.0,27.5,10.0,0.0,0.0,0.0,5.0,0.0,17.5,5.0
Patrick Bamford,ENG,FW,0,0,0,1,2021-2022,Leeds United,27,7,559,6.2,0.48,0.17,0.65,27.9,1.61,2.42,13.39,12.26,5.32,27.9,1.13,0.65,9.21,0.48,6.92,14.84,78.39,31.61,1.29,0.65,0.48,2.9,0.48,17.9,3.87
Shandon Baptiste,GRN,MF,0,0,1,0,2021-2022,Brentford,23,9,910,10.1,0.07,0.05,0.12,41.39,1.49,8.22,21.39,12.48,1.49,41.39,2.77,1.88,6.72,0.89,3.18,24.95,121.29,59.7,1.39,1.29,0.4,2.08,1.19,26.63,2.87
Ross Barkley,ENG,"MF,FW",0,0,1,1,2021-2022,Chelsea,27,1,179,2.0,0.49,0.24,0.73,76.5,0.0,3.0,24.5,49.0,3.5,76.5,4.0,3.5,43.75,0.5,6.25,47.0,357.5,186.5,7.0,5.0,0.0,1.5,3.5,62.0,8.5
Ashley Barnes,ENG,FW,0,0,0,1,2021-2022,Burnley,31,8,808,9.0,0.24,0.1,0.33,33.56,0.67,2.44,18.11,13.33,2.78,33.44,0.89,0.56,6.94,0.33,4.17,15.44,58.89,23.89,0.56,0.56,0.11,4.11,2.44,24.89,5.22
Harvey Barnes,ENG,"FW,MF",0,0,1,1,2021-2022,Leicester City,23,24,2101,23.3,0.24,0.2,0.44,45.15,0.73,4.94,15.49,25.28,5.58,45.15,3.22,1.33,1.77,1.89,2.52,31.42,222.36,127.12,4.59,2.62,2.06,2.49,1.85,35.79,10.17
Lewis Bate,ENG,MF,0,0,1,0,2021-2022,Leeds United,18,1,146,1.6,0.01,0.0,0.01,53.75,1.88,16.88,31.88,5.62,0.0,53.75,3.12,0.62,12.5,2.5,50.0,29.38,166.88,35.62,0.0,1.25,0.0,5.62,1.25,33.12,0.62
Mads Bech Sørensen,DEN,DF,0,1,0,0,2021-2022,Brentford,22,9,835,9.3,0.01,0.04,0.05,61.94,6.99,31.29,23.44,7.63,0.65,61.94,0.11,0.0,0.0,0.11,10.75,31.83,175.38,109.03,0.97,0.43,0.0,0.22,0.0,34.95,0.43
Jan Bednarek,POL,DF,0,1,0,0,2021-2022,Southampton,25,30,2629,29.2,0.08,0.01,0.09,62.6,7.05,29.62,30.96,2.47,1.13,62.6,0.03,0.03,3.42,0.0,0.0,29.9,120.38,56.23,0.0,0.27,0.0,0.24,0.14,34.01,0.17
Donny van de Beek,NED,MF,0,0,1,0,2021-2022,Manchester Utd,24,0,75,0.8,0.57,0.47,1.04,70.0,2.5,27.5,23.75,21.25,3.75,70.0,6.25,1.25,25.0,5.0,100.0,31.25,145.0,33.75,0.0,1.25,0.0,3.75,3.75,38.75,5.0
Donny van de Beek,NED,MF,0,0,1,0,2021-2022,Everton,24,5,483,5.4,0.2,0.01,0.21,56.67,2.04,10.37,33.15,13.7,1.3,56.67,1.67,0.56,6.17,1.11,12.35,27.59,105.19,48.89,0.56,0.74,0.0,0.93,1.11,33.33,1.85
Asmir Begović,BIH,GK,1,0,0,0,2021-2022,Everton,34,3,270,3.0,0.0,0.0,0.0,32.33,30.0,32.33,0.0,0.0,0.0,32.33,0.0,0.0,,0.0,,11.33,80.0,46.0,0.0,0.0,0.0,0.0,0.0,8.67,0.0
Saïd Benrahma,ALG,"FW,MF",0,0,1,1,2021-2022,West Ham,25,26,2168,24.1,0.2,0.15,0.35,46.51,0.5,5.64,17.51,23.94,3.61,46.51,3.32,1.54,1.92,1.78,2.23,30.08,183.03,84.4,3.03,1.74,1.08,2.57,1.24,33.49,9.21
Rodrigo Bentancur,URU,MF,0,0,1,0,2021-2022,Tottenham,24,16,1361,15.1,0.05,0.17,0.23,78.41,3.91,16.89,49.47,12.78,0.99,78.41,1.32,0.93,4.64,0.4,1.99,50.33,239.93,117.95,1.32,1.39,0.13,0.79,0.86,59.47,0.73
Christian Benteke,BEL,FW,0,0,0,1,2021-2022,Crystal Palace,30,11,1145,12.7,0.38,0.1,0.49,35.43,2.99,4.8,15.43,15.51,5.67,35.43,1.02,0.71,5.45,0.31,2.43,15.98,74.57,30.79,1.18,0.63,0.71,3.07,1.34,27.17,6.22
Jóhann Berg Guðmundsson,ISL,MF,0,0,1,0,2021-2022,Burnley,30,13,1102,12.2,0.13,0.04,0.17,38.85,1.64,6.31,14.43,18.77,1.8,38.85,1.8,1.15,5.21,0.66,2.98,22.13,120.16,53.52,2.21,1.64,0.25,1.23,1.56,24.18,6.15
Steven Bergwijn,NED,"FW,MF",0,0,1,1,2021-2022,Tottenham,23,4,565,6.3,0.4,0.15,0.55,40.95,0.79,5.24,14.44,22.54,6.35,40.95,3.17,1.59,7.94,1.59,7.94,27.14,205.4,115.56,4.13,2.54,1.59,4.44,2.22,32.22,8.41
Ryan Bertrand,ENG,DF,0,1,0,0,2021-2022,Leicester City,31,4,337,3.7,0.0,0.0,0.0,61.89,4.32,17.57,30.54,14.32,1.08,61.89,0.0,0.0,,0.0,,27.3,111.35,51.89,0.54,0.54,0.27,1.62,1.08,33.51,2.16
Mads Bidstrup,DEN,MF,0,0,1,0,2021-2022,Brentford,20,0,41,0.5,0.0,0.0,0.0,40.0,4.0,16.0,20.0,4.0,0.0,40.0,0.0,0.0,,0.0,,12.0,42.0,20.0,0.0,0.0,0.0,4.0,2.0,18.0,0.0
Yves Bissouma,MLI,MF,0,0,1,0,2021-2022,Brighton,24,25,2111,23.5,0.04,0.03,0.07,64.04,3.83,15.87,38.38,10.6,0.55,64.04,2.17,1.45,2.84,0.72,1.42,35.7,215.45,94.09,1.7,1.66,0.3,1.36,1.06,41.62,0.68
Willy Boly,CIV,DF,0,1,0,0,2021-2022,Wolves,30,10,900,10.0,0.02,0.01,0.02,66.3,7.6,37.3,27.8,1.7,0.6,66.3,0.6,0.3,5.0,0.3,5.0,36.7,163.7,85.3,0.6,0.7,0.1,0.3,0.3,43.2,0.0
Jarrod Bowen,ENG,FW,0,0,0,1,2021-2022,West Ham,24,34,2983,33.1,0.36,0.18,0.54,37.01,0.82,5.17,13.9,18.88,4.2,37.01,2.66,1.51,1.72,1.15,1.31,21.45,150.09,58.25,2.24,1.3,1.3,1.96,1.57,23.23,6.16
Jarrad Branthwaite,ENG,DF,0,1,0,0,2021-2022,Everton,19,4,388,4.3,0.12,0.0,0.12,36.74,5.58,17.91,18.37,1.16,0.47,36.74,0.47,0.23,11.63,0.23,11.63,14.42,56.28,29.07,0.23,0.0,0.0,0.93,0.23,16.74,0.0
Armando Broja,ALB,FW,0,0,0,1,2021-2022,Southampton,19,21,1975,21.9,0.27,0.05,0.32,30.73,0.68,2.33,12.69,16.44,4.61,30.73,3.2,1.51,2.15,1.69,2.42,16.62,111.74,56.94,2.56,1.28,1.51,3.11,2.28,22.28,5.21
Josh Brownhill,ENG,MF,0,0,1,0,2021-2022,Burnley,25,32,2955,32.8,0.04,0.08,0.12,46.59,2.35,9.79,25.24,12.23,0.98,46.59,0.91,0.46,1.52,0.46,1.52,18.72,77.96,30.24,0.55,0.88,0.18,1.22,0.55,22.84,1.13
Lewis Brunt,ENG,MF,0,0,1,0,2021-2022,Leicester City,20,0,24,0.3,0.0,0.0,0.0,86.67,0.0,0.0,73.33,13.33,3.33,86.67,3.33,3.33,333.33,0.0,0.0,73.33,330.0,120.0,3.33,0.0,0.0,3.33,6.67,73.33,6.67
Emi Buendía,ARG,"MF,FW",0,0,1,1,2021-2022,Aston Villa,24,22,1899,21.1,0.16,0.27,0.43,54.31,1.28,6.35,25.97,22.56,3.27,54.31,3.03,1.9,2.96,1.14,1.78,31.9,160.09,76.87,1.9,1.94,0.33,1.99,1.94,38.2,3.98
Dan Burn,ENG,DF,0,1,0,0,2021-2022,Newcastle Utd,29,16,1440,16.0,0.04,0.03,0.07,48.88,8.06,26.06,20.38,2.62,1.38,48.88,0.0,0.0,,0.0,,21.25,110.06,46.12,0.38,0.19,0.06,0.25,0.19,24.0,0.12
Dan Burn,ENG,DF,0,1,0,0,2021-2022,Brighton,29,12,1022,11.4,0.14,0.04,0.18,69.91,8.07,33.16,33.16,3.95,1.05,69.91,0.26,0.0,0.0,0.26,8.77,39.91,170.7,90.35,0.79,0.7,0.09,0.61,0.09,44.39,0.26
Jack Butland,ENG,GK,1,0,0,0,2021-2022,Crystal Palace,28,8,765,8.5,0.0,0.0,0.0,34.82,30.47,34.71,0.12,0.0,0.0,34.82,0.0,0.0,,0.0,,19.06,88.82,39.65,0.0,0.0,0.0,0.0,0.0,16.24,0.0
Sam Byram,ENG,DF,0,1,0,0,2021-2022,Norwich City,27,11,1027,11.4,0.06,0.02,0.08,58.68,7.19,27.11,21.93,10.09,1.32,58.68,0.7,0.26,3.29,0.44,5.48,27.81,131.14,60.7,0.96,0.61,0.18,0.7,0.35,29.12,1.4
Willy Caballero,ARG,GK,1,0,0,0,2021-2022,Southampton,39,2,180,2.0,0.0,0.0,0.0,34.5,23.5,34.5,0.0,0.0,0.0,34.5,0.0,0.0,,0.0,,15.5,107.5,56.0,0.0,0.0,0.0,0.0,0.0,16.0,0.0
Moisés Caicedo,ECU,MF,0,0,1,0,2021-2022,Brighton,19,8,660,7.3,0.11,0.04,0.16,49.04,2.88,11.1,26.44,12.47,1.78,49.04,1.37,0.96,9.59,0.41,4.11,24.52,100.82,55.48,1.23,1.23,0.14,1.37,1.37,28.22,1.1
Dominic Calvert-Lewin,ENG,FW,0,0,0,1,2021-2022,Everton,24,15,1283,14.3,0.46,0.11,0.57,31.33,1.05,2.87,13.57,14.9,3.64,31.12,0.77,0.14,1.27,0.63,5.72,13.57,61.47,15.17,0.63,0.21,0.14,3.5,0.91,22.94,3.5
Chem Campbell,WAL,MF,0,0,1,0,2021-2022,Wolves,18,0,13,0.1,0.0,0.0,0.0,110.0,0.0,0.0,30.0,80.0,10.0,110.0,0.0,0.0,,0.0,,50.0,300.0,110.0,0.0,0.0,0.0,0.0,0.0,90.0,40.0
João Cancelo,POR,DF,0,1,0,0,2021-2022,Manchester City,27,36,3227,35.9,0.11,0.15,0.26,104.99,1.87,17.21,53.79,34.68,2.81,104.99,2.95,1.56,1.47,1.39,1.31,67.16,315.13,161.14,3.48,3.59,1.0,1.25,0.67,76.57,7.52
Sergi Canós,ESP,"DF,FW",0,1,0,1,2021-2022,Brentford,24,25,2083,23.1,0.13,0.07,0.2,46.32,2.77,13.12,19.22,14.68,2.16,46.32,2.16,1.0,1.99,1.17,2.34,25.15,144.2,79.35,2.25,1.9,0.52,2.03,1.08,26.02,4.33
Todd Cantwell,ENG,"FW,MF",0,0,1,1,2021-2022,Norwich City,23,5,441,4.9,0.03,0.03,0.06,41.84,0.82,9.8,20.82,11.43,1.02,41.84,2.04,1.02,10.2,1.02,10.2,26.12,123.27,40.82,0.41,1.02,0.2,3.06,1.63,29.18,3.47
Matty Cash,POL,DF,0,1,0,0,2021-2022,Aston Villa,23,38,3377,37.5,0.07,0.07,0.14,55.81,3.73,19.01,23.15,14.35,2.45,55.81,1.57,0.88,1.49,0.69,1.18,26.85,157.95,77.25,2.37,1.44,0.53,1.49,0.83,27.47,4.64
Timothy Castagne,BEL,DF,0,1,0,0,2021-2022,Leicester City,25,22,2127,23.6,0.03,0.06,0.09,67.8,4.15,23.35,32.08,12.5,0.89,67.8,0.81,0.25,1.34,0.55,2.9,33.09,137.25,70.21,1.36,0.93,0.0,1.14,0.47,40.13,4.87
Jonny Castro,ESP,DF,0,1,0,0,2021-2022,Wolves,27,10,1024,11.4,0.09,0.12,0.21,64.47,1.93,17.02,30.53,17.72,1.84,64.47,2.19,1.23,4.91,0.96,3.86,35.44,185.0,94.82,2.19,1.4,0.79,1.84,1.75,42.37,4.91
Craig Cathcart,NIR,DF,0,1,0,0,2021-2022,Watford,32,27,2396,26.6,0.01,0.05,0.05,45.45,7.67,24.89,18.68,2.07,0.41,45.45,0.04,0.0,0.0,0.04,3.76,20.83,77.93,34.47,0.23,0.23,0.0,0.23,0.08,23.91,0.0
Edinson Cavani,URU,FW,0,0,0,1,2021-2022,Manchester Utd,34,7,766,8.5,0.4,0.14,0.55,35.06,1.41,6.35,15.41,13.41,3.53,35.06,0.59,0.47,9.41,0.12,2.35,16.94,42.12,13.06,0.24,0.59,0.24,1.41,0.47,25.53,3.76
Kayky Chagas,BRA,FW,0,0,0,1,2021-2022,Manchester City,18,0,7,0.1,0.0,0.0,0.0,30.0,0.0,0.0,10.0,20.0,0.0,30.0,0.0,0.0,,0.0,,30.0,380.0,200.0,10.0,10.0,0.0,10.0,0.0,30.0,10.0
Trevoh Chalobah,ENG,DF,0,1,0,0,2021-2022,Chelsea,22,17,1449,16.1,0.07,0.02,0.09,89.57,4.22,29.69,51.74,8.57,0.62,89.57,0.75,0.62,5.17,0.12,1.04,50.68,197.27,105.78,1.49,2.11,0.0,0.62,0.43,66.46,0.87
Calum Chambers,ENG,DF,0,1,0,0,2021-2022,Arsenal,26,2,170,1.9,0.04,0.05,0.08,64.74,8.95,26.84,29.47,8.95,0.53,64.74,0.0,0.0,,0.0,,31.58,86.32,42.63,0.0,0.53,0.0,0.53,0.53,35.26,2.63
Calum Chambers,ENG,DF,0,1,0,0,2021-2022,Aston Villa,26,9,831,9.2,0.02,0.01,0.03,62.28,10.87,35.65,24.35,2.72,0.87,62.28,0.11,0.0,0.0,0.11,10.87,37.39,165.76,98.91,0.33,0.11,0.0,0.33,0.11,38.7,0.11
Daniel Chesters,ENG,MF,0,0,1,0,2021-2022,West Ham,19,0,1,0.0,0.0,0.0,0.0,,,,,,,,,,,,,,,,,,,,,,
Ben Chilwell,ENG,DF,0,1,0,0,2021-2022,Chelsea,24,6,542,6.0,0.15,0.13,0.28,70.0,1.5,14.17,23.83,32.5,4.0,70.0,1.0,0.5,8.33,0.5,8.33,34.5,154.17,80.83,2.33,1.17,0.67,2.17,0.5,43.0,7.67
Chiquinho,POR,"DF,FW",0,1,0,1,2021-2022,Wolves,21,1,208,2.3,0.26,0.3,0.56,63.91,0.87,10.0,22.61,32.61,6.96,63.91,7.39,4.35,25.57,3.04,17.91,40.0,282.61,102.61,4.35,1.74,2.61,3.91,2.61,43.91,15.22
Hamza Choudhury,BAN,"DF,MF",0,1,1,0,2021-2022,Leicester City,23,4,285,3.2,0.01,0.0,0.01,64.38,5.62,29.38,32.81,2.5,0.62,64.38,0.94,0.62,20.84,0.31,10.41,29.38,112.19,36.88,0.0,1.25,0.31,2.5,0.62,38.75,0.31
Andreas Christensen,DEN,DF,0,1,0,0,2021-2022,Chelsea,25,17,1496,16.6,0.04,0.01,0.05,88.98,8.86,38.86,46.51,4.1,0.3,88.98,0.24,0.24,6.02,0.0,0.0,49.58,231.02,133.43,0.84,0.9,0.0,0.18,0.06,63.73,0.3
Carney Chukwuemeka,ENG,"MF,FW",0,0,1,1,2021-2022,Aston Villa,17,2,301,3.3,0.19,0.28,0.47,50.61,0.91,6.67,26.97,17.58,3.33,50.61,3.03,1.82,18.18,1.21,12.12,33.64,215.15,97.88,2.73,1.82,1.52,2.73,1.82,37.27,4.24
Ciaran Clark,IRL,DF,0,1,0,0,2021-2022,Newcastle Utd,31,12,1014,11.3,0.1,0.03,0.12,41.06,6.46,22.83,15.49,2.92,1.95,41.06,0.44,0.35,7.08,0.09,1.77,20.44,71.42,31.95,0.18,0.27,0.0,0.27,0.18,22.92,0.53
Tom Cleverley,ENG,MF,0,0,1,0,2021-2022,Watford,31,20,1616,18.0,0.04,0.12,0.15,44.61,1.89,9.78,21.89,13.39,0.56,44.61,0.33,0.17,2.78,0.17,2.78,19.33,58.44,22.06,0.44,0.72,0.28,0.89,0.89,24.44,2.22
Nathaniel Clyne,ENG,DF,0,1,0,0,2021-2022,Crystal Palace,30,15,1351,15.0,0.01,0.03,0.04,55.13,2.6,20.67,25.6,9.33,0.07,55.13,0.4,0.27,4.45,0.13,2.22,25.13,117.93,56.0,0.93,0.6,0.0,0.67,0.27,29.53,1.67
Conor Coady,ENG,DF,0,1,0,0,2021-2022,Wolves,28,38,3361,37.3,0.07,0.0,0.08,52.84,11.23,34.85,17.4,0.83,0.51,52.84,0.03,0.03,2.68,0.0,0.0,30.67,141.77,70.4,0.16,0.08,0.03,0.16,0.03,36.81,0.08
Séamus Coleman,IRL,DF,0,1,0,0,2021-2022,Everton,32,30,2656,29.5,0.04,0.03,0.07,52.51,4.17,16.98,24.85,11.36,1.08,52.51,1.66,1.15,2.35,0.51,1.04,23.63,127.9,63.46,1.36,1.02,0.14,1.02,0.68,24.17,2.61
Nathan Collins,IRL,DF,0,1,0,0,2021-2022,Burnley,20,18,1670,18.6,0.08,0.08,0.16,47.42,8.01,23.28,20.22,4.35,2.04,47.42,0.43,0.27,3.36,0.16,2.02,20.54,107.69,50.75,0.38,0.32,0.11,0.54,0.22,20.16,0.43
Aaron Connolly,IRL,"FW,MF",0,0,1,1,2021-2022,Brighton,21,1,156,1.7,0.21,0.06,0.26,19.41,0.0,0.0,7.65,11.76,2.35,19.41,1.18,0.0,0.0,1.18,58.82,12.94,71.18,22.35,1.76,0.0,0.0,1.18,1.18,12.94,4.12
Liam Cooper,SCO,DF,0,1,0,0,2021-2022,Leeds United,29,21,1814,20.2,0.02,0.01,0.02,69.55,7.52,42.43,26.24,1.34,0.64,69.55,0.2,0.15,3.71,0.05,1.24,37.03,179.95,106.29,0.35,0.15,0.0,0.45,0.05,40.69,0.1
Jack Cork,ENG,MF,0,0,1,0,2021-2022,Burnley,32,20,1670,18.6,0.04,0.02,0.05,39.78,2.1,6.99,26.45,6.51,0.54,39.78,0.7,0.38,2.89,0.32,2.48,16.61,64.73,23.12,0.65,0.38,0.0,0.97,1.08,20.91,0.65
Maxwel Cornet,CIV,"FW,MF",0,0,1,1,2021-2022,Burnley,24,21,1766,19.6,0.34,0.09,0.43,33.88,0.87,4.85,10.82,18.57,4.13,33.83,1.94,0.66,1.74,1.28,3.36,18.11,90.36,40.31,1.43,0.66,0.56,3.11,1.68,21.63,6.38
Hélder Costa,ANG,MF,0,0,1,0,2021-2022,Leeds United,27,0,22,0.2,0.03,0.0,0.03,45.0,0.0,10.0,20.0,15.0,0.0,45.0,0.0,0.0,,0.0,,30.0,90.0,5.0,0.0,0.0,0.0,5.0,0.0,30.0,10.0
Vladimír Coufal,CZE,DF,0,1,0,0,2021-2022,West Ham,28,25,2209,24.5,0.03,0.08,0.12,68.61,4.49,18.53,28.57,22.0,1.22,68.61,0.94,0.61,2.66,0.33,1.42,31.76,173.14,81.31,2.08,1.55,0.2,1.22,0.61,36.24,4.86
Philippe Coutinho,BRA,"MF,FW",0,0,1,1,2021-2022,Aston Villa,29,16,1329,14.8,0.25,0.2,0.45,55.07,0.47,3.85,29.8,22.3,3.18,55.07,2.91,1.42,3.3,1.49,3.46,38.38,207.16,107.77,3.24,2.43,0.61,2.36,1.35,42.7,4.19
Aaron Cresswell,ENG,DF,0,1,0,0,2021-2022,West Ham,31,31,2726,30.3,0.04,0.1,0.14,76.3,4.16,22.24,35.58,19.01,0.73,76.3,0.56,0.26,1.55,0.3,1.75,43.07,189.47,90.0,1.78,1.49,0.07,0.46,0.13,49.41,3.27
Charlie Cresswell,ENG,DF,0,1,0,0,2021-2022,Leeds United,18,1,141,1.6,0.05,0.0,0.05,77.5,6.88,44.38,31.25,1.88,0.62,77.5,0.0,0.0,,0.0,,42.5,246.25,169.38,0.62,0.0,0.0,0.62,0.0,48.12,0.0
Cucho,COL,"FW,MF",0,0,1,1,2021-2022,Watford,22,11,1147,12.7,0.19,0.15,0.34,42.91,1.5,6.14,15.43,21.81,3.07,42.91,3.07,1.42,3.64,1.65,4.24,24.25,129.69,62.76,1.73,1.5,0.39,1.81,1.1,27.72,6.69
Marc Cucurella,ESP,DF,0,1,0,0,2021-2022,Brighton,23,35,3089,34.3,0.02,0.08,0.1,79.21,3.35,19.91,35.13,24.72,1.55,79.21,1.6,0.82,1.48,0.79,1.43,41.72,193.64,119.1,3.03,1.87,0.23,1.17,0.44,47.76,6.06
Luke Cundle,ENG,MF,0,0,1,0,2021-2022,Wolves,19,2,180,2.0,0.0,0.12,0.12,58.0,1.5,15.0,34.0,9.0,0.5,58.0,0.5,0.0,0.0,0.5,50.0,24.0,94.0,51.5,1.5,0.5,0.0,1.0,0.5,43.0,1.5
Patson Daka,ZAM,FW,0,0,0,1,2021-2022,Leicester City,22,13,1159,12.9,0.32,0.15,0.48,28.68,0.78,2.4,13.18,13.26,3.88,28.68,1.24,0.23,1.46,1.01,6.3,15.12,59.38,23.18,0.78,0.31,0.23,3.26,1.4,18.91,5.12
Stuart Dallas,NIR,"DF,MF",0,1,1,0,2021-2022,Leeds United,30,34,2919,32.4,0.06,0.07,0.13,63.46,3.18,20.52,28.49,15.56,0.86,63.46,1.33,0.9,2.08,0.43,1.01,30.4,173.73,97.1,2.53,1.64,0.25,1.2,0.77,34.35,2.44
Diogo Dalot,POR,DF,0,1,0,0,2021-2022,Manchester Utd,22,19,1801,20.0,0.03,0.06,0.09,71.1,4.3,22.5,32.45,16.85,1.35,71.1,1.25,0.85,3.4,0.4,1.6,36.7,191.25,109.65,2.65,1.45,0.65,1.25,0.4,41.3,3.75
Karl Darlow,WAL,GK,1,0,0,0,2021-2022,Newcastle Utd,30,8,720,8.0,0.0,0.0,0.0,33.25,26.75,32.75,0.5,0.0,0.0,33.25,0.0,0.0,,0.0,,17.12,99.12,54.62,0.0,0.0,0.0,0.0,0.0,11.5,0.0
Josh Dasilva,ENG,"MF,FW",0,0,1,1,2021-2022,Brentford,22,2,257,2.9,0.03,0.05,0.08,42.41,3.45,9.66,18.62,14.48,2.07,42.41,3.79,2.41,21.93,1.38,12.55,25.52,193.79,114.83,3.45,2.07,1.03,1.72,1.72,22.76,3.45
Ben Davies,WAL,DF,0,1,0,0,2021-2022,Tottenham,28,28,2538,28.2,0.08,0.02,0.1,66.95,4.96,25.78,32.13,9.43,1.1,66.95,0.39,0.25,2.26,0.14,1.29,42.94,250.18,152.3,2.2,2.16,0.0,0.78,0.35,47.66,2.13
Tom Davies,ENG,MF,0,0,1,0,2021-2022,Everton,23,2,234,2.6,0.32,0.0,0.32,47.69,3.85,11.92,23.85,12.31,3.46,47.69,1.15,0.77,25.65,0.38,12.81,22.69,79.23,30.38,0.38,0.0,0.38,2.31,0.38,26.15,1.15
Keinan Davis,ENG,FW,0,0,0,1,2021-2022,Aston Villa,23,0,12,0.1,0.0,0.0,0.0,50.0,0.0,0.0,30.0,20.0,0.0,50.0,0.0,0.0,,0.0,,70.0,130.0,60.0,0.0,0.0,0.0,20.0,10.0,70.0,10.0
Craig Dawson,ENG,DF,0,1,0,0,2021-2022,West Ham,31,30,2754,30.6,0.1,0.03,0.13,52.48,8.92,27.58,22.58,2.39,1.47,52.48,0.13,0.13,3.27,0.0,0.0,29.15,127.42,68.14,0.13,0.13,0.0,0.33,0.16,31.7,0.1
Kevin De Bruyne,BEL,MF,0,0,1,0,2021-2022,Manchester City,30,25,2201,24.5,0.23,0.42,0.66,74.33,1.02,5.18,27.96,41.92,4.37,74.33,2.24,1.27,2.3,0.98,1.78,45.96,220.29,131.14,3.43,3.47,0.82,1.63,0.82,55.1,7.14
Troy Deeney,ENG,FW,0,0,0,1,2021-2022,Watford,33,0,25,0.3,0.28,0.25,0.54,40.0,6.67,6.67,3.33,30.0,16.67,40.0,0.0,0.0,,0.0,,6.67,16.67,10.0,0.0,0.0,0.0,3.33,0.0,33.33,16.67
Liam Delap,ENG,FW,0,0,0,1,2021-2022,Manchester City,18,0,10,0.1,0.0,0.0,0.0,10.0,0.0,0.0,10.0,0.0,0.0,10.0,0.0,0.0,,0.0,,10.0,10.0,0.0,0.0,0.0,0.0,0.0,0.0,10.0,0.0
Fabian Delph,ENG,MF,0,0,1,0,2021-2022,Everton,31,8,662,7.4,0.0,0.01,0.01,51.62,2.7,13.92,31.22,6.76,0.0,51.62,0.95,0.68,9.65,0.27,3.86,29.05,117.3,45.54,0.27,0.27,0.0,1.08,0.0,30.54,0.41
Leander Dendoncker,BEL,MF,0,0,1,0,2021-2022,Wolves,26,21,1950,21.7,0.1,0.05,0.15,47.19,2.72,13.0,24.98,9.35,1.52,47.19,0.46,0.23,2.3,0.23,2.3,21.24,85.85,33.27,0.41,0.65,0.0,1.15,0.41,30.0,2.07
Emmanuel Dennis,NGA,"FW,MF",0,0,1,1,2021-2022,Watford,23,30,2581,28.7,0.26,0.14,0.4,37.56,0.77,4.67,14.43,19.37,4.56,37.56,5.44,2.37,1.52,3.07,1.97,22.44,158.64,81.74,3.14,1.85,1.67,3.73,2.2,24.6,5.99
Kiernan Dewsbury-Hall,ENG,MF,0,0,1,0,2021-2022,Leicester City,22,23,2105,23.4,0.05,0.12,0.17,64.79,2.01,12.22,32.31,21.28,1.75,64.79,2.09,1.28,2.62,0.81,1.66,38.89,251.15,131.75,3.5,2.82,0.3,2.39,1.97,45.98,4.19
Ibrahima Diallo,FRA,MF,0,0,1,0,2021-2022,Southampton,22,10,1023,11.4,0.04,0.09,0.13,47.89,2.02,8.16,27.89,12.54,0.88,47.89,1.84,1.4,6.68,0.44,2.09,28.16,150.61,75.0,1.49,2.11,0.09,1.58,1.14,31.58,1.75
Rúben Dias,POR,DF,0,1,0,0,2021-2022,Manchester City,24,27,2402,26.7,0.1,0.12,0.22,92.55,5.66,29.1,60.15,3.45,1.24,92.55,0.15,0.07,1.87,0.07,1.87,64.23,354.61,241.5,1.24,0.64,0.0,0.34,0.11,74.04,0.15
Luis Díaz,COL,FW,0,0,0,1,2021-2022,Liverpool,24,11,958,10.6,0.33,0.25,0.58,56.13,0.38,3.02,20.66,32.92,7.26,56.13,4.62,2.92,5.97,1.7,3.46,37.64,255.85,121.98,5.0,2.08,2.92,2.55,2.45,44.91,11.98
Eric Dier,ENG,DF,0,1,0,0,2021-2022,Tottenham,27,35,3071,34.1,0.04,0.03,0.07,76.54,12.35,42.58,32.58,1.67,0.67,76.54,0.06,0.03,1.47,0.03,1.47,50.94,275.19,146.95,0.38,0.38,0.09,0.15,0.06,57.8,0.18
Lucas Digne,FRA,DF,0,1,0,0,2021-2022,Aston Villa,28,16,1269,14.1,0.04,0.16,0.19,69.36,4.47,20.21,23.55,26.17,1.49,69.36,0.92,0.21,1.64,0.71,5.45,35.11,159.72,81.42,2.41,1.99,0.21,0.92,0.92,38.58,8.58
Lucas Digne,FRA,DF,0,1,0,0,2021-2022,Everton,28,13,1170,13.0,0.03,0.11,0.14,63.77,3.38,21.31,23.46,19.85,1.15,63.77,1.31,0.62,3.62,0.69,4.07,27.38,154.31,72.0,1.92,1.23,0.08,0.69,0.46,29.92,3.62
Issa Diop,FRA,DF,0,1,0,0,2021-2022,West Ham,24,10,963,10.7,0.01,0.04,0.05,53.46,7.57,29.16,23.74,1.03,0.65,53.46,0.0,0.0,,0.0,,29.07,152.34,80.28,0.37,0.0,0.0,0.19,0.09,32.99,0.09
Moussa Djenepo,MLI,MF,0,0,1,0,2021-2022,Southampton,23,5,457,5.1,0.29,0.06,0.35,48.24,1.37,6.27,18.24,24.12,5.1,48.24,5.69,2.35,8.12,3.33,11.49,30.39,239.41,102.35,3.92,1.57,2.55,4.51,1.76,29.41,5.88
Lewis Dobbin,ENG,"FW,MF",0,0,1,1,2021-2022,Everton,18,0,32,0.4,0.0,0.0,0.0,32.5,0.0,2.5,17.5,12.5,5.0,32.5,2.5,0.0,0.0,2.5,250.0,25.0,187.5,102.5,2.5,0.0,5.0,2.5,2.5,20.0,5.0
Matt Doherty,IRL,DF,0,1,0,0,2021-2022,Tottenham,29,9,875,9.7,0.25,0.2,0.46,66.39,3.61,18.87,26.8,21.03,3.3,66.39,1.03,0.62,6.19,0.41,4.12,39.38,215.46,104.85,2.99,1.65,0.93,1.75,0.62,43.3,8.25
Abdoulaye Doucouré,MLI,MF,0,0,1,0,2021-2022,Everton,28,29,2537,28.2,0.08,0.07,0.15,49.29,2.23,11.67,26.42,12.02,1.56,49.29,1.45,0.74,1.82,0.71,1.73,24.61,124.11,62.77,1.17,0.99,0.21,1.52,0.78,27.09,1.91
Kieran Dowell,ENG,"FW,MF",0,0,1,1,2021-2022,Norwich City,23,11,912,10.1,0.1,0.15,0.26,41.09,0.59,5.94,16.93,18.71,1.29,41.09,1.39,0.69,4.95,0.69,4.95,21.58,107.52,43.27,1.39,0.79,0.3,1.29,1.49,28.12,4.85
Cody Drameh,ENG,"DF,MF",0,1,1,0,2021-2022,Leeds United,19,1,128,1.4,0.0,0.02,0.02,72.14,2.86,28.57,30.0,13.57,1.43,72.14,2.86,1.43,35.71,1.43,35.71,26.43,154.29,55.71,2.14,1.43,0.0,3.57,0.0,32.14,2.14
Martin Dúbravka,SVK,GK,1,0,0,0,2021-2022,Newcastle Utd,32,26,2340,26.0,0.0,0.0,0.0,34.42,26.46,34.12,0.35,0.0,0.0,34.42,0.0,0.0,,0.0,,17.77,103.04,51.46,0.0,0.0,0.0,0.0,0.0,12.46,0.0
Shane Duffy,IRL,DF,0,1,0,0,2021-2022,Brighton,29,15,1436,16.0,0.06,0.01,0.07,76.12,11.81,42.38,30.75,3.25,1.94,76.12,0.06,0.06,6.25,0.0,0.0,39.19,148.69,82.0,0.19,0.44,0.0,0.44,0.0,53.19,0.19
Paul Dummett,WAL,DF,0,1,0,0,2021-2022,Newcastle Utd,29,2,198,2.2,0.0,0.0,0.0,43.64,4.09,15.0,23.18,5.45,0.0,43.64,0.0,0.0,,0.0,,15.0,58.18,16.36,0.0,0.45,0.0,0.45,0.0,16.82,0.91
Lewis Dunk,ENG,DF,0,1,0,0,2021-2022,Brighton,29,29,2573,28.6,0.05,0.01,0.06,76.82,9.83,41.26,33.18,2.66,1.29,76.82,0.14,0.14,3.5,0.0,0.0,45.66,207.48,100.1,0.49,0.24,0.07,0.38,0.1,55.07,0.1
Ederson,BRA,GK,1,0,0,0,2021-2022,Manchester City,27,37,3330,37.0,0.0,0.0,0.0,31.59,24.49,31.32,0.27,0.0,0.0,31.59,0.0,0.0,,0.0,,21.49,92.57,59.84,0.0,0.0,0.0,0.0,0.0,19.3,0.0
Odsonne Édouard,FRA,FW,0,0,0,1,2021-2022,Crystal Palace,23,18,1564,17.4,0.37,0.11,0.48,39.02,1.15,4.08,17.41,18.16,4.71,38.97,3.85,1.72,2.57,2.13,3.17,21.9,123.16,64.48,2.41,1.38,0.92,3.56,1.55,27.53,6.26
CJ Egan-Riley,ENG,DF,0,1,0,0,2021-2022,Manchester City,18,0,4,0.0,0.0,0.0,0.0,inf,inf,inf,,,,inf,,,,,,,,,,,,,,,
Anthony Elanga,SWE,FW,0,0,0,1,2021-2022,Manchester Utd,19,14,1214,13.5,0.19,0.18,0.37,45.85,0.81,8.22,15.85,21.93,4.15,45.85,2.3,0.81,2.63,1.48,4.78,26.22,152.81,73.56,2.37,1.78,0.74,2.74,1.11,33.11,8.44
Harvey Elliott,ENG,MF,0,0,1,0,2021-2022,Liverpool,18,4,346,3.8,0.21,0.16,0.37,79.47,0.26,6.05,34.21,39.74,5.0,79.47,2.37,0.53,5.84,1.84,20.47,45.79,232.11,127.89,2.63,3.95,0.53,2.11,0.0,59.47,10.0
Mohamed Elneny,EGY,MF,0,0,1,0,2021-2022,Arsenal,29,8,806,9.0,0.02,0.05,0.07,70.0,3.67,16.11,43.44,10.78,0.33,70.0,0.11,0.0,0.0,0.11,11.11,40.56,167.56,79.22,0.56,0.44,0.11,0.44,0.33,51.89,0.22
Mohamed Elyounoussi,NOR,"MF,FW",0,0,1,1,2021-2022,Southampton,26,23,2042,22.7,0.24,0.1,0.34,41.1,1.63,5.86,16.3,19.52,3.7,41.1,1.98,1.23,2.74,0.75,1.67,21.37,142.73,66.65,2.6,2.29,0.57,2.78,1.67,26.17,5.46
Emerson,BRA,"DF,MF",0,1,1,0,2021-2022,Tottenham,22,26,2286,25.4,0.06,0.09,0.14,69.49,3.86,22.8,26.22,20.87,2.2,69.49,1.34,0.67,1.97,0.67,1.97,35.87,171.02,89.65,2.68,1.1,0.31,1.06,0.71,40.12,6.89
Christian Eriksen,DEN,MF,0,0,1,0,2021-2022,Brentford,29,10,939,10.4,0.12,0.34,0.46,71.15,1.73,13.17,35.96,22.88,1.15,71.15,1.54,0.77,4.81,0.77,4.81,39.33,181.63,100.38,2.02,1.54,0.29,1.73,0.87,45.67,2.12
Oghenekaro Etebo,NGA,MF,0,0,1,0,2021-2022,Watford,25,4,401,4.5,0.01,0.02,0.03,45.33,3.33,14.44,28.89,2.67,0.0,45.33,2.22,1.33,13.33,0.89,8.89,23.56,121.78,55.11,0.67,0.22,0.0,0.67,0.44,27.33,0.22
Jonny Evans,NIR,DF,0,1,0,0,2021-2022,Leicester City,33,16,1348,15.0,0.04,0.05,0.09,76.47,10.27,42.13,32.27,2.53,0.8,76.47,0.2,0.13,4.45,0.07,2.22,43.8,186.87,102.47,0.07,0.2,0.0,0.27,0.0,49.8,0.27
Eberechi Eze,ENG,"MF,FW",0,0,1,1,2021-2022,Crystal Palace,23,6,605,6.7,0.07,0.13,0.2,56.12,0.6,7.16,28.36,21.34,1.64,56.12,3.43,2.09,9.09,1.34,5.84,33.13,206.12,98.81,2.99,2.39,0.45,2.99,1.49,39.1,5.67
Łukasz Fabiański,POL,GK,1,0,0,0,2021-2022,West Ham,36,37,3330,37.0,0.0,0.0,0.0,29.3,26.43,29.22,0.08,0.0,0.0,29.3,0.0,0.0,,0.0,,16.03,100.59,61.97,0.0,0.0,0.0,0.0,0.03,11.19,0.0
Fabinho,BRA,MF,0,0,1,0,2021-2022,Liverpool,27,26,2314,25.7,0.15,0.05,0.2,69.57,1.63,13.35,45.72,10.93,0.82,69.49,0.58,0.43,2.85,0.16,1.04,36.65,153.81,72.92,0.7,1.05,0.04,0.93,0.51,47.9,1.44
Kiko Femenía,ESP,DF,0,1,0,0,2021-2022,Watford,30,26,2142,23.8,0.0,0.15,0.16,60.13,4.24,19.12,23.91,17.56,0.46,60.13,0.59,0.29,2.1,0.29,2.1,25.67,130.21,68.32,1.68,1.43,0.25,1.72,0.29,28.03,2.02
Evan Ferguson,IRL,MF,0,0,1,0,2021-2022,Brighton,16,0,23,0.3,0.0,0.0,0.0,23.33,0.0,0.0,6.67,16.67,3.33,23.33,0.0,0.0,,0.0,,3.33,0.0,0.0,0.0,0.0,0.0,3.33,0.0,23.33,3.33
Nathan Ferguson,ENG,DF,0,1,0,0,2021-2022,Crystal Palace,20,0,9,0.1,0.0,0.0,0.0,50.0,0.0,40.0,10.0,0.0,0.0,50.0,0.0,0.0,,0.0,,10.0,50.0,0.0,0.0,0.0,0.0,0.0,0.0,10.0,0.0
Bruno Fernandes,POR,MF,0,0,1,0,2021-2022,Manchester Utd,26,35,3111,34.6,0.28,0.26,0.54,70.66,1.85,10.38,32.8,27.89,2.89,70.61,1.5,0.75,1.45,0.75,1.45,41.91,192.4,101.56,2.25,1.88,0.69,1.33,1.16,51.99,5.49
Álvaro Fernández,ESP,GK,1,0,0,0,2021-2022,Brentford,23,12,1080,12.0,0.0,0.0,0.0,45.5,35.17,45.0,0.5,0.0,0.0,45.5,0.0,0.0,,0.0,,28.33,139.33,74.17,0.0,0.0,0.0,0.08,0.0,23.33,0.0
Federico Fernández,ARG,DF,0,1,0,0,2021-2022,Newcastle Utd,32,5,523,5.8,0.07,0.06,0.13,45.69,9.14,27.07,17.24,1.9,1.38,45.69,0.0,0.0,,0.0,,26.21,106.72,53.62,0.0,0.0,0.0,0.17,0.0,29.14,0.17
Fernandinho,BRA,"MF,DF",0,1,1,0,2021-2022,Manchester City,36,10,964,10.7,0.15,0.09,0.24,86.64,3.27,16.07,58.13,12.8,1.59,86.64,1.03,0.84,7.64,0.19,1.7,59.53,273.93,138.6,1.5,1.68,0.0,0.56,0.65,69.35,1.03
Roberto Firmino,BRA,FW,0,0,0,1,2021-2022,Liverpool,29,10,990,11.0,0.43,0.16,0.59,60.36,0.36,4.45,27.45,29.27,6.18,60.36,3.0,1.55,4.68,1.45,4.41,33.64,171.09,80.27,2.45,2.18,0.55,3.0,2.27,45.45,9.09
Junior Firpo,DOM,"DF,MF",0,1,1,0,2021-2022,Leeds United,24,19,1711,19.0,0.05,0.1,0.15,60.63,3.16,18.21,29.58,13.53,2.0,60.63,1.47,0.84,3.01,0.63,2.26,30.79,150.42,90.42,1.89,1.53,0.11,0.89,0.37,35.26,3.79
Ashley Fletcher,ENG,FW,0,0,0,1,2021-2022,Watford,25,0,30,0.3,1.8,0.0,1.8,46.67,3.33,6.67,16.67,23.33,6.67,46.67,0.0,0.0,,0.0,,33.33,176.67,103.33,3.33,3.33,3.33,3.33,3.33,33.33,3.33
Phil Foden,ENG,FW,0,0,0,1,2021-2022,Manchester City,21,24,2128,23.6,0.4,0.27,0.66,55.21,0.25,2.8,18.05,34.75,5.81,55.21,2.46,1.57,2.7,0.89,1.53,36.95,187.97,82.25,3.01,1.82,1.65,2.03,1.44,43.35,10.51
Wesley Fofana,FRA,DF,0,1,0,0,2021-2022,Leicester City,20,7,630,7.0,0.06,0.0,0.06,84.86,7.86,43.57,39.29,2.71,0.71,84.86,0.43,0.43,14.29,0.0,0.0,62.0,422.57,244.29,1.43,1.29,0.14,0.71,0.29,62.71,0.14
Pablo Fornals,ESP,"FW,MF",0,0,1,1,2021-2022,West Ham,25,32,2795,31.1,0.15,0.2,0.35,55.66,1.06,8.42,26.33,21.38,2.09,55.66,1.74,0.74,1.37,1.0,1.85,31.54,158.1,71.35,1.58,1.19,0.35,1.51,0.9,38.07,6.43
Adam Forshaw,ENG,MF,0,0,1,0,2021-2022,Leeds United,29,17,1530,17.0,0.03,0.06,0.09,58.53,1.47,15.59,34.0,9.82,0.53,58.53,1.12,0.71,3.72,0.41,2.16,31.71,147.47,66.88,1.12,0.71,0.12,1.41,0.65,37.0,1.53
Marcus Forss,FIN,"FW,MF",0,0,1,1,2021-2022,Brentford,22,1,209,2.3,0.14,0.1,0.24,30.0,0.0,0.87,16.96,12.17,2.61,30.0,1.74,0.43,10.87,1.3,32.61,12.61,54.78,19.13,0.87,0.0,0.0,3.91,0.43,16.09,5.22
Fraser Forster,ENG,GK,1,0,0,0,2021-2022,Southampton,33,19,1710,19.0,0.0,0.0,0.0,35.42,27.0,35.21,0.21,0.0,0.0,35.42,0.0,0.0,,0.0,,17.68,113.68,63.0,0.0,0.0,0.0,0.0,0.0,13.68,0.0
Ben Foster,ENG,GK,1,0,0,0,2021-2022,Watford,38,26,2340,26.0,0.0,0.0,0.0,36.15,27.65,35.58,0.62,0.0,0.0,36.15,0.04,0.04,3.85,0.0,0.0,17.31,107.69,55.69,0.0,0.0,0.0,0.0,0.0,13.0,0.0
Tariqe Fosu,GHA,DF,0,1,0,0,2021-2022,Brentford,25,0,17,0.2,0.22,0.0,0.22,50.0,0.0,0.0,15.0,35.0,15.0,50.0,0.0,0.0,,0.0,,35.0,310.0,265.0,15.0,5.0,5.0,0.0,0.0,40.0,20.0
Ryan Fraser,SCO,"FW,MF",0,0,1,1,2021-2022,Newcastle Utd,27,18,1465,16.3,0.16,0.13,0.29,36.2,1.35,6.26,11.78,18.47,2.58,36.2,0.25,0.06,1.53,0.18,4.6,22.7,111.84,59.51,2.15,1.41,0.67,1.35,0.67,25.15,5.28
Fred,BRA,MF,0,0,1,0,2021-2022,Manchester Utd,28,24,2028,22.5,0.06,0.1,0.16,72.13,2.89,17.42,42.89,12.22,0.76,72.13,1.6,0.93,2.59,0.67,1.85,37.33,144.53,69.51,0.76,0.71,0.04,1.82,1.11,48.58,1.82
Ryan Fredericks,ENG,DF,0,1,0,0,2021-2022,West Ham,28,3,307,3.4,0.0,0.04,0.04,50.59,4.12,14.71,22.94,12.94,0.59,50.59,0.29,0.0,0.0,0.29,29.41,25.59,100.88,55.29,1.18,0.88,0.0,0.59,0.29,29.12,4.12
Leo Fuhr Hjelde,NOR,"MF,DF",0,1,1,0,2021-2022,Leeds United,17,0,150,1.7,0.0,0.01,0.01,76.47,5.29,32.35,35.29,9.41,0.59,76.47,0.0,0.0,,0.0,,34.71,104.71,52.35,0.59,0.59,0.0,1.18,0.0,37.06,2.35
Conor Gallagher,ENG,MF,0,0,1,0,2021-2022,Crystal Palace,21,33,2845,31.6,0.2,0.1,0.3,49.94,1.42,9.02,23.32,18.32,2.53,49.94,2.37,1.33,1.77,1.04,1.39,26.23,124.11,47.91,1.33,0.73,0.38,1.96,1.58,29.53,3.73
Alejandro Garnacho,ARG,"FW,MF",0,0,1,1,2021-2022,Manchester Utd,17,0,13,0.1,0.0,0.0,0.0,30.0,0.0,0.0,20.0,10.0,0.0,30.0,0.0,0.0,,0.0,,30.0,200.0,100.0,0.0,0.0,0.0,0.0,0.0,30.0,0.0
Dwight Gayle,ENG,"FW,DF",0,1,0,1,2021-2022,Newcastle Utd,30,0,38,0.4,1.31,0.71,2.02,55.0,0.0,0.0,25.0,30.0,7.5,55.0,0.0,0.0,,0.0,,20.0,85.0,65.0,0.0,2.5,0.0,2.5,0.0,42.5,10.0
Jean-Philippe Gbamin,CIV,MF,0,0,1,0,2021-2022,Everton,25,1,67,0.7,0.0,0.0,0.0,44.29,1.43,10.0,32.86,1.43,0.0,44.29,4.29,2.86,95.29,1.43,47.57,21.43,151.43,72.86,1.43,0.0,0.0,2.86,2.86,30.0,0.0
David de Gea,ESP,GK,1,0,0,0,2021-2022,Manchester Utd,30,38,3420,38.0,0.0,0.0,0.0,26.84,24.42,26.82,0.03,0.0,0.0,26.84,0.0,0.0,,0.0,,12.26,64.47,38.63,0.0,0.0,0.0,0.0,0.0,9.76,0.0
Joe Gelhardt,ENG,"FW,MF",0,0,1,1,2021-2022,Leeds United,19,5,746,8.3,0.36,0.2,0.56,33.01,0.6,2.05,14.82,16.51,5.3,33.01,3.49,2.05,7.06,1.45,4.99,19.04,104.7,55.78,2.05,1.45,1.33,3.61,2.29,23.98,6.63
Anwar El Ghazi,NED,"FW,MF",0,0,1,1,2021-2022,Aston Villa,26,4,386,4.3,0.25,0.1,0.35,42.09,0.93,4.19,13.49,25.58,3.26,41.86,2.33,0.93,9.3,1.4,13.95,26.51,175.35,73.02,3.02,1.63,1.16,5.12,1.63,31.16,8.84
Anwar El Ghazi,NED,"FW,MF",0,0,1,1,2021-2022,Everton,26,0,13,0.1,0.0,0.0,0.0,140.0,0.0,10.0,50.0,80.0,20.0,140.0,10.0,0.0,0.0,10.0,1000.0,60.0,960.0,140.0,20.0,0.0,20.0,10.0,0.0,80.0,20.0
Saman Ghoddos,IRN,"MF,DF",0,1,1,0,2021-2022,Brentford,27,4,536,6.0,0.08,0.2,0.28,49.33,2.83,10.0,20.83,19.67,3.17,49.33,1.17,0.83,11.9,0.33,4.77,24.5,98.5,56.17,1.17,0.5,0.17,2.33,0.67,26.5,6.67
Dimitris Giannoulis,GRE,DF,0,1,0,0,2021-2022,Norwich City,25,14,1169,13.0,0.01,0.05,0.06,68.77,5.23,26.08,30.38,13.31,0.77,68.77,3.54,2.23,4.85,1.31,2.85,36.85,214.46,132.77,2.54,1.23,0.31,1.85,0.85,37.23,4.46
Morgan Gibbs-White,ENG,"DF,FW",0,1,0,1,2021-2022,Wolves,21,0,9,0.1,1.4,0.0,1.4,140.0,0.0,40.0,30.0,70.0,30.0,140.0,0.0,0.0,,0.0,,40.0,60.0,40.0,0.0,0.0,0.0,0.0,0.0,70.0,20.0
Ben Gibson,ENG,DF,0,1,0,0,2021-2022,Norwich City,28,28,2494,27.7,0.05,0.01,0.05,59.21,12.13,36.43,21.34,1.66,0.79,59.21,0.25,0.18,2.58,0.07,1.03,34.87,158.12,96.97,0.4,0.29,0.0,0.22,0.07,38.66,0.0
Bryan Gil,ESP,"FW,MF",0,0,1,1,2021-2022,Tottenham,20,0,94,1.0,0.06,0.11,0.17,79.0,2.0,10.0,13.0,56.0,3.0,79.0,6.0,4.0,66.7,2.0,33.3,53.0,350.0,220.0,6.0,4.0,0.0,6.0,2.0,60.0,17.0
Billy Gilmour,SCO,MF,0,0,1,0,2021-2022,Norwich City,20,21,1855,20.6,0.04,0.07,0.11,69.08,2.14,17.43,37.77,14.61,0.24,69.08,1.07,0.73,3.31,0.34,1.54,40.83,214.03,91.65,1.46,1.12,0.0,1.41,0.53,46.5,0.83
Ben Godfrey,ENG,DF,0,1,0,0,2021-2022,Everton,23,23,2029,22.5,0.06,0.03,0.1,48.0,6.27,22.18,19.69,6.58,1.02,48.0,0.53,0.4,3.33,0.13,1.11,20.27,109.6,56.89,1.02,1.07,0.0,1.07,0.18,23.16,1.16
André Gomes,POR,MF,0,0,1,0,2021-2022,Everton,28,7,619,6.9,0.1,0.03,0.12,54.49,2.03,9.28,30.58,15.51,0.87,54.49,2.61,1.74,9.67,0.87,4.83,28.41,124.35,64.49,0.87,1.16,0.14,3.04,2.32,32.46,1.88
Toti Gomes,POR,DF,0,1,0,0,2021-2022,Wolves,22,4,360,4.0,0.01,0.0,0.01,63.75,7.5,28.5,31.5,4.5,1.0,63.75,1.5,1.25,20.82,0.25,4.18,37.0,195.75,118.5,0.5,0.75,0.25,0.75,0.5,38.25,0.5
Joe Gomez,ENG,DF,0,1,0,0,2021-2022,Liverpool,24,4,331,3.7,0.01,0.21,0.22,89.73,1.08,17.3,45.41,27.84,1.62,89.73,2.16,1.08,13.51,1.08,13.51,44.05,204.59,91.35,2.97,2.7,0.54,1.35,0.54,55.68,7.84
Charlie Goode,ENG,DF,0,1,0,0,2021-2022,Brentford,25,4,450,5.0,0.01,0.19,0.2,67.8,4.0,22.8,32.0,13.2,2.0,67.8,1.4,1.0,14.28,0.4,5.72,29.0,151.0,83.8,1.0,0.6,0.0,0.6,0.2,32.8,1.8
Anthony Gordon,ENG,"MF,FW",0,0,1,1,2021-2022,Everton,20,25,2285,25.4,0.14,0.15,0.29,43.94,0.83,6.42,15.2,23.31,3.07,43.94,3.15,1.5,1.87,1.65,2.07,23.7,193.11,90.2,2.91,2.09,1.22,2.91,1.46,26.54,5.39
Kaide Gordon,ENG,FW,0,0,0,1,2021-2022,Liverpool,16,0,9,0.1,4.5,0.0,4.5,70.0,0.0,0.0,40.0,30.0,0.0,70.0,10.0,0.0,0.0,10.0,1000.0,30.0,340.0,140.0,10.0,0.0,0.0,0.0,10.0,60.0,30.0
Dan Gosling,ENG,MF,0,0,1,0,2021-2022,Watford,31,2,166,1.8,0.12,0.02,0.14,46.11,5.0,16.11,21.11,10.0,2.22,46.11,1.11,1.11,55.56,0.0,0.0,25.0,145.56,56.67,1.11,0.56,0.56,1.11,0.56,27.78,2.78
Demarai Gray,JAM,"MF,FW",0,0,1,1,2021-2022,Everton,25,28,2338,26.0,0.15,0.14,0.29,42.04,0.69,4.5,14.5,24.0,3.35,42.04,4.08,2.12,2.0,1.92,1.82,25.19,199.42,92.5,3.58,2.27,1.46,2.69,1.38,27.58,6.5
Jack Grealish,ENG,FW,0,0,0,1,2021-2022,Manchester City,25,22,1914,21.3,0.25,0.28,0.53,55.07,0.7,3.19,16.85,35.73,7.61,55.07,3.19,1.88,2.76,1.31,1.93,42.54,343.1,183.8,7.18,3.47,3.9,1.46,1.36,46.81,12.54
Mason Greenwood,ENG,"FW,MF",0,0,1,1,2021-2022,Manchester Utd,19,16,1271,14.1,0.3,0.13,0.43,46.24,0.43,5.53,19.65,21.99,4.26,46.24,3.69,2.27,4.36,1.42,2.73,30.14,217.66,112.48,3.4,2.2,1.63,1.84,1.13,36.1,7.73
Sam Greenwood,ENG,"MF,FW",0,0,1,1,2021-2022,Leeds United,19,1,237,2.6,0.11,0.09,0.2,40.77,0.77,5.38,23.46,12.69,2.31,40.77,1.92,0.77,15.38,1.15,23.08,21.15,96.92,33.85,1.15,0.77,0.38,0.38,0.0,22.69,3.85
Pascal Groß,GER,"MF,DF",0,1,1,0,2021-2022,Brighton,30,24,2038,22.6,0.13,0.24,0.37,68.01,1.9,10.04,30.84,27.35,2.7,67.96,0.8,0.4,2.21,0.4,2.21,35.22,146.59,65.75,1.73,1.55,0.31,1.19,0.66,44.29,6.24
Vicente Guaita,ESP,GK,1,0,0,0,2021-2022,Crystal Palace,34,30,2655,29.5,0.0,0.0,0.0,35.02,30.92,34.92,0.1,0.0,0.0,35.02,0.0,0.0,,0.0,,21.08,106.68,63.93,0.0,0.0,0.0,0.03,0.0,16.44,0.0
Marc Guéhi,ENG,DF,0,1,0,0,2021-2022,Crystal Palace,21,36,3222,35.8,0.07,0.04,0.11,74.13,10.5,42.23,29.89,2.29,0.89,74.13,0.36,0.34,2.58,0.03,0.22,46.45,221.56,132.04,0.47,0.42,0.0,0.39,0.2,53.77,0.2
Bruno Guimarães,BRA,MF,0,0,1,0,2021-2022,Newcastle Utd,23,11,1034,11.5,0.27,0.1,0.37,60.96,2.7,14.09,32.78,15.3,1.83,60.96,3.48,1.91,4.78,1.57,3.91,37.04,202.87,69.13,1.57,1.3,0.35,2.09,2.52,40.17,1.3
İlkay Gündoğan,GER,MF,0,0,1,0,2021-2022,Manchester City,30,20,1857,20.6,0.44,0.24,0.67,73.88,1.21,7.62,38.11,29.08,3.98,73.88,1.7,1.17,3.33,0.53,1.52,43.79,229.47,99.61,2.91,2.18,0.63,1.21,0.92,58.69,5.19
Angus Gunn,SCO,GK,1,0,0,0,2021-2022,Norwich City,25,9,810,9.0,0.0,0.0,0.0,38.11,32.22,37.89,0.22,0.0,0.0,38.11,0.0,0.0,,0.0,,18.44,101.0,54.22,0.0,0.0,0.0,0.0,0.0,12.44,0.0
Grant Hanley,SCO,DF,0,1,0,0,2021-2022,Norwich City,29,33,2897,32.2,0.07,0.03,0.09,52.86,11.46,34.29,17.14,1.65,1.09,52.86,0.09,0.03,1.03,0.06,2.07,26.4,97.14,43.17,0.06,0.16,0.0,0.28,0.03,29.25,0.09
Jack Harrison,ENG,"FW,MF",0,0,1,1,2021-2022,Leeds United,24,32,2639,29.3,0.15,0.11,0.26,49.42,1.02,8.87,19.04,22.22,3.24,49.42,3.89,1.84,1.62,2.05,1.8,29.28,190.61,102.25,4.1,2.05,1.19,2.97,2.25,32.35,7.99
Kortney Hause,ENG,DF,0,1,0,0,2021-2022,Aston Villa,26,4,397,4.4,0.03,0.0,0.03,60.45,7.73,30.91,27.05,3.18,2.05,60.45,0.91,0.68,17.05,0.23,5.68,35.91,205.91,117.5,0.45,0.45,0.23,0.91,0.23,34.32,0.68
Kai Havertz,GER,"FW,MF",0,0,1,1,2021-2022,Chelsea,22,22,1809,20.1,0.43,0.11,0.54,46.92,1.69,4.48,17.51,25.17,6.37,46.92,2.09,0.9,2.13,1.19,2.84,26.72,154.58,70.6,3.18,1.14,1.69,3.28,1.59,36.77,10.1
Isaac Hayden,ENG,"MF,DF",0,1,1,0,2021-2022,Newcastle Utd,26,12,1002,11.1,0.04,0.0,0.04,42.07,3.78,16.13,20.54,6.13,0.9,42.07,1.35,0.81,5.41,0.54,3.6,19.91,76.49,24.86,0.27,0.72,0.09,1.44,0.72,22.34,0.9
Hwang Hee-chan,KOR,"FW,MF",0,0,1,1,2021-2022,Wolves,25,20,1816,20.2,0.22,0.07,0.29,41.78,0.64,5.74,20.0,16.68,3.56,41.78,3.42,1.63,2.37,1.78,2.58,27.13,184.85,85.25,3.27,1.78,1.34,2.33,1.19,32.23,5.64
Jordan Henderson,ENG,MF,0,0,1,0,2021-2022,Liverpool,31,29,2597,28.9,0.05,0.12,0.17,84.57,1.18,10.1,50.8,24.01,1.31,84.57,0.87,0.55,2.21,0.31,1.25,48.62,211.52,94.74,1.87,1.63,0.17,0.97,0.42,64.33,4.01
Jeff Hendrick,IRL,MF,0,0,1,0,2021-2022,Newcastle Utd,29,0,72,0.8,0.11,0.03,0.14,46.25,1.25,3.75,32.5,10.0,1.25,46.25,1.25,0.0,0.0,1.25,125.0,27.5,118.75,35.0,1.25,0.0,0.0,2.5,1.25,32.5,1.25
Wayne Hennessey,WAL,GK,1,0,0,0,2021-2022,Burnley,34,2,180,2.0,0.0,0.09,0.09,42.0,29.5,40.0,2.0,0.0,0.0,42.0,0.0,0.0,,0.0,,17.5,78.0,37.0,0.0,0.0,0.0,0.0,0.0,11.0,0.0
Rico Henry,ENG,DF,0,1,0,0,2021-2022,Brentford,24,33,2776,30.8,0.05,0.06,0.11,50.06,3.08,16.3,20.13,14.16,1.3,50.06,1.95,0.88,1.46,1.07,1.79,25.42,135.19,63.86,1.98,1.27,0.39,1.3,1.1,27.14,4.25
Son Heung-min,KOR,"MF,FW",0,0,1,1,2021-2022,Tottenham,29,35,3006,33.4,0.48,0.22,0.7,46.26,0.45,4.37,16.89,25.96,4.37,46.26,2.75,1.53,1.66,1.2,1.3,27.31,190.15,93.5,3.47,2.04,1.5,2.25,1.38,32.28,7.25
Ki-Jana Hoever,NED,"DF,MF",0,1,1,0,2021-2022,Wolves,19,4,308,3.4,0.01,0.02,0.03,58.82,2.65,15.29,28.53,15.0,0.88,58.82,2.06,1.18,16.79,0.88,12.62,25.29,152.94,82.35,2.65,0.59,1.18,0.59,1.18,31.18,6.47
Rob Holding,ENG,DF,0,1,0,0,2021-2022,Arsenal,25,9,845,9.4,0.04,0.0,0.04,62.45,8.94,31.81,29.26,1.6,0.74,62.45,0.11,0.0,0.0,0.11,10.64,35.21,122.34,70.32,0.43,0.11,0.0,0.43,0.32,39.15,0.0
Mason Holgate,ENG,DF,0,1,0,0,2021-2022,Everton,24,23,2134,23.7,0.06,0.0,0.06,46.03,6.58,23.04,20.89,2.45,0.59,46.03,0.17,0.08,2.11,0.08,2.11,20.13,104.18,56.29,0.17,0.3,0.04,0.13,0.3,21.39,0.08
Callum Hudson-Odoi,ENG,"MF,FW",0,0,1,1,2021-2022,Chelsea,20,11,962,10.7,0.23,0.2,0.43,46.45,0.75,3.46,15.51,28.32,5.23,46.45,2.43,1.5,5.75,0.93,3.6,32.15,242.34,147.38,6.26,2.9,2.8,2.06,1.87,37.38,9.53
Will Hughes,ENG,MF,0,0,1,0,2021-2022,Crystal Palace,26,13,1053,11.7,0.01,0.05,0.06,55.81,2.05,13.85,30.6,12.22,0.34,55.81,1.03,0.68,5.7,0.34,2.85,27.69,120.68,50.85,0.43,1.03,0.0,1.28,0.77,32.74,0.6
Pierre Højbjerg,DEN,MF,0,0,1,0,2021-2022,Tottenham,25,36,3196,35.5,0.05,0.06,0.12,81.77,3.24,20.11,50.03,12.51,0.85,81.77,1.69,1.18,1.97,0.51,0.85,49.72,235.61,113.58,1.3,1.18,0.2,0.9,0.62,59.21,1.32
Adam Idah,IRL,"FW,MF",0,0,1,1,2021-2022,Norwich City,20,6,625,6.9,0.33,0.09,0.42,33.62,1.59,3.91,13.33,16.81,4.35,33.62,2.9,1.74,8.7,1.16,5.8,20.0,133.91,35.51,1.59,0.43,0.43,3.33,1.88,23.62,6.96
Kelechi Iheanacho,NGA,FW,0,0,0,1,2021-2022,Leicester City,24,13,1264,14.0,0.26,0.18,0.43,37.93,0.79,3.29,16.57,18.57,3.57,37.93,2.36,1.14,3.46,1.21,3.68,22.43,114.21,48.36,2.0,1.29,0.79,3.71,1.5,28.29,6.07
Danny Ings,ENG,FW,0,0,0,1,2021-2022,Aston Villa,29,22,1898,21.1,0.34,0.08,0.41,29.24,1.0,2.99,11.66,14.88,5.31,29.19,1.47,0.47,1.53,1.0,3.21,15.21,74.31,29.62,1.14,0.71,0.38,2.37,1.0,18.67,5.55
Tim Iroegbunam,ENG,MF,0,0,1,0,2021-2022,Aston Villa,18,1,92,1.0,0.11,0.0,0.11,36.0,1.0,7.0,26.0,3.0,1.0,36.0,0.0,0.0,,0.0,,16.0,109.0,60.0,1.0,0.0,0.0,0.0,0.0,14.0,0.0
Alex Iwobi,NGA,"MF,DF",0,1,1,0,2021-2022,Everton,25,22,2035,22.6,0.1,0.12,0.22,46.55,1.77,10.35,17.52,19.29,2.7,46.55,2.52,1.42,2.48,1.11,1.94,25.71,146.64,73.45,1.95,1.64,0.84,1.95,1.19,28.23,4.6
Daniel James,WAL,FW,0,0,0,1,2021-2022,Manchester Utd,23,2,126,1.4,0.18,0.24,0.42,37.14,0.71,1.43,14.29,21.43,5.71,37.14,0.71,0.0,0.0,0.71,71.43,18.57,152.86,69.29,3.57,1.43,0.71,2.86,2.14,24.29,11.43
Daniel James,WAL,"FW,MF",0,0,1,1,2021-2022,Leeds United,23,29,2366,26.3,0.23,0.11,0.34,28.78,0.72,3.16,9.92,16.12,4.03,28.78,2.02,0.8,1.51,1.22,2.3,17.45,126.88,63.35,2.62,1.22,1.37,2.05,0.84,19.47,7.07
Reece James,ENG,DF,0,1,0,0,2021-2022,Chelsea,21,22,1864,20.7,0.15,0.29,0.44,90.87,1.69,15.75,38.65,37.34,3.33,90.87,2.27,1.74,3.7,0.53,1.13,54.2,248.79,115.02,2.51,2.46,0.92,1.26,1.06,64.88,9.81
Vitaly Janelt,GER,MF,0,0,1,0,2021-2022,Brentford,23,27,2298,25.5,0.09,0.07,0.17,49.14,2.43,14.31,23.41,11.61,1.8,49.14,0.59,0.51,3.4,0.08,0.52,23.73,107.1,53.69,0.98,0.94,0.16,1.37,0.43,28.98,2.35
Pontus Jansson,SWE,DF,0,1,0,0,2021-2022,Brentford,30,37,3321,36.9,0.08,0.01,0.09,51.3,10.54,31.87,17.62,1.92,1.54,51.3,0.05,0.05,2.71,0.0,0.0,24.91,105.58,54.72,0.11,0.14,0.03,0.27,0.14,27.78,0.14
Mathias Jensen,DEN,MF,0,0,1,0,2021-2022,Brentford,25,19,1601,17.8,0.17,0.18,0.35,54.38,1.69,10.73,27.42,17.08,1.52,54.38,1.35,0.84,3.51,0.51,2.11,27.08,117.98,56.63,0.79,1.18,0.0,1.46,0.84,31.4,3.03
Gabriel Jesus,BRA,FW,0,0,0,1,2021-2022,Manchester City,24,21,1877,20.9,0.47,0.28,0.74,48.95,0.57,3.88,15.07,30.33,7.7,48.9,3.4,2.2,3.1,1.2,1.68,31.91,174.02,71.82,2.44,0.96,1.53,3.16,1.29,38.18,10.53
Raúl Jiménez,MEX,FW,0,0,0,1,2021-2022,Wolves,30,30,2631,29.2,0.21,0.1,0.31,39.38,1.2,3.63,20.58,15.62,4.32,39.35,2.98,1.23,1.42,1.75,2.01,22.05,116.68,43.77,1.37,1.27,0.72,3.39,1.95,29.11,5.58
João Pedro,BRA,"FW,MF",0,0,1,1,2021-2022,Watford,19,15,1644,18.3,0.2,0.15,0.35,48.36,1.04,4.15,22.08,23.28,4.32,48.36,5.79,3.39,3.2,2.4,2.27,28.36,196.45,81.26,2.95,2.46,1.04,3.44,3.17,34.64,5.57
Joelinton,BRA,"MF,FW",0,0,1,1,2021-2022,Newcastle Utd,24,30,2558,28.4,0.12,0.07,0.18,49.12,2.92,10.46,24.37,15.11,2.75,49.12,2.46,1.3,1.86,1.16,1.66,25.32,147.99,68.52,1.58,1.48,0.35,2.99,2.11,29.44,3.17
Ben Johnson,ENG,DF,0,1,0,0,2021-2022,West Ham,21,16,1397,15.5,0.01,0.04,0.05,61.42,5.48,21.74,26.45,13.68,0.58,61.42,0.65,0.45,4.52,0.19,1.94,29.35,130.39,59.48,1.48,1.48,0.06,1.48,0.58,32.9,4.32
Curtis Jones,ENG,MF,0,0,1,0,2021-2022,Liverpool,20,10,851,9.5,0.1,0.07,0.16,72.11,0.84,8.95,40.0,23.79,1.79,72.11,3.47,2.63,7.98,0.84,2.55,50.11,270.74,121.26,2.63,1.89,0.32,1.79,1.89,59.47,5.68
Phil Jones,ENG,DF,0,1,0,0,2021-2022,Manchester Utd,29,2,163,1.8,0.0,0.0,0.0,56.11,9.44,26.67,27.78,2.22,0.0,56.11,0.56,0.56,55.56,0.0,0.0,32.22,118.89,57.22,0.56,0.0,0.0,0.56,0.0,35.0,0.0
Jorginho,ITA,MF,0,0,1,0,2021-2022,Chelsea,29,26,2273,25.3,0.23,0.11,0.34,83.24,2.02,16.68,51.34,15.77,0.51,82.96,0.83,0.63,3.01,0.2,0.94,46.44,194.19,95.42,0.71,1.07,0.04,0.87,0.75,62.49,0.75
Diogo Jota,POR,FW,0,0,0,1,2021-2022,Liverpool,24,27,2364,26.3,0.62,0.22,0.84,41.71,0.49,3.31,16.5,22.66,6.92,41.71,2.62,1.03,1.49,1.6,2.32,24.68,146.81,77.15,2.81,1.98,1.29,2.4,1.25,32.09,7.26
James Justin,ENG,DF,0,1,0,0,2021-2022,Leicester City,23,11,998,11.1,0.03,0.09,0.12,71.89,3.87,23.69,32.16,16.4,1.35,71.89,1.35,0.45,3.0,0.9,6.01,36.49,173.15,82.07,2.07,1.62,0.09,0.45,0.9,42.34,4.68
Mathias Jørgensen,DEN,DF,0,1,0,0,2021-2022,Brentford,31,6,518,5.8,0.02,0.05,0.07,66.9,4.31,26.38,29.83,11.03,0.86,66.9,0.17,0.0,0.0,0.17,17.24,28.62,132.07,93.79,0.86,0.52,0.0,0.17,0.52,34.48,0.17
Ozan Kabak,TUR,DF,0,1,0,0,2021-2022,Norwich City,21,11,922,10.2,0.03,0.0,0.03,52.16,6.18,31.96,19.71,1.27,0.49,52.16,1.96,1.57,7.84,0.39,1.96,27.55,158.73,87.84,0.88,0.39,0.1,0.39,0.59,32.94,0.0
Christian Kabasele,BEL,DF,0,1,0,0,2021-2022,Watford,30,12,1193,13.3,0.07,0.01,0.08,46.24,7.67,28.27,16.84,1.28,0.83,46.24,0.23,0.08,2.5,0.15,5.02,22.56,94.36,41.73,0.38,0.0,0.0,0.53,0.08,25.26,0.08
Samuel Kalu,NGA,FW,0,0,0,1,2021-2022,Watford,23,2,222,2.5,0.16,0.04,0.2,39.2,1.6,6.4,12.8,20.8,2.4,39.2,4.0,1.6,16.0,2.4,24.0,22.8,122.8,56.0,2.8,2.0,1.2,2.8,2.0,28.0,7.2
Hassane Kamara,CIV,DF,0,1,0,0,2021-2022,Watford,27,18,1623,18.0,0.01,0.03,0.04,65.67,4.39,30.39,27.11,8.78,0.5,65.67,1.67,0.83,2.78,0.83,2.78,29.39,162.33,77.94,1.78,0.78,0.11,0.89,0.33,28.06,1.39
Harry Kane,ENG,FW,0,0,0,1,2021-2022,Tottenham,28,36,3232,35.9,0.52,0.25,0.77,38.64,1.42,3.82,17.6,17.8,4.74,38.52,2.79,1.5,1.5,1.28,1.28,24.82,140.97,61.5,2.42,1.59,0.86,2.7,1.7,30.5,5.91
N'Golo Kanté,FRA,MF,0,0,1,0,2021-2022,Chelsea,30,21,1773,19.7,0.08,0.11,0.19,78.43,1.17,13.96,39.19,26.14,1.47,78.43,2.44,1.78,3.7,0.66,1.38,46.5,257.01,139.24,3.65,3.3,0.51,1.78,1.42,58.68,3.15
Edo Kayembe,COD,MF,0,0,1,0,2021-2022,Watford,23,9,799,8.9,0.02,0.04,0.05,59.66,2.92,18.2,34.94,6.97,0.11,59.66,1.91,1.35,7.93,0.56,3.3,34.04,182.58,80.45,1.01,0.67,0.0,1.12,1.24,36.63,0.9
Moise Kean,ITA,FW,0,0,0,1,2021-2022,Everton,21,0,1,0.0,0.0,0.0,0.0,inf,,,inf,,,inf,,,,,,inf,inf,,,inf,,,inf,inf,
Michael Keane,ENG,DF,0,1,0,0,2021-2022,Everton,28,31,2792,31.0,0.04,0.05,0.09,49.71,7.48,25.03,23.13,1.9,1.03,49.71,0.26,0.23,2.82,0.03,0.4,23.42,116.68,56.48,0.29,0.19,0.03,0.23,0.06,26.52,0.13
Naby Keïta,GUI,MF,0,0,1,0,2021-2022,Liverpool,26,14,1173,13.0,0.17,0.14,0.31,71.77,1.0,9.31,39.85,23.31,2.31,71.77,1.85,1.15,4.81,0.69,2.88,39.54,216.85,122.46,3.0,2.31,0.62,2.31,0.77,50.62,3.23
Caoimhín Kelleher,IRL,GK,1,0,0,0,2021-2022,Liverpool,22,2,180,2.0,0.0,0.0,0.0,47.5,35.5,47.5,0.0,0.0,0.0,47.5,0.0,0.0,,0.0,,32.0,102.5,63.0,0.0,0.0,0.0,0.0,0.0,29.0,0.0
Kenedy,BRA,DF,0,1,0,0,2021-2022,Chelsea,25,1,58,0.6,0.06,0.94,1.0,103.33,1.67,21.67,35.0,50.0,6.67,103.33,1.67,1.67,166.67,0.0,0.0,81.67,421.67,148.33,3.33,3.33,1.67,3.33,5.0,76.67,16.67
Jonjoe Kenny,ENG,DF,0,1,0,0,2021-2022,Everton,24,11,1018,11.3,0.02,0.07,0.09,51.59,2.92,14.34,24.78,13.1,0.71,51.59,0.8,0.35,3.93,0.44,4.92,24.6,98.5,49.2,0.8,1.15,0.18,0.71,0.27,25.4,2.21
Max Kilman,ENG,DF,0,1,0,0,2021-2022,Wolves,24,30,2687,29.9,0.04,0.01,0.04,61.74,6.89,30.94,28.23,3.08,0.74,61.74,0.67,0.57,2.84,0.1,0.5,34.75,188.96,108.46,1.04,0.77,0.0,0.7,0.17,40.84,0.23
Joshua King,NOR,FW,0,0,0,1,2021-2022,Watford,29,27,2248,25.0,0.36,0.15,0.51,33.48,1.64,4.24,14.24,15.56,4.2,33.44,2.68,1.2,1.79,1.48,2.21,17.2,105.52,44.88,1.64,1.0,0.8,3.36,1.68,22.76,6.28
Kristoffer Klaesson,NOR,GK,1,0,0,0,2021-2022,Leeds United,20,0,36,0.4,0.0,0.0,0.0,32.5,25.0,32.5,0.0,0.0,0.0,32.5,0.0,0.0,,0.0,,17.5,112.5,92.5,0.0,0.0,0.0,0.0,0.0,10.0,0.0
Mateusz Klich,POL,MF,0,0,1,0,2021-2022,Leeds United,31,26,2073,23.0,0.12,0.1,0.22,54.48,1.26,11.26,27.22,16.78,2.3,54.48,1.52,0.87,2.48,0.65,1.87,31.17,159.39,75.96,1.96,1.43,0.39,1.7,0.96,36.26,5.61
Robin Koch,GER,"MF,DF",0,1,1,0,2021-2022,Leeds United,25,17,1574,17.5,0.04,0.02,0.07,50.8,6.74,22.69,23.31,5.03,1.03,50.8,0.46,0.29,3.57,0.17,2.14,21.49,87.89,38.46,0.17,0.4,0.06,0.91,0.34,29.6,0.8
Sead Kolašinac,BIH,DF,0,1,0,0,2021-2022,Arsenal,28,1,91,1.0,0.0,0.0,0.0,23.0,2.0,13.0,10.0,0.0,0.0,23.0,0.0,0.0,,0.0,,12.0,21.0,2.0,0.0,0.0,0.0,0.0,0.0,10.0,0.0
Ibrahima Konaté,FRA,DF,0,1,0,0,2021-2022,Liverpool,22,11,990,11.0,0.02,0.0,0.02,77.73,6.27,31.0,45.09,1.82,0.55,77.73,0.27,0.18,6.06,0.09,3.03,45.18,207.82,133.36,0.64,0.18,0.0,0.36,0.09,52.82,0.18
Ezri Konsa,ENG,DF,0,1,0,0,2021-2022,Aston Villa,23,29,2477,27.5,0.06,0.01,0.07,44.98,7.31,25.93,16.84,2.55,1.35,44.98,0.33,0.22,2.43,0.11,1.21,25.96,108.8,62.62,0.29,0.18,0.04,0.36,0.22,28.69,0.25
Cheikhou Kouyaté,SEN,MF,0,0,1,0,2021-2022,Crystal Palace,31,23,1974,21.9,0.02,0.04,0.06,48.31,3.29,17.76,26.53,4.57,0.32,48.31,0.78,0.59,3.49,0.18,1.07,21.78,83.97,35.53,0.32,0.32,0.0,1.37,0.5,24.16,0.41
Mateo Kovačić,CRO,MF,0,0,1,0,2021-2022,Chelsea,27,16,1558,17.3,0.09,0.18,0.27,79.08,1.27,12.54,47.75,19.83,0.87,79.08,2.95,2.2,4.31,0.75,1.47,50.58,293.01,145.84,2.43,3.64,0.17,1.04,1.27,62.2,2.14
Emil Krafth,SWE,DF,0,1,0,0,2021-2022,Newcastle Utd,26,18,1634,18.2,0.02,0.06,0.07,52.8,4.18,21.32,21.26,10.55,0.49,52.8,0.22,0.11,2.75,0.11,2.75,20.33,96.37,55.82,1.59,1.15,0.16,0.49,0.22,23.35,1.32
Alex Král,CZE,MF,0,0,1,0,2021-2022,West Ham,23,0,1,0.0,0.0,0.0,0.0,inf,,,inf,,,inf,,,,,,inf,inf,inf,,,,,,inf,
Tim Krul,NED,GK,1,0,0,0,2021-2022,Norwich City,33,29,2610,29.0,0.0,0.02,0.02,39.62,32.86,38.9,0.72,0.03,0.0,39.62,0.0,0.0,,0.0,,21.41,108.59,70.21,0.0,0.0,0.0,0.03,0.0,17.45,0.0
Juraj Kucka,SVK,MF,0,0,1,0,2021-2022,Watford,34,22,1920,21.3,0.15,0.04,0.19,48.36,3.47,13.94,24.46,10.47,1.46,48.36,1.55,0.8,2.42,0.75,2.28,21.5,110.8,47.56,0.99,0.94,0.09,2.25,0.89,24.13,1.46
Dejan Kulusevski,SWE,"MF,FW",0,0,1,1,2021-2022,Tottenham,21,14,1261,14.0,0.2,0.25,0.44,45.93,0.29,6.93,18.43,21.21,4.79,45.93,3.14,1.79,4.06,1.36,3.09,28.5,185.29,90.29,3.64,1.93,1.71,2.71,1.29,32.07,7.14
Alexandre Lacazette,FRA,FW,0,0,0,1,2021-2022,Arsenal,30,20,1782,19.8,0.42,0.15,0.58,32.22,0.2,2.93,13.79,16.01,5.35,32.07,1.67,0.96,2.91,0.71,2.14,17.63,77.68,30.86,0.96,0.76,0.66,2.17,1.46,24.7,5.35
Adam Lallana,ENG,MF,0,0,1,0,2021-2022,Brighton,33,18,1561,17.3,0.06,0.05,0.11,64.91,2.31,14.05,36.53,14.74,2.02,64.91,1.33,0.81,3.52,0.52,2.26,35.72,133.64,62.66,0.98,1.21,0.12,1.39,0.87,45.84,2.72
Tariq Lamptey,GHA,"DF,FW",0,1,0,1,2021-2022,Brighton,20,16,1561,17.3,0.05,0.15,0.2,58.27,1.79,11.39,21.85,26.13,2.31,58.27,3.53,1.68,2.75,1.85,3.03,37.11,247.11,132.08,4.68,2.95,0.87,2.66,1.21,40.17,8.84
Manuel Lanzini,ARG,"MF,FW",0,0,1,1,2021-2022,West Ham,28,19,1786,19.8,0.19,0.12,0.31,70.81,1.16,10.96,41.41,19.14,1.77,70.66,1.82,1.26,3.51,0.56,1.55,44.9,212.47,94.75,1.46,1.87,0.3,1.57,0.81,51.82,2.88
Aymeric Laporte,ESP,DF,0,1,0,0,2021-2022,Manchester City,27,33,2828,31.4,0.16,0.02,0.18,99.84,6.69,33.38,61.69,5.03,1.34,99.84,0.25,0.19,2.39,0.06,0.8,74.04,407.61,294.78,1.62,1.56,0.0,0.13,0.22,81.21,0.25
Jamaal Lascelles,ENG,DF,0,1,0,0,2021-2022,Newcastle Utd,27,22,2058,22.9,0.04,0.02,0.06,41.44,9.65,27.25,11.44,2.93,2.27,41.44,0.09,0.04,2.18,0.04,2.18,18.03,68.78,30.0,0.0,0.09,0.04,0.39,0.09,21.09,0.22
Pierre Lees-Melou,FRA,MF,0,0,1,0,2021-2022,Norwich City,28,27,2265,25.2,0.06,0.08,0.14,50.2,3.02,14.29,24.44,12.22,0.91,50.2,1.19,0.75,2.51,0.44,1.46,29.44,136.23,60.83,1.31,1.03,0.24,1.07,0.67,32.62,2.38
Aaron Lennon,ENG,"MF,FW",0,0,1,1,2021-2022,Burnley,34,17,1551,17.2,0.06,0.03,0.09,31.51,1.22,4.94,12.91,14.13,2.44,31.51,1.74,0.76,2.52,0.99,3.3,16.63,95.41,42.91,2.21,0.58,1.16,1.45,0.76,19.42,4.48
Bernd Leno,GER,GK,1,0,0,0,2021-2022,Arsenal,29,4,360,4.0,0.0,0.0,0.0,31.25,25.0,31.25,0.0,0.0,0.0,31.25,0.0,0.0,,0.0,,15.25,81.5,44.75,0.0,0.0,0.0,0.0,0.0,12.25,0.0
Jamal Lewis,NIR,DF,0,1,0,0,2021-2022,Newcastle Utd,23,4,262,2.9,0.0,0.01,0.01,45.17,2.76,18.62,15.52,11.03,0.34,45.17,1.03,0.0,0.0,1.03,34.48,20.34,86.55,34.48,1.03,0.0,0.0,0.34,2.41,22.76,2.41
Victor Lindelöf,SWE,DF,0,1,0,0,2021-2022,Manchester Utd,27,26,2355,26.2,0.01,0.02,0.03,60.88,8.44,33.63,25.95,1.76,0.38,60.88,0.11,0.11,3.82,0.0,0.0,35.08,221.91,129.2,0.53,0.65,0.11,0.31,0.04,39.12,0.11
Jesse Lingard,ENG,"FW,MF",0,0,1,1,2021-2022,Manchester Utd,28,2,367,4.1,0.16,0.08,0.24,48.78,0.49,4.39,21.71,22.68,1.95,48.78,1.46,0.49,8.12,0.98,16.27,30.98,132.2,75.85,2.2,1.22,0.24,2.93,1.22,37.07,5.37
Valentino Livramento,ENG,DF,0,1,0,0,2021-2022,Southampton,18,25,2202,24.5,0.06,0.11,0.17,60.65,3.02,16.61,27.55,18.0,1.92,60.65,2.24,1.22,2.22,1.02,1.86,30.29,207.96,111.1,3.22,2.2,0.65,2.12,0.78,31.14,4.82
Diego Llorente,ESP,DF,0,1,0,0,2021-2022,Leeds United,27,28,2340,26.0,0.04,0.0,0.04,63.62,7.42,34.5,27.69,1.88,0.42,63.62,0.5,0.31,2.37,0.19,1.48,37.69,249.81,165.92,0.77,0.08,0.04,0.77,0.12,39.04,0.04
Hugo Lloris,FRA,GK,1,0,0,0,2021-2022,Tottenham,34,38,3420,38.0,0.0,0.01,0.01,27.53,25.03,27.45,0.08,0.0,0.0,27.53,0.0,0.0,,0.0,,14.32,84.18,52.08,0.0,0.0,0.0,0.05,0.0,9.92,0.0
Giovani Lo Celso,ARG,"MF,FW",0,0,1,1,2021-2022,Tottenham,25,2,238,2.6,0.23,0.26,0.49,80.77,0.38,8.85,38.46,34.62,3.85,80.77,5.77,3.46,23.08,2.31,15.38,46.54,319.62,130.77,3.85,4.23,0.77,4.23,1.15,59.62,5.77
Jürgen Locadia,CUW,"MF,FW",0,0,1,1,2021-2022,Brighton,27,0,23,0.3,0.61,0.0,0.61,10.0,0.0,0.0,3.33,6.67,0.0,10.0,0.0,0.0,,0.0,,10.0,53.33,0.0,0.0,0.0,0.0,3.33,3.33,10.0,0.0
Ruben Loftus-Cheek,ENG,"MF,DF",0,1,1,0,2021-2022,Chelsea,25,13,1394,15.5,0.08,0.16,0.24,75.61,1.29,11.74,44.0,21.1,2.58,75.61,3.87,2.71,4.52,1.16,1.94,46.71,283.81,171.03,4.45,3.23,0.58,1.74,2.13,57.23,3.42
Kevin Long,IRL,DF,0,1,0,0,2021-2022,Burnley,30,4,410,4.6,0.03,0.0,0.03,30.65,5.43,17.61,11.52,1.52,1.52,30.65,0.0,0.0,,0.0,,11.3,62.17,27.17,0.22,0.0,0.0,0.43,0.0,15.0,0.0
Shane Long,IRL,FW,0,0,0,1,2021-2022,Southampton,34,3,308,3.4,0.25,0.04,0.3,37.94,0.59,2.35,13.82,22.06,5.29,37.94,1.18,0.29,7.35,0.88,22.06,17.94,72.65,20.0,1.47,0.88,0.59,3.53,3.24,30.59,7.06
Sean Longstaff,ENG,MF,0,0,1,0,2021-2022,Newcastle Utd,23,15,1464,16.3,0.05,0.05,0.1,47.55,2.64,12.33,26.93,8.47,0.86,47.55,0.67,0.37,3.34,0.31,2.79,22.82,83.8,26.32,0.12,0.43,0.06,1.35,1.1,26.38,0.92
Ademola Lookman,NGA,"FW,MF",0,0,1,1,2021-2022,Leicester City,23,16,1453,16.1,0.28,0.11,0.4,46.89,0.43,5.78,20.31,21.43,5.47,46.89,3.6,2.36,4.07,1.24,2.14,31.12,166.46,79.38,2.67,1.61,1.49,3.66,3.23,34.66,8.63
Jonas Lössl,DEN,GK,1,0,0,0,2021-2022,Brentford,32,2,180,2.0,0.0,0.0,0.0,32.0,23.0,31.0,1.0,0.0,0.0,32.0,0.0,0.0,,0.0,,18.5,93.0,51.5,0.0,0.0,0.0,0.0,0.0,17.0,0.0
Imran Louza,MAR,MF,0,0,1,0,2021-2022,Watford,22,17,1416,15.7,0.08,0.07,0.15,58.03,2.68,15.03,34.27,10.19,0.64,58.03,1.53,0.89,3.71,0.64,2.66,24.52,132.99,60.45,1.08,0.57,0.13,1.21,0.57,28.41,1.53
Matthew Lowton,ENG,DF,0,1,0,0,2021-2022,Burnley,32,20,1772,19.7,0.03,0.11,0.14,55.33,4.77,15.94,25.74,14.16,0.25,55.33,1.07,0.51,2.42,0.56,2.66,21.27,80.46,46.45,1.07,0.71,0.0,0.56,0.3,24.42,1.98
Douglas Luiz,BRA,MF,0,0,1,0,2021-2022,Aston Villa,23,31,2715,30.2,0.07,0.08,0.15,60.36,2.78,15.2,35.1,10.56,0.26,60.36,1.42,0.79,1.85,0.63,1.46,33.31,167.32,77.65,0.93,0.53,0.03,1.66,0.56,36.95,1.46
Romelu Lukaku,BEL,FW,0,0,0,1,2021-2022,Chelsea,28,16,1589,17.7,0.38,0.17,0.54,27.29,1.19,1.64,11.19,14.63,5.08,27.23,1.41,0.73,2.94,0.68,2.71,13.39,66.89,32.2,1.64,0.85,0.96,2.09,1.41,20.34,7.06
Lyanco,BRA,DF,0,1,0,0,2021-2022,Southampton,24,9,911,10.1,0.03,0.01,0.04,52.48,10.3,26.93,24.26,1.88,0.4,52.48,0.4,0.4,9.9,0.0,0.0,27.72,121.98,53.07,0.3,0.1,0.0,0.5,0.2,26.24,0.1
Alexis Mac Allister,ARG,"MF,FW",0,0,1,1,2021-2022,Brighton,22,22,2123,23.6,0.27,0.08,0.35,57.97,1.74,9.41,27.63,21.61,2.08,57.84,1.78,0.89,2.12,0.89,2.12,30.47,137.2,63.64,1.27,1.61,0.08,1.82,0.97,36.19,2.8
James Maddison,ENG,"MF,FW",0,0,1,1,2021-2022,Leicester City,24,28,2459,27.3,0.28,0.19,0.46,49.19,0.7,6.34,23.74,19.6,2.67,49.19,1.76,1.14,2.37,0.62,1.3,31.17,164.98,72.56,1.94,1.58,0.48,1.54,1.17,35.64,5.16
Gabriel Magalhães,BRA,DF,0,1,0,0,2021-2022,Arsenal,23,35,3063,34.0,0.09,0.02,0.12,68.91,9.18,33.82,32.53,2.94,1.38,68.91,0.12,0.12,2.94,0.0,0.0,45.71,244.65,153.35,0.35,0.41,0.03,0.53,0.15,50.0,0.26
Harry Maguire,ENG,DF,0,1,0,0,2021-2022,Manchester Utd,28,28,2515,27.9,0.07,0.0,0.07,66.06,8.46,30.5,32.37,3.66,1.51,66.06,0.18,0.14,2.87,0.04,0.72,38.28,218.17,126.34,0.79,0.54,0.04,0.47,0.18,43.44,0.18
Riyad Mahrez,ALG,FW,0,0,0,1,2021-2022,Manchester City,30,15,1498,16.6,0.61,0.25,0.86,68.37,0.66,4.88,19.16,44.94,7.65,68.07,3.01,1.57,3.13,1.45,2.89,46.69,285.78,122.71,4.46,2.11,2.65,2.53,1.27,51.02,14.1
Ainsley Maitland-Niles,ENG,MF,0,0,1,0,2021-2022,Arsenal,23,2,268,3.0,0.02,0.09,0.12,57.0,2.67,13.67,32.33,11.33,0.0,57.0,2.67,1.33,16.67,1.33,16.67,29.0,131.0,57.0,0.67,1.67,0.0,1.33,1.67,36.67,2.67
Sadio Mané,SEN,FW,0,0,0,1,2021-2022,Liverpool,29,32,2819,31.3,0.55,0.17,0.72,47.67,0.64,3.0,19.71,25.75,6.42,47.67,2.46,1.5,1.95,0.93,1.2,32.81,188.4,85.08,3.35,1.82,1.44,3.32,1.88,38.91,9.74
Javier Manquillo,ESP,DF,0,1,0,0,2021-2022,Newcastle Utd,27,15,1257,14.0,0.02,0.02,0.04,40.93,4.0,17.43,15.36,8.5,0.57,40.93,1.29,0.71,3.97,0.57,3.17,15.29,72.71,31.57,0.43,0.79,0.0,1.0,0.21,16.43,1.79
Fernando Marçal,BRA,"MF,DF",0,1,1,0,2021-2022,Wolves,32,17,1449,16.1,0.02,0.04,0.06,67.89,3.66,21.61,27.52,19.38,1.49,67.89,0.87,0.43,3.11,0.43,3.11,32.67,153.17,89.88,2.42,1.61,0.25,1.55,0.37,38.76,6.09
Solly March,ENG,"DF,FW",0,1,0,1,2021-2022,Brighton,27,17,1746,19.4,0.06,0.12,0.18,49.54,2.32,7.68,17.32,25.15,3.09,49.54,1.96,1.19,3.12,0.77,2.04,28.09,183.25,90.05,3.66,1.55,1.03,1.34,1.49,31.34,7.63
Pablo Marí,ESP,DF,0,1,0,0,2021-2022,Arsenal,27,2,180,2.0,0.04,0.06,0.1,60.0,7.0,23.0,35.5,2.0,1.5,60.0,0.0,0.0,,0.0,,34.0,181.5,101.0,0.0,0.0,0.0,1.0,0.0,33.5,0.0
Anthony Martial,FRA,FW,0,0,0,1,2021-2022,Manchester Utd,25,2,212,2.4,0.28,0.0,0.28,45.42,0.42,3.33,15.83,27.08,5.83,45.42,2.92,1.67,23.79,1.25,17.88,30.83,199.17,114.17,4.17,2.08,1.67,2.5,1.67,40.42,13.33
Gabriel Martinelli,BRA,"FW,MF",0,0,1,1,2021-2022,Arsenal,20,21,1860,20.7,0.35,0.21,0.56,43.38,1.21,4.93,12.37,26.86,5.65,43.33,3.82,2.17,2.75,1.64,2.08,26.76,203.09,99.42,3.82,1.55,2.08,2.8,1.64,28.65,10.0
Emiliano Martínez,ARG,GK,1,0,0,0,2021-2022,Aston Villa,28,36,3240,36.0,0.0,0.0,0.0,32.17,27.42,31.67,0.53,0.0,0.0,32.17,0.0,0.0,,0.0,,17.83,101.17,62.56,0.0,0.0,0.0,0.0,0.0,12.61,0.0
Adam Masina,MAR,DF,0,1,0,0,2021-2022,Watford,27,13,1077,12.0,0.03,0.06,0.08,56.67,5.08,22.33,24.67,10.17,0.42,56.67,0.92,0.75,6.82,0.17,1.52,22.58,109.25,53.75,0.75,0.92,0.0,0.83,0.08,26.33,1.0
Arthur Masuaku,COD,"DF,FW",0,1,0,1,2021-2022,West Ham,27,6,650,7.2,0.01,0.12,0.12,66.53,3.61,19.17,27.5,20.14,1.25,66.53,2.36,1.39,8.17,0.97,5.72,30.97,139.03,72.92,2.22,1.11,0.69,1.11,1.25,37.78,3.61
Juan Mata,ESP,MF,0,0,1,0,2021-2022,Manchester Utd,33,2,235,2.6,0.12,0.09,0.22,94.23,0.0,14.62,47.69,32.69,2.69,94.23,2.31,1.15,19.23,1.15,19.23,60.38,315.77,136.54,3.08,3.08,0.0,2.31,0.77,74.62,5.0
Jean-Philippe Mateta,FRA,FW,0,0,0,1,2021-2022,Crystal Palace,24,13,1145,12.7,0.46,0.1,0.56,30.47,1.26,2.83,15.28,12.6,4.96,30.47,1.34,0.79,4.63,0.55,3.24,15.67,69.45,28.82,1.26,0.47,0.55,2.2,1.81,21.5,3.62
Nemanja Matić,SRB,MF,0,0,1,0,2021-2022,Manchester Utd,32,16,1382,15.4,0.01,0.13,0.14,78.9,3.57,21.75,46.04,11.82,0.52,78.9,1.43,1.1,5.02,0.32,1.47,46.43,270.97,166.3,2.08,2.08,0.13,1.23,1.36,55.26,0.45
Joël Matip,CMR,DF,0,1,0,0,2021-2022,Liverpool,29,31,2790,31.0,0.11,0.04,0.15,85.52,7.48,31.97,48.03,5.97,2.03,85.52,0.32,0.29,2.9,0.03,0.32,52.0,314.94,231.42,1.77,2.0,0.06,0.42,0.23,59.26,0.23
Neal Maupay,FRA,FW,0,0,0,1,2021-2022,Brighton,24,25,2276,25.3,0.34,0.1,0.44,33.32,0.32,1.58,13.36,18.74,4.27,33.24,1.62,0.83,2.02,0.79,1.93,19.72,82.25,31.94,0.83,1.34,0.28,2.09,2.02,24.31,6.48
Bryan Mbeumo,CMR,FW,0,0,0,1,2021-2022,Brentford,21,34,2905,32.3,0.29,0.11,0.4,36.78,0.56,3.9,13.22,20.28,4.24,36.75,2.48,1.21,1.51,1.27,1.59,22.07,136.38,63.53,2.51,1.21,1.02,2.69,1.76,25.63,8.45
James McArthur,SCO,MF,0,0,1,0,2021-2022,Crystal Palace,33,15,1439,16.0,0.02,0.09,0.11,70.44,2.81,16.94,40.06,14.12,1.19,70.44,1.88,1.31,4.38,0.56,1.88,39.31,206.56,92.0,1.81,1.62,0.25,1.38,0.88,43.69,1.38
James Mcatee,ENG,"MF,FW",0,0,1,1,2021-2022,Manchester City,18,0,20,0.2,0.37,0.0,0.37,80.0,0.0,5.0,50.0,25.0,15.0,80.0,5.0,5.0,500.0,0.0,0.0,35.0,275.0,150.0,10.0,0.0,5.0,5.0,10.0,60.0,15.0
Kasey McAteer,IRL,FW,0,0,0,1,2021-2022,Leicester City,19,0,3,0.0,0.0,0.0,0.0,inf,,inf,,inf,,inf,,,,,,inf,inf,,,,,inf,,inf,
Liam McCarron,SCO,FW,0,0,0,1,2021-2022,Leeds United,20,0,10,0.1,0.0,0.0,0.0,30.0,0.0,10.0,20.0,0.0,0.0,30.0,0.0,0.0,,0.0,,20.0,150.0,60.0,0.0,0.0,0.0,0.0,0.0,10.0,0.0
Alex McCarthy,ENG,GK,1,0,0,0,2021-2022,Southampton,31,17,1530,17.0,0.0,0.0,0.0,31.53,25.12,31.35,0.18,0.0,0.0,31.53,0.0,0.0,,0.0,,16.35,77.12,53.71,0.0,0.0,0.0,0.0,0.0,13.59,0.0
John McGinn,SCO,MF,0,0,1,0,2021-2022,Aston Villa,26,35,3090,34.3,0.04,0.15,0.2,51.14,2.04,10.09,28.05,13.59,0.76,51.14,1.98,1.28,1.89,0.7,1.03,28.89,142.33,70.26,1.52,0.93,0.2,1.4,0.82,31.34,1.95
Stuart McKinstry,SCO,MF,0,0,1,0,2021-2022,Leeds United,18,0,4,0.0,0.0,0.0,0.0,inf,,inf,inf,,,inf,,,,,,inf,inf,inf,,,,,,inf,inf
Kenny McLean,SCO,MF,0,0,1,0,2021-2022,Norwich City,29,29,2706,30.1,0.06,0.03,0.09,46.08,2.36,12.06,23.75,10.9,1.46,46.08,1.0,0.63,2.1,0.37,1.22,25.78,132.09,54.19,1.06,0.83,0.13,1.36,0.47,30.0,2.03
Dwight McNeil,ENG,MF,0,0,1,0,2021-2022,Burnley,21,35,3107,34.5,0.07,0.13,0.2,46.96,1.33,8.12,21.19,19.36,1.65,46.96,4.35,2.61,1.74,1.74,1.16,27.04,196.72,75.3,2.7,2.35,0.46,2.29,1.48,27.3,3.25
Scott McTominay,SCO,MF,0,0,1,0,2021-2022,Manchester Utd,24,28,2387,26.5,0.05,0.06,0.11,59.81,3.47,14.57,34.68,11.21,1.02,59.81,1.77,1.36,2.89,0.42,0.88,34.04,199.06,95.43,1.51,1.36,0.11,1.66,1.21,37.62,1.4
Ben Mee,ENG,DF,0,1,0,0,2021-2022,Burnley,31,21,1839,20.4,0.11,0.05,0.17,48.04,6.72,23.38,22.7,2.3,1.52,48.04,0.25,0.2,3.92,0.05,0.98,21.42,96.42,46.91,0.15,0.05,0.0,0.2,0.0,21.86,0.1
Hannibal Mejbri,TUN,FW,0,0,0,1,2021-2022,Manchester Utd,18,1,68,0.8,0.09,0.0,0.09,40.0,0.0,7.5,16.25,17.5,0.0,40.0,2.5,1.25,62.5,1.25,62.5,22.5,138.75,35.0,0.0,2.5,0.0,1.25,1.25,28.75,5.0
Benjamin Mendy,FRA,DF,0,1,0,0,2021-2022,Manchester City,27,1,78,0.9,0.0,0.16,0.16,111.11,0.0,14.44,71.11,25.56,1.11,111.11,3.33,2.22,74.11,1.11,37.0,74.44,372.22,281.11,4.44,4.44,0.0,1.11,0.0,81.11,4.44
Edouard Mendy,SEN,GK,1,0,0,0,2021-2022,Chelsea,29,34,3060,34.0,0.0,0.0,0.0,29.91,25.88,29.76,0.15,0.0,0.0,29.91,0.0,0.0,,0.0,,17.06,68.85,36.26,0.0,0.0,0.0,0.06,0.0,15.5,0.0
Nampalys Mendy,SEN,MF,0,0,1,0,2021-2022,Leicester City,29,12,1032,11.5,0.0,0.0,0.0,63.04,1.83,16.17,42.26,5.04,0.0,63.04,0.35,0.35,8.7,0.0,0.0,40.87,206.78,86.0,0.78,1.04,0.0,1.04,0.78,47.13,0.7
Illan Meslier,FRA,GK,1,0,0,0,2021-2022,Leeds United,21,38,3384,37.6,0.0,0.0,0.0,39.6,34.44,39.44,0.19,0.0,0.0,39.6,0.05,0.05,2.66,0.0,0.0,22.77,123.51,76.49,0.0,0.0,0.0,0.11,0.0,19.18,0.0
Luka Milivojević,SRB,MF,0,0,1,0,2021-2022,Crystal Palace,30,9,774,8.6,0.03,0.08,0.11,65.35,2.44,16.05,36.63,13.14,0.12,65.35,0.23,0.23,11.63,0.0,0.0,33.14,116.86,53.95,0.23,0.81,0.0,0.35,0.35,39.3,0.47
James Milner,ENG,"MF,DF",0,1,1,0,2021-2022,Liverpool,35,9,853,9.5,0.04,0.23,0.26,95.05,4.11,17.47,51.37,26.53,1.26,95.05,0.63,0.21,3.51,0.42,7.02,51.79,177.47,84.0,0.95,0.95,0.11,1.26,0.53,65.68,4.0
Yerry Mina,COL,DF,0,1,0,0,2021-2022,Everton,26,11,846,9.4,0.03,0.0,0.03,48.72,9.04,27.87,18.3,2.77,1.49,48.72,0.0,0.0,,0.0,,23.19,116.38,57.23,0.11,0.0,0.0,0.21,0.11,26.7,0.21
Takumi Minamino,JPN,"FW,MF",0,0,1,1,2021-2022,Liverpool,26,1,186,2.1,0.79,0.25,1.04,44.29,0.48,3.81,17.14,23.81,4.29,44.29,2.38,0.48,9.52,1.9,38.1,27.62,114.76,43.81,0.95,0.48,0.95,0.95,2.38,35.71,7.14
Tyrone Mings,ENG,DF,0,1,0,0,2021-2022,Aston Villa,28,35,3189,35.4,0.05,0.05,0.09,57.37,9.07,32.99,21.86,3.05,1.44,57.37,0.34,0.31,2.59,0.03,0.23,34.24,187.88,106.67,0.65,0.48,0.06,0.48,0.11,35.08,0.48
Tyrick Mitchell,ENG,DF,0,1,0,0,2021-2022,Crystal Palace,21,35,3101,34.5,0.01,0.05,0.05,67.25,3.97,26.23,27.39,14.2,0.75,67.25,0.84,0.46,1.6,0.38,1.3,31.13,126.96,64.0,1.19,1.07,0.12,1.3,0.75,34.43,3.36
Jakub Moder,POL,MF,0,0,1,0,2021-2022,Brighton,22,19,1701,18.9,0.14,0.12,0.25,55.98,1.9,10.0,22.86,23.86,3.23,55.98,1.53,0.63,2.19,0.9,3.1,30.0,144.81,67.57,2.22,2.22,0.42,2.65,1.01,38.57,5.4
Wesley Moraes,BRA,FW,0,0,0,1,2021-2022,Aston Villa,24,0,1,0.0,0.0,0.0,0.0,inf,,,,inf,,inf,,,,,,inf,inf,inf,,,,,,inf,
Tyler Morton,ENG,MF,0,0,1,0,2021-2022,Liverpool,18,1,66,0.7,0.0,0.0,0.0,58.57,0.0,2.86,47.14,8.57,0.0,58.57,0.0,0.0,,0.0,,34.29,77.14,17.14,0.0,1.43,0.0,2.86,0.0,32.86,0.0
Mason Mount,ENG,MF,0,0,1,0,2021-2022,Chelsea,22,27,2363,26.3,0.31,0.26,0.56,59.47,0.65,4.75,19.92,35.29,5.21,59.43,1.6,0.68,1.63,0.91,2.17,34.98,178.94,96.01,3.5,3.0,0.99,2.66,1.29,44.68,10.49
Lucas Moura,BRA,"FW,MF",0,0,1,1,2021-2022,Tottenham,28,19,1775,19.7,0.14,0.25,0.39,51.83,1.07,5.23,25.89,21.73,3.15,51.83,4.67,2.84,3.09,1.83,1.98,32.94,193.45,91.47,2.44,3.1,0.46,2.99,1.68,39.19,4.42
João Moutinho,POR,MF,0,0,1,0,2021-2022,Wolves,34,34,2970,33.0,0.04,0.08,0.12,70.42,1.91,15.88,40.55,14.61,0.36,70.42,0.64,0.48,2.31,0.15,0.72,36.21,166.79,82.39,1.27,1.3,0.06,0.91,0.61,45.03,1.12
Bali Mumba,ENG,DF,0,1,0,0,2021-2022,Norwich City,19,0,45,0.5,0.0,0.0,0.0,38.0,16.0,26.0,6.0,6.0,0.0,38.0,2.0,0.0,0.0,2.0,200.0,18.0,88.0,32.0,2.0,2.0,0.0,0.0,0.0,16.0,0.0
Jacob Murphy,ENG,"FW,DF",0,1,0,1,2021-2022,Newcastle Utd,26,13,1473,16.4,0.13,0.16,0.29,48.48,2.01,13.11,18.29,18.17,3.48,48.48,1.77,0.79,2.73,0.98,3.37,24.7,173.11,86.52,3.11,1.71,1.28,1.77,1.28,25.67,4.88
Enock Mwepu,ZAM,MF,0,0,1,0,2021-2022,Brighton,23,12,996,11.1,0.19,0.14,0.33,49.46,1.98,9.73,24.68,16.13,3.06,49.46,2.07,1.35,5.87,0.72,3.14,27.48,149.64,78.11,1.98,1.44,0.27,2.34,0.81,30.54,3.96
Vitaliy Mykolenko,UKR,DF,0,1,0,0,2021-2022,Everton,22,12,1055,11.7,0.04,0.06,0.11,51.54,3.68,16.84,18.12,17.09,1.11,51.54,0.77,0.26,2.85,0.51,5.7,19.4,85.38,37.01,0.68,0.51,0.09,0.94,0.34,20.6,2.31
Marvelous Nakamba,ZIM,MF,0,0,1,0,2021-2022,Aston Villa,27,10,904,10.0,0.0,0.0,0.0,49.4,4.0,16.1,28.7,5.1,0.0,49.4,1.6,1.4,8.75,0.2,1.25,27.9,113.5,42.3,0.5,0.5,0.0,1.4,1.0,26.1,0.0
Wilfred Ndidi,NGA,"MF,DF",0,1,1,0,2021-2022,Leicester City,24,18,1618,18.0,0.04,0.0,0.04,66.44,5.39,23.5,36.28,7.44,0.94,66.44,0.94,0.61,3.59,0.33,1.96,33.33,137.28,55.11,0.78,0.56,0.06,1.39,0.83,36.61,0.72
Tanguy Ndombele,FRA,MF,0,0,1,0,2021-2022,Tottenham,24,6,484,5.4,0.08,0.07,0.16,62.78,0.93,7.96,39.07,17.04,2.04,62.78,3.7,2.04,10.19,1.67,8.33,40.0,217.04,98.33,2.59,3.52,0.93,3.7,3.7,50.37,4.63
Reiss Nelson,ENG,FW,0,0,0,1,2021-2022,Arsenal,21,0,20,0.2,0.24,0.21,0.45,80.0,0.0,0.0,25.0,55.0,10.0,80.0,0.0,0.0,,0.0,,50.0,105.0,40.0,0.0,0.0,0.0,0.0,0.0,55.0,20.0
Pedro Neto,POR,"FW,MF",0,0,1,1,2021-2022,Wolves,21,5,466,5.2,0.29,0.2,0.49,59.23,0.19,4.04,22.5,33.46,4.62,59.23,4.42,2.31,10.04,2.12,9.19,39.62,288.27,138.27,5.19,4.23,1.92,4.04,2.31,45.58,9.42
Rúben Neves,POR,MF,0,0,1,0,2021-2022,Wolves,24,31,2661,29.6,0.04,0.11,0.14,77.06,3.04,18.68,48.11,11.22,0.2,77.06,1.08,0.88,2.75,0.2,0.64,43.92,182.16,88.07,1.15,1.15,0.03,1.11,0.57,54.29,0.64
Jeremy Ngakia,,DF,0,1,0,0,2021-2022,Watford,20,9,903,10.0,0.01,0.05,0.06,56.7,4.1,23.4,22.6,11.3,0.2,56.7,1.7,0.9,5.29,0.8,4.71,24.5,124.0,68.5,1.8,0.9,0.1,1.0,0.5,25.9,2.0
Saúl Ñíguez,ESP,"DF,MF",0,1,1,0,2021-2022,Chelsea,26,5,480,5.3,0.07,0.1,0.16,81.13,2.08,20.75,41.32,19.25,2.45,81.13,0.57,0.38,12.58,0.19,6.28,38.11,167.36,66.23,0.75,0.75,0.19,1.7,2.08,56.04,5.09
Eddie Nketiah,ENG,FW,0,0,0,1,2021-2022,Arsenal,22,8,835,9.3,0.47,0.22,0.69,38.49,0.86,3.76,14.73,20.22,6.56,38.49,3.23,1.51,5.02,1.72,5.73,22.58,158.92,76.13,2.9,2.15,1.18,2.8,1.18,29.14,7.1
Nicolas Nkoulou,CMR,DF,0,1,0,0,2021-2022,Watford,31,2,168,1.9,0.0,0.01,0.01,38.42,4.74,18.95,18.42,1.05,0.0,38.42,0.53,0.53,52.63,0.0,0.0,18.42,72.63,17.89,0.0,0.0,0.0,0.0,0.53,21.58,0.0
Mark Noble,ENG,MF,0,0,1,0,2021-2022,West Ham,34,3,332,3.7,0.43,0.0,0.43,87.84,1.35,21.62,56.76,10.81,0.54,87.3,1.08,0.81,20.27,0.27,6.76,58.65,234.86,94.59,0.54,2.43,0.0,0.0,1.08,67.03,0.81
Mathias Normann,NOR,MF,0,0,1,0,2021-2022,Norwich City,25,20,1645,18.3,0.05,0.1,0.15,54.1,4.15,18.09,28.2,8.52,0.27,54.1,1.64,0.93,3.1,0.71,2.37,28.52,143.77,62.51,0.87,0.55,0.11,1.48,0.93,31.15,0.44
Christian Nørgaard,DEN,MF,0,0,1,0,2021-2022,Brentford,27,35,3054,33.9,0.11,0.1,0.21,61.33,3.22,16.84,35.96,9.09,1.74,61.33,0.8,0.53,1.97,0.27,0.98,25.93,97.82,47.99,0.5,0.65,0.09,0.77,0.77,32.57,0.91
Angelo Ogbonna,ITA,DF,0,1,0,0,2021-2022,West Ham,33,11,921,10.2,0.03,0.0,0.03,53.14,6.18,28.43,23.73,1.27,0.59,53.14,0.1,0.1,9.8,0.0,0.0,31.76,159.12,72.65,0.2,0.0,0.0,0.2,0.1,36.86,0.0
Michael Olise,FRA,"FW,MF",0,0,1,1,2021-2022,Crystal Palace,19,12,1141,12.7,0.13,0.3,0.44,65.28,1.26,8.03,27.4,31.18,3.31,65.28,4.88,2.2,3.56,2.68,4.31,39.37,265.91,137.48,4.33,2.91,0.79,2.13,1.65,46.38,8.66
Robin Olsen,SWE,GK,1,0,0,0,2021-2022,Aston Villa,31,1,90,1.0,0.0,0.0,0.0,47.0,46.0,47.0,0.0,0.0,0.0,47.0,0.0,0.0,,0.0,,22.0,132.0,114.0,0.0,0.0,0.0,0.0,0.0,13.0,0.0
Andrew Omobamidele,IRL,DF,0,1,0,0,2021-2022,Norwich City,19,4,382,4.2,0.06,0.0,0.06,66.43,6.43,32.86,29.52,4.29,0.48,66.43,0.0,0.0,,0.0,,38.57,213.57,110.71,1.43,0.71,0.0,1.43,0.0,38.57,0.24
Tyler Onyango,ENG,MF,0,0,1,0,2021-2022,Everton,18,0,28,0.3,0.15,0.0,0.15,26.67,0.0,3.33,10.0,13.33,3.33,26.67,3.33,0.0,0.0,3.33,333.33,6.67,13.33,0.0,0.0,3.33,0.0,0.0,0.0,13.33,0.0
Frank Onyeka,NGA,MF,0,0,1,0,2021-2022,Brentford,23,12,1045,11.6,0.07,0.02,0.09,40.52,1.9,10.26,21.38,9.4,1.29,40.52,1.47,0.95,5.58,0.52,3.04,21.12,109.66,53.02,1.55,0.6,0.26,1.9,1.21,23.28,2.33
Divock Origi,BEL,FW,0,0,0,1,2021-2022,Liverpool,26,0,133,1.5,1.02,0.0,1.02,42.67,1.33,4.0,8.67,30.0,10.0,42.67,2.0,0.67,22.2,1.33,44.47,25.33,116.0,34.67,2.0,0.67,0.67,5.33,2.0,33.33,6.0
Alex Oxlade-Chamberlain,ENG,"MF,FW",0,0,1,1,2021-2022,Liverpool,27,9,785,8.7,0.15,0.13,0.28,58.39,0.57,5.17,27.36,26.55,3.56,58.39,1.95,1.38,8.11,0.57,3.38,36.67,223.56,118.74,3.91,3.22,0.92,1.84,1.15,42.76,7.24
Cole Palmer,ENG,"FW,MF",0,0,1,1,2021-2022,Manchester City,19,1,123,1.4,0.31,0.16,0.47,54.29,0.0,0.71,20.0,34.29,7.14,54.29,1.43,0.71,35.71,0.71,35.71,32.14,135.71,57.14,2.14,1.43,1.43,5.0,2.14,44.29,10.71
Emerson Palmieri,ITA,DF,0,1,0,0,2021-2022,Chelsea,26,0,5,0.1,0.0,0.0,0.0,20.0,0.0,0.0,10.0,10.0,10.0,20.0,0.0,0.0,,0.0,,20.0,30.0,30.0,0.0,0.0,0.0,0.0,0.0,20.0,10.0
Thomas Partey,GHA,MF,0,0,1,0,2021-2022,Arsenal,28,23,2028,22.5,0.12,0.05,0.17,64.31,2.76,16.58,36.8,11.64,0.98,64.31,1.91,1.56,3.62,0.36,0.83,35.87,170.22,87.6,0.89,1.29,0.04,1.51,0.76,44.98,0.49
Nicolas Pépé,CIV,"FW,MF",0,0,1,1,2021-2022,Arsenal,26,5,696,7.7,0.34,0.22,0.56,65.97,1.56,7.66,19.74,39.48,7.27,65.97,5.71,2.47,5.61,3.25,7.38,37.01,184.94,69.22,2.6,1.43,1.95,4.42,2.34,44.55,12.6
Ricardo Pereira,POR,DF,0,1,0,0,2021-2022,Leicester City,27,13,991,11.0,0.06,0.12,0.18,74.18,3.55,22.45,34.45,18.0,1.64,74.18,1.73,1.0,5.26,0.73,3.83,33.82,157.73,96.27,2.55,1.64,0.45,1.09,0.55,42.73,3.09
Ayoze Pérez,ESP,"MF,FW",0,0,1,1,2021-2022,Leicester City,28,6,445,4.9,0.32,0.32,0.64,47.55,1.02,7.96,23.88,16.94,3.67,47.55,3.27,2.04,12.76,1.22,7.65,26.12,133.88,74.49,3.27,2.04,1.02,3.27,2.45,31.84,6.12
Sonny Perkins,ENG,MF,0,0,1,0,2021-2022,West Ham,17,0,4,0.0,0.0,0.0,0.0,inf,,,inf,,,inf,,,,,,,,,,,,,,inf,
Romain Perraud,FRA,DF,0,1,0,0,2021-2022,Southampton,23,18,1623,18.0,0.03,0.04,0.07,53.17,2.94,13.94,21.44,18.17,1.39,53.17,1.0,0.44,2.47,0.56,3.09,26.44,142.56,67.83,1.89,1.33,0.28,1.72,0.5,27.89,5.06
Kalvin Phillips,ENG,MF,0,0,1,0,2021-2022,Leeds United,25,18,1596,17.7,0.04,0.04,0.08,67.12,3.67,20.85,37.74,8.87,0.4,67.12,0.68,0.4,3.29,0.28,2.36,34.07,141.75,57.68,0.34,0.28,0.06,1.81,0.9,40.0,0.79
Jaden Philogene Bidace,ENG,FW,0,0,0,1,2021-2022,Aston Villa,19,0,5,0.1,0.0,0.0,0.0,30.0,0.0,0.0,20.0,10.0,0.0,30.0,0.0,0.0,,0.0,,30.0,200.0,0.0,0.0,10.0,0.0,0.0,30.0,30.0,0.0
Jordan Pickford,ENG,GK,1,0,0,0,2021-2022,Everton,27,35,3150,35.0,0.0,0.0,0.0,35.14,27.17,33.97,1.17,0.0,0.0,35.14,0.03,0.03,2.86,0.0,0.0,18.29,130.54,74.34,0.0,0.0,0.0,0.0,0.0,13.43,0.0
Erik Pieters,NED,DF,0,1,0,0,2021-2022,Burnley,32,8,730,8.1,0.02,0.12,0.14,58.64,6.54,20.12,27.9,11.23,0.62,58.64,0.62,0.37,7.41,0.25,4.94,20.99,83.7,50.99,0.86,0.74,0.12,1.73,0.25,21.98,1.36
Ethan Pinnock,JAM,DF,0,1,0,0,2021-2022,Brentford,28,32,2694,29.9,0.04,0.04,0.08,66.66,8.8,35.55,24.08,7.26,1.84,66.66,0.37,0.3,2.74,0.07,0.61,27.76,117.12,73.58,0.37,0.23,0.0,0.4,0.23,32.88,0.6
Daniel Podence,POR,"FW,MF",0,0,1,1,2021-2022,Wolves,25,15,1484,16.5,0.12,0.23,0.36,49.27,0.06,5.15,20.73,24.12,3.15,49.27,4.0,2.12,3.21,1.88,2.85,32.85,221.27,109.27,3.82,2.85,1.27,2.12,2.06,37.88,6.18
Paul Pogba,FRA,"MF,FW",0,0,1,1,2021-2022,Manchester Utd,28,16,1349,15.0,0.18,0.23,0.41,71.87,1.73,10.73,40.8,21.2,3.07,71.87,3.6,2.6,4.81,1.0,1.85,44.67,221.27,121.33,2.27,1.73,0.47,2.8,1.8,56.2,4.13
Nick Pope,ENG,GK,1,0,0,0,2021-2022,Burnley,29,36,3240,36.0,0.0,0.0,0.0,33.17,24.5,32.28,1.03,0.0,0.0,33.17,0.0,0.0,,0.0,,15.69,109.33,69.42,0.0,0.0,0.0,0.0,0.0,8.97,0.0
Isaac Price,NIR,MF,0,0,1,0,2021-2022,Everton,17,0,14,0.2,0.56,0.0,0.56,25.0,0.0,5.0,10.0,10.0,10.0,25.0,0.0,0.0,,0.0,,15.0,50.0,10.0,0.0,0.0,0.0,0.0,5.0,15.0,5.0
Teemu Pukki,FIN,FW,0,0,0,1,2021-2022,Norwich City,31,37,3253,36.1,0.32,0.11,0.42,22.6,0.22,1.16,10.25,11.52,4.13,22.52,1.66,0.75,1.25,0.91,1.52,11.88,76.93,35.51,1.72,0.75,0.97,1.97,1.16,14.16,5.15
Christian Pulisic,USA,"MF,FW",0,0,1,1,2021-2022,Chelsea,22,13,1290,14.3,0.34,0.09,0.43,46.43,0.49,5.1,18.04,24.2,4.83,46.43,3.99,1.75,3.07,2.24,3.92,30.7,196.15,86.22,3.08,2.17,1.26,3.5,1.75,35.73,7.55
Przemysław Płacheta,POL,"FW,MF",0,0,1,1,2021-2022,Norwich City,23,6,504,5.6,0.07,0.14,0.2,39.82,1.25,8.93,14.11,17.68,2.5,39.82,3.39,1.79,9.39,1.61,8.46,24.29,191.07,92.86,3.39,1.25,1.07,1.25,1.96,24.82,6.25
Jesurun Rak Sakyi,ENG,"FW,MF",0,0,1,1,2021-2022,Crystal Palace,18,1,80,0.9,0.0,0.0,0.0,45.56,1.11,6.67,23.33,15.56,1.11,45.56,2.22,0.0,0.0,2.22,111.11,27.78,177.78,90.0,2.22,1.11,0.0,3.33,2.22,30.0,4.44
Aaron Ramsdale,ENG,GK,1,0,0,0,2021-2022,Arsenal,23,34,3060,34.0,0.0,0.0,0.0,37.0,27.26,36.62,0.44,0.0,0.0,37.0,0.03,0.03,2.94,0.0,0.0,23.74,122.5,73.12,0.0,0.0,0.0,0.03,0.0,18.53,0.0
Jacob Ramsey,ENG,MF,0,0,1,0,2021-2022,Aston Villa,20,29,2467,27.4,0.15,0.07,0.22,49.67,1.79,8.87,26.46,14.82,2.15,49.67,1.75,1.09,2.28,0.66,1.37,33.03,237.45,112.77,3.32,2.3,0.8,2.12,1.31,36.24,3.36
Raphinha,BRA,"FW,MF",0,0,1,1,2021-2022,Leeds United,24,34,2915,32.4,0.31,0.23,0.54,55.43,1.42,7.65,23.24,25.49,4.01,55.31,4.51,1.91,1.31,2.59,1.77,30.59,185.03,88.86,2.75,1.7,1.23,3.06,1.08,36.57,8.83
Marcus Rashford,ENG,"FW,MF",0,0,1,1,2021-2022,Manchester Utd,23,13,1235,13.7,0.21,0.15,0.36,41.61,0.44,3.65,15.99,22.63,5.04,41.61,3.87,1.61,3.03,2.26,4.27,26.2,175.26,86.42,3.65,2.19,1.9,2.85,1.9,33.8,8.61
Milot Rashica,KVX,"FW,MF",0,0,1,1,2021-2022,Norwich City,25,25,2229,24.8,0.11,0.08,0.19,36.73,1.53,7.18,12.82,17.5,2.38,36.73,2.94,0.65,0.88,2.3,3.15,21.21,160.36,82.5,3.06,1.77,0.85,2.74,1.53,22.5,5.56
David Raya,ESP,GK,1,0,0,0,2021-2022,Brentford,25,24,2160,24.0,0.0,0.0,0.0,47.46,36.42,46.08,1.38,0.0,0.0,47.46,0.0,0.0,,0.0,,28.79,158.88,93.75,0.0,0.0,0.0,0.08,0.0,24.0,0.0
Nathan Redmond,ENG,"MF,FW",0,0,1,1,2021-2022,Southampton,27,20,1833,20.4,0.08,0.19,0.27,45.34,1.18,6.67,17.3,22.06,2.25,45.34,1.91,1.03,2.64,0.88,2.26,25.69,169.22,85.54,3.48,2.25,0.83,1.37,0.74,29.51,6.42
Sergio Reguilón,ESP,"DF,MF",0,1,1,0,2021-2022,Tottenham,24,22,1916,21.3,0.14,0.16,0.3,58.17,3.15,16.01,22.54,20.19,2.25,58.17,2.16,0.89,1.94,1.27,2.76,30.38,166.48,84.18,2.96,1.69,0.85,1.41,0.61,35.35,6.76
Declan Rice,ENG,MF,0,0,1,0,2021-2022,West Ham,22,35,3179,35.3,0.03,0.05,0.08,72.18,3.6,18.07,43.85,11.33,1.44,72.18,2.04,1.42,1.97,0.62,0.87,46.46,322.29,165.92,2.95,2.8,0.45,0.74,0.57,50.34,1.25
Taylor Richards,ENG,MF,0,0,1,0,2021-2022,Brighton,20,0,25,0.3,0.05,0.04,0.09,106.67,0.0,0.0,56.67,50.0,0.0,106.67,3.33,0.0,0.0,3.33,333.33,86.67,360.0,160.0,3.33,3.33,0.0,0.0,0.0,86.67,23.33
Richarlison,BRA,FW,0,0,0,1,2021-2022,Everton,24,28,2523,28.0,0.33,0.13,0.46,35.68,1.32,4.89,12.39,19.14,4.82,35.57,2.93,1.43,1.74,1.46,1.79,20.57,120.5,45.39,1.57,0.93,0.57,3.32,1.93,23.5,5.21
Jaïro Riedewald,NED,MF,0,0,1,0,2021-2022,Crystal Palace,24,1,118,1.3,0.0,0.07,0.07,50.0,2.31,14.62,28.46,9.23,0.77,50.0,1.54,0.77,38.46,0.77,38.46,30.0,119.23,56.92,0.77,3.08,0.0,0.77,0.77,33.08,1.54
Matt Ritchie,SCO,DF,0,1,0,0,2021-2022,Newcastle Utd,31,14,1337,14.9,0.05,0.13,0.18,55.57,2.89,17.25,22.89,15.91,0.47,55.57,0.4,0.27,4.48,0.13,2.23,24.97,90.81,39.19,0.54,0.54,0.07,0.74,0.34,27.45,2.68
Connor Roberts,WAL,DF,0,1,0,0,2021-2022,Burnley,25,19,1692,18.8,0.02,0.07,0.09,55.59,4.04,15.8,25.64,14.57,0.96,55.59,0.64,0.32,2.66,0.32,2.66,23.56,124.84,70.43,1.22,1.06,0.21,0.53,0.32,26.7,2.34
Tyler Roberts,WAL,"MF,FW",0,0,1,1,2021-2022,Leeds United,22,7,987,11.0,0.22,0.09,0.31,39.09,1.18,5.64,17.82,16.09,3.45,39.09,2.0,1.09,4.95,0.91,4.14,22.91,141.09,61.36,1.55,1.64,0.45,2.36,1.27,26.64,5.73
Andrew Robertson,SCO,DF,0,1,0,0,2021-2022,Liverpool,27,29,2537,28.2,0.05,0.2,0.25,90.64,2.73,18.72,41.56,31.28,3.12,90.64,0.82,0.46,2.0,0.35,1.54,50.92,249.75,153.55,3.4,3.01,0.67,0.85,0.53,61.38,8.48
Joe Rodon,WAL,DF,0,1,0,0,2021-2022,Tottenham,23,0,89,1.0,0.0,0.0,0.0,46.0,12.0,19.0,27.0,0.0,0.0,46.0,0.0,0.0,,0.0,,22.0,50.0,11.0,0.0,0.0,0.0,0.0,0.0,24.0,0.0
Rodri,ESP,MF,0,0,1,0,2021-2022,Manchester City,25,33,2884,32.0,0.07,0.04,0.11,99.09,2.81,18.28,62.03,19.44,1.81,99.09,0.69,0.38,1.7,0.31,1.42,62.59,266.03,139.78,1.34,1.69,0.22,0.56,0.72,75.91,1.47
Rodrigo,ESP,"MF,FW",0,0,1,1,2021-2022,Leeds United,30,27,2265,25.2,0.17,0.12,0.29,46.03,1.15,6.43,22.62,17.42,3.06,45.99,1.67,0.87,2.08,0.79,1.89,26.59,136.63,61.55,1.87,1.55,0.36,2.94,1.07,34.09,6.51
Jay Rodriguez,ENG,FW,0,0,0,1,2021-2022,Burnley,32,13,1382,15.4,0.31,0.14,0.45,31.95,1.04,4.81,13.12,14.29,3.51,31.95,0.97,0.52,3.46,0.45,3.03,14.94,73.51,28.9,1.17,1.17,0.19,1.88,0.84,21.82,3.9
Mads Roerslev,DEN,DF,0,1,0,0,2021-2022,Brentford,22,12,1240,13.8,0.03,0.04,0.07,35.72,3.26,13.55,13.12,9.2,0.87,35.72,1.09,0.29,1.93,0.8,5.31,17.68,73.26,28.55,1.01,0.87,0.07,0.65,0.29,18.77,3.91
Cristian Romero,ARG,DF,0,1,0,0,2021-2022,Tottenham,23,21,1844,20.5,0.02,0.01,0.04,77.12,11.27,39.56,33.56,4.88,1.07,77.12,0.68,0.44,3.14,0.24,1.74,48.63,255.95,154.49,1.12,1.07,0.05,0.68,0.24,50.93,0.44
Oriol Romeu,ESP,MF,0,0,1,0,2021-2022,Southampton,29,34,2889,32.1,0.04,0.09,0.13,62.8,2.55,13.43,38.13,11.9,1.59,62.8,1.25,0.93,2.34,0.31,0.78,32.27,163.89,82.62,1.18,1.4,0.22,1.28,0.5,38.72,0.9
Cristiano Ronaldo,POR,FW,0,0,0,1,2021-2022,Manchester Utd,36,27,2456,27.3,0.65,0.11,0.75,42.78,1.1,3.74,18.32,20.99,6.23,42.67,1.17,0.73,2.29,0.44,1.37,23.11,119.12,63.88,2.45,1.47,1.36,1.83,1.1,34.87,7.03
Salomón Rondón,VEN,FW,0,0,0,1,2021-2022,Everton,31,8,790,8.8,0.21,0.08,0.29,32.39,1.36,3.41,12.84,16.25,4.77,32.39,1.14,0.45,4.55,0.68,6.82,14.66,55.91,15.91,0.57,0.45,0.11,2.84,1.14,23.3,4.66
Danny Rose,ENG,DF,0,1,0,0,2021-2022,Watford,31,7,689,7.7,0.03,0.1,0.13,53.12,3.9,17.92,23.12,12.73,0.39,53.12,1.95,1.17,7.79,0.78,5.19,22.86,128.05,53.77,1.56,1.04,0.13,1.3,0.13,22.6,2.47
Jon Rowe,ENG,"FW,MF",0,0,1,1,2021-2022,Norwich City,18,0,223,2.5,0.1,0.21,0.31,44.8,0.8,6.8,18.8,19.6,3.2,44.8,5.2,1.6,12.32,3.6,27.68,30.4,194.0,84.4,1.6,0.8,1.2,2.4,4.0,30.8,8.4
John Ruddy,ENG,GK,1,0,0,0,2021-2022,Wolves,34,1,135,1.5,0.0,0.0,0.0,26.0,24.67,26.0,0.0,0.0,0.0,26.0,0.0,0.0,,0.0,,8.67,66.0,30.0,0.0,0.0,0.0,0.0,0.0,7.33,0.0
Antonio Rüdiger,GER,DF,0,1,0,0,2021-2022,Chelsea,28,34,3035,33.7,0.07,0.02,0.09,83.68,6.26,30.09,45.13,8.84,1.42,83.68,0.36,0.18,1.48,0.18,1.48,52.88,263.68,154.66,1.6,2.14,0.09,0.59,0.24,64.84,0.62
Lukas Rupp,GER,MF,0,0,1,0,2021-2022,Norwich City,30,7,769,8.5,0.08,0.16,0.24,57.41,2.47,11.65,31.06,15.53,1.88,57.41,3.18,2.12,7.85,1.06,3.92,36.35,178.94,80.71,2.0,1.65,0.12,2.35,2.24,41.06,2.71
José Sá,POR,GK,1,0,0,0,2021-2022,Wolves,28,37,3285,36.5,0.0,0.02,0.02,33.04,30.3,32.82,0.22,0.0,0.0,33.04,0.11,0.11,2.74,0.0,0.0,17.59,115.15,78.88,0.0,0.03,0.03,0.05,0.0,10.96,0.0
Allan Saint-Maximin,FRA,"FW,MF",0,0,1,1,2021-2022,Newcastle Utd,24,31,2804,31.2,0.17,0.14,0.3,37.24,0.22,2.76,15.26,20.8,3.56,37.24,7.72,4.81,1.99,2.92,1.21,27.53,286.67,144.78,5.77,3.81,2.02,3.85,2.88,29.26,5.35
Romain Saïss,MAR,DF,0,1,0,0,2021-2022,Wolves,31,31,2705,30.1,0.09,0.01,0.1,71.86,9.34,39.47,28.7,3.92,1.1,71.86,0.33,0.23,2.33,0.1,1.0,38.8,163.36,92.06,0.6,0.66,0.0,0.33,0.17,46.91,0.3
Bukayo Saka,ENG,"FW,MF",0,0,1,1,2021-2022,Arsenal,19,36,2978,33.1,0.31,0.23,0.54,49.27,0.88,5.29,14.98,29.58,6.47,49.21,3.08,1.3,1.27,1.78,1.75,31.21,197.13,110.63,4.23,2.36,2.05,2.57,1.45,35.71,11.72
Mohamed Salah,EGY,FW,0,0,0,1,2021-2022,Liverpool,29,30,2762,30.7,0.74,0.33,1.07,50.55,0.23,1.79,14.82,34.4,9.8,50.36,4.04,1.73,1.39,2.31,1.87,33.55,192.12,94.76,4.07,1.86,3.16,3.22,2.64,42.35,14.69
Mohammed Salisu,GHA,DF,0,1,0,0,2021-2022,Southampton,22,33,2972,33.0,0.06,0.02,0.08,69.24,8.39,31.45,32.39,5.88,1.06,69.24,0.48,0.39,2.46,0.09,0.57,34.39,189.52,103.91,0.94,0.61,0.0,0.48,0.3,36.85,0.21
Albert Sambi Lokonga,BEL,MF,0,0,1,0,2021-2022,Arsenal,21,12,1134,12.6,0.05,0.08,0.13,73.73,2.62,17.22,42.38,14.68,0.32,73.73,0.32,0.24,5.95,0.08,1.98,48.1,269.37,152.46,2.22,1.59,0.08,1.03,0.63,55.24,1.27
Davinson Sánchez,COL,DF,0,1,0,0,2021-2022,Tottenham,25,17,1631,18.1,0.11,0.02,0.13,72.76,7.07,30.83,36.8,5.47,1.22,72.76,0.33,0.22,3.69,0.11,1.84,47.13,234.59,124.7,1.16,1.44,0.0,0.5,0.11,50.5,0.44
Robert Sánchez,ESP,GK,1,0,0,0,2021-2022,Brighton,23,37,3329,37.0,0.0,0.01,0.01,43.57,32.03,43.0,0.57,0.0,0.0,43.57,0.0,0.0,,0.0,,26.7,141.76,97.76,0.0,0.0,0.0,0.0,0.0,25.16,0.0
Jadon Sancho,ENG,"FW,MF",0,0,1,1,2021-2022,Manchester Utd,21,20,1900,21.1,0.17,0.19,0.37,56.3,0.52,6.92,21.37,28.91,4.98,56.3,4.03,2.23,2.62,1.8,2.12,36.49,261.37,145.36,5.26,3.32,2.04,2.09,1.28,43.98,10.52
Morgan Sanson,FRA,MF,0,0,1,0,2021-2022,Aston Villa,26,3,356,4.0,0.0,0.01,0.01,55.75,1.5,11.25,35.0,11.75,0.25,55.75,4.0,3.25,20.32,0.75,4.7,36.5,242.75,122.25,4.0,2.5,0.25,1.25,2.5,35.25,2.5
Samir Santos,BRA,DF,0,1,0,0,2021-2022,Watford,26,19,1673,18.6,0.03,0.0,0.03,46.88,6.34,29.52,16.72,0.97,0.54,46.88,0.16,0.11,3.59,0.05,1.79,21.77,90.11,45.32,0.05,0.22,0.05,0.32,0.16,24.3,0.11
Josh Sargent,USA,"FW,MF",0,0,1,1,2021-2022,Norwich City,21,18,1572,17.5,0.14,0.05,0.19,36.23,1.83,7.2,14.17,15.54,3.2,36.23,1.83,0.91,2.86,0.91,2.86,17.83,98.46,37.89,1.2,0.8,0.34,2.97,1.43,22.17,5.03
Jeremy Sarmiento,ECU,"FW,MF",0,0,1,1,2021-2022,Brighton,19,1,48,0.5,0.0,0.0,0.0,62.0,0.0,4.0,18.0,42.0,2.0,62.0,8.0,2.0,50.0,6.0,150.0,36.0,390.0,206.0,8.0,2.0,2.0,8.0,2.0,38.0,6.0
Ismaila Sarr,SEN,"FW,MF",0,0,1,1,2021-2022,Watford,23,21,1861,20.7,0.23,0.14,0.37,34.78,0.87,4.49,12.13,18.99,3.43,34.73,3.43,1.64,2.31,1.79,2.52,23.82,174.59,87.49,3.82,2.42,1.11,3.43,1.93,25.56,7.63
Malang Sarr,FRA,DF,0,1,0,0,2021-2022,Chelsea,22,6,546,6.1,0.01,0.06,0.07,90.98,5.08,34.1,49.18,7.87,0.0,90.98,0.0,0.0,,0.0,,57.38,239.02,121.97,1.48,2.13,0.16,0.98,0.33,64.1,2.46
Dane Scarlett,ENG,MF,0,0,1,0,2021-2022,Tottenham,17,0,4,0.0,0.0,0.0,0.0,inf,,,inf,,,inf,inf,inf,inf,,,inf,inf,inf,,,,,,inf,
Fabian Schär,SUI,DF,0,1,0,0,2021-2022,Newcastle Utd,29,25,2158,24.0,0.05,0.05,0.1,51.42,6.62,26.83,22.38,3.08,1.12,51.42,0.42,0.25,2.5,0.17,1.67,26.88,153.54,92.71,0.83,0.62,0.0,0.5,0.21,27.88,0.08
Jeffrey Schlupp,GHA,"MF,FW",0,0,1,1,2021-2022,Crystal Palace,28,20,1851,20.6,0.16,0.08,0.24,47.14,2.23,11.41,24.71,11.8,2.86,47.14,2.82,1.7,2.93,1.12,1.93,25.24,130.1,59.13,1.5,1.21,0.53,2.04,1.6,27.43,2.91
Kasper Schmeichel,DEN,GK,1,0,0,0,2021-2022,Leicester City,34,37,3330,37.0,0.0,0.0,0.0,37.46,32.78,37.11,0.35,0.0,0.0,37.46,0.03,0.03,2.7,0.0,0.0,19.41,102.84,62.19,0.03,0.0,0.0,0.05,0.0,16.22,0.0
Ken Sema,SWE,"MF,FW",0,0,1,1,2021-2022,Watford,27,7,852,9.5,0.01,0.13,0.15,34.21,2.0,9.26,14.0,11.68,1.58,34.21,2.84,1.26,4.67,1.58,5.85,19.16,128.53,46.74,2.0,0.84,0.42,1.89,2.63,19.68,3.79
Nélson Semedo,POR,"MF,DF",0,1,1,0,2021-2022,Wolves,27,25,2131,23.7,0.07,0.06,0.12,62.74,3.8,17.55,25.53,20.3,2.19,62.74,2.7,1.65,2.57,1.05,1.65,32.15,192.83,109.66,3.33,2.66,0.72,2.15,1.14,35.7,6.16
Ryan Sessegnon,ENG,"DF,MF",0,1,1,0,2021-2022,Tottenham,21,13,1047,11.6,0.03,0.23,0.26,49.48,3.28,14.31,16.21,19.22,3.36,49.48,1.64,0.52,2.72,1.12,5.9,26.03,153.36,80.26,2.59,0.6,0.86,2.84,1.03,28.02,6.9
Jamie Shackleton,ENG,"DF,MF",0,1,1,0,2021-2022,Leeds United,21,7,709,7.9,0.02,0.0,0.02,63.16,3.29,24.05,28.48,11.52,1.77,63.16,2.15,1.39,8.19,0.76,4.47,31.14,168.23,91.01,2.53,1.65,0.51,0.63,0.25,34.94,2.53
Luke Shaw,ENG,DF,0,1,0,0,2021-2022,Manchester Utd,26,19,1601,17.8,0.01,0.2,0.21,73.93,3.09,16.46,33.54,24.49,0.84,73.93,0.79,0.39,2.81,0.39,2.81,38.31,213.37,123.09,2.7,2.36,0.17,0.62,0.79,46.97,3.88
Jonjo Shelvey,ENG,MF,0,0,1,0,2021-2022,Newcastle Utd,29,22,1983,22.0,0.04,0.05,0.09,50.59,2.55,14.41,29.45,7.59,0.14,50.59,0.55,0.41,3.41,0.14,1.14,25.41,113.0,45.95,0.5,0.55,0.05,0.86,0.23,29.09,0.32
Shola Shoretire,ENG,MF,0,0,1,0,2021-2022,Manchester Utd,17,0,16,0.2,0.0,0.0,0.0,30.0,5.0,10.0,0.0,20.0,0.0,30.0,0.0,0.0,,0.0,,15.0,85.0,15.0,0.0,0.0,0.0,0.0,0.0,15.0,5.0
Francisco Sierralta,CHI,DF,0,1,0,0,2021-2022,Watford,24,5,427,4.7,0.01,0.0,0.01,52.77,12.77,39.79,12.55,0.43,0.43,52.77,0.43,0.43,21.28,0.0,0.0,25.11,124.89,63.62,0.21,0.0,0.0,0.21,0.0,29.15,0.0
Bernardo Silva,POR,"MF,FW",0,0,1,1,2021-2022,Manchester City,26,33,2857,31.7,0.21,0.21,0.42,72.02,1.14,9.15,31.83,31.61,5.65,72.02,2.9,1.67,1.82,1.23,1.34,48.96,293.53,158.04,4.61,3.22,1.07,1.7,0.79,55.71,8.74
Fábio Silva,POR,FW,0,0,0,1,2021-2022,Wolves,19,6,572,6.4,0.28,0.03,0.3,31.41,0.16,1.72,14.38,15.94,5.78,31.41,2.97,1.09,5.75,1.88,9.88,15.16,104.38,65.16,2.19,2.03,0.62,2.81,2.19,22.34,6.41
Thiago Silva,BRA,DF,0,1,0,0,2021-2022,Chelsea,36,28,2650,29.4,0.03,0.01,0.04,98.71,12.35,42.69,53.44,2.86,0.82,98.71,0.24,0.2,2.91,0.03,0.49,62.79,337.21,217.99,0.48,0.82,0.0,0.24,0.1,73.74,0.07
Ellis Simms,ENG,FW,0,0,0,1,2021-2022,Everton,20,1,61,0.7,0.0,0.0,0.0,25.71,2.86,4.29,14.29,7.14,0.0,25.71,0.0,0.0,,0.0,,4.29,12.86,4.29,0.0,0.0,0.0,1.43,1.43,18.57,2.86
Moussa Sissoko,FRA,MF,0,0,1,0,2021-2022,Watford,31,36,3220,35.8,0.11,0.09,0.19,43.41,3.49,11.65,23.72,9.08,1.01,43.41,2.12,1.45,1.91,0.67,0.88,20.84,111.51,57.99,1.42,0.98,0.08,1.37,1.48,22.96,1.98
Oliver Skipp,ENG,MF,0,0,1,0,2021-2022,Tottenham,20,14,1350,15.0,0.02,0.05,0.07,64.87,1.73,11.4,43.53,10.13,0.73,64.87,0.4,0.27,4.45,0.13,2.22,38.73,191.8,96.93,1.8,1.87,0.2,1.0,0.73,47.4,1.2
William Smallbone,IRL,"MF,FW",0,0,1,1,2021-2022,Southampton,21,2,133,1.5,0.03,0.03,0.06,36.0,1.33,7.33,14.67,14.67,2.0,36.0,0.0,0.0,,0.0,,15.33,96.67,56.0,2.67,2.0,0.0,2.0,0.0,18.0,4.67
Emile Smith Rowe,ENG,"MF,FW",0,0,1,1,2021-2022,Arsenal,21,21,1921,21.3,0.28,0.09,0.38,48.12,0.89,6.67,19.62,22.49,2.91,48.12,2.49,1.5,2.84,0.99,1.86,29.86,187.32,100.05,3.05,2.07,0.94,1.92,1.17,35.16,6.53
Cédric Soares,POR,DF,0,1,0,0,2021-2022,Arsenal,29,16,1486,16.5,0.03,0.09,0.13,75.88,3.15,19.39,34.42,22.79,0.79,75.88,0.73,0.48,4.04,0.24,2.02,41.03,172.18,74.18,1.03,1.33,0.06,0.91,0.67,46.61,3.39
Tomáš Souček,CZE,MF,0,0,1,0,2021-2022,West Ham,26,34,3062,34.0,0.16,0.06,0.22,51.74,4.44,13.76,28.32,10.0,2.53,51.74,0.47,0.29,1.84,0.18,1.1,23.59,109.26,44.76,1.06,0.71,0.09,1.18,0.47,30.18,1.59
Boubakary Soumaré,FRA,MF,0,0,1,0,2021-2022,Leicester City,22,12,1102,12.2,0.03,0.03,0.06,54.43,2.3,14.26,32.46,8.28,0.57,54.43,1.97,1.15,4.78,0.82,3.42,29.43,145.25,47.95,0.82,1.31,0.08,2.05,1.07,38.93,1.31
Çağlar Söyüncü,TUR,DF,0,1,0,0,2021-2022,Leicester City,25,28,2497,27.7,0.04,0.0,0.04,80.0,10.25,42.82,35.45,2.35,0.58,80.0,0.29,0.14,1.81,0.14,1.81,50.29,252.13,122.78,0.69,0.54,0.0,0.32,0.11,54.48,0.18
Tony Springett,IRL,"MF,FW",0,0,1,1,2021-2022,Norwich City,18,1,141,1.6,0.11,0.34,0.45,32.5,1.25,9.38,13.75,11.25,3.12,32.5,1.25,0.62,31.25,0.62,31.25,24.38,202.5,126.88,5.0,1.25,1.88,1.25,1.88,24.38,6.88
Jason Steele,ENG,GK,1,0,0,0,2021-2022,Brighton,30,1,90,1.0,0.0,0.0,0.0,41.0,37.0,41.0,1.0,0.0,0.0,41.0,0.0,0.0,,0.0,,19.0,98.0,28.0,0.0,0.0,0.0,0.0,0.0,28.0,0.0
Jed Steer,ENG,GK,1,0,0,0,2021-2022,Aston Villa,28,1,90,1.0,0.0,0.0,0.0,38.0,34.0,37.0,1.0,0.0,0.0,38.0,0.0,0.0,,0.0,,19.0,123.0,70.0,0.0,0.0,0.0,0.0,0.0,18.0,0.0
Zack Steffen,USA,GK,1,0,0,0,2021-2022,Manchester City,26,1,90,1.0,0.0,0.0,0.0,42.0,38.0,42.0,0.0,0.0,0.0,42.0,0.0,0.0,,0.0,,19.0,86.0,40.0,0.0,0.0,0.0,0.0,0.0,20.0,0.0
Dale Stephens,ENG,MF,0,0,1,0,2021-2022,Burnley,32,1,124,1.4,0.02,0.02,0.04,50.71,2.14,7.14,38.57,5.0,0.0,50.71,0.0,0.0,,0.0,,17.86,72.86,18.57,0.0,0.71,0.0,1.43,0.0,25.0,0.71
Jack Stephens,ENG,DF,0,1,0,0,2021-2022,Southampton,27,9,811,9.0,0.0,0.04,0.04,62.89,8.56,32.0,28.89,2.33,0.33,62.89,0.22,0.22,11.11,0.0,0.0,34.11,171.33,110.11,0.78,1.0,0.0,0.22,0.11,35.33,0.33
Raheem Sterling,ENG,FW,0,0,0,1,2021-2022,Manchester City,26,23,2128,23.6,0.59,0.23,0.82,49.7,0.34,2.16,14.36,33.77,8.09,49.58,4.75,2.25,2.0,2.5,2.23,37.54,224.45,109.07,4.58,2.29,2.75,2.63,2.29,41.99,13.43
Finley Stevens,WAL,DF,0,1,0,0,2021-2022,Brentford,18,0,15,0.2,0.0,0.33,0.33,45.0,5.0,5.0,25.0,15.0,5.0,45.0,0.0,0.0,,0.0,,25.0,85.0,20.0,0.0,0.0,0.0,0.0,0.0,25.0,10.0
John Stones,ENG,DF,0,1,0,0,2021-2022,Manchester City,27,12,1119,12.4,0.07,0.01,0.09,86.45,6.61,28.71,50.89,7.34,0.81,86.45,0.73,0.65,7.17,0.08,0.9,61.94,364.44,212.74,2.26,1.85,0.0,0.32,0.08,68.23,0.56
Pascal Struijk,NED,"DF,MF",0,1,1,0,2021-2022,Leeds United,21,22,2055,22.8,0.06,0.02,0.08,67.24,7.54,35.13,28.64,3.73,0.92,67.24,0.13,0.09,2.93,0.04,1.46,35.22,164.39,89.87,0.35,0.22,0.0,0.79,0.22,40.88,0.44
Crysencio Summerville,NED,"MF,FW",0,0,1,1,2021-2022,Leeds United,19,0,130,1.4,0.17,0.03,0.19,66.43,0.71,11.43,18.57,36.43,6.43,66.43,5.0,2.86,40.79,2.14,30.64,40.0,220.71,113.57,3.57,0.0,0.0,2.86,1.43,44.29,11.43
Jakob Sørensen,DEN,"MF,DF",0,1,1,0,2021-2022,Norwich City,23,6,604,6.7,0.07,0.0,0.07,56.87,4.93,22.99,29.1,5.52,1.19,56.87,0.6,0.45,11.19,0.15,3.73,32.69,158.66,78.21,0.6,0.15,0.0,0.3,0.3,34.78,0.6
Japhet Tanganga,ENG,DF,0,1,0,0,2021-2022,Tottenham,22,10,735,8.2,0.05,0.03,0.08,60.12,5.49,19.88,29.39,11.46,1.22,60.12,0.85,0.61,8.71,0.24,3.49,33.54,169.27,95.37,1.59,1.34,0.24,0.85,0.61,38.41,2.56
Matt Targett,ENG,DF,0,1,0,0,2021-2022,Aston Villa,25,17,1431,15.9,0.03,0.11,0.14,61.89,3.77,18.43,27.48,16.29,0.94,61.89,0.38,0.06,1.05,0.31,5.24,29.31,101.76,55.72,1.19,1.01,0.13,0.57,0.25,34.15,4.97
Matt Targett,ENG,DF,0,1,0,0,2021-2022,Newcastle Utd,25,16,1440,16.0,0.02,0.12,0.14,58.75,3.75,19.25,25.25,14.56,0.69,58.75,1.06,0.62,3.68,0.44,2.58,22.38,76.06,35.12,0.69,0.5,0.12,0.81,0.31,26.25,2.5
James Tarkowski,ENG,DF,0,1,0,0,2021-2022,Burnley,28,35,3106,34.5,0.07,0.01,0.09,47.04,8.0,23.74,20.35,3.33,1.94,47.04,0.2,0.14,2.07,0.06,0.83,17.28,73.91,35.54,0.09,0.17,0.0,0.38,0.14,20.35,0.32
Nuno Tavares,POR,DF,0,1,0,0,2021-2022,Arsenal,21,13,1176,13.1,0.14,0.08,0.22,68.85,3.89,21.22,26.41,22.21,2.98,68.85,2.75,1.37,3.82,1.37,3.82,38.93,236.18,128.4,3.59,2.21,0.92,2.21,0.99,42.75,6.95
Charlie Taylor,ENG,DF,0,1,0,0,2021-2022,Burnley,27,30,2731,30.3,0.01,0.13,0.13,57.56,5.61,19.5,24.09,14.59,0.43,57.56,1.75,0.89,1.68,0.86,1.62,25.05,169.97,70.73,1.91,1.19,0.23,1.02,0.5,26.93,2.54
Nathan Tella,NGA,"MF,FW",0,0,1,1,2021-2022,Southampton,22,10,804,8.9,0.07,0.07,0.13,36.4,0.9,6.74,14.16,16.85,2.25,36.4,2.92,1.12,4.33,1.8,6.91,21.8,165.51,75.39,2.47,2.47,0.45,4.49,2.7,20.56,4.94
Alex Telles,BRA,DF,0,1,0,0,2021-2022,Manchester Utd,28,18,1660,18.4,0.02,0.1,0.12,75.87,3.59,22.12,30.54,23.8,0.98,75.87,1.2,0.65,2.96,0.54,2.47,40.49,185.92,103.48,1.96,2.01,0.05,0.82,0.54,46.2,5.54
Luke Thomas,ENG,DF,0,1,0,0,2021-2022,Leicester City,20,21,1912,21.2,0.01,0.06,0.07,72.31,4.06,23.07,34.76,14.91,0.71,72.31,1.08,0.71,3.08,0.38,1.64,35.09,140.05,76.98,1.32,1.32,0.09,1.56,0.94,41.6,2.78
Dominic Thompson,ENG,DF,0,1,0,0,2021-2022,Brentford,21,2,146,1.6,0.04,0.0,0.04,35.62,5.0,19.38,9.38,7.5,1.25,35.62,1.25,0.0,0.0,1.25,62.5,15.62,60.0,23.12,0.0,0.0,0.0,1.25,0.0,18.12,1.88
Youri Tielemans,BEL,MF,0,0,1,0,2021-2022,Leicester City,24,29,2631,29.2,0.15,0.15,0.29,72.29,2.67,15.31,41.75,16.1,1.23,72.23,1.34,0.86,2.2,0.48,1.23,38.6,144.49,73.77,1.06,1.23,0.17,1.51,1.03,51.85,2.36
Kieran Tierney,SCO,DF,0,1,0,0,2021-2022,Arsenal,24,22,1915,21.3,0.03,0.09,0.11,63.24,2.91,15.87,27.28,20.47,1.64,63.24,1.08,0.42,1.84,0.66,2.86,34.27,176.15,102.68,2.91,1.5,0.33,0.85,0.38,39.06,6.01
Takehiro Tomiyasu,JPN,DF,0,1,0,0,2021-2022,Arsenal,22,20,1679,18.7,0.03,0.05,0.09,70.05,3.9,21.5,33.8,15.24,1.07,70.05,0.8,0.48,3.21,0.32,2.14,33.85,163.85,78.72,1.71,1.39,0.21,1.44,0.64,39.73,2.19
James Tomkins,ENG,DF,0,1,0,0,2021-2022,Crystal Palace,32,6,547,6.1,0.08,0.03,0.11,61.15,12.79,42.62,17.05,1.48,1.31,61.15,0.16,0.16,16.39,0.0,0.0,34.59,130.66,51.31,0.16,0.0,0.0,0.33,0.0,40.82,0.16
Ivan Toney,ENG,FW,0,0,0,1,2021-2022,Brentford,25,32,2909,32.3,0.35,0.18,0.53,37.09,1.64,4.46,15.94,17.03,4.89,36.93,1.55,0.74,1.49,0.8,1.61,19.81,79.78,32.26,0.87,0.8,0.4,3.37,1.36,28.17,5.2
Ferrán Torres,ESP,FW,0,0,0,1,2021-2022,Manchester City,21,4,303,3.4,0.83,0.01,0.84,29.41,0.0,2.06,7.94,19.41,7.06,29.41,1.76,1.18,19.62,0.59,9.79,16.76,72.35,26.47,1.47,0.29,0.88,1.18,0.59,22.65,7.65
Cenk Tosun,TUR,MF,0,0,1,0,2021-2022,Everton,30,0,7,0.1,0.0,0.0,0.0,30.0,0.0,0.0,30.0,0.0,0.0,30.0,0.0,0.0,,0.0,,30.0,20.0,0.0,0.0,0.0,0.0,10.0,0.0,20.0,0.0
Andros Townsend,ENG,"MF,FW",0,0,1,1,2021-2022,Everton,30,17,1455,16.2,0.14,0.19,0.33,43.7,0.8,7.28,15.86,21.17,1.67,43.64,2.96,1.6,3.35,1.36,2.83,24.69,158.64,71.05,2.53,1.73,0.43,2.72,1.17,26.54,6.17
Adama Traoré,ESP,"FW,MF",0,0,1,1,2021-2022,Wolves,25,10,1067,11.9,0.25,0.12,0.37,39.83,0.25,3.95,15.88,22.27,4.29,39.83,8.57,6.97,6.84,1.6,1.56,28.66,324.71,174.45,7.06,3.53,2.1,3.87,2.44,33.36,7.14
Bertrand Traoré,BFA,"MF,FW",0,0,1,1,2021-2022,Aston Villa,25,1,220,2.4,0.13,0.0,0.13,52.08,0.42,2.5,24.17,26.25,5.83,52.08,7.92,4.17,21.92,3.75,19.75,38.33,320.0,112.92,5.0,1.67,2.5,5.0,0.83,39.17,5.42
Trézéguet,EGY,FW,0,0,0,1,2021-2022,Aston Villa,26,0,11,0.1,0.38,0.0,0.38,100.0,0.0,0.0,30.0,70.0,10.0,100.0,10.0,10.0,1000.0,0.0,0.0,90.0,600.0,190.0,0.0,0.0,0.0,20.0,0.0,90.0,40.0
Francisco Trincão,POR,"FW,MF",0,0,1,1,2021-2022,Wolves,21,16,1336,14.8,0.25,0.11,0.36,45.68,0.14,4.32,20.88,21.35,3.11,45.68,5.81,2.97,3.46,2.84,3.3,26.76,195.68,101.62,3.78,1.82,1.08,3.04,1.22,31.76,6.28
Kieran Trippier,ENG,DF,0,1,0,0,2021-2022,Newcastle Utd,30,5,429,4.8,0.05,0.06,0.1,70.62,4.58,22.71,32.29,16.46,0.0,70.62,0.62,0.21,6.94,0.42,13.9,22.08,66.04,35.21,0.42,0.62,0.21,0.21,0.21,26.88,1.67
William Troost-Ekong,NGA,DF,0,1,0,0,2021-2022,Watford,27,15,1390,15.4,0.01,0.0,0.01,48.64,9.48,30.52,17.27,1.1,0.45,48.64,0.13,0.06,3.25,0.06,3.25,26.88,133.77,87.08,0.45,0.0,0.0,0.32,0.0,28.12,0.19
Leandro Trossard,BEL,"FW,MF",0,0,1,1,2021-2022,Brighton,26,32,2805,31.2,0.21,0.15,0.37,49.2,0.74,4.68,18.37,26.73,4.84,49.17,2.56,1.79,2.24,0.77,0.96,31.63,187.4,86.09,3.11,1.67,1.38,2.98,2.34,37.28,7.12
Kostas Tsimikas,GRE,DF,0,1,0,0,2021-2022,Liverpool,25,9,877,9.7,0.06,0.27,0.34,83.4,4.02,17.53,32.27,34.23,3.3,83.4,2.06,0.82,4.12,1.24,6.19,44.33,266.08,146.6,4.95,2.27,0.72,0.82,0.52,50.0,11.24
Axel Tuanzebe,COD,DF,0,1,0,0,2021-2022,Aston Villa,23,6,508,5.6,0.02,0.0,0.02,50.0,7.5,28.04,20.89,1.43,1.07,50.0,0.0,0.0,,0.0,,31.61,133.39,75.54,0.18,0.0,0.0,0.54,0.0,32.32,0.0
Ozan Tufan,TUR,MF,0,0,1,0,2021-2022,Watford,26,4,334,3.7,0.15,0.09,0.24,41.89,1.08,5.95,23.51,12.7,2.43,41.89,1.62,0.81,13.51,0.81,13.51,18.92,114.05,36.76,0.54,0.81,0.27,1.35,0.81,24.32,3.51
Christos Tzolis,GRE,"FW,MF",0,0,1,1,2021-2022,Norwich City,19,3,336,3.7,0.12,0.18,0.3,37.84,1.08,6.76,11.62,19.73,4.86,37.84,0.54,0.0,0.0,0.54,27.03,24.32,115.14,57.57,2.16,1.89,1.08,2.7,1.08,27.03,8.38
Yan Valery,TUN,DF,0,1,0,0,2021-2022,Southampton,22,3,370,4.1,0.01,0.03,0.04,51.95,4.63,19.76,25.37,6.83,0.0,51.95,1.22,0.24,4.88,0.98,19.51,25.85,137.07,57.07,0.73,0.98,0.0,0.24,0.49,23.17,0.98
Virgil van Dijk,NED,DF,0,1,0,0,2021-2022,Liverpool,30,34,3060,34.0,0.06,0.05,0.11,85.12,8.82,38.12,44.53,2.65,1.68,85.12,0.24,0.18,2.21,0.06,0.74,50.5,192.06,99.38,0.32,0.12,0.0,0.15,0.09,61.65,0.12
Raphaël Varane,FRA,DF,0,1,0,0,2021-2022,Manchester Utd,28,20,1831,20.3,0.03,0.01,0.05,65.81,7.98,31.77,32.46,1.97,0.74,65.81,0.15,0.1,3.29,0.05,1.64,40.3,231.72,131.13,0.54,0.39,0.0,0.34,0.0,44.19,0.1
Jamie Vardy,ENG,FW,0,0,0,1,2021-2022,Leicester City,34,20,1806,20.1,0.54,0.07,0.61,20.35,0.9,1.29,7.56,11.64,5.17,20.35,1.09,0.45,2.03,0.65,2.94,9.95,69.25,37.21,1.84,0.85,1.24,1.24,0.4,13.58,5.57
Joël Veltman,NED,DF,0,1,0,0,2021-2022,Brighton,29,33,2874,31.9,0.02,0.05,0.07,70.06,5.52,25.42,33.01,12.19,0.78,70.06,1.0,0.5,1.57,0.5,1.57,35.71,151.94,65.61,0.78,0.75,0.06,0.88,0.31,39.15,2.04
Jannik Vestergaard,DEN,DF,0,1,0,0,2021-2022,Leicester City,28,6,567,6.3,0.02,0.0,0.02,72.54,14.76,40.48,30.48,1.59,0.79,72.54,0.63,0.63,15.87,0.0,0.0,43.33,188.73,89.37,0.32,0.48,0.0,0.63,0.0,48.89,0.0
Nikola Vlašić,CRO,"FW,MF",0,0,1,1,2021-2022,West Ham,23,6,560,6.2,0.21,0.1,0.31,44.68,0.16,5.0,20.32,20.32,3.55,44.68,2.9,1.45,8.06,1.45,8.06,28.87,197.26,86.77,3.39,1.94,1.61,1.94,1.45,33.71,7.74
Matěj Vydra,CZE,FW,0,0,0,1,2021-2022,Burnley,29,5,679,7.5,0.39,0.1,0.49,27.73,1.2,2.93,8.53,16.53,4.8,27.73,1.73,0.8,6.16,0.93,7.17,15.87,60.27,17.6,0.27,0.53,0.27,4.0,1.2,18.67,5.73
Theo Walcott,ENG,"MF,FW",0,0,1,1,2021-2022,Southampton,32,5,379,4.2,0.15,0.01,0.16,29.76,0.71,6.19,9.76,14.29,4.29,29.76,0.71,0.24,7.93,0.48,15.88,16.9,88.33,25.95,0.71,0.48,0.71,2.38,0.24,20.48,4.52
Kyle Walker,ENG,DF,0,1,0,0,2021-2022,Manchester City,31,20,1755,19.5,0.01,0.06,0.08,90.77,2.0,17.64,53.59,19.85,1.18,90.77,0.72,0.36,2.56,0.36,2.56,57.85,243.69,110.0,2.21,1.85,0.26,0.77,0.31,69.54,3.33
Kyle Walker-Peters,ENG,DF,0,1,0,0,2021-2022,Southampton,24,29,2633,29.3,0.04,0.09,0.13,58.53,2.94,14.57,24.37,20.75,2.59,58.53,3.24,2.18,2.3,1.06,1.11,32.12,224.27,132.53,4.57,3.14,1.13,1.43,1.47,33.48,5.63
Aaron Wan-Bissaka,ENG,DF,0,1,0,0,2021-2022,Manchester Utd,23,20,1793,19.9,0.02,0.04,0.06,68.59,3.77,22.81,28.39,18.39,1.41,68.59,3.07,1.81,2.96,1.26,2.06,35.98,205.43,107.09,2.76,2.06,0.4,1.16,0.65,40.95,4.52
Danny Ward,WAL,GK,1,0,0,0,2021-2022,Leicester City,28,1,90,1.0,0.0,0.0,0.0,37.0,33.0,37.0,0.0,0.0,0.0,37.0,0.0,0.0,,0.0,,24.0,82.0,56.0,0.0,0.0,0.0,0.0,0.0,17.0,0.0
Joel Ward,ENG,DF,0,1,0,0,2021-2022,Crystal Palace,31,27,2487,27.6,0.01,0.02,0.03,73.84,5.43,28.37,33.99,11.96,0.43,73.84,0.94,0.72,2.79,0.22,0.84,37.25,158.91,87.28,0.98,0.87,0.0,1.05,0.65,43.91,1.34
James Ward-Prowse,ENG,MF,0,0,1,0,2021-2022,Southampton,26,36,3215,35.7,0.15,0.18,0.33,68.29,2.16,11.62,36.08,20.95,0.56,68.18,0.56,0.34,1.68,0.22,1.12,29.97,111.82,48.35,0.59,0.81,0.08,0.56,0.7,38.15,1.18
Ollie Watkins,ENG,FW,0,0,0,1,2021-2022,Aston Villa,25,33,2952,32.8,0.35,0.1,0.46,31.89,0.91,1.86,12.9,17.53,5.27,31.86,2.07,1.13,1.66,0.95,1.39,19.21,96.77,48.2,2.26,0.98,1.49,2.62,1.62,25.0,6.89
Adam Webster,ENG,DF,0,1,0,0,2021-2022,Brighton,26,16,1434,15.9,0.06,0.0,0.06,83.21,7.55,36.6,41.57,5.53,0.82,83.21,0.75,0.63,5.24,0.13,1.05,47.99,263.96,168.3,1.19,1.32,0.06,0.5,0.06,57.04,0.44
Wout Weghorst,NED,FW,0,0,0,1,2021-2022,Burnley,28,17,1450,16.1,0.3,0.09,0.39,38.88,1.24,4.16,18.94,15.96,3.6,38.88,1.43,0.81,3.51,0.62,2.7,18.07,67.64,19.25,0.43,0.56,0.19,2.48,1.8,25.71,5.03
Danny Welbeck,ENG,"FW,MF",0,0,1,1,2021-2022,Brighton,30,15,1478,16.4,0.4,0.08,0.47,28.72,1.22,2.07,8.9,17.87,4.33,28.72,1.28,0.61,2.9,0.67,3.2,16.89,81.77,31.34,1.34,0.73,0.49,3.11,1.34,21.83,6.4
Timo Werner,GER,"FW,MF",0,0,1,1,2021-2022,Chelsea,25,15,1283,14.3,0.48,0.02,0.5,38.46,0.14,2.17,11.89,24.97,7.69,38.46,2.31,0.7,2.12,1.61,4.87,22.59,157.06,70.56,3.22,1.19,2.03,2.38,1.33,30.91,10.07
Ashley Westwood,ENG,MF,0,0,1,0,2021-2022,Burnley,31,26,2287,25.4,0.02,0.16,0.19,55.71,1.77,8.78,32.52,14.92,0.63,55.71,0.71,0.39,2.19,0.31,1.75,24.72,94.25,37.32,0.47,0.47,0.12,1.14,0.55,31.65,1.06
Ben White,ENG,DF,0,1,0,0,2021-2022,Arsenal,23,32,2880,32.0,0.03,0.04,0.07,67.03,6.88,31.06,32.84,3.56,0.59,67.03,0.62,0.31,1.56,0.31,1.56,40.47,208.75,131.66,1.19,0.47,0.03,0.56,0.34,45.06,0.12
Brandon Williams,ENG,DF,0,1,0,0,2021-2022,Norwich City,20,23,2120,23.6,0.01,0.08,0.09,59.96,4.66,22.2,25.17,13.47,1.27,59.96,1.65,0.85,2.17,0.81,2.06,33.22,221.44,114.87,2.42,1.99,0.38,1.65,0.72,33.09,2.46
Neco Williams,WAL,DF,0,1,0,0,2021-2022,Liverpool,20,0,8,0.1,0.0,7.82,7.82,100.0,0.0,10.0,50.0,40.0,10.0,100.0,10.0,10.0,1000.0,0.0,0.0,70.0,390.0,290.0,10.0,0.0,10.0,0.0,0.0,90.0,20.0
Joe Willock,ENG,MF,0,0,1,0,2021-2022,Newcastle Utd,21,24,2038,22.6,0.14,0.05,0.2,38.23,0.84,8.58,18.32,12.52,2.61,38.23,3.14,1.59,2.24,1.55,2.18,21.86,141.73,69.51,2.12,1.33,0.62,2.48,0.88,21.95,3.41
Callum Wilson,ENG,FW,0,0,0,1,2021-2022,Newcastle Utd,29,16,1386,15.4,0.4,0.03,0.43,20.78,0.78,1.88,8.12,10.97,4.48,20.65,1.36,0.65,3.09,0.71,3.4,12.47,53.83,20.06,0.91,0.58,0.97,3.83,1.75,15.78,3.38
Harry Winks,ENG,MF,0,0,1,0,2021-2022,Tottenham,25,9,912,10.1,0.01,0.15,0.16,76.04,2.08,16.04,46.83,14.06,0.2,76.04,1.49,0.79,5.28,0.69,4.62,53.27,242.18,96.34,0.99,1.39,0.1,1.58,0.59,58.61,1.78
Yoane Wissa,COD,FW,0,0,0,1,2021-2022,Brentford,24,12,1284,14.3,0.22,0.06,0.28,29.3,0.84,3.99,12.24,13.64,3.29,29.3,2.1,1.33,4.43,0.77,2.57,16.85,85.1,38.95,1.33,0.84,0.42,2.38,0.42,19.86,5.87
Chris Wood,NZL,FW,0,0,0,1,2021-2022,Burnley,29,17,1367,15.2,0.28,0.03,0.31,28.36,0.46,1.25,12.89,14.28,3.03,28.36,0.53,0.26,3.29,0.26,3.29,11.32,32.17,10.79,0.33,0.13,0.13,2.63,0.79,22.5,4.54
Chris Wood,NZL,FW,0,0,0,1,2021-2022,Newcastle Utd,29,15,1327,14.7,0.21,0.07,0.28,31.36,0.95,2.79,16.53,12.11,3.33,31.29,0.68,0.14,1.36,0.54,5.44,13.13,38.03,9.8,0.34,0.48,0.07,2.99,0.54,24.22,4.08
Freddie Woodman,ENG,GK,1,0,0,0,2021-2022,Newcastle Utd,24,4,360,4.0,0.0,0.0,0.0,32.0,28.5,32.0,0.0,0.0,0.0,32.0,0.0,0.0,,0.0,,16.25,104.25,49.5,0.0,0.0,0.0,0.0,0.0,12.0,0.0
Granit Xhaka,SUI,"MF,DF",0,1,1,0,2021-2022,Arsenal,28,27,2327,25.9,0.05,0.09,0.14,68.96,2.36,12.01,39.69,17.8,1.39,68.96,1.0,0.73,2.82,0.27,1.04,39.77,183.24,91.66,1.51,1.12,0.15,0.89,0.89,50.08,2.59
Andriy Yarmolenko,UKR,"FW,MF",0,0,1,1,2021-2022,West Ham,31,1,316,3.5,0.22,0.08,0.3,42.0,1.71,6.57,13.71,21.71,5.43,42.0,2.29,0.86,10.71,1.43,17.86,26.29,151.14,77.43,3.43,0.86,2.29,1.14,0.29,33.43,8.0
Ashley Young,ENG,"DF,FW",0,1,0,1,2021-2022,Aston Villa,36,10,1250,13.9,0.03,0.07,0.1,54.39,2.66,14.89,25.11,15.4,1.01,54.39,1.15,0.65,4.05,0.5,3.15,30.79,151.44,77.7,1.94,1.15,0.5,0.79,0.22,33.88,4.1
Nathan Young-Coombes,ENG,MF,0,0,1,0,2021-2022,Brentford,18,0,4,0.0,0.0,0.0,0.0,inf,,,,inf,,inf,,,,,,inf,,,,,,inf,,inf,
Wilfried Zaha,CIV,FW,0,0,0,1,2021-2022,Crystal Palace,28,31,2760,30.7,0.31,0.17,0.48,47.0,0.36,5.05,19.35,23.45,4.2,46.78,4.95,2.44,1.61,2.51,1.65,34.46,220.46,103.55,3.68,2.44,1.53,4.04,3.58,36.74,8.63
Christoph Zimmermann,GER,DF,0,1,0,0,2021-2022,Norwich City,28,2,157,1.7,0.03,0.0,0.03,45.29,5.88,22.94,20.59,1.76,0.59,45.29,0.59,0.59,58.82,0.0,0.0,27.65,197.65,97.06,0.59,0.0,0.0,0.0,0.0,27.06,0.0
Oleksandr Zinchenko,UKR,DF,0,1,0,0,2021-2022,Manchester City,24,10,1047,11.6,0.04,0.23,0.27,100.78,2.07,16.29,53.62,31.38,1.81,100.78,1.03,0.6,5.03,0.43,3.59,62.07,272.67,158.97,2.76,3.1,0.17,0.86,0.52,75.78,7.59
Hakim Ziyech,MAR,"MF,FW",0,0,1,1,2021-2022,Chelsea,28,14,1319,14.7,0.23,0.2,0.43,65.85,0.61,5.44,23.47,37.62,3.54,65.85,4.42,1.9,2.93,2.52,3.87,43.95,220.27,99.52,3.4,2.11,1.36,3.06,1.63,48.1,9.66
Kurt Zouma,FRA,DF,0,1,0,0,2021-2022,West Ham,26,24,2078,23.1,0.05,0.0,0.05,53.98,10.61,30.39,22.51,1.47,0.65,53.98,0.13,0.04,1.44,0.09,2.89,30.82,141.56,76.49,0.48,0.26,0.0,0.26,0.0,33.51,0.09
Martin Ødegaard,NOR,"MF,FW",0,0,1,1,2021-2022,Arsenal,22,32,2785,30.9,0.15,0.2,0.36,60.42,0.52,6.38,28.67,25.76,1.91,60.42,1.49,0.81,1.76,0.68,1.48,36.67,185.76,79.61,1.84,1.88,0.32,1.26,1.55,44.5,4.72
Patrick van Aanholt,NED,DF,0,1,0,0,2020-2021,Crystal Palace,29,20,1777,19.7,0.07,0.04,0.11,68.68,3.1,21.32,31.07,16.7,1.88,68.68,1.12,0.51,2.31,0.61,2.77,36.95,172.89,82.34,1.93,1.47,0.46,1.22,0.3,40.61,4.42
Tammy Abraham,ENG,FW,0,0,0,1,2020-2021,Chelsea,22,12,1040,11.6,0.51,0.06,0.57,30.86,1.72,3.02,14.74,13.28,5.26,30.86,1.55,0.52,2.87,1.03,5.75,13.28,59.83,22.93,1.03,0.43,0.69,2.84,0.6,20.6,5.69
Che Adams,SCO,FW,0,0,0,1,2020-2021,Southampton,24,30,2667,29.6,0.33,0.17,0.5,31.28,0.81,3.31,13.61,14.83,3.28,31.28,1.69,0.95,1.89,0.74,1.49,17.43,78.92,30.41,1.08,0.95,0.44,2.97,1.49,24.09,5.03
Tosin Adarabioyo,ENG,DF,0,1,0,0,2020-2021,Fulham,22,33,2953,32.8,0.03,0.01,0.04,69.27,12.13,39.94,27.44,2.04,1.07,69.27,0.43,0.34,2.4,0.09,0.65,40.76,178.17,95.49,0.15,0.15,0.0,0.37,0.15,46.4,0.09
Adrián,ESP,GK,1,0,0,0,2020-2021,Liverpool,33,3,270,3.0,0.0,0.0,0.0,36.67,33.0,36.67,0.0,0.0,0.0,36.67,0.0,0.0,,0.0,,17.33,86.33,26.33,0.0,0.0,0.0,0.0,0.0,15.67,0.0
Sergio Agüero,ARG,FW,0,0,0,1,2020-2021,Manchester City,32,7,559,6.2,0.56,0.19,0.75,37.74,0.0,0.81,15.97,21.13,7.26,37.42,2.1,1.29,9.92,0.81,6.21,25.0,124.03,53.23,1.94,1.61,0.48,2.42,1.77,30.81,6.29
Ola Aina,NGA,DF,0,1,0,0,2020-2021,Fulham,23,31,2664,29.6,0.04,0.05,0.09,69.32,3.55,26.39,32.33,11.15,0.57,69.32,1.11,0.71,2.15,0.41,1.23,36.15,189.02,102.16,2.13,1.35,0.17,0.91,0.34,42.36,1.69
Rayan Aït-Nouri,ALG,DF,0,1,0,0,2020-2021,Wolves,19,16,1404,15.6,0.04,0.04,0.08,63.85,2.69,17.12,27.56,19.81,1.67,63.85,3.46,1.67,3.08,1.79,3.33,36.73,189.68,109.1,3.01,2.18,0.58,1.92,1.22,39.87,5.45
Semi Ajayi,NGA,DF,0,1,0,0,2020-2021,West Brom,26,31,2780,30.9,0.06,0.02,0.08,42.88,7.22,22.36,18.09,2.78,1.39,42.88,0.58,0.32,1.8,0.26,1.44,17.35,100.26,49.74,0.42,0.32,0.06,0.78,0.16,21.1,0.23
Nathan Aké,NED,DF,0,1,0,0,2020-2021,Manchester City,25,9,797,8.9,0.03,0.0,0.03,92.02,4.49,20.45,64.04,7.53,0.67,92.02,0.11,0.0,0.0,0.11,11.24,63.93,308.76,188.54,1.35,2.47,0.0,0.22,0.11,73.93,0.67
Marc Albrighton,ENG,"DF,FW",0,1,0,1,2020-2021,Leicester City,30,17,1746,19.4,0.06,0.18,0.24,59.95,1.91,12.68,23.81,24.54,1.91,59.95,3.4,1.91,2.89,1.49,2.26,31.7,180.1,81.24,2.37,1.7,0.36,1.7,1.49,37.37,7.16
Thiago Alcántara,ESP,MF,0,0,1,0,2020-2021,Liverpool,29,20,1854,20.6,0.06,0.11,0.17,94.47,1.5,14.37,59.51,21.26,0.78,94.47,2.33,1.6,3.34,0.73,1.52,60.78,284.51,142.23,1.31,2.82,0.19,1.12,0.87,71.6,1.21
Toby Alderweireld,BEL,DF,0,1,0,0,2020-2021,Tottenham,31,25,2240,24.9,0.03,0.03,0.06,67.75,10.72,37.43,29.16,1.41,0.56,67.75,0.16,0.16,4.02,0.0,0.0,39.64,180.12,95.18,0.12,0.2,0.0,0.08,0.08,44.74,0.04
Rúnar Alex Rúnarsson,ISL,GK,1,0,0,0,2020-2021,Arsenal,25,0,16,0.2,0.0,0.0,0.0,65.0,50.0,60.0,5.0,0.0,0.0,65.0,0.0,0.0,,0.0,,25.0,130.0,60.0,0.0,0.0,0.0,0.0,0.0,30.0,0.0
Trent Alexander-Arnold,ENG,DF,0,1,0,0,2020-2021,Liverpool,21,34,3031,33.7,0.08,0.26,0.33,98.46,2.17,20.74,44.33,34.15,2.4,98.46,1.81,0.95,1.56,0.86,1.41,59.11,280.77,161.48,2.91,2.82,0.71,0.92,0.65,65.34,7.39
Ezgjan Alioski,MKD,"DF,MF",0,1,1,0,2020-2021,Leeds United,28,29,2461,27.3,0.06,0.12,0.18,71.47,2.75,20.51,33.04,18.42,1.5,71.47,0.95,0.4,1.55,0.55,2.11,36.89,201.76,120.51,2.82,1.58,0.18,1.36,0.55,43.85,4.47
Alisson,BRA,GK,1,0,0,0,2020-2021,Liverpool,27,33,2970,33.0,0.0,0.0,0.0,37.55,28.21,37.09,0.48,0.03,0.03,37.55,0.06,0.06,3.03,0.0,0.0,21.48,85.06,53.42,0.0,0.0,0.0,0.0,0.0,20.27,0.0
Allan,BRA,MF,0,0,1,0,2020-2021,Everton,29,23,2051,22.8,0.01,0.03,0.05,57.46,2.98,16.75,35.79,5.96,0.13,57.46,2.15,1.36,2.78,0.79,1.61,31.62,185.09,101.49,1.32,1.36,0.09,0.92,0.79,36.45,0.35
Dele Alli,ENG,MF,0,0,1,0,2020-2021,Tottenham,24,7,620,6.9,0.3,0.18,0.47,64.35,1.01,9.28,34.93,21.16,3.33,64.35,3.62,1.59,6.38,2.03,8.12,40.0,230.14,92.9,2.17,2.61,0.72,1.88,2.32,43.91,4.35
Miguel Almirón,PAR,"MF,FW",0,0,1,1,2020-2021,Newcastle Utd,26,28,2429,27.0,0.12,0.11,0.23,43.67,1.22,8.52,20.63,15.59,1.48,43.67,2.7,1.44,1.98,1.26,1.73,28.63,204.3,93.19,2.59,1.78,0.52,1.78,1.26,29.33,4.04
Marcos Alonso,ESP,DF,0,1,0,0,2020-2021,Chelsea,29,11,960,10.7,0.17,0.13,0.3,68.13,2.99,18.6,28.04,22.24,3.55,68.13,1.59,0.84,4.94,0.75,4.4,33.83,169.63,102.34,2.24,1.68,0.37,1.21,0.84,42.06,6.92
Steven Alzate,COL,MF,0,0,1,0,2020-2021,Brighton,21,10,896,10.0,0.08,0.06,0.14,53.6,1.7,10.5,30.8,12.8,1.2,53.6,1.6,0.8,5.0,0.8,5.0,32.3,163.8,80.7,1.6,0.8,0.1,1.3,0.9,39.3,1.6
Daniel Amartey,GHA,DF,0,1,0,0,2020-2021,Leicester City,25,8,722,8.0,0.05,0.0,0.05,71.5,7.62,35.75,32.0,4.12,0.75,71.5,0.38,0.12,4.16,0.25,8.34,37.62,161.38,85.25,0.5,0.5,0.0,0.62,0.38,43.0,0.0
Ethan Ampadu,WAL,"DF,MF",0,1,1,0,2020-2021,Sheffield Utd,19,23,2089,23.2,0.01,0.05,0.07,59.22,5.95,22.24,28.88,8.71,0.26,59.22,0.65,0.56,3.74,0.09,0.57,29.22,175.13,102.76,1.08,1.21,0.0,0.69,0.22,32.97,0.99
Joachim Andersen,DEN,DF,0,1,0,0,2020-2021,Fulham,24,30,2730,30.3,0.04,0.01,0.05,75.08,10.2,41.55,31.16,2.97,0.83,75.08,0.36,0.3,2.7,0.07,0.6,43.04,242.41,133.43,0.66,0.43,0.03,0.33,0.1,48.05,0.23
Elliot Anderson,ENG,MF,0,0,1,0,2020-2021,Newcastle Utd,17,0,4,0.0,0.0,0.0,0.0,inf,,,inf,inf,inf,inf,,,,,,inf,inf,,,,,,,inf,inf
Felipe Anderson,BRA,"FW,MF",0,0,1,1,2020-2021,West Ham,27,0,3,0.0,0.0,0.0,0.0,inf,,,inf,inf,inf,inf,,,,,,inf,inf,inf,inf,inf,,,,inf,
Michail Antonio,JAM,FW,0,0,0,1,2020-2021,West Ham,30,24,1974,21.9,0.59,0.14,0.73,35.75,0.5,1.55,13.65,21.0,5.48,35.75,3.97,1.96,2.26,2.01,2.31,21.6,128.63,62.33,2.69,1.42,1.14,3.56,2.24,29.13,8.08
Alphonse Areola,FRA,GK,1,0,0,0,2020-2021,Fulham,27,36,3240,36.0,0.0,0.0,0.0,30.58,27.0,30.44,0.14,0.0,0.0,30.58,0.0,0.0,,0.0,,15.94,82.83,44.44,0.0,0.0,0.0,0.03,0.0,11.5,0.0
Stuart Armstrong,SCO,MF,0,0,1,0,2020-2021,Southampton,28,32,2764,30.7,0.09,0.08,0.17,54.36,1.24,7.62,30.81,16.68,1.73,54.36,3.45,2.21,2.09,1.24,1.17,32.08,229.09,114.69,3.55,2.44,0.33,2.51,2.21,36.87,3.84
Kepa Arrizabalaga,ESP,GK,1,0,0,0,2020-2021,Chelsea,25,6,585,6.5,0.0,0.0,0.0,39.69,35.85,39.23,0.46,0.0,0.0,39.69,0.0,0.0,,0.0,,22.31,93.08,58.31,0.0,0.0,0.0,0.31,0.0,22.92,0.0
Pierre-Emerick Aubameyang,GAB,FW,0,0,0,1,2020-2021,Arsenal,31,26,2332,25.9,0.39,0.09,0.48,34.25,0.73,4.36,13.32,16.87,4.59,34.17,0.97,0.46,1.85,0.5,2.01,20.27,120.62,65.33,2.51,1.12,1.08,1.51,0.73,27.14,7.53
Serge Aurier,CIV,DF,0,1,0,0,2020-2021,Tottenham,27,19,1605,17.8,0.06,0.19,0.25,68.6,4.38,23.37,31.18,14.83,1.4,68.6,1.8,0.96,2.98,0.84,2.63,31.35,122.53,63.43,1.57,0.9,0.28,1.63,0.73,38.09,4.61
Charlie Austin,ENG,"FW,MF",0,0,1,1,2020-2021,West Brom,31,0,138,1.5,0.29,0.0,0.29,36.67,2.67,5.33,14.67,17.33,2.67,36.67,1.33,0.67,33.33,0.67,33.33,14.67,67.33,34.0,0.67,1.33,0.67,2.67,1.33,24.0,2.67
Jordan Ayew,GHA,"FW,MF",0,0,1,1,2020-2021,Crystal Palace,28,23,2096,23.3,0.09,0.03,0.13,41.76,0.73,5.88,20.43,16.35,2.45,41.76,3.82,2.23,2.51,1.59,1.79,25.11,171.16,75.62,2.49,1.37,0.6,3.52,2.58,30.52,4.68
Luke Ayling,ENG,DF,0,1,0,0,2020-2021,Leeds United,28,38,3399,37.8,0.05,0.08,0.13,85.16,6.24,35.66,37.04,13.17,1.8,85.16,1.56,1.08,1.84,0.48,0.81,48.1,310.16,195.29,2.91,1.03,0.16,1.46,0.56,53.7,2.91
César Azpilicueta,ESP,DF,0,1,0,0,2020-2021,Chelsea,30,24,2188,24.3,0.03,0.1,0.13,94.73,4.65,33.46,43.46,18.4,1.56,94.73,0.58,0.25,1.77,0.33,2.35,47.49,210.62,122.84,1.52,1.44,0.08,0.7,0.25,65.97,3.42
Eric Bailly,CIV,DF,0,1,0,0,2020-2021,Manchester Utd,26,10,916,10.2,0.01,0.0,0.01,63.92,9.02,33.24,29.8,1.37,0.39,63.92,0.39,0.39,9.8,0.0,0.0,42.06,243.14,130.49,0.59,0.49,0.0,0.69,0.0,41.57,0.0
Fabián Balbuena,PAR,DF,0,1,0,0,2020-2021,West Ham,28,13,1198,13.3,0.05,0.0,0.05,47.52,6.99,24.14,22.11,1.73,0.75,47.52,0.15,0.08,3.76,0.08,3.76,21.5,94.96,45.86,0.23,0.08,0.0,0.23,0.0,25.11,0.15
George Baldock,GRE,DF,0,1,0,0,2020-2021,Sheffield Utd,27,32,2787,31.0,0.04,0.09,0.13,46.55,3.06,12.55,16.19,18.35,1.45,46.55,1.06,0.55,1.66,0.52,1.56,21.16,133.23,63.52,2.19,1.52,0.29,1.06,0.65,24.9,4.52
Gareth Bale,WAL,FW,0,0,0,1,2020-2021,Tottenham,31,10,920,10.2,0.57,0.18,0.74,55.29,1.86,7.75,24.61,23.73,4.02,55.29,4.8,2.65,5.4,2.16,4.4,30.98,229.9,98.14,3.04,2.06,1.18,1.67,0.69,38.33,8.33
Patrick Bamford,ENG,FW,0,0,0,1,2020-2021,Leeds United,26,37,3050,33.9,0.54,0.1,0.64,25.07,1.39,2.42,11.33,11.62,4.81,25.01,1.18,0.56,1.4,0.62,1.55,11.45,53.13,20.65,0.94,0.47,0.59,2.39,0.62,16.4,4.93
Phil Bardsley,SCO,DF,0,1,0,0,2020-2021,Burnley,35,3,274,3.0,0.03,0.0,0.03,65.33,4.0,19.33,34.0,12.67,0.33,65.33,1.33,1.0,25.0,0.33,8.33,24.0,111.67,61.0,1.33,2.0,0.0,0.33,0.33,30.67,2.0
Ross Barkley,ENG,MF,0,0,1,0,2020-2021,Aston Villa,26,18,1531,17.0,0.18,0.24,0.43,55.59,1.06,6.71,24.47,25.18,3.12,55.59,2.53,1.71,3.96,0.65,1.51,29.82,166.71,82.24,2.35,1.53,0.71,2.24,1.88,38.53,4.29
Ross Barkley,ENG,"FW,MF",0,0,1,1,2020-2021,Chelsea,26,0,42,0.5,0.05,0.19,0.24,64.0,2.0,14.0,36.0,16.0,0.0,64.0,2.0,2.0,200.0,0.0,0.0,36.0,264.0,138.0,4.0,4.0,0.0,4.0,2.0,52.0,2.0
Ashley Barnes,ENG,FW,0,0,0,1,2020-2021,Burnley,30,15,1331,14.8,0.27,0.05,0.33,33.04,0.74,2.77,14.05,16.28,4.46,32.97,0.14,0.07,3.38,0.07,3.38,16.89,54.93,22.43,0.54,0.61,0.27,2.97,1.42,25.54,5.34
Harvey Barnes,ENG,"FW,MF",0,0,1,1,2020-2021,Leicester City,22,22,1945,21.6,0.27,0.07,0.35,42.31,0.6,5.05,15.93,22.31,4.44,42.31,4.12,1.85,2.08,2.27,2.55,27.36,211.85,119.26,4.86,3.66,1.53,2.69,1.44,32.69,7.55
Kyle Bartley,ENG,DF,0,1,0,0,2020-2021,West Brom,29,28,2584,28.7,0.09,0.05,0.14,40.84,9.27,24.81,13.69,2.54,1.39,40.84,0.14,0.14,3.48,0.0,0.0,15.33,73.62,29.93,0.07,0.1,0.0,0.31,0.07,17.67,0.1
Chris Basham,ENG,"DF,MF",0,1,1,0,2020-2021,Sheffield Utd,32,31,2576,28.6,0.03,0.03,0.06,53.08,5.87,20.07,23.25,10.31,1.43,53.08,1.05,0.73,2.45,0.31,1.05,24.72,142.45,89.72,1.33,1.12,0.07,1.05,0.66,27.69,1.68
Michy Batshuayi,BEL,FW,0,0,0,1,2020-2021,Crystal Palace,26,7,728,8.1,0.19,0.2,0.4,31.48,0.74,2.84,16.3,12.84,3.09,31.48,2.1,1.36,7.99,0.74,4.36,18.02,108.02,63.83,1.98,1.23,0.86,3.21,2.72,24.32,5.43
Jan Bednarek,POL,DF,0,1,0,0,2020-2021,Southampton,24,36,3100,34.4,0.02,0.02,0.04,72.09,8.02,37.12,33.6,1.66,0.47,72.09,0.17,0.15,2.42,0.03,0.49,39.45,181.4,94.45,0.38,0.23,0.0,0.32,0.15,44.07,0.09
Donny van de Beek,NED,"MF,FW",0,0,1,1,2020-2021,Manchester Utd,23,4,524,5.8,0.06,0.16,0.22,59.48,2.07,10.0,31.72,18.28,4.14,59.48,1.9,1.38,12.53,0.52,4.71,31.55,109.83,46.9,1.21,1.03,0.0,1.9,1.38,41.9,6.72
Héctor Bellerín,ESP,"DF,MF",0,1,1,0,2020-2021,Arsenal,25,24,2089,23.2,0.03,0.1,0.14,65.82,2.37,16.98,28.36,20.78,2.03,65.82,1.08,0.52,2.07,0.56,2.24,34.91,162.8,93.79,1.98,1.38,0.39,1.03,0.22,41.42,6.12
Saïd Benrahma,ALG,"FW,MF",0,0,1,1,2020-2021,West Ham,24,14,1391,15.5,0.17,0.26,0.43,48.52,0.84,7.29,19.81,22.65,3.16,48.52,5.16,2.71,3.39,2.45,3.06,32.84,232.58,115.68,4.06,2.26,1.03,3.1,2.13,34.52,6.9
Josh Benson,ENG,MF,0,0,1,0,2020-2021,Burnley,20,2,264,2.9,0.07,0.0,0.07,37.93,1.03,5.52,20.34,12.41,0.69,37.93,2.41,0.69,9.86,1.72,24.62,17.93,69.66,40.0,0.34,0.69,0.0,1.38,1.38,24.83,2.76
Christian Benteke,BEL,FW,0,0,0,1,2020-2021,Crystal Palace,29,21,1816,20.2,0.41,0.04,0.45,41.44,2.62,4.06,20.35,17.33,5.84,41.44,1.34,0.79,2.94,0.54,2.01,17.38,74.21,22.97,0.69,0.5,0.45,2.92,1.34,32.72,6.14
Gaetano Berardi,SUI,DF,0,1,0,0,2020-2021,Leeds United,31,1,113,1.3,0.09,0.0,0.09,55.38,4.62,28.46,24.62,2.31,0.77,55.38,0.0,0.0,,0.0,,27.69,106.15,60.77,0.0,0.0,0.0,0.0,0.0,34.62,0.77
Jóhann Berg Guðmundsson,ISL,MF,0,0,1,0,2020-2021,Burnley,29,16,1363,15.1,0.08,0.03,0.11,40.53,1.79,6.36,17.68,16.82,1.92,40.53,1.79,0.66,2.45,1.13,4.17,23.71,137.28,52.85,1.66,0.99,0.13,1.13,0.79,27.42,4.9
Sander Berge,NOR,MF,0,0,1,0,2020-2021,Sheffield Utd,22,13,1120,12.4,0.1,0.09,0.19,47.58,2.5,8.79,23.79,16.05,2.5,47.5,2.58,1.61,5.04,0.97,3.02,29.27,228.31,112.66,3.15,2.42,0.81,1.94,1.05,31.45,2.66
Steven Bergwijn,NED,"FW,MF",0,0,1,1,2020-2021,Tottenham,22,13,1208,13.4,0.15,0.06,0.21,41.49,0.82,6.04,17.76,18.66,2.46,41.49,3.36,1.64,3.65,1.72,3.81,26.42,156.42,74.55,2.39,2.31,0.82,2.24,1.12,30.67,6.19
Bernard,BRA,"MF,FW",0,0,1,1,2020-2021,Everton,27,3,455,5.1,0.05,0.11,0.16,66.08,1.37,6.67,31.96,27.65,2.75,66.08,3.14,1.96,12.25,1.18,7.35,44.12,218.82,105.88,2.55,1.96,0.39,3.14,2.16,48.24,8.24
Bernardo,BRA,"DF,MF",0,1,1,0,2020-2021,Brighton,25,2,206,2.3,0.16,0.06,0.22,49.13,1.74,10.43,15.65,23.04,2.61,49.13,1.3,0.0,0.0,1.3,43.48,27.39,101.74,45.22,0.87,0.87,0.0,0.43,1.74,34.35,6.52
Ryan Bertrand,ENG,DF,0,1,0,0,2020-2021,Southampton,30,29,2598,28.9,0.01,0.04,0.06,62.39,2.01,14.78,30.93,17.02,1.45,62.39,0.31,0.1,1.15,0.21,2.31,28.62,140.69,81.8,1.59,1.42,0.21,0.87,0.28,35.64,4.15
Yves Bissouma,MLI,MF,0,0,1,0,2020-2021,Brighton,23,35,3111,34.6,0.04,0.03,0.07,60.87,2.86,14.45,36.76,10.72,0.32,60.87,2.11,1.53,2.1,0.58,0.79,35.0,212.02,94.48,1.59,1.3,0.06,0.95,0.84,39.42,0.75
Jayden Bogle,ENG,"DF,MF",0,1,1,0,2020-2021,Sheffield Utd,20,12,1110,12.3,0.16,0.02,0.17,46.18,2.11,12.52,13.98,20.33,2.68,46.18,2.52,0.89,2.89,1.63,5.24,21.71,96.1,39.19,0.89,0.57,0.41,1.63,1.38,23.66,4.96
Willy Boly,CIV,DF,0,1,0,0,2020-2021,Wolves,29,21,1879,20.9,0.05,0.01,0.06,59.47,6.03,28.66,28.85,2.25,1.1,59.47,0.19,0.19,4.78,0.0,0.0,32.87,131.2,61.44,0.24,0.38,0.1,0.48,0.14,39.52,0.05
Jarrod Bowen,ENG,"FW,MF",0,0,1,1,2020-2021,West Ham,23,30,2562,28.5,0.25,0.17,0.42,36.42,0.42,4.98,13.72,18.53,3.61,36.42,2.35,1.26,1.88,1.09,1.62,21.44,178.25,66.0,2.91,1.54,1.4,2.21,1.75,24.28,5.79
Robbie Brady,IRL,MF,0,0,1,0,2020-2021,Burnley,28,12,1052,11.7,0.07,0.08,0.15,45.9,3.68,10.34,20.51,15.81,1.88,45.9,1.28,0.94,6.26,0.34,2.28,21.37,126.67,51.03,1.2,0.94,0.26,1.45,0.77,24.96,3.42
Rhian Brewster,ENG,"FW,MF",0,0,1,1,2020-2021,Sheffield Utd,20,12,1128,12.5,0.14,0.13,0.27,27.36,0.32,2.16,11.2,14.24,2.4,27.36,1.2,0.64,4.26,0.56,3.74,14.08,64.08,24.48,0.88,0.88,0.32,1.6,1.44,18.0,3.84
Nathan Broadhead,WAL,FW,0,0,0,1,2020-2021,Everton,22,0,3,0.0,0.0,0.0,0.0,inf,,inf,inf,,,inf,,,,,,,,,,,,,,inf,
Josh Brownhill,ENG,MF,0,0,1,0,2020-2021,Burnley,24,32,2813,31.3,0.06,0.02,0.08,48.12,2.2,8.37,26.68,13.51,1.95,48.12,0.67,0.48,2.28,0.22,1.06,21.79,85.97,35.94,0.7,1.05,0.13,1.12,0.48,26.17,2.2
Joe Bryan,ENG,"DF,MF",0,1,1,0,2020-2021,Fulham,26,7,669,7.4,0.07,0.04,0.12,67.57,2.7,20.27,26.35,21.49,0.95,67.57,1.89,1.89,13.51,0.0,0.0,34.86,172.03,97.3,1.76,1.89,0.14,1.76,0.41,39.05,4.46
Kean Bryan,ENG,DF,0,1,0,0,2020-2021,Sheffield Utd,23,12,1004,11.2,0.08,0.05,0.14,53.57,5.36,24.29,24.82,5.0,0.62,53.57,0.45,0.27,5.36,0.18,3.57,26.16,116.07,60.89,0.62,0.54,0.0,0.89,0.09,28.75,1.61
Oliver Burke,SCO,FW,0,0,0,1,2020-2021,Sheffield Utd,23,14,1269,14.1,0.15,0.16,0.31,30.57,0.28,2.34,12.06,16.45,4.4,30.57,2.13,1.13,3.78,0.99,3.31,16.95,112.2,43.48,2.13,1.42,1.49,3.33,1.99,21.77,7.66
Dan Burn,ENG,DF,0,1,0,0,2020-2021,Brighton,28,23,2061,22.9,0.07,0.04,0.1,67.64,4.76,20.7,33.01,14.5,1.75,67.64,0.87,0.52,2.62,0.35,1.75,32.71,168.21,91.62,1.48,0.96,0.04,1.22,0.39,40.79,3.19
Jack Butland,ENG,GK,1,0,0,0,2020-2021,Crystal Palace,27,1,90,1.0,0.0,0.0,0.0,24.0,17.0,24.0,0.0,0.0,0.0,24.0,0.0,0.0,,0.0,,11.0,72.0,58.0,0.0,0.0,0.0,0.0,0.0,4.0,0.0
David Button,ENG,GK,1,0,0,0,2020-2021,West Brom,31,1,90,1.0,0.0,0.0,0.0,37.0,31.0,37.0,0.0,0.0,0.0,37.0,0.0,0.0,,0.0,,19.0,103.0,54.0,0.0,0.0,0.0,0.0,0.0,13.0,0.0
Oskar Buur,DEN,DF,0,1,0,0,2020-2021,Wolves,22,0,22,0.2,0.0,0.0,0.0,90.0,5.0,35.0,55.0,0.0,0.0,90.0,0.0,0.0,,0.0,,40.0,170.0,105.0,5.0,0.0,0.0,0.0,5.0,65.0,0.0
Willy Caballero,ARG,GK,1,0,0,0,2020-2021,Chelsea,38,1,90,1.0,0.0,0.0,0.0,26.0,19.0,26.0,0.0,0.0,0.0,26.0,0.0,0.0,,0.0,,13.0,46.0,34.0,0.0,0.0,0.0,0.0,0.0,16.0,0.0
Gary Cahill,ENG,DF,0,1,0,0,2020-2021,Crystal Palace,34,20,1800,20.0,0.04,0.03,0.07,46.9,7.25,28.2,16.7,2.05,1.35,46.9,0.05,0.05,5.0,0.0,0.0,22.45,110.35,49.85,0.15,0.0,0.0,0.35,0.05,26.45,0.0
Tom Cairney,SCO,MF,0,0,1,0,2020-2021,Fulham,29,9,759,8.4,0.06,0.13,0.19,81.79,0.95,10.24,43.93,28.33,1.67,81.79,2.02,1.9,11.2,0.12,0.7,55.6,269.52,123.1,2.62,1.79,0.48,1.79,1.31,67.5,2.98
Dominic Calvert-Lewin,ENG,FW,0,0,0,1,2020-2021,Everton,23,32,2871,31.9,0.51,0.06,0.57,32.73,1.38,2.88,14.17,15.92,4.51,32.73,1.54,0.69,1.41,0.85,1.73,16.61,92.32,29.87,1.13,0.72,0.5,3.2,0.91,25.99,5.02
João Cancelo,POR,"DF,MF",0,1,1,0,2020-2021,Manchester City,26,27,2299,25.5,0.06,0.18,0.24,94.94,2.59,18.2,47.02,30.59,2.67,94.94,3.18,1.84,2.27,1.33,1.65,57.73,268.55,135.45,3.14,2.9,0.94,1.41,0.82,66.51,5.88
Andy Carroll,ENG,FW,0,0,0,1,2020-2021,Newcastle Utd,31,4,392,4.4,0.19,0.02,0.21,46.36,2.95,4.32,24.55,17.5,4.55,46.36,0.91,0.45,11.36,0.45,11.36,18.64,50.23,13.64,0.45,0.23,0.45,4.09,0.68,32.05,4.09
Scott Carson,ENG,GK,1,0,0,0,2020-2021,Manchester City,34,1,90,1.0,0.0,0.0,0.0,19.0,17.0,19.0,0.0,0.0,0.0,19.0,0.0,0.0,,0.0,,12.0,54.0,43.0,0.0,0.0,0.0,0.0,0.0,7.0,0.0
Fabio Carvalho,POR,"MF,FW",0,0,1,1,2020-2021,Fulham,17,3,255,2.8,0.41,0.15,0.56,47.5,0.0,3.93,20.36,23.57,5.71,47.5,3.57,2.86,28.57,0.71,7.14,30.36,163.57,70.0,3.57,1.43,1.79,3.93,3.21,31.79,5.0
Matty Cash,POL,DF,0,1,0,0,2020-2021,Aston Villa,22,28,2372,26.4,0.01,0.07,0.08,62.69,5.42,21.59,29.02,12.69,0.91,62.69,0.68,0.45,2.53,0.23,1.26,28.64,160.91,74.28,1.63,1.25,0.19,0.76,0.49,30.76,2.35
Kiko Casilla,ESP,GK,1,0,0,0,2020-2021,Leeds United,33,3,270,3.0,0.0,0.0,0.0,34.33,29.33,34.33,0.0,0.0,0.0,34.33,0.0,0.0,,0.0,,15.67,70.33,42.0,0.0,0.0,0.0,0.0,0.0,12.33,0.0
Timothy Castagne,BEL,DF,0,1,0,0,2020-2021,Leicester City,24,27,2345,26.1,0.04,0.09,0.13,68.97,2.68,20.0,32.49,16.86,1.53,68.97,0.92,0.42,1.75,0.5,2.08,35.21,151.84,82.53,1.99,1.03,0.11,0.92,0.42,44.44,5.67
Jonny Castro,ESP,"MF,DF",0,1,1,0,2020-2021,Wolves,26,7,495,5.5,0.01,0.01,0.02,54.36,2.55,15.45,24.55,14.55,1.09,54.36,1.45,0.55,6.82,0.91,11.36,23.27,131.82,72.73,2.36,1.09,0.36,1.64,1.27,30.36,3.27
Ivan Cavaleiro,POR,FW,0,0,0,1,2020-2021,Fulham,26,27,2472,27.5,0.23,0.1,0.33,43.67,0.91,5.27,17.2,21.71,2.65,43.6,3.56,1.93,1.97,1.64,1.67,25.82,170.87,67.67,2.47,1.45,0.84,3.64,1.82,30.33,8.36
Edinson Cavani,URU,FW,0,0,0,1,2020-2021,Manchester Utd,33,13,1375,15.3,0.52,0.15,0.67,30.46,0.78,2.22,12.81,15.56,4.51,30.46,0.78,0.39,3.27,0.39,3.27,14.58,49.93,12.09,0.33,0.26,0.26,2.03,0.65,22.03,5.23
Dani Ceballos,ESP,MF,0,0,1,0,2020-2021,Arsenal,23,17,1615,17.9,0.04,0.15,0.18,82.79,3.41,17.88,47.21,18.49,1.28,82.79,2.12,1.45,3.82,0.67,1.77,53.85,351.56,184.8,3.02,2.74,0.17,1.28,0.84,60.89,2.91
Calum Chambers,ENG,DF,0,1,0,0,2020-2021,Arsenal,25,8,753,8.4,0.05,0.13,0.18,81.79,5.0,28.93,32.62,20.6,2.14,81.79,1.19,0.48,4.76,0.71,7.14,40.6,190.0,92.62,1.9,1.43,0.0,0.83,0.48,49.05,5.83
Ben Chilwell,ENG,DF,0,1,0,0,2020-2021,Chelsea,23,27,2286,25.4,0.1,0.1,0.19,82.83,1.93,20.39,34.45,28.54,2.56,82.83,1.06,0.63,2.33,0.43,1.6,46.18,266.89,141.5,3.7,2.68,0.35,1.34,0.75,55.83,7.32
Hamza Choudhury,BAN,MF,0,0,1,0,2020-2021,Leicester City,22,4,316,3.5,0.11,0.0,0.11,81.71,2.86,20.0,53.14,8.86,0.57,81.71,0.29,0.0,0.0,0.29,28.57,46.29,181.43,93.14,0.86,0.29,0.0,1.71,0.0,53.43,0.29
Andreas Christensen,DEN,DF,0,1,0,0,2020-2021,Chelsea,24,15,1371,15.2,0.01,0.02,0.03,83.68,10.72,45.2,36.97,2.24,0.46,83.68,0.46,0.46,6.58,0.0,0.0,52.57,256.05,140.39,0.46,0.79,0.0,0.59,0.07,61.78,0.07
Carney Chukwuemeka,ENG,"MF,FW",0,0,1,1,2020-2021,Aston Villa,16,0,20,0.2,0.17,0.0,0.17,65.0,0.0,10.0,25.0,30.0,10.0,65.0,0.0,0.0,,0.0,,35.0,60.0,40.0,0.0,0.0,0.0,5.0,0.0,55.0,5.0
Ciaran Clark,IRL,DF,0,1,0,0,2020-2021,Newcastle Utd,30,21,1891,21.0,0.03,0.01,0.04,48.86,8.52,29.05,17.81,2.29,0.76,48.86,0.38,0.19,2.38,0.19,2.38,24.76,114.57,51.9,0.43,0.19,0.0,0.52,0.05,27.05,0.19
Nathaniel Clyne,ENG,DF,0,1,0,0,2020-2021,Crystal Palace,29,13,1145,12.7,0.01,0.02,0.03,54.96,2.76,17.87,26.06,11.18,0.47,54.96,0.47,0.31,5.25,0.16,2.62,27.24,128.98,64.57,1.42,0.79,0.0,0.63,0.16,28.66,1.57
Conor Coady,ENG,DF,0,1,0,0,2020-2021,Wolves,27,37,3303,36.7,0.03,0.0,0.03,58.23,10.95,35.97,22.04,0.46,0.33,58.23,0.22,0.16,2.04,0.05,0.68,34.93,141.69,65.69,0.11,0.14,0.0,0.25,0.08,40.71,0.05
Séamus Coleman,IRL,"DF,MF",0,1,1,0,2020-2021,Everton,31,18,1613,17.9,0.05,0.1,0.15,53.85,4.08,17.88,23.58,13.24,1.62,53.85,1.84,1.12,3.39,0.73,2.2,30.17,173.91,79.66,1.73,1.56,0.22,1.51,1.28,32.35,5.03
Aaron Connolly,IRL,FW,0,0,0,1,2020-2021,Brighton,20,9,791,8.8,0.45,0.02,0.48,19.77,0.11,1.36,6.48,12.27,3.98,19.77,1.25,0.57,5.17,0.68,6.19,12.05,74.09,31.36,1.36,1.25,0.57,3.07,0.91,15.23,6.59
Liam Cooper,SCO,DF,0,1,0,0,2020-2021,Leeds United,28,25,2185,24.3,0.08,0.0,0.08,79.59,8.52,44.73,33.17,2.1,0.95,79.59,0.16,0.12,3.09,0.04,1.03,46.17,246.05,147.2,0.49,0.33,0.0,0.29,0.04,51.11,0.04
Theo Corbeanu,CAN,FW,0,0,0,1,2020-2021,Wolves,18,0,9,0.1,0.0,0.42,0.42,80.0,0.0,0.0,70.0,10.0,0.0,80.0,0.0,0.0,,0.0,,50.0,270.0,70.0,0.0,0.0,0.0,20.0,0.0,50.0,10.0
Jack Cork,ENG,MF,0,0,1,0,2020-2021,Burnley,31,15,1350,15.0,0.02,0.04,0.05,42.6,1.73,7.07,26.47,9.53,0.87,42.6,0.47,0.33,4.76,0.13,1.91,21.47,89.13,34.67,0.53,0.73,0.07,0.93,0.87,25.0,0.87
Hélder Costa,ANG,"MF,FW",0,0,1,1,2020-2021,Leeds United,26,13,1156,12.8,0.17,0.04,0.22,38.83,0.7,7.19,14.22,17.97,3.44,38.83,3.75,1.48,3.09,2.27,4.72,23.67,166.8,90.78,3.67,1.33,1.02,3.36,1.56,26.33,6.56
Vladimír Coufal,CZE,DF,0,1,0,0,2020-2021,West Ham,27,34,3054,33.9,0.04,0.16,0.2,61.83,4.78,18.55,26.46,17.35,1.24,61.83,0.71,0.44,1.84,0.27,1.11,26.46,136.81,61.33,2.06,1.12,0.27,1.06,0.47,31.18,4.69
Aaron Cresswell,ENG,DF,0,1,0,0,2020-2021,West Ham,30,36,3170,35.2,0.03,0.18,0.21,67.22,4.8,21.53,30.43,15.77,0.4,67.22,0.28,0.11,1.14,0.17,1.7,32.61,147.76,71.7,0.99,0.88,0.0,0.37,0.26,38.32,2.73
Patrick Cutrone,ITA,FW,0,0,0,1,2020-2021,Wolves,22,0,25,0.3,0.3,0.0,0.3,13.33,0.0,0.0,3.33,10.0,3.33,13.33,0.0,0.0,,0.0,,6.67,16.67,0.0,0.0,0.0,0.0,3.33,0.0,13.33,10.0
Stuart Dallas,NIR,"MF,DF",0,1,1,0,2020-2021,Leeds United,29,38,3409,37.9,0.11,0.05,0.16,68.6,2.27,18.23,34.27,16.78,1.53,68.6,0.87,0.58,1.76,0.29,0.88,38.92,216.17,113.54,2.51,1.79,0.26,1.4,0.9,46.09,3.32
Scott Dann,ENG,DF,0,1,0,0,2020-2021,Crystal Palace,33,15,1350,15.0,0.02,0.0,0.02,51.27,6.87,28.27,21.6,1.67,1.13,51.27,0.27,0.27,6.67,0.0,0.0,26.47,102.87,51.93,0.13,0.0,0.0,0.33,0.0,29.73,0.0
Karl Darlow,WAL,GK,1,0,0,0,2020-2021,Newcastle Utd,29,25,2250,25.0,0.0,0.0,0.0,32.32,27.88,32.08,0.28,0.0,0.0,32.32,0.0,0.0,,0.0,,13.44,87.56,53.64,0.0,0.0,0.0,0.04,0.0,9.04,0.0
Ben Davies,WAL,DF,0,1,0,0,2020-2021,Tottenham,27,14,1346,15.0,0.01,0.04,0.05,63.6,5.13,20.33,30.8,12.8,0.87,63.6,0.47,0.2,2.86,0.27,3.81,31.27,143.47,81.4,1.87,1.33,0.2,0.33,0.13,36.93,3.67
Tom Davies,ENG,MF,0,0,1,0,2020-2021,Everton,22,17,1423,15.8,0.01,0.06,0.07,54.81,3.61,17.59,31.46,6.65,0.25,54.81,1.52,1.14,4.75,0.38,1.58,32.09,157.91,73.8,0.7,0.44,0.06,1.33,0.63,36.46,1.08
Keinan Davis,ENG,"FW,MF",0,0,1,1,2020-2021,Aston Villa,22,1,277,3.1,0.47,0.19,0.67,38.06,0.97,2.58,14.84,21.61,9.35,38.06,3.87,2.9,24.19,0.97,8.06,23.55,129.35,58.71,2.26,1.94,1.29,3.23,1.29,31.29,11.94
Leif Davis,ENG,DF,0,1,0,0,2020-2021,Leeds United,20,0,33,0.4,0.0,0.0,0.0,62.5,7.5,40.0,17.5,7.5,0.0,62.5,0.0,0.0,,0.0,,37.5,250.0,115.0,2.5,5.0,0.0,2.5,2.5,42.5,0.0
Craig Dawson,ENG,DF,0,1,0,0,2020-2021,West Ham,30,22,1925,21.4,0.09,0.0,0.09,44.91,7.66,25.23,18.5,1.5,0.98,44.91,0.0,0.0,,0.0,,24.39,105.89,50.37,0.09,0.14,0.0,0.23,0.0,25.09,0.05
Kevin De Bruyne,BEL,MF,0,0,1,0,2020-2021,Manchester City,29,23,1997,22.2,0.42,0.36,0.78,75.95,0.59,4.73,32.21,40.09,4.14,75.81,3.02,2.16,3.23,0.86,1.28,46.35,263.74,160.36,4.59,3.96,1.13,2.03,1.49,57.88,8.38
Liam Delap,ENG,FW,0,0,0,1,2020-2021,Manchester City,17,0,40,0.4,0.1,0.0,0.1,25.0,0.0,0.0,17.5,7.5,2.5,25.0,0.0,0.0,,0.0,,12.5,17.5,0.0,0.0,0.0,0.0,7.5,2.5,17.5,2.5
Fabian Delph,ENG,"MF,DF",0,1,1,0,2020-2021,Everton,30,2,266,3.0,0.01,0.02,0.03,89.33,2.33,23.33,56.67,10.67,0.0,89.33,3.33,2.33,23.33,1.0,10.0,56.67,280.0,130.0,0.67,2.33,0.0,1.33,0.0,69.33,1.33
Leander Dendoncker,BEL,"MF,DF",0,1,1,0,2020-2021,Wolves,25,28,2503,27.8,0.11,0.03,0.14,53.53,3.42,15.65,30.0,8.17,2.12,53.53,0.47,0.25,1.94,0.22,1.66,26.15,122.16,58.56,0.54,0.43,0.14,1.08,0.4,34.78,1.12
Mbaye Diagne,SEN,FW,0,0,0,1,2020-2021,West Brom,28,14,1189,13.2,0.5,0.07,0.58,26.21,1.52,3.86,11.52,11.14,3.18,26.21,1.21,0.76,4.73,0.45,2.84,14.09,57.12,21.82,0.3,0.15,0.3,1.97,1.44,21.21,4.55
Amad Diallo,CIV,FW,0,0,0,1,2020-2021,Manchester Utd,18,2,166,1.8,0.02,0.27,0.29,51.67,1.67,10.56,27.22,15.56,0.56,51.67,7.78,2.78,19.83,5.0,35.72,35.0,239.44,126.11,5.0,3.33,0.0,2.78,2.78,35.56,3.89
Ibrahima Diallo,FRA,MF,0,0,1,0,2020-2021,Southampton,21,10,1020,11.3,0.04,0.06,0.1,63.89,2.3,14.51,41.42,9.03,0.8,63.89,1.5,0.88,5.2,0.62,3.65,36.28,174.51,79.38,0.97,1.33,0.0,1.77,1.33,43.89,1.15
Grady Diangana,COD,"MF,FW",0,0,1,1,2020-2021,West Brom,22,15,1235,13.7,0.08,0.01,0.09,42.26,1.39,8.98,15.91,18.25,2.04,42.26,3.58,1.82,3.72,1.75,3.58,22.55,119.78,59.71,1.82,1.82,0.51,3.8,2.77,27.59,6.13
Rúben Dias,POR,DF,0,1,0,0,2020-2021,Manchester City,23,32,2843,31.6,0.06,0.0,0.06,93.48,7.75,33.1,58.42,2.34,0.92,93.48,0.25,0.19,2.37,0.06,0.79,66.04,374.02,233.39,1.2,0.6,0.0,0.32,0.13,74.97,0.16
Eric Dier,ENG,DF,0,1,0,0,2020-2021,Tottenham,26,28,2520,28.0,0.04,0.01,0.05,73.46,11.93,40.57,31.25,2.0,0.75,73.46,0.14,0.11,2.68,0.04,0.89,44.61,242.68,141.18,0.75,0.25,0.07,0.43,0.04,50.96,0.21
Lucas Digne,FRA,"DF,MF",0,1,1,0,2020-2021,Everton,27,30,2681,29.8,0.02,0.17,0.19,67.99,3.36,18.32,28.05,22.05,1.17,67.99,0.94,0.6,2.16,0.34,1.2,30.37,147.11,77.72,1.98,1.11,0.1,1.11,0.67,36.51,6.61
Issa Diop,FRA,DF,0,1,0,0,2020-2021,West Ham,23,15,1381,15.3,0.03,0.0,0.03,48.04,6.93,23.79,23.66,0.72,0.52,48.04,0.33,0.2,3.92,0.13,2.61,23.86,120.59,56.47,0.26,0.0,0.0,0.39,0.13,28.3,0.07
Moussa Djenepo,MLI,MF,0,0,1,0,2020-2021,Southampton,22,15,1240,13.8,0.06,0.03,0.08,46.88,1.16,9.57,22.25,15.51,2.75,46.88,3.77,1.96,3.76,1.81,3.49,25.36,130.72,61.3,2.03,1.3,1.09,3.55,1.23,28.41,5.65
Matt Doherty,IRL,DF,0,1,0,0,2020-2021,Tottenham,28,13,1240,13.8,0.03,0.05,0.08,73.77,4.28,23.12,33.91,17.39,1.09,73.77,1.23,0.36,2.13,0.87,5.12,35.22,145.87,76.09,1.3,1.45,0.07,1.38,0.65,42.9,4.93
Abdoulaye Doucouré,MLI,MF,0,0,1,0,2020-2021,Everton,27,29,2443,27.1,0.09,0.07,0.16,58.97,2.25,15.61,32.51,11.66,1.22,58.97,1.22,0.77,2.35,0.44,1.34,31.62,159.3,72.8,1.25,1.51,0.11,1.29,0.96,38.38,2.58
Martin Dúbravka,SVK,GK,1,0,0,0,2020-2021,Newcastle Utd,31,13,1170,13.0,0.0,0.0,0.0,35.92,30.77,35.77,0.15,0.0,0.0,35.92,0.0,0.0,,0.0,,17.85,104.31,53.69,0.0,0.0,0.0,0.08,0.0,12.69,0.0
Paul Dummett,WAL,DF,0,1,0,0,2020-2021,Newcastle Utd,28,14,1255,13.9,0.02,0.01,0.04,51.58,6.12,26.4,21.15,4.24,0.36,51.58,0.29,0.22,5.4,0.07,1.8,22.81,78.49,44.68,0.14,0.14,0.0,0.65,0.0,29.93,0.36
Lewis Dunk,ENG,DF,0,1,0,0,2020-2021,Brighton,28,33,2931,32.6,0.07,0.04,0.1,77.02,11.07,43.31,30.58,3.5,1.47,77.02,0.25,0.18,2.3,0.06,0.77,46.44,233.68,115.43,0.83,0.46,0.0,0.37,0.03,53.47,0.21
Jimmy Dunne,IRL,DF,0,1,0,0,2020-2021,Burnley,22,3,270,3.0,0.17,0.04,0.2,64.67,9.0,34.33,24.0,6.67,4.67,64.67,0.67,0.33,16.67,0.33,16.67,28.33,114.67,14.33,0.0,0.0,0.0,0.33,0.33,32.0,0.33
Ederson,BRA,GK,1,0,0,0,2020-2021,Manchester City,26,36,3240,36.0,0.0,0.01,0.01,32.61,26.33,32.47,0.14,0.0,0.0,32.61,0.0,0.0,,0.0,,20.97,99.33,66.69,0.0,0.0,0.0,0.06,0.0,18.58,0.0
Kyle Edwards,ENG,"MF,FW",0,0,1,1,2020-2021,West Brom,22,1,118,1.3,0.09,0.02,0.11,38.46,0.0,7.69,16.92,14.62,3.08,38.46,3.08,0.77,19.23,2.31,57.69,21.54,198.46,109.23,3.85,1.54,1.54,0.77,0.77,25.38,3.08
John Egan,IRL,DF,0,1,0,0,2020-2021,Sheffield Utd,27,30,2629,29.2,0.03,0.02,0.05,49.14,7.09,25.38,22.47,1.71,0.86,49.14,0.0,0.0,,0.0,,25.07,147.33,82.16,0.38,0.31,0.03,0.17,0.03,27.02,0.07
Anthony Elanga,SWE,FW,0,0,0,1,2020-2021,Manchester Utd,18,2,155,1.7,0.26,0.02,0.28,49.41,1.18,8.82,19.41,22.94,2.94,49.41,4.12,1.76,25.24,2.35,33.59,33.53,154.12,40.0,1.18,1.76,0.0,4.71,1.18,38.24,7.65
Ahmed Elmohamady,EGY,DF,0,1,0,0,2020-2021,Aston Villa,32,8,839,9.3,0.05,0.11,0.15,74.52,3.87,24.52,29.35,20.97,1.51,74.52,0.32,0.22,7.17,0.11,3.58,33.76,119.14,60.97,1.08,0.65,0.11,0.54,0.32,40.22,3.87
Mohamed Elneny,EGY,MF,0,0,1,0,2020-2021,Arsenal,28,17,1544,17.2,0.02,0.01,0.03,65.06,3.43,19.01,38.31,8.02,0.35,65.06,0.41,0.23,3.32,0.17,2.49,43.9,193.66,92.03,0.99,0.87,0.06,0.41,0.23,49.3,0.7
Jonny Evans,NIR,DF,0,1,0,0,2020-2021,Leicester City,32,28,2473,27.5,0.06,0.02,0.08,75.09,8.98,39.75,34.29,1.6,0.65,75.09,0.33,0.29,3.23,0.04,0.4,45.49,204.36,107.31,0.25,0.18,0.0,0.18,0.15,50.69,0.18
Eberechi Eze,ENG,MF,0,0,1,0,2020-2021,Crystal Palace,22,29,2559,28.4,0.08,0.14,0.21,51.87,0.77,7.57,24.93,20.81,1.48,51.87,4.15,2.25,1.91,1.9,1.61,34.05,243.56,116.83,2.78,2.46,0.63,2.01,1.3,36.69,4.44
Łukasz Fabiański,POL,GK,1,0,0,0,2020-2021,West Ham,35,35,3150,35.0,0.0,0.0,0.0,30.77,26.69,30.71,0.06,0.0,0.0,30.77,0.0,0.0,,0.0,,16.0,110.94,64.0,0.0,0.0,0.0,0.03,0.0,10.17,0.0
Fabinho,BRA,"DF,MF",0,1,1,0,2020-2021,Liverpool,26,28,2567,28.5,0.01,0.01,0.02,83.72,5.75,28.42,50.18,5.44,0.42,83.72,0.39,0.25,2.23,0.14,1.28,51.54,244.98,135.79,0.95,0.7,0.11,0.6,0.25,60.39,0.46
Bruno Fernandes,POR,MF,0,0,1,0,2020-2021,Manchester Utd,25,35,3099,34.4,0.47,0.33,0.8,78.78,1.16,8.26,33.87,37.18,3.6,78.49,1.31,0.67,1.49,0.64,1.42,43.49,188.23,102.59,2.33,2.21,0.29,1.63,1.08,59.97,7.65
Federico Fernández,ARG,DF,0,1,0,0,2020-2021,Newcastle Utd,31,24,2079,23.1,0.01,0.03,0.04,50.61,11.6,31.13,16.32,3.29,0.61,50.61,0.04,0.0,0.0,0.04,4.33,23.94,92.34,37.14,0.04,0.0,0.0,0.35,0.09,26.8,0.3
Fernandinho,BRA,MF,0,0,1,0,2020-2021,Manchester City,35,12,1188,13.2,0.05,0.1,0.15,86.59,2.35,12.2,61.59,13.71,0.98,86.59,0.98,0.76,5.83,0.23,1.75,53.26,275.23,168.03,2.35,3.18,0.3,0.53,0.3,65.68,0.38
Sam Field,ENG,MF,0,0,1,0,2020-2021,West Brom,22,0,62,0.7,0.0,0.0,0.0,61.43,5.71,24.29,34.29,2.86,0.0,61.43,1.43,1.43,142.86,0.0,0.0,12.86,35.71,1.43,0.0,0.0,0.0,2.86,1.43,14.29,0.0
Roberto Firmino,BRA,FW,0,0,0,1,2020-2021,Liverpool,28,33,2838,31.5,0.36,0.18,0.54,52.79,0.57,3.3,25.05,25.02,5.59,52.79,2.63,1.87,2.26,0.76,0.92,31.4,154.35,75.52,2.1,1.4,0.7,2.54,1.49,40.6,7.05
Will Fish,ENG,FW,0,0,0,1,2020-2021,Manchester Utd,17,0,1,0.0,0.0,0.0,0.0,,,,,,,,,,,,,,,,,,,,,,
John Fleck,SCO,MF,0,0,1,0,2020-2021,Sheffield Utd,28,29,2575,28.6,0.02,0.1,0.12,51.61,1.26,8.67,26.01,17.55,0.87,51.61,1.89,1.05,1.94,0.84,1.55,26.85,140.77,75.52,1.89,1.68,0.17,1.05,0.84,32.62,2.17
Phil Foden,ENG,"FW,MF",0,0,1,1,2020-2021,Manchester City,20,17,1616,18.0,0.28,0.2,0.48,59.17,0.78,5.17,20.72,34.17,6.72,59.17,3.72,2.11,3.15,1.61,2.41,37.39,211.78,118.78,4.5,2.22,2.33,2.61,0.83,46.28,11.83
Wesley Fofana,FRA,DF,0,1,0,0,2020-2021,Leicester City,19,27,2262,25.1,0.04,0.01,0.05,81.12,7.41,34.46,44.54,3.11,0.8,81.12,0.84,0.6,2.84,0.24,1.14,50.72,323.86,191.47,1.47,0.92,0.04,1.08,0.48,53.55,0.32
Pablo Fornals,ESP,"FW,MF",0,0,1,1,2020-2021,West Ham,24,31,2572,28.6,0.21,0.08,0.29,49.2,0.77,8.01,24.13,17.87,2.31,49.2,2.1,1.01,1.69,1.08,1.81,28.71,152.38,72.06,2.06,1.43,0.38,1.29,0.73,33.67,4.97
Fraser Forster,ENG,GK,1,0,0,0,2020-2021,Southampton,32,8,720,8.0,0.0,0.0,0.0,37.75,29.88,37.0,0.75,0.0,0.0,37.75,0.0,0.0,,0.0,,15.38,88.5,55.88,0.0,0.0,0.0,0.0,0.0,14.5,0.0
Timothy Fosu-Mensah,NED,DF,0,1,0,0,2020-2021,Manchester Utd,22,1,80,0.9,0.03,0.31,0.33,93.33,1.11,16.67,42.22,34.44,4.44,93.33,2.22,2.22,111.11,0.0,0.0,50.0,224.44,104.44,2.22,2.22,1.11,0.0,2.22,72.22,14.44
Tyrese Francois,AUS,DF,0,1,0,0,2020-2021,Fulham,20,0,15,0.2,0.0,0.0,0.0,90.0,0.0,30.0,35.0,25.0,0.0,90.0,5.0,0.0,0.0,5.0,500.0,65.0,285.0,210.0,10.0,5.0,0.0,0.0,0.0,70.0,10.0
Ryan Fraser,SCO,"FW,MF",0,0,1,1,2020-2021,Newcastle Utd,26,9,928,10.3,0.09,0.19,0.28,41.84,1.17,4.76,13.4,24.27,2.14,41.84,0.39,0.29,7.28,0.1,2.43,23.4,133.79,64.08,2.04,1.36,0.39,1.17,0.49,28.35,6.89
Fred,BRA,MF,0,0,1,0,2020-2021,Manchester Utd,27,27,2390,26.6,0.07,0.07,0.14,79.81,2.52,18.83,47.22,14.7,0.56,79.81,1.13,0.9,3.01,0.23,0.75,46.13,217.56,101.95,1.17,1.24,0.04,1.09,1.13,56.24,1.24
Ryan Fredericks,ENG,"DF,FW",0,1,0,1,2020-2021,West Ham,27,6,569,6.3,0.04,0.19,0.24,56.03,5.24,14.92,23.49,17.94,1.9,56.03,1.11,0.48,6.81,0.63,9.06,24.44,120.32,72.06,1.75,1.27,0.32,0.48,0.48,31.43,6.19
Christian Fuchs,AUT,DF,0,1,0,0,2020-2021,Leicester City,34,8,702,7.8,0.01,0.0,0.01,87.31,6.79,28.33,50.26,9.1,0.26,87.31,0.26,0.0,0.0,0.26,12.82,45.9,164.23,76.03,0.26,0.77,0.0,0.26,0.13,55.77,0.9
Darnell Furlong,ENG,DF,0,1,0,0,2020-2021,West Brom,24,32,2932,32.6,0.06,0.06,0.12,47.58,3.99,14.2,19.75,13.87,1.81,47.58,0.74,0.31,1.28,0.43,1.79,16.81,85.34,39.36,1.35,0.71,0.09,1.23,0.31,22.88,3.19
Conor Gallagher,ENG,MF,0,0,1,0,2020-2021,West Brom,20,28,2531,28.1,0.05,0.06,0.12,46.73,1.99,10.14,23.67,13.63,1.25,46.73,1.96,1.07,1.94,0.89,1.62,23.95,134.31,50.11,1.14,0.96,0.39,2.21,1.28,26.94,2.1
Eric García,ESP,DF,0,1,0,0,2020-2021,Manchester City,19,3,383,4.3,0.02,0.0,0.02,88.6,5.81,24.19,61.4,3.02,0.23,88.6,0.0,0.0,,0.0,,64.88,338.14,234.42,1.86,1.63,0.0,0.93,0.0,71.4,0.0
Dwight Gayle,ENG,"FW,MF",0,0,1,1,2020-2021,Newcastle Utd,29,4,514,5.7,0.51,0.06,0.57,27.19,0.7,3.16,11.23,12.81,4.04,27.19,0.35,0.18,8.77,0.18,8.77,9.82,49.82,18.07,0.53,0.53,0.0,1.4,0.18,18.25,5.26
Jean-Philippe Gbamin,CIV,MF,0,0,1,0,2020-2021,Everton,24,0,12,0.1,0.0,0.0,0.0,140.0,10.0,10.0,70.0,60.0,0.0,140.0,10.0,0.0,0.0,10.0,1000.0,90.0,390.0,150.0,0.0,10.0,0.0,0.0,10.0,80.0,0.0
David de Gea,ESP,GK,1,0,0,0,2020-2021,Manchester Utd,29,26,2295,25.5,0.0,0.0,0.0,25.06,22.75,25.02,0.04,0.0,0.0,25.06,0.04,0.04,3.92,0.0,0.0,11.14,56.35,32.51,0.0,0.0,0.0,0.0,0.0,10.39,0.0
Anwar El Ghazi,NED,FW,0,0,0,1,2020-2021,Aston Villa,25,17,1613,17.9,0.47,0.1,0.57,46.98,1.28,3.97,15.59,27.82,4.02,46.76,2.74,1.45,2.97,1.28,2.62,27.88,154.58,80.17,2.79,2.12,0.61,2.68,1.96,36.2,9.11
Kieran Gibbs,ENG,DF,0,1,0,0,2020-2021,West Brom,30,9,809,9.0,0.01,0.04,0.05,43.78,5.89,17.33,19.11,7.56,0.44,43.78,0.22,0.22,11.11,0.0,0.0,19.56,113.78,54.78,1.22,0.67,0.11,1.0,0.11,21.33,1.89
Morgan Gibbs-White,ENG,"MF,FW",0,0,1,1,2020-2021,Wolves,20,4,414,4.6,0.17,0.09,0.25,65.65,0.65,4.57,33.04,28.7,2.61,65.65,2.83,1.74,13.37,1.09,8.37,44.57,243.04,118.91,3.26,3.26,0.43,3.91,1.09,51.52,5.87
Billy Gilmour,SCO,MF,0,0,1,0,2020-2021,Chelsea,19,3,261,2.9,0.02,0.06,0.07,85.52,1.03,18.28,50.0,17.59,0.0,85.52,1.38,0.34,8.62,1.03,25.86,46.9,230.0,88.62,1.03,1.03,0.0,0.69,0.0,69.31,0.34
Olivier Giroud,FRA,FW,0,0,0,1,2020-2021,Chelsea,33,8,748,8.3,0.51,0.13,0.64,36.99,1.33,4.82,15.42,16.99,6.27,36.99,0.24,0.24,12.05,0.0,0.0,14.58,33.61,14.34,0.0,0.12,0.0,2.05,0.72,27.59,4.82
Ben Godfrey,ENG,DF,0,1,0,0,2020-2021,Everton,22,29,2685,29.8,0.03,0.03,0.06,56.78,6.98,28.42,24.83,4.16,0.54,56.78,0.4,0.3,2.52,0.1,0.84,27.72,171.48,100.64,1.54,0.91,0.07,0.91,0.2,32.35,0.34
André Gomes,POR,MF,0,0,1,0,2020-2021,Everton,27,17,1570,17.4,0.03,0.06,0.08,62.3,1.72,12.76,36.9,13.33,0.69,62.3,2.76,1.78,3.71,0.98,2.03,36.95,196.55,91.21,1.72,1.44,0.23,1.72,1.78,44.31,1.61
Joe Gomez,ENG,DF,0,1,0,0,2020-2021,Liverpool,23,6,590,6.6,0.0,0.01,0.01,91.36,9.7,35.76,55.15,0.76,0.0,91.36,0.61,0.61,15.15,0.0,0.0,65.3,304.7,159.55,0.61,0.15,0.0,0.3,0.45,65.0,0.15
Anthony Gordon,ENG,"FW,MF",0,0,1,1,2020-2021,Everton,19,1,88,1.0,0.0,0.03,0.03,45.0,2.0,14.0,17.0,15.0,2.0,45.0,6.0,2.0,33.3,4.0,66.7,26.0,195.0,83.0,3.0,2.0,1.0,5.0,2.0,27.0,5.0
Karlan Grant,ENG,"FW,MF",0,0,1,1,2020-2021,West Brom,22,14,1127,12.5,0.15,0.02,0.16,28.32,1.36,3.76,11.2,13.6,2.88,28.32,1.28,0.72,4.5,0.56,3.5,14.16,88.64,30.72,1.68,0.64,0.64,2.48,1.36,19.04,5.52
Demarai Gray,JAM,FW,0,0,0,1,2020-2021,Leicester City,24,0,19,0.2,0.32,0.0,0.32,70.0,0.0,5.0,5.0,60.0,5.0,70.0,5.0,0.0,0.0,5.0,500.0,40.0,305.0,125.0,5.0,5.0,0.0,5.0,0.0,50.0,15.0
Jack Grealish,ENG,"FW,MF",0,0,1,1,2020-2021,Aston Villa,24,24,2185,24.3,0.19,0.3,0.5,56.63,0.78,4.98,20.99,31.89,6.38,56.63,4.16,2.67,2.65,1.48,1.47,38.11,317.53,191.07,7.08,4.03,3.25,2.26,1.6,41.85,8.72
Mason Greenwood,ENG,FW,0,0,0,1,2020-2021,Manchester Utd,18,21,1822,20.2,0.29,0.11,0.4,47.52,0.2,4.6,19.16,24.36,4.95,47.52,3.27,1.78,2.7,1.49,2.25,33.17,224.85,108.22,3.32,1.83,1.73,1.73,1.44,40.4,8.66
Pascal Groß,GER,"MF,DF",0,1,1,0,2020-2021,Brighton,29,27,2484,27.6,0.18,0.19,0.36,69.38,1.56,12.28,31.96,25.51,2.36,69.24,0.72,0.33,1.63,0.4,1.99,36.63,166.16,72.93,2.07,1.74,0.18,1.27,0.62,45.65,6.09
Kamil Grosicki,POL,"MF,FW",0,0,1,1,2020-2021,West Brom,32,2,148,1.6,0.07,0.19,0.26,37.5,0.62,5.62,11.25,20.62,1.25,37.5,0.62,0.0,0.0,0.62,62.5,24.38,184.38,83.12,4.38,0.62,0.62,1.25,0.62,23.12,7.5
Vicente Guaita,ESP,GK,1,0,0,0,2020-2021,Crystal Palace,33,37,3330,37.0,0.0,0.0,0.0,31.14,26.65,31.08,0.05,0.0,0.0,31.14,0.0,0.0,,0.0,,14.81,90.92,61.84,0.0,0.0,0.0,0.0,0.0,10.49,0.0
İlkay Gündoğan,GER,MF,0,0,1,0,2020-2021,Manchester City,29,23,2029,22.5,0.4,0.15,0.55,85.69,0.89,8.8,47.82,29.56,3.51,85.6,1.73,1.2,3.08,0.53,1.37,52.58,271.02,136.27,3.07,3.07,0.44,1.33,0.58,70.8,4.09
Antwoine Hackford,ENG,DF,0,1,0,0,2020-2021,Sheffield Utd,16,0,11,0.1,0.84,0.0,0.84,30.0,0.0,0.0,20.0,10.0,10.0,30.0,0.0,0.0,,0.0,,20.0,10.0,0.0,0.0,0.0,0.0,0.0,0.0,20.0,0.0
Sébastien Haller,CIV,FW,0,0,0,1,2020-2021,West Ham,26,10,937,10.4,0.28,0.14,0.41,35.87,1.25,2.79,17.88,15.38,4.81,35.87,1.25,0.87,6.65,0.38,2.96,16.92,70.67,17.31,0.38,0.48,0.29,3.94,2.12,28.27,5.0
Rekeem Harper,ENG,MF,0,0,1,0,2020-2021,West Brom,20,0,32,0.4,0.09,0.0,0.09,57.5,0.0,2.5,47.5,10.0,0.0,57.5,5.0,5.0,250.0,0.0,0.0,25.0,97.5,30.0,0.0,2.5,0.0,5.0,0.0,35.0,2.5
Jack Harrison,ENG,"MF,FW",0,0,1,1,2020-2021,Leeds United,23,34,2847,31.6,0.18,0.21,0.39,48.86,1.17,8.89,16.36,23.99,3.61,48.86,2.47,1.33,1.7,1.14,1.46,29.53,188.58,101.08,3.42,1.71,0.95,3.01,1.99,34.43,9.72
Kortney Hause,ENG,DF,0,1,0,0,2020-2021,Aston Villa,25,7,630,7.0,0.15,0.0,0.15,44.86,8.43,25.71,17.71,1.71,1.29,44.86,0.0,0.0,,0.0,,20.86,110.86,51.29,0.14,0.29,0.0,0.14,0.0,19.86,0.0
Kai Havertz,GER,"MF,FW",0,0,1,1,2020-2021,Chelsea,21,18,1520,16.9,0.33,0.08,0.4,59.59,1.36,6.21,29.59,24.26,4.62,59.59,2.19,1.12,3.04,1.07,2.88,34.26,197.99,84.5,2.78,2.19,1.07,3.31,1.48,46.39,7.87
Isaac Hayden,ENG,"MF,DF",0,1,1,0,2020-2021,Newcastle Utd,25,22,1942,21.6,0.03,0.01,0.04,49.54,3.15,15.42,27.04,7.45,0.69,49.54,0.46,0.32,3.24,0.14,1.39,21.53,73.94,26.76,0.32,0.56,0.0,0.93,0.65,24.63,0.93
Michael Hector,JAM,DF,0,1,0,0,2020-2021,Fulham,28,3,263,2.9,0.02,0.01,0.03,72.76,8.97,40.69,31.72,1.38,0.34,72.76,1.03,1.03,34.48,0.0,0.0,43.45,207.24,135.86,0.0,0.69,0.34,1.03,0.0,50.69,0.0
Ahmed Hegazi,EGY,DF,0,1,0,0,2020-2021,West Brom,29,1,90,1.0,0.0,0.0,0.0,70.0,15.0,52.0,19.0,0.0,0.0,70.0,0.0,0.0,,0.0,,28.0,102.0,33.0,0.0,0.0,0.0,3.0,0.0,32.0,0.0
Dean Henderson,ENG,GK,1,0,0,0,2020-2021,Manchester Utd,23,12,1125,12.5,0.0,0.0,0.0,27.84,24.08,27.76,0.08,0.0,0.0,27.84,0.0,0.0,,0.0,,14.8,83.12,51.84,0.0,0.0,0.0,0.0,0.0,9.76,0.0
Jordan Henderson,ENG,"MF,DF",0,1,1,0,2020-2021,Liverpool,30,20,1704,18.9,0.07,0.08,0.15,105.61,3.39,23.44,69.1,13.97,0.79,105.61,0.79,0.48,3.17,0.32,2.12,73.49,397.78,232.38,2.43,2.12,0.05,0.32,0.26,81.69,1.11
Jeff Hendrick,IRL,MF,0,0,1,0,2020-2021,Newcastle Utd,28,17,1422,15.8,0.07,0.07,0.14,41.27,2.22,10.32,23.92,7.28,0.7,41.27,0.95,0.57,3.8,0.38,2.53,22.22,104.11,34.68,0.44,0.76,0.13,0.89,0.95,26.96,1.52
Pablo Hernández,ESP,MF,0,0,1,0,2020-2021,Leeds United,35,3,427,4.7,0.23,0.15,0.38,94.68,0.64,14.26,50.21,31.06,3.4,94.68,2.34,2.13,19.34,0.21,1.94,54.68,363.4,211.91,7.02,4.04,0.64,1.91,0.21,74.04,7.23
Son Heung-min,KOR,FW,0,0,0,1,2020-2021,Tottenham,28,36,3114,34.6,0.28,0.24,0.52,43.53,0.43,4.54,17.43,21.88,3.73,43.5,2.08,1.13,1.57,0.95,1.32,25.49,153.09,69.77,2.54,1.33,1.07,1.71,1.45,31.53,7.69
Ki-Jana Hoever,NED,"DF,MF",0,1,1,0,2020-2021,Wolves,18,5,577,6.4,0.01,0.03,0.04,68.75,4.84,22.19,27.66,19.69,1.56,68.75,3.44,2.03,9.23,1.41,6.39,37.34,205.16,133.12,2.66,1.72,0.62,1.88,0.94,40.78,5.94
Rob Holding,ENG,DF,0,1,0,0,2020-2021,Arsenal,24,28,2558,28.4,0.04,0.01,0.04,73.7,9.96,37.01,34.51,2.39,0.77,73.7,0.39,0.28,2.56,0.11,0.96,47.54,226.55,136.34,0.35,0.35,0.0,0.42,0.21,52.32,0.04
Mason Holgate,ENG,DF,0,1,0,0,2020-2021,Everton,23,26,2287,25.4,0.04,0.03,0.07,59.72,6.46,27.91,26.1,6.1,0.31,59.72,0.43,0.31,2.86,0.12,1.07,29.76,150.24,85.04,0.83,0.35,0.0,0.55,0.24,34.29,1.42
Conor Hourihane,IRL,MF,0,0,1,0,2020-2021,Aston Villa,29,3,225,2.5,0.26,0.25,0.51,70.8,0.8,8.8,29.2,33.2,1.6,70.8,0.0,0.0,,0.0,,32.8,85.6,43.2,0.4,0.0,0.0,0.4,0.0,46.4,4.4
Callum Hudson-Odoi,ENG,"FW,DF",0,1,0,1,2020-2021,Chelsea,19,10,1059,11.8,0.11,0.24,0.35,65.68,0.68,7.2,19.15,40.08,4.92,65.68,2.46,1.27,4.38,1.19,4.09,40.42,294.41,175.93,7.54,3.31,2.54,1.19,1.27,51.19,13.14
Niall Huggins,WAL,DF,0,1,0,0,2020-2021,Leeds United,19,0,38,0.4,0.0,0.0,0.0,52.5,2.5,17.5,25.0,10.0,2.5,52.5,0.0,0.0,,0.0,,32.5,167.5,77.5,2.5,0.0,2.5,0.0,0.0,30.0,2.5
Pierre Højbjerg,DEN,MF,0,0,1,0,2020-2021,Tottenham,24,38,3420,38.0,0.03,0.04,0.07,82.0,3.16,18.74,55.95,8.11,0.53,82.0,0.84,0.61,1.89,0.24,0.74,47.21,224.24,109.89,0.95,0.87,0.05,0.97,0.53,58.53,0.68
Odion Ighalo,NGA,FW,0,0,0,1,2020-2021,Manchester Utd,31,0,10,0.1,0.0,0.0,0.0,40.0,0.0,0.0,20.0,20.0,0.0,40.0,0.0,0.0,,0.0,,30.0,120.0,0.0,0.0,0.0,0.0,10.0,20.0,40.0,10.0
Kelechi Iheanacho,NGA,FW,0,0,0,1,2020-2021,Leicester City,23,16,1459,16.2,0.51,0.23,0.74,44.38,0.06,2.28,18.09,24.57,4.88,44.32,2.72,1.98,4.49,0.74,1.69,27.9,140.49,56.79,1.91,1.54,0.62,3.52,2.1,35.8,7.65
Danny Ings,ENG,FW,0,0,0,1,2020-2021,Southampton,28,26,2173,24.1,0.35,0.09,0.44,33.9,1.12,3.24,14.65,16.22,4.81,33.82,2.45,1.24,2.11,1.2,2.04,19.05,88.76,34.32,1.54,1.04,0.54,2.74,0.75,23.82,5.56
Branislav Ivanović,SRB,DF,0,1,0,0,2020-2021,West Brom,36,8,767,8.5,0.06,0.01,0.07,46.35,6.0,23.06,22.24,1.29,0.59,46.35,0.0,0.0,,0.0,,17.65,79.88,44.35,0.0,0.12,0.0,0.12,0.0,24.35,0.12
Alex Iwobi,NGA,"FW,MF",0,0,1,1,2020-2021,Everton,24,17,1542,17.1,0.05,0.11,0.16,51.64,1.35,10.41,22.69,19.71,2.46,51.64,4.15,2.63,3.71,1.52,2.14,33.68,253.8,137.13,4.21,2.87,0.76,2.4,1.52,36.08,5.79
José Izquierdo,COL,DF,0,1,0,0,2020-2021,Brighton,28,0,9,0.1,0.24,0.0,0.24,130.0,0.0,0.0,10.0,120.0,0.0,130.0,10.0,0.0,0.0,10.0,1000.0,80.0,770.0,540.0,10.0,10.0,0.0,10.0,0.0,80.0,20.0
Phil Jagielka,ENG,DF,0,1,0,0,2020-2021,Sheffield Utd,37,6,526,5.8,0.0,0.0,0.0,45.86,7.24,25.86,19.31,1.38,0.17,45.86,0.0,0.0,,0.0,,20.86,63.45,17.41,0.17,0.0,0.0,0.52,0.0,21.03,0.34
Alireza Jahanbakhsh,IRN,"FW,MF",0,0,1,1,2020-2021,Brighton,26,6,528,5.9,0.26,0.51,0.77,56.1,0.68,3.9,19.15,33.73,4.92,56.1,2.88,1.86,10.97,1.02,5.98,37.12,167.97,93.56,3.05,2.2,1.02,2.03,1.19,43.05,8.98
Daniel James,WAL,FW,0,0,0,1,2020-2021,Manchester Utd,22,11,910,10.1,0.22,0.09,0.31,42.18,0.79,5.45,15.84,21.78,3.56,42.18,2.28,1.09,4.73,1.19,5.17,24.26,179.21,104.85,3.56,2.28,0.69,2.08,0.89,30.1,8.32
Reece James,ENG,DF,0,1,0,0,2020-2021,Chelsea,20,25,2373,26.4,0.06,0.13,0.19,87.01,2.95,21.1,38.6,27.99,1.86,87.01,1.93,1.29,2.53,0.64,1.26,48.94,223.48,115.61,3.03,2.05,0.76,1.02,0.87,60.64,7.73
Alexandre Jankewitz,SUI,MF,0,0,1,0,2020-2021,Southampton,18,1,3,0.0,0.0,0.0,0.0,inf,,inf,,inf,,inf,,,,,,inf,inf,inf,,,,inf,,inf,
Daniel Jebbison,ENG,FW,0,0,0,1,2020-2021,Sheffield Utd,16,3,284,3.2,0.36,0.01,0.37,22.81,0.31,2.5,9.69,10.62,1.56,22.81,1.25,0.62,15.62,0.62,15.62,10.31,42.81,15.94,0.62,0.31,0.31,2.5,1.56,12.19,1.88
Gabriel Jesus,BRA,FW,0,0,0,1,2020-2021,Manchester City,23,22,2063,22.9,0.38,0.12,0.5,43.84,0.31,2.36,17.34,24.8,5.55,43.84,3.06,2.1,3.0,0.96,1.37,27.73,160.57,70.7,2.36,1.66,1.22,2.58,1.66,34.89,8.82
Raúl Jiménez,MEX,FW,0,0,0,1,2020-2021,Wolves,29,10,823,9.1,0.27,0.03,0.29,41.21,1.54,3.41,21.76,16.48,4.18,41.21,2.31,1.1,5.23,1.21,5.76,25.6,146.7,72.2,2.53,1.32,0.77,3.52,1.98,33.3,5.05
Joelinton,BRA,"FW,MF",0,0,1,1,2020-2021,Newcastle Utd,23,23,1983,22.0,0.25,0.11,0.36,42.45,1.5,5.64,22.82,14.73,3.36,42.41,3.05,1.68,2.51,1.36,2.04,23.32,121.45,46.95,1.55,0.95,0.59,3.64,1.91,29.55,4.73
Ben Johnson,ENG,"DF,FW",0,1,0,1,2020-2021,West Ham,20,5,523,5.8,0.07,0.07,0.14,47.41,2.59,13.1,21.21,14.14,0.34,47.41,1.03,0.69,11.5,0.34,5.74,26.72,156.03,82.24,1.9,2.07,0.0,0.69,1.03,28.1,4.14
Sam Johnstone,ENG,GK,1,0,0,0,2020-2021,West Brom,27,37,3330,37.0,0.0,0.01,0.01,38.27,29.89,37.51,0.78,0.0,0.0,38.27,0.0,0.0,,0.0,,17.81,130.78,80.92,0.0,0.0,0.0,0.0,0.0,12.57,0.0
Curtis Jones,ENG,MF,0,0,1,0,2020-2021,Liverpool,19,13,1179,13.1,0.13,0.11,0.24,86.49,1.15,9.77,49.08,28.47,1.98,86.49,2.6,1.68,4.94,0.92,2.69,60.92,318.85,149.92,3.21,3.28,0.61,1.68,2.44,69.47,6.03
Jorginho,ITA,MF,0,0,1,0,2020-2021,Chelsea,28,23,2010,22.3,0.33,0.07,0.4,90.36,2.65,23.32,54.35,13.09,0.72,89.96,1.12,0.76,3.05,0.36,1.43,51.3,209.37,107.98,0.72,1.35,0.0,0.85,0.63,68.83,0.63
Willian José,BRA,FW,0,0,0,1,2020-2021,Wolves,28,12,1110,12.3,0.13,0.1,0.23,31.46,1.14,2.93,18.05,10.73,2.6,31.46,0.89,0.65,5.91,0.24,2.22,16.67,71.95,24.15,0.98,0.57,0.0,2.36,1.06,23.66,4.47
Diogo Jota,POR,FW,0,0,0,1,2020-2021,Liverpool,23,12,1112,12.4,0.51,0.13,0.64,50.48,0.48,4.35,20.24,26.61,7.34,50.48,3.47,1.69,3.94,1.77,4.13,34.27,219.68,121.77,4.35,3.39,1.85,3.15,1.61,39.68,10.08
James Justin,ENG,DF,0,1,0,0,2020-2021,Leicester City,22,23,2070,23.0,0.09,0.09,0.18,67.43,2.61,20.04,29.09,18.74,1.39,67.43,1.39,0.78,2.45,0.61,1.9,32.13,175.09,95.43,2.78,2.22,0.17,1.26,0.61,41.04,5.87
Ozan Kabak,TUR,DF,0,1,0,0,2020-2021,Liverpool,20,9,801,8.9,0.02,0.0,0.02,75.17,8.43,35.51,38.88,1.57,0.79,75.17,0.56,0.34,6.74,0.22,4.49,49.78,252.81,112.92,0.34,0.11,0.0,0.45,0.34,53.6,0.11
Aboubakar Kamara,MTN,"FW,MF",0,0,1,1,2020-2021,Fulham,25,2,315,3.5,0.16,0.09,0.25,48.86,0.0,4.0,20.57,25.14,1.14,48.86,2.57,1.14,12.69,1.43,15.89,30.57,164.57,77.43,3.14,2.0,0.0,3.71,2.29,36.57,8.57
Harry Kane,ENG,FW,0,0,0,1,2020-2021,Tottenham,27,35,3082,34.2,0.59,0.21,0.79,40.73,1.49,3.74,20.03,17.4,4.65,40.61,2.92,1.52,1.52,1.4,1.4,23.65,135.91,66.37,2.19,1.46,0.88,1.84,1.58,31.35,5.41
N'Golo Kanté,FRA,MF,0,0,1,0,2020-2021,Chelsea,29,24,2146,23.8,0.02,0.05,0.08,77.39,2.39,18.78,45.08,14.54,0.63,77.39,1.6,1.09,2.87,0.5,1.33,41.26,203.95,98.99,1.6,1.72,0.08,2.02,0.63,51.55,1.64
Moise Kean,ITA,"FW,MF",0,0,1,1,2020-2021,Everton,20,0,15,0.2,0.28,0.0,0.28,75.0,0.0,5.0,25.0,45.0,25.0,75.0,15.0,0.0,0.0,15.0,500.0,55.0,560.0,310.0,20.0,5.0,5.0,5.0,0.0,60.0,25.0
Michael Keane,ENG,DF,0,1,0,0,2020-2021,Everton,27,33,2991,33.2,0.05,0.03,0.08,68.89,10.66,37.14,30.21,1.72,1.02,68.89,0.21,0.12,1.72,0.09,1.29,40.15,209.88,121.23,0.42,0.15,0.0,0.21,0.15,47.32,0.09
Neeskens Kebano,COD,"FW,MF",0,0,1,1,2020-2021,Fulham,28,1,119,1.3,0.2,0.01,0.21,50.0,0.0,6.15,16.15,29.23,3.85,50.0,3.85,2.31,46.15,1.54,30.77,34.62,183.85,83.85,5.38,0.77,0.77,5.38,1.54,35.38,11.54
Naby Keïta,GUI,MF,0,0,1,0,2020-2021,Liverpool,25,7,520,5.8,0.07,0.11,0.18,74.14,0.86,7.24,47.07,20.52,2.76,74.14,1.72,1.38,13.79,0.34,3.45,48.1,266.9,140.52,3.1,2.24,0.52,2.41,1.38,55.17,3.28
Caoimhín Kelleher,IRL,GK,1,0,0,0,2020-2021,Liverpool,21,2,180,2.0,0.0,0.0,0.0,35.0,28.0,34.5,0.5,0.0,0.0,35.0,0.0,0.0,,0.0,,19.5,58.0,37.5,0.0,0.0,0.0,0.0,0.0,17.0,0.0
Martin Kelly,ENG,DF,0,1,0,0,2020-2021,Crystal Palace,30,0,2,0.0,0.0,0.0,0.0,inf,inf,inf,inf,,,inf,,,,,,inf,inf,,,,,,,,
Jonjoe Kenny,ENG,DF,0,1,0,0,2020-2021,Everton,23,1,79,0.9,0.0,0.0,0.0,76.67,3.33,15.56,27.78,34.44,4.44,76.67,0.0,0.0,,0.0,,30.0,127.78,64.44,2.22,2.22,0.0,3.33,0.0,46.67,7.78
Reda Khadra,GER,MF,0,0,1,0,2020-2021,Brighton,19,0,5,0.1,0.0,0.0,0.0,10.0,0.0,0.0,0.0,10.0,10.0,10.0,0.0,0.0,,0.0,,10.0,350.0,310.0,10.0,0.0,10.0,0.0,0.0,10.0,10.0
Max Kilman,ENG,DF,0,1,0,0,2020-2021,Wolves,23,14,1310,14.6,0.05,0.04,0.09,60.07,5.27,26.44,31.03,2.81,0.62,60.07,0.55,0.48,5.99,0.07,0.86,37.67,182.95,114.79,0.75,0.48,0.0,0.27,0.14,43.01,0.14
Joshua King,NOR,"MF,FW",0,0,1,1,2020-2021,Everton,28,0,148,1.6,0.37,0.0,0.37,50.0,0.0,6.25,21.25,24.38,3.75,50.0,4.38,2.5,35.69,1.88,26.81,28.12,216.25,103.12,5.62,4.38,0.62,5.62,3.75,35.0,12.5
Mateusz Klich,POL,MF,0,0,1,0,2020-2021,Leeds United,30,28,2393,26.6,0.11,0.13,0.24,65.9,1.02,9.02,33.08,24.62,2.11,65.83,1.02,0.49,1.81,0.53,1.95,38.01,207.93,98.38,2.63,2.59,0.15,1.5,0.83,47.18,5.71
Robin Koch,GER,"DF,MF",0,1,1,0,2020-2021,Leeds United,24,13,1132,12.6,0.06,0.01,0.07,72.22,9.44,37.3,31.67,3.65,0.87,72.22,0.48,0.32,5.29,0.16,2.64,43.57,232.38,155.4,0.63,0.63,0.0,0.4,0.0,48.1,0.24
Sead Kolašinac,BIH,DF,0,1,0,0,2020-2021,Arsenal,27,1,90,1.0,0.0,0.0,0.0,69.0,2.0,13.0,39.0,17.0,2.0,69.0,0.0,0.0,,0.0,,31.0,110.0,62.0,2.0,0.0,1.0,0.0,0.0,50.0,9.0
Terence Kongolo,NED,DF,0,1,0,0,2020-2021,Fulham,26,1,90,1.0,0.0,0.0,0.0,54.0,5.0,26.0,27.0,2.0,1.0,54.0,0.0,0.0,,0.0,,14.0,53.0,35.0,0.0,0.0,0.0,0.0,0.0,30.0,1.0
Ezri Konsa,ENG,DF,0,1,0,0,2020-2021,Aston Villa,22,35,3196,35.5,0.07,0.0,0.07,46.76,8.87,27.07,17.77,2.06,0.96,46.76,0.17,0.17,2.82,0.0,0.0,24.03,84.0,38.73,0.08,0.03,0.0,0.51,0.2,26.87,0.14
Cheikhou Kouyaté,SEN,DF,0,1,0,0,2020-2021,Crystal Palace,30,35,3121,34.7,0.02,0.03,0.05,46.83,6.2,27.03,18.24,1.84,0.69,46.83,0.35,0.29,2.4,0.06,0.48,22.68,94.76,42.8,0.17,0.06,0.0,0.49,0.23,24.78,0.32
Mateo Kovačić,CRO,MF,0,0,1,0,2020-2021,Chelsea,26,21,1815,20.2,0.05,0.08,0.13,96.53,0.79,15.59,63.86,18.07,0.74,96.53,3.22,2.62,4.03,0.59,0.92,64.65,363.81,179.06,2.52,2.67,0.15,1.29,1.14,81.44,1.83
Emil Krafth,SWE,DF,0,1,0,0,2020-2021,Newcastle Utd,25,14,1288,14.3,0.02,0.03,0.05,50.42,5.52,23.57,18.53,8.53,0.63,50.42,0.28,0.21,5.24,0.07,1.75,20.28,95.66,45.31,0.84,0.7,0.14,0.63,0.28,24.27,1.75
Filip Krovinović,CRO,MF,0,0,1,0,2020-2021,West Brom,24,5,546,6.1,0.04,0.03,0.07,69.51,0.98,11.31,41.8,17.87,0.66,69.51,1.48,1.31,14.57,0.16,1.82,34.75,227.38,122.95,2.46,1.8,0.0,1.97,0.82,47.38,3.44
Alexandre Lacazette,FRA,FW,0,0,0,1,2020-2021,Arsenal,29,22,1923,21.4,0.55,0.1,0.65,34.35,0.7,3.74,15.42,15.47,4.44,34.21,1.68,1.03,2.86,0.65,1.82,16.59,63.83,22.01,0.7,0.47,0.42,2.34,1.45,24.91,5.23
Adam Lallana,ENG,"MF,FW",0,0,1,1,2020-2021,Brighton,32,16,1596,17.7,0.09,0.14,0.23,62.37,1.47,11.69,31.41,19.72,3.45,62.37,1.58,1.02,3.63,0.56,2.02,33.11,154.01,74.8,1.86,0.85,0.73,1.36,0.85,45.65,4.35
Érik Lamela,ARG,"FW,MF",0,0,1,1,2020-2021,Tottenham,28,5,717,8.0,0.14,0.12,0.26,59.25,0.5,5.62,30.62,24.5,2.75,59.25,5.0,3.12,7.81,1.88,4.69,35.75,278.75,119.25,3.5,3.12,0.5,2.5,1.62,43.25,6.12
Tariq Lamptey,GHA,"DF,MF",0,1,1,0,2020-2021,Brighton,19,11,886,9.8,0.07,0.08,0.15,63.57,2.14,15.92,25.71,22.96,2.76,63.57,2.96,1.33,4.57,1.63,5.63,35.31,231.53,121.43,4.08,3.67,1.02,2.14,0.61,38.37,7.76
Manuel Lanzini,ARG,"MF,FW",0,0,1,1,2020-2021,West Ham,27,5,566,6.3,0.15,0.14,0.29,72.22,1.43,12.86,37.62,22.86,2.22,72.22,2.06,0.95,7.33,1.11,8.54,43.97,242.54,102.7,1.11,2.22,0.32,2.22,1.43,52.86,3.17
Aymeric Laporte,ESP,DF,0,1,0,0,2020-2021,Manchester City,26,14,1344,14.9,0.05,0.02,0.07,92.82,5.44,29.13,59.87,4.03,0.81,92.82,0.13,0.13,6.71,0.0,0.0,64.77,361.54,253.49,1.88,0.94,0.0,0.54,0.07,73.83,0.07
Jamaal Lascelles,ENG,DF,0,1,0,0,2020-2021,Newcastle Utd,26,19,1625,18.1,0.07,0.01,0.08,44.53,8.73,27.62,15.03,2.15,0.99,44.53,0.22,0.22,5.52,0.0,0.0,21.88,93.92,44.14,0.22,0.0,0.0,0.33,0.06,24.92,0.11
Maxime Le Marchand,FRA,DF,0,1,0,0,2020-2021,Fulham,30,1,123,1.4,0.01,0.0,0.01,65.71,8.57,42.14,20.71,2.86,0.0,65.71,0.0,0.0,,0.0,,33.57,132.86,73.57,0.0,0.71,0.0,0.0,0.0,49.29,0.0
Mario Lemina,GAB,MF,0,0,1,0,2020-2021,Fulham,26,19,1703,18.9,0.04,0.04,0.08,59.95,2.43,17.14,34.23,9.42,0.58,59.95,1.96,1.38,3.72,0.58,1.57,34.34,197.51,92.38,1.01,1.27,0.05,1.38,1.16,38.2,0.79
Bernd Leno,GER,GK,1,0,0,0,2020-2021,Arsenal,28,35,3131,34.8,0.0,0.0,0.0,35.6,29.28,35.03,0.55,0.03,0.03,35.6,0.0,0.0,,0.0,,20.43,90.75,56.26,0.0,0.0,0.0,0.0,0.03,18.25,0.0
Khanya Leshabela,RSA,MF,0,0,1,0,2020-2021,Leicester City,20,0,10,0.1,0.0,0.0,0.0,90.0,0.0,10.0,60.0,30.0,0.0,90.0,0.0,0.0,,0.0,,80.0,730.0,540.0,30.0,10.0,0.0,0.0,10.0,70.0,0.0
Jamal Lewis,NIR,DF,0,1,0,0,2020-2021,Newcastle Utd,22,20,1837,20.4,0.01,0.05,0.06,50.39,2.99,19.07,21.37,10.49,0.39,50.39,1.18,0.59,2.45,0.59,2.45,26.23,133.87,66.23,1.32,0.98,0.1,0.83,0.64,27.11,2.75
Victor Lindelöf,SWE,DF,0,1,0,0,2020-2021,Manchester Utd,26,29,2585,28.7,0.02,0.01,0.03,73.0,9.16,36.97,33.48,2.82,0.28,73.0,0.14,0.07,1.74,0.07,1.74,44.63,294.77,161.18,0.63,0.63,0.0,0.31,0.1,51.85,0.07
Jesse Lingard,ENG,"MF,FW",0,0,1,1,2020-2021,West Ham,27,16,1421,15.8,0.29,0.13,0.42,52.78,0.25,3.86,25.82,24.05,2.78,52.66,2.72,1.14,2.65,1.58,3.68,33.35,230.7,124.43,3.73,3.04,1.27,1.77,1.39,41.27,5.32
Jake Livermore,ENG,MF,0,0,1,0,2020-2021,West Brom,30,15,1242,13.8,0.02,0.01,0.04,37.83,3.26,11.23,21.59,5.51,0.65,37.83,0.36,0.14,2.9,0.22,4.35,14.13,59.71,21.88,0.0,0.43,0.0,1.09,0.51,17.54,0.43
Diego Llorente,ESP,DF,0,1,0,0,2020-2021,Leeds United,26,14,1204,13.4,0.06,0.04,0.1,65.15,9.1,40.82,23.21,1.64,0.67,65.15,0.6,0.45,5.6,0.15,1.87,37.91,234.7,152.61,0.52,0.3,0.0,0.82,0.52,39.55,0.07
Hugo Lloris,FRA,GK,1,0,0,0,2020-2021,Tottenham,33,38,3420,38.0,0.0,0.0,0.0,29.97,27.0,29.92,0.05,0.0,0.0,29.97,0.0,0.0,,0.0,,14.5,87.0,59.39,0.0,0.0,0.0,0.03,0.03,11.03,0.0
Giovani Lo Celso,ARG,MF,0,0,1,0,2020-2021,Tottenham,24,11,945,10.5,0.14,0.09,0.23,68.48,1.24,8.76,38.76,22.1,2.0,68.48,1.9,0.76,3.81,1.14,5.71,37.14,224.76,118.29,2.0,1.9,0.38,2.0,1.33,47.14,3.24
Ruben Loftus-Cheek,ENG,FW,0,0,0,1,2020-2021,Chelsea,24,1,60,0.7,0.0,0.0,0.0,35.71,0.0,7.14,21.43,7.14,0.0,35.71,4.29,0.0,0.0,4.29,142.86,18.57,121.43,48.57,1.43,1.43,0.0,2.86,1.43,25.71,2.86
Ruben Loftus-Cheek,ENG,"MF,FW",0,0,1,1,2020-2021,Fulham,24,21,1909,21.2,0.16,0.06,0.22,47.17,0.94,5.42,25.66,17.08,3.16,47.17,3.4,1.79,2.49,1.6,2.23,30.52,191.84,104.76,2.69,1.98,0.66,3.44,1.93,35.47,4.58
Kevin Long,IRL,DF,0,1,0,0,2020-2021,Burnley,29,7,637,7.1,0.06,0.0,0.06,45.77,5.21,24.65,19.44,1.83,1.27,45.77,0.0,0.0,,0.0,,19.3,76.62,25.92,0.0,0.0,0.0,0.14,0.0,22.39,0.14
Shane Long,IRL,FW,0,0,0,1,2020-2021,Southampton,33,1,210,2.3,0.03,0.0,0.03,37.39,0.43,3.48,17.83,16.52,2.17,37.39,2.17,0.87,17.39,1.3,26.09,17.83,78.26,15.22,0.43,1.74,0.0,2.17,3.04,27.83,4.35
Matthew Longstaff,ENG,MF,0,0,1,0,2020-2021,Newcastle Utd,20,4,377,4.2,0.0,0.04,0.04,41.43,1.9,11.43,23.57,6.9,0.24,41.43,0.48,0.48,23.81,0.0,0.0,20.95,58.33,16.9,0.24,0.71,0.0,0.24,0.24,22.14,0.48
Sean Longstaff,ENG,MF,0,0,1,0,2020-2021,Newcastle Utd,22,15,1412,15.7,0.09,0.06,0.15,47.83,1.91,11.46,26.56,9.94,1.02,47.83,0.57,0.25,2.83,0.32,3.54,23.12,88.03,36.43,0.32,0.32,0.06,1.08,0.38,28.34,1.15
Ademola Lookman,NGA,"FW,MF",0,0,1,1,2020-2021,Fulham,22,31,2747,30.5,0.21,0.17,0.37,51.67,0.39,4.75,21.31,26.56,4.33,51.64,4.2,2.69,2.1,1.51,1.18,31.54,224.23,100.69,3.61,2.2,1.7,3.51,2.39,35.25,7.74
Max Lowe,ENG,DF,0,1,0,0,2020-2021,Sheffield Utd,23,7,550,6.1,0.01,0.02,0.03,47.7,2.95,12.95,18.2,16.72,1.8,47.7,1.8,1.15,10.43,0.66,5.97,19.67,104.43,53.93,1.64,1.15,0.49,1.31,0.66,25.9,5.25
Matthew Lowton,ENG,DF,0,1,0,0,2020-2021,Burnley,31,34,3060,34.0,0.02,0.09,0.12,55.35,4.03,16.44,26.53,12.88,0.59,55.35,1.18,0.79,1.99,0.38,0.96,24.21,113.21,71.29,1.44,1.06,0.12,1.12,0.29,27.06,1.74
David Luiz,BRA,DF,0,1,0,0,2020-2021,Arsenal,33,17,1396,15.5,0.06,0.03,0.09,73.74,8.32,35.87,34.32,3.81,1.23,73.74,0.26,0.19,4.84,0.06,1.61,49.42,326.0,196.58,1.42,0.97,0.13,0.26,0.13,54.39,0.19
Douglas Luiz,BRA,MF,0,0,1,0,2020-2021,Aston Villa,22,32,2781,30.9,0.04,0.05,0.09,55.86,3.43,15.11,32.2,9.48,0.52,55.86,1.04,0.74,2.33,0.29,0.91,29.64,171.13,89.32,1.52,1.36,0.1,0.81,0.58,33.01,1.04
John Lundstram,ENG,MF,0,0,1,0,2020-2021,Sheffield Utd,26,23,2032,22.6,0.08,0.06,0.14,56.19,1.81,10.88,27.08,18.85,1.02,56.15,1.06,0.66,2.77,0.4,1.66,30.93,167.48,67.96,1.55,1.37,0.09,1.28,0.84,38.67,3.23
Alexis Mac Allister,ARG,"MF,FW",0,0,1,1,2020-2021,Brighton,21,13,1115,12.4,0.1,0.12,0.22,45.4,0.65,7.66,20.81,17.74,2.74,45.4,2.1,1.29,4.96,0.81,3.1,24.44,121.37,54.84,1.21,0.97,0.0,2.26,1.29,29.68,4.44
James Maddison,ENG,MF,0,0,1,0,2020-2021,Leicester City,23,24,2099,23.3,0.16,0.22,0.38,59.23,0.3,3.91,29.06,27.04,2.53,59.23,2.19,1.24,2.44,0.94,1.85,33.13,172.7,76.87,1.85,1.72,0.56,2.45,1.42,43.35,4.98
Gabriel Magalhães,BRA,DF,0,1,0,0,2020-2021,Arsenal,22,22,1996,22.2,0.06,0.0,0.06,79.23,9.46,38.65,38.2,2.52,1.22,79.23,0.27,0.23,3.75,0.05,0.75,56.26,314.95,183.87,0.81,0.27,0.09,0.23,0.27,59.86,0.36
Harry Maguire,ENG,DF,0,1,0,0,2020-2021,Manchester Utd,27,34,3047,33.9,0.07,0.01,0.08,75.75,10.29,35.04,35.58,5.69,1.53,75.75,0.41,0.24,1.68,0.18,1.27,45.25,291.21,170.94,1.24,1.21,0.15,0.29,0.18,51.42,0.41
Riyad Mahrez,ALG,FW,0,0,0,1,2020-2021,Manchester City,29,23,1949,21.7,0.22,0.23,0.45,60.41,0.23,2.81,20.69,37.47,6.36,60.41,3.73,2.07,2.56,1.66,2.05,42.72,244.84,115.02,4.06,2.12,2.76,2.12,1.34,49.49,11.38
Ainsley Maitland-Niles,ENG,"MF,DF",0,1,1,0,2020-2021,Arsenal,22,5,490,5.4,0.01,0.02,0.04,65.74,3.33,22.22,28.52,15.56,1.11,65.74,1.85,1.11,11.11,0.74,7.41,36.67,188.52,88.7,2.22,1.85,0.56,1.85,1.3,39.81,3.89
Ainsley Maitland-Niles,ENG,MF,0,0,1,0,2020-2021,West Brom,22,14,1230,13.7,0.04,0.05,0.09,42.55,2.63,9.56,18.98,14.53,1.82,42.55,2.41,1.17,3.54,1.24,3.76,21.31,114.89,52.85,1.82,1.17,0.58,2.34,1.75,23.36,3.8
Josh Maja,NGA,FW,0,0,0,1,2020-2021,Fulham,21,9,810,9.0,0.5,0.05,0.55,28.44,0.22,2.67,13.89,12.22,3.56,28.33,1.67,0.89,5.92,0.78,5.19,16.67,66.67,18.67,0.56,0.44,0.22,2.89,1.44,22.11,3.67
Sadio Mané,SEN,FW,0,0,0,1,2020-2021,Liverpool,28,31,2810,31.2,0.45,0.22,0.67,48.46,0.51,2.76,17.15,29.23,7.82,48.46,4.62,2.63,1.82,1.96,1.36,34.01,236.99,112.21,4.55,2.82,1.99,3.24,1.96,40.58,11.73
Javier Manquillo,ESP,DF,0,1,0,0,2020-2021,Newcastle Utd,26,10,825,9.2,0.0,0.03,0.03,53.15,2.5,14.35,23.59,15.98,0.54,53.15,0.87,0.11,1.36,0.76,9.51,23.8,120.0,60.22,1.41,1.3,0.0,1.63,0.76,27.83,3.15
Fernando Marçal,BRA,"DF,MF",0,1,1,0,2020-2021,Wolves,31,7,623,6.9,0.01,0.02,0.03,67.25,4.06,21.3,31.3,14.78,0.29,67.25,1.88,1.01,7.8,0.87,6.7,31.3,153.19,86.81,1.16,0.72,0.0,0.87,0.29,36.52,2.03
Solly March,ENG,"DF,MF",0,1,1,0,2020-2021,Brighton,26,19,1672,18.6,0.09,0.08,0.17,63.71,2.37,13.17,23.92,27.69,2.69,63.71,3.39,2.37,3.75,1.02,1.62,32.53,236.56,112.96,3.98,1.83,0.97,1.18,1.29,35.59,7.85
Pablo Marí,ESP,DF,0,1,0,0,2020-2021,Arsenal,26,10,900,10.0,0.01,0.03,0.03,70.0,8.3,39.0,30.2,0.9,0.3,70.0,0.3,0.3,10.0,0.0,0.0,45.5,215.4,133.6,0.4,0.4,0.0,0.1,0.0,51.8,0.0
Anthony Martial,FRA,FW,0,0,0,1,2020-2021,Manchester Utd,24,17,1480,16.4,0.4,0.12,0.52,41.16,0.73,2.87,14.82,23.9,6.28,41.16,3.6,2.13,3.62,1.46,2.48,27.68,169.33,80.91,2.93,1.95,1.1,3.05,2.26,35.67,9.45
Gabriel Martinelli,BRA,FW,0,0,0,1,2020-2021,Arsenal,19,7,589,6.5,0.5,0.27,0.78,39.38,1.08,5.85,10.31,23.69,6.31,39.38,3.85,2.0,8.0,1.85,7.38,24.15,162.15,82.46,3.54,0.92,2.0,3.38,1.08,26.0,9.54
Emiliano Martínez,ARG,GK,1,0,0,0,2020-2021,Aston Villa,27,38,3420,38.0,0.0,0.0,0.0,36.95,30.84,36.55,0.39,0.0,0.0,36.95,0.0,0.0,,0.0,,20.5,117.26,79.92,0.0,0.0,0.0,0.03,0.0,15.61,0.0
Arthur Masuaku,COD,"DF,MF",0,1,1,0,2020-2021,West Ham,26,12,1006,11.2,0.04,0.2,0.24,62.68,3.3,16.43,27.86,19.46,0.98,62.68,3.93,2.59,5.88,1.34,3.04,34.73,233.13,139.82,4.02,2.59,0.36,1.25,1.34,40.62,4.82
Juan Mata,ESP,"FW,MF",0,0,1,1,2020-2021,Manchester Utd,32,6,509,5.7,0.18,0.15,0.33,57.72,0.7,5.09,29.65,23.33,2.11,57.54,0.53,0.35,11.7,0.18,5.84,37.72,203.33,78.6,2.28,2.46,0.53,1.23,1.05,48.77,5.61
Jean-Philippe Mateta,FRA,FW,0,0,0,1,2020-2021,Crystal Palace,23,2,221,2.5,0.13,0.01,0.14,30.8,1.2,5.6,17.2,8.4,2.8,30.8,2.4,1.2,20.0,1.2,20.0,12.4,49.2,19.6,0.8,0.0,0.4,4.0,2.0,24.4,4.4
Nemanja Matić,SRB,MF,0,0,1,0,2020-2021,Manchester Utd,31,12,1106,12.3,0.02,0.06,0.08,92.44,3.33,23.01,57.56,13.09,0.73,92.44,1.71,1.38,6.59,0.33,1.54,61.06,373.09,237.07,3.25,1.71,0.24,1.14,0.65,69.35,0.98
Joël Matip,CMR,DF,0,1,0,0,2020-2021,Liverpool,28,9,691,7.7,0.1,0.11,0.22,78.83,5.84,31.04,45.71,2.73,0.78,78.83,0.0,0.0,,0.0,,47.92,246.62,153.38,0.78,1.04,0.0,0.39,0.13,55.45,0.13
Neal Maupay,FRA,"FW,MF",0,0,1,1,2020-2021,Brighton,23,29,2512,27.9,0.47,0.14,0.61,33.69,0.43,2.69,14.59,16.77,5.05,33.55,1.72,0.86,1.79,0.86,1.79,19.61,103.69,41.36,1.58,0.97,0.79,2.65,1.72,24.16,6.49
James McArthur,SCO,MF,0,0,1,0,2020-2021,Crystal Palace,32,17,1466,16.3,0.02,0.07,0.09,60.43,2.88,16.63,35.89,8.77,1.1,60.43,1.17,0.86,4.52,0.31,1.61,29.94,160.74,72.27,0.92,1.29,0.06,1.04,0.61,32.64,1.78
Oliver McBurnie,SCO,FW,0,0,0,1,2020-2021,Sheffield Utd,24,12,1324,14.7,0.26,0.07,0.34,41.5,2.24,4.35,17.14,20.27,3.61,41.5,0.88,0.27,2.1,0.61,4.71,15.92,63.33,25.31,0.95,0.82,0.27,1.56,1.16,31.9,3.95
Alex McCarthy,ENG,GK,1,0,0,0,2020-2021,Southampton,30,30,2700,30.0,0.0,0.0,0.0,38.17,28.5,37.93,0.23,0.0,0.0,38.17,0.07,0.07,3.33,0.0,0.0,21.03,96.93,53.37,0.0,0.03,0.03,0.03,0.0,19.43,0.03
James McCarthy,IRL,MF,0,0,1,0,2020-2021,Crystal Palace,29,10,821,9.1,0.0,0.03,0.04,46.04,3.41,13.63,27.69,4.95,0.11,46.04,0.33,0.22,7.33,0.11,3.66,19.89,75.27,31.87,0.11,0.44,0.0,1.1,0.11,23.08,0.44
John McGinn,SCO,MF,0,0,1,0,2020-2021,Aston Villa,25,37,3330,37.0,0.07,0.1,0.17,48.24,1.76,8.46,28.0,12.65,1.32,48.24,2.08,1.41,1.82,0.68,0.88,26.92,128.41,62.81,0.89,0.97,0.19,1.81,0.95,32.08,2.14
David McGoldrick,IRL,"FW,MF",0,0,1,1,2020-2021,Sheffield Utd,32,28,2397,26.6,0.26,0.04,0.3,48.42,1.24,4.14,20.49,24.4,3.35,48.42,3.05,1.77,2.18,1.28,1.58,27.41,146.02,55.45,1.58,1.35,0.6,3.31,1.65,37.29,6.09
Dwight McNeil,ENG,MF,0,0,1,0,2020-2021,Burnley,20,34,3069,34.1,0.03,0.18,0.21,49.94,1.5,7.77,25.22,18.15,1.17,49.94,3.02,1.85,1.79,1.17,1.14,29.94,220.38,81.41,2.99,2.14,0.47,1.67,1.82,31.32,2.99
Scott McTominay,SCO,MF,0,0,1,0,2020-2021,Manchester Utd,23,24,2129,23.7,0.09,0.07,0.16,67.64,3.46,17.72,38.23,12.57,1.39,67.64,1.48,1.1,3.14,0.38,1.08,39.75,226.96,121.94,2.41,1.56,0.34,1.73,0.72,47.55,1.1
Ben Mee,ENG,DF,0,1,0,0,2020-2021,Burnley,30,30,2693,29.9,0.08,0.01,0.09,49.06,7.93,23.95,23.48,1.94,1.47,49.06,0.2,0.13,2.23,0.07,1.11,20.94,82.74,34.41,0.0,0.03,0.0,0.3,0.07,22.47,0.1
Hannibal Mejbri,TUN,MF,0,0,1,0,2020-2021,Manchester Utd,17,0,9,0.1,0.0,0.0,0.0,60.0,0.0,10.0,50.0,0.0,0.0,60.0,30.0,10.0,333.0,20.0,667.0,50.0,410.0,180.0,0.0,0.0,0.0,0.0,0.0,40.0,0.0
Benjamin Mendy,FRA,DF,0,1,0,0,2020-2021,Manchester City,26,11,953,10.6,0.03,0.02,0.06,70.47,1.98,11.7,36.32,23.11,1.42,70.47,1.32,1.04,7.42,0.28,2.02,37.17,143.4,76.23,1.23,1.13,0.28,1.51,0.47,47.26,6.98
Edouard Mendy,SEN,GK,1,0,0,0,2020-2021,Chelsea,28,31,2745,30.5,0.0,0.0,0.0,35.08,29.41,34.92,0.16,0.0,0.0,35.08,0.0,0.0,,0.0,,21.11,88.23,38.72,0.0,0.0,0.0,0.0,0.0,20.46,0.0
Nampalys Mendy,SEN,MF,0,0,1,0,2020-2021,Leicester City,28,15,1459,16.2,0.0,0.01,0.01,68.09,1.23,12.78,46.36,9.32,0.0,68.09,0.74,0.37,3.09,0.37,3.09,41.42,194.14,85.49,0.99,0.8,0.0,1.11,0.68,50.12,0.19
Illan Meslier,FRA,GK,1,0,0,0,2020-2021,Leeds United,20,35,3150,35.0,0.0,0.0,0.0,41.86,36.83,41.86,0.0,0.0,0.0,41.86,0.0,0.0,,0.0,,25.66,130.66,79.11,0.0,0.0,0.0,0.06,0.03,20.8,0.0
Luka Milivojević,SRB,MF,0,0,1,0,2020-2021,Crystal Palace,29,27,2359,26.2,0.09,0.07,0.16,60.65,3.32,16.91,36.68,7.79,0.34,60.57,0.53,0.31,2.18,0.23,1.64,30.46,151.95,64.05,0.46,0.5,0.08,0.5,0.73,36.15,0.42
James Milner,ENG,"MF,DF",0,1,1,0,2020-2021,Liverpool,34,11,1070,11.9,0.03,0.07,0.1,90.08,2.52,15.38,52.35,22.86,1.51,90.08,1.01,0.5,4.2,0.5,4.2,51.93,223.95,119.24,1.76,2.1,0.25,1.01,1.01,62.44,4.29
Yerry Mina,COL,DF,0,1,0,0,2020-2021,Everton,25,23,1937,21.5,0.07,0.0,0.08,68.88,9.67,38.0,29.86,1.53,1.21,68.88,0.14,0.05,1.55,0.09,3.1,43.72,257.3,163.95,0.42,0.23,0.05,0.14,0.05,48.79,0.09
Takumi Minamino,JPN,MF,0,0,1,0,2020-2021,Southampton,25,9,711,7.9,0.18,0.06,0.25,44.43,1.65,7.22,23.42,14.68,2.15,44.43,1.65,0.51,3.9,1.14,8.76,25.44,151.77,74.94,2.41,2.03,0.76,2.03,0.76,30.0,5.32
Takumi Minamino,JPN,"MF,FW",0,0,1,1,2020-2021,Liverpool,25,2,293,3.3,0.34,0.0,0.34,50.91,0.91,5.45,27.27,18.48,2.73,50.91,2.12,2.12,30.3,0.0,0.0,32.12,121.82,49.09,0.91,0.61,0.3,2.12,1.52,39.09,4.85
Tyrone Mings,ENG,DF,0,1,0,0,2020-2021,Aston Villa,27,36,3194,35.5,0.05,0.01,0.07,58.45,9.63,33.86,22.65,2.39,1.04,58.45,0.23,0.17,2.11,0.06,0.7,30.56,170.73,85.83,0.34,0.28,0.03,0.54,0.11,34.08,0.14
Tyrick Mitchell,ENG,DF,0,1,0,0,2020-2021,Crystal Palace,20,19,1710,19.0,0.04,0.01,0.06,53.74,4.05,21.11,22.05,10.79,0.37,53.74,0.95,0.58,3.22,0.37,2.05,22.74,99.42,49.84,0.79,0.58,0.0,0.84,0.63,25.05,1.58
Aleksandar Mitrović,SRB,FW,0,0,0,1,2020-2021,Fulham,25,13,1402,15.6,0.4,0.18,0.57,37.44,0.77,2.37,15.58,19.68,6.54,37.31,0.77,0.45,3.74,0.32,2.67,17.56,67.76,24.36,0.64,0.58,0.32,3.85,1.09,29.29,5.64
Jakub Moder,POL,"DF,MF",0,1,1,0,2020-2021,Brighton,21,7,647,7.2,0.11,0.02,0.13,52.08,2.08,9.31,20.69,23.06,3.06,52.08,2.36,1.25,7.35,1.11,6.54,28.19,164.31,80.56,2.92,1.25,0.83,1.94,1.39,34.86,6.94
Jayson Molumby,IRL,MF,0,0,1,0,2020-2021,Brighton,20,0,1,0.0,0.0,0.0,0.0,inf,,,inf,,,inf,,,,,,,,,,,,,,,
Wesley Moraes,BRA,FW,0,0,0,1,2020-2021,Aston Villa,23,0,18,0.2,0.23,0.0,0.23,40.0,0.0,0.0,0.0,40.0,5.0,40.0,0.0,0.0,,0.0,,20.0,55.0,30.0,0.0,0.0,0.0,5.0,0.0,20.0,5.0
Wes Morgan,JAM,DF,0,1,0,0,2020-2021,Leicester City,36,0,18,0.2,0.0,0.0,0.0,30.0,5.0,10.0,20.0,0.0,0.0,30.0,0.0,0.0,,0.0,,10.0,25.0,15.0,0.0,0.0,0.0,0.0,0.0,15.0,0.0
Mason Mount,ENG,MF,0,0,1,0,2020-2021,Chelsea,21,32,2890,32.1,0.2,0.26,0.45,71.81,0.69,7.48,31.84,33.15,3.96,71.78,2.52,1.34,1.65,1.18,1.46,41.43,232.49,123.68,4.08,2.9,1.15,1.74,1.28,51.09,7.01
Lucas Moura,BRA,"FW,MF",0,0,1,1,2020-2021,Tottenham,27,14,1411,15.7,0.12,0.13,0.25,53.06,1.02,6.31,27.9,20.25,2.42,53.06,4.46,2.1,3.0,2.36,3.37,30.57,202.42,93.38,2.74,3.12,0.51,3.06,2.36,37.45,4.97
Lys Mousset,FRA,"FW,MF",0,0,1,1,2020-2021,Sheffield Utd,24,2,296,3.3,0.29,0.1,0.39,25.76,0.0,0.91,11.82,13.03,3.03,25.76,3.94,1.21,9.33,2.73,20.97,14.24,67.88,21.21,0.91,0.0,0.61,3.64,2.73,19.09,4.85
João Moutinho,POR,MF,0,0,1,0,2020-2021,Wolves,33,28,2528,28.1,0.02,0.09,0.11,73.38,1.67,14.02,41.96,17.9,0.28,73.38,0.64,0.46,2.57,0.18,0.99,40.43,189.36,95.98,1.14,1.35,0.07,0.53,0.39,48.19,1.32
Joel Mumbongo,SWE,FW,0,0,0,1,2020-2021,Burnley,21,0,40,0.4,0.0,0.0,0.0,25.0,0.0,0.0,12.5,12.5,0.0,25.0,2.5,0.0,0.0,2.5,250.0,22.5,70.0,7.5,0.0,0.0,0.0,2.5,2.5,22.5,2.5
Jacob Murphy,ENG,"DF,MF",0,1,1,0,2020-2021,Newcastle Utd,25,17,1626,18.1,0.09,0.21,0.3,47.13,2.54,15.36,18.9,14.2,1.38,47.13,3.48,2.15,3.42,1.33,2.1,23.04,181.38,101.55,2.65,1.99,0.66,1.82,1.38,25.3,2.54
Shkodran Mustafi,GER,DF,0,1,0,0,2020-2021,Arsenal,28,0,47,0.5,0.0,0.0,0.0,110.0,10.0,32.0,78.0,2.0,0.0,110.0,0.0,0.0,,0.0,,86.0,696.0,412.0,0.0,0.0,0.0,0.0,0.0,84.0,2.0
Marvelous Nakamba,ZIM,MF,0,0,1,0,2020-2021,Aston Villa,26,9,749,8.3,0.01,0.01,0.01,44.82,3.01,16.75,24.58,3.73,0.12,44.82,0.48,0.48,12.05,0.0,0.0,23.37,99.64,42.65,0.12,0.84,0.0,0.96,0.24,25.06,0.24
Iliman Ndiaye,SEN,MF,0,0,1,0,2020-2021,Sheffield Utd,20,0,12,0.1,0.0,0.0,0.0,70.0,0.0,0.0,40.0,30.0,0.0,70.0,0.0,0.0,,0.0,,20.0,260.0,160.0,0.0,0.0,0.0,10.0,0.0,30.0,0.0
Wilfred Ndidi,NGA,"MF,DF",0,1,1,0,2020-2021,Leicester City,23,25,2176,24.2,0.03,0.05,0.08,72.52,4.55,24.79,41.57,6.94,0.58,72.52,1.24,0.66,2.2,0.58,1.93,37.69,163.76,56.16,0.29,0.91,0.04,1.03,0.58,44.59,0.7
Tanguy Ndombele,FRA,MF,0,0,1,0,2020-2021,Tottenham,23,28,2091,23.2,0.07,0.08,0.15,62.24,1.12,10.39,38.75,14.35,1.64,62.24,4.27,3.19,3.22,1.08,1.09,38.66,213.45,109.91,2.59,1.98,0.69,2.46,1.42,46.81,2.5
Reiss Nelson,ENG,"FW,MF",0,0,1,1,2020-2021,Arsenal,20,0,71,0.8,0.08,0.0,0.08,50.0,1.25,8.75,11.25,31.25,5.0,50.0,5.0,1.25,31.25,3.75,93.75,27.5,230.0,102.5,5.0,2.5,0.0,0.0,2.5,28.75,7.5
Pedro Neto,POR,"FW,MF",0,0,1,1,2020-2021,Wolves,20,30,2550,28.3,0.18,0.19,0.37,54.59,0.6,4.81,23.07,27.81,3.53,54.59,4.56,2.26,1.75,2.3,1.78,34.1,282.9,147.56,5.44,3.85,1.7,2.72,1.45,40.42,9.01
Rúben Neves,POR,MF,0,0,1,0,2020-2021,Wolves,23,31,2675,29.7,0.17,0.06,0.23,80.07,2.86,17.61,51.72,11.35,0.71,79.97,0.51,0.34,2.25,0.17,1.12,46.6,187.95,87.0,0.74,1.14,0.07,0.88,0.54,55.08,0.84
Eddie Nketiah,ENG,FW,0,0,0,1,2020-2021,Arsenal,21,4,423,4.7,0.38,0.14,0.51,32.55,1.06,3.4,13.62,15.74,5.96,32.55,2.55,1.49,12.4,1.06,8.87,17.45,88.94,36.6,1.28,0.21,0.64,2.77,1.06,24.26,6.17
Niels Nkounkou,FRA,"DF,FW",0,1,0,1,2020-2021,Everton,19,1,81,0.9,0.03,0.0,0.03,64.44,3.33,10.0,35.56,20.0,0.0,64.44,4.44,2.22,55.56,2.22,55.56,26.67,234.44,105.56,4.44,2.22,0.0,3.33,1.11,36.67,8.89
Dan Nlundulu,ENG,"FW,MF",0,0,1,1,2020-2021,Southampton,21,0,111,1.2,0.04,0.03,0.07,40.83,0.83,3.33,21.67,15.83,5.0,40.83,1.67,1.67,83.33,0.0,0.0,17.5,77.5,24.17,0.83,0.83,0.0,5.0,1.67,28.33,10.83
Mark Noble,ENG,MF,0,0,1,0,2020-2021,West Ham,33,8,712,7.9,0.01,0.03,0.04,61.65,1.01,11.14,42.66,8.35,0.38,61.65,0.25,0.25,12.66,0.0,0.0,35.95,158.48,65.82,1.39,0.76,0.25,0.63,0.76,42.78,1.65
Will Norris,ENG,GK,1,0,0,0,2020-2021,Burnley,26,2,180,2.0,0.0,0.02,0.02,28.5,23.0,26.0,2.5,0.0,0.0,28.5,0.0,0.0,,0.0,,12.5,76.5,48.0,0.0,0.0,0.0,0.0,0.0,11.0,0.0
Oliver Norwood,NIR,MF,0,0,1,0,2020-2021,Sheffield Utd,29,26,2220,24.7,0.02,0.08,0.1,70.49,3.48,17.53,40.2,13.04,0.2,70.49,0.16,0.08,2.02,0.08,2.02,35.26,121.46,52.47,0.28,0.45,0.04,0.61,0.28,44.98,0.77
Jack O'Connell,ENG,DF,0,1,0,0,2020-2021,Sheffield Utd,26,2,180,2.0,0.0,0.0,0.0,50.0,5.5,20.0,22.5,7.5,0.0,50.0,0.5,0.0,0.0,0.5,50.0,18.5,70.5,37.0,0.0,1.5,0.5,1.0,0.0,28.0,1.0
Dara O'Shea,IRL,DF,0,1,0,0,2020-2021,West Brom,21,25,2102,23.4,0.0,0.01,0.01,50.51,6.11,24.44,21.71,4.53,0.51,50.51,0.38,0.21,2.38,0.17,1.9,19.15,86.41,39.36,0.3,0.38,0.0,0.43,0.17,23.16,0.51
Michael Obafemi,IRL,FW,0,0,0,1,2020-2021,Southampton,20,0,61,0.7,0.0,0.1,0.1,30.0,1.43,2.86,20.0,7.14,2.86,30.0,1.43,0.0,0.0,1.43,142.86,14.29,55.71,25.71,1.43,0.0,0.0,1.43,2.86,17.14,7.14
Denis Odoi,GHA,DF,0,1,0,0,2020-2021,Fulham,32,3,270,3.0,0.02,0.02,0.04,71.67,3.67,32.33,28.33,11.33,0.0,71.67,0.33,0.33,33.33,0.0,0.0,40.33,211.33,137.33,1.67,2.33,0.0,0.33,0.67,44.33,1.67
Angelo Ogbonna,ITA,DF,0,1,0,0,2020-2021,West Ham,32,28,2492,27.7,0.06,0.03,0.09,45.92,6.64,24.33,19.93,1.91,1.19,45.92,0.14,0.11,2.71,0.04,0.9,24.95,151.23,66.17,0.25,0.14,0.04,0.14,0.18,26.1,0.11
Robin Olsen,SWE,GK,1,0,0,0,2020-2021,Everton,30,7,630,7.0,0.0,0.0,0.0,31.14,27.14,31.0,0.14,0.0,0.0,31.14,0.0,0.0,,0.0,,12.57,60.43,38.29,0.0,0.0,0.0,0.0,0.0,13.14,0.0
Josh Onomah,ENG,MF,0,0,1,0,2020-2021,Fulham,23,4,374,4.2,0.09,0.01,0.1,51.19,1.19,6.67,29.76,15.24,1.19,51.19,0.48,0.48,23.81,0.0,0.0,32.38,177.86,89.05,1.9,2.38,0.0,2.14,2.14,36.67,3.33
Divock Origi,BEL,FW,0,0,0,1,2020-2021,Liverpool,25,2,186,2.1,0.54,0.07,0.62,41.9,1.43,4.29,13.81,24.76,6.19,41.9,1.9,0.0,0.0,1.9,47.62,27.62,134.29,70.48,2.38,2.86,0.95,1.9,2.38,32.38,8.57
Ben Osborn,ENG,"MF,DF",0,1,1,0,2020-2021,Sheffield Utd,25,17,1604,17.8,0.06,0.12,0.18,57.64,1.74,11.12,23.93,23.31,1.57,57.64,1.46,1.07,4.11,0.39,1.51,33.37,155.84,82.81,1.52,1.57,0.28,2.36,1.4,39.44,5.62
Owen Otasowie,USA,"MF,FW",0,0,1,1,2020-2021,Wolves,19,2,187,2.1,0.24,0.06,0.3,46.19,2.38,9.05,25.24,11.9,2.86,46.19,3.33,1.43,20.43,1.9,27.19,25.71,131.9,67.14,1.43,2.38,0.0,3.33,1.43,29.05,3.33
Alex Oxlade-Chamberlain,ENG,"MF,FW",0,0,1,1,2020-2021,Liverpool,26,2,253,2.8,0.11,0.1,0.21,65.0,0.71,4.64,33.21,27.5,2.14,65.0,2.5,0.36,5.11,2.14,30.61,35.36,206.79,86.07,1.79,2.5,0.0,2.5,1.79,46.07,7.5
Emerson Palmieri,ITA,DF,0,1,0,0,2020-2021,Chelsea,25,0,90,1.0,0.0,0.0,0.0,81.0,6.0,27.0,33.0,21.0,1.0,81.0,2.0,0.0,0.0,2.0,100.0,39.0,203.0,93.0,3.0,3.0,1.0,2.0,0.0,42.0,5.0
Thomas Partey,GHA,MF,0,0,1,0,2020-2021,Arsenal,27,18,1534,17.0,0.08,0.06,0.14,78.41,2.47,17.24,50.0,11.94,0.53,78.41,2.06,1.65,4.71,0.41,1.18,49.47,258.0,143.0,1.94,2.18,0.06,1.24,0.59,55.71,1.06
Rui Patrício,POR,GK,1,0,0,0,2020-2021,Wolves,32,37,3329,37.0,0.0,0.0,0.0,23.51,21.84,23.51,0.0,0.0,0.0,23.51,0.0,0.0,,0.0,,10.27,71.68,44.51,0.0,0.0,0.0,0.03,0.0,5.73,0.0
Bailey Peacock-Farrell,NIR,GK,1,0,0,0,2020-2021,Burnley,23,4,360,4.0,0.0,0.0,0.0,30.5,21.5,29.75,0.75,0.0,0.0,30.5,0.0,0.0,,0.0,,12.75,69.5,33.25,0.0,0.0,0.0,0.0,0.0,9.5,0.0
Lee Peltier,ENG,DF,0,1,0,0,2020-2021,West Brom,33,3,229,2.5,0.0,0.01,0.01,42.4,6.4,18.4,19.6,5.2,0.0,42.4,0.4,0.4,40.0,0.0,0.0,15.6,56.8,27.6,0.0,0.8,0.0,1.2,0.0,18.0,1.6
Nicolas Pépé,CIV,FW,0,0,0,1,2020-2021,Arsenal,25,16,1616,18.0,0.32,0.05,0.38,52.67,1.06,6.78,17.89,28.72,6.39,52.61,3.67,1.5,2.27,2.17,3.28,32.5,195.56,91.44,3.11,1.56,2.0,3.11,1.28,39.11,11.06
Matheus Pereira,BRA,"MF,FW",0,0,1,1,2020-2021,West Brom,24,30,2577,28.6,0.26,0.22,0.48,49.34,0.94,6.19,20.59,23.04,2.41,49.16,2.59,1.4,1.89,1.19,1.6,25.59,157.8,76.15,2.76,1.54,0.7,2.59,1.57,30.77,4.65
Ricardo Pereira,POR,"DF,FW",0,1,0,1,2020-2021,Leicester City,26,10,959,10.7,0.03,0.06,0.09,66.73,2.15,17.85,26.26,22.9,2.71,66.73,2.8,1.31,4.36,1.5,4.98,32.06,138.13,64.58,1.87,1.59,0.37,1.96,1.5,39.91,4.95
Ayoze Pérez,ESP,"MF,FW",0,0,1,1,2020-2021,Leicester City,27,15,1331,14.8,0.23,0.09,0.31,48.31,0.54,5.0,23.45,20.47,3.78,48.31,3.99,1.96,3.32,2.03,3.43,28.85,161.28,86.01,2.64,2.09,0.74,2.5,1.62,34.86,7.7
Kalvin Phillips,ENG,MF,0,0,1,0,2020-2021,Leeds United,24,28,2428,27.0,0.02,0.13,0.15,66.26,4.0,21.52,35.37,10.15,0.26,66.26,1.19,0.74,2.31,0.44,1.39,33.41,167.44,72.11,0.48,0.44,0.07,1.52,0.59,39.07,0.52
Matt Phillips,SCO,MF,0,0,1,0,2020-2021,West Brom,29,20,1828,20.3,0.14,0.17,0.31,39.85,2.22,8.67,14.33,17.39,2.12,39.85,2.76,1.18,2.11,1.58,2.81,21.33,128.72,65.42,2.32,1.63,0.54,2.56,1.23,23.5,4.88
Nathaniel Phillips,ENG,DF,0,1,0,0,2020-2021,Liverpool,23,15,1456,16.2,0.06,0.04,0.1,81.11,8.09,33.95,44.01,3.4,1.48,81.11,0.12,0.12,6.17,0.0,0.0,47.78,219.75,119.51,0.56,0.62,0.12,0.49,0.19,53.27,0.19
Jaden Philogene Bidace,ENG,FW,0,0,0,1,2020-2021,Aston Villa,18,0,1,0.0,0.0,0.0,0.0,inf,,,inf,inf,,inf,,,,,,inf,inf,inf,,,,,,inf,
Jordan Pickford,ENG,GK,1,0,0,0,2020-2021,Everton,26,31,2742,30.5,0.0,0.0,0.0,40.66,33.15,40.0,0.72,0.0,0.0,40.66,0.0,0.0,,0.0,,21.97,134.46,79.97,0.0,0.0,0.0,0.0,0.0,20.26,0.0
Erik Pieters,NED,"DF,MF",0,1,1,0,2020-2021,Burnley,31,13,1266,14.1,0.01,0.03,0.04,53.19,4.33,16.95,26.67,9.93,0.57,53.19,0.71,0.43,4.26,0.28,2.84,21.49,96.88,46.95,0.99,0.92,0.14,0.85,0.71,25.25,1.13
Daniel Podence,POR,"MF,FW",0,0,1,1,2020-2021,Wolves,24,22,1661,18.5,0.13,0.09,0.23,43.41,0.59,4.86,19.78,19.57,3.03,43.41,3.46,2.05,3.21,1.41,2.19,30.11,165.35,84.22,2.54,1.68,0.97,1.89,1.3,33.57,6.32
Paul Pogba,FRA,"MF,FW",0,0,1,1,2020-2021,Manchester Utd,27,21,1897,21.1,0.13,0.11,0.25,77.73,2.56,15.36,41.94,21.47,2.75,77.73,3.08,2.09,3.21,1.0,1.53,48.1,235.92,115.73,2.18,1.56,0.28,2.56,2.37,59.62,4.79
Nick Pope,ENG,GK,1,0,0,0,2020-2021,Burnley,28,32,2880,32.0,0.0,0.0,0.0,33.69,26.12,32.84,0.91,0.03,0.03,33.69,0.0,0.0,,0.0,,15.12,111.56,69.94,0.0,0.0,0.0,0.06,0.0,9.22,0.0
Ian Poveda,ENG,MF,0,0,1,0,2020-2021,Leeds United,20,0,355,3.9,0.08,0.28,0.36,46.15,0.77,7.18,15.9,24.36,3.33,46.15,5.9,3.08,13.38,2.82,12.26,32.05,262.56,155.13,5.38,2.56,1.79,3.33,4.1,33.85,12.05
Dennis Praet,BEL,MF,0,0,1,0,2020-2021,Leicester City,26,10,718,8.0,0.05,0.14,0.19,50.62,0.5,6.62,22.62,21.75,2.88,50.62,2.0,0.75,4.69,1.25,7.81,23.25,144.25,68.88,2.75,1.5,0.5,1.38,1.12,34.62,6.88
Davy Pröpper,NED,MF,0,0,1,0,2020-2021,Brighton,28,2,213,2.4,0.08,0.0,0.08,47.5,0.83,5.42,30.83,12.08,1.25,47.5,1.25,0.83,27.79,0.42,13.88,34.58,185.42,69.17,1.67,2.5,0.0,0.83,2.08,36.67,3.33
Christian Pulisic,USA,"FW,MF",0,0,1,1,2020-2021,Chelsea,21,18,1738,19.3,0.32,0.15,0.46,51.5,0.52,5.03,20.67,26.84,5.8,51.5,5.6,2.54,2.35,3.06,2.83,33.89,232.49,121.76,4.46,2.59,1.92,3.47,1.5,40.0,8.29
Aaron Ramsdale,ENG,GK,1,0,0,0,2020-2021,Sheffield Utd,22,38,3420,38.0,0.0,0.0,0.0,33.53,28.55,33.18,0.32,0.05,0.05,33.53,0.05,0.05,2.63,0.0,0.0,17.11,117.42,68.79,0.0,0.0,0.0,0.05,0.0,11.08,0.0
Jacob Ramsey,ENG,MF,0,0,1,0,2020-2021,Aston Villa,19,6,626,7.0,0.07,0.04,0.11,45.0,2.57,9.0,20.43,16.0,2.57,45.0,1.71,1.0,8.33,0.71,5.96,25.71,170.29,57.86,1.14,1.29,0.29,2.0,1.71,28.14,3.0
Kayne Ramsey,ENG,DF,0,1,0,0,2020-2021,Southampton,19,1,90,1.0,0.0,0.0,0.0,35.0,10.0,28.0,7.0,0.0,0.0,35.0,0.0,0.0,,0.0,,14.0,31.0,10.0,0.0,0.0,0.0,0.0,0.0,14.0,0.0
Darren Randolph,IRL,GK,1,0,0,0,2020-2021,West Ham,33,3,270,3.0,0.0,0.0,0.0,23.33,20.67,23.0,0.33,0.0,0.0,23.33,0.0,0.0,,0.0,,9.0,54.33,37.67,0.0,0.0,0.0,0.0,0.0,7.33,0.0
Raphinha,BRA,"MF,FW",0,0,1,1,2020-2021,Leeds United,23,26,2360,26.2,0.22,0.3,0.52,55.15,1.49,7.44,23.02,25.34,4.66,55.15,4.2,2.14,1.94,2.06,1.87,31.64,202.6,111.03,3.89,2.21,1.45,3.28,1.3,36.53,8.47
Marcus Rashford,ENG,FW,0,0,0,1,2020-2021,Manchester Utd,22,33,2920,32.4,0.28,0.12,0.39,49.81,0.56,3.24,16.91,30.49,5.09,49.81,5.03,2.53,1.55,2.44,1.5,31.11,215.56,109.88,4.14,3.09,2.41,2.38,1.54,41.39,10.19
Tim Ream,USA,DF,0,1,0,0,2020-2021,Fulham,32,7,630,7.0,0.0,0.0,0.0,75.0,10.57,42.14,32.43,0.86,0.14,75.0,0.29,0.14,7.14,0.14,7.14,48.29,255.71,162.29,1.0,0.14,0.0,0.29,0.14,54.57,0.0
Nathan Redmond,ENG,"MF,FW",0,0,1,1,2020-2021,Southampton,26,17,1738,19.3,0.16,0.16,0.32,52.28,0.41,6.37,23.58,23.16,3.52,52.28,3.52,2.02,2.97,1.5,2.21,30.1,186.06,87.67,3.63,2.44,1.14,2.12,1.92,36.48,7.72
Harrison Reed,ENG,MF,0,0,1,0,2020-2021,Fulham,25,26,2247,25.0,0.02,0.07,0.08,70.24,2.64,19.0,39.44,12.44,0.4,70.24,0.96,0.6,2.5,0.36,1.5,35.84,155.68,67.56,0.96,0.84,0.08,0.8,0.4,42.44,0.64
Sergio Reguilón,ESP,DF,0,1,0,0,2020-2021,Tottenham,23,26,2244,24.9,0.04,0.08,0.12,69.52,3.53,20.68,30.52,19.12,1.93,69.52,1.97,0.88,1.8,1.08,2.21,36.79,193.94,106.06,2.09,2.17,0.28,1.37,0.6,43.49,6.1
Bobby Reid,JAM,"MF,FW",0,0,1,1,2020-2021,Fulham,27,28,2372,26.4,0.14,0.04,0.19,41.48,1.86,8.03,17.65,16.25,3.07,41.48,1.97,1.02,1.97,0.95,1.82,22.16,110.53,52.42,1.67,1.21,0.64,1.89,0.91,27.5,5.23
Declan Rice,ENG,MF,0,0,1,0,2020-2021,West Ham,21,32,2879,32.0,0.1,0.06,0.16,57.81,2.56,14.53,34.69,9.53,1.28,57.75,1.06,0.91,2.67,0.16,0.46,33.31,229.06,123.44,2.31,1.81,0.25,1.06,0.59,37.78,1.16
Lewis Richardson,ENG,"FW,MF",0,0,1,1,2020-2021,Burnley,17,0,4,0.0,0.0,0.0,0.0,inf,,,,inf,,inf,inf,,,inf,inf,inf,inf,inf,inf,,,,,inf,inf
Richarlison,BRA,FW,0,0,0,1,2020-2021,Everton,23,33,2861,31.8,0.31,0.1,0.41,37.08,1.7,5.88,14.37,17.67,4.56,37.04,3.21,1.92,1.88,1.29,1.26,23.65,174.21,89.31,3.55,2.26,1.26,2.2,1.76,26.6,6.13
Jaïro Riedewald,NED,MF,0,0,1,0,2020-2021,Crystal Palace,23,19,1820,20.2,0.03,0.04,0.07,40.5,1.93,10.45,23.32,7.33,0.74,40.5,0.94,0.64,3.39,0.3,1.56,21.68,112.67,53.17,0.74,0.64,0.1,1.39,0.45,23.86,1.14
Matt Ritchie,SCO,"DF,MF",0,1,1,0,2020-2021,Newcastle Utd,30,15,1350,15.0,0.03,0.14,0.17,50.07,3.67,14.8,19.73,16.07,0.67,50.07,1.0,0.53,3.55,0.47,3.11,22.73,112.47,62.2,1.53,2.13,0.13,0.8,0.33,25.33,2.8
Tyler Roberts,WAL,"MF,FW",0,0,1,1,2020-2021,Leeds United,21,14,1340,14.9,0.12,0.16,0.28,41.95,1.07,4.97,20.81,16.71,2.42,41.95,1.68,1.14,4.56,0.54,2.15,24.7,158.39,71.21,2.21,2.28,0.4,2.15,1.01,31.95,5.97
Andrew Robertson,SCO,DF,0,1,0,0,2020-2021,Liverpool,26,38,3383,37.6,0.04,0.17,0.21,95.43,2.74,20.11,43.8,32.61,2.58,95.43,1.41,0.74,1.4,0.66,1.26,57.07,289.04,169.92,3.16,2.69,0.27,1.12,0.29,64.49,7.69
Antonee Robinson,USA,DF,0,1,0,0,2020-2021,Fulham,22,24,2162,24.0,0.02,0.08,0.1,69.58,3.46,19.38,28.71,22.54,1.33,69.58,3.04,2.12,2.91,0.92,1.25,34.46,245.25,141.71,4.08,3.25,0.46,1.83,0.92,39.12,6.04
Callum Robinson,IRL,"FW,MF",0,0,1,1,2020-2021,West Brom,25,20,1560,17.3,0.18,0.06,0.24,34.22,0.92,4.51,11.68,18.38,2.66,34.22,1.68,0.87,2.99,0.81,2.79,18.67,103.41,50.06,2.08,0.64,0.64,2.25,1.39,24.45,6.88
Jack Robinson,ENG,DF,0,1,0,0,2020-2021,Sheffield Utd,26,9,877,9.7,0.07,0.06,0.13,58.56,5.26,22.37,28.14,8.45,0.62,58.56,0.41,0.31,7.73,0.1,2.58,25.36,119.38,50.93,0.31,0.62,0.1,0.52,0.21,31.86,0.62
Hal Robson-Kanu,WAL,FW,0,0,0,1,2020-2021,West Brom,31,2,561,6.2,0.19,0.04,0.23,28.71,1.13,2.42,10.48,16.29,2.74,28.71,2.26,0.97,6.92,1.29,9.21,17.9,88.06,36.29,1.29,0.48,0.81,4.84,2.58,20.97,5.32
Marek Rodák,SVK,GK,1,0,0,0,2020-2021,Fulham,23,2,180,2.0,0.0,0.0,0.0,25.0,22.5,25.0,0.0,0.0,0.0,25.0,0.0,0.0,,0.0,,14.5,62.0,30.0,0.0,0.0,0.0,0.0,0.0,14.0,0.0
Joe Rodon,WAL,DF,0,1,0,0,2020-2021,Tottenham,22,8,733,8.1,0.0,0.0,0.0,63.83,10.49,36.3,27.04,0.62,0.25,63.83,0.0,0.0,,0.0,,33.21,135.43,50.37,0.25,0.0,0.0,0.25,0.0,41.73,0.0
Rodri,ESP,MF,0,0,1,0,2020-2021,Manchester City,24,31,2748,30.5,0.08,0.05,0.13,101.05,3.11,18.49,66.3,17.11,1.41,101.02,1.08,0.92,2.78,0.16,0.5,64.1,271.15,141.28,1.38,1.41,0.23,0.82,0.72,77.02,1.02
Rodrigo,ESP,"MF,FW",0,0,1,1,2020-2021,Leeds United,29,14,1288,14.3,0.36,0.25,0.6,51.61,1.26,8.04,21.89,22.17,4.76,51.61,1.75,1.12,4.48,0.63,2.52,32.87,154.69,67.83,2.1,1.33,0.77,2.73,1.47,41.05,8.25
James Rodríguez,COL,"FW,MF",0,0,1,1,2020-2021,Everton,29,21,1764,19.6,0.14,0.25,0.39,66.99,0.36,8.78,38.62,20.2,1.63,66.99,2.45,1.73,3.61,0.71,1.49,42.19,211.68,80.26,1.84,1.43,0.36,1.68,1.94,48.93,4.54
Jay Rodriguez,ENG,FW,0,0,0,1,2020-2021,Burnley,31,12,1265,14.1,0.22,0.08,0.29,32.55,0.71,2.77,13.83,16.31,3.9,32.55,1.99,0.85,3.04,1.13,4.05,17.66,84.11,31.84,1.13,1.06,0.43,3.48,1.56,22.27,5.6
Oriol Romeu,ESP,MF,0,0,1,0,2020-2021,Southampton,28,20,1763,19.6,0.02,0.07,0.09,76.12,2.24,15.87,50.66,10.1,0.41,76.12,0.87,0.71,4.2,0.15,0.9,39.44,185.82,96.12,1.28,1.58,0.1,1.17,0.92,51.38,0.77
John Ruddy,ENG,GK,1,0,0,0,2020-2021,Wolves,33,1,91,1.0,0.0,0.0,0.0,24.0,20.0,24.0,0.0,0.0,0.0,24.0,0.0,0.0,,0.0,,13.0,98.0,65.0,0.0,0.0,0.0,0.0,0.0,4.0,0.0
Antonio Rüdiger,GER,DF,0,1,0,0,2020-2021,Chelsea,27,19,1710,19.0,0.07,0.02,0.09,88.95,8.37,38.84,45.84,4.84,0.89,88.95,0.32,0.16,2.63,0.16,2.63,56.53,273.47,158.16,1.26,0.95,0.05,0.47,0.05,68.47,0.32
Mathew Ryan,AUS,GK,1,0,0,0,2020-2021,Arsenal,28,3,270,3.0,0.0,0.02,0.02,25.0,17.67,23.33,1.33,0.33,0.33,25.0,0.0,0.0,,0.0,,14.67,77.0,48.0,0.0,0.0,0.0,0.0,0.0,10.33,0.33
Mathew Ryan,AUS,GK,1,0,0,0,2020-2021,Brighton,28,11,990,11.0,0.0,0.0,0.0,38.91,30.55,38.55,0.36,0.0,0.0,38.91,0.0,0.0,,0.0,,23.09,101.91,53.73,0.0,0.0,0.0,0.0,0.0,23.45,0.0
Allan Saint-Maximin,FRA,"FW,MF",0,0,1,1,2020-2021,Newcastle Utd,23,19,1560,17.3,0.15,0.21,0.36,38.5,0.17,3.82,18.84,17.28,3.12,38.5,8.38,5.55,3.83,2.83,1.95,28.79,259.65,143.29,4.68,3.82,1.39,3.18,3.01,29.94,4.97
Romain Saïss,MAR,DF,0,1,0,0,2020-2021,Wolves,30,27,2407,26.7,0.11,0.01,0.12,66.89,7.0,33.0,28.95,5.24,1.31,66.89,0.56,0.34,2.25,0.22,1.5,37.57,168.35,95.51,0.45,0.37,0.04,0.41,0.07,43.15,0.9
Bukayo Saka,ENG,"FW,MF",0,0,1,1,2020-2021,Arsenal,18,30,2553,28.4,0.24,0.16,0.4,52.92,1.37,7.5,18.31,27.57,5.0,52.92,3.06,1.62,1.86,1.44,1.66,31.87,183.77,100.35,2.99,1.87,1.27,2.64,1.48,38.66,9.47
Mamadou Sakho,FRA,DF,0,1,0,0,2020-2021,Crystal Palace,30,3,276,3.1,0.02,0.0,0.02,39.03,7.74,18.71,18.71,1.61,0.65,39.03,0.0,0.0,,0.0,,20.0,82.26,46.13,0.0,0.0,0.0,0.97,0.32,19.03,0.65
Mohamed Salah,EGY,FW,0,0,0,1,2020-2021,Liverpool,28,34,3078,34.2,0.56,0.18,0.75,49.56,0.32,1.9,16.64,31.37,8.04,49.39,2.46,1.05,1.25,1.4,1.67,34.65,177.95,88.71,3.25,2.08,2.11,3.39,2.4,41.52,11.58
Mohammed Salisu,GHA,DF,0,1,0,0,2020-2021,Southampton,21,8,844,9.4,0.03,0.04,0.07,55.43,5.85,22.02,29.15,4.36,0.74,55.43,1.28,0.96,7.98,0.32,2.66,28.19,143.19,57.02,0.85,0.32,0.0,1.28,0.74,28.94,0.85
Davinson Sánchez,COL,DF,0,1,0,0,2020-2021,Tottenham,24,17,1486,16.5,0.05,0.0,0.05,73.33,10.36,41.39,31.33,0.73,0.48,73.33,0.06,0.06,6.06,0.0,0.0,44.18,203.39,101.82,0.12,0.12,0.0,0.42,0.18,49.03,0.0
Robert Sánchez,ESP,GK,1,0,0,0,2020-2021,Brighton,22,27,2430,27.0,0.0,0.0,0.0,43.04,33.07,42.52,0.44,0.07,0.07,43.04,0.0,0.0,,0.0,,26.33,133.0,82.52,0.0,0.0,0.0,0.15,0.0,25.19,0.0
Morgan Sanson,FRA,MF,0,0,1,0,2020-2021,Aston Villa,25,3,294,3.3,0.01,0.04,0.05,60.91,0.61,7.88,30.91,23.94,0.91,60.91,2.12,1.21,17.3,0.91,13.0,38.48,225.76,97.27,2.73,3.64,0.3,3.03,0.91,41.52,3.94
Romaine Sawyers,SKN,MF,0,0,1,0,2020-2021,West Brom,28,17,1487,16.5,0.01,0.03,0.04,52.55,1.76,14.73,33.03,5.52,0.06,52.55,1.27,0.48,2.31,0.79,3.75,24.61,119.21,51.27,0.67,0.55,0.0,0.85,0.61,31.27,0.55
Dane Scarlett,ENG,FW,0,0,0,1,2020-2021,Tottenham,16,0,1,0.0,0.0,0.0,0.0,,,,,,,,,,,,,,,,,,,,,,
Fabian Schär,SUI,DF,0,1,0,0,2020-2021,Newcastle Utd,28,13,1246,13.8,0.09,0.0,0.09,55.0,7.61,28.91,22.97,4.49,0.8,54.93,1.01,0.51,3.62,0.51,3.62,29.93,165.22,102.17,0.43,0.65,0.0,0.29,0.36,31.38,0.0
Jeffrey Schlupp,GHA,MF,0,0,1,0,2020-2021,Crystal Palace,27,15,1428,15.9,0.12,0.13,0.25,41.76,1.51,8.3,19.87,14.09,2.89,41.76,4.03,1.95,3.04,2.08,3.25,22.39,160.25,55.72,2.33,1.13,0.88,2.01,2.58,25.97,4.72
Kasper Schmeichel,DEN,GK,1,0,0,0,2020-2021,Leicester City,33,38,3420,38.0,0.0,0.0,0.0,34.58,29.05,34.39,0.18,0.0,0.0,34.58,0.05,0.03,1.32,0.03,1.32,18.0,96.53,60.21,0.0,0.0,0.0,0.0,0.0,16.5,0.0
Nélson Semedo,POR,"DF,MF",0,1,1,0,2020-2021,Wolves,26,34,2983,33.1,0.04,0.04,0.08,71.66,3.93,18.31,33.84,20.33,1.39,71.66,3.11,1.87,1.82,1.24,1.2,38.91,238.43,133.66,3.35,2.36,0.33,1.6,0.82,42.87,4.68
Femi Seriki,ENG,MF,0,0,1,0,2020-2021,Sheffield Utd,18,0,1,0.0,0.0,0.0,0.0,,,,,,,,,,,,,,,,,,,,,,
Jamie Shackleton,ENG,"MF,DF",0,1,1,0,2020-2021,Leeds United,20,3,461,5.1,0.0,0.03,0.03,49.8,2.16,12.75,23.92,13.53,1.76,49.8,0.59,0.59,19.61,0.0,0.0,23.73,120.39,51.96,1.37,0.59,0.39,1.37,0.2,31.37,4.12
Xherdan Shaqiri,SUI,"MF,FW",0,0,1,1,2020-2021,Liverpool,28,5,556,6.2,0.08,0.41,0.48,76.94,0.32,7.1,32.9,38.06,1.94,76.94,1.45,0.97,10.76,0.48,5.37,49.52,175.16,70.48,0.81,1.45,0.0,2.1,1.13,58.71,5.16
Billy Sharp,ENG,FW,0,0,0,1,2020-2021,Sheffield Utd,34,7,735,8.2,0.37,0.07,0.44,22.8,0.12,0.73,7.56,14.51,3.78,22.56,1.46,0.61,5.09,0.85,7.11,12.07,62.56,15.61,1.1,0.61,0.61,2.2,1.95,16.71,7.93
Luke Shaw,ENG,DF,0,1,0,0,2020-2021,Manchester Utd,25,30,2654,29.5,0.02,0.22,0.24,78.31,2.85,18.34,31.39,29.73,2.1,78.31,1.9,1.22,2.18,0.68,1.21,42.34,267.05,159.29,3.73,2.95,0.58,0.85,0.71,48.44,7.08
Jonjo Shelvey,ENG,MF,0,0,1,0,2020-2021,Newcastle Utd,28,29,2617,29.1,0.09,0.1,0.19,59.38,2.68,16.12,34.19,9.76,0.76,59.38,0.89,0.69,2.64,0.21,0.79,32.03,153.4,65.91,0.69,0.76,0.0,0.65,0.17,37.35,0.82
Shola Shoretire,ENG,FW,0,0,0,1,2020-2021,Manchester Utd,16,0,11,0.1,0.0,0.0,0.0,100.0,0.0,10.0,60.0,40.0,0.0,100.0,0.0,0.0,,0.0,,60.0,260.0,100.0,0.0,0.0,0.0,20.0,0.0,90.0,20.0
Gylfi Sigurðsson,ISL,"MF,FW",0,0,1,1,2020-2021,Everton,30,24,2253,25.0,0.26,0.15,0.41,48.68,1.48,8.72,23.12,17.12,1.88,48.52,1.04,0.56,2.15,0.48,1.85,23.0,103.76,36.0,0.96,1.04,0.16,1.8,1.12,29.88,3.12
Bernardo Silva,POR,"MF,FW",0,0,1,1,2020-2021,Manchester City,25,24,2065,22.9,0.12,0.16,0.29,70.79,0.57,7.64,32.05,32.01,3.62,70.79,2.84,1.79,2.76,1.05,1.61,48.73,317.12,174.76,5.37,4.54,1.22,1.44,1.0,56.94,7.55
Fábio Silva,POR,FW,0,0,0,1,2020-2021,Wolves,18,11,1369,15.2,0.35,0.07,0.41,33.36,0.59,2.83,15.26,15.33,5.13,33.29,1.38,0.46,2.19,0.92,4.39,17.5,78.88,34.34,0.92,0.53,0.33,2.96,1.38,23.88,4.87
Thiago Silva,BRA,DF,0,1,0,0,2020-2021,Chelsea,35,23,1935,21.5,0.08,0.01,0.09,99.35,11.3,43.44,53.53,2.47,0.88,99.35,0.14,0.09,3.1,0.05,1.55,63.91,354.6,221.26,0.28,0.6,0.0,0.37,0.09,76.0,0.05
Moussa Sissoko,FRA,MF,0,0,1,0,2020-2021,Tottenham,30,15,1585,17.6,0.01,0.01,0.02,54.2,2.95,15.34,30.0,9.72,0.62,54.2,1.53,1.02,3.79,0.51,1.89,29.72,159.38,79.77,1.82,1.7,0.28,1.02,0.8,33.69,1.93
Islam Slimani,ALG,FW,0,0,0,1,2020-2021,Leicester City,32,0,20,0.2,0.28,0.23,0.5,60.0,0.0,0.0,30.0,30.0,10.0,60.0,0.0,0.0,,0.0,,25.0,125.0,5.0,0.0,5.0,0.0,5.0,0.0,50.0,20.0
William Smallbone,IRL,MF,0,0,1,0,2020-2021,Southampton,20,2,172,1.9,0.03,0.0,0.03,50.0,0.53,6.32,28.42,15.79,0.53,50.0,0.0,0.0,,0.0,,30.53,147.89,76.84,2.63,3.16,0.53,1.05,1.05,32.63,5.26
Emile Smith Rowe,ENG,"MF,FW",0,0,1,1,2020-2021,Arsenal,20,18,1440,16.0,0.11,0.21,0.32,55.62,0.94,8.94,24.81,22.5,2.75,55.62,1.88,0.62,2.08,1.25,4.17,34.44,183.81,97.44,3.19,1.25,0.81,2.38,0.44,44.06,7.06
Robert Snodgrass,SCO,"MF,FW",0,0,1,1,2020-2021,West Brom,32,6,526,5.8,0.04,0.07,0.12,37.41,3.1,10.34,15.69,11.72,1.72,37.41,1.38,0.69,8.62,0.69,8.62,15.17,64.14,23.97,1.03,0.17,0.52,1.38,0.69,18.45,4.31
Robert Snodgrass,SCO,"FW,MF",0,0,1,1,2020-2021,West Ham,32,0,5,0.1,0.0,0.0,0.0,40.0,0.0,10.0,0.0,30.0,0.0,40.0,0.0,0.0,,0.0,,40.0,140.0,30.0,0.0,0.0,0.0,0.0,0.0,40.0,20.0
Cédric Soares,POR,DF,0,1,0,0,2020-2021,Arsenal,28,8,746,8.3,0.03,0.11,0.15,65.3,2.53,17.11,28.67,20.24,1.45,65.3,1.33,0.6,5.48,0.72,6.57,33.01,171.2,87.71,2.53,1.2,0.72,1.2,1.08,40.48,4.82
Tomáš Souček,CZE,MF,0,0,1,0,2020-2021,West Ham,25,38,3419,38.0,0.22,0.05,0.27,54.82,4.13,15.18,29.84,10.21,2.68,54.82,0.76,0.42,1.45,0.34,1.18,23.32,110.55,45.24,0.71,0.89,0.11,1.11,0.55,30.68,1.24
Çağlar Söyüncü,TUR,DF,0,1,0,0,2020-2021,Leicester City,24,19,1819,20.2,0.03,0.02,0.06,79.65,6.78,34.7,41.93,3.32,1.24,79.65,0.3,0.2,3.3,0.1,1.65,49.01,292.28,170.3,1.34,0.89,0.0,0.4,0.2,56.34,0.1
Zack Steffen,USA,GK,1,0,0,0,2020-2021,Manchester City,25,1,90,1.0,0.0,0.0,0.0,30.0,26.0,30.0,0.0,0.0,0.0,30.0,0.0,0.0,,0.0,,18.0,45.0,23.0,0.0,0.0,0.0,0.0,0.0,18.0,0.0
Dale Stephens,ENG,MF,0,0,1,0,2020-2021,Burnley,31,3,261,2.9,0.06,0.0,0.06,53.79,0.69,7.59,35.86,10.34,1.38,53.79,0.69,0.34,17.24,0.34,17.24,23.1,84.83,36.55,0.69,1.03,0.0,1.03,1.72,27.24,0.34
Jack Stephens,ENG,DF,0,1,0,0,2020-2021,Southampton,26,17,1537,17.1,0.05,0.02,0.06,72.75,6.67,31.46,37.72,4.04,0.64,72.75,0.29,0.12,2.34,0.18,3.51,37.78,208.89,126.67,0.99,0.58,0.0,0.7,0.29,46.84,0.18
Raheem Sterling,ENG,FW,0,0,0,1,2020-2021,Manchester City,25,28,2536,28.2,0.39,0.2,0.59,51.38,0.14,2.3,20.14,29.47,7.55,51.35,4.33,2.34,1.92,1.99,1.63,36.77,224.79,116.81,4.57,2.59,2.87,2.2,2.94,43.87,12.45
Enda Stevens,IRL,DF,0,1,0,0,2020-2021,Sheffield Utd,30,30,2700,30.0,0.04,0.05,0.1,59.5,3.73,17.57,26.27,16.17,1.5,59.5,1.17,0.67,1.9,0.53,1.52,27.17,133.73,68.03,1.47,0.67,0.2,1.5,0.97,33.1,3.3
John Stones,ENG,DF,0,1,0,0,2020-2021,Manchester City,26,22,1933,21.5,0.08,0.0,0.09,87.72,6.37,31.49,51.12,5.53,0.79,87.72,0.51,0.47,4.23,0.05,0.42,63.72,392.42,228.84,1.77,1.86,0.0,0.19,0.09,70.7,0.14
Pascal Struijk,NED,"DF,MF",0,1,1,0,2020-2021,Leeds United,20,22,2075,23.1,0.07,0.01,0.08,68.4,8.66,38.61,26.62,3.38,0.87,68.4,0.22,0.17,3.46,0.04,0.87,37.71,203.64,122.68,0.17,0.35,0.0,0.43,0.39,43.81,0.22
Japhet Tanganga,ENG,DF,0,1,0,0,2020-2021,Tottenham,21,6,487,5.4,0.08,0.12,0.2,52.22,4.63,19.26,23.7,10.19,0.74,52.22,2.41,1.67,12.81,0.74,5.7,22.22,111.67,57.96,1.48,0.74,0.0,0.37,0.93,28.52,2.04
Matt Targett,ENG,DF,0,1,0,0,2020-2021,Aston Villa,24,38,3404,37.8,0.01,0.07,0.07,67.04,4.23,20.5,29.05,17.96,0.93,67.04,0.66,0.4,1.59,0.26,1.06,30.45,106.88,51.85,0.69,0.79,0.05,0.63,0.16,35.66,4.13
James Tarkowski,ENG,DF,0,1,0,0,2020-2021,Burnley,27,36,3240,36.0,0.09,0.03,0.13,46.56,6.81,22.61,20.47,3.64,1.81,46.56,0.39,0.33,2.38,0.06,0.4,19.22,87.03,41.61,0.11,0.19,0.0,0.47,0.11,22.03,0.36
Percy Tau,RSA,FW,0,0,0,1,2020-2021,Brighton,26,1,103,1.1,0.0,0.36,0.36,39.09,0.91,4.55,18.18,17.27,1.82,39.09,2.73,2.73,90.91,0.0,0.0,26.36,203.64,96.36,3.64,0.91,0.91,4.55,0.91,27.27,10.0
Sidnei Tavares,POR,MF,0,0,1,0,2020-2021,Leicester City,18,1,85,0.9,0.06,0.0,0.06,36.67,0.0,6.67,22.22,8.89,0.0,36.67,1.11,1.11,111.11,0.0,0.0,27.78,173.33,37.78,1.11,1.11,1.11,2.22,3.33,30.0,6.67
Charlie Taylor,ENG,DF,0,1,0,0,2020-2021,Burnley,26,28,2426,27.0,0.0,0.05,0.06,60.15,4.67,19.3,27.85,13.44,0.37,60.15,1.74,0.93,1.97,0.81,1.73,28.33,197.63,88.59,2.3,1.96,0.15,0.78,0.33,31.33,2.52
Neil Taylor,WAL,DF,0,1,0,0,2020-2021,Aston Villa,31,0,16,0.2,0.0,0.0,0.0,65.0,5.0,35.0,20.0,10.0,0.0,65.0,0.0,0.0,,0.0,,45.0,100.0,50.0,0.0,0.0,0.0,0.0,0.0,40.0,0.0
Allan Tchaptchet,FRA,DF,0,1,0,0,2020-2021,Southampton,18,0,13,0.1,0.0,0.0,0.0,20.0,10.0,20.0,0.0,0.0,0.0,20.0,0.0,0.0,,0.0,,0.0,0.0,0.0,0.0,0.0,0.0,10.0,0.0,10.0,0.0
Nathan Tella,NGA,"FW,MF",0,0,1,1,2020-2021,Southampton,21,7,745,8.3,0.2,0.09,0.29,31.57,0.0,3.49,13.37,15.42,2.53,31.57,3.01,1.33,5.3,1.69,6.75,20.48,160.0,68.07,2.29,2.17,0.96,4.22,2.77,21.69,4.34
Alex Telles,BRA,DF,0,1,0,0,2020-2021,Manchester Utd,27,8,690,7.7,0.02,0.12,0.14,86.62,3.64,22.21,40.91,24.16,0.39,86.62,0.91,0.39,5.57,0.52,7.42,46.1,234.16,144.16,3.51,1.95,0.0,0.65,0.65,54.16,5.19
Kenny Tete,NED,"DF,MF",0,1,1,0,2020-2021,Fulham,24,18,1481,16.5,0.02,0.09,0.1,65.21,3.88,21.82,26.91,16.91,1.15,65.21,1.15,0.61,3.19,0.55,2.87,33.21,180.18,87.21,2.3,1.39,0.18,1.15,0.48,36.48,4.42
Luke Thomas,ENG,DF,0,1,0,0,2020-2021,Leicester City,19,12,969,10.8,0.03,0.06,0.09,58.8,2.5,15.0,26.11,18.06,1.48,58.8,1.67,0.56,3.08,1.11,6.18,26.67,133.06,51.76,1.39,0.74,0.28,1.39,1.11,33.61,4.17
Youri Tielemans,BEL,MF,0,0,1,0,2020-2021,Leicester City,23,37,3357,37.3,0.12,0.08,0.2,80.35,1.42,14.72,47.4,19.09,1.18,80.29,1.72,1.15,1.8,0.56,0.88,41.88,170.94,92.63,1.39,1.05,0.24,1.1,0.94,56.86,1.77
Kieran Tierney,SCO,DF,0,1,0,0,2020-2021,Arsenal,23,26,2299,25.5,0.02,0.14,0.16,68.31,3.73,19.92,25.61,23.29,1.76,68.31,1.18,0.63,2.09,0.55,1.83,38.2,207.02,112.43,3.22,1.96,0.63,0.94,0.55,43.25,7.61
James Tomkins,ENG,DF,0,1,0,0,2020-2021,Crystal Palace,31,6,553,6.1,0.03,0.05,0.08,40.0,9.02,28.2,10.82,0.98,0.98,40.0,0.0,0.0,,0.0,,18.03,67.21,29.51,0.0,0.16,0.0,0.49,0.0,20.0,0.16
Fikayo Tomori,ENG,DF,0,1,0,0,2020-2021,Chelsea,22,0,45,0.5,0.0,0.0,0.0,82.0,32.0,72.0,10.0,0.0,0.0,82.0,0.0,0.0,,0.0,,26.0,90.0,46.0,0.0,0.0,0.0,0.0,0.0,44.0,0.0
Ferrán Torres,ESP,"FW,MF",0,0,1,1,2020-2021,Manchester City,20,15,1306,14.5,0.33,0.15,0.49,41.93,0.69,3.72,14.07,24.83,4.62,41.93,3.17,1.38,3.0,1.79,3.9,26.41,147.59,69.79,2.07,1.38,1.1,1.72,1.45,32.48,8.14
Cenk Tosun,TUR,FW,0,0,0,1,2020-2021,Everton,29,0,48,0.5,0.0,0.12,0.12,34.0,0.0,4.0,10.0,20.0,4.0,34.0,0.0,0.0,,0.0,,18.0,88.0,32.0,0.0,2.0,0.0,2.0,0.0,26.0,8.0
Andros Townsend,ENG,"MF,FW",0,0,1,1,2020-2021,Crystal Palace,29,25,2258,25.1,0.09,0.16,0.25,48.33,1.16,10.32,20.0,19.64,1.31,48.33,2.91,1.75,2.4,1.16,1.58,27.05,196.02,93.67,2.87,2.19,0.36,1.87,2.23,28.13,4.46
Conor Townsend,ENG,DF,0,1,0,0,2020-2021,West Brom,27,25,2234,24.8,0.04,0.11,0.15,58.39,3.95,18.95,26.9,13.1,1.17,58.39,1.09,0.44,1.64,0.65,2.39,25.12,120.81,70.89,1.49,0.89,0.16,1.33,0.28,31.29,2.98
Adama Traoré,ESP,"FW,MF",0,0,1,1,2020-2021,Wolves,24,28,2649,29.4,0.07,0.16,0.23,43.1,0.68,4.01,19.22,21.29,3.61,43.1,7.35,5.2,2.41,2.14,0.99,28.74,307.48,177.01,7.45,3.78,1.97,3.81,2.21,33.57,7.48
Bertrand Traoré,BFA,FW,0,0,0,1,2020-2021,Aston Villa,24,29,2317,25.7,0.26,0.17,0.42,44.24,0.89,6.34,17.51,21.05,3.93,44.24,3.77,2.02,2.09,1.75,1.81,27.04,158.56,65.33,1.98,1.48,1.09,2.68,1.01,29.96,4.86
Trézéguet,EGY,FW,0,0,0,1,2020-2021,Aston Villa,25,12,1166,13.0,0.29,0.16,0.46,39.08,1.31,7.15,14.85,18.0,5.0,39.08,2.38,1.31,4.22,1.08,3.48,21.31,134.85,71.85,2.38,1.92,1.08,2.15,1.0,24.08,6.08
Leandro Trossard,BEL,"MF,FW",0,0,1,1,2020-2021,Brighton,25,30,2607,29.0,0.16,0.17,0.33,48.31,0.17,4.72,19.17,25.0,3.9,48.31,2.34,1.34,1.98,1.0,1.47,29.97,185.59,79.28,2.52,1.72,0.69,2.31,2.07,34.07,7.55
Kostas Tsimikas,GRE,"DF,FW",0,1,0,1,2020-2021,Liverpool,24,0,7,0.1,0.0,0.0,0.0,100.0,0.0,10.0,30.0,60.0,0.0,100.0,0.0,0.0,,0.0,,70.0,210.0,90.0,10.0,0.0,0.0,10.0,0.0,80.0,30.0
Axel Tuanzebe,COD,DF,0,1,0,0,2020-2021,Manchester Utd,22,4,404,4.5,0.0,0.0,0.0,71.33,9.11,36.67,30.67,4.0,0.0,71.33,0.44,0.0,0.0,0.44,22.22,36.44,186.44,87.56,0.67,0.67,0.0,0.44,0.22,47.11,0.67
Cengiz Ünder,TUR,"FW,MF",0,0,1,1,2020-2021,Leicester City,23,1,281,3.1,0.09,0.51,0.59,54.52,0.65,3.87,19.03,32.58,2.58,54.52,7.42,4.84,21.03,2.58,11.23,35.81,304.84,119.03,3.87,1.94,0.97,2.58,2.9,42.58,12.58
Yan Valery,TUN,"DF,MF",0,1,1,0,2020-2021,Southampton,21,1,103,1.1,0.16,0.05,0.21,86.36,4.55,30.91,32.73,23.64,0.91,86.36,3.64,0.0,0.0,3.64,90.91,49.09,353.64,135.45,5.45,2.73,0.91,5.45,4.55,43.64,8.18
Virgil van Dijk,NED,DF,0,1,0,0,2020-2021,Liverpool,29,5,370,4.1,0.06,0.0,0.06,88.78,5.61,30.0,56.34,2.93,1.22,88.78,0.0,0.0,,0.0,,68.78,281.22,128.54,0.0,0.24,0.0,0.24,0.0,71.95,0.24
Jamie Vardy,ENG,FW,0,0,0,1,2020-2021,Leicester City,33,31,2840,31.6,0.63,0.15,0.78,22.41,1.08,1.8,7.69,13.13,5.16,22.12,1.3,0.82,2.01,0.47,1.16,10.63,71.11,32.12,1.8,0.54,1.11,1.84,0.38,15.98,6.39
Joël Veltman,NED,DF,0,1,0,0,2020-2021,Brighton,28,25,2281,25.3,0.04,0.07,0.11,71.66,3.79,22.06,34.31,16.01,1.26,71.66,1.42,0.71,1.98,0.71,1.98,36.64,183.12,86.36,1.54,0.99,0.08,0.67,0.28,41.03,3.91
Jannik Vestergaard,DEN,DF,0,1,0,0,2020-2021,Southampton,27,29,2574,28.6,0.05,0.02,0.07,72.62,9.27,35.03,34.69,3.5,1.61,72.62,0.35,0.24,2.45,0.1,1.05,42.31,223.29,122.55,0.49,0.56,0.0,0.45,0.21,48.78,0.07
Rúben Vinagre,POR,"MF,DF",0,1,1,0,2020-2021,Wolves,21,1,173,1.9,0.0,0.03,0.03,63.68,1.05,18.42,29.47,16.32,0.0,63.68,2.11,1.05,26.32,1.05,26.32,31.58,151.58,92.63,2.11,2.63,0.0,0.53,3.16,37.37,5.79
Carlos Vinícius,BRA,FW,0,0,0,1,2020-2021,Tottenham,25,3,308,3.4,0.36,0.02,0.39,27.65,2.06,3.24,13.24,11.47,4.41,27.65,1.18,0.88,22.06,0.29,7.35,13.82,52.65,22.35,0.29,0.59,0.0,5.0,2.06,20.59,3.53
João Virgínia,POR,GK,1,0,0,0,2020-2021,Everton,20,0,48,0.5,0.0,0.0,0.0,36.0,34.0,36.0,0.0,0.0,0.0,36.0,0.0,0.0,,0.0,,18.0,124.0,94.0,0.0,0.0,0.0,0.0,0.0,18.0,0.0
Vitinha,POR,MF,0,0,1,0,2020-2021,Wolves,20,5,520,5.8,0.09,0.11,0.2,67.07,0.34,5.34,41.21,21.03,1.38,67.07,2.07,1.38,11.5,0.69,5.74,45.0,264.14,129.83,1.9,2.59,0.34,2.93,0.52,53.62,3.1
Jake Vokins,ENG,DF,0,1,0,0,2020-2021,Southampton,20,1,66,0.7,0.0,0.08,0.08,32.86,0.0,4.29,17.14,11.43,0.0,32.86,0.0,0.0,,0.0,,15.71,75.71,55.71,1.43,1.43,0.0,0.0,0.0,18.57,2.86
Matěj Vydra,CZE,FW,0,0,0,1,2020-2021,Burnley,28,15,1371,15.2,0.34,0.12,0.46,26.64,0.59,0.99,9.34,16.58,5.72,26.64,1.71,1.05,4.05,0.66,2.53,15.39,73.36,31.64,1.25,0.92,0.86,3.42,1.45,20.92,7.37
Theo Walcott,ENG,"MF,FW",0,0,1,1,2020-2021,Southampton,31,20,1618,18.0,0.13,0.06,0.18,35.89,0.72,5.0,15.17,15.94,3.33,35.89,2.83,0.94,1.85,1.89,3.71,20.61,124.89,61.83,2.06,2.0,0.67,3.11,1.5,24.94,5.83
Theo Walcott,ENG,FW,0,0,0,1,2020-2021,Everton,31,0,13,0.1,0.0,0.0,0.0,20.0,0.0,0.0,10.0,10.0,0.0,20.0,0.0,0.0,,0.0,,20.0,650.0,570.0,10.0,10.0,0.0,10.0,0.0,20.0,0.0
Kyle Walker,ENG,DF,0,1,0,0,2020-2021,Manchester City,30,22,1946,21.6,0.01,0.03,0.04,97.13,2.27,17.27,61.44,19.4,0.69,97.13,1.9,1.11,2.71,0.79,1.92,61.9,337.22,175.19,3.7,3.1,0.28,0.74,0.79,73.56,3.29
Kyle Walker-Peters,ENG,DF,0,1,0,0,2020-2021,Southampton,23,30,2645,29.4,0.04,0.04,0.08,68.71,3.5,19.83,36.16,13.84,1.77,68.71,2.21,1.56,2.41,0.65,0.99,35.17,218.2,117.38,3.13,2.28,0.54,1.26,1.67,38.5,3.81
Aaron Wan-Bissaka,ENG,DF,0,1,0,0,2020-2021,Manchester Utd,22,34,3060,34.0,0.03,0.07,0.09,74.91,3.41,23.74,31.91,19.91,0.94,74.91,1.76,1.0,1.67,0.74,1.23,38.06,222.5,111.68,2.62,1.91,0.15,1.0,0.62,45.62,5.18
Joel Ward,ENG,DF,0,1,0,0,2020-2021,Crystal Palace,30,25,2256,25.1,0.0,0.02,0.02,54.94,4.54,21.59,23.47,10.2,0.4,54.94,0.64,0.48,2.99,0.16,1.0,19.28,89.08,45.98,0.8,0.92,0.12,0.96,0.32,22.31,1.39
James Ward-Prowse,ENG,MF,0,0,1,0,2020-2021,Southampton,25,38,3420,38.0,0.15,0.1,0.25,80.13,2.82,16.11,48.34,16.39,0.58,80.03,0.58,0.45,2.03,0.13,0.6,36.87,161.16,77.21,0.89,1.21,0.0,0.87,0.37,48.0,1.34
Ollie Watkins,ENG,FW,0,0,0,1,2020-2021,Aston Villa,24,37,3328,37.0,0.39,0.14,0.53,33.49,0.76,1.59,12.05,20.32,6.08,33.43,1.89,1.08,1.54,0.81,1.16,19.24,110.38,47.97,2.27,1.19,1.51,3.14,2.3,27.32,7.84
Caleb Watts,AUS,MF,0,0,1,0,2020-2021,Southampton,18,0,39,0.4,0.0,0.0,0.0,42.5,2.5,10.0,20.0,12.5,0.0,42.5,0.0,0.0,,0.0,,32.5,105.0,47.5,0.0,2.5,0.0,2.5,2.5,32.5,5.0
Adam Webster,ENG,DF,0,1,0,0,2020-2021,Brighton,25,29,2594,28.8,0.07,0.01,0.08,73.68,7.05,33.51,35.24,5.52,1.11,73.68,0.59,0.59,3.47,0.0,0.0,45.45,297.43,199.9,1.46,1.25,0.07,0.94,0.21,50.9,0.14
Danny Welbeck,ENG,FW,0,0,0,1,2020-2021,Brighton,29,17,1545,17.2,0.39,0.16,0.55,25.99,0.93,2.56,8.95,14.88,4.88,25.93,1.92,1.05,3.17,0.81,2.47,14.42,83.78,41.63,1.22,0.64,0.58,2.97,0.76,18.14,5.7
Timo Werner,GER,"FW,MF",0,0,1,1,2020-2021,Chelsea,24,29,2602,28.9,0.39,0.19,0.59,39.72,0.17,2.84,15.4,21.83,6.19,39.72,2.77,1.0,1.26,1.76,2.21,24.67,169.79,87.34,3.56,1.7,2.04,2.98,0.97,31.63,8.24
Ashley Westwood,ENG,MF,0,0,1,0,2020-2021,Burnley,30,38,3410,37.9,0.03,0.18,0.21,64.91,1.48,9.08,41.5,14.8,0.5,64.91,0.5,0.34,1.8,0.16,0.83,32.37,124.46,56.73,0.55,0.66,0.05,0.77,0.29,41.21,1.03
Ben White,ENG,"DF,MF",0,1,1,0,2020-2021,Brighton,22,36,3191,35.5,0.01,0.03,0.04,59.63,4.76,25.1,28.65,6.45,0.62,59.63,0.9,0.68,2.11,0.23,0.7,34.51,173.52,98.34,1.41,1.15,0.17,0.65,0.28,40.0,1.07
Georginio Wijnaldum,NED,MF,0,0,1,0,2020-2021,Liverpool,29,34,2941,32.7,0.08,0.04,0.12,61.31,0.92,8.53,38.56,14.92,1.35,61.31,1.56,1.04,2.04,0.52,1.02,41.28,233.55,110.34,1.9,1.83,0.09,1.16,0.83,46.67,1.8
Brandon Williams,ENG,DF,0,1,0,0,2020-2021,Manchester Utd,19,2,188,2.1,0.11,0.02,0.13,76.67,3.81,32.38,34.76,10.48,0.95,76.67,1.9,0.95,23.81,0.95,23.81,46.67,313.33,153.81,2.38,2.38,0.0,0.95,0.48,51.43,3.33
Neco Williams,WAL,DF,0,1,0,0,2020-2021,Liverpool,19,3,249,2.8,0.03,0.06,0.09,87.14,1.43,19.29,35.36,34.29,2.5,87.14,2.5,1.79,25.5,0.71,10.21,54.64,250.0,120.36,3.57,2.5,2.14,0.36,1.07,55.0,10.36
Rhys Williams,ENG,DF,0,1,0,0,2020-2021,Liverpool,19,7,661,7.3,0.07,0.02,0.09,76.44,9.73,36.16,38.22,2.33,1.37,76.44,0.0,0.0,,0.0,,43.97,179.59,78.36,0.27,0.27,0.0,0.0,0.0,52.05,0.14
Willian,BRA,FW,0,0,0,1,2020-2021,Arsenal,31,16,1406,15.6,0.12,0.19,0.32,58.46,0.58,6.54,20.9,31.28,2.31,58.46,1.15,0.83,4.63,0.32,1.78,34.49,225.9,110.9,3.27,2.31,0.64,1.47,0.96,42.76,7.63
Joe Willock,ENG,MF,0,0,1,0,2020-2021,Arsenal,20,2,238,2.6,0.1,0.02,0.12,52.31,3.08,8.46,24.23,21.92,5.38,52.31,3.46,1.54,17.08,1.92,21.38,31.15,201.54,73.46,3.08,2.31,0.0,5.0,1.15,33.46,5.0
Joe Willock,ENG,MF,0,0,1,0,2020-2021,Newcastle Utd,20,11,978,10.9,0.36,0.05,0.41,37.61,1.56,11.1,16.7,10.83,3.49,37.52,3.67,2.02,5.05,1.65,4.13,18.81,127.06,75.41,2.11,1.1,1.01,1.93,1.47,19.17,3.12
Callum Wilson,ENG,FW,0,0,0,1,2020-2021,Newcastle Utd,28,23,2084,23.2,0.54,0.12,0.66,25.69,0.73,1.94,11.34,13.02,3.84,25.52,1.85,1.12,2.61,0.73,1.7,15.56,96.9,42.46,1.81,1.25,1.03,3.15,1.68,19.48,5.0
Harry Winks,ENG,MF,0,0,1,0,2020-2021,Tottenham,24,9,861,9.6,0.01,0.02,0.02,78.85,2.71,17.81,53.85,7.81,0.0,78.85,0.52,0.42,8.33,0.1,2.08,47.29,212.71,100.83,0.94,0.73,0.0,0.62,0.31,58.96,0.1
Chris Wood,NZL,FW,0,0,0,1,2020-2021,Burnley,28,32,2741,30.5,0.43,0.06,0.49,30.56,0.79,1.97,12.39,16.39,4.23,30.49,0.69,0.23,1.09,0.46,2.19,14.89,51.8,19.97,0.56,0.43,0.46,2.59,1.44,25.05,7.11
Granit Xhaka,SUI,"MF,DF",0,1,1,0,2020-2021,Arsenal,27,29,2522,28.0,0.03,0.05,0.08,87.14,3.43,18.79,55.82,13.0,0.32,87.14,0.57,0.29,1.79,0.29,1.79,54.71,272.29,150.86,1.46,1.43,0.0,0.71,0.43,64.61,1.11
Andriy Yarmolenko,UKR,"FW,MF",0,0,1,1,2020-2021,West Ham,30,1,375,4.2,0.06,0.19,0.25,47.14,0.95,8.1,19.52,20.48,3.57,47.14,2.86,1.43,11.9,1.43,11.9,30.0,230.71,105.24,5.24,2.86,1.19,2.86,2.38,35.48,9.05
DeAndre Yedlin,USA,DF,0,1,0,0,2020-2021,Newcastle Utd,27,5,436,4.8,0.02,0.02,0.04,47.5,3.54,16.88,16.88,13.75,1.04,47.5,0.42,0.21,10.42,0.21,10.42,22.29,93.96,46.04,1.25,0.62,0.21,1.46,0.21,24.17,3.12
Okay Yokuşlu,TUR,MF,0,0,1,0,2020-2021,West Brom,26,15,1317,14.6,0.06,0.05,0.1,49.73,3.9,15.89,28.22,6.51,0.75,49.73,1.71,1.3,5.21,0.41,1.64,24.04,94.59,37.95,0.34,0.34,0.07,1.58,0.62,22.19,0.34
Wilfried Zaha,CIV,FW,0,0,0,1,2020-2021,Crystal Palace,27,29,2612,29.0,0.28,0.11,0.39,40.24,0.07,2.86,16.24,21.83,5.03,40.17,4.03,1.9,1.62,2.14,1.83,29.34,200.1,98.1,3.55,2.28,2.14,3.72,2.66,32.9,8.93
Andre-Frank Zambo Anguissa,CMR,MF,0,0,1,0,2020-2021,Fulham,24,29,2587,28.7,0.05,0.09,0.14,63.66,1.32,12.79,36.9,15.61,1.32,63.66,4.98,3.34,2.34,1.64,1.15,37.87,238.54,116.2,2.82,2.23,0.28,2.51,1.74,41.85,2.37
Andi Zeqiri,SUI,"FW,DF",0,1,0,1,2020-2021,Brighton,21,0,171,1.9,0.38,0.04,0.42,36.32,2.11,4.74,11.05,20.53,6.84,36.32,0.53,0.53,52.63,0.0,0.0,21.58,79.47,38.42,1.05,0.0,0.0,4.21,0.53,23.68,7.37
Oleksandr Zinchenko,UKR,DF,0,1,0,0,2020-2021,Manchester City,23,15,1478,16.4,0.04,0.06,0.1,100.43,2.74,19.51,55.85,25.3,0.67,100.43,0.55,0.37,4.07,0.18,2.03,59.76,248.6,129.76,2.32,2.13,0.18,0.91,0.37,72.93,3.96
Hakim Ziyech,MAR,"MF,FW",0,0,1,1,2020-2021,Chelsea,27,15,1172,13.0,0.14,0.28,0.42,67.38,0.69,5.15,30.31,32.54,2.69,67.38,2.69,1.46,4.18,1.23,3.52,41.08,176.31,74.77,2.08,1.62,0.92,2.23,1.23,53.15,8.31
Kurt Zouma,FRA,DF,0,1,0,0,2020-2021,Chelsea,25,22,2029,22.5,0.09,0.0,0.09,88.93,11.11,41.16,44.4,3.47,1.56,88.93,0.18,0.09,2.22,0.09,2.22,56.89,268.84,156.13,0.62,0.71,0.0,0.31,0.18,67.87,0.36
Martin Ødegaard,NOR,MF,0,0,1,0,2020-2021,Arsenal,21,9,866,9.6,0.08,0.21,0.29,62.29,0.62,5.83,29.48,27.6,2.29,62.29,1.77,1.35,7.97,0.42,2.45,40.42,215.73,89.48,1.67,1.88,0.31,1.46,1.15,47.92,5.1
Patrick van Aanholt,NED,DF,0,1,0,0,2019-2020,Crystal Palace,28,29,2507,27.9,0.08,0.13,0.21,67.03,3.19,18.96,30.39,18.46,1.47,66.99,1.36,0.57,1.51,0.79,2.08,29.75,159.93,87.2,2.15,1.47,0.36,1.11,0.54,35.63,3.19
Max Aarons,ENG,DF,0,1,0,0,2019-2020,Norwich City,19,36,3240,36.0,0.02,0.11,0.12,59.56,4.42,21.19,24.11,14.89,1.19,59.56,2.75,1.33,1.35,1.42,1.43,34.97,218.28,112.94,2.56,1.69,0.58,1.5,0.86,34.81,4.19
Tammy Abraham,ENG,FW,0,0,0,1,2019-2020,Chelsea,21,25,2215,24.6,0.67,0.11,0.77,29.35,1.22,2.44,13.7,13.58,5.93,29.35,1.42,0.65,1.86,0.77,2.21,13.54,69.02,30.45,1.26,0.69,0.41,3.01,1.71,19.47,5.45
Che Adams,SCO,FW,0,0,0,1,2019-2020,Southampton,23,12,1111,12.3,0.43,0.14,0.57,33.98,0.89,2.36,14.72,17.4,4.88,33.98,2.03,1.46,5.85,0.57,2.28,18.86,104.23,37.72,1.63,1.3,0.81,3.25,1.71,24.23,7.07
Adrián,ESP,GK,1,0,0,0,2019-2020,Liverpool,32,9,875,9.7,0.0,0.0,0.0,34.12,30.72,34.12,0.0,0.0,0.0,34.12,0.0,0.0,,0.0,,19.9,95.36,54.43,0.0,0.1,0.1,0.0,0.0,15.67,0.0
Sergio Agüero,ARG,FW,0,0,0,1,2019-2020,Manchester City,31,18,1452,16.1,0.9,0.14,1.04,33.79,0.25,1.06,11.06,22.11,8.14,33.6,2.48,1.49,3.73,0.99,2.48,25.16,127.76,50.68,2.17,1.61,1.43,2.11,1.86,27.08,6.52
Albian Ajeti,SUI,FW,0,0,0,1,2019-2020,West Ham,22,0,139,1.5,0.11,0.05,0.16,18.67,0.0,0.67,5.33,12.67,4.67,18.67,1.33,0.0,0.0,1.33,66.67,11.33,40.67,5.33,0.0,0.0,0.67,2.67,1.33,14.67,6.67
Nathan Aké,NED,DF,0,1,0,0,2019-2020,Bournemouth,24,29,2503,27.8,0.11,0.08,0.18,56.01,8.56,31.94,21.73,2.77,1.29,56.01,0.11,0.11,3.6,0.0,0.0,34.46,177.52,111.94,0.43,0.18,0.0,0.32,0.18,33.17,0.25
Marc Albrighton,ENG,"MF,DF",0,1,1,0,2019-2020,Leicester City,29,9,867,9.6,0.04,0.22,0.27,64.38,1.25,10.62,25.52,29.58,2.08,64.38,3.44,1.46,4.42,1.98,6.0,40.94,205.0,85.62,2.08,1.98,0.42,1.25,0.94,44.06,9.79
Toby Alderweireld,BEL,DF,0,1,0,0,2019-2020,Tottenham,30,33,2957,32.9,0.02,0.04,0.06,71.4,10.46,35.96,32.46,3.07,0.67,71.4,0.03,0.0,0.0,0.03,3.04,44.38,181.55,89.64,0.33,0.55,0.03,0.27,0.15,47.6,0.3
Trent Alexander-Arnold,ENG,DF,0,1,0,0,2019-2020,Liverpool,20,35,3175,35.3,0.08,0.31,0.39,101.5,2.8,23.37,45.04,33.82,1.53,101.5,1.44,0.59,1.17,0.85,1.67,60.54,257.76,151.05,2.78,3.2,0.45,1.33,0.34,64.62,6.4
Alisson,BRA,GK,1,0,0,0,2019-2020,Liverpool,26,29,2543,28.3,0.0,0.01,0.01,35.05,27.99,34.73,0.35,0.0,0.0,35.05,0.0,0.0,,0.0,,21.2,87.74,54.1,0.0,0.04,0.04,0.0,0.0,17.49,0.0
Dele Alli,ENG,"MF,FW",0,0,1,1,2019-2020,Tottenham,23,21,1847,20.5,0.4,0.17,0.56,55.02,1.76,7.61,27.22,20.83,3.71,54.98,3.22,1.41,2.14,1.76,2.66,34.49,174.1,82.15,2.73,1.8,0.68,2.44,2.0,37.07,7.41
Miguel Almirón,PAR,"MF,FW",0,0,1,1,2019-2020,Newcastle Utd,25,35,3021,33.6,0.2,0.09,0.29,38.42,1.01,7.74,16.01,15.98,2.41,38.42,2.77,1.37,1.47,1.4,1.5,27.65,229.61,113.78,3.57,2.44,0.57,2.38,1.04,26.22,4.76
Marcos Alonso,ESP,DF,0,1,0,0,2019-2020,Chelsea,28,15,1430,15.9,0.16,0.17,0.33,84.34,1.7,21.07,33.71,30.0,3.71,84.34,1.19,0.75,3.97,0.44,2.31,49.5,257.11,142.7,3.9,2.64,0.38,2.08,0.63,52.39,9.75
Steven Alzate,COL,"MF,DF",0,1,1,0,2019-2020,Brighton,20,12,1188,13.2,0.09,0.06,0.15,62.95,2.42,14.39,30.08,19.02,2.73,62.95,3.56,2.65,5.64,0.91,1.93,34.55,211.82,108.86,2.58,2.58,0.83,1.89,2.12,41.29,6.97
Ibrahim Amadou,FRA,"DF,MF",0,1,1,0,2019-2020,Norwich City,26,8,759,8.4,0.09,0.0,0.1,57.14,11.9,39.4,16.43,1.55,0.48,57.14,0.24,0.24,11.9,0.0,0.0,34.52,134.29,64.88,0.48,0.0,0.0,0.12,0.36,36.07,0.12
Felipe Anderson,BRA,"MF,FW",0,0,1,1,2019-2020,West Ham,26,20,1497,16.6,0.15,0.18,0.34,70.36,1.14,8.61,33.98,29.28,3.37,70.36,5.54,3.8,4.13,1.75,1.9,46.02,346.51,183.37,6.39,4.34,1.27,2.89,1.81,53.25,7.95
Florin Andone,ROU,FW,0,0,0,1,2019-2020,Brighton,26,1,73,0.8,0.45,0.06,0.51,42.5,2.5,8.75,11.25,22.5,3.75,42.5,8.75,2.5,35.75,6.25,89.25,23.75,222.5,116.25,2.5,3.75,1.25,6.25,1.25,21.25,5.0
Angeliño,ESP,DF,0,1,0,0,2019-2020,Manchester City,22,4,423,4.7,0.05,0.32,0.36,101.7,2.98,18.94,39.57,44.26,2.34,101.7,1.06,0.85,17.02,0.21,4.26,70.85,298.94,169.57,4.47,5.96,0.21,1.28,0.64,71.91,14.89
Faustino Anjorin,ENG,FW,0,0,0,1,2019-2020,Chelsea,17,0,20,0.2,0.11,0.0,0.11,60.0,0.0,0.0,25.0,35.0,15.0,60.0,10.0,5.0,250.0,5.0,250.0,40.0,285.0,125.0,5.0,0.0,5.0,5.0,5.0,40.0,5.0
Michail Antonio,JAM,FW,0,0,0,1,2019-2020,West Ham,29,19,1768,19.6,0.66,0.19,0.85,41.73,0.56,1.99,13.42,27.14,5.97,41.68,5.26,3.32,3.22,1.89,1.83,25.2,160.61,76.02,2.7,2.14,1.33,3.72,2.3,30.56,9.08
Stuart Armstrong,SCO,MF,0,0,1,0,2019-2020,Southampton,27,19,1715,19.1,0.15,0.1,0.25,46.54,2.57,7.8,21.94,17.54,2.2,46.54,2.77,1.57,2.96,1.2,2.27,24.61,169.48,77.07,2.36,1.78,0.42,2.88,1.31,28.48,5.29
Kepa Arrizabalaga,ESP,GK,1,0,0,0,2019-2020,Chelsea,24,33,2970,33.0,0.0,0.0,0.0,34.48,29.39,34.3,0.18,0.0,0.0,34.48,0.0,0.0,,0.0,,20.36,93.12,57.64,0.0,0.0,0.0,0.03,0.0,19.52,0.0
Christian Atsu,GHA,"MF,FW",0,0,1,1,2019-2020,Newcastle Utd,27,6,749,8.3,0.03,0.15,0.18,40.12,1.33,9.04,14.94,17.35,1.45,40.12,4.34,1.93,5.35,2.41,6.7,26.14,206.87,115.3,3.49,2.77,0.72,2.41,2.05,25.18,2.65
Pierre-Emerick Aubameyang,GAB,FW,0,0,0,1,2019-2020,Arsenal,30,35,3136,34.8,0.42,0.09,0.52,35.43,0.75,4.11,12.53,19.17,4.31,35.37,1.09,0.49,1.28,0.6,1.59,20.89,142.64,77.64,2.82,1.35,1.09,1.67,0.89,26.67,8.28
Serge Aurier,CIV,DF,0,1,0,0,2019-2020,Tottenham,26,31,2700,30.0,0.02,0.11,0.13,69.27,4.13,19.1,30.3,20.63,1.73,69.27,2.13,1.3,2.03,0.83,1.3,38.27,155.37,80.23,2.2,1.8,0.2,1.8,0.93,38.13,6.83
Jordan Ayew,GHA,FW,0,0,0,1,2019-2020,Crystal Palace,27,37,3148,35.0,0.21,0.07,0.29,37.14,0.86,4.4,17.03,16.69,3.51,37.14,3.34,2.09,1.78,1.26,1.07,22.89,160.31,65.4,2.2,1.54,0.71,3.23,2.71,27.14,5.26
César Azpilicueta,ESP,DF,0,1,0,0,2019-2020,Chelsea,29,36,3229,35.9,0.07,0.17,0.24,93.23,3.26,25.96,45.1,22.45,2.59,93.23,0.58,0.33,1.59,0.25,1.19,48.41,171.17,96.96,1.64,1.09,0.19,0.75,0.36,59.94,6.3
Eric Bailly,CIV,DF,0,1,0,0,2019-2020,Manchester Utd,25,1,150,1.7,0.0,0.0,0.0,54.12,8.82,25.88,28.82,0.0,0.0,54.12,0.59,0.59,58.82,0.0,0.0,27.06,109.41,57.06,0.59,0.0,0.0,0.59,0.59,31.76,0.59
Leighton Baines,ENG,DF,0,1,0,0,2019-2020,Everton,34,4,404,4.5,0.01,0.18,0.2,58.67,4.44,14.22,22.22,22.67,0.22,58.67,0.89,0.44,11.11,0.44,11.11,26.22,99.11,55.11,2.67,1.56,0.22,0.67,0.44,32.67,4.0
Fabián Balbuena,PAR,DF,0,1,0,0,2019-2020,West Ham,27,13,1177,13.1,0.12,0.03,0.15,51.37,6.95,26.18,23.51,1.83,1.15,51.37,0.15,0.15,7.63,0.0,0.0,23.05,104.96,64.58,0.61,0.23,0.08,0.46,0.08,25.5,0.15
George Baldock,GRE,DF,0,1,0,0,2019-2020,Sheffield Utd,26,38,3420,38.0,0.02,0.05,0.06,50.21,2.68,10.66,16.39,23.34,1.47,50.21,1.84,1.11,1.58,0.74,1.05,23.26,140.53,67.5,2.55,1.66,0.58,1.13,0.58,27.26,5.18
Phil Bardsley,SCO,DF,0,1,0,0,2019-2020,Burnley,34,21,1890,21.0,0.02,0.07,0.08,54.95,4.71,15.62,29.43,10.14,0.52,54.95,0.33,0.19,2.72,0.14,2.04,19.1,89.38,44.86,1.1,0.95,0.05,0.62,0.14,23.1,1.29
Ross Barkley,ENG,MF,0,0,1,0,2019-2020,Chelsea,25,13,1103,12.3,0.22,0.19,0.41,62.76,0.89,6.67,32.52,24.23,2.52,62.76,3.25,2.2,5.49,1.06,2.64,42.28,256.75,123.5,3.74,1.95,0.89,2.03,2.76,49.59,5.12
Ashley Barnes,ENG,FW,0,0,0,1,2019-2020,Burnley,29,17,1352,15.0,0.41,0.02,0.43,27.87,0.73,2.4,12.73,12.87,3.33,27.8,0.93,0.4,2.86,0.53,3.81,18.0,60.0,22.73,0.67,0.4,0.33,2.53,1.27,22.33,4.07
Harvey Barnes,ENG,"MF,FW",0,0,1,1,2019-2020,Leicester City,21,24,2083,23.1,0.35,0.18,0.53,43.16,0.39,3.68,15.02,25.63,5.24,43.16,3.51,1.86,2.3,1.65,2.03,31.21,211.17,128.7,4.11,2.34,2.08,2.55,1.0,35.06,9.57
Chris Basham,ENG,DF,0,1,0,0,2019-2020,Sheffield Utd,31,38,3242,36.0,0.01,0.04,0.04,56.39,6.75,22.72,24.5,9.78,1.14,56.39,1.03,0.67,1.8,0.36,0.98,19.89,102.31,56.89,0.89,0.94,0.19,0.92,0.22,24.83,1.94
Borja Bastón,ESP,"MF,FW",0,0,1,1,2019-2020,Aston Villa,26,0,18,0.2,0.0,0.0,0.0,40.0,5.0,5.0,25.0,15.0,5.0,40.0,0.0,0.0,,0.0,,5.0,45.0,45.0,0.0,5.0,0.0,5.0,0.0,20.0,0.0
Michy Batshuayi,BEL,FW,0,0,0,1,2019-2020,Chelsea,25,1,239,2.7,0.92,0.06,0.98,46.3,1.11,3.7,21.48,22.22,11.48,46.3,2.96,1.48,18.52,1.48,18.52,29.26,158.52,88.52,2.96,1.85,1.48,4.81,1.48,32.59,8.15
Jan Bednarek,POL,DF,0,1,0,0,2019-2020,Southampton,23,34,3057,34.0,0.03,0.03,0.07,59.79,7.91,28.0,30.85,1.18,0.44,59.79,0.06,0.06,2.94,0.0,0.0,23.71,93.71,51.06,0.12,0.12,0.03,0.32,0.03,28.29,0.0
Héctor Bellerín,ESP,"DF,MF",0,1,1,0,2019-2020,Arsenal,24,13,1158,12.9,0.03,0.03,0.06,65.58,2.64,19.46,30.08,16.36,1.71,65.58,2.4,1.4,4.5,1.01,3.25,33.72,188.06,112.09,2.64,1.86,0.39,1.09,0.93,39.15,5.43
Ryan Bennett,ENG,DF,0,1,0,0,2019-2020,Wolves,29,7,606,6.7,0.01,0.01,0.02,47.16,7.31,23.88,19.25,4.18,1.04,47.16,0.0,0.0,,0.0,,16.27,59.7,34.33,0.45,0.45,0.0,0.3,0.15,23.43,0.0
Ryan Bennett,ENG,DF,0,1,0,0,2019-2020,Leicester City,29,3,331,3.7,0.0,0.0,0.0,69.19,2.97,25.14,38.92,5.14,0.0,69.19,0.0,0.0,,0.0,,31.08,145.95,84.32,0.81,1.08,0.0,0.54,0.0,42.7,0.27
Nabil Bentaleb,ALG,MF,0,0,1,0,2019-2020,Newcastle Utd,24,8,751,8.3,0.01,0.03,0.04,59.76,2.17,16.87,38.92,4.58,0.12,59.76,1.2,0.96,9.64,0.24,2.41,29.28,117.83,41.45,0.24,0.24,0.0,0.72,0.24,35.3,0.12
Christian Benteke,BEL,FW,0,0,0,1,2019-2020,Crystal Palace,28,13,1261,14.0,0.36,0.19,0.55,37.86,2.71,3.79,16.0,18.71,5.79,37.86,1.64,1.36,5.9,0.29,1.24,16.57,93.71,41.71,1.57,0.57,0.71,3.36,1.64,28.5,5.64
Jóhann Berg Guðmundsson,ISL,MF,0,0,1,0,2019-2020,Burnley,28,6,621,6.9,0.09,0.14,0.23,36.81,1.3,5.94,12.17,19.71,3.33,36.81,0.87,0.72,12.07,0.14,2.42,22.46,143.48,58.55,2.61,1.59,0.58,1.3,0.72,23.48,4.49
Sander Berge,NOR,MF,0,0,1,0,2019-2020,Sheffield Utd,21,12,943,10.5,0.06,0.06,0.12,47.81,1.9,7.05,23.9,17.52,1.81,47.81,1.9,1.43,7.14,0.48,2.38,24.86,140.86,62.38,1.71,0.76,0.29,1.43,0.67,29.43,3.33
Steven Bergwijn,NED,"FW,MF",0,0,1,1,2019-2020,Tottenham,21,8,704,7.8,0.13,0.11,0.25,43.59,0.38,6.03,20.64,17.56,2.44,43.59,2.31,1.03,5.69,1.28,7.13,28.97,179.49,97.31,3.08,2.18,0.77,2.18,1.28,29.87,6.41
Bernard,BRA,"MF,FW",0,0,1,1,2019-2020,Everton,26,15,1280,14.2,0.13,0.17,0.29,53.66,0.63,6.13,24.79,23.52,3.1,53.66,3.52,2.11,4.23,1.41,2.82,36.55,199.65,98.66,2.82,2.54,1.06,2.82,2.04,37.82,7.46
Bernardo,BRA,"DF,MF",0,1,1,0,2019-2020,Brighton,24,7,679,7.5,0.06,0.15,0.21,66.0,4.0,20.27,29.73,16.4,1.73,66.0,1.6,1.07,8.89,0.53,4.44,31.73,170.27,102.13,2.93,0.8,0.13,2.13,1.47,37.07,5.47
Ryan Bertrand,ENG,DF,0,1,0,0,2019-2020,Southampton,29,31,2742,30.5,0.06,0.11,0.17,64.66,1.9,11.93,31.48,21.8,1.44,64.66,0.79,0.36,1.5,0.43,1.78,29.18,158.2,90.46,2.56,1.25,0.07,1.51,0.69,34.23,4.39
Muhamed Bešić,BIH,MF,0,0,1,0,2019-2020,Sheffield Utd,26,2,250,2.8,0.06,0.03,0.08,51.07,3.21,13.21,22.5,16.43,0.71,51.07,2.5,2.5,35.71,0.0,0.0,22.5,115.36,48.57,1.07,1.79,0.36,0.71,0.71,27.5,0.0
Philip Billing,DEN,MF,0,0,1,0,2019-2020,Bournemouth,23,29,2530,28.1,0.07,0.06,0.13,59.54,4.66,16.44,29.86,14.06,1.78,59.54,1.25,0.78,2.24,0.46,1.32,31.07,144.13,58.58,1.03,1.07,0.14,1.81,1.0,32.21,2.1
Yves Bissouma,MLI,MF,0,0,1,0,2019-2020,Brighton,22,15,1259,14.0,0.03,0.01,0.04,59.57,2.0,13.86,34.21,12.64,0.57,59.57,3.43,2.29,4.76,1.14,2.38,35.71,233.5,93.43,1.79,1.43,0.57,2.29,1.79,38.93,1.14
Willy Boly,CIV,DF,0,1,0,0,2019-2020,Wolves,28,22,1979,22.0,0.02,0.05,0.07,57.45,6.32,28.32,27.55,1.77,0.91,57.45,0.5,0.41,3.72,0.09,0.83,26.73,121.59,62.0,0.18,0.18,0.0,0.45,0.18,32.95,0.23
Gaëtan Bong,CMR,"DF,MF",0,1,1,0,2019-2020,Brighton,31,0,59,0.7,0.0,0.34,0.34,58.57,0.0,7.14,21.43,31.43,4.29,58.57,2.86,1.43,71.43,1.43,71.43,37.14,170.0,78.57,5.71,1.43,1.43,4.29,1.43,44.29,11.43
Sofiane Boufal,MAR,"MF,FW",0,0,1,1,2019-2020,Southampton,25,8,764,8.5,0.12,0.34,0.46,58.35,0.35,4.59,22.35,33.29,5.76,58.35,10.12,6.24,7.25,3.88,4.52,41.18,326.24,165.65,5.65,3.88,2.82,3.88,4.71,43.76,7.88
Jarrod Bowen,ENG,"FW,MF",0,0,1,1,2019-2020,West Ham,22,11,917,10.2,0.22,0.27,0.49,39.8,0.78,6.86,13.04,20.98,4.02,39.8,3.82,1.47,3.77,2.35,6.03,27.06,229.8,85.49,3.24,2.25,1.47,1.86,1.37,24.41,7.84
Robbie Brady,IRL,MF,0,0,1,0,2019-2020,Burnley,27,5,454,5.0,0.22,0.07,0.29,49.0,2.6,7.2,19.8,22.4,3.0,49.0,2.0,1.2,12.0,0.8,8.0,24.6,116.0,55.2,1.0,2.0,0.0,2.2,2.2,27.8,4.6
Jarrad Branthwaite,ENG,DF,0,1,0,0,2019-2020,Everton,17,2,300,3.3,0.0,0.0,0.0,78.48,12.42,45.15,33.64,0.61,0.0,78.48,0.3,0.3,30.3,0.0,0.0,46.36,249.09,120.0,0.0,0.0,0.0,0.91,0.0,56.06,0.0
Claudio Bravo,CHI,GK,1,0,0,0,2019-2020,Manchester City,36,3,347,3.9,0.0,0.0,0.0,35.64,28.97,35.13,0.51,0.0,0.0,35.64,0.26,0.26,25.64,0.0,0.0,22.31,111.28,71.03,0.0,0.0,0.0,0.0,0.0,20.0,0.0
Armando Broja,ALB,FW,0,0,0,1,2019-2020,Chelsea,17,0,5,0.1,0.0,0.0,0.0,20.0,0.0,0.0,0.0,20.0,0.0,20.0,0.0,0.0,,0.0,,40.0,70.0,0.0,0.0,0.0,0.0,0.0,10.0,40.0,20.0
David Brooks,WAL,"MF,FW",0,0,1,1,2019-2020,Bournemouth,22,8,506,5.6,0.08,0.05,0.14,40.36,0.54,4.11,15.0,21.61,1.43,40.36,4.29,2.14,8.93,2.14,8.93,24.46,125.0,42.86,0.71,1.43,0.18,1.25,1.25,29.11,4.29
Josh Brownhill,ENG,MF,0,0,1,0,2019-2020,Burnley,23,9,805,8.9,0.06,0.02,0.08,47.42,3.37,11.8,24.16,11.69,1.01,47.42,0.9,0.79,9.83,0.11,1.4,20.56,79.1,26.18,0.22,1.12,0.0,1.12,0.45,27.08,1.69
Emi Buendía,ARG,"FW,MF",0,0,1,1,2019-2020,Norwich City,22,28,2464,27.4,0.08,0.25,0.33,73.83,2.23,12.92,35.22,27.19,1.9,73.83,5.18,3.72,2.62,1.42,1.0,47.52,252.74,131.57,2.48,2.92,0.55,2.99,2.92,49.05,3.87
Dan Burn,ENG,DF,0,1,0,0,2019-2020,Brighton,27,33,2880,32.0,0.04,0.04,0.08,71.56,5.16,22.44,35.75,13.78,0.81,71.56,1.25,0.59,1.48,0.66,1.64,32.03,164.28,92.47,1.62,1.22,0.03,1.16,0.78,41.94,2.91
Sam Byram,ENG,DF,0,1,0,0,2019-2020,Norwich City,25,15,1293,14.4,0.1,0.03,0.12,69.93,5.83,26.81,27.29,16.25,2.57,69.93,1.04,0.42,2.78,0.62,4.17,31.88,145.0,63.19,1.46,1.25,0.14,0.9,0.35,35.07,4.03
Willy Caballero,ARG,GK,1,0,0,0,2019-2020,Chelsea,37,5,450,5.0,0.0,0.0,0.0,35.2,32.0,35.2,0.0,0.0,0.0,35.2,0.0,0.0,,0.0,,23.2,97.2,51.4,0.0,0.0,0.0,0.0,0.0,21.8,0.0
Gary Cahill,ENG,DF,0,1,0,0,2019-2020,Crystal Palace,33,25,2167,24.1,0.06,0.01,0.07,52.16,7.88,31.04,18.8,2.61,1.87,52.16,0.21,0.17,3.32,0.04,0.83,26.02,130.58,58.96,0.21,0.29,0.04,0.54,0.17,30.87,0.08
Dominic Calvert-Lewin,ENG,FW,0,0,0,1,2019-2020,Everton,22,30,2626,29.2,0.52,0.05,0.57,31.58,1.44,2.6,13.39,15.96,4.59,31.58,0.92,0.48,1.78,0.45,1.65,17.5,87.95,32.57,1.37,0.96,0.55,3.36,0.79,25.21,5.34
Víctor Camarasa,ESP,FW,0,0,0,1,2019-2020,Crystal Palace,25,0,6,0.1,0.0,0.0,0.0,30.0,0.0,0.0,30.0,0.0,0.0,30.0,0.0,0.0,,0.0,,20.0,240.0,10.0,0.0,0.0,0.0,0.0,0.0,30.0,0.0
João Cancelo,POR,DF,0,1,0,0,2019-2020,Manchester City,25,13,1208,13.4,0.04,0.21,0.25,97.69,2.24,19.18,50.15,29.48,2.46,97.69,3.96,2.76,5.21,1.27,2.4,70.82,326.87,169.1,3.13,3.73,1.04,1.12,0.6,69.93,5.97
Todd Cantwell,ENG,"FW,MF",0,0,1,1,2019-2020,Norwich City,21,30,2489,27.7,0.19,0.07,0.26,53.43,1.23,9.35,26.1,18.88,2.85,53.43,2.82,1.77,2.27,1.05,1.34,35.78,201.7,90.97,2.71,1.77,0.87,2.78,1.73,39.68,4.98
Étienne Capoue,FRA,MF,0,0,1,0,2019-2020,Watford,31,30,2627,29.2,0.03,0.11,0.14,61.54,3.22,14.45,40.21,7.43,0.41,61.54,1.37,0.79,1.97,0.58,1.46,31.23,123.05,53.22,0.55,0.55,0.1,0.62,0.89,34.21,0.79
Andy Carroll,ENG,FW,0,0,0,1,2019-2020,Newcastle Utd,30,4,632,7.0,0.17,0.2,0.37,45.14,3.86,5.57,22.29,17.43,4.29,45.14,1.57,0.86,7.79,0.71,6.5,19.0,68.29,15.57,0.57,0.71,0.0,3.43,1.57,33.71,4.86
Jonny Castro,ESP,"MF,DF",0,1,1,0,2019-2020,Wolves,25,33,2887,32.1,0.05,0.04,0.09,58.29,2.12,14.83,24.27,19.88,1.9,58.29,2.21,1.0,1.4,1.21,1.71,26.64,163.86,89.5,3.12,1.93,0.62,1.68,1.12,31.9,5.61
Craig Cathcart,NIR,DF,0,1,0,0,2019-2020,Watford,30,28,2488,27.6,0.01,0.0,0.01,43.26,5.65,21.78,20.72,0.83,0.43,43.26,0.25,0.14,2.07,0.11,1.55,21.12,88.37,37.57,0.07,0.11,0.04,0.33,0.11,21.41,0.11
Dani Ceballos,ESP,MF,0,0,1,0,2019-2020,Arsenal,22,18,1692,18.8,0.03,0.09,0.12,80.32,2.66,17.02,42.93,21.44,1.12,80.32,1.91,1.44,3.99,0.48,1.33,53.83,356.54,195.8,3.19,2.77,0.43,1.33,1.6,57.93,2.02
Nathaniel Chalobah,ENG,MF,0,0,1,0,2019-2020,Watford,24,10,930,10.3,0.04,0.12,0.17,48.54,2.33,11.17,26.99,10.68,0.78,48.54,0.87,0.49,5.4,0.39,4.31,22.04,91.46,29.71,0.39,0.87,0.1,1.55,0.97,24.27,2.14
Calum Chambers,ENG,DF,0,1,0,0,2019-2020,Arsenal,24,13,1102,12.2,0.06,0.13,0.2,87.46,9.51,38.28,33.28,16.31,2.21,87.46,1.39,0.9,5.3,0.49,2.89,46.15,204.92,117.87,1.31,0.82,0.0,1.23,0.82,57.13,5.49
Ben Chilwell,ENG,DF,0,1,0,0,2019-2020,Leicester City,22,27,2373,26.4,0.04,0.15,0.19,88.22,2.77,22.42,40.76,25.87,1.82,88.22,1.89,0.72,1.44,1.17,2.35,54.05,310.19,175.91,4.13,2.92,0.61,1.89,0.83,58.22,6.82
Tahith Chong,NED,"FW,DF",0,1,0,1,2019-2020,Manchester Utd,19,0,37,0.4,0.13,0.0,0.13,50.0,0.0,7.5,17.5,25.0,5.0,50.0,5.0,2.5,125.0,2.5,125.0,37.5,215.0,140.0,5.0,0.0,2.5,5.0,2.5,40.0,12.5
Hamza Choudhury,BAN,MF,0,0,1,0,2019-2020,Leicester City,21,10,893,9.9,0.04,0.01,0.05,62.53,2.53,15.86,36.67,10.1,1.11,62.53,1.01,0.3,3.03,0.71,7.07,38.48,128.69,40.3,0.51,0.81,0.1,1.31,0.51,40.61,1.01
Andreas Christensen,DEN,DF,0,1,0,0,2019-2020,Chelsea,23,21,1751,19.5,0.03,0.05,0.07,76.1,7.03,35.38,38.87,2.21,0.62,76.1,0.21,0.21,5.13,0.0,0.0,50.41,283.28,162.82,0.87,0.62,0.0,0.21,0.05,54.67,0.05
Ciaran Clark,IRL,DF,0,1,0,0,2019-2020,Newcastle Utd,29,14,1186,13.2,0.1,0.0,0.1,37.58,7.8,20.68,15.53,1.74,0.61,37.58,0.53,0.45,6.49,0.08,1.08,15.68,65.53,23.64,0.15,0.15,0.0,0.23,0.08,16.21,0.15
Leon Clarke,ENG,"FW,MF",0,0,1,1,2019-2020,Sheffield Utd,34,0,35,0.4,1.19,0.0,1.19,25.0,5.0,10.0,5.0,10.0,5.0,25.0,0.0,0.0,,0.0,,5.0,0.0,0.0,0.0,0.0,0.0,2.5,0.0,17.5,5.0
Tom Cleverley,ENG,MF,0,0,1,0,2019-2020,Watford,29,11,971,10.8,0.19,0.07,0.26,54.07,1.57,8.89,26.67,19.26,2.59,54.07,1.02,0.65,5.89,0.37,3.37,28.52,111.3,49.63,1.2,1.3,0.09,1.02,0.28,33.61,3.98
Conor Coady,ENG,DF,0,1,0,0,2019-2020,Wolves,26,38,3420,38.0,0.0,0.01,0.01,54.79,8.03,33.61,21.39,0.03,0.0,54.79,0.13,0.11,2.11,0.03,0.53,31.16,143.21,72.37,0.08,0.08,0.03,0.03,0.0,36.08,0.0
Séamus Coleman,IRL,DF,0,1,0,0,2019-2020,Everton,30,21,1839,20.4,0.05,0.08,0.13,64.8,3.92,20.29,29.71,15.49,1.37,64.8,2.84,1.86,3.21,0.98,1.69,33.87,190.88,100.74,2.4,1.86,0.34,1.72,0.69,33.92,4.56
Aaron Connolly,IRL,FW,0,0,0,1,2019-2020,Brighton,19,14,1258,14.0,0.28,0.04,0.32,22.71,0.07,1.21,9.36,12.36,3.93,22.71,1.43,0.43,2.14,1.0,5.0,14.14,82.14,29.79,1.5,0.5,0.86,3.79,1.43,16.07,6.14
Lewis Cook,ENG,"MF,FW",0,0,1,1,2019-2020,Bournemouth,22,14,1352,15.0,0.02,0.03,0.05,59.6,2.4,12.87,33.2,14.13,0.6,59.6,2.53,1.6,4.21,0.93,2.45,38.6,180.87,76.4,1.2,1.07,0.2,1.73,1.27,39.93,2.07
Steve Cook,ENG,DF,0,1,0,0,2019-2020,Bournemouth,28,28,2428,27.0,0.03,0.02,0.04,59.0,8.52,32.67,24.37,2.41,0.85,59.0,0.11,0.11,3.7,0.0,0.0,31.78,151.0,79.78,0.26,0.15,0.0,0.15,0.11,33.52,0.19
Jack Cork,ENG,MF,0,0,1,0,2019-2020,Burnley,30,30,2613,29.0,0.07,0.04,0.11,42.07,2.07,7.24,27.0,8.48,0.93,42.07,1.14,0.9,2.72,0.24,0.73,19.55,92.21,33.69,0.45,0.76,0.14,1.55,1.24,23.28,1.07
Aaron Cresswell,ENG,DF,0,1,0,0,2019-2020,West Ham,29,31,2727,30.3,0.05,0.11,0.15,65.18,3.3,17.89,30.43,17.16,0.79,65.18,1.12,0.36,1.07,0.76,2.23,30.83,123.76,59.67,1.42,1.09,0.07,0.59,0.33,34.42,3.2
Patrick Cutrone,ITA,FW,0,0,0,1,2019-2020,Wolves,21,3,297,3.3,0.68,0.08,0.76,30.91,0.3,3.33,14.85,13.33,3.94,30.91,1.52,0.91,18.18,0.61,12.12,15.45,97.27,40.91,1.52,0.91,0.3,2.42,2.73,17.27,6.06
Diogo Dalot,POR,"DF,MF",0,1,1,0,2019-2020,Manchester Utd,20,1,67,0.7,0.39,0.0,0.39,114.29,4.29,17.14,51.43,45.71,1.43,114.29,4.29,0.0,0.0,4.29,142.86,51.43,274.29,92.86,2.86,0.0,1.43,1.43,2.86,68.57,10.0
Charlie Daniels,ENG,DF,0,1,0,0,2019-2020,Bournemouth,32,2,126,1.4,0.0,0.06,0.06,43.57,5.0,17.14,17.86,9.29,0.0,43.57,0.0,0.0,,0.0,,26.43,98.57,30.0,0.71,0.71,0.0,0.71,0.71,20.71,2.14
Arnaut Danjuma,NED,MF,0,0,1,0,2019-2020,Bournemouth,22,6,630,7.0,0.17,0.03,0.2,43.71,0.43,8.43,19.43,17.0,3.14,43.71,5.43,3.0,7.9,2.43,6.39,32.43,260.0,117.57,4.43,2.71,1.86,1.71,2.0,34.14,8.57
Scott Dann,ENG,DF,0,1,0,0,2019-2020,Crystal Palace,32,14,1266,14.1,0.06,0.03,0.09,49.93,7.66,28.94,19.22,1.99,1.56,49.93,0.43,0.35,5.91,0.07,1.18,23.55,95.18,63.26,0.07,0.28,0.14,0.35,0.07,27.52,0.14
Kevin Danso,AUT,DF,0,1,0,0,2019-2020,Southampton,20,3,277,3.1,0.02,0.08,0.1,65.48,3.87,14.84,37.42,13.87,0.65,65.48,2.26,0.97,13.84,1.29,18.42,28.39,179.35,92.58,1.94,1.29,0.0,1.29,0.32,35.16,1.29
Ben Davies,WAL,DF,0,1,0,0,2019-2020,Tottenham,26,16,1431,15.9,0.01,0.05,0.07,71.95,3.46,22.26,37.11,12.64,1.13,71.95,1.13,0.57,3.14,0.57,3.14,37.74,153.9,87.99,2.01,1.26,0.13,0.44,0.57,40.44,3.4
Tom Davies,ENG,MF,0,0,1,0,2019-2020,Everton,21,23,2027,22.5,0.07,0.02,0.09,49.73,1.87,11.38,30.31,8.76,1.02,49.73,1.33,0.93,3.11,0.4,1.33,27.16,135.38,66.04,1.07,1.29,0.04,1.24,0.89,31.02,1.42
Keinan Davis,ENG,FW,0,0,0,1,2019-2020,Aston Villa,21,4,548,6.1,0.44,0.03,0.47,35.57,0.66,1.8,14.92,19.67,4.92,35.57,3.28,2.3,11.48,0.98,4.92,24.26,141.64,65.57,3.11,1.8,1.15,4.26,1.8,28.2,8.2
Craig Dawson,ENG,DF,0,1,0,0,2019-2020,Watford,29,26,2361,26.2,0.11,0.02,0.13,47.79,6.18,23.28,21.68,3.09,1.87,47.79,0.15,0.11,2.86,0.04,0.95,23.74,106.91,49.2,0.15,0.0,0.0,0.57,0.11,25.38,0.27
Kevin De Bruyne,BEL,MF,0,0,1,0,2019-2020,Manchester City,28,32,2791,31.0,0.24,0.65,0.88,83.71,1.26,6.26,33.87,44.39,4.84,83.65,2.61,1.55,1.91,1.06,1.31,57.58,286.94,167.13,4.48,3.68,1.42,1.52,1.0,62.55,8.29
Troy Deeney,ENG,FW,0,0,0,1,2019-2020,Watford,31,26,2225,24.7,0.42,0.14,0.57,38.91,1.13,3.32,18.58,17.41,4.17,38.66,0.81,0.4,2.02,0.4,2.02,16.28,56.03,21.13,0.49,0.61,0.12,2.06,1.05,29.03,4.21
Fabian Delph,ENG,MF,0,0,1,0,2019-2020,Everton,29,13,1190,13.2,0.01,0.03,0.04,68.86,2.35,16.74,42.27,10.61,0.0,68.86,1.97,1.59,6.12,0.38,1.45,43.48,211.06,92.5,1.44,1.82,0.0,1.29,0.45,46.97,0.68
Leander Dendoncker,BEL,"MF,DF",0,1,1,0,2019-2020,Wolves,24,32,2795,31.1,0.06,0.02,0.08,52.73,3.34,17.94,28.59,6.3,1.22,52.73,0.68,0.51,2.45,0.16,0.77,24.66,109.61,62.41,0.55,0.58,0.03,1.0,0.35,32.99,1.25
Gerard Deulofeu,ESP,FW,0,0,0,1,2019-2020,Watford,25,25,2098,23.3,0.27,0.17,0.45,47.73,0.47,5.75,15.49,27.77,5.71,47.68,4.51,2.66,2.53,1.85,1.76,32.23,262.32,146.27,5.28,3.43,2.66,2.88,2.23,32.15,7.3
Eric Dier,ENG,"DF,MF",0,1,1,0,2019-2020,Tottenham,25,15,1344,14.9,0.06,0.03,0.08,72.62,7.38,31.48,37.72,3.56,0.81,72.62,0.27,0.27,6.71,0.0,0.0,44.43,183.83,89.06,0.27,0.34,0.0,0.34,0.27,48.93,0.27
Lucas Digne,FRA,DF,0,1,0,0,2019-2020,Everton,26,35,3030,33.7,0.04,0.19,0.23,70.5,2.94,18.72,27.33,24.99,1.54,70.5,1.07,0.68,1.9,0.39,1.07,29.94,129.44,71.75,2.05,1.6,0.18,0.83,0.71,33.0,7.45
Issa Diop,FRA,DF,0,1,0,0,2019-2020,West Ham,22,31,2766,30.7,0.05,0.04,0.09,42.9,7.46,22.74,19.15,1.27,0.81,42.9,0.23,0.16,2.33,0.07,0.93,20.52,110.98,56.91,0.23,0.07,0.0,0.33,0.16,20.49,0.07
Moussa Djenepo,MLI,"MF,DF",0,1,1,0,2019-2020,Southampton,21,10,928,10.3,0.23,0.19,0.41,44.76,1.46,7.67,18.35,19.22,4.27,44.76,6.41,4.27,6.48,2.14,3.23,28.25,211.46,119.13,3.79,1.94,1.26,3.88,2.04,29.71,6.99
Matt Doherty,IRL,"MF,DF",0,1,1,0,2019-2020,Wolves,27,32,2839,31.5,0.22,0.07,0.29,69.71,2.35,15.49,34.54,20.06,2.83,69.71,1.52,0.89,1.85,0.63,1.32,30.29,160.67,97.05,2.38,2.0,0.32,1.49,0.48,42.29,4.92
Abdoulaye Doucouré,MLI,MF,0,0,1,0,2019-2020,Watford,26,36,3156,35.1,0.15,0.11,0.26,59.54,1.94,11.03,31.34,18.4,2.85,59.54,1.91,1.14,1.7,0.77,1.15,35.36,169.94,89.17,1.97,1.94,0.46,1.65,0.88,38.55,2.74
Tommy Doyle,ENG,MF,0,0,1,0,2019-2020,Manchester City,17,0,16,0.2,0.24,0.0,0.24,105.0,0.0,0.0,70.0,35.0,0.0,105.0,0.0,0.0,,0.0,,70.0,335.0,35.0,0.0,0.0,0.0,0.0,0.0,100.0,0.0
Danny Drinkwater,ENG,MF,0,0,1,0,2019-2020,Aston Villa,29,4,259,2.9,0.04,0.01,0.05,68.97,1.72,18.97,40.0,10.34,0.69,68.97,1.38,0.34,8.62,1.03,25.86,33.45,148.62,62.76,0.69,1.03,0.0,1.03,1.03,42.41,1.38
Danny Drinkwater,ENG,MF,0,0,1,0,2019-2020,Burnley,29,1,58,0.6,0.0,0.0,0.0,46.67,3.33,8.33,33.33,5.0,0.0,46.67,0.0,0.0,,0.0,,15.0,55.0,13.33,0.0,0.0,0.0,1.67,0.0,15.0,1.67
Josip Drmić,SUI,FW,0,0,0,1,2019-2020,Norwich City,26,5,647,7.2,0.43,0.15,0.58,33.47,1.11,3.19,17.64,12.92,3.06,33.47,1.94,0.83,5.96,1.11,7.93,17.92,61.67,19.44,0.69,0.56,0.69,3.06,2.08,22.22,5.83
Martin Dúbravka,SVK,GK,1,0,0,0,2019-2020,Newcastle Utd,30,38,3420,38.0,0.0,0.0,0.0,31.53,26.32,31.37,0.16,0.0,0.0,31.53,0.0,0.0,,0.0,,13.37,96.71,67.74,0.0,0.0,0.0,0.08,0.0,8.71,0.0
Ondrej Duda,SVK,MF,0,0,1,0,2019-2020,Norwich City,24,9,724,8.0,0.06,0.19,0.25,58.75,1.88,9.12,30.5,19.88,1.12,58.75,1.25,0.75,7.5,0.5,5.0,33.25,126.25,55.62,1.0,1.12,0.12,2.75,0.38,39.62,2.12
Shane Duffy,IRL,DF,0,1,0,0,2019-2020,Brighton,27,12,1238,13.8,0.09,0.01,0.1,58.48,8.33,32.32,23.91,2.46,1.38,58.48,0.29,0.22,5.43,0.07,1.81,25.87,126.23,66.16,0.29,0.43,0.0,0.65,0.22,33.19,0.14
Paul Dummett,WAL,DF,0,1,0,0,2019-2020,Newcastle Utd,27,14,1228,13.6,0.0,0.02,0.02,49.34,6.62,23.01,21.25,5.15,0.44,49.34,0.15,0.07,3.68,0.07,3.68,19.41,94.56,51.47,0.51,0.66,0.07,0.22,0.07,24.49,1.18
Lewis Dunk,ENG,DF,0,1,0,0,2019-2020,Brighton,27,36,3230,35.9,0.13,0.04,0.17,73.96,11.36,41.42,30.25,2.76,1.34,73.96,0.19,0.14,1.99,0.06,0.8,41.95,225.79,121.64,0.5,0.45,0.03,0.42,0.22,49.03,0.14
Ederson,BRA,GK,1,0,0,0,2019-2020,Manchester City,25,35,3071,34.1,0.0,0.0,0.0,33.67,25.98,33.14,0.56,0.0,0.0,33.67,0.0,0.0,,0.0,,23.46,106.16,73.93,0.0,0.0,0.0,0.03,0.0,19.56,0.0
John Egan,IRL,DF,0,1,0,0,2019-2020,Sheffield Utd,26,36,3187,35.4,0.08,0.01,0.09,47.51,6.44,23.81,22.09,1.84,1.41,47.51,0.06,0.03,1.41,0.03,1.41,19.44,98.73,55.31,0.17,0.03,0.0,0.4,0.0,23.19,0.14
Harvey Elliott,ENG,DF,0,1,0,0,2019-2020,Liverpool,16,0,8,0.1,0.0,0.0,0.0,160.0,0.0,0.0,60.0,100.0,0.0,160.0,20.0,10.0,500.0,10.0,500.0,110.0,400.0,170.0,0.0,0.0,0.0,0.0,0.0,110.0,10.0
Ahmed Elmohamady,EGY,DF,0,1,0,0,2019-2020,Aston Villa,31,11,1031,11.5,0.02,0.24,0.26,65.48,4.26,18.35,28.78,18.78,1.22,65.48,0.96,0.61,5.53,0.35,3.17,33.57,171.3,109.83,3.39,2.61,0.35,0.78,0.17,38.09,3.22
Björn Engels,BEL,DF,0,1,0,0,2019-2020,Aston Villa,24,15,1447,16.1,0.06,0.02,0.08,50.87,9.38,29.38,19.69,1.86,0.87,50.87,0.06,0.06,6.21,0.0,0.0,26.46,152.67,98.51,0.31,0.25,0.06,0.43,0.12,29.94,0.12
Christian Eriksen,DEN,"MF,FW",0,0,1,1,2019-2020,Tottenham,27,10,1097,12.2,0.15,0.16,0.31,72.21,1.23,10.08,36.72,26.48,1.31,72.21,0.16,0.0,0.0,0.16,8.2,42.54,182.7,94.92,2.3,1.8,0.49,1.89,1.15,47.46,2.62
Jonny Evans,NIR,DF,0,1,0,0,2019-2020,Leicester City,31,38,3383,37.6,0.1,0.02,0.12,77.1,9.04,38.38,36.2,2.82,1.25,77.1,0.21,0.16,1.99,0.05,0.66,48.14,228.27,132.21,0.82,0.35,0.0,0.32,0.08,51.22,0.11
Łukasz Fabiański,POL,GK,1,0,0,0,2019-2020,West Ham,34,25,2117,23.5,0.0,0.0,0.0,30.64,26.89,30.51,0.13,0.0,0.0,30.64,0.04,0.04,4.26,0.0,0.0,15.57,105.45,68.34,0.0,0.0,0.0,0.04,0.0,9.28,0.0
Fabinho,BRA,MF,0,0,1,0,2019-2020,Liverpool,25,22,2079,23.1,0.02,0.07,0.09,77.19,1.73,15.15,49.65,12.77,0.43,77.19,0.52,0.39,3.25,0.13,1.08,49.22,217.01,100.56,0.82,1.0,0.0,0.65,0.35,54.37,1.0
Ralf Fährmann,GER,GK,1,0,0,0,2019-2020,Norwich City,30,1,21,0.2,0.0,0.0,0.0,60.0,60.0,60.0,0.0,0.0,0.0,60.0,0.0,0.0,,0.0,,25.0,95.0,75.0,0.0,0.0,0.0,0.0,0.0,20.0,0.0
Akin Famewo,ENG,MF,0,0,1,0,2019-2020,Norwich City,20,0,1,0.0,0.0,0.0,0.0,,,,,,,,,,,,,,,,,,,,,,
Kiko Femenía,ESP,DF,0,1,0,0,2019-2020,Watford,28,26,2237,24.9,0.01,0.06,0.06,60.64,2.21,16.91,27.35,17.15,0.68,60.64,1.29,0.76,2.39,0.52,1.63,29.84,150.76,80.04,1.97,1.45,0.16,0.84,0.44,30.28,3.25
Bruno Fernandes,POR,MF,0,0,1,0,2019-2020,Manchester Utd,24,14,1186,13.2,0.47,0.19,0.66,76.21,1.36,7.42,33.18,36.29,2.95,75.91,1.59,1.14,5.41,0.45,2.17,41.97,197.73,112.65,2.58,2.42,0.53,2.2,0.98,55.83,6.97
Gedson Fernandes,POR,"MF,DF",0,1,1,0,2019-2020,Tottenham,20,0,68,0.8,0.03,0.13,0.16,88.75,1.25,6.25,33.75,48.75,6.25,88.75,10.0,2.5,31.25,7.5,93.75,57.5,398.75,228.75,11.25,3.75,1.25,2.5,0.0,57.5,18.75
Federico Fernández,ARG,DF,0,1,0,0,2019-2020,Newcastle Utd,30,29,2620,29.1,0.05,0.04,0.09,55.46,8.73,32.37,18.42,5.15,0.82,55.46,0.55,0.34,2.15,0.21,1.29,28.56,120.48,48.83,0.14,0.45,0.03,0.72,0.1,29.55,0.45
Fernandinho,BRA,DF,0,1,0,0,2019-2020,Manchester City,34,26,2397,26.6,0.04,0.01,0.05,93.68,7.44,33.65,56.13,4.25,0.83,93.68,0.49,0.49,3.76,0.0,0.0,69.74,414.66,280.0,1.92,1.02,0.0,0.53,0.23,70.68,0.26
Roberto Firmino,BRA,FW,0,0,0,1,2019-2020,Liverpool,27,34,2988,33.2,0.42,0.2,0.62,46.93,0.48,3.1,20.99,23.34,6.36,46.93,2.71,1.57,1.74,1.14,1.27,32.59,165.15,79.7,2.71,1.87,1.05,2.77,1.17,36.23,6.57
John Fleck,SCO,MF,0,0,1,0,2019-2020,Sheffield Utd,27,28,2516,28.0,0.11,0.12,0.23,50.5,1.29,7.32,21.71,22.11,1.32,50.5,2.14,1.57,2.62,0.57,0.95,21.68,117.36,62.61,1.71,1.54,0.46,1.61,0.61,30.93,3.21
Phil Foden,ENG,"FW,MF",0,0,1,1,2019-2020,Manchester City,19,9,901,10.0,0.33,0.12,0.45,62.8,0.2,5.1,24.2,34.6,6.0,62.8,3.0,2.5,8.33,0.5,1.67,45.4,219.8,115.7,3.6,2.9,1.3,1.9,1.5,52.4,10.2
Pablo Fornals,ESP,"MF,FW",0,0,1,1,2019-2020,West Ham,23,24,2172,24.1,0.1,0.1,0.2,48.09,0.58,7.01,21.66,20.21,1.87,48.09,1.37,0.62,1.89,0.75,2.26,28.51,140.12,65.31,1.87,1.29,0.41,1.66,1.08,32.49,6.47
Ben Foster,ENG,GK,1,0,0,0,2019-2020,Watford,36,38,3420,38.0,0.0,0.0,0.0,34.74,26.26,33.82,0.89,0.03,0.03,34.74,0.05,0.05,2.63,0.0,0.0,16.39,128.71,91.18,0.0,0.0,0.0,0.0,0.0,10.16,0.0
Timothy Fosu-Mensah,NED,DF,0,1,0,0,2019-2020,Manchester Utd,21,2,136,1.5,0.05,0.07,0.11,56.0,1.33,12.0,32.0,12.67,1.33,56.0,1.33,0.67,33.33,0.67,33.33,28.0,102.67,52.67,2.67,0.0,0.67,1.33,0.0,37.33,7.33
Dimitri Foulquier,FRA,"DF,MF",0,1,1,0,2019-2020,Watford,26,1,59,0.7,0.0,0.0,0.0,30.0,2.86,11.43,12.86,8.57,0.0,30.0,2.86,2.86,142.86,0.0,0.0,12.86,124.29,104.29,4.29,1.43,0.0,2.86,0.0,12.86,1.43
Juan Foyth,ARG,DF,0,1,0,0,2019-2020,Tottenham,21,1,68,0.8,0.0,0.04,0.04,100.0,10.0,33.75,56.25,10.0,0.0,100.0,5.0,2.5,62.5,2.5,62.5,56.25,226.25,102.5,0.0,0.0,0.0,1.25,1.25,53.75,0.0
Simon Francis,ENG,DF,0,1,0,0,2019-2020,Bournemouth,34,10,969,10.8,0.01,0.02,0.03,65.83,9.54,34.54,24.91,6.76,1.11,65.83,0.65,0.37,5.29,0.28,3.97,37.69,160.56,74.26,0.46,0.37,0.0,0.37,0.19,35.83,1.48
Ryan Fraser,SCO,"MF,FW",0,0,1,1,2019-2020,Bournemouth,25,21,2067,23.0,0.16,0.17,0.33,49.09,0.96,7.43,17.43,24.91,2.52,49.09,1.04,0.52,2.17,0.52,2.17,34.78,205.74,115.04,4.3,2.74,1.04,1.22,0.83,34.17,7.13
Fred,BRA,MF,0,0,1,0,2019-2020,Manchester Utd,26,23,2163,24.0,0.07,0.09,0.16,85.79,2.54,18.04,48.75,19.92,0.83,85.79,2.21,1.67,3.15,0.54,1.02,48.08,237.83,120.96,1.17,1.75,0.46,1.88,1.08,58.12,1.62
Ryan Fredericks,ENG,DF,0,1,0,0,2019-2020,West Ham,26,25,2237,24.9,0.01,0.1,0.11,56.06,3.69,18.39,22.93,15.14,1.12,56.06,1.24,0.44,1.43,0.8,2.59,25.58,141.29,79.2,2.53,2.05,0.56,0.8,0.48,28.31,4.42
Kieron Freeman,WAL,FW,0,0,0,1,2019-2020,Sheffield Utd,27,0,7,0.1,0.0,0.0,0.0,20.0,0.0,0.0,0.0,20.0,0.0,20.0,0.0,0.0,,0.0,,10.0,30.0,20.0,0.0,0.0,0.0,0.0,0.0,10.0,0.0
Luke Freeman,ENG,MF,0,0,1,0,2019-2020,Sheffield Utd,27,3,366,4.1,0.02,0.04,0.06,49.27,1.46,6.59,17.56,26.34,0.98,49.27,2.93,1.95,16.27,0.98,8.12,28.54,162.44,84.63,3.41,2.68,0.24,2.68,3.17,31.22,5.61
Christian Fuchs,AUT,DF,0,1,0,0,2019-2020,Leicester City,33,8,772,8.6,0.03,0.01,0.04,87.56,3.37,31.98,43.6,12.33,0.12,87.56,0.58,0.23,4.65,0.35,6.98,45.47,159.88,79.19,0.93,1.16,0.12,1.28,0.23,55.35,2.09
Eric García,ESP,DF,0,1,0,0,2019-2020,Manchester City,18,8,793,8.8,0.06,0.02,0.08,91.02,5.8,35.23,54.09,2.05,0.34,91.02,0.91,0.68,8.52,0.23,2.84,69.77,310.8,175.0,0.8,0.34,0.0,0.11,0.0,73.75,0.0
James Garner,ENG,MF,0,0,1,0,2019-2020,Manchester Utd,18,0,9,0.1,0.0,0.0,0.0,150.0,10.0,10.0,120.0,30.0,0.0,150.0,0.0,0.0,,0.0,,70.0,280.0,90.0,0.0,10.0,0.0,0.0,0.0,130.0,0.0
Dwight Gayle,ENG,FW,0,0,0,1,2019-2020,Newcastle Utd,28,10,850,9.4,0.46,0.09,0.54,25.11,0.96,2.55,12.55,10.11,3.19,25.11,0.32,0.21,7.1,0.11,3.54,13.3,54.26,22.23,0.74,0.32,0.11,2.13,1.17,16.6,4.57
Paulo Gazzaniga,ARG,GK,1,0,0,0,2019-2020,Tottenham,27,17,1613,17.9,0.0,0.02,0.02,31.34,28.38,31.23,0.11,0.0,0.0,31.34,0.0,0.0,,0.0,,16.59,75.75,50.5,0.0,0.0,0.0,0.0,0.0,12.96,0.0
Jean-Philippe Gbamin,CIV,MF,0,0,1,0,2019-2020,Everton,23,1,136,1.5,0.0,0.0,0.0,58.0,4.67,12.67,38.0,8.0,0.0,58.0,2.0,1.33,44.47,0.67,22.2,36.0,142.0,46.0,0.0,0.67,0.0,1.33,2.67,37.33,2.0
David de Gea,ESP,GK,1,0,0,0,2019-2020,Manchester Utd,28,38,3420,38.0,0.0,0.0,0.0,26.32,24.13,26.26,0.08,0.0,0.0,26.32,0.0,0.0,,0.0,,11.68,60.26,37.34,0.0,0.0,0.0,0.03,0.0,9.74,0.0
Anwar El Ghazi,NED,"FW,MF",0,0,1,1,2019-2020,Aston Villa,24,26,2051,22.8,0.27,0.12,0.39,36.84,0.92,4.87,12.11,20.44,2.81,36.8,2.28,1.27,2.45,1.01,1.94,21.97,143.29,71.62,2.85,2.5,0.35,2.37,1.54,26.49,6.8
Morgan Gibbs-White,ENG,"MF,FW",0,0,1,1,2019-2020,Wolves,19,1,129,1.4,0.06,0.07,0.13,67.14,0.71,5.71,34.29,27.86,2.86,67.14,2.14,0.71,23.79,1.43,47.64,41.43,214.29,83.57,3.57,0.0,0.71,5.0,0.0,55.71,7.86
Billy Gilmour,SCO,MF,0,0,1,0,2019-2020,Chelsea,18,2,194,2.2,0.01,0.06,0.07,89.09,1.82,22.73,54.09,13.18,0.91,89.09,2.27,0.91,18.18,1.36,27.27,48.18,280.0,104.55,1.82,0.45,0.0,1.36,1.36,68.64,1.36
Olivier Giroud,FRA,FW,0,0,0,1,2019-2020,Chelsea,32,12,993,11.0,0.66,0.08,0.74,37.82,1.36,2.36,20.27,15.27,5.91,37.82,0.36,0.27,6.82,0.09,2.27,16.27,43.64,20.36,0.55,0.64,0.18,1.36,0.73,27.91,5.36
Ben Godfrey,ENG,DF,0,1,0,0,2019-2020,Norwich City,21,30,2644,29.4,0.02,0.0,0.03,67.14,12.41,42.24,23.37,2.21,0.41,67.14,0.41,0.27,2.27,0.14,1.13,44.52,226.56,123.1,0.78,0.65,0.2,0.44,0.14,46.33,0.07
André Gomes,POR,MF,0,0,1,0,2019-2020,Everton,26,17,1458,16.2,0.01,0.07,0.08,60.74,1.91,13.4,38.95,9.14,0.68,60.74,2.16,1.54,4.41,0.62,1.77,38.27,169.2,71.54,0.62,1.05,0.06,1.23,1.42,43.21,0.99
Angel Gomes,ENG,MF,0,0,1,0,2019-2020,Manchester Utd,18,0,21,0.2,0.0,0.59,0.59,80.0,0.0,5.0,50.0,25.0,5.0,80.0,0.0,0.0,,0.0,,60.0,365.0,215.0,10.0,10.0,5.0,5.0,0.0,75.0,10.0
Joe Gomez,ENG,DF,0,1,0,0,2019-2020,Liverpool,22,22,2004,22.3,0.0,0.01,0.01,97.98,6.14,34.71,60.72,2.87,0.04,97.98,0.49,0.36,3.26,0.13,1.22,71.35,325.43,188.7,0.76,0.63,0.04,0.63,0.13,71.97,0.49
Anthony Gordon,ENG,"MF,FW",0,0,1,1,2019-2020,Everton,18,4,440,4.9,0.06,0.08,0.14,38.98,0.41,7.14,18.57,14.08,1.43,38.98,3.27,2.24,14.04,1.02,6.39,23.88,166.12,77.96,2.65,2.65,0.41,2.24,1.63,25.71,5.31
Dan Gosling,ENG,MF,0,0,1,0,2019-2020,Bournemouth,29,14,1264,14.0,0.21,0.08,0.28,51.5,3.0,14.07,26.21,11.43,2.29,51.5,1.0,0.29,2.04,0.71,5.1,29.57,116.64,43.93,0.71,0.71,0.29,2.14,1.5,31.57,2.57
Andre Gray,JAM,FW,0,0,0,1,2019-2020,Watford,28,7,755,8.4,0.29,0.21,0.5,27.98,0.48,1.19,9.88,17.26,4.64,27.98,1.31,0.71,6.49,0.6,5.42,17.5,69.17,22.62,0.71,0.71,0.36,3.69,1.67,20.6,7.62
Demarai Gray,JAM,"MF,FW",0,0,1,1,2019-2020,Leicester City,23,3,622,6.9,0.4,0.3,0.7,63.62,0.43,5.36,24.93,34.2,5.51,63.48,3.62,1.45,5.8,2.17,8.7,45.22,342.17,151.88,5.8,3.91,2.46,2.9,2.75,46.96,11.3
Jack Grealish,ENG,"FW,MF",0,0,1,1,2019-2020,Aston Villa,23,36,3233,35.9,0.19,0.21,0.4,53.84,1.2,7.94,20.97,26.16,3.62,53.82,3.26,2.03,1.74,1.23,1.05,38.47,329.69,168.91,5.91,3.54,2.01,1.98,1.64,40.06,5.82
Mason Greenwood,ENG,FW,0,0,0,1,2019-2020,Manchester Utd,17,12,1320,14.7,0.2,0.07,0.27,43.06,0.61,4.42,18.37,20.95,3.95,43.06,2.18,1.43,4.46,0.75,2.34,26.73,146.67,74.49,2.18,1.36,1.16,1.7,1.02,34.49,7.89
Pascal Groß,GER,"MF,FW",0,0,1,1,2019-2020,Brighton,28,22,1796,20.0,0.08,0.26,0.34,62.2,0.8,5.6,27.3,29.5,2.4,62.2,0.7,0.3,2.14,0.4,2.86,30.05,142.8,64.0,1.8,1.7,0.4,1.75,1.0,42.35,9.9
Vicente Guaita,ESP,GK,1,0,0,0,2019-2020,Crystal Palace,32,35,3150,35.0,0.0,0.0,0.0,32.6,28.4,32.54,0.09,0.0,0.0,32.6,0.0,0.0,,0.0,,15.37,97.23,78.26,0.0,0.0,0.0,0.0,0.0,12.34,0.0
Mattéo Guendouzi,FRA,MF,0,0,1,0,2019-2020,Arsenal,20,19,1748,19.4,0.04,0.06,0.1,71.39,3.61,18.09,40.46,13.92,0.93,71.39,2.22,1.24,2.88,0.98,2.28,44.54,300.26,162.73,2.58,1.96,0.52,1.03,1.08,52.22,1.39
Frederic Guilbert,FRA,"DF,MF",0,1,1,0,2019-2020,Aston Villa,24,22,2041,22.7,0.02,0.07,0.08,61.01,4.63,19.52,26.12,15.9,0.44,61.01,2.11,1.01,2.11,1.1,2.3,22.82,135.15,77.62,2.47,1.85,0.04,1.32,0.62,28.02,4.23
İlkay Gündoğan,GER,MF,0,0,1,0,2019-2020,Manchester City,28,21,2020,22.4,0.18,0.1,0.27,96.38,2.46,12.86,59.15,25.09,1.83,96.29,1.07,0.8,3.35,0.27,1.12,67.72,287.37,134.02,1.74,2.81,0.22,0.67,0.49,78.04,2.5
Angus Gunn,SCO,GK,1,0,0,0,2019-2020,Southampton,23,10,900,10.0,0.0,0.0,0.0,27.7,22.1,27.6,0.1,0.0,0.0,27.7,0.0,0.0,,0.0,,12.1,96.6,70.3,0.0,0.0,0.0,0.0,0.0,8.3,0.0
Sébastien Haller,CIV,FW,0,0,0,1,2019-2020,West Ham,25,24,2266,25.2,0.32,0.1,0.42,41.98,1.35,3.49,22.78,15.99,4.72,41.98,1.59,0.95,2.38,0.6,1.49,19.44,81.35,31.15,0.67,0.83,0.16,2.38,1.39,32.3,5.56
Grant Hanley,SCO,DF,0,1,0,0,2019-2020,Norwich City,27,14,1262,14.0,0.04,0.0,0.04,60.64,9.57,37.29,22.57,1.0,0.71,60.64,0.21,0.14,4.76,0.07,2.38,34.64,153.79,72.14,0.0,0.14,0.0,0.36,0.14,36.79,0.0
Kortney Hause,ENG,DF,0,1,0,0,2019-2020,Aston Villa,24,17,1545,17.2,0.14,0.03,0.17,61.51,9.48,32.21,26.92,2.67,1.57,61.51,0.76,0.52,4.02,0.23,1.79,30.23,175.29,96.22,0.47,0.23,0.0,0.76,0.41,32.5,0.23
Isaac Hayden,ENG,MF,0,0,1,0,2019-2020,Newcastle Utd,24,26,2223,24.7,0.05,0.09,0.14,44.94,2.02,11.13,25.02,9.27,1.17,44.94,1.74,1.09,2.54,0.65,1.51,21.54,85.75,32.11,0.97,0.73,0.24,1.13,0.69,24.82,1.21
Tom Heaton,ENG,GK,1,0,0,0,2019-2020,Aston Villa,33,20,1794,19.9,0.0,0.0,0.0,34.22,29.6,33.57,0.6,0.05,0.0,34.22,0.0,0.0,,0.0,,13.02,93.52,69.15,0.0,0.0,0.0,0.1,0.0,10.2,0.0
Dean Henderson,ENG,GK,1,0,0,0,2019-2020,Sheffield Utd,22,36,3240,36.0,0.0,0.0,0.0,31.11,26.33,30.81,0.28,0.03,0.03,31.11,0.0,0.0,,0.0,,15.11,123.42,75.72,0.0,0.0,0.0,0.06,0.0,10.08,0.0
Jordan Henderson,ENG,MF,0,0,1,0,2019-2020,Liverpool,29,26,2238,24.9,0.04,0.13,0.17,86.1,1.16,11.61,55.86,19.32,1.73,86.1,1.12,0.68,2.44,0.44,1.58,59.4,262.89,129.84,2.05,2.05,0.2,1.0,0.24,63.45,3.09
Jeff Hendrick,IRL,MF,0,0,1,0,2019-2020,Burnley,27,22,1931,21.5,0.08,0.07,0.16,37.21,1.58,6.65,19.16,11.81,1.67,37.21,2.19,1.02,2.18,1.16,2.47,19.4,96.7,39.26,1.12,0.88,0.37,1.81,1.35,21.49,2.84
Wayne Hennessey,WAL,GK,1,0,0,0,2019-2020,Crystal Palace,32,3,270,3.0,0.0,0.0,0.0,39.33,35.0,39.0,0.33,0.0,0.0,39.33,0.0,0.0,,0.0,,13.67,79.33,58.67,0.0,0.0,0.0,0.0,0.0,12.0,0.0
Javier Hernández,MEX,FW,0,0,0,1,2019-2020,West Ham,31,1,107,1.2,0.82,0.0,0.82,21.67,0.0,0.83,11.67,9.17,3.33,21.67,0.0,0.0,,0.0,,11.67,31.67,5.83,0.0,0.0,0.0,0.83,0.83,14.17,3.33
Onel Hernández,CUB,"FW,MF",0,0,1,1,2019-2020,Norwich City,26,14,1384,15.4,0.15,0.06,0.21,36.36,1.04,6.1,12.01,19.42,4.61,36.36,4.94,2.73,3.59,2.21,2.9,25.32,205.19,112.66,4.68,1.62,2.4,2.53,2.34,23.12,8.05
Son Heung-min,KOR,FW,0,0,0,1,2019-2020,Tottenham,27,28,2476,27.5,0.32,0.23,0.56,44.73,0.91,5.24,16.8,23.31,4.98,44.69,3.89,2.25,2.11,1.64,1.53,30.29,190.76,92.73,3.27,1.78,2.04,2.4,2.07,31.02,7.82
George Hirst,SCO,"MF,DF",0,1,1,0,2019-2020,Leicester City,20,0,11,0.1,1.21,0.0,1.21,120.0,0.0,0.0,50.0,70.0,20.0,120.0,10.0,0.0,0.0,10.0,1000.0,80.0,260.0,110.0,0.0,0.0,0.0,10.0,0.0,100.0,10.0
Rob Holding,ENG,DF,0,1,0,0,2019-2020,Arsenal,23,6,581,6.5,0.03,0.0,0.03,67.69,11.23,37.23,29.08,1.54,0.92,67.69,0.62,0.31,7.69,0.31,7.69,44.92,203.08,108.77,0.46,0.31,0.0,0.62,0.31,47.69,0.15
José Holebas,GRE,DF,0,1,0,0,2019-2020,Watford,35,11,1025,11.4,0.03,0.06,0.09,64.12,3.51,15.44,30.26,18.86,0.44,64.12,1.4,0.61,3.84,0.79,4.94,26.67,121.58,67.54,2.02,1.49,0.26,0.44,0.44,29.91,2.37
Mason Holgate,ENG,DF,0,1,0,0,2019-2020,Everton,22,24,2054,22.8,0.08,0.03,0.1,57.85,7.41,30.96,25.31,1.97,0.7,57.85,0.53,0.44,3.65,0.09,0.73,33.64,192.41,110.61,0.79,0.53,0.04,0.35,0.26,34.65,0.18
Nathan Holland,ENG,MF,0,0,1,0,2019-2020,West Ham,21,0,33,0.4,0.06,0.0,0.06,52.5,0.0,7.5,10.0,35.0,2.5,52.5,7.5,7.5,250.0,0.0,0.0,42.5,222.5,105.0,2.5,5.0,2.5,7.5,2.5,45.0,15.0
Conor Hourihane,IRL,MF,0,0,1,0,2019-2020,Aston Villa,28,18,1534,17.0,0.1,0.35,0.45,50.76,2.35,7.35,23.71,20.06,1.59,50.76,0.41,0.24,3.36,0.18,2.52,21.47,72.0,31.47,0.53,0.65,0.06,0.65,0.47,29.0,3.35
Callum Hudson-Odoi,ENG,"FW,MF",0,0,1,1,2019-2020,Chelsea,18,7,863,9.6,0.2,0.21,0.41,63.65,0.31,4.9,19.79,39.69,5.1,63.65,5.0,2.81,5.86,2.19,4.56,46.04,319.58,172.5,6.56,2.81,2.71,3.02,1.88,51.56,12.08
Will Hughes,ENG,MF,0,0,1,0,2019-2020,Watford,24,27,2252,25.0,0.09,0.08,0.17,50.16,1.76,9.4,24.48,16.8,1.88,50.16,1.32,0.96,2.91,0.36,1.09,25.28,124.92,65.68,1.6,1.32,0.2,1.84,1.28,27.52,2.4
Pierre Højbjerg,DEN,MF,0,0,1,0,2019-2020,Southampton,23,30,2752,30.6,0.11,0.06,0.16,73.46,2.71,13.46,47.25,13.92,1.27,73.46,1.7,1.31,2.51,0.39,0.75,37.06,190.26,86.05,1.08,1.37,0.2,2.09,0.85,43.79,1.8
Jordon Ibe,ENG,DF,0,1,0,0,2019-2020,Bournemouth,23,0,50,0.6,0.0,0.0,0.0,46.67,5.0,8.33,30.0,11.67,0.0,46.67,3.33,1.67,83.33,1.67,83.33,28.33,333.33,198.33,6.67,3.33,0.0,1.67,1.67,25.0,6.67
Adam Idah,IRL,"FW,MF",0,0,1,1,2019-2020,Norwich City,18,1,228,2.5,0.4,0.02,0.41,33.2,0.4,4.0,15.2,14.0,3.2,33.2,1.6,0.0,0.0,1.6,40.0,19.2,92.0,25.6,2.0,0.4,0.4,4.0,2.0,21.2,4.4
Odion Ighalo,NGA,FW,0,0,0,1,2019-2020,Manchester Utd,30,0,101,1.1,1.68,0.07,1.75,44.55,0.91,1.82,16.36,26.36,14.55,44.55,5.45,2.73,45.45,2.73,45.45,26.36,116.36,28.18,1.82,0.91,0.91,3.64,3.64,31.82,11.82
Kelechi Iheanacho,NGA,FW,0,0,0,1,2019-2020,Leicester City,22,12,960,10.7,0.56,0.24,0.8,39.07,0.47,2.24,16.07,21.21,6.73,39.07,2.52,1.5,5.54,1.03,3.8,29.44,146.45,65.79,2.06,1.4,0.93,4.86,1.96,32.52,8.22
Danny Ings,ENG,FW,0,0,0,1,2019-2020,Southampton,27,32,2804,31.2,0.52,0.09,0.61,35.13,1.06,3.53,14.1,18.14,5.29,35.06,3.11,1.54,1.59,1.57,1.62,18.56,96.51,42.15,1.6,1.06,0.83,2.24,1.6,22.28,6.22
Alex Iwobi,NGA,"MF,FW",0,0,1,1,2019-2020,Everton,23,19,1596,17.7,0.14,0.11,0.25,44.86,0.9,6.55,19.83,19.27,2.66,44.86,2.94,1.81,3.47,1.13,2.18,30.17,187.4,101.69,3.39,3.11,0.68,1.98,0.96,30.62,4.75
Phil Jagielka,ENG,DF,0,1,0,0,2019-2020,Sheffield Utd,36,2,244,2.7,0.0,0.0,0.0,43.7,9.63,28.89,13.7,1.11,0.37,43.7,0.0,0.0,,0.0,,10.74,44.07,8.15,0.0,0.0,0.0,0.0,0.0,15.93,0.0
Alireza Jahanbakhsh,IRN,"FW,MF",0,0,1,1,2019-2020,Brighton,25,3,311,3.5,0.17,0.18,0.35,55.14,0.86,6.0,17.14,32.86,2.86,55.14,4.29,2.29,15.23,2.0,13.34,33.71,160.0,72.0,2.29,1.43,0.29,2.29,1.71,39.14,14.57
Daniel James,WAL,FW,0,0,0,1,2019-2020,Manchester Utd,21,26,2287,25.4,0.12,0.15,0.28,41.3,0.28,4.72,15.2,21.97,3.39,41.3,2.44,1.06,1.71,1.38,2.22,26.85,215.63,134.72,5.51,2.72,1.69,1.81,1.14,32.52,10.35
Matty James,ENG,MF,0,0,1,0,2019-2020,Leicester City,28,0,6,0.1,0.0,0.0,0.0,50.0,0.0,20.0,30.0,0.0,0.0,50.0,0.0,0.0,,0.0,,50.0,140.0,60.0,0.0,0.0,0.0,0.0,0.0,50.0,0.0
Reece James,ENG,DF,0,1,0,0,2019-2020,Chelsea,19,16,1515,16.8,0.04,0.16,0.21,88.1,2.44,20.0,41.43,27.56,1.07,88.1,2.5,1.79,4.25,0.71,1.7,55.12,257.8,121.43,2.56,2.02,0.18,1.01,1.31,58.93,6.85
Daryl Janmaat,NED,DF,0,1,0,0,2019-2020,Watford,30,7,607,6.7,0.04,0.07,0.11,63.58,4.63,15.67,28.21,20.15,1.19,63.58,1.04,0.75,10.66,0.3,4.27,33.88,160.75,89.55,2.24,1.94,0.3,1.34,0.3,37.46,4.48
Gabriel Jesus,BRA,FW,0,0,0,1,2019-2020,Manchester City,22,21,2030,22.6,0.81,0.14,0.95,38.58,0.31,2.39,14.12,22.52,7.57,38.54,2.65,1.99,3.32,0.66,1.11,26.64,119.07,50.75,2.43,0.97,1.28,2.12,1.46,29.87,8.98
Raúl Jiménez,MEX,FW,0,0,0,1,2019-2020,Wolves,28,37,3236,36.0,0.46,0.19,0.65,41.0,1.06,3.47,20.58,17.5,5.33,40.89,2.75,1.72,1.74,1.03,1.04,22.14,135.19,62.36,2.47,1.5,1.17,3.06,1.86,32.03,6.19
João Pedro,BRA,"FW,MF",0,0,1,1,2019-2020,Watford,17,0,25,0.3,0.18,0.0,0.18,46.67,0.0,3.33,10.0,33.33,6.67,46.67,13.33,10.0,250.0,3.33,83.33,40.0,460.0,206.67,6.67,6.67,3.33,0.0,6.67,43.33,10.0
Joelinton,BRA,FW,0,0,0,1,2019-2020,Newcastle Utd,22,32,2683,29.8,0.18,0.1,0.28,41.44,1.31,3.76,23.89,14.23,3.15,41.44,2.68,1.38,1.72,1.31,1.64,23.46,123.83,49.87,1.58,1.24,0.87,4.5,2.01,29.36,4.46
Ben Johnson,ENG,DF,0,1,0,0,2019-2020,West Ham,19,3,270,3.0,0.0,0.02,0.02,65.0,4.67,23.67,27.33,14.0,0.0,65.0,0.33,0.33,33.33,0.0,0.0,33.0,139.33,53.33,2.33,0.67,0.0,1.0,0.33,35.33,2.67
Curtis Jones,ENG,MF,0,0,1,0,2019-2020,Liverpool,18,1,126,1.4,0.32,0.0,0.32,100.0,0.0,14.29,50.71,35.71,5.0,100.0,2.86,2.14,53.57,0.71,17.86,72.86,324.29,165.71,2.86,3.57,0.71,1.43,2.86,79.29,5.0
Phil Jones,ENG,DF,0,1,0,0,2019-2020,Manchester Utd,27,2,135,1.5,0.09,0.0,0.09,81.33,6.0,38.0,37.33,6.67,2.0,81.33,0.67,0.67,66.67,0.0,0.0,35.33,220.67,148.0,1.33,0.67,0.0,1.33,0.0,44.0,0.67
Bruno Jordão,POR,FW,0,0,0,1,2019-2020,Wolves,20,0,7,0.1,0.0,0.82,0.82,70.0,0.0,0.0,50.0,20.0,0.0,70.0,0.0,0.0,,0.0,,40.0,390.0,170.0,0.0,0.0,0.0,0.0,0.0,40.0,0.0
Jorginho,ITA,MF,0,0,1,0,2019-2020,Chelsea,27,27,2379,26.4,0.12,0.11,0.23,95.87,2.99,19.96,62.99,13.48,0.38,95.76,0.8,0.49,2.34,0.3,1.44,59.85,259.62,122.84,0.91,1.29,0.08,0.72,0.83,69.39,1.1
Jota,ESP,"FW,MF",0,0,1,1,2019-2020,Aston Villa,28,4,335,3.7,0.08,0.15,0.23,36.76,2.16,7.57,14.32,15.68,2.16,36.76,2.16,1.89,23.65,0.27,3.38,26.49,201.62,102.43,2.7,2.7,0.54,1.89,3.51,25.68,6.22
Diogo Jota,POR,FW,0,0,0,1,2019-2020,Wolves,22,27,2284,25.4,0.45,0.11,0.56,49.45,0.35,4.17,23.19,23.31,5.75,49.45,5.24,2.6,1.95,2.64,1.98,30.91,243.35,140.51,5.16,3.66,2.01,3.15,2.24,37.91,7.87
James Justin,ENG,"DF,MF",0,1,1,0,2019-2020,Leicester City,21,11,1012,11.2,0.03,0.09,0.11,85.0,2.59,20.89,43.04,21.79,1.61,85.0,1.52,0.71,4.21,0.8,4.72,48.84,216.16,114.02,2.68,2.86,0.45,1.61,1.07,55.36,5.27
Christian Kabasele,BEL,DF,0,1,0,0,2019-2020,Watford,28,26,2250,25.0,0.04,0.03,0.07,38.16,7.4,21.84,15.6,0.92,0.72,38.16,0.4,0.36,3.6,0.04,0.4,17.32,75.84,31.04,0.04,0.04,0.0,0.48,0.2,17.48,0.0
Harry Kane,ENG,FW,0,0,0,1,2019-2020,Tottenham,26,29,2587,28.7,0.43,0.11,0.55,31.08,1.32,2.58,14.88,13.94,4.08,31.01,1.92,0.98,1.77,0.94,1.71,20.07,104.25,42.13,1.6,0.84,0.8,2.37,1.11,23.87,6.06
N'Golo Kanté,FRA,MF,0,0,1,0,2019-2020,Chelsea,28,20,1732,19.2,0.07,0.08,0.15,73.23,2.55,13.75,39.74,20.73,1.67,73.23,1.98,1.25,3.29,0.73,1.92,40.57,224.69,115.94,2.14,2.55,0.16,1.72,1.51,47.4,3.28
Moise Kean,ITA,FW,0,0,0,1,2019-2020,Everton,19,6,852,9.5,0.42,0.21,0.63,28.42,0.63,2.53,11.16,15.37,5.16,28.42,5.05,2.63,5.48,2.42,5.04,21.37,143.05,58.84,2.74,1.16,1.58,3.47,2.0,20.74,6.32
Michael Keane,ENG,DF,0,1,0,0,2019-2020,Everton,26,28,2559,28.4,0.07,0.02,0.09,62.61,10.39,34.89,26.44,1.58,1.16,62.61,0.04,0.04,3.52,0.0,0.0,34.93,175.18,93.24,0.32,0.04,0.04,0.25,0.14,37.96,0.11
Naby Keïta,GUI,MF,0,0,1,0,2019-2020,Liverpool,24,9,815,9.1,0.18,0.3,0.48,87.47,0.55,8.13,53.74,27.03,2.2,87.47,2.86,2.53,9.73,0.33,1.26,59.01,321.1,185.27,3.85,4.84,0.55,1.54,0.99,66.26,3.96
Lloyd Kelly,ENG,DF,0,1,0,0,2019-2020,Bournemouth,20,7,639,7.1,0.0,0.04,0.05,41.41,5.63,20.99,13.52,7.32,0.85,41.41,0.28,0.28,14.08,0.0,0.0,19.58,93.38,46.2,0.85,0.28,0.0,0.7,0.42,18.73,1.27
Martin Kelly,ENG,DF,0,1,0,0,2019-2020,Crystal Palace,29,17,1549,17.2,0.0,0.05,0.05,51.45,5.64,23.26,23.2,5.12,0.35,51.45,0.58,0.29,2.91,0.29,2.91,19.3,81.4,42.33,0.35,0.52,0.12,0.58,0.17,25.7,0.81
Max Kilman,ENG,DF,0,1,0,0,2019-2020,Wolves,22,2,185,2.1,0.0,0.0,0.0,57.14,5.71,27.14,30.0,0.0,0.0,57.14,0.48,0.48,47.62,0.0,0.0,29.05,135.71,80.48,0.0,0.0,0.0,0.48,0.0,35.24,0.0
Joshua King,NOR,"FW,MF",0,0,1,1,2019-2020,Bournemouth,27,24,2011,22.3,0.29,0.18,0.47,36.64,0.54,3.95,15.7,17.89,3.77,36.5,4.8,2.33,2.18,2.47,2.3,24.89,186.95,78.43,2.69,2.11,1.03,3.45,2.42,26.23,6.77
Timm Klose,SUI,DF,0,1,0,0,2019-2020,Norwich City,31,7,585,6.5,0.03,0.0,0.03,71.54,9.08,42.92,27.69,1.08,0.62,71.54,0.46,0.31,10.26,0.15,5.12,42.92,203.69,108.46,0.62,0.15,0.0,0.15,0.15,48.46,0.15
Jonathan Kodjia,CIV,FW,0,0,0,1,2019-2020,Aston Villa,29,0,117,1.3,0.09,0.05,0.14,33.08,1.54,2.31,13.08,17.69,5.38,33.08,2.31,0.77,25.62,1.54,51.31,13.85,102.31,47.69,3.08,1.54,0.77,3.08,0.0,22.31,7.69
Sead Kolašinac,BIH,DF,0,1,0,0,2019-2020,Arsenal,26,19,1701,18.9,0.02,0.07,0.09,63.6,3.23,19.1,30.16,14.87,1.53,63.6,1.11,0.85,4.03,0.26,1.26,33.39,172.12,106.67,1.9,1.75,0.58,1.11,0.58,39.95,4.66
Ezri Konsa,ENG,DF,0,1,0,0,2019-2020,Aston Villa,21,24,2039,22.7,0.06,0.04,0.11,48.19,5.11,21.54,22.78,4.41,0.93,48.19,0.44,0.31,3.08,0.13,1.32,23.04,100.22,54.63,0.35,0.4,0.0,0.35,0.22,25.77,0.57
Cheikhou Kouyaté,SEN,"MF,DF",0,1,1,0,2019-2020,Crystal Palace,29,29,2528,28.1,0.1,0.03,0.13,43.74,3.02,14.09,21.1,8.97,1.89,43.74,1.1,0.6,1.95,0.5,1.61,18.97,92.17,39.86,0.43,0.68,0.04,1.57,0.89,24.09,1.96
Mateo Kovačić,CRO,MF,0,0,1,0,2019-2020,Chelsea,25,23,2073,23.0,0.04,0.08,0.12,91.61,1.3,15.61,58.61,18.52,0.61,91.61,3.91,3.35,3.72,0.57,0.63,66.0,387.43,179.78,3.13,2.48,0.22,1.3,1.17,72.65,1.35
Emil Krafth,SWE,DF,0,1,0,0,2019-2020,Newcastle Utd,24,11,1020,11.3,0.03,0.06,0.08,46.99,4.69,19.73,19.56,8.14,0.8,46.99,0.53,0.35,5.9,0.18,2.95,19.38,89.73,52.92,0.97,0.97,0.09,0.71,0.27,24.6,1.77
Tim Krul,NED,GK,1,0,0,0,2019-2020,Norwich City,31,36,3240,36.0,0.0,0.0,0.0,46.58,37.83,45.75,0.86,0.0,0.0,46.58,0.03,0.0,0.0,0.03,2.78,26.17,138.81,90.97,0.0,0.0,0.0,0.03,0.03,23.33,0.0
Alexandre Lacazette,FRA,FW,0,0,0,1,2019-2020,Arsenal,28,22,1874,20.8,0.39,0.14,0.53,36.59,1.01,4.38,15.96,16.68,4.86,36.59,2.26,1.15,2.46,1.11,2.35,20.82,97.55,39.71,1.01,0.43,0.24,2.6,1.78,26.2,6.59
Adam Lallana,ENG,"MF,FW",0,0,1,1,2019-2020,Liverpool,31,3,382,4.2,0.18,0.14,0.31,80.95,1.67,11.67,42.62,27.62,3.1,80.95,1.19,0.48,9.52,0.71,14.29,52.14,195.24,93.33,2.14,2.62,0.24,3.1,1.19,55.71,4.05
Érik Lamela,ARG,"MF,FW",0,0,1,1,2019-2020,Tottenham,27,12,1215,13.5,0.22,0.08,0.3,55.56,1.26,6.3,24.52,25.93,2.15,55.56,3.26,2.22,5.05,1.04,2.36,39.85,247.7,119.41,3.78,3.78,0.89,1.93,3.11,39.78,6.22
Tariq Lamptey,GHA,DF,0,1,0,0,2019-2020,Chelsea,18,0,32,0.4,0.0,0.18,0.18,45.0,0.0,10.0,12.5,22.5,2.5,45.0,2.5,0.0,0.0,2.5,250.0,17.5,125.0,42.5,2.5,5.0,0.0,0.0,0.0,12.5,2.5
Tariq Lamptey,GHA,DF,0,1,0,0,2019-2020,Brighton,18,7,588,6.5,0.01,0.15,0.16,49.54,3.08,16.15,19.85,14.31,1.38,49.54,3.38,2.31,10.49,1.08,4.89,26.31,173.54,92.46,2.62,1.54,1.08,2.0,1.08,26.62,4.92
Henri Lansbury,ENG,MF,0,0,1,0,2019-2020,Aston Villa,28,2,195,2.2,0.04,0.03,0.07,49.55,1.36,11.36,26.36,12.27,1.82,49.55,0.0,0.0,,0.0,,20.45,73.18,21.82,0.0,0.45,0.0,3.18,0.0,27.27,0.91
Manuel Lanzini,ARG,"MF,FW",0,0,1,1,2019-2020,West Ham,26,14,1379,15.3,0.14,0.15,0.29,60.98,0.65,6.08,35.29,20.52,2.03,60.98,3.14,2.16,4.5,0.98,2.05,39.15,236.08,108.56,3.01,2.29,0.59,1.96,1.05,45.69,3.86
Aymeric Laporte,ESP,DF,0,1,0,0,2019-2020,Manchester City,25,14,1097,12.2,0.04,0.01,0.05,100.66,6.56,35.41,62.7,2.87,0.66,100.66,0.25,0.16,5.47,0.08,2.73,77.54,446.72,311.64,1.89,1.48,0.0,0.08,0.08,80.16,0.25
Jamaal Lascelles,ENG,DF,0,1,0,0,2019-2020,Newcastle Utd,25,24,2076,23.1,0.02,0.01,0.03,46.58,8.14,28.66,16.71,1.43,0.78,46.58,0.26,0.17,2.89,0.09,1.44,22.94,100.04,36.28,0.13,0.22,0.0,0.26,0.17,23.94,0.04
Valentino Lazaro,AUT,"DF,MF",0,1,1,0,2019-2020,Newcastle Utd,23,4,480,5.3,0.07,0.04,0.11,45.66,3.02,17.17,16.6,12.08,1.13,45.66,2.45,1.51,11.6,0.94,7.26,26.79,120.57,65.85,1.32,0.75,0.38,0.75,1.13,26.6,2.64
Moritz Leitner,GER,MF,0,0,1,0,2019-2020,Norwich City,26,7,685,7.6,0.04,0.04,0.08,88.68,1.84,19.47,50.92,19.08,1.45,88.68,1.18,0.92,10.24,0.26,2.92,62.11,334.61,174.61,2.24,2.37,0.13,1.97,0.92,66.84,3.03
Florian Lejeune,FRA,DF,0,1,0,0,2019-2020,Newcastle Utd,28,4,442,4.9,0.24,0.01,0.25,54.49,4.29,27.96,24.08,2.65,1.02,54.49,1.02,0.82,16.33,0.2,4.08,25.92,109.8,40.2,0.2,0.61,0.0,0.61,0.41,24.69,0.0
Aaron Lennon,ENG,MF,0,0,1,0,2019-2020,Burnley,32,4,496,5.5,0.01,0.03,0.03,33.09,2.18,5.82,14.0,13.27,0.91,33.09,1.45,0.55,6.82,0.91,11.36,17.64,108.91,52.0,2.0,1.45,0.73,1.27,0.73,18.55,3.27
Bernd Leno,GER,GK,1,0,0,0,2019-2020,Arsenal,27,30,2649,29.4,0.0,0.0,0.0,36.09,32.31,35.88,0.2,0.0,0.0,36.09,0.03,0.03,3.4,0.0,0.0,18.47,105.27,72.59,0.0,0.0,0.0,0.03,0.0,14.86,0.0
Jefferson Lerma,COL,MF,0,0,1,0,2019-2020,Bournemouth,24,31,2703,30.0,0.04,0.05,0.09,57.73,3.83,16.57,33.7,8.03,0.47,57.73,1.23,0.87,2.34,0.37,0.99,33.57,134.7,53.93,0.53,0.57,0.0,0.97,0.6,31.83,0.43
Jamal Lewis,NIR,DF,0,1,0,0,2019-2020,Norwich City,21,25,2304,25.6,0.01,0.04,0.05,63.52,4.57,24.92,24.92,13.95,0.9,63.52,2.54,1.33,2.04,1.21,1.86,36.37,232.03,133.52,3.91,2.54,0.47,1.41,0.82,36.6,4.14
Victor Lindelöf,SWE,DF,0,1,0,0,2019-2020,Manchester Utd,25,35,3092,34.4,0.01,0.01,0.02,69.16,8.37,35.87,31.57,1.89,0.32,69.16,0.15,0.12,2.33,0.03,0.58,40.0,224.71,129.59,0.47,0.49,0.0,0.38,0.12,46.37,0.09
Jesse Lingard,ENG,"MF,FW",0,0,1,1,2019-2020,Manchester Utd,26,9,935,10.4,0.18,0.09,0.28,48.85,0.48,2.88,23.94,22.5,3.08,48.85,2.21,1.25,5.43,0.96,4.18,27.31,151.63,78.65,2.69,2.21,0.38,2.4,1.06,38.94,7.02
Hugo Lloris,FRA,GK,1,0,0,0,2019-2020,Tottenham,32,21,1807,20.1,0.0,0.0,0.0,30.9,29.1,30.9,0.0,0.0,0.0,30.9,0.0,0.0,,0.0,,15.92,94.43,64.98,0.0,0.0,0.0,0.0,0.05,10.9,0.0
Giovani Lo Celso,ARG,"MF,FW",0,0,1,1,2019-2020,Tottenham,23,15,1492,16.6,0.08,0.1,0.18,76.27,1.39,10.3,41.63,25.6,1.63,76.27,3.07,1.93,3.78,1.14,2.25,52.71,335.36,171.51,3.73,3.31,0.36,2.53,1.87,52.05,3.01
Jürgen Locadia,CUW,"FW,MF",0,0,1,1,2019-2020,Brighton,25,1,86,1.0,0.27,0.0,0.27,29.0,0.0,1.0,15.0,13.0,4.0,29.0,1.0,1.0,100.0,0.0,0.0,12.0,44.0,19.0,1.0,0.0,1.0,5.0,2.0,22.0,6.0
Ruben Loftus-Cheek,ENG,"MF,FW",0,0,1,1,2019-2020,Chelsea,23,2,208,2.3,0.21,0.18,0.39,65.22,2.17,7.39,35.22,22.61,4.78,65.22,1.74,1.74,43.48,0.0,0.0,40.87,213.48,110.0,1.74,3.48,0.43,0.87,1.74,52.17,4.78
Kevin Long,IRL,DF,0,1,0,0,2019-2020,Burnley,28,6,564,6.3,0.03,0.0,0.03,40.79,4.76,23.49,17.14,0.48,0.48,40.79,0.16,0.16,15.87,0.0,0.0,18.1,66.67,18.57,0.0,0.0,0.0,0.16,0.0,19.37,0.0
Shane Long,IRL,FW,0,0,0,1,2019-2020,Southampton,32,15,1395,15.5,0.31,0.15,0.46,38.52,0.97,2.71,16.52,19.42,4.32,38.52,0.84,0.39,2.98,0.45,3.47,17.42,78.32,29.23,1.48,0.77,0.52,3.74,1.29,29.55,6.77
Matthew Longstaff,ENG,MF,0,0,1,0,2019-2020,Newcastle Utd,19,6,575,6.4,0.04,0.06,0.1,45.78,1.25,10.16,29.06,6.72,0.78,45.78,0.62,0.47,11.72,0.16,3.91,25.16,89.53,32.34,0.62,0.31,0.31,0.62,1.09,30.0,0.31
Sean Longstaff,ENG,MF,0,0,1,0,2019-2020,Newcastle Utd,21,14,1378,15.3,0.09,0.08,0.17,56.01,2.55,13.27,32.68,10.33,0.46,56.01,1.18,0.46,2.54,0.72,3.99,29.41,126.54,43.2,0.52,0.33,0.13,1.7,1.05,32.55,0.78
Dejan Lovren,CRO,DF,0,1,0,0,2019-2020,Liverpool,30,9,777,8.6,0.05,0.04,0.08,90.47,9.3,39.42,48.37,2.91,1.86,90.47,0.12,0.12,11.63,0.0,0.0,58.37,278.49,167.79,0.93,0.81,0.0,0.12,0.0,60.23,0.35
Matthew Lowton,ENG,DF,0,1,0,0,2019-2020,Burnley,30,17,1530,17.0,0.0,0.07,0.07,55.65,4.59,14.94,28.24,12.71,0.41,55.65,0.88,0.53,3.53,0.35,2.35,22.41,106.94,63.35,1.0,0.88,0.06,0.76,0.12,26.06,2.47
David Luiz,BRA,DF,0,1,0,0,2019-2020,Arsenal,32,32,2809,31.2,0.05,0.03,0.08,67.5,10.61,36.03,29.9,1.86,0.51,67.5,0.26,0.16,2.0,0.1,1.2,43.91,294.2,170.19,0.67,0.42,0.03,0.51,0.16,46.51,0.13
Douglas Luiz,BRA,MF,0,0,1,0,2019-2020,Aston Villa,21,28,2612,29.0,0.09,0.06,0.15,53.48,3.59,13.97,30.41,9.9,1.0,53.48,1.55,1.21,2.68,0.34,0.77,28.31,171.62,89.83,1.21,0.79,0.07,1.31,0.76,31.79,1.59
John Lundstram,ENG,MF,0,0,1,0,2019-2020,Sheffield Utd,25,26,2458,27.3,0.19,0.12,0.32,55.86,2.16,8.94,26.19,21.21,1.87,55.86,1.36,0.66,1.78,0.66,1.78,27.8,144.87,54.8,1.32,0.99,0.15,1.5,0.51,39.08,4.07
Alexis Mac Allister,ARG,"MF,FW",0,0,1,1,2019-2020,Brighton,20,4,352,3.9,0.12,0.07,0.19,43.33,0.26,6.67,17.44,20.26,1.79,43.33,1.03,0.51,12.82,0.51,12.82,18.72,71.28,29.49,0.51,0.77,0.26,1.79,1.79,21.79,3.33
James Maddison,ENG,MF,0,0,1,0,2019-2020,Leicester City,22,29,2624,29.2,0.18,0.22,0.4,68.32,0.55,5.96,34.35,28.7,2.47,68.32,2.74,1.75,2.18,0.99,1.24,45.65,212.71,89.32,1.82,1.99,0.65,1.92,0.99,49.25,4.73
Harry Maguire,ENG,DF,0,1,0,0,2019-2020,Manchester Utd,26,38,3420,38.0,0.06,0.04,0.09,76.71,9.47,35.92,37.16,4.37,1.61,76.71,0.29,0.18,1.67,0.11,0.96,46.13,315.92,197.08,1.82,0.97,0.11,0.29,0.16,51.34,0.26
Riyad Mahrez,ALG,"FW,MF",0,0,1,1,2019-2020,Manchester City,28,21,1944,21.6,0.36,0.46,0.83,68.47,0.93,5.51,23.98,39.81,6.11,68.43,4.12,2.41,2.7,1.71,1.93,51.53,321.62,158.01,5.46,3.47,2.69,2.13,1.53,53.75,11.39
Ainsley Maitland-Niles,ENG,DF,0,1,0,0,2019-2020,Arsenal,21,15,1386,15.4,0.03,0.1,0.13,78.12,4.61,28.7,34.81,15.13,0.97,78.12,2.21,1.23,3.63,0.97,2.86,38.7,209.03,124.48,2.47,1.49,0.58,1.1,1.17,48.31,2.21
Sadio Mané,SEN,FW,0,0,0,1,2019-2020,Liverpool,27,31,2747,30.5,0.43,0.22,0.65,50.72,0.49,3.7,18.52,29.41,6.59,50.72,3.61,2.26,2.06,1.34,1.22,39.18,254.49,127.48,5.21,3.38,2.03,3.28,1.87,41.18,9.38
Javier Manquillo,ESP,DF,0,1,0,0,2019-2020,Newcastle Utd,25,18,1599,17.8,0.0,0.01,0.02,45.73,4.55,17.13,18.26,10.9,0.62,45.73,1.4,0.73,2.92,0.67,2.7,20.34,106.69,55.96,1.24,1.35,0.11,1.07,0.11,22.58,2.75
Solly March,ENG,"FW,MF",0,0,1,1,2019-2020,Brighton,25,11,1143,12.7,0.11,0.07,0.18,61.42,1.81,10.31,23.94,27.95,3.23,61.42,2.2,1.26,4.5,0.94,3.38,32.44,217.32,118.35,3.94,2.36,1.02,1.26,2.36,38.74,8.82
Pablo Marí,ESP,DF,0,1,0,0,2019-2020,Arsenal,25,2,113,1.3,0.0,0.0,0.0,87.69,14.62,40.77,45.38,1.54,0.0,87.69,0.0,0.0,,0.0,,53.85,366.15,226.15,0.0,0.0,0.0,0.0,0.0,63.85,0.0
Adrian Mariappa,JAM,DF,0,1,0,0,2019-2020,Watford,32,15,1513,16.8,0.01,0.01,0.03,46.43,5.3,19.4,20.83,6.31,0.36,46.43,0.06,0.06,5.95,0.0,0.0,16.9,52.44,21.19,0.12,0.24,0.0,0.54,0.18,19.7,0.54
Anthony Martial,FRA,FW,0,0,0,1,2019-2020,Manchester Utd,23,31,2624,29.2,0.41,0.15,0.56,35.68,0.62,1.64,11.27,23.18,5.38,35.65,3.32,1.71,1.76,1.61,1.66,24.14,140.65,65.45,2.6,1.85,1.54,2.53,2.09,30.34,9.42
David Martin,ENG,GK,1,0,0,0,2019-2020,West Ham,33,4,436,4.8,0.0,0.0,0.0,27.5,23.96,27.29,0.21,0.0,0.0,27.5,0.0,0.0,,0.0,,10.21,78.33,58.54,0.0,0.0,0.0,0.0,0.0,6.46,0.0
Josh Martin,ENG,"FW,MF",0,0,1,1,2019-2020,Norwich City,17,0,37,0.4,0.19,0.0,0.19,47.5,0.0,10.0,22.5,15.0,2.5,47.5,0.0,0.0,,0.0,,32.5,277.5,87.5,2.5,0.0,0.0,0.0,0.0,32.5,7.5
Gabriel Martinelli,BRA,FW,0,0,0,1,2019-2020,Arsenal,18,6,663,7.4,0.29,0.01,0.31,36.89,1.49,8.24,11.89,17.84,4.86,36.89,4.32,1.22,3.8,3.11,9.72,22.7,190.41,104.05,4.19,2.03,1.76,3.92,1.62,24.46,8.78
Emiliano Martínez,ARG,GK,1,0,0,0,2019-2020,Arsenal,26,8,771,8.6,0.0,0.0,0.0,35.93,31.51,35.81,0.12,0.0,0.0,35.93,0.0,0.0,,0.0,,21.28,108.26,71.98,0.0,0.0,0.0,0.0,0.0,15.81,0.0
Adam Masina,MAR,DF,0,1,0,0,2019-2020,Watford,25,20,1821,20.2,0.05,0.03,0.07,59.26,4.36,19.5,27.38,12.82,0.94,59.26,0.79,0.45,2.79,0.35,2.17,23.17,107.77,51.34,0.89,0.74,0.1,0.79,0.59,25.54,1.58
Arthur Masuaku,COD,DF,0,1,0,0,2019-2020,West Ham,25,10,937,10.4,0.01,0.11,0.13,73.75,4.33,23.37,35.1,15.96,1.15,73.75,4.23,2.6,5.9,1.63,3.71,37.69,249.13,145.29,3.94,2.88,0.77,1.44,1.83,41.35,3.56
Juan Mata,ESP,"MF,FW",0,0,1,1,2019-2020,Manchester Utd,31,8,758,8.4,0.13,0.25,0.38,71.43,0.36,3.93,35.24,32.5,3.81,71.43,1.43,0.6,4.96,0.83,6.94,42.5,201.79,92.38,2.02,2.62,0.71,1.55,0.95,59.4,7.74
Nemanja Matić,SRB,MF,0,0,1,0,2019-2020,Manchester Utd,30,18,1581,17.6,0.01,0.04,0.05,81.65,3.41,20.17,48.35,13.47,0.28,81.65,1.36,1.14,4.73,0.23,0.95,47.84,293.69,173.47,2.22,2.27,0.17,1.02,0.91,58.01,0.45
Joël Matip,CMR,DF,0,1,0,0,2019-2020,Liverpool,27,8,703,7.8,0.04,0.0,0.05,82.05,6.92,33.59,44.49,4.23,1.03,82.05,0.26,0.26,12.82,0.0,0.0,54.62,293.59,213.21,0.77,1.79,0.0,0.38,0.26,53.72,0.26
Neal Maupay,FRA,FW,0,0,0,1,2019-2020,Brighton,22,30,2766,30.7,0.44,0.07,0.5,34.01,0.49,2.28,13.97,18.11,5.31,33.94,2.21,0.78,1.15,1.43,2.11,19.67,118.76,46.06,2.05,1.21,1.11,2.57,1.82,24.33,8.31
James McArthur,SCO,MF,0,0,1,0,2019-2020,Crystal Palace,31,37,3090,34.3,0.06,0.07,0.13,57.73,2.97,13.99,29.56,14.72,2.51,57.73,1.28,0.85,1.92,0.44,0.99,28.54,157.49,71.02,1.57,1.22,0.47,1.63,1.14,34.58,3.59
Oliver McBurnie,SCO,FW,0,0,0,1,2019-2020,Sheffield Utd,23,24,2113,23.5,0.33,0.05,0.38,39.79,1.96,4.6,16.89,18.72,4.55,39.79,1.87,0.94,2.13,0.94,2.13,15.53,72.85,29.53,1.11,0.98,0.34,1.83,1.45,26.98,4.64
Alex McCarthy,ENG,GK,1,0,0,0,2019-2020,Southampton,29,28,2520,28.0,0.0,0.0,0.0,31.71,24.21,31.5,0.21,0.0,0.0,31.71,0.07,0.07,3.57,0.0,0.0,15.39,89.89,61.29,0.0,0.0,0.0,0.0,0.0,12.54,0.0
James McCarthy,IRL,MF,0,0,1,0,2019-2020,Crystal Palace,28,16,1680,18.7,0.03,0.07,0.1,55.61,1.55,13.37,31.98,10.75,0.59,55.61,0.53,0.37,3.74,0.16,1.6,22.3,97.97,36.31,0.43,0.32,0.0,0.96,0.59,29.04,1.23
John McGinn,SCO,MF,0,0,1,0,2019-2020,Aston Villa,24,27,2312,25.7,0.15,0.1,0.25,42.76,1.56,7.55,19.73,16.5,2.41,42.76,2.8,2.06,2.86,0.74,1.03,24.79,149.18,68.05,1.48,1.09,0.35,1.6,1.91,26.3,3.27
David McGoldrick,IRL,FW,0,0,0,1,2019-2020,Sheffield Utd,31,22,1815,20.2,0.4,0.12,0.51,44.31,1.24,4.31,20.79,19.85,3.17,44.31,2.38,1.53,3.2,0.84,1.75,22.43,114.5,43.76,1.44,0.89,0.4,3.07,1.34,32.28,6.39
Michael McGovern,NIR,GK,1,0,0,0,2019-2020,Norwich City,35,1,159,1.8,0.0,0.0,0.0,31.67,28.89,31.67,0.0,0.0,0.0,31.67,0.0,0.0,,0.0,,15.0,73.89,51.11,0.0,0.0,0.0,0.0,0.0,10.56,0.0
Kenny McLean,SCO,MF,0,0,1,0,2019-2020,Norwich City,27,32,2968,33.0,0.04,0.08,0.12,63.85,3.52,16.79,35.76,11.73,0.82,63.85,1.33,0.94,2.14,0.39,0.89,38.52,187.55,91.58,1.39,0.94,0.15,1.55,1.15,43.76,2.21
Dwight McNeil,ENG,MF,0,0,1,0,2019-2020,Burnley,19,38,3338,37.1,0.06,0.21,0.27,46.36,1.16,6.82,22.64,18.01,1.16,46.36,3.83,2.08,1.46,1.75,1.23,28.73,233.26,97.82,3.94,2.56,0.24,1.54,1.7,28.06,2.94
Scott McTominay,SCO,MF,0,0,1,0,2019-2020,Manchester Utd,22,20,1772,19.7,0.11,0.05,0.16,65.63,3.4,15.08,39.64,11.47,1.12,65.63,2.34,1.57,3.42,0.76,1.65,35.33,191.57,84.67,1.27,1.37,0.15,1.83,1.47,43.1,1.37
Ben Mee,ENG,DF,0,1,0,0,2019-2020,Burnley,29,32,2880,32.0,0.05,0.05,0.1,51.03,7.03,23.88,25.88,1.75,1.41,51.03,0.22,0.19,2.68,0.03,0.45,22.41,96.81,43.44,0.16,0.0,0.0,0.44,0.09,24.66,0.16
Benjamin Mendy,FRA,DF,0,1,0,0,2019-2020,Manchester City,25,18,1492,16.6,0.02,0.09,0.11,86.39,1.93,13.25,41.45,32.47,0.6,86.39,1.63,1.14,4.24,0.48,1.78,60.84,243.73,136.69,3.61,3.49,0.3,0.78,1.02,64.4,10.6
Nampalys Mendy,SEN,MF,0,0,1,0,2019-2020,Leicester City,27,4,291,3.2,0.01,0.03,0.04,77.81,1.88,15.31,52.5,10.0,0.31,77.81,0.62,0.31,15.62,0.31,15.62,55.0,223.44,95.62,0.31,1.88,0.0,1.56,0.62,58.44,1.88
Chris Mepham,WAL,DF,0,1,0,0,2019-2020,Bournemouth,21,10,912,10.1,0.09,0.01,0.1,63.86,10.3,35.64,26.04,2.38,1.49,63.86,0.5,0.3,5.94,0.2,3.96,40.69,213.76,123.47,0.4,0.1,0.0,0.5,0.4,37.62,0.3
Max Meyer,GER,"MF,FW",0,0,1,1,2019-2020,Crystal Palace,23,6,655,7.3,0.07,0.03,0.1,39.59,0.27,8.08,18.36,13.84,2.19,39.59,1.78,0.82,6.33,0.96,7.37,24.52,147.12,49.18,1.23,1.1,0.14,1.51,2.05,28.9,4.38
Luka Milivojević,SRB,MF,0,0,1,0,2019-2020,Crystal Palace,28,28,2513,27.9,0.1,0.08,0.17,66.09,3.3,17.71,36.63,12.37,0.32,66.02,0.39,0.25,2.28,0.14,1.3,29.71,136.95,62.65,0.25,0.54,0.07,0.86,0.47,35.84,0.39
James Milner,ENG,"MF,DF",0,1,1,0,2019-2020,Liverpool,33,9,937,10.4,0.21,0.07,0.28,85.38,2.5,14.42,49.81,21.92,1.06,85.19,1.06,0.96,8.74,0.1,0.87,59.71,218.85,104.71,1.73,1.63,0.1,0.87,0.58,62.31,4.04
Yerry Mina,COL,DF,0,1,0,0,2019-2020,Everton,24,25,2284,25.4,0.13,0.05,0.19,64.25,8.9,35.67,26.06,2.87,1.89,64.25,0.31,0.24,2.95,0.08,0.98,38.58,232.8,124.41,0.43,0.31,0.0,0.28,0.0,38.82,0.16
Takumi Minamino,JPN,"FW,MF",0,0,1,1,2019-2020,Liverpool,24,2,249,2.8,0.3,0.01,0.31,52.14,1.43,4.64,26.07,22.14,4.29,52.14,3.57,1.43,14.29,2.14,21.43,38.57,207.14,71.43,2.86,0.71,0.36,3.57,1.79,43.21,7.86
Tyrone Mings,ENG,DF,0,1,0,0,2019-2020,Aston Villa,26,33,2902,32.2,0.02,0.02,0.05,54.47,11.09,33.98,19.47,1.71,0.71,54.47,0.37,0.37,3.11,0.0,0.0,30.65,183.42,84.38,0.37,0.19,0.0,0.31,0.16,31.27,0.34
Tyrick Mitchell,ENG,DF,0,1,0,0,2019-2020,Crystal Palace,19,2,195,2.2,0.0,0.08,0.08,68.64,3.18,17.73,34.09,16.82,0.45,68.64,1.36,0.45,15.14,0.91,30.32,34.55,153.18,98.64,2.27,1.36,0.0,0.45,1.36,38.64,3.64
Henrikh Mkhitaryan,ARM,FW,0,0,0,1,2019-2020,Arsenal,30,1,112,1.2,0.26,0.21,0.47,78.33,0.83,5.83,30.83,41.67,11.67,78.33,5.83,1.67,23.83,4.17,59.5,40.0,239.17,101.67,2.5,3.33,0.0,3.33,2.5,62.5,15.83
Nacho Monreal,ESP,DF,0,1,0,0,2019-2020,Arsenal,33,3,270,3.0,0.01,0.11,0.13,77.67,5.33,29.33,29.67,19.0,1.67,77.67,1.33,0.67,16.67,0.67,16.67,42.67,169.33,98.33,1.33,1.33,1.0,1.0,0.33,53.0,4.67
Martín Montoya,ESP,"DF,MF",0,1,1,0,2019-2020,Brighton,28,23,1896,21.1,0.07,0.09,0.16,71.66,3.03,19.53,31.71,21.18,1.66,71.66,1.37,0.47,1.64,0.9,3.1,33.6,186.97,114.22,2.7,2.04,0.33,1.61,0.52,43.27,5.55
Simon Moore,ENG,GK,1,0,0,0,2019-2020,Sheffield Utd,29,2,180,2.0,0.0,0.0,0.0,25.5,21.5,25.0,0.5,0.0,0.0,25.5,0.0,0.0,,0.0,,9.0,70.0,46.5,0.0,0.0,0.0,0.0,0.0,5.0,0.0
Aaron Mooy,AUS,"MF,FW",0,0,1,1,2019-2020,Brighton,28,25,2085,23.2,0.1,0.19,0.29,58.71,1.81,7.33,26.9,25.13,1.64,58.71,2.41,1.64,2.93,0.78,1.38,32.97,200.65,98.15,3.06,2.16,0.52,1.9,1.81,40.04,5.82
Wesley Moraes,BRA,FW,0,0,0,1,2019-2020,Aston Villa,22,21,1782,19.8,0.32,0.05,0.37,29.14,1.46,2.32,13.33,13.64,3.99,29.09,1.21,0.61,2.53,0.61,2.53,15.3,69.95,17.22,0.66,0.51,0.3,2.93,0.91,22.27,4.49
Wes Morgan,JAM,DF,0,1,0,0,2019-2020,Leicester City,35,4,436,4.8,0.11,0.0,0.11,60.62,4.17,27.29,32.29,1.25,0.83,60.62,0.42,0.42,20.83,0.0,0.0,36.67,147.5,60.21,0.21,0.0,0.0,0.21,0.21,40.83,0.21
Ravel Morrison,JAM,MF,0,0,1,0,2019-2020,Sheffield Utd,26,0,13,0.1,0.34,0.0,0.34,70.0,0.0,0.0,40.0,30.0,10.0,70.0,0.0,0.0,,0.0,,50.0,270.0,130.0,10.0,0.0,0.0,0.0,10.0,60.0,0.0
Mason Mount,ENG,"MF,FW",0,0,1,1,2019-2020,Chelsea,20,32,2867,31.9,0.2,0.17,0.37,54.39,0.75,4.45,23.89,26.65,3.86,54.39,2.23,1.25,1.76,0.97,1.37,34.29,188.12,95.71,3.17,2.6,0.69,2.51,1.66,38.75,6.93
Lucas Moura,BRA,"FW,MF",0,0,1,1,2019-2020,Tottenham,26,25,2242,24.9,0.23,0.13,0.36,47.19,1.16,5.42,22.89,19.96,3.13,47.19,4.38,2.89,2.65,1.49,1.36,31.89,197.43,97.11,3.17,2.53,0.88,2.41,2.97,33.21,5.62
Lys Mousset,FRA,FW,0,0,0,1,2019-2020,Sheffield Utd,23,11,1240,13.8,0.4,0.23,0.64,30.87,0.22,1.3,12.68,17.03,5.58,30.87,2.97,2.03,4.95,0.94,2.3,18.84,105.22,48.84,2.17,1.45,1.23,3.7,2.75,22.83,6.74
João Moutinho,POR,MF,0,0,1,0,2019-2020,Wolves,32,34,3108,34.5,0.03,0.23,0.26,67.45,1.28,11.62,37.45,18.87,0.17,67.45,0.61,0.43,2.07,0.17,0.83,31.39,148.52,77.94,1.1,1.07,0.0,0.58,0.61,39.62,1.48
Glenn Murray,ENG,FW,0,0,0,1,2019-2020,Brighton,35,7,797,8.9,0.27,0.08,0.35,28.65,1.57,2.13,11.24,15.39,4.16,28.65,0.56,0.0,0.0,0.56,11.24,13.71,47.08,12.47,0.67,0.45,0.56,2.81,1.69,22.81,7.42
Shkodran Mustafi,GER,DF,0,1,0,0,2019-2020,Arsenal,27,13,1207,13.4,0.07,0.03,0.1,73.73,8.36,35.15,36.64,2.24,1.12,73.73,0.22,0.22,7.46,0.0,0.0,46.94,256.64,161.19,0.52,0.3,0.0,0.3,0.07,50.75,0.45
Yoshinori Mutō,JPN,"MF,FW",0,0,1,1,2019-2020,Newcastle Utd,27,2,212,2.4,0.03,0.01,0.04,23.33,0.0,2.5,12.08,9.58,2.08,23.33,3.75,2.08,23.17,1.67,18.5,17.08,116.67,49.17,1.67,1.25,0.83,3.75,0.83,15.83,4.17
Georges-Kévin N'Koudou,CMR,FW,0,0,0,1,2019-2020,Tottenham,24,0,3,0.0,1.15,0.0,1.15,inf,,,,inf,inf,inf,,,,,,inf,inf,inf,inf,,inf,,,inf,inf
Marvelous Nakamba,ZIM,MF,0,0,1,0,2019-2020,Aston Villa,25,19,1836,20.4,0.01,0.03,0.03,51.08,4.41,16.32,28.68,6.57,0.1,51.08,0.93,0.69,3.61,0.25,1.29,23.43,122.01,45.44,0.49,0.64,0.05,1.23,0.49,26.62,0.39
Wilfred Ndidi,NGA,MF,0,0,1,0,2019-2020,Leicester City,22,29,2674,29.7,0.06,0.02,0.08,71.08,3.27,18.79,44.11,8.86,0.77,71.08,1.08,0.74,2.32,0.34,1.05,38.59,151.52,51.11,0.44,0.51,0.0,1.11,0.88,41.31,0.64
Tanguy Ndombele,FRA,MF,0,0,1,0,2019-2020,Tottenham,22,12,1009,11.2,0.03,0.07,0.1,69.73,1.7,11.88,41.7,17.41,1.52,69.73,4.38,3.39,6.93,0.98,2.0,46.88,223.48,118.13,1.96,1.79,0.45,2.05,2.14,51.25,2.95
Reiss Nelson,ENG,FW,0,0,0,1,2019-2020,Arsenal,19,7,631,7.0,0.13,0.06,0.19,45.43,0.57,6.29,19.29,21.29,3.71,45.43,4.57,2.43,7.59,2.14,6.7,30.0,211.29,105.57,4.29,2.29,1.43,2.14,1.86,33.43,8.29
Pedro Neto,POR,"FW,MF",0,0,1,1,2019-2020,Wolves,19,9,939,10.4,0.21,0.25,0.46,52.69,0.29,5.29,23.75,25.1,3.85,52.69,5.87,3.08,5.05,2.79,4.57,34.13,295.96,145.38,5.1,3.85,1.92,2.98,1.73,36.54,9.71
Rúben Neves,POR,MF,0,0,1,0,2019-2020,Wolves,22,35,3056,34.0,0.06,0.06,0.12,69.82,2.18,14.91,45.18,10.21,0.09,69.82,0.76,0.65,2.49,0.12,0.45,36.24,141.91,70.38,0.56,0.91,0.0,0.5,0.29,45.85,0.68
Jeremy Ngakia,,DF,0,1,0,0,2019-2020,West Ham,18,5,440,4.9,0.0,0.0,0.0,45.92,3.27,20.0,18.57,7.76,0.2,45.92,2.86,1.84,13.12,1.02,7.29,18.78,134.69,71.22,2.04,2.24,0.0,1.22,0.41,17.14,1.84
Oumar Niasse,SEN,FW,0,0,0,1,2019-2020,Everton,29,0,22,0.2,0.0,0.0,0.0,60.0,0.0,0.0,25.0,40.0,0.0,60.0,0.0,0.0,,0.0,,50.0,360.0,45.0,0.0,5.0,0.0,10.0,25.0,50.0,10.0
Eddie Nketiah,ENG,FW,0,0,0,1,2019-2020,Arsenal,20,7,633,7.0,0.45,0.08,0.53,31.14,1.14,3.29,15.71,12.57,4.14,31.14,2.43,1.43,8.4,1.0,5.89,21.86,123.71,56.57,2.71,0.71,0.71,3.0,2.14,24.14,5.43
Mark Noble,ENG,MF,0,0,1,0,2019-2020,West Ham,32,32,2674,29.7,0.1,0.1,0.2,59.73,1.04,9.93,37.47,12.83,0.91,59.63,1.18,0.84,2.4,0.34,0.96,34.31,156.43,66.33,0.88,0.98,0.17,1.41,1.04,40.13,1.78
Oliver Norwood,NIR,MF,0,0,1,0,2019-2020,Sheffield Utd,28,37,3090,34.3,0.04,0.13,0.17,71.87,2.24,14.72,42.24,15.51,0.06,71.84,0.26,0.26,2.92,0.0,0.0,29.83,99.36,40.44,0.2,0.41,0.0,0.58,0.12,43.35,0.76
Ørjan Nyland,NOR,GK,1,0,0,0,2019-2020,Aston Villa,28,5,539,6.0,0.0,0.0,0.0,31.83,27.0,31.17,0.67,0.0,0.0,31.83,0.0,0.0,,0.0,,15.17,113.33,74.17,0.0,0.0,0.0,0.17,0.0,11.67,0.0
Jack O'Connell,ENG,DF,0,1,0,0,2019-2020,Sheffield Utd,25,32,2916,32.4,0.03,0.1,0.13,62.87,5.25,25.62,28.89,8.64,1.48,62.87,0.49,0.28,1.74,0.22,1.35,26.48,95.43,46.73,0.37,0.65,0.06,0.62,0.31,35.59,1.82
Michael Obafemi,IRL,FW,0,0,0,1,2019-2020,Southampton,19,8,665,7.4,0.24,0.15,0.39,32.3,0.0,1.89,14.73,16.89,4.59,32.3,3.24,1.89,7.88,1.35,5.64,18.92,101.62,31.89,1.08,0.68,0.95,5.41,2.03,23.65,7.03
Angelo Ogbonna,ITA,DF,0,1,0,0,2019-2020,West Ham,31,31,2786,31.0,0.06,0.0,0.06,41.97,6.81,21.74,18.77,1.58,0.94,41.97,0.16,0.16,3.23,0.0,0.0,19.58,110.61,45.39,0.16,0.16,0.03,0.26,0.06,20.0,0.16
Divock Origi,BEL,FW,0,0,0,1,2019-2020,Liverpool,24,7,717,8.0,0.22,0.1,0.32,40.38,0.75,3.12,14.25,23.25,4.75,40.38,3.25,1.5,5.78,1.75,6.72,28.62,190.75,95.75,4.62,2.25,1.25,3.5,1.5,32.38,11.25
Ben Osborn,ENG,"MF,DF",0,1,1,0,2019-2020,Sheffield Utd,24,6,594,6.6,0.04,0.13,0.17,48.79,2.42,9.55,20.0,19.7,2.42,48.79,1.21,0.61,7.58,0.61,7.58,26.06,103.33,44.39,1.06,0.91,0.0,0.76,0.0,30.0,3.48
Nicolás Otamendi,ARG,DF,0,1,0,0,2019-2020,Manchester City,31,18,1715,19.1,0.1,0.01,0.11,89.79,8.64,32.72,54.45,2.83,1.78,89.79,0.16,0.16,5.24,0.0,0.0,67.12,387.75,226.6,0.73,0.63,0.0,0.58,0.1,70.94,0.21
Alex Oxlade-Chamberlain,ENG,"MF,FW",0,0,1,1,2019-2020,Liverpool,25,17,1485,16.5,0.17,0.06,0.24,59.39,0.91,5.21,29.39,25.39,2.42,59.39,2.97,1.76,3.59,1.21,2.47,40.42,210.85,96.85,2.91,2.36,0.42,2.67,1.39,44.18,5.76
Mesut Özil,GER,MF,0,0,1,0,2019-2020,Arsenal,30,18,1438,16.0,0.09,0.15,0.24,63.06,0.44,6.44,29.06,28.12,2.38,63.06,1.38,1.0,4.54,0.38,1.71,36.94,239.56,112.31,3.0,2.44,0.25,1.56,1.38,49.81,8.5
Emerson Palmieri,ITA,DF,0,1,0,0,2019-2020,Chelsea,24,13,1024,11.4,0.1,0.12,0.21,88.51,3.07,21.14,39.12,28.95,2.28,88.51,1.4,1.05,6.58,0.35,2.19,50.7,261.75,151.4,3.42,2.63,0.61,1.4,0.7,57.63,7.63
Sokratis Papastathopoulos,GRE,DF,0,1,0,0,2019-2020,Arsenal,31,19,1696,18.8,0.06,0.01,0.07,64.63,9.84,38.03,24.57,2.18,0.69,64.63,0.27,0.27,5.32,0.0,0.0,39.31,186.17,104.57,0.27,0.16,0.0,0.21,0.27,45.69,0.27
Troy Parrott,IRL,FW,0,0,0,1,2019-2020,Tottenham,17,0,7,0.1,0.0,0.0,0.0,50.0,0.0,10.0,40.0,0.0,0.0,50.0,0.0,0.0,,0.0,,50.0,160.0,10.0,0.0,0.0,0.0,0.0,0.0,50.0,0.0
Rui Patrício,POR,GK,1,0,0,0,2019-2020,Wolves,31,38,3420,38.0,0.0,0.0,0.0,23.92,22.26,23.89,0.03,0.0,0.0,23.92,0.0,0.0,,0.0,,9.89,69.87,44.61,0.0,0.0,0.0,0.0,0.0,6.16,0.03
Pedro,ESP,"FW,MF",0,0,1,1,2019-2020,Chelsea,32,8,661,7.3,0.27,0.13,0.4,59.04,0.55,6.71,28.49,24.93,4.79,59.04,2.88,1.64,7.82,1.23,5.88,42.47,245.48,108.63,3.29,2.6,1.23,2.47,1.23,43.84,7.12
Nicolas Pépé,CIV,FW,0,0,0,1,2019-2020,Arsenal,24,22,2010,22.3,0.22,0.21,0.43,50.09,0.45,6.05,17.67,27.8,3.86,50.04,5.96,3.23,2.43,2.74,2.06,33.41,266.68,136.37,4.39,2.87,1.75,2.74,2.38,37.04,8.57
Andreas Pereira,BRA,"MF,FW",0,0,1,1,2019-2020,Manchester Utd,23,18,1484,16.5,0.14,0.24,0.38,58.97,0.73,5.39,27.33,26.79,2.91,58.97,2.0,1.21,3.67,0.79,2.39,33.58,190.97,96.73,2.97,2.12,0.79,2.67,2.48,43.33,6.18
Ricardo Pereira,POR,DF,0,1,0,0,2019-2020,Leicester City,25,28,2520,28.0,0.04,0.13,0.18,85.75,3.64,21.25,40.18,25.04,2.0,85.75,3.61,2.14,2.12,1.46,1.45,47.79,243.71,158.32,4.14,3.36,0.71,1.57,1.11,52.54,4.93
Roberto Pereyra,ARG,"FW,MF",0,0,1,1,2019-2020,Watford,28,17,1648,18.3,0.17,0.08,0.25,48.09,0.82,7.21,21.53,20.33,2.84,48.03,2.9,1.09,2.06,1.8,3.4,31.97,196.78,91.09,2.73,1.75,0.77,2.57,1.48,32.84,5.57
Ayoze Pérez,ESP,"MF,FW",0,0,1,1,2019-2020,Leicester City,26,26,2004,22.3,0.29,0.18,0.47,48.7,0.58,5.65,21.17,22.29,5.16,48.65,3.05,1.61,2.37,1.43,2.11,31.12,133.41,66.14,2.11,1.52,1.26,2.83,2.6,35.47,7.13
Jordan Pickford,ENG,GK,1,0,0,0,2019-2020,Everton,25,38,3420,38.0,0.0,0.0,0.0,38.32,32.26,37.87,0.45,0.0,0.0,38.32,0.0,0.0,,0.0,,21.61,131.58,78.55,0.0,0.0,0.0,0.05,0.0,17.03,0.0
Brandon Pierrick,ENG,"MF,FW",0,0,1,1,2019-2020,Crystal Palace,17,0,15,0.2,0.0,0.53,0.53,65.0,5.0,5.0,15.0,45.0,5.0,65.0,0.0,0.0,,0.0,,20.0,185.0,95.0,5.0,0.0,0.0,10.0,5.0,25.0,5.0
Erik Pieters,NED,"DF,MF",0,1,1,0,2019-2020,Burnley,30,21,1878,20.9,0.02,0.12,0.14,57.89,3.44,14.07,30.57,13.68,0.67,57.89,0.57,0.19,1.59,0.38,3.19,25.5,114.11,59.14,1.0,1.44,0.1,1.15,0.29,28.13,1.87
Daniel Podence,POR,"FW,MF",0,0,1,1,2019-2020,Wolves,23,3,289,3.2,0.39,0.21,0.6,45.31,0.62,5.0,15.62,25.94,3.75,45.31,3.44,2.19,19.88,1.25,11.37,33.12,231.56,135.0,5.62,3.44,0.31,2.5,1.25,37.19,7.5
Paul Pogba,FRA,MF,0,0,1,0,2019-2020,Manchester Utd,26,13,1204,13.4,0.18,0.19,0.37,87.69,2.39,15.75,53.21,19.55,1.94,87.61,2.84,2.01,5.31,0.82,2.16,53.13,232.99,118.28,2.01,1.49,0.37,1.42,2.39,68.06,2.24
Nick Pope,ENG,GK,1,0,0,0,2019-2020,Burnley,27,38,3420,38.0,0.0,0.01,0.01,33.68,25.95,32.61,1.05,0.03,0.03,33.68,0.0,0.0,,0.0,,16.13,116.24,91.84,0.0,0.0,0.0,0.03,0.0,9.87,0.0
Dennis Praet,BEL,MF,0,0,1,0,2019-2020,Leicester City,25,12,1134,12.6,0.07,0.11,0.18,56.59,1.59,11.98,28.25,16.9,1.43,56.59,1.98,0.95,3.81,1.03,4.13,34.92,151.11,63.57,0.79,1.43,0.16,2.14,1.35,36.51,3.33
Sebastian Prödl,AUT,DF,0,1,0,0,2019-2020,Watford,32,1,56,0.6,0.16,0.0,0.16,28.33,5.0,11.67,13.33,3.33,3.33,28.33,0.0,0.0,,0.0,,5.0,8.33,1.67,0.0,0.0,0.0,0.0,0.0,11.67,0.0
Davy Pröpper,NED,MF,0,0,1,0,2019-2020,Brighton,27,32,2829,31.4,0.05,0.08,0.13,68.76,2.13,14.55,42.07,13.09,0.92,68.76,2.04,1.46,2.29,0.57,0.89,38.22,228.54,108.44,1.75,1.56,0.22,1.94,0.76,48.38,1.37
Teemu Pukki,FIN,FW,0,0,0,1,2019-2020,Norwich City,29,33,2886,32.1,0.35,0.12,0.47,24.67,0.5,1.84,9.28,13.77,4.86,24.61,1.34,0.75,1.74,0.59,1.38,13.93,83.15,37.79,1.43,0.75,1.09,1.81,1.06,16.42,6.04
Christian Pulisic,USA,FW,0,0,0,1,2019-2020,Chelsea,20,19,1722,19.1,0.47,0.19,0.66,52.62,0.31,5.24,20.42,27.85,6.7,52.62,5.65,2.88,2.66,2.77,2.57,38.95,286.7,155.29,5.6,4.19,2.46,2.77,3.3,43.46,9.84
Ignacio Pussetto,ARG,"FW,MF",0,0,1,1,2019-2020,Watford,23,0,74,0.8,0.0,0.0,0.0,75.0,3.75,26.25,32.5,17.5,1.25,75.0,6.25,2.5,50.0,3.75,75.0,30.0,173.75,42.5,1.25,0.0,0.0,3.75,2.5,27.5,0.0
Domingos Quina,POR,"MF,FW",0,0,1,1,2019-2020,Watford,19,0,22,0.2,0.11,0.0,0.11,115.0,0.0,25.0,70.0,20.0,0.0,115.0,10.0,5.0,250.0,5.0,250.0,65.0,335.0,115.0,5.0,0.0,0.0,10.0,5.0,60.0,0.0
Aaron Ramsdale,ENG,GK,1,0,0,0,2019-2020,Bournemouth,21,37,3330,37.0,0.0,0.02,0.02,33.68,29.41,33.3,0.35,0.03,0.0,33.68,0.0,0.0,,0.0,,17.89,108.68,71.38,0.0,0.0,0.0,0.0,0.0,10.89,0.0
Darren Randolph,IRL,GK,1,0,0,0,2019-2020,West Ham,32,2,180,2.0,0.0,0.0,0.0,24.0,21.0,24.0,0.0,0.0,0.0,24.0,0.0,0.0,,0.0,,6.5,72.5,61.0,0.0,0.0,0.0,0.0,0.0,5.0,0.0
Marcus Rashford,ENG,FW,0,0,0,1,2019-2020,Manchester Utd,21,31,2643,29.4,0.65,0.17,0.82,45.71,0.71,2.55,15.75,27.99,5.17,45.44,4.15,2.04,1.67,2.11,1.73,27.28,192.48,102.31,3.57,2.72,1.67,2.24,1.16,36.63,8.5
Nathan Redmond,ENG,"MF,FW",0,0,1,1,2019-2020,Southampton,25,32,2762,30.7,0.17,0.11,0.27,46.97,0.98,5.8,20.72,22.05,3.58,46.97,4.01,2.57,2.09,1.43,1.17,29.58,227.46,114.01,4.1,2.64,1.69,2.38,1.69,32.25,6.51
Pepe Reina,ESP,GK,1,0,0,0,2019-2020,Aston Villa,36,12,1080,12.0,0.0,0.0,0.0,36.08,30.83,35.5,0.58,0.0,0.0,36.08,0.0,0.0,,0.0,,16.25,104.83,63.08,0.0,0.0,0.0,0.08,0.0,13.83,0.0
Declan Rice,ENG,MF,0,0,1,0,2019-2020,West Ham,20,38,3420,38.0,0.03,0.04,0.07,56.42,2.76,15.29,35.16,7.08,0.63,56.42,1.71,1.29,1.98,0.42,0.65,32.37,196.92,87.97,1.37,1.24,0.08,0.68,0.55,33.63,0.95
Richarlison,BRA,"FW,MF",0,0,1,1,2019-2020,Everton,22,36,3070,34.1,0.27,0.2,0.46,39.41,1.44,4.99,15.31,20.09,5.07,39.41,3.26,1.79,1.61,1.47,1.32,25.07,170.12,74.63,2.79,1.99,1.29,2.7,2.17,27.51,6.51
Diego Rico,ESP,DF,0,1,0,0,2019-2020,Bournemouth,26,27,2332,25.9,0.02,0.12,0.14,72.05,3.9,24.94,29.38,18.15,0.39,72.05,0.93,0.5,2.09,0.42,1.77,32.05,138.46,75.41,1.62,1.43,0.04,1.0,0.81,32.24,3.13
Jaïro Riedewald,NED,"DF,MF",0,1,1,0,2019-2020,Crystal Palace,22,7,769,8.5,0.01,0.02,0.03,56.24,3.41,15.88,29.53,11.18,0.59,56.24,1.29,0.94,8.55,0.35,3.21,22.12,99.65,47.06,0.94,0.82,0.0,1.29,0.82,29.18,2.35
Matt Ritchie,SCO,"DF,MF",0,1,1,0,2019-2020,Newcastle Utd,29,14,1315,14.6,0.12,0.16,0.28,58.56,2.81,14.38,24.93,19.86,0.96,58.49,0.96,0.55,3.91,0.41,2.94,29.11,141.99,73.42,1.58,1.58,0.14,1.37,0.48,31.92,2.95
Roberto,ESP,GK,1,0,0,0,2019-2020,West Ham,33,7,687,7.6,0.0,0.0,0.0,33.95,30.13,33.82,0.13,0.0,0.0,33.95,0.0,0.0,,0.0,,15.39,101.05,81.45,0.0,0.0,0.0,0.13,0.0,10.26,0.0
Patrick Roberts,ENG,"FW,MF",0,0,1,1,2019-2020,Norwich City,22,0,26,0.3,0.0,0.0,0.0,36.67,0.0,6.67,23.33,13.33,0.0,36.67,13.33,13.33,333.33,0.0,0.0,30.0,280.0,173.33,3.33,6.67,0.0,0.0,0.0,30.0,6.67
Andrew Robertson,SCO,DF,0,1,0,0,2019-2020,Liverpool,25,34,3111,34.6,0.05,0.22,0.27,95.26,2.57,17.98,45.52,32.63,2.4,95.26,1.27,0.64,1.45,0.64,1.45,62.2,308.06,190.84,4.31,3.32,0.58,1.45,0.26,66.97,8.01
Callum Robinson,IRL,"FW,MF",0,0,1,1,2019-2020,Sheffield Utd,24,9,676,7.5,0.21,0.05,0.26,29.6,0.0,2.53,12.93,14.53,3.07,29.6,1.73,0.67,5.13,1.07,8.2,17.47,91.73,40.13,1.6,0.8,0.4,2.13,2.27,20.53,6.67
Jack Robinson,ENG,DF,0,1,0,0,2019-2020,Sheffield Utd,25,6,504,5.6,0.0,0.03,0.03,61.25,6.25,24.29,33.21,4.29,0.18,61.25,0.36,0.36,17.86,0.0,0.0,31.96,148.04,92.32,0.71,0.18,0.0,0.71,0.18,32.68,0.18
Rodri,ESP,MF,0,0,1,0,2019-2020,Manchester City,23,29,2486,27.6,0.03,0.09,0.13,101.78,2.97,18.77,66.96,17.07,1.01,101.78,1.2,1.09,3.29,0.11,0.33,75.54,351.7,185.33,1.49,2.57,0.04,0.8,1.01,80.14,0.76
Jay Rodriguez,ENG,FW,0,0,0,1,2019-2020,Burnley,30,20,2016,22.4,0.39,0.03,0.42,34.78,0.89,3.04,14.42,17.77,3.66,34.73,1.74,0.8,2.06,0.94,2.4,19.82,94.2,33.3,1.38,1.21,0.62,2.77,1.92,24.6,5.62
Jack Rodwell,ENG,MF,0,0,1,0,2019-2020,Sheffield Utd,28,0,16,0.2,0.0,0.0,0.0,15.0,5.0,15.0,0.0,0.0,0.0,15.0,0.0,0.0,,0.0,,0.0,0.0,0.0,0.0,0.0,0.0,0.0,0.0,5.0,0.0
Marcos Rojo,ARG,DF,0,1,0,0,2019-2020,Manchester Utd,29,1,122,1.4,0.15,0.0,0.15,52.86,5.71,17.86,26.43,8.57,1.43,52.86,0.71,0.0,0.0,0.71,71.43,23.57,97.86,50.0,0.0,0.71,0.0,0.0,0.0,29.29,0.71
Oriol Romeu,ESP,MF,0,0,1,0,2019-2020,Southampton,27,20,1860,20.7,0.01,0.08,0.09,62.37,3.19,12.95,41.98,7.97,0.19,62.37,0.77,0.63,3.93,0.14,0.91,28.21,121.88,58.99,0.82,1.06,0.0,0.68,0.19,35.41,0.63
Danny Rose,ENG,DF,0,1,0,0,2019-2020,Tottenham,29,10,893,9.9,0.01,0.06,0.07,68.69,4.55,18.38,32.53,18.59,1.31,68.69,2.02,1.01,5.05,1.01,5.05,38.79,190.3,116.67,2.32,1.52,0.2,1.11,0.51,42.73,3.03
Danny Rose,ENG,DF,0,1,0,0,2019-2020,Newcastle Utd,29,10,863,9.6,0.0,0.02,0.02,51.77,2.29,15.83,29.27,7.19,0.42,51.77,0.94,0.52,5.79,0.42,4.62,31.35,143.85,80.42,0.42,1.25,0.0,0.62,0.1,30.31,2.19
Antonio Rüdiger,GER,DF,0,1,0,0,2019-2020,Chelsea,26,19,1710,19.0,0.05,0.03,0.08,87.74,8.0,38.84,45.89,3.58,0.84,87.74,0.21,0.16,3.95,0.05,1.32,60.26,333.11,200.84,0.58,1.21,0.0,0.26,0.16,64.0,0.0
Lukas Rupp,GER,"FW,MF",0,0,1,1,2019-2020,Norwich City,28,8,695,7.7,0.11,0.11,0.22,45.71,2.86,11.43,23.64,11.04,1.69,45.71,0.78,0.52,8.66,0.26,4.32,25.45,102.99,30.26,0.39,0.65,0.13,1.95,2.34,28.31,2.99
Mathew Ryan,AUS,GK,1,0,0,0,2019-2020,Brighton,27,38,3420,38.0,0.0,0.0,0.0,41.13,33.11,40.97,0.16,0.0,0.0,41.13,0.0,0.0,,0.0,,23.87,124.55,75.58,0.0,0.0,0.0,0.05,0.0,22.42,0.0
Allan Saint-Maximin,FRA,"MF,FW",0,0,1,1,2019-2020,Newcastle Utd,22,23,1863,20.7,0.16,0.16,0.32,37.0,0.58,5.56,14.98,18.74,3.77,37.0,8.7,5.85,3.25,2.85,1.58,29.76,307.92,186.09,6.04,3.57,2.22,3.53,2.46,27.1,4.44
Romain Saïss,MAR,DF,0,1,0,0,2019-2020,Wolves,29,31,2705,30.1,0.11,0.04,0.16,66.31,5.38,28.54,35.08,2.92,0.93,66.31,0.33,0.23,2.33,0.1,1.0,30.76,127.64,78.04,0.33,0.27,0.07,0.43,0.17,39.6,0.3
Bukayo Saka,ENG,"DF,FW",0,1,0,1,2019-2020,Arsenal,17,19,1753,19.5,0.05,0.17,0.22,53.74,1.79,12.82,20.97,20.26,3.03,53.74,2.82,1.64,2.98,1.18,2.14,30.87,199.59,111.38,3.44,2.1,1.23,2.15,1.13,35.49,7.33
Mamadou Sakho,FRA,DF,0,1,0,0,2019-2020,Crystal Palace,29,11,931,10.3,0.0,0.01,0.01,62.23,8.93,35.73,26.31,0.87,0.29,62.23,0.49,0.39,7.77,0.1,1.94,34.66,147.38,70.87,0.1,0.19,0.0,0.58,0.49,38.83,0.19
Mohamed Salah,EGY,FW,0,0,0,1,2019-2020,Liverpool,27,33,2876,32.0,0.59,0.25,0.84,42.75,0.12,1.84,12.03,29.22,9.09,42.66,2.59,1.56,1.88,1.03,1.24,32.41,171.38,85.06,3.28,1.59,2.25,2.75,2.09,34.06,10.84
Mbwana Samatta,TAN,FW,0,0,0,1,2019-2020,Aston Villa,26,11,943,10.5,0.22,0.06,0.28,25.71,0.67,1.24,11.81,13.05,3.14,25.71,1.43,0.86,5.71,0.57,3.81,13.05,62.57,14.67,0.57,0.38,0.1,2.48,1.14,18.57,4.67
Carlos Sánchez,COL,MF,0,0,1,0,2019-2020,West Ham,33,1,117,1.3,0.0,0.0,0.0,49.23,2.31,7.69,36.92,4.62,0.0,49.23,0.77,0.77,76.92,0.0,0.0,22.31,74.62,10.77,0.0,0.0,0.0,0.0,0.77,26.15,0.0
Davinson Sánchez,COL,DF,0,1,0,0,2019-2020,Tottenham,23,27,2431,27.0,0.02,0.0,0.03,68.78,9.48,34.37,33.15,1.7,0.56,68.78,0.37,0.3,2.96,0.07,0.74,44.0,184.15,92.63,0.37,0.37,0.04,0.44,0.22,44.93,0.33
Leroy Sané,GER,FW,0,0,0,1,2019-2020,Manchester City,23,0,12,0.1,0.86,0.0,0.86,90.0,0.0,0.0,20.0,70.0,10.0,90.0,0.0,0.0,,0.0,,70.0,390.0,190.0,20.0,10.0,10.0,0.0,0.0,80.0,40.0
Ismaila Sarr,SEN,"FW,MF",0,0,1,1,2019-2020,Watford,21,22,2028,22.5,0.27,0.2,0.47,38.58,0.49,4.09,13.69,21.78,4.53,38.58,4.27,2.09,2.18,2.18,2.27,30.22,222.76,116.89,4.76,3.2,1.51,3.33,2.49,30.13,8.89
Fabian Schär,SUI,"DF,MF",0,1,1,0,2019-2020,Newcastle Utd,27,18,1672,18.6,0.08,0.01,0.09,56.61,6.61,27.74,24.68,5.16,1.02,56.61,1.29,0.86,3.59,0.43,1.79,28.49,159.25,97.74,1.08,0.86,0.11,0.75,0.27,29.89,0.32
Ezequiel Schelotto,ITA,DF,0,1,0,0,2019-2020,Brighton,30,4,361,4.0,0.06,0.0,0.06,58.0,4.0,18.25,18.75,21.5,2.0,58.0,2.0,1.25,15.62,0.75,9.38,28.5,210.0,108.25,3.75,3.25,0.5,3.25,1.5,32.25,10.0
Jeffrey Schlupp,GHA,"FW,MF",0,0,1,1,2019-2020,Crystal Palace,26,11,1036,11.5,0.15,0.07,0.22,42.26,1.22,9.04,20.0,13.83,2.61,42.26,2.09,1.13,4.71,0.96,3.98,21.3,132.09,55.3,2.0,1.48,1.04,2.17,1.39,27.3,4.61
Kasper Schmeichel,DEN,GK,1,0,0,0,2019-2020,Leicester City,32,38,3420,38.0,0.0,0.01,0.01,33.26,27.74,32.79,0.47,0.0,0.0,33.26,0.03,0.0,0.0,0.03,2.63,18.24,87.0,55.05,0.0,0.0,0.0,0.03,0.0,14.76,0.0
Morgan Schneiderlin,FRA,MF,0,0,1,0,2019-2020,Everton,29,12,1001,11.1,0.02,0.01,0.03,61.71,2.34,13.96,39.91,8.2,0.36,61.71,0.27,0.27,9.01,0.0,0.0,35.68,141.89,56.85,0.36,0.54,0.0,0.63,0.36,39.19,0.27
Ryan Sessegnon,ENG,"DF,FW",0,1,0,1,2019-2020,Tottenham,19,4,342,3.8,0.02,0.02,0.03,61.32,1.84,13.16,27.37,21.58,2.37,61.32,1.58,1.05,17.55,0.53,8.76,39.74,167.37,110.0,3.42,1.84,0.79,2.63,0.26,38.68,6.32
Xherdan Shaqiri,SUI,"FW,MF",0,0,1,1,2019-2020,Liverpool,27,2,185,2.1,0.25,0.09,0.33,59.52,0.0,6.67,32.38,20.48,0.95,59.52,1.9,0.95,23.81,0.95,23.81,44.29,157.62,54.29,0.48,0.0,0.0,0.95,2.86,45.24,7.14
Billy Sharp,ENG,FW,0,0,0,1,2019-2020,Sheffield Utd,33,10,1051,11.7,0.33,0.19,0.52,27.35,0.17,2.14,8.8,16.92,4.7,27.35,1.88,1.37,6.21,0.51,2.33,18.72,99.66,40.17,1.54,0.77,0.6,2.99,2.65,21.71,9.06
Luke Shaw,ENG,DF,0,1,0,0,2019-2020,Manchester Utd,24,20,1733,19.3,0.03,0.07,0.11,78.13,3.89,21.61,34.92,22.18,1.76,78.13,1.61,1.14,3.68,0.47,1.5,40.83,225.96,137.25,3.11,2.44,0.41,0.78,0.16,50.57,5.34
Jonjo Shelvey,ENG,MF,0,0,1,0,2019-2020,Newcastle Utd,27,25,2119,23.5,0.1,0.15,0.26,57.57,2.47,14.51,32.64,11.11,0.94,57.57,0.85,0.64,3.19,0.21,1.06,30.38,145.19,67.19,0.94,0.81,0.3,1.02,0.43,34.3,1.19
Djibril Sidibé,FRA,"DF,MF",0,1,1,0,2019-2020,Everton,27,18,1824,20.3,0.02,0.11,0.13,72.36,2.66,20.54,33.15,19.41,0.99,72.36,1.23,0.69,2.76,0.54,2.17,38.33,181.38,98.97,3.0,2.12,0.2,1.38,0.59,39.9,5.02
Gylfi Sigurðsson,ISL,MF,0,0,1,0,2019-2020,Everton,29,28,2560,28.4,0.14,0.15,0.29,50.39,1.3,7.68,25.7,17.29,1.76,50.35,1.06,0.56,1.88,0.49,1.64,25.35,102.39,34.12,0.95,0.88,0.32,1.44,0.92,29.72,2.57
Bernardo Silva,POR,"FW,MF",0,0,1,1,2019-2020,Manchester City,24,23,2030,22.6,0.26,0.22,0.48,75.71,0.84,7.57,30.88,38.01,6.28,75.71,2.43,1.77,3.22,0.66,1.21,55.58,311.64,170.18,5.18,2.79,2.12,1.06,0.93,58.54,11.46
David Silva,ESP,MF,0,0,1,0,2019-2020,Manchester City,33,22,1826,20.3,0.31,0.32,0.63,84.19,0.99,6.4,37.14,41.23,8.47,84.19,2.17,1.63,3.69,0.54,1.23,60.34,287.04,145.42,4.04,3.5,1.53,1.67,0.94,69.31,8.62
Jack Simpson,ENG,DF,0,1,0,0,2019-2020,Bournemouth,22,1,241,2.7,0.01,0.02,0.04,49.26,7.04,24.44,22.59,2.59,0.37,49.26,1.85,1.48,29.63,0.37,7.41,24.44,101.11,28.15,0.0,0.0,0.0,0.37,0.74,24.44,1.11
Moussa Sissoko,FRA,MF,0,0,1,0,2019-2020,Tottenham,29,28,2452,27.2,0.08,0.04,0.12,58.27,2.54,13.64,32.65,13.05,1.1,58.27,2.46,1.47,2.19,0.99,1.48,37.28,200.74,104.63,2.65,1.43,0.37,1.43,0.77,37.24,2.13
Oliver Skipp,ENG,MF,0,0,1,0,2019-2020,Tottenham,18,1,77,0.9,0.0,0.0,0.0,51.11,2.22,15.56,32.22,3.33,0.0,51.11,0.0,0.0,,0.0,,30.0,80.0,43.33,0.0,1.11,0.0,1.11,1.11,31.11,0.0
William Smallbone,IRL,MF,0,0,1,0,2019-2020,Southampton,19,4,393,4.4,0.06,0.04,0.1,57.95,0.45,9.32,32.5,16.82,1.59,57.95,0.23,0.0,0.0,0.23,22.73,29.32,119.32,55.91,0.91,0.68,0.23,1.14,0.45,41.36,2.95
Adam Smith,ENG,DF,0,1,0,0,2019-2020,Bournemouth,28,24,2055,22.8,0.03,0.05,0.08,57.94,3.03,17.32,26.75,14.43,1.01,57.94,2.24,1.05,2.07,1.18,2.32,32.11,204.78,116.36,3.29,2.28,0.26,1.18,0.61,31.93,3.03
Emile Smith Rowe,ENG,MF,0,0,1,0,2019-2020,Arsenal,19,1,97,1.1,0.0,0.0,0.0,41.82,1.82,9.09,19.09,15.45,0.0,41.82,2.73,1.82,60.64,0.91,30.27,29.09,219.09,131.82,3.64,3.64,0.0,3.64,0.91,35.45,4.55
Robert Snodgrass,SCO,"MF,FW",0,0,1,1,2019-2020,West Ham,31,17,1509,16.8,0.15,0.19,0.34,47.74,0.89,7.38,18.21,22.8,2.8,47.74,2.14,1.13,3.14,1.01,2.81,24.23,161.49,64.52,2.62,1.37,1.19,0.95,1.49,29.4,6.96
Cédric Soares,POR,"MF,DF",0,1,1,0,2019-2020,Arsenal,27,3,249,2.8,0.01,0.01,0.02,59.64,2.14,13.93,25.36,20.71,0.71,59.64,0.71,0.71,35.71,0.0,0.0,30.0,141.43,72.14,2.14,2.14,0.0,1.43,0.36,32.86,8.93
Cédric Soares,POR,DF,0,1,0,0,2019-2020,Southampton,27,16,1306,14.5,0.04,0.05,0.09,64.21,4.0,17.03,30.62,16.9,1.1,64.21,0.28,0.28,6.9,0.0,0.0,23.45,126.83,64.9,2.0,1.72,0.14,1.24,0.62,28.21,3.17
Dominic Solanke,ENG,FW,0,0,0,1,2019-2020,Bournemouth,21,17,1651,18.3,0.25,0.07,0.32,36.45,0.98,4.15,15.79,16.83,4.1,36.45,3.39,1.42,2.29,1.97,3.17,22.84,140.44,54.37,1.91,1.42,0.82,2.84,2.95,25.63,5.96
Tomáš Souček,CZE,MF,0,0,1,0,2019-2020,West Ham,24,12,1040,11.6,0.24,0.03,0.27,47.07,3.79,13.28,23.62,10.6,3.1,47.07,0.34,0.0,0.0,0.34,8.62,21.81,65.95,22.16,0.26,0.17,0.09,0.95,0.09,24.83,1.47
Çağlar Söyüncü,TUR,DF,0,1,0,0,2019-2020,Leicester City,23,34,3036,33.7,0.06,0.02,0.09,80.12,7.8,39.85,38.66,1.93,0.98,80.12,0.65,0.5,2.29,0.15,0.67,52.79,266.94,126.97,0.65,0.3,0.0,0.5,0.06,55.31,0.15
Dennis Srbeny,GER,"MF,FW",0,0,1,1,2019-2020,Norwich City,25,0,47,0.5,1.0,0.0,1.0,62.0,2.0,8.0,32.0,22.0,6.0,62.0,10.0,4.0,80.0,6.0,120.0,40.0,94.0,12.0,0.0,0.0,0.0,2.0,6.0,44.0,8.0
Jack Stacey,ENG,DF,0,1,0,0,2019-2020,Bournemouth,23,17,1549,17.2,0.03,0.13,0.16,56.05,5.06,20.41,24.19,12.03,1.28,56.05,1.34,0.93,4.05,0.41,1.77,28.95,160.93,91.05,2.21,1.22,0.35,0.87,0.64,27.79,3.31
Junior Stanislas,ENG,"MF,FW",0,0,1,1,2019-2020,Bournemouth,29,7,712,7.9,0.27,0.1,0.37,48.99,1.14,8.23,16.84,24.3,2.28,48.86,2.28,1.39,7.73,0.89,4.92,27.85,167.22,96.71,3.8,1.9,0.76,1.52,1.01,29.87,5.32
Jed Steer,ENG,GK,1,0,0,0,2019-2020,Aston Villa,26,1,7,0.1,0.0,0.0,0.0,20.0,20.0,20.0,0.0,0.0,0.0,20.0,0.0,0.0,,0.0,,0.0,0.0,0.0,0.0,0.0,0.0,0.0,0.0,10.0,0.0
Dale Stephens,ENG,MF,0,0,1,0,2019-2020,Brighton,30,28,2530,28.1,0.02,0.05,0.07,70.07,3.63,18.86,42.67,8.9,0.25,70.07,0.43,0.36,2.96,0.07,0.59,35.12,167.47,65.27,0.32,1.07,0.07,0.68,0.46,47.54,0.5
Jack Stephens,ENG,DF,0,1,0,0,2019-2020,Southampton,25,27,2451,27.2,0.04,0.05,0.09,58.53,7.21,26.47,30.59,1.91,0.74,58.53,0.4,0.26,2.34,0.15,1.34,28.82,153.12,92.68,0.62,0.29,0.11,0.62,0.15,31.54,0.4
Raheem Sterling,ENG,FW,0,0,0,1,2019-2020,Manchester City,24,30,2651,29.5,0.62,0.21,0.83,54.51,0.37,2.88,17.25,34.92,9.19,54.44,3.63,1.9,1.77,1.73,1.62,41.22,249.05,134.54,5.12,2.34,3.08,2.27,2.03,44.71,14.54
Enda Stevens,IRL,DF,0,1,0,0,2019-2020,Sheffield Utd,29,38,3345,37.2,0.04,0.14,0.18,61.56,2.23,13.49,25.81,22.9,1.96,61.56,2.26,1.64,1.95,0.59,0.7,30.54,158.92,85.4,2.47,1.69,0.54,1.48,1.16,35.91,5.3
Marco Stiepermann,GER,MF,0,0,1,0,2019-2020,Norwich City,28,14,1180,13.1,0.11,0.06,0.18,42.82,2.14,6.41,20.61,16.18,2.98,42.82,2.21,1.3,4.47,0.92,3.16,27.33,144.58,75.95,2.67,2.06,0.61,1.98,1.6,31.53,3.97
John Stones,ENG,DF,0,1,0,0,2019-2020,Manchester City,25,12,1122,12.5,0.03,0.01,0.04,90.16,7.84,30.8,54.8,5.04,0.96,90.16,0.4,0.4,8.0,0.0,0.0,66.8,452.88,287.52,1.76,1.92,0.0,0.24,0.0,69.52,0.08
Isaac Success,NGA,"FW,MF",0,0,1,1,2019-2020,Watford,23,0,70,0.8,0.07,0.07,0.14,40.0,0.0,2.5,12.5,25.0,1.25,40.0,3.75,1.25,41.62,2.5,83.38,35.0,163.75,73.75,5.0,2.5,0.0,6.25,2.5,37.5,11.25
Ki Sung-yueng,KOR,MF,0,0,1,0,2019-2020,Newcastle Utd,30,1,137,1.5,0.0,0.05,0.05,52.0,2.0,14.0,26.67,11.33,0.0,52.0,1.33,1.33,66.67,0.0,0.0,28.0,112.0,50.67,0.67,0.67,0.0,0.67,1.33,34.0,2.0
Andrew Surman,ENG,MF,0,0,1,0,2019-2020,Bournemouth,32,2,235,2.6,0.01,0.02,0.02,58.46,3.46,20.0,31.54,7.69,0.0,58.46,0.0,0.0,,0.0,,33.46,119.62,39.23,0.38,0.38,0.0,1.54,0.77,32.69,0.38
Sam Surridge,ENG,"FW,MF",0,0,1,1,2019-2020,Bournemouth,21,0,27,0.3,1.75,0.19,1.94,73.33,0.0,10.0,20.0,43.33,20.0,73.33,6.67,3.33,166.67,3.33,166.67,40.0,203.33,66.67,0.0,0.0,3.33,10.0,3.33,53.33,16.67
Japhet Tanganga,ENG,DF,0,1,0,0,2019-2020,Tottenham,20,6,525,5.8,0.01,0.01,0.02,56.03,6.03,23.28,27.93,5.52,0.34,56.03,1.21,1.03,14.78,0.17,2.47,30.17,129.48,67.24,0.52,0.52,0.0,2.24,0.86,27.76,1.21
Matt Targett,ENG,"DF,MF",0,1,1,0,2019-2020,Aston Villa,23,27,2291,25.5,0.02,0.1,0.12,59.14,4.59,19.49,24.9,15.37,1.02,59.14,0.82,0.31,1.49,0.51,2.43,25.14,99.96,53.96,0.86,1.14,0.2,0.63,0.55,30.2,3.18
James Tarkowski,ENG,DF,0,1,0,0,2019-2020,Burnley,26,38,3420,38.0,0.06,0.08,0.14,48.32,8.05,22.74,23.05,2.74,1.89,48.32,0.34,0.34,2.63,0.0,0.0,18.42,83.0,36.05,0.05,0.11,0.0,0.45,0.11,21.0,0.05
Charlie Taylor,ENG,DF,0,1,0,0,2019-2020,Burnley,25,22,1945,21.6,0.0,0.04,0.04,62.31,4.63,18.8,28.52,15.79,0.42,62.31,1.85,0.88,2.2,0.97,2.43,24.49,203.61,89.72,2.82,1.57,0.23,1.02,0.51,28.47,2.13
Neil Taylor,WAL,DF,0,1,0,0,2019-2020,Aston Villa,30,11,1091,12.1,0.01,0.03,0.05,52.4,4.88,19.09,24.13,9.42,0.41,52.4,0.17,0.17,8.26,0.0,0.0,20.83,81.9,45.21,0.58,0.41,0.0,0.41,0.17,27.02,2.07
Nathan Tella,NGA,FW,0,0,0,1,2019-2020,Southampton,20,0,3,0.0,1.27,0.0,1.27,inf,,,inf,inf,inf,inf,,,,,,inf,inf,inf,inf,,inf,,,inf,inf
Alexander Tettey,NOR,"MF,DF",0,1,1,0,2019-2020,Norwich City,33,28,2338,26.0,0.03,0.02,0.05,59.12,4.58,20.54,33.5,5.46,0.42,59.12,0.77,0.58,2.88,0.19,0.96,35.54,165.62,74.15,0.73,0.65,0.04,0.69,0.31,36.81,0.46
Jordan Thomas,ENG,FW,0,0,0,1,2019-2020,Norwich City,18,0,1,0.0,0.0,0.0,0.0,,,,,,,,,,,,,,,,,,,,,,
Luke Thomas,ENG,"MF,DF",0,1,1,0,2019-2020,Leicester City,18,3,267,3.0,0.0,0.21,0.21,74.33,1.67,12.67,35.33,27.33,1.67,74.33,1.0,1.0,33.33,0.0,0.0,38.67,162.67,73.0,2.0,0.67,0.67,2.33,1.0,49.67,5.33
Max Thompson,ENG,FW,0,0,0,1,2019-2020,Burnley,17,0,3,0.0,0.0,0.0,0.0,,,,,,,,,,,,,,,,,,,,,,
Youri Tielemans,BEL,MF,0,0,1,0,2019-2020,Leicester City,22,32,2828,31.4,0.09,0.14,0.23,69.33,0.86,10.19,37.68,21.97,1.66,69.33,1.53,0.92,1.92,0.61,1.26,41.78,159.2,80.16,1.46,1.4,0.38,1.5,0.86,51.43,3.92
Kieran Tierney,SCO,"DF,MF",0,1,1,0,2019-2020,Arsenal,22,12,989,11.0,0.02,0.09,0.11,61.45,3.64,20.64,23.73,17.82,1.27,61.45,1.36,1.09,7.27,0.27,1.82,32.27,157.09,73.91,2.36,1.09,0.73,1.0,0.45,35.45,6.09
James Tomkins,ENG,DF,0,1,0,0,2019-2020,Crystal Palace,30,18,1582,17.6,0.06,0.01,0.07,50.17,7.39,31.99,16.88,1.82,1.19,50.17,0.11,0.06,2.84,0.06,2.84,20.11,94.89,54.55,0.06,0.11,0.0,0.28,0.06,26.36,0.23
Fikayo Tomori,ENG,DF,0,1,0,0,2019-2020,Chelsea,21,15,1291,14.3,0.03,0.01,0.04,92.45,8.32,47.34,41.75,3.85,0.7,92.45,0.84,0.63,5.24,0.21,1.75,63.71,309.58,155.94,0.98,1.05,0.0,0.77,0.28,67.97,0.28
Lucas Torreira,URU,MF,0,0,1,0,2019-2020,Arsenal,23,17,1512,16.8,0.08,0.05,0.13,65.12,3.27,17.02,37.44,11.19,1.49,65.12,1.37,1.01,4.4,0.36,1.55,36.01,180.0,76.19,0.77,0.83,0.18,1.07,0.54,42.8,1.19
Cenk Tosun,TUR,FW,0,0,0,1,2019-2020,Crystal Palace,28,2,177,2.0,0.27,0.29,0.55,33.0,1.0,5.0,15.0,13.5,3.5,33.0,3.0,3.0,50.0,0.0,0.0,20.5,128.5,50.0,2.5,0.5,1.5,1.5,2.5,27.0,5.5
Cenk Tosun,TUR,FW,0,0,0,1,2019-2020,Everton,28,2,291,3.2,0.29,0.05,0.35,28.12,0.31,0.94,7.5,19.69,8.44,28.12,0.31,0.31,31.25,0.0,0.0,17.81,64.06,18.75,0.62,0.62,0.0,2.5,0.94,22.19,8.44
Andros Townsend,ENG,"FW,MF",0,0,1,1,2019-2020,Crystal Palace,28,14,1294,14.4,0.03,0.13,0.16,44.58,1.11,7.64,18.33,20.0,1.18,44.58,3.68,2.64,4.98,1.04,1.97,28.12,223.68,97.57,3.89,3.19,0.62,2.22,2.43,28.26,5.35
Adama Traoré,ESP,"FW,DF",0,1,0,1,2019-2020,Wolves,23,27,2605,28.9,0.13,0.23,0.36,46.19,0.8,4.6,19.1,24.01,3.67,46.19,8.51,6.33,2.57,2.18,0.89,32.73,352.28,194.84,8.72,3.84,2.46,3.04,2.25,34.98,8.51
Mark Travers,IRL,GK,1,0,0,0,2019-2020,Bournemouth,20,1,90,1.0,0.0,0.0,0.0,32.0,28.0,32.0,0.0,0.0,0.0,32.0,0.0,0.0,,0.0,,22.0,89.0,55.0,0.0,0.0,0.0,0.0,0.0,15.0,0.0
Trézéguet,EGY,"FW,MF",0,0,1,1,2019-2020,Aston Villa,24,20,1950,21.7,0.22,0.05,0.27,35.12,0.97,5.9,12.3,17.7,3.41,35.12,2.95,1.38,2.16,1.57,2.45,21.98,150.23,79.86,2.72,2.12,0.83,3.27,0.92,22.81,7.83
Leandro Trossard,BEL,"FW,MF",0,0,1,1,2019-2020,Brighton,24,22,2011,22.3,0.23,0.18,0.4,46.01,0.67,4.84,17.58,24.35,4.22,46.01,2.38,1.3,2.45,1.08,2.03,30.94,198.07,91.66,3.05,1.75,1.17,2.29,1.48,33.77,10.22
Tom Trybull,GER,MF,0,0,1,0,2019-2020,Norwich City,26,14,1130,12.6,0.04,0.01,0.05,61.59,4.37,18.33,38.73,5.16,0.71,61.59,0.56,0.48,6.8,0.08,1.13,37.38,146.11,54.92,0.24,0.71,0.0,1.27,0.56,38.41,0.16
Axel Tuanzebe,COD,DF,0,1,0,0,2019-2020,Manchester Utd,21,2,189,2.1,0.0,0.0,0.0,83.81,3.81,24.29,48.57,11.43,0.0,83.81,1.43,0.0,0.0,1.43,47.62,41.9,255.24,131.9,0.48,1.43,0.0,0.48,0.95,54.29,0.95
Yan Valery,TUN,DF,0,1,0,0,2019-2020,Southampton,20,10,779,8.7,0.03,0.12,0.15,52.07,3.22,15.17,22.53,15.06,1.26,52.07,3.1,1.61,5.97,1.49,5.53,19.89,134.37,61.95,2.3,1.26,0.92,1.61,2.18,19.77,3.56
Jesús Vallejo,ESP,DF,0,1,0,0,2019-2020,Wolves,22,1,163,1.8,0.0,0.0,0.0,77.22,10.0,38.89,34.44,3.89,0.0,77.22,0.56,0.56,55.56,0.0,0.0,41.11,150.56,86.67,0.0,1.11,0.0,1.11,0.56,51.67,0.0
Virgil van Dijk,NED,DF,0,1,0,0,2019-2020,Liverpool,28,38,3420,38.0,0.08,0.04,0.11,94.42,8.29,35.92,55.95,2.68,1.29,94.42,0.11,0.08,1.97,0.03,0.66,65.37,246.45,120.89,0.55,0.5,0.08,0.05,0.05,67.89,0.37
Jamie Vardy,ENG,FW,0,0,0,1,2019-2020,Leicester City,32,34,3033,33.7,0.57,0.18,0.75,21.96,0.83,1.16,8.37,12.58,4.99,21.81,1.39,0.68,1.45,0.71,1.52,11.57,69.97,35.55,1.81,0.62,1.13,1.51,0.47,14.45,5.93
Indiana Vassilev,USA,"FW,MF",0,0,1,1,2019-2020,Aston Villa,18,0,51,0.6,0.06,0.0,0.06,25.0,0.0,0.0,6.67,18.33,5.0,25.0,1.67,1.67,166.67,0.0,0.0,20.0,115.0,20.0,0.0,0.0,0.0,1.67,3.33,20.0,6.67
Jan Vertonghen,BEL,DF,0,1,0,0,2019-2020,Tottenham,32,19,1645,18.3,0.02,0.05,0.07,75.52,8.09,33.22,38.58,3.93,0.33,75.52,0.44,0.27,3.42,0.16,2.05,46.78,209.67,117.6,0.71,0.44,0.11,0.49,0.38,46.72,0.71
Jannik Vestergaard,DEN,DF,0,1,0,0,2019-2020,Southampton,26,17,1497,16.6,0.08,0.03,0.11,63.61,6.57,27.47,33.61,2.77,1.08,63.61,0.3,0.18,3.61,0.12,2.41,29.16,162.05,90.3,0.72,0.36,0.06,0.66,0.06,34.7,0.06
Rúben Vinagre,POR,"MF,DF",0,1,1,0,2019-2020,Wolves,20,6,652,7.2,0.04,0.08,0.12,64.31,2.08,18.19,28.06,18.47,1.94,64.31,6.11,2.78,6.32,3.33,7.57,32.22,257.78,148.19,5.0,2.22,1.11,1.39,1.94,35.69,4.44
Jake Vokins,ENG,DF,0,1,0,0,2019-2020,Southampton,19,1,90,1.0,0.02,0.08,0.1,80.0,1.0,9.0,34.0,37.0,1.0,80.0,1.0,0.0,0.0,1.0,100.0,42.0,236.0,136.0,4.0,4.0,0.0,2.0,1.0,59.0,11.0
Mario Vrančić,BIH,MF,0,0,1,0,2019-2020,Norwich City,30,6,636,7.1,0.21,0.13,0.34,77.61,1.55,17.75,45.21,15.07,1.27,77.61,1.13,0.7,8.8,0.42,5.28,47.18,250.56,148.17,2.39,0.99,0.28,1.27,1.41,53.38,1.97
Matěj Vydra,CZE,FW,0,0,0,1,2019-2020,Burnley,27,7,819,9.1,0.41,0.11,0.52,25.38,0.99,1.98,9.12,14.4,4.18,25.38,1.98,0.66,3.66,1.32,7.33,13.85,72.97,33.41,1.43,0.88,0.88,2.09,0.77,18.24,5.71
Theo Walcott,ENG,"MF,FW",0,0,1,1,2019-2020,Everton,30,17,1287,14.3,0.22,0.26,0.48,39.16,0.35,5.24,13.99,20.35,4.97,39.16,2.24,1.19,3.71,1.05,3.28,23.92,119.37,63.29,2.38,1.61,0.77,2.66,1.54,27.06,8.88
Kyle Walker,ENG,DF,0,1,0,0,2019-2020,Manchester City,29,28,2392,26.6,0.05,0.06,0.1,89.17,2.22,16.32,52.07,21.62,1.24,89.17,1.17,0.86,2.79,0.3,0.97,59.29,336.99,179.32,4.02,3.46,0.45,0.83,0.56,64.7,4.55
Kyle Walker-Peters,ENG,DF,0,1,0,0,2019-2020,Southampton,22,7,703,7.8,0.01,0.08,0.1,67.95,3.72,18.59,33.33,16.67,1.28,67.95,2.44,2.18,11.47,0.26,1.35,35.64,251.41,141.79,3.33,2.56,0.77,1.15,0.77,36.15,3.21
Kyle Walker-Peters,ENG,DF,0,1,0,0,2019-2020,Tottenham,22,3,241,2.7,0.01,0.03,0.04,88.89,4.44,23.33,41.11,26.67,1.85,88.89,2.59,1.85,26.44,0.74,10.59,58.15,271.48,155.93,3.33,2.96,0.74,1.11,1.11,62.59,7.41
Aaron Wan-Bissaka,ENG,DF,0,1,0,0,2019-2020,Manchester Utd,21,34,3070,34.1,0.02,0.09,0.11,75.4,2.96,21.61,32.64,21.85,1.2,75.4,2.4,1.58,1.93,0.82,1.0,36.51,189.06,103.67,2.93,1.96,0.62,1.0,1.29,42.99,5.13
Victor Wanyama,KEN,MF,0,0,1,0,2019-2020,Tottenham,28,0,25,0.3,0.0,0.0,0.0,66.67,0.0,6.67,53.33,10.0,0.0,66.67,3.33,3.33,333.33,0.0,0.0,36.67,320.0,200.0,0.0,3.33,0.0,0.0,0.0,36.67,0.0
Joel Ward,ENG,DF,0,1,0,0,2019-2020,Crystal Palace,29,27,2382,26.5,0.01,0.01,0.02,59.02,4.42,20.45,26.68,12.0,0.38,59.02,0.57,0.3,2.01,0.26,1.76,22.3,105.7,57.02,0.83,0.75,0.0,0.75,0.45,28.38,2.04
James Ward-Prowse,ENG,"MF,DF",0,1,1,0,2019-2020,Southampton,24,38,3420,38.0,0.19,0.18,0.37,63.5,3.11,11.61,33.34,18.97,1.11,63.45,0.55,0.37,1.76,0.18,0.88,23.58,91.68,35.68,0.45,0.95,0.08,0.74,0.55,30.66,2.16
Kelland Watts,ENG,DF,0,1,0,0,2019-2020,Newcastle Utd,19,0,17,0.2,0.0,0.0,0.0,20.0,5.0,20.0,0.0,0.0,0.0,20.0,0.0,0.0,,0.0,,15.0,70.0,15.0,0.0,0.0,0.0,0.0,0.0,10.0,0.0
Adam Webster,ENG,DF,0,1,0,0,2019-2020,Brighton,24,31,2668,29.6,0.05,0.04,0.09,75.1,9.59,39.39,32.87,3.28,0.98,75.1,0.61,0.47,2.63,0.14,0.75,42.7,266.66,169.36,0.98,0.78,0.1,0.64,0.17,48.78,0.14
Danny Welbeck,ENG,"FW,MF",0,0,1,1,2019-2020,Watford,28,8,822,9.1,0.43,0.02,0.44,29.56,0.66,4.07,11.21,15.05,4.4,29.56,2.2,0.99,4.95,1.1,5.49,18.46,116.7,40.55,1.43,0.77,0.77,2.31,2.2,20.88,7.25
Ashley Westwood,ENG,MF,0,0,1,0,2019-2020,Burnley,29,35,3150,35.0,0.03,0.18,0.21,61.14,1.74,8.49,39.09,13.97,0.63,61.11,0.57,0.23,1.14,0.34,1.71,28.46,107.6,46.51,0.63,0.6,0.0,0.8,0.31,36.51,0.94
Connor Wickham,ENG,"FW,MF",0,0,1,1,2019-2020,Crystal Palace,26,0,96,1.1,1.28,0.52,1.8,59.09,0.0,4.55,26.36,28.18,6.36,59.09,3.64,1.82,45.45,1.82,45.45,23.64,105.45,36.36,2.73,0.91,1.82,3.64,1.82,42.73,9.09
Georginio Wijnaldum,NED,MF,0,0,1,0,2019-2020,Liverpool,28,35,2935,32.6,0.08,0.02,0.1,59.72,1.26,8.19,35.83,16.26,2.27,59.72,2.27,1.26,1.7,1.01,1.37,43.25,202.73,93.4,2.27,2.06,0.15,1.32,0.92,44.14,3.04
Jetro Willems,NED,DF,0,1,0,0,2019-2020,Newcastle Utd,25,18,1493,16.6,0.03,0.06,0.09,46.02,3.67,15.72,19.1,11.93,1.14,46.02,1.93,1.27,3.95,0.66,2.07,21.63,98.31,57.41,1.45,0.9,0.42,1.27,0.42,20.9,1.87
Brandon Williams,ENG,DF,0,1,0,0,2019-2020,Manchester Utd,18,11,1006,11.2,0.09,0.05,0.14,68.48,2.77,19.46,30.0,19.55,1.79,68.48,1.96,1.43,6.49,0.54,2.44,37.14,218.3,127.32,3.57,2.05,0.71,1.96,0.62,44.55,6.25
Neco Williams,WAL,DF,0,1,0,0,2019-2020,Liverpool,18,3,230,2.6,0.1,0.03,0.13,98.08,1.92,21.15,43.85,34.23,3.46,98.08,4.23,2.31,20.96,1.92,17.5,59.23,312.31,131.54,3.85,1.92,1.92,1.92,0.38,57.31,6.54
Willian,BRA,"FW,MF",0,0,1,1,2019-2020,Chelsea,30,29,2600,28.9,0.26,0.27,0.53,66.61,0.59,6.26,25.26,36.12,4.26,66.47,3.18,2.25,2.45,0.93,1.01,43.98,352.35,181.04,6.54,3.63,1.94,2.15,1.04,49.52,10.17
Joe Willock,ENG,"MF,FW",0,0,1,1,2019-2020,Arsenal,19,8,857,9.5,0.17,0.11,0.28,52.42,2.84,9.58,25.89,18.0,3.68,52.42,3.37,2.21,6.91,1.16,3.62,33.37,232.63,131.26,4.11,2.53,1.16,3.05,1.89,34.84,5.37
Jack Wilshere,ENG,MF,0,0,1,0,2019-2020,West Ham,27,2,215,2.4,0.0,0.0,0.0,43.75,0.42,4.58,27.5,12.08,0.83,43.75,1.67,0.42,10.42,1.25,31.25,30.83,180.83,81.25,2.5,0.42,0.42,3.33,3.75,32.08,2.92
Callum Wilson,ENG,FW,0,0,0,1,2019-2020,Bournemouth,27,32,2908,32.3,0.31,0.09,0.39,26.47,0.71,2.26,9.72,14.71,4.43,26.47,1.39,0.74,1.65,0.65,1.45,17.49,76.56,31.39,1.39,0.8,0.71,3.31,1.58,19.63,6.1
Harry Wilson,WAL,"MF,FW",0,0,1,1,2019-2020,Bournemouth,22,20,1646,18.3,0.22,0.13,0.35,45.9,0.87,6.01,20.71,19.84,2.73,45.9,1.8,0.93,2.81,0.87,2.65,29.45,153.93,59.34,1.58,0.93,0.33,1.91,1.15,29.29,4.86
Harry Winks,ENG,MF,0,0,1,0,2019-2020,Tottenham,23,26,2221,24.7,0.02,0.04,0.06,77.98,2.19,15.79,51.46,11.46,0.16,77.98,0.85,0.61,2.89,0.24,1.16,54.62,266.07,132.11,1.78,1.74,0.04,1.05,0.61,58.18,0.73
Chris Wood,NZL,FW,0,0,0,1,2019-2020,Burnley,27,29,2437,27.1,0.58,0.07,0.64,26.79,0.89,2.03,10.81,14.13,3.87,26.75,0.52,0.22,1.58,0.3,2.11,14.28,45.2,15.39,0.48,0.44,0.22,2.88,1.11,21.88,5.9
Granit Xhaka,SUI,MF,0,0,1,0,2019-2020,Arsenal,26,30,2586,28.7,0.02,0.03,0.05,76.41,4.36,21.25,45.02,10.63,0.66,76.41,1.11,0.87,2.72,0.24,0.76,44.77,222.65,115.54,1.32,0.98,0.07,0.98,0.42,55.44,1.15
Andriy Yarmolenko,UKR,"MF,FW",0,0,1,1,2019-2020,West Ham,29,10,991,11.0,0.22,0.32,0.54,47.55,0.82,6.82,17.82,23.18,4.45,47.55,1.45,0.91,5.68,0.55,3.41,32.91,187.82,87.55,3.64,1.27,2.18,2.09,1.0,37.45,5.82
DeAndre Yedlin,USA,DF,0,1,0,0,2019-2020,Newcastle Utd,26,10,938,10.4,0.07,0.03,0.1,39.23,3.75,13.37,15.96,10.0,0.48,39.23,0.58,0.1,1.61,0.48,8.01,19.81,83.85,46.44,1.15,1.44,0.29,1.35,0.48,21.25,3.85
Maya Yoshida,JPN,DF,0,1,0,0,2019-2020,Southampton,30,6,560,6.2,0.11,0.0,0.11,54.52,6.29,26.61,24.35,3.55,1.61,54.52,0.16,0.16,16.13,0.0,0.0,25.48,112.1,51.29,0.16,0.32,0.0,0.32,0.32,31.94,0.48
Ashley Young,ENG,DF,0,1,0,0,2019-2020,Manchester Utd,34,10,955,10.6,0.01,0.14,0.15,80.28,3.3,17.45,41.89,21.6,0.66,80.28,1.32,0.66,4.72,0.66,4.72,35.85,158.68,97.64,2.36,1.6,0.28,0.85,0.66,46.04,3.3
Pablo Zabaleta,ARG,DF,0,1,0,0,2019-2020,West Ham,34,6,592,6.6,0.0,0.05,0.05,62.12,5.91,18.48,31.21,12.73,0.91,62.12,0.45,0.3,10.11,0.15,5.05,27.88,116.52,59.85,1.52,0.91,0.15,0.61,0.15,30.3,6.21
Wilfried Zaha,CIV,"FW,MF",0,0,1,1,2019-2020,Crystal Palace,26,37,3280,36.4,0.14,0.11,0.25,48.05,0.22,4.73,19.26,25.47,5.44,48.05,7.34,4.48,1.68,2.86,1.07,36.98,289.51,155.99,5.77,3.19,2.8,3.57,4.07,38.63,9.73
Christoph Zimmermann,GER,DF,0,1,0,0,2019-2020,Norwich City,26,16,1430,15.9,0.02,0.01,0.03,53.46,10.31,33.58,19.25,0.94,0.5,53.46,0.44,0.31,4.49,0.13,1.8,29.06,184.34,114.78,0.5,0.13,0.0,0.38,0.25,30.13,0.0
Oleksandr Zinchenko,UKR,DF,0,1,0,0,2019-2020,Manchester City,22,13,1276,14.2,0.03,0.11,0.14,105.42,1.69,18.66,52.18,35.21,0.56,105.42,0.63,0.21,2.35,0.42,4.7,74.3,277.54,154.23,2.61,3.38,0.07,0.92,0.56,78.52,9.44
Richairo Živković,CUW,FW,0,0,0,1,2019-2020,Sheffield Utd,22,0,112,1.2,0.06,0.08,0.14,23.33,0.0,0.0,10.83,13.33,1.67,23.33,2.5,0.0,0.0,2.5,83.33,15.0,75.0,40.0,0.83,1.67,0.0,0.83,2.5,16.67,6.67
Kurt Zouma,FRA,DF,0,1,0,0,2019-2020,Chelsea,24,25,2344,26.0,0.04,0.01,0.05,90.81,9.35,43.69,45.54,2.04,0.96,90.81,0.46,0.31,2.57,0.15,1.28,60.15,294.88,161.04,0.62,0.46,0.0,0.46,0.19,65.85,0.08
Patrick van Aanholt,NED,DF,0,1,0,0,2018-2019,Crystal Palace,27,36,3195,35.5,0.07,0.12,0.2,64.79,3.46,18.76,29.46,17.21,1.77,64.79,1.18,0.62,1.48,0.56,1.34,29.61,152.54,89.69,2.51,1.94,0.45,0.99,0.42,37.61,2.99
Sergio Agüero,ARG,FW,0,0,0,1,2018-2019,Manchester City,30,31,2459,27.3,0.66,0.18,0.85,40.99,0.15,0.81,14.07,26.52,7.33,40.92,2.67,1.65,2.26,1.03,1.41,30.18,167.47,72.78,2.97,2.2,1.28,2.71,1.98,32.82,9.27
Nathan Aké,NED,DF,0,1,0,0,2018-2019,Bournemouth,23,38,3411,37.9,0.09,0.03,0.11,58.18,8.05,33.25,21.45,3.72,1.32,58.18,0.13,0.08,1.58,0.05,1.06,34.27,174.59,102.64,0.53,0.47,0.05,0.47,0.16,34.49,0.66
Marc Albrighton,ENG,"FW,MF",0,0,1,1,2018-2019,Leicester City,28,18,1625,18.1,0.07,0.16,0.23,55.52,2.15,11.22,22.98,22.21,1.49,55.52,3.04,1.1,2.01,1.93,3.51,34.97,180.11,77.9,2.98,1.66,0.17,1.93,1.27,36.24,9.5
Toby Alderweireld,BEL,DF,0,1,0,0,2018-2019,Tottenham,29,33,2922,32.5,0.03,0.02,0.05,82.77,8.31,38.28,41.85,3.29,0.55,82.77,0.06,0.03,1.54,0.03,1.54,56.86,266.4,149.63,0.77,0.77,0.0,0.18,0.0,59.14,0.15
Trent Alexander-Arnold,ENG,DF,0,1,0,0,2018-2019,Liverpool,19,27,2462,27.4,0.06,0.23,0.29,91.75,2.55,19.27,44.16,29.12,1.42,91.75,0.99,0.51,1.89,0.47,1.76,51.68,202.48,120.29,2.55,2.34,0.26,1.5,0.51,56.13,6.35
Alisson,BRA,GK,1,0,0,0,2018-2019,Liverpool,25,38,3420,38.0,0.0,0.0,0.0,35.45,29.42,35.21,0.26,0.0,0.0,35.45,0.05,0.05,2.63,0.0,0.0,22.05,96.84,64.89,0.03,0.03,0.0,0.0,0.03,17.76,0.0
Dele Alli,ENG,MF,0,0,1,0,2018-2019,Tottenham,22,22,1825,20.3,0.23,0.15,0.39,65.02,1.58,7.24,33.2,25.32,4.48,65.02,2.66,1.43,2.65,1.23,2.28,42.22,210.74,96.6,2.36,1.92,0.69,2.41,1.43,46.7,7.54
Miguel Almirón,PAR,MF,0,0,1,0,2018-2019,Newcastle Utd,24,9,759,8.4,0.18,0.07,0.25,45.24,0.83,6.67,18.69,20.83,2.98,45.24,1.67,0.83,5.95,0.83,5.95,25.6,204.05,123.45,3.69,1.9,0.71,2.62,0.71,28.57,5.36
Marcos Alonso,ESP,DF,0,1,0,0,2018-2019,Chelsea,27,31,2759,30.7,0.11,0.11,0.22,85.7,3.55,21.76,37.04,27.46,2.28,85.7,1.07,0.55,1.68,0.49,1.48,47.1,244.76,145.99,3.32,2.64,0.23,1.04,0.91,54.76,7.49
Daniel Amartey,GHA,DF,0,1,0,0,2018-2019,Leicester City,23,7,641,7.1,0.05,0.02,0.06,72.96,6.06,27.18,38.31,7.61,0.42,72.96,0.56,0.28,7.04,0.28,7.04,41.27,158.31,85.63,1.13,1.27,0.14,0.42,0.56,38.87,1.13
Luke Amos,ENG,MF,0,0,1,0,2018-2019,Tottenham,21,0,3,0.0,0.0,0.0,0.0,inf,,inf,inf,,,inf,,,,,,,,,,,,,,,
Felipe Anderson,BRA,"MF,FW",0,0,1,1,2018-2019,West Ham,25,36,3043,33.8,0.16,0.18,0.34,68.61,0.86,7.96,33.96,28.22,3.17,68.61,4.62,2.25,1.44,2.37,1.52,41.33,324.2,181.36,5.95,4.67,1.54,2.87,1.6,47.99,7.49
Florin Andone,ROU,FW,0,0,0,1,2018-2019,Brighton,25,8,881,9.8,0.25,0.01,0.26,35.2,1.53,5.1,14.59,16.43,4.69,35.2,3.78,0.92,2.48,2.86,7.72,21.43,121.02,37.55,1.33,1.12,1.12,4.9,3.37,24.18,6.33
Michail Antonio,JAM,"MF,FW",0,0,1,1,2018-2019,West Ham,28,22,2103,23.4,0.3,0.19,0.49,50.0,1.62,6.5,22.69,21.84,3.97,50.0,4.44,2.48,2.38,1.97,1.89,29.19,212.86,100.38,3.72,2.31,1.24,3.55,2.91,35.17,8.72
Stuart Armstrong,SCO,MF,0,0,1,0,2018-2019,Southampton,26,16,1432,15.9,0.12,0.09,0.22,52.64,0.88,5.79,23.84,23.33,2.45,52.64,1.89,1.19,3.98,0.69,2.31,28.68,168.43,69.87,2.52,2.26,0.44,2.52,1.57,36.1,5.66
Marko Arnautović,AUT,FW,0,0,0,1,2018-2019,West Ham,29,24,1990,22.1,0.4,0.2,0.6,38.37,0.27,2.04,15.07,21.67,5.7,38.33,1.63,0.9,2.52,0.72,2.01,22.53,118.14,41.9,1.72,1.13,1.09,2.13,1.45,30.81,8.82
Kepa Arrizabalaga,ESP,GK,1,0,0,0,2018-2019,Chelsea,23,36,3240,36.0,0.0,0.0,0.0,33.53,29.42,33.28,0.25,0.0,0.0,33.53,0.03,0.03,2.78,0.0,0.0,18.39,84.28,49.64,0.0,0.0,0.0,0.03,0.03,17.28,0.0
Harry Arter,IRL,MF,0,0,1,0,2018-2019,Cardiff City,28,24,1997,22.2,0.04,0.02,0.06,39.91,1.49,7.43,22.52,10.41,0.68,39.91,0.32,0.14,1.93,0.18,2.57,13.24,71.58,36.62,0.59,0.77,0.05,0.9,0.14,18.56,1.04
Christian Atsu,GHA,MF,0,0,1,0,2018-2019,Newcastle Utd,26,15,1493,16.6,0.13,0.09,0.22,38.31,0.96,6.02,16.69,16.63,2.23,38.31,3.13,1.51,2.9,1.63,3.13,22.89,159.4,81.63,2.89,2.41,0.84,2.89,1.81,25.66,4.34
Pierre-Emerick Aubameyang,GAB,FW,0,0,0,1,2018-2019,Arsenal,29,30,2726,30.3,0.74,0.14,0.88,34.59,0.56,2.74,13.76,18.48,4.69,34.42,1.82,0.96,1.74,0.86,1.56,20.1,129.37,68.58,2.71,1.49,0.99,2.01,1.09,26.93,7.52
Serge Aurier,CIV,DF,0,1,0,0,2018-2019,Tottenham,25,6,564,6.3,0.02,0.16,0.18,68.57,3.49,19.37,27.94,21.75,1.43,68.57,2.22,1.27,9.06,0.95,6.81,32.22,126.03,68.89,1.75,1.75,0.0,1.9,1.11,36.67,4.6
Charlie Austin,ENG,FW,0,0,0,1,2018-2019,Southampton,29,11,983,10.9,0.33,0.08,0.41,30.37,1.56,3.49,13.76,13.21,4.31,30.28,0.55,0.09,1.53,0.46,7.64,13.49,58.99,15.32,0.55,0.09,0.18,2.75,1.65,21.01,4.04
Jordan Ayew,GHA,FW,0,0,0,1,2018-2019,Crystal Palace,26,14,1181,13.1,0.22,0.09,0.31,37.02,0.53,3.82,17.63,16.49,4.27,37.02,1.98,0.84,3.23,1.15,4.4,20.84,132.37,50.92,2.37,0.69,0.69,3.59,2.44,24.81,6.87
Floyd Ayité,TOG,"FW,MF",0,0,1,1,2018-2019,Fulham,29,3,476,5.3,0.07,0.1,0.17,51.32,1.13,7.17,26.42,18.49,2.64,51.32,3.21,1.89,11.09,1.32,7.77,30.19,211.7,92.26,2.64,1.89,0.75,3.77,2.45,36.04,8.3
César Azpilicueta,ESP,DF,0,1,0,0,2018-2019,Chelsea,28,38,3402,37.8,0.03,0.06,0.1,88.68,3.2,26.27,39.5,23.1,1.27,88.68,0.58,0.26,1.2,0.32,1.44,42.46,150.32,81.51,1.22,1.69,0.24,0.87,0.24,57.35,5.42
Ryan Babel,NED,"FW,MF",0,0,1,1,2018-2019,Fulham,31,15,1251,13.9,0.41,0.16,0.57,46.69,1.37,4.75,24.1,18.35,2.16,46.69,2.45,1.94,5.71,0.5,1.48,28.13,201.58,87.63,3.02,2.52,0.5,2.66,2.01,36.55,7.84
Juninho Bacuna,CUW,"MF,DF",0,1,1,0,2018-2019,Huddersfield,20,16,1412,15.7,0.04,0.09,0.14,63.06,1.08,11.53,39.04,13.63,0.64,63.06,3.18,1.66,3.31,1.53,3.06,34.33,165.73,77.39,1.53,1.53,0.19,2.48,1.08,38.54,1.91
Leandro Bacuna,CUW,MF,0,0,1,0,2018-2019,Cardiff City,26,4,561,6.2,0.02,0.01,0.03,38.23,2.42,11.61,20.65,7.26,0.32,38.23,1.13,0.81,11.52,0.32,4.61,11.61,110.81,67.9,1.77,1.13,0.16,1.77,0.81,11.45,0.81
Eric Bailly,CIV,DF,0,1,0,0,2018-2019,Manchester Utd,24,8,638,7.1,0.03,0.0,0.03,54.93,7.89,30.28,23.52,1.55,0.99,54.93,0.7,0.56,11.27,0.14,2.82,26.9,122.25,47.61,0.42,0.14,0.0,0.7,0.14,32.82,0.28
Leighton Baines,ENG,DF,0,1,0,0,2018-2019,Everton,33,5,375,4.2,0.02,0.05,0.07,69.29,2.62,12.38,39.29,17.86,0.0,69.29,0.24,0.0,0.0,0.24,23.81,30.24,113.33,71.67,1.43,1.43,0.0,0.24,0.24,36.9,3.1
Fabián Balbuena,PAR,DF,0,1,0,0,2018-2019,West Ham,26,23,2013,22.4,0.1,0.01,0.1,51.65,8.84,28.17,21.83,1.74,1.25,51.65,0.04,0.04,4.46,0.0,0.0,21.65,104.69,62.1,0.04,0.18,0.0,0.18,0.09,26.29,0.18
Leon Balogun,NGA,DF,0,1,0,0,2018-2019,Brighton,30,5,594,6.6,0.01,0.0,0.01,45.45,5.3,27.73,17.12,0.91,0.91,45.45,0.15,0.0,0.0,0.15,15.15,17.73,73.18,21.36,0.15,0.0,0.0,1.36,0.3,22.42,0.15
Sol Bamba,CIV,DF,0,1,0,0,2018-2019,Cardiff City,33,28,2474,27.5,0.14,0.01,0.15,36.95,7.09,20.62,15.2,1.78,1.02,36.95,0.73,0.51,2.55,0.22,1.09,10.51,56.91,25.53,0.22,0.18,0.0,0.73,0.4,8.91,0.07
Phil Bardsley,SCO,DF,0,1,0,0,2018-2019,Burnley,33,19,1670,18.6,0.02,0.06,0.08,53.23,4.3,14.95,27.85,10.86,0.27,53.23,0.43,0.22,2.69,0.22,2.69,17.96,99.03,47.58,1.02,1.13,0.11,0.48,0.32,21.77,1.24
Ross Barkley,ENG,MF,0,0,1,0,2018-2019,Chelsea,24,13,1245,13.8,0.29,0.15,0.45,81.23,1.74,9.78,47.61,24.57,2.75,81.23,1.59,1.09,4.94,0.51,2.3,50.94,241.23,106.16,2.32,2.54,0.22,1.38,2.39,65.29,3.62
Ashley Barnes,ENG,FW,0,0,0,1,2018-2019,Burnley,28,26,2388,26.5,0.52,0.12,0.64,32.98,1.28,3.25,14.87,15.13,4.0,32.91,0.49,0.26,2.03,0.23,1.74,16.3,60.49,22.72,0.87,0.57,0.49,3.17,1.47,24.08,5.36
Harvey Barnes,ENG,"MF,FW",0,0,1,1,2018-2019,Leicester City,20,11,1004,11.2,0.35,0.15,0.51,42.23,0.54,3.3,12.86,26.88,6.96,42.23,4.38,2.68,5.46,1.7,3.46,29.82,231.43,140.09,5.54,2.05,2.5,2.59,1.34,32.14,10.27
Antonio Barreca,ITA,DF,0,1,0,0,2018-2019,Newcastle Utd,23,0,5,0.1,0.0,0.0,0.0,30.0,0.0,0.0,20.0,10.0,0.0,30.0,0.0,0.0,,0.0,,30.0,190.0,170.0,0.0,0.0,0.0,0.0,0.0,30.0,10.0
Michy Batshuayi,BEL,FW,0,0,0,1,2018-2019,Crystal Palace,24,9,750,8.3,0.48,0.01,0.49,30.12,0.48,3.37,14.58,12.77,4.82,30.12,1.93,1.08,6.78,0.84,5.28,16.27,91.08,34.34,1.57,0.96,0.72,1.93,1.45,20.0,5.3
Jan Bednarek,POL,DF,0,1,0,0,2018-2019,Southampton,22,24,2151,23.9,0.03,0.03,0.06,51.76,7.49,24.39,26.23,1.46,0.5,51.76,0.13,0.04,1.39,0.08,2.79,18.83,86.07,47.45,0.29,0.17,0.08,0.17,0.21,19.79,0.08
Asmir Begović,BIH,GK,1,0,0,0,2018-2019,Bournemouth,31,24,2160,24.0,0.0,0.0,0.0,29.92,27.29,29.88,0.04,0.0,0.0,29.92,0.0,0.0,,0.0,,14.54,75.17,49.21,0.0,0.0,0.0,0.08,0.0,8.75,0.0
Héctor Bellerín,ESP,DF,0,1,0,0,2018-2019,Arsenal,23,18,1533,17.0,0.05,0.13,0.18,65.71,2.82,17.65,27.0,21.41,3.06,65.71,1.35,0.88,3.84,0.47,2.05,33.94,201.94,105.53,2.82,1.65,0.53,1.18,0.88,41.29,7.12
Joe Bennett,ENG,DF,0,1,0,0,2018-2019,Cardiff City,28,30,2639,29.3,0.02,0.03,0.05,41.88,3.99,12.73,19.45,10.03,0.44,41.88,1.16,0.82,2.41,0.34,1.0,13.11,67.54,35.84,0.96,0.65,0.14,0.34,0.38,14.74,1.4
Ryan Bennett,ENG,DF,0,1,0,0,2018-2019,Wolves,28,34,3060,34.0,0.04,0.03,0.07,50.97,5.21,20.71,26.94,3.59,0.71,50.97,0.12,0.09,2.21,0.03,0.74,21.21,87.06,53.76,0.41,0.32,0.0,0.15,0.03,28.62,0.29
Christian Benteke,BEL,FW,0,0,0,1,2018-2019,Crystal Palace,27,9,814,9.0,0.37,0.09,0.47,39.33,2.11,3.78,18.67,17.11,5.44,39.33,0.89,0.56,6.94,0.33,4.17,17.0,74.22,21.11,0.67,0.56,0.44,3.0,1.67,31.0,5.89
Jóhann Berg Guðmundsson,ISL,MF,0,0,1,0,2018-2019,Burnley,27,19,1752,19.5,0.15,0.22,0.37,44.51,2.21,7.79,15.08,22.46,2.51,44.51,2.05,0.82,2.05,1.23,3.08,23.28,157.59,76.62,2.82,1.9,0.26,2.1,1.44,24.41,5.54
Bernard,BRA,"FW,MF",0,0,1,1,2018-2019,Everton,25,25,2116,23.5,0.11,0.1,0.21,50.21,0.85,8.6,20.13,22.17,2.94,50.21,3.49,1.7,2.08,1.79,2.18,32.09,205.87,111.45,4.21,2.81,1.4,3.15,1.7,33.91,8.6
Bernardo,BRA,DF,0,1,0,0,2018-2019,Brighton,23,19,1752,19.5,0.02,0.03,0.05,66.41,5.03,22.97,30.31,13.64,0.51,66.41,1.13,0.72,3.26,0.41,1.87,29.79,160.97,98.67,2.36,1.79,0.1,1.33,0.62,30.26,2.72
Ryan Bertrand,ENG,DF,0,1,0,0,2018-2019,Southampton,28,24,2160,24.0,0.05,0.07,0.12,55.92,2.96,11.92,24.62,19.58,1.12,55.92,0.83,0.25,1.25,0.58,2.92,21.54,116.29,60.21,2.04,1.42,0.33,1.25,0.29,27.54,4.25
Marcus Bettinelli,ENG,GK,1,0,0,0,2018-2019,Fulham,26,7,630,7.0,0.0,0.0,0.0,38.14,32.86,38.14,0.0,0.0,0.0,38.14,0.0,0.0,,0.0,,13.43,72.86,50.43,0.0,0.0,0.0,0.14,0.0,15.29,0.0
Philip Billing,DEN,MF,0,0,1,0,2018-2019,Huddersfield,22,25,2188,24.3,0.07,0.07,0.14,67.2,2.63,14.9,32.55,20.78,1.32,67.2,1.56,0.82,2.16,0.74,1.95,31.81,192.8,87.78,2.18,2.06,0.21,2.22,1.15,36.01,2.43
Yves Bissouma,MLI,MF,0,0,1,0,2018-2019,Brighton,21,17,1774,19.7,0.09,0.05,0.14,51.93,2.28,10.41,30.0,12.74,1.47,51.93,3.6,2.39,3.36,1.22,1.72,29.29,212.89,105.58,2.69,2.13,0.56,2.18,1.57,31.47,1.98
Willy Boly,CIV,DF,0,1,0,0,2018-2019,Wolves,27,36,3167,35.2,0.1,0.06,0.16,61.59,6.02,25.91,34.26,1.9,0.94,61.59,0.45,0.37,2.31,0.09,0.53,30.97,165.94,98.72,0.82,0.51,0.06,0.31,0.43,36.05,0.34
Léo Bonatini,BRA,FW,0,0,0,1,2018-2019,Wolves,24,0,135,1.5,0.85,0.09,0.94,52.0,0.67,2.0,25.33,25.33,8.67,52.0,2.0,0.67,22.2,1.33,44.47,38.67,142.0,44.67,0.67,0.67,0.67,2.67,2.67,42.67,10.0
Gaëtan Bong,CMR,DF,0,1,0,0,2018-2019,Brighton,30,19,1808,20.1,0.0,0.02,0.03,53.28,4.33,18.81,23.38,11.34,0.15,53.28,1.14,0.55,2.38,0.6,2.6,22.49,135.82,73.88,1.79,1.54,0.05,0.9,0.8,23.23,1.99
Artur Boruc,POL,GK,1,0,0,0,2018-2019,Bournemouth,38,12,1080,12.0,0.0,0.0,0.0,31.5,27.5,31.33,0.25,0.0,0.0,31.5,0.0,0.0,,0.0,,13.67,85.67,57.67,0.0,0.0,0.0,0.0,0.0,8.33,0.0
Robbie Brady,IRL,MF,0,0,1,0,2018-2019,Burnley,26,6,720,8.0,0.07,0.18,0.25,47.25,2.25,9.12,19.62,19.25,1.38,47.25,1.62,0.88,6.72,0.75,5.78,19.75,133.5,62.62,1.75,1.38,0.12,1.5,1.25,24.88,3.25
Miguel Britos,URU,DF,0,1,0,0,2018-2019,Watford,33,2,185,2.1,0.0,0.0,0.0,40.0,6.67,24.76,13.33,1.9,0.0,40.0,1.43,0.48,15.86,0.95,31.76,18.1,70.48,24.29,0.0,0.0,0.0,0.48,0.0,18.1,0.0
David Brooks,WAL,"MF,FW",0,0,1,1,2018-2019,Bournemouth,21,29,2261,25.1,0.24,0.2,0.44,49.04,0.92,7.41,24.06,18.21,3.47,49.04,2.55,0.96,1.49,1.59,2.49,33.75,190.72,90.68,2.63,1.83,0.88,2.31,1.67,34.66,5.74
Bruno,ESP,DF,0,1,0,0,2018-2019,Brighton,37,14,1131,12.6,0.01,0.05,0.06,58.17,4.44,20.63,27.22,10.32,0.16,58.17,0.48,0.32,5.29,0.16,2.64,27.3,93.73,52.22,0.32,0.56,0.0,0.32,0.16,32.62,2.06
Joe Bryan,ENG,"DF,MF",0,1,1,0,2018-2019,Fulham,24,27,2345,26.1,0.03,0.14,0.16,60.96,3.87,16.9,28.85,15.59,1.23,60.96,1.0,0.5,1.92,0.5,1.92,22.87,147.66,76.05,2.8,1.38,0.57,0.8,0.69,32.41,3.64
David Button,ENG,GK,1,0,0,0,2018-2019,Brighton,29,4,360,4.0,0.0,0.0,0.0,29.0,26.25,29.0,0.0,0.0,0.0,29.0,0.0,0.0,,0.0,,13.0,102.5,78.25,0.0,0.0,0.0,0.0,0.0,9.0,0.0
Willy Caballero,ARG,GK,1,0,0,0,2018-2019,Chelsea,36,2,180,2.0,0.0,0.0,0.0,32.0,28.0,32.0,0.0,0.0,0.0,32.0,0.0,0.0,,0.0,,14.0,92.5,63.0,0.0,0.0,0.0,0.0,0.0,14.5,0.0
Gary Cahill,ENG,DF,0,1,0,0,2018-2019,Chelsea,32,0,24,0.3,0.0,0.0,0.0,63.33,3.33,13.33,50.0,0.0,0.0,63.33,0.0,0.0,,0.0,,36.67,253.33,206.67,0.0,0.0,0.0,0.0,0.0,46.67,0.0
Tom Cairney,SCO,"MF,FW",0,0,1,1,2018-2019,Fulham,27,24,2194,24.4,0.05,0.11,0.15,66.52,0.86,7.13,42.75,17.21,1.02,66.52,2.54,1.76,2.84,0.78,1.25,36.56,220.7,94.88,2.46,2.25,0.29,1.43,2.01,53.61,4.34
Dominic Calvert-Lewin,ENG,FW,0,0,0,1,2018-2019,Everton,21,19,1784,19.8,0.28,0.07,0.35,35.45,1.21,2.63,15.61,17.68,4.14,35.45,1.97,1.06,2.72,0.91,2.33,21.06,116.52,37.17,1.62,1.26,0.56,3.38,2.12,27.83,6.87
Rafael Camacho,POR,DF,0,1,0,0,2018-2019,Liverpool,18,0,1,0.0,0.0,0.0,0.0,inf,inf,inf,,,,inf,,,,,,,,,,,,,,,
Víctor Camarasa,ESP,MF,0,0,1,0,2018-2019,Cardiff City,24,31,2569,28.5,0.14,0.13,0.27,45.54,1.12,5.93,20.74,19.96,1.19,45.51,2.18,1.19,1.92,0.98,1.59,24.67,159.26,69.44,1.75,1.61,0.35,2.14,1.72,26.04,3.23
Étienne Capoue,FRA,MF,0,0,1,0,2018-2019,Watford,30,33,2944,32.7,0.04,0.03,0.07,65.9,3.94,15.75,44.22,6.61,0.49,65.9,1.28,0.98,2.33,0.31,0.73,36.02,139.39,66.79,0.52,0.83,0.03,0.55,0.61,38.5,0.34
Andy Carroll,ENG,FW,0,0,0,1,2018-2019,West Ham,29,3,461,5.1,0.43,0.07,0.5,39.41,2.16,3.33,23.92,12.55,4.51,39.41,1.18,0.59,9.8,0.59,9.8,17.06,59.41,18.63,0.2,0.39,0.0,3.14,1.57,30.2,2.94
Jonny Castro,ESP,"DF,MF",0,1,1,0,2018-2019,Wolves,24,32,2771,30.8,0.06,0.05,0.12,58.02,2.86,15.39,24.09,19.06,1.66,58.02,1.95,0.97,1.62,0.97,1.62,24.84,157.82,88.77,2.76,1.79,0.39,1.3,1.3,30.62,5.23
Craig Cathcart,NIR,DF,0,1,0,0,2018-2019,Watford,29,35,3096,34.4,0.04,0.01,0.05,47.91,6.34,23.58,22.94,1.51,0.61,47.91,0.09,0.06,1.94,0.03,0.97,24.56,97.3,48.66,0.17,0.12,0.0,0.26,0.12,25.29,0.06
Ivan Cavaleiro,POR,"FW,MF",0,0,1,1,2018-2019,Wolves,24,6,693,7.7,0.29,0.2,0.48,59.22,0.39,4.68,21.17,34.16,4.42,59.22,3.38,1.95,7.49,1.43,5.49,35.19,244.55,114.16,5.45,2.34,1.17,3.38,2.47,45.32,13.12
Petr Čech,CZE,GK,1,0,0,0,2018-2019,Arsenal,36,7,584,6.5,0.0,0.0,0.0,45.23,39.54,45.08,0.15,0.0,0.0,45.23,0.0,0.0,,0.0,,22.46,120.92,81.38,0.0,0.0,0.0,0.0,0.0,20.31,0.0
Nathaniel Chalobah,ENG,MF,0,0,1,0,2018-2019,Watford,23,3,270,3.0,0.03,0.09,0.12,49.33,4.0,11.67,27.67,10.67,1.0,49.33,0.67,0.0,0.0,0.67,33.33,24.67,71.0,24.67,0.0,0.67,0.0,2.67,1.0,26.67,2.67
Calum Chambers,ENG,"MF,DF",0,1,1,0,2018-2019,Fulham,23,29,2588,28.8,0.08,0.03,0.11,66.18,5.1,19.9,39.17,7.57,1.32,66.18,1.11,0.76,2.39,0.35,1.09,25.66,116.39,53.99,0.69,0.59,0.07,1.11,0.9,39.03,0.97
Ben Chilwell,ENG,DF,0,1,0,0,2018-2019,Leicester City,21,36,3240,36.0,0.03,0.08,0.11,75.22,3.53,18.42,33.33,24.22,1.47,75.22,2.36,1.36,1.6,1.0,1.18,40.97,275.11,151.89,4.06,3.14,0.72,1.97,1.28,44.64,5.97
Tahith Chong,NED,FW,0,0,0,1,2018-2019,Manchester Utd,18,0,38,0.4,0.84,0.0,0.84,57.5,2.5,5.0,15.0,37.5,10.0,57.5,2.5,2.5,250.0,0.0,0.0,45.0,322.5,160.0,5.0,5.0,2.5,2.5,2.5,47.5,17.5
Hamza Choudhury,BAN,MF,0,0,1,0,2018-2019,Leicester City,20,7,595,6.6,0.07,0.07,0.14,49.7,4.24,13.94,28.03,8.48,0.3,49.7,0.91,0.3,5.05,0.61,10.11,26.52,102.88,50.45,0.45,0.76,0.15,1.06,0.3,26.36,1.82
Andreas Christensen,DEN,DF,0,1,0,0,2018-2019,Chelsea,22,6,617,6.9,0.0,0.0,0.0,74.93,5.07,33.33,40.58,1.3,0.43,74.93,0.14,0.14,14.49,0.0,0.0,44.06,254.93,158.12,0.43,0.58,0.0,0.43,0.0,51.01,0.14
Cyrus Christie,IRL,"DF,MF",0,1,1,0,2018-2019,Fulham,25,19,1948,21.6,0.02,0.06,0.08,68.98,4.54,19.03,31.06,19.77,1.2,68.98,2.31,1.25,2.5,1.06,2.13,30.56,223.52,111.76,3.24,1.85,0.51,1.3,1.34,38.61,6.39
Ibrahima Cissé,GUI,MF,0,0,1,0,2018-2019,Fulham,24,1,88,1.0,0.0,0.0,0.0,45.0,6.0,16.0,27.0,2.0,0.0,45.0,2.0,1.0,50.0,1.0,50.0,17.0,93.0,26.0,0.0,0.0,0.0,1.0,0.0,23.0,0.0
Ciaran Clark,IRL,DF,0,1,0,0,2018-2019,Newcastle Utd,28,9,858,9.5,0.05,0.01,0.06,44.84,5.89,23.37,18.32,3.37,1.37,44.84,0.0,0.0,,0.0,,15.37,66.11,29.05,0.11,0.42,0.11,0.21,0.21,21.26,0.21
Tom Cleverley,ENG,MF,0,0,1,0,2018-2019,Watford,28,4,478,5.3,0.04,0.02,0.06,54.72,2.64,12.26,30.57,11.89,1.32,54.72,0.57,0.19,6.28,0.38,12.58,27.17,96.79,46.98,1.13,1.13,0.19,0.94,0.75,30.19,1.13
Nathaniel Clyne,ENG,DF,0,1,0,0,2018-2019,Bournemouth,27,13,1143,12.7,0.01,0.01,0.02,56.61,2.76,17.72,23.62,15.59,1.26,56.61,0.71,0.31,3.5,0.39,4.38,27.95,117.17,57.01,1.1,0.94,0.08,0.63,0.79,28.27,2.52
Nathaniel Clyne,ENG,DF,0,1,0,0,2018-2019,Liverpool,27,1,111,1.2,0.06,0.0,0.06,85.83,0.0,12.5,49.17,24.17,2.5,85.83,0.0,0.0,,0.0,,46.67,181.67,99.17,1.67,2.5,0.0,0.83,0.83,46.67,2.5
Conor Coady,ENG,DF,0,1,0,0,2018-2019,Wolves,25,38,3420,38.0,0.0,0.0,0.0,51.24,7.08,28.74,22.68,0.05,0.0,51.24,0.08,0.08,2.63,0.0,0.0,30.24,161.16,95.21,0.29,0.16,0.05,0.16,0.11,33.34,0.0
Joel Coleman,ENG,GK,1,0,0,0,2018-2019,Huddersfield,22,1,90,1.0,0.0,0.0,0.0,38.0,33.0,38.0,0.0,0.0,0.0,38.0,0.0,0.0,,0.0,,17.0,96.0,67.0,0.0,0.0,0.0,0.0,0.0,16.0,0.0
Séamus Coleman,IRL,DF,0,1,0,0,2018-2019,Everton,29,29,2558,28.4,0.06,0.13,0.18,67.61,3.31,19.01,29.86,19.54,1.83,67.61,1.55,0.74,1.68,0.81,1.84,33.77,163.84,81.3,2.5,1.69,0.49,1.51,0.81,35.74,6.69
Lewis Cook,ENG,MF,0,0,1,0,2018-2019,Bournemouth,21,8,723,8.0,0.02,0.01,0.02,60.0,2.0,13.12,36.38,11.38,0.62,60.0,2.0,1.25,7.81,0.75,4.69,41.0,171.25,84.38,1.38,1.12,0.38,1.5,1.12,39.62,1.0
Steve Cook,ENG,DF,0,1,0,0,2018-2019,Bournemouth,27,31,2786,31.0,0.04,0.03,0.07,64.03,7.81,31.74,27.9,4.77,1.06,64.03,0.23,0.16,2.3,0.06,0.92,34.45,180.84,110.74,0.81,0.61,0.06,0.16,0.0,35.13,0.32
Jack Cork,ENG,MF,0,0,1,0,2018-2019,Burnley,29,37,3312,36.8,0.04,0.06,0.1,45.82,2.61,8.72,30.16,7.5,0.95,45.82,1.03,0.76,2.0,0.27,0.71,21.14,96.49,34.84,0.57,0.68,0.03,1.22,0.98,26.66,1.52
Hélder Costa,ANG,"FW,MF",0,0,1,1,2018-2019,Wolves,24,16,1341,14.9,0.16,0.15,0.31,45.64,0.4,3.76,17.99,25.1,2.15,45.64,4.09,1.61,2.64,2.48,4.07,32.62,253.36,115.37,4.5,3.15,1.21,3.22,2.82,35.57,8.52
Aaron Cresswell,ENG,DF,0,1,0,0,2018-2019,West Ham,28,18,1589,17.7,0.03,0.06,0.09,72.26,4.01,17.46,36.27,18.93,1.64,72.26,0.73,0.34,2.61,0.4,3.04,31.81,143.73,76.21,1.98,1.41,0.34,0.73,0.34,39.94,5.82
Peter Crouch,ENG,FW,0,0,0,1,2018-2019,Burnley,37,0,92,1.0,0.6,0.0,0.6,42.0,2.0,3.0,12.0,27.0,18.0,42.0,0.0,0.0,,0.0,,10.0,11.0,4.0,0.0,0.0,0.0,3.0,0.0,34.0,12.0
Greg Cunningham,IRL,DF,0,1,0,0,2018-2019,Cardiff City,27,7,630,7.0,0.01,0.03,0.04,41.57,3.29,13.43,19.57,8.71,0.71,41.57,0.14,0.0,0.0,0.14,14.29,13.29,63.57,31.86,0.57,0.57,0.0,0.86,0.14,16.43,1.29
Diogo Dalot,POR,"DF,FW",0,1,0,1,2018-2019,Manchester Utd,19,12,1013,11.3,0.06,0.2,0.27,61.95,3.45,14.6,27.96,19.56,1.77,61.95,1.42,0.97,6.09,0.44,2.77,27.35,153.36,90.88,3.72,2.3,1.15,0.88,0.35,33.98,7.26
Matty Daly,ENG,MF,0,0,1,0,2018-2019,Huddersfield,17,0,75,0.8,0.0,0.0,0.0,18.75,2.5,3.75,8.75,6.25,1.25,18.75,1.25,0.0,0.0,1.25,125.0,12.5,62.5,21.25,1.25,3.75,0.0,1.25,0.0,13.75,2.5
Loïc Damour,FRA,MF,0,0,1,0,2018-2019,Cardiff City,27,0,23,0.3,0.12,0.0,0.12,50.0,0.0,0.0,30.0,20.0,0.0,50.0,0.0,0.0,,0.0,,23.33,153.33,10.0,0.0,0.0,0.0,3.33,0.0,40.0,0.0
Charlie Daniels,ENG,DF,0,1,0,0,2018-2019,Bournemouth,31,17,1585,17.6,0.03,0.03,0.06,68.18,3.64,22.73,28.64,17.33,1.76,68.18,1.19,0.68,3.24,0.51,2.44,37.5,173.18,99.43,2.27,1.82,0.28,0.68,0.45,38.64,4.66
Danilo,BRA,DF,0,1,0,0,2018-2019,Manchester City,27,9,807,9.0,0.05,0.02,0.07,108.78,1.78,15.67,62.67,31.22,0.89,108.78,1.44,0.89,6.83,0.56,4.28,62.89,239.44,129.78,2.22,3.44,0.22,0.89,0.56,74.44,3.67
Scott Dann,ENG,DF,0,1,0,0,2018-2019,Crystal Palace,31,7,663,7.4,0.03,0.09,0.13,47.84,8.65,25.41,20.95,1.49,1.22,47.84,0.41,0.41,13.51,0.0,0.0,17.7,91.49,68.92,0.41,0.0,0.0,0.14,0.14,21.76,0.0
Matteo Darmian,ITA,DF,0,1,0,0,2018-2019,Manchester Utd,28,5,443,4.9,0.01,0.02,0.02,54.9,6.33,18.78,23.47,12.65,0.0,54.9,0.61,0.2,6.8,0.41,13.61,23.88,101.22,61.02,1.43,1.43,0.0,0.61,0.41,30.82,3.67
Ben Davies,WAL,DF,0,1,0,0,2018-2019,Tottenham,25,20,1844,20.5,0.03,0.1,0.13,76.29,3.8,20.59,38.29,17.71,1.41,76.29,0.78,0.2,1.22,0.59,3.66,42.15,185.8,109.37,2.15,2.2,0.1,0.93,0.49,46.0,5.71
Tom Davies,ENG,MF,0,0,1,0,2018-2019,Everton,20,10,980,10.9,0.03,0.05,0.07,59.27,1.01,9.08,36.15,14.4,1.1,59.27,1.56,1.19,7.02,0.37,2.16,36.24,158.44,71.65,1.01,1.19,0.46,2.48,0.73,38.44,1.83
Steven Davis,NIR,MF,0,0,1,0,2018-2019,Southampton,33,1,98,1.1,0.0,0.44,0.44,73.64,2.73,14.55,51.82,7.27,0.91,73.64,0.0,0.0,,0.0,,40.91,206.36,81.82,0.91,0.91,0.0,0.91,0.0,47.27,0.91
Kevin De Bruyne,BEL,MF,0,0,1,0,2018-2019,Manchester City,27,11,975,10.8,0.13,0.52,0.65,89.17,0.65,5.74,38.98,45.37,3.8,89.17,2.5,1.76,6.52,0.74,2.74,60.37,307.31,185.37,4.63,3.8,0.83,2.13,1.2,67.31,8.15
Troy Deeney,ENG,FW,0,0,0,1,2018-2019,Watford,30,28,2545,28.3,0.34,0.16,0.5,41.17,1.2,3.82,19.82,17.74,4.7,41.13,0.71,0.21,1.06,0.49,2.47,19.22,64.35,26.86,0.81,0.67,0.42,2.16,1.24,30.04,5.69
Jermain Defoe,ENG,FW,0,0,0,1,2018-2019,Bournemouth,35,0,25,0.3,0.42,0.0,0.42,16.67,0.0,0.0,3.33,13.33,13.33,16.67,0.0,0.0,,0.0,,0.0,0.0,0.0,0.0,0.0,0.0,3.33,0.0,0.0,0.0
Steven Defour,BEL,MF,0,0,1,0,2018-2019,Burnley,30,6,448,5.0,0.0,0.01,0.01,58.2,1.6,10.4,42.4,6.0,0.0,58.2,0.6,0.2,6.66,0.4,13.34,26.0,151.8,77.8,1.2,1.0,0.0,0.2,0.2,38.0,0.6
Fabian Delph,ENG,DF,0,1,0,0,2018-2019,Manchester City,28,8,725,8.1,0.01,0.04,0.06,104.32,2.47,15.19,68.52,20.74,0.12,104.32,1.11,0.99,10.98,0.12,1.37,74.69,296.17,152.47,2.47,3.09,0.12,1.23,0.12,75.93,2.84
Mousa Dembélé,BEL,MF,0,0,1,0,2018-2019,Tottenham,31,7,515,5.7,0.01,0.0,0.01,62.63,2.28,11.75,46.84,4.56,0.0,62.63,1.4,1.23,15.35,0.18,2.19,38.95,203.33,88.07,1.23,0.88,0.0,1.58,1.23,42.28,1.58
Leander Dendoncker,BEL,MF,0,0,1,0,2018-2019,Wolves,23,17,1467,16.3,0.21,0.07,0.29,50.06,2.76,12.33,26.56,11.41,2.02,50.06,0.74,0.74,6.13,0.0,0.0,19.26,83.8,33.74,0.92,0.61,0.31,1.04,0.43,29.26,1.9
Laurent Depoitre,BEL,FW,0,0,0,1,2018-2019,Huddersfield,29,10,1068,11.9,0.21,0.06,0.27,35.97,1.09,1.93,15.97,18.4,5.55,35.97,1.26,0.42,2.8,0.84,5.61,16.47,73.28,24.87,0.84,0.42,0.42,3.45,2.61,27.56,6.05
Gerard Deulofeu,ESP,"FW,MF",0,0,1,1,2018-2019,Watford,24,26,2066,23.0,0.35,0.18,0.53,46.61,0.17,2.61,17.61,27.22,5.52,46.61,3.87,2.04,2.3,1.83,2.05,32.83,235.35,115.87,4.35,3.04,2.35,2.91,2.61,33.78,8.39
Fousseni Diabaté,MLI,FW,0,0,0,1,2018-2019,Leicester City,22,1,54,0.6,0.0,0.11,0.11,35.0,0.0,10.0,16.67,8.33,0.0,35.0,0.0,0.0,,0.0,,20.0,88.33,53.33,0.0,0.0,0.0,1.67,0.0,23.33,8.33
Adama Diakhaby,FRA,"FW,MF",0,0,1,1,2018-2019,Huddersfield,22,6,552,6.1,0.11,0.07,0.18,37.87,0.33,4.59,15.57,18.85,2.95,37.87,3.44,1.97,9.36,1.48,7.03,28.03,198.2,107.21,3.61,2.46,1.48,2.79,3.61,30.82,9.34
Mohamed Diamé,SEN,MF,0,0,1,0,2018-2019,Newcastle Utd,31,24,2166,24.1,0.04,0.01,0.05,43.57,1.95,11.45,25.48,7.01,0.66,43.57,1.2,0.66,2.29,0.54,1.86,18.63,79.83,39.42,0.71,0.66,0.12,1.29,1.58,23.32,0.62
Grady Diangana,COD,"MF,FW",0,0,1,1,2018-2019,West Ham,20,6,609,6.8,0.08,0.18,0.25,56.47,1.18,8.68,26.32,23.24,4.41,56.47,5.59,3.09,8.13,2.5,6.57,30.88,202.65,94.41,2.94,2.06,1.91,4.12,2.79,37.5,10.59
Eric Dier,ENG,"MF,DF",0,1,1,0,2018-2019,Tottenham,24,18,1506,16.7,0.06,0.06,0.12,75.03,3.77,21.74,47.01,6.59,0.84,75.03,0.42,0.12,1.71,0.3,4.28,46.17,207.72,102.75,1.08,1.14,0.12,0.72,0.54,54.19,0.42
Lucas Digne,FRA,DF,0,1,0,0,2018-2019,Everton,25,33,2965,32.9,0.04,0.21,0.25,76.08,3.62,19.73,31.0,26.08,0.97,76.08,0.91,0.43,1.42,0.49,1.62,33.22,158.48,82.04,2.49,1.79,0.15,0.94,0.91,36.47,6.72
Issa Diop,FRA,DF,0,1,0,0,2018-2019,West Ham,21,33,2970,33.0,0.04,0.01,0.04,46.67,6.36,23.15,23.21,0.67,0.52,46.67,0.27,0.18,2.02,0.09,1.01,20.58,119.0,71.79,0.27,0.15,0.0,0.39,0.03,24.12,0.06
Matt Doherty,IRL,"DF,MF",0,1,1,0,2018-2019,Wolves,26,35,3144,34.9,0.13,0.15,0.27,65.56,3.32,15.59,28.19,22.18,2.95,65.56,1.4,0.57,1.17,0.83,1.7,25.9,131.83,77.02,2.29,1.29,0.54,1.26,0.66,36.22,6.33
Abdoulaye Doucouré,MLI,MF,0,0,1,0,2018-2019,Watford,25,34,3062,34.0,0.18,0.14,0.32,68.24,1.82,12.71,40.88,15.32,2.29,68.24,1.62,0.94,1.71,0.68,1.23,42.59,194.47,97.62,1.71,1.44,0.35,1.74,1.21,45.76,2.44
Luke Dreher,ENG,FW,0,0,0,1,2018-2019,Crystal Palace,19,0,1,0.0,0.0,0.0,0.0,inf,,,inf,inf,,inf,,,,,,inf,inf,inf,,,,,,inf,
Martin Dúbravka,SVK,GK,1,0,0,0,2018-2019,Newcastle Utd,29,38,3420,38.0,0.0,0.0,0.0,33.0,27.53,32.76,0.24,0.0,0.0,33.0,0.03,0.03,2.63,0.0,0.0,16.26,118.76,78.71,0.0,0.03,0.0,0.0,0.0,11.47,0.0
Shane Duffy,IRL,DF,0,1,0,0,2018-2019,Brighton,26,35,3087,34.3,0.09,0.01,0.1,51.75,10.47,30.29,18.51,3.21,2.16,51.75,0.15,0.15,2.92,0.0,0.0,21.4,89.24,41.49,0.03,0.12,0.0,0.5,0.06,26.79,0.32
Demeaco Duhaney,ENG,DF,0,1,0,0,2018-2019,Huddersfield,19,1,45,0.5,0.0,0.0,0.0,76.0,4.0,16.0,40.0,20.0,0.0,76.0,4.0,0.0,0.0,4.0,200.0,40.0,126.0,58.0,2.0,2.0,0.0,4.0,0.0,42.0,2.0
Paul Dummett,WAL,DF,0,1,0,0,2018-2019,Newcastle Utd,26,21,1990,22.1,0.01,0.03,0.04,53.08,5.16,23.26,22.71,7.42,0.27,53.08,0.14,0.09,3.02,0.05,1.51,18.28,68.55,39.19,0.45,0.36,0.05,0.45,0.05,25.02,0.72
Lewis Dunk,ENG,DF,0,1,0,0,2018-2019,Brighton,26,36,3151,35.0,0.05,0.02,0.07,55.06,8.43,29.54,23.97,2.11,1.26,55.06,0.11,0.0,0.0,0.11,2.86,25.49,129.17,66.31,0.46,0.31,0.0,0.46,0.09,30.17,0.17
Erik Durm,GER,DF,0,1,0,0,2018-2019,Huddersfield,26,21,2055,22.8,0.02,0.03,0.04,57.28,2.24,15.13,25.26,17.54,0.96,57.28,0.92,0.53,2.5,0.39,1.88,24.74,128.86,59.61,1.84,1.14,0.35,1.45,0.61,27.89,4.65
Bruno Ecuele Manga,GAB,DF,0,1,0,0,2018-2019,Cardiff City,30,37,3376,37.5,0.03,0.01,0.04,40.77,6.27,17.04,19.73,4.56,0.48,40.77,0.37,0.27,1.9,0.11,0.76,14.64,72.72,32.96,0.48,0.37,0.03,0.56,0.35,12.51,0.51
Ederson,BRA,GK,1,0,0,0,2018-2019,Manchester City,24,38,3420,38.0,0.0,0.0,0.0,30.58,25.76,30.13,0.5,0.0,0.0,30.58,0.03,0.03,2.63,0.0,0.0,19.0,89.21,62.61,0.0,0.0,0.0,0.03,0.0,16.34,0.0
Harvey Elliott,ENG,MF,0,0,1,0,2018-2019,Fulham,15,0,20,0.2,0.27,0.0,0.27,75.0,0.0,0.0,35.0,40.0,5.0,75.0,0.0,0.0,,0.0,,45.0,355.0,150.0,5.0,0.0,0.0,10.0,0.0,55.0,10.0
Mohamed Elneny,EGY,MF,0,0,1,0,2018-2019,Arsenal,26,5,380,4.2,0.11,0.05,0.15,79.76,3.33,22.14,44.29,13.57,1.19,79.76,0.71,0.24,7.93,0.48,15.88,45.71,233.1,121.9,0.95,1.19,0.0,1.43,0.71,60.48,0.95
Mohamed Elyounoussi,NOR,MF,0,0,1,0,2018-2019,Southampton,23,8,793,8.8,0.23,0.13,0.36,43.07,0.34,5.57,17.73,20.68,2.95,43.07,2.27,1.25,6.25,1.02,5.11,22.05,164.66,79.09,2.27,2.61,0.45,1.7,0.91,26.14,6.14
Christian Eriksen,DEN,MF,0,0,1,0,2018-2019,Tottenham,26,30,2774,30.8,0.17,0.24,0.42,74.84,0.55,7.6,39.87,27.95,2.18,74.84,1.17,0.58,1.62,0.58,1.62,46.82,211.1,108.9,2.53,2.73,0.52,1.98,0.94,54.55,4.29
Neil Etheridge,PHI,GK,1,0,0,0,2018-2019,Cardiff City,28,38,3420,38.0,0.0,0.0,0.0,34.89,26.87,33.84,1.05,0.0,0.0,34.89,0.0,0.0,,0.0,,13.29,124.53,89.79,0.0,0.0,0.0,0.03,0.0,10.47,0.0
Jonny Evans,NIR,DF,0,1,0,0,2018-2019,Leicester City,30,21,1996,22.2,0.04,0.01,0.05,59.28,8.2,34.05,23.51,1.94,1.17,59.28,0.0,0.0,,0.0,,31.67,136.76,70.54,0.18,0.23,0.05,0.36,0.18,33.2,0.14
Łukasz Fabiański,POL,GK,1,0,0,0,2018-2019,West Ham,33,38,3420,38.0,0.0,0.0,0.0,35.16,30.92,35.11,0.05,0.0,0.0,35.16,0.05,0.05,2.63,0.0,0.0,16.24,125.0,88.53,0.0,0.03,0.0,0.0,0.0,10.76,0.0
Fabinho,BRA,MF,0,0,1,0,2018-2019,Liverpool,24,21,2017,22.4,0.05,0.08,0.12,82.46,2.19,12.46,58.3,12.32,0.85,82.46,0.71,0.45,2.79,0.27,1.67,50.94,243.04,126.74,1.25,1.83,0.0,0.45,0.71,59.55,0.85
Cesc Fàbregas,ESP,MF,0,0,1,0,2018-2019,Chelsea,31,1,180,2.0,0.03,0.1,0.13,108.0,2.0,22.0,65.5,21.0,3.0,108.0,0.5,0.0,0.0,0.5,50.0,58.0,295.0,183.0,1.5,1.5,0.0,1.0,1.0,88.5,4.5
Fabricio,ESP,GK,1,0,0,0,2018-2019,Fulham,30,2,180,2.0,0.0,0.0,0.0,37.5,35.5,37.5,0.0,0.0,0.0,37.5,0.0,0.0,,0.0,,12.5,91.0,60.0,0.0,0.0,0.0,0.0,0.0,11.5,0.0
Marouane Fellaini,BEL,MF,0,0,1,0,2018-2019,Manchester Utd,30,6,752,8.4,0.05,0.05,0.11,65.24,4.76,14.52,39.05,11.9,3.21,65.24,0.48,0.12,2.98,0.36,8.93,28.1,76.9,28.33,0.12,0.71,0.0,1.19,0.95,44.76,3.45
Kiko Femenía,ESP,DF,0,1,0,0,2018-2019,Watford,27,22,2049,22.8,0.02,0.07,0.09,61.58,3.9,17.02,27.81,17.46,0.83,61.58,0.96,0.57,2.59,0.39,1.79,33.73,148.86,76.18,1.8,1.4,0.04,0.88,0.48,33.95,3.68
Federico Fernández,ARG,DF,0,1,0,0,2018-2019,Newcastle Utd,29,17,1484,16.5,0.01,0.03,0.04,49.21,7.39,26.61,21.33,1.64,1.09,49.21,0.0,0.0,,0.0,,22.36,100.85,47.88,0.12,0.18,0.0,0.42,0.24,26.24,0.18
Fernandinho,BRA,MF,0,0,1,0,2018-2019,Manchester City,33,27,2377,26.4,0.06,0.11,0.17,89.24,3.48,15.98,59.47,14.62,0.91,89.24,0.98,0.72,2.77,0.27,1.02,60.98,309.2,178.79,2.2,2.5,0.08,0.95,0.49,66.89,1.1
Roberto Firmino,BRA,"FW,MF",0,0,1,1,2018-2019,Liverpool,26,31,2607,29.0,0.47,0.19,0.66,56.17,0.66,3.07,27.17,26.34,5.14,56.14,2.45,1.69,2.38,0.76,1.07,37.21,180.17,82.45,2.14,1.86,0.45,2.69,2.14,45.28,8.41
Phil Foden,ENG,MF,0,0,1,0,2018-2019,Manchester City,18,3,335,3.7,0.57,0.23,0.8,75.41,0.27,4.32,36.22,35.68,7.3,75.41,2.97,2.16,19.65,0.81,7.38,56.22,289.73,158.92,6.22,2.43,2.43,1.08,1.35,62.7,9.46
Fraser Forster,ENG,GK,1,0,0,0,2018-2019,Southampton,30,1,90,1.0,0.0,0.0,0.0,27.0,24.0,27.0,0.0,0.0,0.0,27.0,0.0,0.0,,0.0,,10.0,58.0,35.0,0.0,0.0,0.0,0.0,0.0,7.0,0.0
Ben Foster,ENG,GK,1,0,0,0,2018-2019,Watford,35,38,3420,38.0,0.0,0.01,0.01,36.61,28.32,35.84,0.79,0.03,0.0,36.61,0.0,0.0,,0.0,,15.87,115.03,85.5,0.0,0.0,0.0,0.03,0.0,11.13,0.0
Timothy Fosu-Mensah,NED,DF,0,1,0,0,2018-2019,Fulham,20,10,793,8.8,0.01,0.04,0.05,63.98,4.43,20.0,31.82,12.61,0.91,63.98,1.36,0.91,7.58,0.45,3.78,27.39,167.84,103.3,2.5,2.73,0.45,0.57,0.45,41.25,4.89
Juan Foyth,ARG,DF,0,1,0,0,2018-2019,Tottenham,20,10,888,9.9,0.07,0.08,0.15,74.55,7.98,31.21,39.8,4.44,0.71,74.55,2.22,1.92,8.73,0.3,1.37,48.28,239.9,141.82,0.81,0.61,0.1,1.11,0.91,48.69,0.3
Simon Francis,ENG,DF,0,1,0,0,2018-2019,Bournemouth,33,13,1229,13.7,0.01,0.05,0.06,71.31,6.42,25.99,31.9,13.94,0.8,71.31,0.66,0.36,4.06,0.29,3.24,37.01,159.64,78.61,1.31,1.02,0.0,1.02,0.51,39.42,2.55
Ryan Fraser,SCO,"MF,FW",0,0,1,1,2018-2019,Bournemouth,24,35,3166,35.2,0.13,0.38,0.51,50.23,0.94,6.7,18.92,25.43,2.81,50.23,1.51,0.68,1.29,0.82,1.55,34.2,185.77,97.81,3.38,2.07,0.8,1.48,0.77,35.31,7.93
Fred,BRA,MF,0,0,1,0,2018-2019,Manchester Utd,25,13,1041,11.6,0.07,0.09,0.16,80.78,1.9,15.17,53.62,12.76,0.86,80.78,1.38,0.86,5.39,0.52,3.23,48.1,235.6,120.6,1.55,1.72,0.43,1.81,1.55,56.72,1.81
Ryan Fredericks,ENG,DF,0,1,0,0,2018-2019,West Ham,25,12,1086,12.1,0.04,0.04,0.09,58.18,5.62,19.34,25.95,13.06,1.24,58.18,1.74,0.99,4.72,0.74,3.55,23.22,125.95,77.77,2.48,1.57,0.58,0.74,0.17,29.5,3.06
Christian Fuchs,AUT,DF,0,1,0,0,2018-2019,Leicester City,32,2,207,2.3,0.03,0.1,0.13,79.57,3.04,22.17,30.43,27.83,0.87,79.57,0.43,0.43,43.48,0.0,0.0,43.04,145.22,87.83,1.3,2.17,0.0,1.74,0.43,45.65,10.43
Manolo Gabbiadini,ITA,"FW,MF",0,0,1,1,2018-2019,Southampton,26,4,476,5.3,0.24,0.07,0.3,36.04,0.94,4.53,15.85,16.04,3.21,36.04,1.51,0.38,4.72,1.13,14.15,16.79,74.72,27.74,0.94,1.32,0.0,0.94,0.57,23.96,4.72
Sam Gallagher,ENG,FW,0,0,0,1,2018-2019,Southampton,22,0,34,0.4,0.0,0.0,0.0,32.5,5.0,12.5,10.0,10.0,0.0,32.5,0.0,0.0,,0.0,,12.5,65.0,32.5,0.0,0.0,0.0,2.5,5.0,22.5,2.5
Idrissa Gana Gueye,SEN,MF,0,0,1,0,2018-2019,Everton,28,32,2822,31.4,0.02,0.03,0.05,68.38,2.61,15.19,43.66,10.61,0.57,68.38,0.99,0.73,2.36,0.25,0.82,39.01,202.93,96.08,1.27,1.37,0.16,1.02,0.92,41.11,0.96
James Garner,ENG,MF,0,0,1,0,2018-2019,Manchester Utd,17,0,1,0.0,0.0,0.0,0.0,inf,,inf,,,,inf,,,,,,inf,inf,inf,,,,,,,
Paulo Gazzaniga,ARG,GK,1,0,0,0,2018-2019,Tottenham,26,3,270,3.0,0.0,0.0,0.0,37.67,34.33,37.33,0.33,0.0,0.0,37.67,0.0,0.0,,0.0,,21.33,101.0,69.33,0.0,0.0,0.0,0.33,0.0,18.33,0.0
David de Gea,ESP,GK,1,0,0,0,2018-2019,Manchester Utd,27,38,3420,38.0,0.0,0.0,0.0,31.03,28.82,30.97,0.05,0.0,0.0,31.03,0.0,0.0,,0.0,,13.66,95.11,71.03,0.0,0.0,0.0,0.03,0.0,11.13,0.0
Rachid Ghezzal,ALG,"FW,MF",0,0,1,1,2018-2019,Leicester City,26,8,743,8.3,0.17,0.2,0.38,69.16,0.6,5.9,31.08,33.25,3.01,69.16,3.49,2.29,7.89,1.2,4.16,45.3,266.14,141.45,4.34,3.49,1.08,2.65,2.53,49.16,9.28
Morgan Gibbs-White,ENG,"MF,FW",0,0,1,1,2018-2019,Wolves,18,5,663,7.4,0.15,0.17,0.32,55.54,0.27,7.84,31.35,16.89,1.89,55.54,2.57,1.62,8.54,0.95,4.97,31.76,168.65,76.35,1.76,1.08,0.14,3.24,2.16,41.35,6.35
Ben Gibson,ENG,DF,0,1,0,0,2018-2019,Burnley,25,1,62,0.7,1.06,0.0,1.06,54.29,4.29,18.57,32.86,2.86,1.43,54.29,0.0,0.0,,0.0,,28.57,117.14,72.86,0.0,0.0,0.0,0.0,0.0,32.86,0.0
Olivier Giroud,FRA,FW,0,0,0,1,2018-2019,Chelsea,31,7,847,9.4,0.49,0.23,0.72,37.77,0.96,1.81,15.74,20.43,7.87,37.77,0.53,0.21,4.26,0.32,6.38,15.32,35.74,12.55,0.32,0.32,0.0,2.34,0.64,31.38,7.98
André Gomes,POR,MF,0,0,1,0,2018-2019,Everton,25,24,1980,22.0,0.07,0.03,0.1,65.36,1.95,12.64,41.82,12.05,1.05,65.36,2.5,1.82,3.3,0.68,1.24,40.95,229.59,101.23,2.23,1.64,0.14,1.55,2.27,46.0,1.0
Angel Gomes,ENG,"MF,FW",0,0,1,1,2018-2019,Manchester Utd,17,0,27,0.3,0.28,0.0,0.28,86.67,0.0,10.0,36.67,40.0,3.33,86.67,0.0,0.0,,0.0,,60.0,306.67,203.33,6.67,6.67,3.33,0.0,3.33,70.0,10.0
Joe Gomez,ENG,DF,0,1,0,0,2018-2019,Liverpool,21,12,1063,11.8,0.03,0.03,0.06,79.66,4.66,28.56,47.54,4.15,0.68,79.66,0.42,0.34,6.78,0.08,1.69,51.53,225.59,119.49,0.51,0.17,0.0,0.85,0.17,53.98,1.1
Jon Gorenc Stanković,SVN,"MF,DF",0,1,1,0,2018-2019,Huddersfield,22,9,715,7.9,0.13,0.01,0.14,49.87,4.81,22.41,24.43,3.67,1.01,49.87,0.25,0.13,6.33,0.13,6.33,23.54,101.77,53.54,0.63,0.13,0.0,0.89,0.13,26.33,0.51
Dan Gosling,ENG,MF,0,0,1,0,2018-2019,Bournemouth,28,19,1739,19.3,0.1,0.08,0.17,62.49,3.11,16.27,37.15,9.79,1.04,62.49,1.04,0.62,3.11,0.41,2.07,36.17,136.99,63.63,0.36,0.93,0.1,0.98,1.09,39.53,1.19
Karlan Grant,ENG,FW,0,0,0,1,2018-2019,Huddersfield,20,9,877,9.7,0.37,0.03,0.4,32.99,0.41,2.16,14.12,17.53,3.4,32.99,2.68,1.24,4.76,1.44,5.55,20.0,156.8,66.29,2.27,2.06,1.13,2.89,2.47,23.81,5.26
Andre Gray,JAM,FW,0,0,0,1,2018-2019,Watford,27,13,1366,15.2,0.33,0.13,0.46,26.05,0.26,1.64,9.61,15.0,5.46,26.05,1.51,0.53,2.29,0.99,4.29,18.49,74.47,27.04,1.38,0.33,0.86,3.62,1.32,20.46,6.32
Demarai Gray,JAM,"FW,MF",0,0,1,1,2018-2019,Leicester City,22,23,1985,22.1,0.2,0.06,0.26,43.85,0.81,5.34,18.24,20.95,3.71,43.85,3.3,1.9,2.6,1.4,1.92,31.13,207.06,95.11,3.3,1.72,1.67,2.62,1.72,31.86,8.14
Mason Greenwood,ENG,FW,0,0,0,1,2018-2019,Manchester Utd,16,1,117,1.3,0.51,0.07,0.58,64.62,1.54,5.38,21.54,38.46,10.77,64.62,4.62,2.31,38.46,2.31,38.46,40.0,310.77,183.85,6.15,3.85,4.62,2.31,2.31,50.0,13.85
Pascal Groß,GER,"MF,FW",0,0,1,1,2018-2019,Brighton,27,24,1864,20.7,0.21,0.27,0.48,55.46,1.45,7.29,28.12,20.53,1.79,55.41,0.34,0.19,2.76,0.14,2.07,28.99,134.15,63.33,1.26,1.4,0.19,1.64,1.01,35.65,5.12
Vicente Guaita,ESP,GK,1,0,0,0,2018-2019,Crystal Palace,31,20,1754,19.5,0.0,0.0,0.0,32.36,28.1,32.15,0.21,0.0,0.0,32.36,0.0,0.0,,0.0,,14.26,98.0,81.08,0.0,0.0,0.0,0.0,0.0,8.97,0.0
Mattéo Guendouzi,FRA,MF,0,0,1,0,2018-2019,Arsenal,19,23,2149,23.9,0.02,0.07,0.1,76.82,1.76,14.1,48.2,15.15,0.59,76.82,1.34,0.96,3.01,0.38,1.18,51.17,341.46,174.77,2.97,2.05,0.21,1.26,1.3,58.12,2.09
İlkay Gündoğan,GER,MF,0,0,1,0,2018-2019,Manchester City,27,23,2137,23.7,0.17,0.18,0.35,96.84,1.6,9.16,57.47,31.05,1.94,96.84,1.01,0.8,3.34,0.21,0.88,64.51,328.14,185.99,3.46,3.46,0.21,1.18,0.63,76.58,3.84
Angus Gunn,SCO,GK,1,0,0,0,2018-2019,Southampton,22,12,1080,12.0,0.0,0.0,0.0,28.17,21.75,27.75,0.42,0.0,0.0,28.17,0.08,0.0,0.0,0.08,8.33,11.58,87.5,63.92,0.0,0.08,0.0,0.0,0.0,7.75,0.0
Aron Gunnarsson,ISL,MF,0,0,1,0,2018-2019,Cardiff City,29,27,2266,25.2,0.08,0.06,0.14,47.3,2.78,11.63,24.25,11.79,0.87,47.3,0.52,0.44,3.36,0.08,0.61,13.77,60.0,26.67,0.4,0.63,0.08,1.03,0.28,16.35,0.48
Florent Hadergjonaj,KVX,"DF,MF",0,1,1,0,2018-2019,Huddersfield,24,19,1842,20.5,0.01,0.07,0.08,55.9,1.66,12.73,25.22,18.59,0.59,55.9,1.07,0.49,2.22,0.59,2.66,25.41,129.51,64.2,2.29,1.8,0.2,1.07,0.15,32.44,5.17
Ben Hamer,ENG,GK,1,0,0,0,2018-2019,Huddersfield,30,7,552,6.1,0.0,0.0,0.0,36.72,33.11,36.72,0.0,0.0,0.0,36.72,0.0,0.0,,0.0,,17.38,109.67,71.31,0.0,0.0,0.0,0.16,0.0,13.77,0.0
Kadeem Harris,ENG,MF,0,0,1,0,2018-2019,Cardiff City,25,3,375,4.2,0.13,0.11,0.23,40.24,0.71,4.29,11.67,24.29,2.86,40.24,3.81,1.67,10.43,2.14,13.4,24.52,202.86,101.67,3.57,1.9,1.19,3.1,1.67,26.9,8.1
Joe Hart,ENG,GK,1,0,0,0,2018-2019,Burnley,31,19,1710,19.0,0.0,0.0,0.0,36.05,28.89,34.11,2.0,0.0,0.0,36.05,0.0,0.0,,0.0,,11.47,105.53,84.05,0.05,0.0,0.0,0.05,0.0,9.74,0.0
Isaac Hayden,ENG,MF,0,0,1,0,2018-2019,Newcastle Utd,23,21,1859,20.7,0.05,0.11,0.16,48.74,2.22,9.81,28.89,10.24,1.21,48.74,0.77,0.58,3.62,0.19,1.21,17.92,59.57,22.03,0.48,0.53,0.19,1.59,1.16,24.49,1.84
Eden Hazard,BEL,FW,0,0,0,1,2018-2019,Chelsea,27,32,2923,32.5,0.32,0.31,0.63,72.55,0.12,3.17,22.25,48.25,6.86,72.43,6.28,4.22,2.07,2.06,1.01,53.17,435.48,235.42,8.49,5.45,3.32,2.68,2.62,62.34,13.51
Rhys Healey,WAL,FW,0,0,0,1,2018-2019,Cardiff City,23,0,52,0.6,0.07,0.19,0.25,35.0,0.0,5.0,3.33,26.67,3.33,35.0,3.33,1.67,83.33,1.67,83.33,18.33,128.33,25.0,3.33,0.0,1.67,5.0,3.33,20.0,11.67
Tom Heaton,ENG,GK,1,0,0,0,2018-2019,Burnley,32,19,1710,19.0,0.0,0.0,0.01,33.47,26.05,31.68,1.79,0.05,0.05,33.47,0.05,0.05,5.26,0.0,0.0,13.37,102.95,79.42,0.0,0.0,0.0,0.0,0.0,9.47,0.0
Jordan Henderson,ENG,MF,0,0,1,0,2018-2019,Liverpool,28,21,1987,22.1,0.07,0.08,0.15,90.59,1.58,12.62,61.72,16.74,1.45,90.59,0.63,0.32,2.26,0.32,2.26,61.45,251.86,113.35,1.63,1.27,0.09,0.95,0.36,67.24,2.67
Jeff Hendrick,IRL,"MF,FW",0,0,1,1,2018-2019,Burnley,26,25,2063,22.9,0.08,0.04,0.12,38.91,1.75,7.38,19.08,12.75,1.88,38.91,1.22,0.52,1.87,0.7,2.49,18.21,87.9,40.61,0.79,0.87,0.13,1.35,1.22,23.41,3.41
Wayne Hennessey,WAL,GK,1,0,0,0,2018-2019,Crystal Palace,31,17,1576,17.5,0.0,0.0,0.0,31.89,26.63,30.69,1.2,0.0,0.0,31.89,0.0,0.0,,0.0,,13.03,82.23,60.06,0.0,0.0,0.0,0.06,0.0,9.54,0.0
Javier Hernández,MEX,FW,0,0,0,1,2018-2019,West Ham,30,14,1334,14.8,0.45,0.1,0.54,30.61,0.61,1.62,16.15,12.91,3.51,30.61,1.55,0.88,3.82,0.68,2.94,18.45,70.81,28.92,0.68,0.41,0.2,1.96,0.68,25.27,5.61
Ander Herrera,ESP,MF,0,0,1,0,2018-2019,Manchester Utd,28,16,1403,15.6,0.08,0.1,0.19,77.24,3.21,15.96,47.18,14.87,1.28,77.24,1.09,0.77,4.53,0.32,1.88,38.08,167.76,83.4,1.35,1.15,0.19,0.83,0.58,53.14,1.92
Son Heung-min,KOR,"FW,MF",0,0,1,1,2018-2019,Tottenham,26,23,2039,22.7,0.33,0.16,0.49,47.4,0.31,3.26,17.84,26.92,5.2,47.4,3.7,2.11,2.52,1.59,1.89,33.92,232.51,112.29,4.63,2.82,2.6,2.64,1.89,37.05,8.85
Gonzalo Higuaín,ARG,FW,0,0,0,1,2018-2019,Chelsea,30,13,1085,12.1,0.4,0.1,0.51,35.37,0.58,1.98,12.23,21.4,4.46,35.37,1.74,0.74,3.55,0.99,4.72,22.48,116.94,32.56,0.99,0.91,0.5,1.57,1.65,30.08,7.6
Wesley Hoedt,NED,DF,0,1,0,0,2018-2019,Southampton,24,13,1170,13.0,0.03,0.0,0.03,61.54,6.69,28.15,32.31,1.46,0.54,61.54,0.54,0.46,6.59,0.08,1.1,26.54,140.23,85.15,0.46,0.23,0.0,0.15,0.38,34.54,0.0
Jonathan Hogg,ENG,MF,0,0,1,0,2018-2019,Huddersfield,29,29,2367,26.3,0.01,0.03,0.04,69.77,1.75,13.88,45.7,10.91,0.46,69.77,0.42,0.34,3.11,0.08,0.69,34.41,145.78,56.62,0.38,0.8,0.04,1.22,0.72,41.37,1.29
Junior Hoilett,CAN,"MF,FW",0,0,1,1,2018-2019,Cardiff City,28,23,2141,23.8,0.14,0.06,0.21,35.8,1.43,8.7,10.67,17.06,2.39,35.8,2.61,0.97,1.56,1.64,2.64,20.25,161.18,71.3,2.27,1.43,0.76,2.14,1.64,19.96,5.25
Rob Holding,ENG,DF,0,1,0,0,2018-2019,Arsenal,22,9,807,9.0,0.01,0.02,0.03,78.89,8.11,40.56,36.33,2.22,0.44,78.89,0.56,0.33,6.67,0.22,4.44,50.33,237.78,132.0,0.44,0.56,0.0,0.44,0.22,56.89,0.22
José Holebas,GRE,DF,0,1,0,0,2018-2019,Watford,34,27,2393,26.6,0.04,0.15,0.19,62.18,3.98,18.12,24.44,20.34,0.86,62.18,1.69,0.83,1.84,0.86,1.92,21.58,115.34,56.47,1.65,1.13,0.45,1.05,0.9,22.56,2.18
Mason Holgate,ENG,DF,0,1,0,0,2018-2019,Everton,21,4,408,4.5,0.0,0.0,0.0,66.22,6.22,23.78,42.0,0.89,0.22,66.22,0.44,0.44,22.22,0.0,0.0,40.89,262.67,183.56,0.44,0.44,0.0,0.22,0.44,41.56,0.0
Callum Hudson-Odoi,ENG,FW,0,0,0,1,2018-2019,Chelsea,17,4,393,4.4,0.16,0.33,0.5,64.32,1.14,7.95,22.95,34.32,5.23,64.32,3.86,2.73,16.05,1.14,6.68,44.77,291.59,152.05,4.55,1.82,1.82,2.5,1.59,52.5,13.41
Will Hughes,ENG,MF,0,0,1,0,2018-2019,Watford,23,31,2418,26.9,0.09,0.1,0.19,51.19,1.64,8.55,24.24,18.92,2.94,51.19,1.56,1.0,2.39,0.56,1.33,31.12,134.83,66.47,1.86,1.64,0.41,2.19,1.93,33.16,4.98
Emerson Hyndman,USA,MF,0,0,1,0,2018-2019,Bournemouth,22,0,38,0.4,0.0,0.0,0.0,72.5,0.0,30.0,27.5,15.0,0.0,72.5,0.0,0.0,,0.0,,40.0,150.0,72.5,0.0,0.0,0.0,2.5,2.5,42.5,0.0
Pierre Højbjerg,DEN,MF,0,0,1,0,2018-2019,Southampton,22,31,2760,30.7,0.08,0.08,0.16,72.51,1.66,10.55,48.99,14.07,1.34,72.51,1.17,0.75,2.08,0.42,1.18,38.4,203.78,91.11,1.4,1.43,0.39,1.82,1.5,45.83,2.38
Jordon Ibe,ENG,"MF,DF",0,1,1,0,2018-2019,Bournemouth,22,9,797,8.9,0.09,0.07,0.16,43.48,1.01,5.62,15.28,23.71,3.03,43.48,5.84,2.92,5.62,2.92,5.62,33.03,280.22,153.03,6.29,3.93,1.57,2.47,1.91,32.02,5.28
Vicente Iborra,ESP,MF,0,0,1,0,2018-2019,Leicester City,30,3,229,2.5,0.06,0.02,0.08,66.0,1.6,14.8,40.0,11.6,1.2,66.0,0.0,0.0,,0.0,,39.6,151.2,65.2,0.4,0.4,0.0,0.0,1.6,45.6,0.8
Kelechi Iheanacho,NGA,"FW,MF",0,0,1,1,2018-2019,Leicester City,21,9,941,10.5,0.2,0.15,0.35,36.0,0.19,2.86,16.48,17.9,3.24,36.0,1.62,0.86,5.04,0.76,4.49,22.95,108.1,45.62,1.24,1.05,0.76,2.76,1.9,28.48,6.0
Danny Ings,ENG,FW,0,0,0,1,2018-2019,Southampton,26,23,1651,18.3,0.51,0.17,0.68,35.36,0.49,2.73,16.45,16.56,4.54,35.19,2.02,1.09,2.96,0.93,2.51,20.27,95.68,32.57,1.15,0.55,0.49,2.95,1.58,24.7,6.83
Alex Iwobi,NGA,"FW,MF",0,0,1,1,2018-2019,Arsenal,22,22,1970,21.9,0.16,0.32,0.48,59.22,0.73,6.21,23.88,29.73,5.07,59.22,3.88,2.1,2.47,1.78,2.1,40.87,286.62,171.51,6.03,3.74,2.37,3.15,2.56,48.63,10.68
José Izquierdo,COL,"MF,FW",0,0,1,1,2018-2019,Brighton,26,9,795,8.8,0.06,0.05,0.11,35.57,1.25,8.07,12.95,15.34,2.73,35.57,2.73,1.48,6.16,1.25,5.2,23.3,157.39,69.89,2.27,1.93,1.36,2.05,1.36,21.82,6.59
Phil Jagielka,ENG,DF,0,1,0,0,2018-2019,Everton,35,4,331,3.7,0.16,0.07,0.24,60.81,6.22,30.81,28.11,1.89,1.62,60.81,0.0,0.0,,0.0,,26.76,116.22,53.51,0.0,0.0,0.0,0.54,0.0,33.51,0.0
Alireza Jahanbakhsh,IRN,"FW,MF",0,0,1,1,2018-2019,Brighton,24,12,1020,11.3,0.07,0.02,0.09,42.04,0.97,9.29,17.26,16.28,1.24,42.04,3.19,0.97,2.71,2.21,6.14,24.6,137.17,65.58,1.24,1.5,0.09,2.39,1.86,25.13,4.96
Daryl Janmaat,NED,DF,0,1,0,0,2018-2019,Watford,29,17,1520,16.9,0.03,0.05,0.07,58.64,5.09,20.18,25.15,13.67,1.12,58.64,1.12,0.71,3.74,0.41,2.18,26.86,116.86,68.7,1.89,1.48,0.41,0.89,0.65,27.57,3.02
Vincent Janssen,NED,FW,0,0,0,1,2018-2019,Tottenham,24,0,39,0.4,0.86,0.0,0.86,47.5,2.5,2.5,17.5,27.5,10.0,47.5,2.5,2.5,250.0,0.0,0.0,20.0,85.0,10.0,2.5,0.0,0.0,0.0,2.5,35.0,15.0
Carl Jenkinson,ENG,DF,0,1,0,0,2018-2019,Arsenal,26,2,166,1.8,0.0,0.02,0.02,60.0,3.33,15.0,25.56,19.44,2.22,60.0,0.0,0.0,,0.0,,25.56,97.78,35.0,1.11,1.11,0.56,2.78,1.67,37.78,5.0
Gabriel Jesus,BRA,FW,0,0,0,1,2018-2019,Manchester City,21,8,1036,11.5,0.97,0.2,1.17,46.52,0.35,2.87,17.83,26.61,8.26,46.43,3.3,1.91,5.03,1.39,3.66,33.22,158.87,76.61,3.04,2.0,1.48,2.78,2.52,36.78,11.13
Raúl Jiménez,MEX,FW,0,0,0,1,2018-2019,Wolves,27,36,3111,34.6,0.44,0.18,0.62,44.16,1.27,4.57,22.31,17.86,4.94,44.1,1.99,0.98,1.42,1.01,1.47,24.91,136.65,56.01,2.2,1.24,1.01,2.75,1.97,32.31,6.82
Stefan Johansen,NOR,MF,0,0,1,0,2018-2019,Fulham,27,4,417,4.6,0.01,0.01,0.02,65.0,2.39,11.74,41.09,12.61,0.65,65.0,0.65,0.43,14.5,0.22,7.24,29.35,164.78,59.13,0.65,0.65,0.0,1.52,0.43,42.61,3.26
Ben Johnson,ENG,DF,0,1,0,0,2018-2019,West Ham,18,1,62,0.7,0.0,0.0,0.0,47.14,4.29,25.71,15.71,5.71,0.0,47.14,2.86,0.0,0.0,2.86,142.86,14.29,90.0,5.71,0.0,1.43,0.0,1.43,0.0,18.57,1.43
Tyreke Johnson,ENG,MF,0,0,1,0,2018-2019,Southampton,19,0,1,0.0,0.0,0.0,0.0,,,,,,,,,,,,,,,,,,,,,,
Phil Jones,ENG,DF,0,1,0,0,2018-2019,Manchester Utd,26,15,1263,14.0,0.03,0.04,0.07,65.21,6.57,34.36,29.07,1.93,0.43,65.21,0.21,0.21,7.14,0.0,0.0,33.5,160.79,88.79,0.79,0.57,0.07,0.64,0.14,40.71,0.14
Jorginho,ITA,MF,0,0,1,0,2018-2019,Chelsea,26,37,3156,35.1,0.04,0.09,0.13,98.32,3.02,20.63,60.09,18.12,0.11,98.29,0.77,0.43,1.58,0.34,1.26,54.73,222.08,121.88,0.85,2.05,0.0,0.91,0.88,76.84,1.31
Joselu,ESP,FW,0,0,0,1,2018-2019,Newcastle Utd,28,5,596,6.6,0.24,0.0,0.25,44.7,2.27,4.39,25.61,14.7,3.94,44.7,0.76,0.15,3.03,0.61,12.12,16.36,51.67,13.18,0.61,0.45,0.45,2.58,2.42,32.88,4.24
Diogo Jota,POR,"FW,MF",0,0,1,1,2018-2019,Wolves,21,29,2355,26.2,0.34,0.2,0.54,43.17,0.5,3.85,20.38,20.0,4.58,43.17,4.54,2.18,1.83,2.37,1.99,26.15,231.6,119.66,4.77,3.59,1.79,2.86,1.83,32.06,6.95
Mathias Jørgensen,DEN,DF,0,1,0,0,2018-2019,Huddersfield,28,24,2147,23.9,0.06,0.01,0.07,60.46,4.35,27.87,30.75,2.13,0.96,60.46,0.17,0.13,3.14,0.04,1.05,30.21,137.36,84.6,0.88,0.29,0.04,0.29,0.25,33.56,0.25
Christian Kabasele,BEL,DF,0,1,0,0,2018-2019,Watford,27,19,1586,17.6,0.08,0.04,0.12,44.49,6.82,22.95,20.11,1.53,0.97,44.49,0.06,0.0,0.0,0.06,5.68,20.11,85.0,37.78,0.06,0.0,0.0,0.34,0.0,22.22,0.06
Elias Kachunga,COD,"FW,MF",0,0,1,1,2018-2019,Huddersfield,26,13,1182,13.1,0.07,0.02,0.08,34.5,0.92,5.5,15.34,14.12,1.76,34.5,1.98,0.76,2.94,1.22,4.69,19.01,126.41,50.84,2.21,1.45,0.46,1.6,1.53,22.82,5.04
Aboubakar Kamara,MTN,FW,0,0,0,1,2018-2019,Fulham,23,5,693,7.7,0.48,0.09,0.57,45.71,0.65,4.55,14.03,27.27,4.29,45.45,2.6,1.56,7.79,1.04,5.19,24.29,188.31,82.99,3.12,2.47,1.56,2.99,1.69,32.21,12.08
Harry Kane,ENG,FW,0,0,0,1,2018-2019,Tottenham,25,27,2424,26.9,0.54,0.15,0.68,33.57,0.67,1.38,15.13,17.51,5.28,33.42,3.05,1.49,1.81,1.56,1.9,23.23,138.22,54.94,2.19,1.75,1.19,2.97,1.64,26.88,7.21
N'Golo Kanté,FRA,MF,0,0,1,0,2018-2019,Chelsea,27,36,3092,34.4,0.09,0.1,0.19,70.67,1.28,10.81,35.29,25.15,1.98,70.67,1.66,0.93,1.63,0.73,1.28,38.28,209.39,109.27,2.38,2.67,0.26,1.63,1.57,51.42,4.62
Beram Kayal,ISR,MF,0,0,1,0,2018-2019,Brighton,30,9,940,10.4,0.04,0.11,0.14,39.9,4.52,13.27,21.63,6.15,0.87,39.9,1.92,1.06,5.29,0.87,4.33,18.56,110.19,54.23,1.54,1.15,0.0,1.35,0.96,19.04,1.06
Michael Keane,ENG,DF,0,1,0,0,2018-2019,Everton,25,33,2969,33.0,0.07,0.04,0.11,59.82,7.36,31.18,26.55,2.33,1.42,59.82,0.21,0.18,2.6,0.03,0.43,30.12,152.97,91.0,0.33,0.18,0.0,0.3,0.12,34.24,0.06
Neeskens Kebano,COD,"FW,MF",0,0,1,1,2018-2019,Fulham,26,0,108,1.2,0.05,0.0,0.05,39.17,2.5,4.17,15.83,21.67,1.67,39.17,4.17,3.33,66.67,0.83,16.67,24.17,204.17,121.67,5.0,2.5,0.83,5.0,2.5,25.83,14.17
Naby Keïta,GUI,"MF,FW",0,0,1,1,2018-2019,Liverpool,23,16,1390,15.4,0.13,0.06,0.19,79.61,1.88,7.92,47.92,25.0,3.18,79.61,2.79,1.56,3.62,1.23,2.87,55.0,344.03,192.14,4.42,5.06,0.65,2.27,1.88,61.75,5.13
Martin Kelly,ENG,DF,0,1,0,0,2018-2019,Crystal Palace,28,12,1111,12.3,0.03,0.0,0.04,41.71,8.46,25.04,15.93,1.06,0.49,41.71,0.08,0.0,0.0,0.08,8.13,16.83,95.85,63.82,0.33,0.16,0.0,0.41,0.08,20.16,0.08
Kenedy,BRA,"MF,DF",0,1,1,0,2018-2019,Newcastle Utd,22,14,1348,15.0,0.15,0.04,0.19,50.73,1.33,10.93,23.67,16.73,1.67,50.67,3.67,2.0,3.63,1.67,3.03,28.27,184.13,76.8,2.0,1.53,0.53,2.8,2.67,27.93,4.4
Jonjoe Kenny,ENG,DF,0,1,0,0,2018-2019,Everton,21,8,791,8.8,0.01,0.07,0.08,78.64,4.2,21.36,36.59,21.14,0.45,78.64,1.14,0.57,5.68,0.57,5.68,35.45,139.89,73.3,1.82,1.48,0.11,0.8,1.02,37.61,3.98
Max Kilman,ENG,DF,0,1,0,0,2018-2019,Wolves,21,0,1,0.0,0.0,0.0,0.0,,,,,,,,,,,,,,,,,,,,,,
Joshua King,NOR,"FW,MF",0,0,1,1,2018-2019,Bournemouth,26,34,2961,32.9,0.41,0.12,0.52,39.18,0.79,4.32,17.11,19.03,4.86,39.0,3.83,1.98,1.57,1.85,1.47,28.15,215.17,108.3,3.98,2.64,1.4,3.43,2.92,29.88,7.54
Anthony Knockaert,FRA,"MF,FW",0,0,1,1,2018-2019,Brighton,26,18,1837,20.4,0.1,0.18,0.28,47.06,0.78,8.48,19.8,20.1,2.45,47.06,3.14,1.52,2.37,1.62,2.53,27.84,190.74,86.18,2.75,1.52,0.93,2.55,1.52,29.17,5.83
Sead Kolašinac,BIH,"DF,MF",0,1,1,0,2018-2019,Arsenal,25,22,1887,21.0,0.02,0.28,0.3,67.43,1.9,15.71,28.67,23.43,3.76,67.43,1.14,0.62,2.58,0.52,2.18,31.33,161.33,100.1,3.52,1.81,1.14,1.48,0.81,41.05,8.52
Vincent Kompany,BEL,DF,0,1,0,0,2018-2019,Manchester City,32,13,1224,13.6,0.02,0.0,0.02,99.19,6.47,33.97,62.35,3.09,0.74,99.19,0.29,0.22,5.51,0.07,1.84,66.54,364.04,207.43,1.25,1.1,0.0,0.37,0.0,78.6,0.22
Terence Kongolo,NED,DF,0,1,0,0,2018-2019,Huddersfield,24,32,2716,30.2,0.04,0.04,0.08,54.11,4.57,24.77,23.97,5.79,0.99,54.11,0.6,0.33,1.84,0.26,1.47,25.23,106.26,61.89,0.83,0.76,0.13,0.56,0.13,30.43,1.39
Laurent Koscielny,FRA,DF,0,1,0,0,2018-2019,Arsenal,32,13,1331,14.8,0.09,0.01,0.1,71.35,8.78,37.03,33.38,1.55,0.81,71.35,0.07,0.07,6.76,0.0,0.0,38.45,219.53,114.19,0.54,0.14,0.0,0.27,0.2,47.16,0.2
Cheikhou Kouyaté,SEN,MF,0,0,1,0,2018-2019,Crystal Palace,28,21,1899,21.1,0.05,0.05,0.11,48.39,2.32,11.18,28.1,9.72,1.66,48.39,1.09,0.57,2.47,0.52,2.27,20.62,115.55,56.3,0.9,0.62,0.28,1.14,1.04,27.2,1.47
Mateo Kovačić,CRO,MF,0,0,1,0,2018-2019,Chelsea,24,21,1735,19.3,0.11,0.09,0.2,88.03,1.3,10.16,50.62,28.29,1.5,88.03,2.85,2.18,3.96,0.67,1.22,57.51,312.95,158.6,3.06,3.68,0.26,1.35,1.97,72.8,3.42
Rajiv van La Parra,NED,"FW,MF",0,0,1,1,2018-2019,Huddersfield,27,5,405,4.5,0.05,0.02,0.07,39.11,0.89,4.22,19.56,16.44,2.0,39.11,3.78,1.56,9.16,2.22,13.07,27.56,250.44,111.56,4.22,3.33,0.67,2.44,4.67,28.44,4.0
Alexandre Lacazette,FRA,FW,0,0,0,1,2018-2019,Arsenal,27,27,2502,27.8,0.42,0.13,0.55,41.33,1.15,3.31,15.58,22.99,6.4,41.33,2.48,1.65,2.4,0.83,1.2,23.35,114.39,43.06,1.62,1.08,0.79,2.48,2.19,31.87,9.53
Adam Lallana,ENG,"MF,FW",0,0,1,1,2018-2019,Liverpool,30,5,468,5.2,0.05,0.09,0.14,73.85,0.77,7.5,35.0,31.35,5.0,73.85,2.12,1.54,13.98,0.58,5.25,46.73,204.04,99.81,3.46,1.73,0.96,1.92,1.92,54.23,7.5
Érik Lamela,ARG,"MF,FW",0,0,1,1,2018-2019,Tottenham,26,9,974,10.8,0.31,0.17,0.48,54.26,0.37,4.72,22.96,27.5,5.19,54.26,3.15,1.85,5.44,1.3,3.81,36.67,213.24,94.72,3.15,2.69,1.39,2.69,1.85,39.54,8.8
Manuel Lanzini,ARG,MF,0,0,1,0,2018-2019,West Ham,25,8,686,7.6,0.15,0.11,0.26,70.79,0.79,6.05,45.39,20.53,2.37,70.79,2.37,1.71,9.5,0.66,3.66,46.05,262.89,133.16,2.89,3.29,0.66,1.97,1.58,57.24,3.68
Aymeric Laporte,ESP,DF,0,1,0,0,2018-2019,Manchester City,24,34,3057,34.0,0.09,0.02,0.11,97.62,5.21,28.97,63.26,5.62,0.91,97.62,0.18,0.09,1.47,0.09,1.47,73.82,415.79,313.85,2.76,2.38,0.03,0.32,0.06,76.97,0.26
Jamaal Lascelles,ENG,DF,0,1,0,0,2018-2019,Newcastle Utd,24,32,2745,30.5,0.02,0.03,0.05,49.08,8.92,29.54,17.9,1.9,1.05,49.08,0.03,0.03,3.28,0.0,0.0,17.84,84.16,31.7,0.16,0.16,0.07,0.3,0.16,23.02,0.3
Maxime Le Marchand,FRA,DF,0,1,0,0,2018-2019,Fulham,28,25,2250,25.0,0.01,0.03,0.04,71.76,7.8,35.16,32.52,4.36,0.72,71.76,0.6,0.4,2.67,0.2,1.33,29.6,146.84,85.12,0.64,0.64,0.04,0.44,0.24,42.36,0.6
Florian Lejeune,FRA,DF,0,1,0,0,2018-2019,Newcastle Utd,27,12,1054,11.7,0.04,0.03,0.07,60.68,6.75,29.23,28.21,3.59,1.11,60.68,0.34,0.26,6.41,0.09,2.14,27.95,138.03,69.06,0.77,0.43,0.0,0.77,0.0,34.53,0.68
Mario Lemina,GAB,MF,0,0,1,0,2018-2019,Southampton,24,18,1613,17.9,0.06,0.06,0.12,59.72,2.85,11.96,36.42,11.84,1.23,59.72,1.96,1.28,3.67,0.67,1.92,31.12,204.69,108.21,2.29,2.29,0.17,1.45,1.73,38.27,1.62
Aaron Lennon,ENG,MF,0,0,1,0,2018-2019,Burnley,31,14,1215,13.5,0.06,0.05,0.11,31.93,1.63,5.56,14.89,11.78,1.56,31.93,1.11,0.52,3.46,0.59,3.95,14.89,86.07,38.67,1.56,0.37,0.44,1.11,0.96,19.33,4.07
Bernd Leno,GER,GK,1,0,0,0,2018-2019,Arsenal,26,31,2836,31.5,0.0,0.0,0.0,37.71,32.86,37.49,0.22,0.0,0.0,37.71,0.0,0.0,,0.0,,19.21,117.24,79.4,0.0,0.0,0.0,0.0,0.03,16.32,0.0
Jefferson Lerma,COL,MF,0,0,1,0,2018-2019,Bournemouth,23,29,2506,27.8,0.05,0.04,0.08,68.35,4.93,19.86,39.64,9.35,0.54,68.35,1.04,0.72,2.48,0.32,1.12,42.16,179.03,78.06,0.61,1.08,0.07,0.9,0.72,41.94,0.61
Stephan Lichtsteiner,SUI,DF,0,1,0,0,2018-2019,Arsenal,34,10,938,10.4,0.0,0.01,0.01,66.06,2.69,20.0,30.1,16.25,1.06,66.06,0.67,0.38,5.49,0.29,4.12,31.35,170.19,94.04,2.31,1.92,0.1,1.25,1.25,41.83,4.62
Victor Lindelöf,SWE,DF,0,1,0,0,2018-2019,Manchester Utd,24,29,2601,28.9,0.02,0.04,0.06,60.97,6.19,29.07,30.9,1.31,0.48,60.97,0.28,0.28,3.46,0.0,0.0,34.91,188.75,110.07,0.48,0.31,0.0,0.38,0.1,39.65,0.07
Jesse Lingard,ENG,"FW,MF",0,0,1,1,2018-2019,Manchester Utd,25,19,1663,18.5,0.25,0.15,0.4,52.92,0.59,3.89,27.19,22.43,2.65,52.86,1.57,0.7,2.42,0.86,2.98,29.3,162.0,76.43,2.22,2.76,0.27,2.27,1.08,40.97,5.89
Fernando Llorente,ESP,FW,0,0,0,1,2018-2019,Tottenham,33,6,694,7.7,0.44,0.21,0.64,41.43,1.69,3.12,16.36,22.08,7.14,41.43,0.65,0.65,12.99,0.0,0.0,20.26,54.03,14.55,0.39,0.13,0.26,3.51,1.56,32.34,9.35
Hugo Lloris,FRA,GK,1,0,0,0,2018-2019,Tottenham,31,33,2970,33.0,0.0,0.0,0.0,38.85,35.06,38.67,0.21,0.0,0.0,38.85,0.0,0.0,,0.0,,22.3,105.55,62.61,0.0,0.03,0.03,0.06,0.0,19.45,0.0
Jürgen Locadia,CUW,"FW,MF",0,0,1,1,2018-2019,Brighton,24,12,1236,13.7,0.2,0.07,0.27,35.55,1.02,5.77,14.82,15.47,3.28,35.55,0.58,0.36,4.56,0.22,2.74,20.07,97.37,37.08,1.24,0.8,0.58,3.07,1.17,25.04,7.59
Ruben Loftus-Cheek,ENG,"MF,FW",0,0,1,1,2018-2019,Chelsea,22,6,998,11.1,0.26,0.07,0.33,70.54,0.9,8.38,32.97,30.72,4.86,70.54,5.77,3.69,5.77,2.07,3.23,45.23,281.26,158.65,4.68,2.79,0.9,2.25,2.25,53.6,6.76
Kevin Long,IRL,DF,0,1,0,0,2018-2019,Burnley,27,5,514,5.7,0.01,0.08,0.09,42.81,7.72,21.58,20.35,1.05,0.53,42.81,0.18,0.18,17.54,0.0,0.0,15.44,81.58,37.19,0.18,0.53,0.35,0.0,0.18,19.82,0.0
Shane Long,IRL,"FW,MF",0,0,1,1,2018-2019,Southampton,31,12,1272,14.1,0.33,0.11,0.44,36.1,1.35,2.55,15.18,18.58,4.26,36.1,0.85,0.28,2.36,0.57,4.73,17.09,68.79,26.67,0.92,0.71,0.5,3.62,1.63,28.16,6.95
Sean Longstaff,ENG,MF,0,0,1,0,2018-2019,Newcastle Utd,20,8,687,7.6,0.09,0.07,0.16,49.34,1.58,9.61,33.82,6.05,0.39,49.34,0.79,0.66,10.96,0.13,2.2,20.79,102.11,35.53,0.26,0.26,0.0,0.53,0.79,25.92,0.79
Ademola Lookman,NGA,"FW,MF",0,0,1,1,2018-2019,Everton,20,3,618,6.9,0.2,0.21,0.41,53.91,0.14,5.8,22.46,26.52,4.2,53.91,5.07,3.33,9.52,1.74,4.97,38.99,252.03,123.19,4.93,2.75,1.59,2.61,3.62,40.58,7.54
Jonas Lössl,DEN,GK,1,0,0,0,2018-2019,Huddersfield,29,30,2778,30.9,0.0,0.02,0.02,37.8,31.52,37.48,0.26,0.1,0.06,37.8,0.03,0.03,3.24,0.0,0.0,17.96,102.3,67.31,0.0,0.06,0.03,0.03,0.03,16.83,0.0
Dejan Lovren,CRO,DF,0,1,0,0,2018-2019,Liverpool,29,11,986,11.0,0.06,0.01,0.07,85.55,5.55,39.45,44.82,1.45,0.73,85.55,0.09,0.0,0.0,0.09,9.09,52.18,231.09,141.18,0.18,0.18,0.0,0.27,0.09,59.91,0.18
Chris Löwe,GER,"DF,MF",0,1,1,0,2018-2019,Huddersfield,29,23,2057,22.9,0.03,0.08,0.1,56.72,2.27,15.46,24.8,17.29,0.79,56.72,0.57,0.39,3.02,0.17,1.34,25.72,137.6,74.76,2.01,1.62,0.13,0.79,0.52,32.14,3.76
Matthew Lowton,ENG,DF,0,1,0,0,2018-2019,Burnley,29,19,1750,19.4,0.03,0.03,0.07,59.18,5.31,17.99,28.09,13.76,0.31,59.18,1.08,0.62,2.94,0.46,2.21,19.12,84.59,50.88,0.93,1.34,0.05,0.31,0.57,23.66,1.96
David Luiz,BRA,DF,0,1,0,0,2018-2019,Chelsea,31,36,3238,36.0,0.07,0.08,0.15,82.89,6.39,31.33,48.47,3.92,0.92,82.89,0.47,0.28,1.63,0.19,1.14,54.17,375.14,252.11,1.5,1.36,0.06,0.39,0.08,59.94,0.11
Romelu Lukaku,BEL,FW,0,0,0,1,2018-2019,Manchester Utd,25,22,2136,23.7,0.44,0.09,0.54,32.91,1.01,1.81,13.88,17.3,4.89,32.91,1.69,0.89,2.22,0.8,2.0,18.23,97.55,43.42,1.86,0.8,0.93,2.15,1.94,26.46,8.44
James Maddison,ENG,"MF,FW",0,0,1,1,2018-2019,Leicester City,21,35,2831,31.5,0.24,0.26,0.5,60.95,0.29,4.29,29.4,27.87,2.44,60.89,2.32,1.59,2.17,0.73,1.0,39.62,182.79,88.32,2.0,2.38,0.51,1.49,1.24,43.43,4.7
Gary Madine,ENG,"FW,MF",0,0,1,1,2018-2019,Cardiff City,27,0,37,0.4,0.0,0.0,0.0,40.0,0.0,2.5,15.0,22.5,7.5,40.0,0.0,0.0,,0.0,,22.5,112.5,2.5,0.0,0.0,0.0,2.5,5.0,30.0,10.0
Harry Maguire,ENG,DF,0,1,0,0,2018-2019,Leicester City,25,31,2596,28.8,0.08,0.03,0.11,72.19,7.6,30.21,37.19,5.73,2.19,72.19,0.69,0.59,2.95,0.1,0.52,45.24,298.99,179.44,1.84,1.42,0.07,0.8,0.24,45.8,0.8
Riyad Mahrez,ALG,"FW,MF",0,0,1,1,2018-2019,Manchester City,27,14,1343,14.9,0.37,0.31,0.68,71.07,0.2,4.16,27.72,39.87,5.97,71.01,2.68,1.68,4.19,1.01,2.52,54.97,363.22,168.12,5.84,3.22,3.15,1.88,1.81,54.43,12.82
Ainsley Maitland-Niles,ENG,DF,0,1,0,0,2018-2019,Arsenal,20,11,987,11.0,0.08,0.08,0.17,66.18,2.64,16.64,28.73,21.09,2.09,66.18,3.0,1.73,5.24,1.27,3.85,30.73,177.09,93.64,2.91,1.91,0.73,2.27,1.55,37.27,6.0
Sadio Mané,SEN,FW,0,0,0,1,2018-2019,Liverpool,26,35,3077,34.2,0.44,0.13,0.58,47.98,0.5,3.8,19.42,25.41,5.56,47.98,2.95,1.49,1.48,1.46,1.45,35.99,217.11,102.78,3.54,2.54,1.4,3.04,1.4,37.87,8.33
Javier Manquillo,ESP,DF,0,1,0,0,2018-2019,Newcastle Utd,24,12,1101,12.2,0.0,0.05,0.06,55.16,3.85,18.77,21.56,15.57,0.49,55.16,0.9,0.41,3.73,0.49,4.47,20.66,140.49,60.49,2.13,2.38,0.0,1.72,0.74,24.34,3.2
Solly March,ENG,"FW,MF",0,0,1,1,2018-2019,Brighton,24,30,2463,27.4,0.09,0.16,0.25,46.75,1.53,8.8,16.2,22.3,1.72,46.75,3.07,1.79,2.13,1.28,1.52,27.08,167.26,74.45,2.37,1.24,0.66,1.68,1.5,28.98,7.59
Adrian Mariappa,JAM,DF,0,1,0,0,2018-2019,Watford,31,20,1927,21.4,0.03,0.03,0.06,52.43,6.31,27.99,23.36,1.21,0.56,52.43,0.09,0.05,2.34,0.05,2.34,28.97,98.04,55.89,0.14,0.09,0.05,0.19,0.23,31.45,0.0
Lazar Marković,SRB,MF,0,0,1,0,2018-2019,Fulham,24,0,45,0.5,0.0,0.05,0.05,74.0,2.0,8.0,44.0,22.0,2.0,74.0,2.0,2.0,200.0,0.0,0.0,34.0,216.0,60.0,2.0,4.0,0.0,4.0,4.0,64.0,14.0
Anthony Martial,FRA,FW,0,0,0,1,2018-2019,Manchester Utd,22,18,1621,18.0,0.34,0.16,0.5,53.06,0.5,3.72,20.56,29.44,6.83,53.0,3.61,1.78,2.73,1.83,2.82,34.39,254.0,161.0,6.06,3.67,2.94,2.61,1.83,44.44,11.39
Adam Masina,MAR,DF,0,1,0,0,2018-2019,Watford,24,11,1004,11.2,0.01,0.07,0.08,62.86,3.84,18.66,31.88,12.68,0.45,62.86,0.98,0.62,5.68,0.36,3.25,27.32,98.84,47.05,0.89,1.16,0.0,1.07,0.18,28.84,1.16
Arthur Masuaku,COD,DF,0,1,0,0,2018-2019,West Ham,24,19,1759,19.5,0.01,0.04,0.05,69.23,4.77,23.18,34.41,12.77,0.87,69.23,2.56,1.85,3.69,0.72,1.44,34.36,242.26,140.46,3.54,2.41,0.62,1.18,1.38,37.28,2.72
Juan Mata,ESP,"FW,MF",0,0,1,1,2018-2019,Manchester Utd,30,16,1289,14.3,0.11,0.2,0.31,60.28,0.56,6.15,29.72,24.76,3.15,60.28,1.19,0.7,4.11,0.49,2.88,34.83,157.62,70.63,1.68,1.33,0.28,0.98,1.33,46.01,6.71
Nemanja Matić,SRB,MF,0,0,1,0,2018-2019,Manchester Utd,29,28,2436,27.1,0.05,0.02,0.07,77.9,3.73,18.3,51.11,9.37,1.07,77.9,0.7,0.66,3.49,0.04,0.2,41.18,214.06,122.44,1.55,1.51,0.11,0.92,1.44,52.62,0.48
Joël Matip,CMR,DF,0,1,0,0,2018-2019,Liverpool,26,17,1537,17.1,0.04,0.01,0.05,90.35,5.26,34.8,52.22,3.74,1.11,90.35,0.47,0.35,4.39,0.12,1.46,58.07,284.09,200.23,1.58,1.4,0.06,0.41,0.06,63.16,0.12
Konstantinos Mavropanos,GRE,DF,0,1,0,0,2018-2019,Arsenal,20,3,148,1.6,0.07,0.17,0.25,96.88,4.38,26.88,66.25,3.75,1.25,96.88,1.25,1.25,62.5,0.0,0.0,60.0,348.75,197.5,1.88,1.25,0.0,0.0,0.0,71.25,0.0
Alfie Mawson,ENG,DF,0,1,0,0,2018-2019,Fulham,24,13,1131,12.6,0.01,0.0,0.01,48.89,8.17,25.79,22.3,0.87,0.56,48.89,0.0,0.0,,0.0,,21.03,100.16,54.13,0.08,0.16,0.0,0.56,0.0,26.11,0.0
Isaac Mbenza,BEL,"FW,MF",0,0,1,1,2018-2019,Huddersfield,22,10,986,11.0,0.09,0.09,0.17,33.0,0.55,5.0,13.82,14.45,1.27,33.0,1.36,0.45,3.03,0.91,6.06,21.0,135.82,62.36,2.27,1.82,0.09,1.64,0.91,23.27,5.18
James McArthur,SCO,MF,0,0,1,0,2018-2019,Crystal Palace,30,36,3058,34.0,0.12,0.1,0.22,55.12,2.29,13.0,29.76,12.82,2.5,55.12,0.91,0.59,1.9,0.32,1.04,27.44,143.21,63.41,1.24,0.79,0.5,1.59,1.06,33.71,4.03
Alex McCarthy,ENG,GK,1,0,0,0,2018-2019,Southampton,28,25,2250,25.0,0.0,0.0,0.0,28.92,23.44,28.76,0.16,0.0,0.0,28.92,0.04,0.04,4.0,0.0,0.0,12.36,83.92,59.56,0.0,0.0,0.0,0.04,0.0,8.28,0.0
James McCarthy,IRL,MF,0,0,1,0,2018-2019,Everton,27,0,15,0.2,0.0,0.0,0.0,50.0,0.0,10.0,35.0,5.0,0.0,50.0,0.0,0.0,,0.0,,20.0,95.0,40.0,0.0,0.0,0.0,0.0,0.0,20.0,0.0
Kevin McDonald,SCO,MF,0,0,1,0,2018-2019,Fulham,29,10,841,9.3,0.01,0.01,0.03,69.89,3.23,19.03,45.91,5.38,0.22,69.89,0.0,0.0,,0.0,,29.25,142.37,66.67,0.22,0.32,0.0,0.32,0.54,48.92,0.22
Dwight McNeil,ENG,MF,0,0,1,0,2018-2019,Burnley,18,19,1591,17.7,0.11,0.19,0.3,44.92,2.32,7.8,19.49,18.93,1.64,44.92,3.11,1.75,3.19,1.36,2.46,25.88,209.1,99.66,4.24,3.05,0.68,1.75,1.36,26.72,3.16
Scott McTominay,SCO,"MF,DF",0,1,1,0,2018-2019,Manchester Utd,21,9,867,9.6,0.15,0.0,0.16,57.81,3.44,12.19,39.06,6.98,1.67,57.81,0.42,0.1,2.6,0.31,7.81,31.56,189.69,94.38,0.83,0.31,0.21,1.46,0.73,40.1,1.25
Ben Mee,ENG,DF,0,1,0,0,2018-2019,Burnley,28,38,3420,38.0,0.04,0.03,0.07,52.26,8.24,26.03,24.53,2.13,1.45,52.26,0.24,0.21,2.34,0.03,0.29,21.32,97.5,56.66,0.24,0.16,0.05,0.42,0.13,25.08,0.24
Nathaniel Mendez-Laing,GUA,"MF,FW",0,0,1,1,2018-2019,Cardiff City,26,11,985,10.9,0.21,0.13,0.34,41.83,1.93,9.17,15.78,17.98,4.4,41.74,3.85,2.66,6.33,1.19,2.84,22.29,201.74,100.92,4.22,2.57,1.93,2.29,1.83,24.68,6.33
Benjamin Mendy,FRA,DF,0,1,0,0,2018-2019,Manchester City,24,10,900,10.0,0.02,0.16,0.18,89.4,1.8,14.1,43.5,32.6,1.0,89.4,1.6,0.9,5.63,0.7,4.38,57.3,242.5,143.9,4.8,2.8,0.3,0.9,1.1,60.1,5.9
Nampalys Mendy,SEN,MF,0,0,1,0,2018-2019,Leicester City,26,23,2092,23.2,0.0,0.01,0.01,55.52,1.9,12.46,36.38,7.24,0.13,55.52,1.03,0.69,2.88,0.34,1.44,35.3,161.47,78.32,0.69,0.91,0.0,1.29,0.65,37.54,0.82
Chris Mepham,WAL,DF,0,1,0,0,2018-2019,Bournemouth,20,10,850,9.4,0.01,0.05,0.06,55.21,8.19,31.81,22.87,1.28,0.74,55.21,0.32,0.32,10.64,0.0,0.0,30.96,176.49,103.3,0.74,0.0,0.0,0.53,0.21,30.74,0.11
Max Meyer,GER,MF,0,0,1,0,2018-2019,Crystal Palace,22,15,1416,15.7,0.11,0.07,0.18,56.05,1.34,10.64,27.01,19.3,3.5,56.05,1.34,0.83,3.94,0.51,2.43,32.93,197.2,98.34,2.99,2.04,0.76,1.78,1.27,40.38,5.1
Luka Milivojević,SRB,MF,0,0,1,0,2018-2019,Crystal Palace,27,38,3420,38.0,0.29,0.08,0.37,68.63,3.0,15.58,41.24,12.39,0.61,68.34,0.55,0.34,1.63,0.21,1.0,29.29,140.05,67.92,0.84,0.42,0.05,0.71,0.5,39.37,0.39
James Milner,ENG,"MF,DF",0,1,1,0,2018-2019,Liverpool,32,19,1789,19.9,0.17,0.27,0.44,92.96,1.66,15.78,48.89,28.89,2.36,92.81,1.01,0.75,3.77,0.25,1.26,57.94,222.16,119.1,1.91,2.16,0.25,1.51,0.5,62.91,6.98
Yerry Mina,COL,DF,0,1,0,0,2018-2019,Everton,23,10,892,9.9,0.03,0.01,0.05,61.31,7.78,32.63,26.77,2.12,1.21,61.31,0.0,0.0,,0.0,,35.96,192.93,120.1,0.71,0.1,0.0,0.61,0.2,38.28,0.3
Tyrone Mings,ENG,DF,0,1,0,0,2018-2019,Bournemouth,25,2,143,1.6,0.0,0.04,0.04,75.0,8.12,35.0,36.25,5.0,0.62,75.0,1.25,1.25,62.5,0.0,0.0,45.0,180.62,74.38,1.25,1.88,0.0,1.25,0.62,41.88,0.62
Aleksandar Mitrović,SRB,FW,0,0,0,1,2018-2019,Fulham,23,37,3280,36.4,0.39,0.09,0.47,41.54,1.73,3.13,22.47,16.15,4.2,41.51,1.24,0.66,1.46,0.58,1.28,17.91,76.48,27.31,0.77,0.82,0.47,3.08,2.66,32.45,6.7
Henrikh Mkhitaryan,ARM,"FW,MF",0,0,1,1,2018-2019,Arsenal,29,19,1641,18.2,0.28,0.34,0.62,61.98,1.26,7.8,27.31,28.19,4.23,61.98,2.86,1.1,2.12,1.76,3.38,31.81,208.3,111.7,3.74,2.2,0.71,2.75,1.37,42.97,7.91
Nacho Monreal,ESP,DF,0,1,0,0,2018-2019,Arsenal,32,21,1861,20.7,0.06,0.08,0.15,73.91,3.67,24.01,34.93,15.41,1.74,73.91,0.63,0.34,2.6,0.29,2.23,35.89,157.15,85.41,1.55,1.21,0.1,0.48,0.14,48.12,4.59
Martín Montoya,ESP,DF,0,1,0,0,2018-2019,Brighton,27,24,2167,24.1,0.01,0.05,0.06,59.42,4.15,19.88,27.93,11.87,0.46,59.42,0.95,0.5,2.17,0.46,1.98,26.35,129.17,68.92,1.45,1.12,0.12,0.87,0.37,29.25,1.49
Aaron Mooy,AUS,"MF,FW",0,0,1,1,2018-2019,Huddersfield,27,25,2330,25.9,0.11,0.1,0.21,65.52,1.08,7.99,34.48,24.21,1.2,65.48,1.43,0.85,2.3,0.58,1.56,35.37,179.77,77.84,2.36,2.16,0.27,1.35,1.74,41.78,3.63
Álvaro Morata,ESP,FW,0,0,0,1,2018-2019,Chelsea,25,11,941,10.5,0.59,0.02,0.61,32.29,0.67,1.71,14.29,16.67,5.14,32.29,1.24,0.57,4.4,0.67,5.12,19.24,90.57,33.43,1.14,0.86,0.95,2.67,2.1,28.0,7.81
Alberto Moreno,ESP,DF,0,1,0,0,2018-2019,Liverpool,26,2,154,1.7,0.02,0.09,0.1,80.59,1.18,18.24,40.59,21.76,1.18,80.59,2.35,1.18,29.41,1.18,29.41,50.59,218.82,120.0,1.76,1.76,0.0,1.76,0.0,54.12,5.88
Wes Morgan,JAM,DF,0,1,0,0,2018-2019,Leicester City,34,21,1925,21.4,0.08,0.01,0.09,53.83,5.75,26.59,25.47,2.01,1.45,53.83,0.09,0.09,4.67,0.0,0.0,27.85,129.07,63.88,0.28,0.28,0.05,0.61,0.05,29.72,0.42
Sean Morrison,ENG,DF,0,1,0,0,2018-2019,Cardiff City,27,34,3039,33.8,0.15,0.11,0.26,39.67,6.75,21.27,12.72,6.07,3.76,39.67,0.24,0.24,2.96,0.0,0.0,8.17,46.8,22.19,0.21,0.21,0.03,0.38,0.27,10.74,0.47
Victor Moses,NGA,FW,0,0,0,1,2018-2019,Chelsea,27,0,28,0.3,0.0,0.2,0.2,60.0,0.0,3.33,23.33,33.33,6.67,60.0,3.33,0.0,0.0,3.33,333.33,26.67,296.67,123.33,3.33,3.33,3.33,3.33,6.67,53.33,3.33
Steve Mounié,BEN,FW,0,0,0,1,2018-2019,Huddersfield,23,19,1778,19.8,0.3,0.09,0.39,40.3,0.81,2.68,21.46,16.46,5.76,40.3,1.01,0.66,3.28,0.35,1.77,18.18,103.08,34.6,1.11,1.11,0.45,3.08,1.82,31.52,4.75
Lucas Moura,BRA,"FW,MF",0,0,1,1,2018-2019,Tottenham,25,25,2121,23.6,0.27,0.06,0.33,45.25,1.23,3.9,21.19,20.68,4.58,45.25,4.07,1.95,2.03,2.12,2.21,29.53,188.56,89.32,3.35,2.16,1.48,2.84,1.44,33.47,8.18
Lys Mousset,FRA,FW,0,0,0,1,2018-2019,Bournemouth,22,1,368,4.1,0.34,0.06,0.4,47.32,0.49,3.17,21.71,23.17,6.83,47.32,4.63,2.44,12.83,2.2,11.56,29.76,167.32,47.8,1.22,0.73,0.73,4.88,1.22,34.63,10.0
João Moutinho,POR,MF,0,0,1,0,2018-2019,Wolves,31,35,3032,33.7,0.02,0.19,0.21,71.04,1.93,11.6,41.66,18.31,0.3,71.04,0.68,0.39,1.68,0.3,1.29,33.15,157.24,86.29,1.01,1.1,0.0,0.5,0.8,42.94,1.42
Jacob Murphy,ENG,"MF,DF",0,1,1,0,2018-2019,Newcastle Utd,23,3,302,3.4,0.02,0.18,0.2,32.94,2.06,10.0,10.59,13.82,2.06,32.94,2.35,0.88,11.03,1.47,18.38,15.29,147.65,72.65,2.35,2.35,0.29,2.94,0.88,15.29,5.0
Josh Murphy,ENG,"MF,FW",0,0,1,1,2018-2019,Cardiff City,23,22,1817,20.2,0.2,0.19,0.4,33.81,0.54,5.99,9.95,18.86,3.61,33.81,4.46,1.83,2.03,2.57,2.86,20.94,191.68,94.95,4.01,2.18,1.58,2.18,1.88,21.44,6.24
Glenn Murray,ENG,FW,0,0,0,1,2018-2019,Brighton,34,30,2508,27.9,0.41,0.05,0.46,31.54,0.82,2.22,15.99,13.37,3.23,31.4,0.72,0.29,1.43,0.43,2.15,17.67,51.72,13.55,0.43,0.5,0.18,2.94,1.25,26.67,4.87
Shkodran Mustafi,GER,DF,0,1,0,0,2018-2019,Arsenal,26,31,2611,29.0,0.05,0.02,0.07,74.72,7.62,35.72,35.66,3.72,1.34,74.72,0.45,0.28,2.12,0.17,1.33,40.17,221.66,133.1,0.9,0.76,0.1,0.45,0.21,47.55,0.41
Yoshinori Mutō,JPN,"FW,MF",0,0,1,1,2018-2019,Newcastle Utd,26,5,524,5.8,0.16,0.14,0.3,34.14,0.69,4.31,15.52,15.52,3.62,34.14,3.1,1.55,8.62,1.55,8.62,17.24,133.97,43.62,1.55,1.21,0.17,2.76,2.07,20.17,4.83
Georges-Kévin N'Koudou,CMR,FW,0,0,0,1,2018-2019,Tottenham,23,0,5,0.1,0.0,9.73,9.73,50.0,0.0,0.0,10.0,40.0,0.0,50.0,0.0,0.0,,0.0,,50.0,300.0,80.0,0.0,0.0,0.0,0.0,0.0,50.0,30.0
Samir Nasri,FRA,MF,0,0,1,0,2018-2019,West Ham,31,3,245,2.7,0.05,0.13,0.17,64.81,0.37,3.7,33.33,28.15,2.96,64.81,1.48,0.74,18.52,0.74,18.52,44.07,251.11,118.89,3.33,1.85,0.74,0.0,0.0,52.59,3.7
Marc Navarro,ESP,DF,0,1,0,0,2018-2019,Watford,23,1,84,0.9,0.0,0.0,0.0,47.78,4.44,16.67,20.0,11.11,1.11,47.78,1.11,1.11,111.11,0.0,0.0,16.67,66.67,30.0,1.11,0.0,0.0,0.0,0.0,21.11,4.44
Wilfred Ndidi,NGA,MF,0,0,1,0,2018-2019,Leicester City,21,37,3296,36.6,0.1,0.05,0.15,69.7,3.36,17.08,43.88,9.62,1.17,69.7,1.37,0.96,1.91,0.41,0.82,37.81,156.01,63.55,0.71,1.07,0.05,1.56,0.98,40.66,0.96
Rúben Neves,POR,MF,0,0,1,0,2018-2019,Wolves,21,34,3007,33.4,0.12,0.06,0.18,70.66,2.07,16.32,45.93,8.95,0.09,70.6,0.72,0.33,1.37,0.39,1.62,36.98,142.4,76.38,0.45,0.81,0.0,0.81,0.84,45.45,0.36
Oumar Niasse,SEN,FW,0,0,0,1,2018-2019,Cardiff City,28,12,931,10.3,0.33,0.05,0.39,33.59,0.78,2.23,15.92,16.12,3.5,33.59,3.5,1.94,5.4,1.55,4.31,20.29,147.67,59.42,2.23,1.65,1.26,5.53,3.69,24.95,6.21
Oumar Niasse,SEN,FW,0,0,0,1,2018-2019,Everton,28,0,63,0.7,0.71,0.34,1.05,54.29,0.0,0.0,21.43,32.86,8.57,54.29,7.14,1.43,28.57,5.71,114.29,45.71,187.14,24.29,1.43,2.86,0.0,4.29,8.57,52.86,14.29
Eddie Nketiah,ENG,"MF,FW",0,0,1,1,2018-2019,Arsenal,19,0,67,0.7,0.27,0.18,0.45,41.43,0.0,1.43,15.71,24.29,7.14,41.43,5.71,2.86,71.43,2.86,71.43,28.57,174.29,95.71,4.29,1.43,2.86,2.86,4.29,34.29,10.0
Mark Noble,ENG,MF,0,0,1,0,2018-2019,West Ham,31,29,2291,25.5,0.14,0.07,0.22,68.55,1.18,10.78,46.35,12.2,0.82,68.39,1.02,0.55,2.11,0.47,1.81,39.69,183.96,78.24,0.9,0.94,0.16,1.06,1.37,50.12,1.84
Håvard Nordtveit,NOR,DF,0,1,0,0,2018-2019,Fulham,28,4,362,4.0,0.0,0.04,0.04,67.0,8.0,36.5,31.25,0.0,0.0,67.0,0.25,0.25,25.0,0.0,0.0,31.25,129.0,68.75,0.0,0.5,0.25,0.5,0.0,44.75,0.0
Will Norris,ENG,GK,1,0,0,0,2018-2019,Wolves,24,0,1,0.0,0.0,0.0,0.0,,,,,,,,,,,,,,,,,,,,,,
Michael Obafemi,IRL,FW,0,0,0,1,2018-2019,Southampton,18,1,137,1.5,1.12,0.23,1.35,28.67,0.67,2.0,9.33,18.67,9.33,28.67,2.67,2.0,50.0,0.67,16.67,18.67,98.0,62.67,3.33,2.0,2.67,3.33,1.33,20.0,8.0
Pedro Obiang,EQG,MF,0,0,1,0,2018-2019,West Ham,26,12,1128,12.5,0.05,0.08,0.13,55.36,2.48,11.28,34.0,10.24,0.88,55.36,0.72,0.56,6.22,0.16,1.78,28.24,111.44,41.92,0.88,0.72,0.24,1.04,0.4,35.6,1.76
Denis Odoi,GHA,DF,0,1,0,0,2018-2019,Fulham,30,29,2594,28.8,0.02,0.02,0.04,62.36,7.64,27.12,31.32,4.48,0.56,62.36,0.73,0.56,2.65,0.17,0.83,25.17,158.47,86.98,1.25,0.83,0.03,0.62,0.38,33.78,0.56
Angelo Ogbonna,ITA,DF,0,1,0,0,2018-2019,West Ham,30,20,1874,20.8,0.09,0.04,0.13,49.52,6.2,23.22,25.14,1.54,1.06,49.52,0.05,0.05,4.81,0.0,0.0,23.7,147.45,77.4,0.29,0.24,0.05,0.19,0.19,27.12,0.05
Stefano Okaka,ITA,"FW,MF",0,0,1,1,2018-2019,Watford,28,0,24,0.3,2.01,0.41,2.42,66.67,0.0,0.0,23.33,43.33,13.33,66.67,6.67,3.33,166.67,3.33,166.67,46.67,166.67,46.67,3.33,0.0,0.0,3.33,3.33,50.0,23.33
Shinji Okazaki,JPN,"MF,FW",0,0,1,1,2018-2019,Leicester City,32,1,288,3.2,0.17,0.03,0.2,48.75,0.0,3.75,22.81,22.19,5.62,48.75,3.44,0.62,5.69,2.81,25.56,29.69,87.19,15.31,0.0,0.62,0.0,5.62,2.19,35.94,8.12
Divock Origi,BEL,FW,0,0,0,1,2018-2019,Liverpool,23,4,371,4.1,0.53,0.04,0.57,40.73,0.0,3.9,15.85,21.22,4.39,40.73,2.44,1.46,14.63,0.98,9.76,28.54,193.66,88.29,3.9,2.44,1.46,2.2,2.44,29.76,6.83
Nicolás Otamendi,ARG,DF,0,1,0,0,2018-2019,Manchester City,30,14,1236,13.7,0.1,0.01,0.11,101.61,6.42,28.76,69.34,3.8,1.24,101.61,0.15,0.15,7.3,0.0,0.0,74.31,473.28,296.79,1.97,1.24,0.0,0.15,0.0,78.25,0.22
Alex Oxlade-Chamberlain,ENG,MF,0,0,1,0,2018-2019,Liverpool,24,0,21,0.2,2.33,0.3,2.62,90.0,0.0,5.0,60.0,25.0,5.0,90.0,5.0,5.0,500.0,0.0,0.0,75.0,345.0,170.0,0.0,5.0,0.0,5.0,0.0,75.0,5.0
Mesut Özil,GER,"MF,FW",0,0,1,1,2018-2019,Arsenal,29,20,1735,19.3,0.09,0.21,0.3,67.67,0.36,4.72,31.55,31.92,3.11,67.67,1.71,1.09,3.3,0.62,1.89,47.67,285.8,137.46,3.89,3.26,0.67,2.54,1.76,56.63,9.02
Emerson Palmieri,ITA,DF,0,1,0,0,2018-2019,Chelsea,23,7,663,7.4,0.04,0.04,0.08,80.68,2.16,16.22,32.3,32.84,2.43,80.68,1.89,1.35,9.65,0.54,3.86,47.97,290.0,194.05,5.27,2.7,0.95,1.08,1.22,57.3,6.76
Sokratis Papastathopoulos,GRE,DF,0,1,0,0,2018-2019,Arsenal,30,25,2198,24.4,0.03,0.03,0.06,67.58,6.97,36.76,29.88,1.39,0.57,67.58,0.25,0.25,4.1,0.0,0.0,36.6,183.93,99.51,0.57,0.33,0.08,0.33,0.2,47.21,0.12
Callum Paterson,SCO,"FW,MF",0,0,1,1,2018-2019,Cardiff City,23,21,1998,22.2,0.25,0.12,0.37,36.08,1.4,4.23,14.23,17.97,3.92,36.08,0.72,0.23,1.41,0.5,3.1,10.18,43.02,13.96,0.59,0.45,0.18,1.4,0.54,23.74,2.84
Rui Patrício,POR,GK,1,0,0,0,2018-2019,Wolves,30,37,3329,37.0,0.0,0.0,0.0,25.05,23.14,25.03,0.03,0.0,0.0,25.05,0.0,0.0,,0.0,,9.78,65.43,46.35,0.0,0.0,0.0,0.03,0.0,7.32,0.0
Pedro,ESP,FW,0,0,0,1,2018-2019,Chelsea,31,21,1778,19.8,0.27,0.18,0.45,67.07,1.06,7.68,25.81,34.09,5.1,67.07,2.98,2.22,3.77,0.76,1.28,46.67,276.01,120.2,3.18,2.68,0.91,1.57,1.67,57.53,10.2
Lee Peltier,ENG,DF,0,1,0,0,2018-2019,Cardiff City,31,17,1544,17.2,0.0,0.01,0.01,35.12,4.36,11.98,15.58,7.67,0.23,35.12,0.17,0.17,5.81,0.0,0.0,8.02,22.97,7.67,0.06,0.12,0.06,0.47,0.17,11.45,0.64
Andreas Pereira,BRA,MF,0,0,1,0,2018-2019,Manchester Utd,22,6,599,6.7,0.04,0.13,0.17,64.33,1.49,13.43,36.72,14.48,0.3,64.33,2.09,1.04,7.46,1.04,7.46,35.82,173.58,92.09,1.49,1.19,0.15,1.34,1.94,44.93,2.84
Ricardo Pereira,POR,"DF,FW",0,1,0,1,2018-2019,Leicester City,24,35,3123,34.7,0.04,0.15,0.18,71.87,3.0,18.67,33.66,20.49,1.93,71.87,3.17,1.96,1.78,1.21,1.1,38.18,203.4,126.2,3.29,2.19,0.92,1.5,0.98,40.2,4.32
Roberto Pereyra,ARG,MF,0,0,1,0,2018-2019,Watford,27,33,2815,31.3,0.17,0.1,0.28,49.68,1.05,7.67,20.8,21.95,3.51,49.68,2.81,1.31,1.49,1.5,1.71,33.74,201.92,98.4,3.23,1.69,1.12,2.62,2.14,34.06,6.01
Ayoze Pérez,ESP,"MF,FW",0,0,1,1,2018-2019,Newcastle Utd,25,34,2917,32.4,0.23,0.11,0.34,39.07,1.14,6.17,18.12,15.56,3.83,39.07,2.5,1.42,1.75,1.08,1.33,20.28,117.31,58.06,2.22,1.54,0.68,3.12,2.35,24.78,4.91
Lucas Pérez,ESP,"FW,MF",0,0,1,1,2018-2019,West Ham,29,4,475,5.3,0.24,0.16,0.39,35.47,0.57,2.83,14.53,18.3,3.77,35.47,1.51,0.94,11.79,0.57,7.08,20.75,78.11,23.21,0.38,0.94,0.0,2.83,1.32,24.91,6.42
Jordan Pickford,ENG,GK,1,0,0,0,2018-2019,Everton,24,38,3420,38.0,0.0,0.0,0.0,35.66,29.37,35.24,0.45,0.0,0.0,35.66,0.0,0.0,,0.0,,17.5,110.76,75.79,0.0,0.0,0.0,0.05,0.0,14.76,0.0
Paul Pogba,FRA,MF,0,0,1,0,2018-2019,Manchester Utd,25,34,3006,33.4,0.45,0.14,0.59,75.9,1.44,9.19,44.79,22.9,3.14,75.6,2.75,1.8,1.95,0.96,1.04,46.89,250.27,137.13,2.99,2.28,0.63,2.25,2.66,62.49,6.14
Alex Pritchard,ENG,"MF,FW",0,0,1,1,2018-2019,Huddersfield,25,26,2081,23.1,0.12,0.08,0.19,54.59,0.35,4.37,24.72,26.15,3.07,54.59,2.55,1.26,2.13,1.3,2.2,32.55,163.55,70.48,3.12,2.25,0.87,2.99,2.21,38.74,7.1
Sebastian Prödl,AUT,DF,0,1,0,0,2018-2019,Watford,31,0,13,0.1,0.0,0.0,0.0,30.0,0.0,20.0,10.0,0.0,0.0,30.0,0.0,0.0,,0.0,,30.0,170.0,10.0,0.0,0.0,0.0,0.0,0.0,30.0,0.0
Davy Pröpper,NED,MF,0,0,1,0,2018-2019,Brighton,26,30,2546,28.3,0.03,0.05,0.08,54.03,1.63,9.89,34.98,9.65,0.99,54.03,1.73,1.02,2.09,0.71,1.44,30.07,149.68,64.81,0.99,0.81,0.04,1.63,0.88,33.75,2.05
Jason Puncheon,ENG,MF,0,0,1,0,2018-2019,Crystal Palace,32,0,13,0.1,0.0,0.0,0.0,140.0,0.0,30.0,80.0,30.0,0.0,140.0,0.0,0.0,,0.0,,50.0,330.0,100.0,0.0,0.0,0.0,0.0,10.0,70.0,10.0
Jason Puncheon,ENG,MF,0,0,1,0,2018-2019,Huddersfield,32,5,382,4.2,0.06,0.12,0.19,63.1,1.19,7.62,33.81,22.14,0.71,63.1,1.67,1.19,17.0,0.48,6.81,35.95,211.19,76.43,1.43,3.57,0.24,2.86,2.86,39.76,4.05
Collin Quaner,GER,FW,0,0,0,1,2018-2019,Huddersfield,27,0,39,0.4,0.0,0.17,0.17,47.5,0.0,2.5,10.0,35.0,0.0,47.5,2.5,2.5,250.0,0.0,0.0,32.5,185.0,52.5,0.0,2.5,0.0,5.0,5.0,45.0,5.0
Domingos Quina,POR,MF,0,0,1,0,2018-2019,Watford,18,3,338,3.8,0.04,0.02,0.06,71.58,1.32,8.68,50.0,13.16,1.05,71.58,2.89,1.32,11.97,1.58,14.34,51.58,263.16,111.32,2.11,1.32,0.53,1.84,1.32,52.11,1.58
Joe Ralls,ENG,MF,0,0,1,0,2018-2019,Cardiff City,24,22,1959,21.8,0.07,0.15,0.22,48.39,1.61,9.27,26.74,12.8,0.83,48.35,0.28,0.23,3.82,0.05,0.77,19.13,90.28,47.11,0.92,0.73,0.14,0.87,0.64,22.52,0.83
Aaron Ramsey,WAL,MF,0,0,1,0,2018-2019,Arsenal,27,14,1331,14.8,0.23,0.14,0.37,65.68,0.61,7.64,32.97,25.61,4.86,65.68,1.55,0.81,3.53,0.74,3.23,38.78,227.57,114.05,3.18,2.84,0.41,2.36,1.82,51.89,8.99
Kayne Ramsey,ENG,DF,0,1,0,0,2018-2019,Southampton,17,1,90,1.0,0.0,0.0,0.0,29.0,6.0,20.0,9.0,0.0,0.0,29.0,0.0,0.0,,0.0,,4.0,7.0,1.0,0.0,0.0,0.0,0.0,0.0,8.0,0.0
Marcus Rashford,ENG,FW,0,0,0,1,2018-2019,Manchester Utd,20,26,2334,25.9,0.41,0.19,0.6,42.24,0.85,3.09,15.91,23.82,5.37,42.24,3.36,1.62,1.86,1.7,1.95,24.17,151.85,72.86,2.86,2.2,1.54,3.13,1.78,32.28,8.69
Tim Ream,USA,DF,0,1,0,0,2018-2019,Fulham,30,25,2047,22.7,0.0,0.01,0.01,54.41,5.24,23.22,30.57,0.84,0.04,54.41,0.26,0.26,4.41,0.0,0.0,21.94,113.66,71.89,0.57,0.04,0.0,0.22,0.22,33.57,0.04
Nathan Redmond,ENG,"MF,FW",0,0,1,1,2018-2019,Southampton,24,36,3270,36.3,0.21,0.13,0.34,46.47,0.58,4.77,17.85,24.9,3.77,46.47,4.57,2.51,1.51,2.07,1.25,28.82,224.46,117.66,4.79,2.73,1.87,2.34,2.23,33.11,8.29
Bobby Reid,JAM,"FW,MF",0,0,1,1,2018-2019,Cardiff City,25,16,1424,15.8,0.24,0.07,0.31,29.68,1.14,4.11,12.28,13.8,3.29,29.62,1.65,1.01,3.89,0.63,2.44,15.76,83.42,34.24,0.95,0.76,0.44,2.53,1.84,20.32,4.81
Declan Rice,ENG,MF,0,0,1,0,2018-2019,West Ham,19,34,3003,33.4,0.04,0.01,0.05,55.48,2.22,12.99,38.17,5.0,0.81,55.48,1.02,0.78,2.29,0.24,0.7,27.72,155.18,69.22,0.81,0.78,0.09,0.63,0.6,31.59,0.33
Jazz Richards,WAL,"DF,MF",0,1,1,0,2018-2019,Cardiff City,27,0,132,1.5,0.0,0.0,0.0,32.67,3.33,9.33,16.67,7.33,0.0,32.67,0.0,0.0,,0.0,,10.67,22.0,8.67,0.0,0.67,0.0,1.33,0.0,8.67,1.33
Richarlison,BRA,"FW,MF",0,0,1,1,2018-2019,Everton,21,32,2665,29.6,0.32,0.07,0.38,44.16,1.25,5.3,16.62,22.97,4.97,44.16,2.74,1.32,1.62,1.39,1.71,28.28,179.39,86.66,3.21,2.4,1.28,3.75,3.04,30.61,7.43
Diego Rico,ESP,"DF,MF",0,1,1,0,2018-2019,Bournemouth,25,5,612,6.8,0.04,0.16,0.2,69.85,4.56,21.03,29.71,20.15,0.44,69.85,0.59,0.59,14.71,0.0,0.0,36.32,140.88,91.76,1.62,0.88,0.0,0.59,0.74,34.71,5.0
Sergio Rico,ESP,GK,1,0,0,0,2018-2019,Fulham,24,29,2610,29.0,0.0,0.0,0.0,33.79,29.97,33.76,0.03,0.0,0.0,33.79,0.0,0.0,,0.0,,13.28,83.62,52.86,0.0,0.0,0.0,0.03,0.0,12.07,0.0
Matt Ritchie,SCO,"DF,MF",0,1,1,0,2018-2019,Newcastle Utd,28,35,2928,32.5,0.16,0.16,0.32,59.94,2.34,13.85,24.22,22.43,1.54,59.88,0.98,0.46,1.44,0.52,1.63,25.14,127.29,63.63,1.72,1.63,0.09,1.38,0.58,30.58,4.03
Andrew Robertson,SCO,DF,0,1,0,0,2018-2019,Liverpool,24,36,3216,35.7,0.02,0.2,0.22,87.56,1.79,18.18,43.7,26.47,2.44,87.56,1.34,0.78,1.63,0.56,1.17,54.01,253.45,155.49,3.47,3.28,0.34,0.87,0.64,60.59,7.37
Marcos Rojo,ARG,DF,0,1,0,0,2018-2019,Manchester Utd,28,2,212,2.4,0.1,0.0,0.1,70.83,6.25,22.5,41.67,7.08,0.83,70.83,0.42,0.42,41.67,0.0,0.0,35.0,143.33,85.0,0.42,0.42,0.0,0.42,0.0,46.67,1.25
Oriol Romeu,ESP,MF,0,0,1,0,2018-2019,Southampton,26,25,2136,23.7,0.04,0.04,0.08,58.9,3.08,14.05,39.37,5.95,0.3,58.9,0.97,0.72,3.12,0.25,1.1,26.84,130.76,65.57,0.8,0.76,0.0,0.8,0.63,30.89,0.42
Salomón Rondón,VEN,FW,0,0,0,1,2018-2019,Newcastle Utd,28,30,2603,28.9,0.36,0.1,0.46,39.24,1.42,3.46,19.69,16.54,4.57,39.24,1.59,0.62,1.35,0.93,2.03,18.65,85.54,34.01,1.31,1.04,0.55,3.39,2.63,30.45,5.33
Danny Rose,ENG,DF,0,1,0,0,2018-2019,Tottenham,28,20,1798,20.0,0.04,0.11,0.15,72.9,1.85,16.25,33.25,24.25,2.35,72.9,3.6,1.75,2.43,1.85,2.57,41.95,226.6,133.35,4.15,3.2,0.55,2.45,0.9,44.45,7.05
Aaron Rowe,ENG,FW,0,0,0,1,2018-2019,Huddersfield,17,1,69,0.8,0.0,0.0,0.0,41.25,1.25,10.0,12.5,18.75,0.0,41.25,3.75,1.25,41.62,2.5,83.38,30.0,138.75,43.75,0.0,2.5,0.0,1.25,5.0,25.0,7.5
John Ruddy,ENG,GK,1,0,0,0,2018-2019,Wolves,31,1,90,1.0,0.0,0.0,0.0,21.0,20.0,21.0,0.0,0.0,0.0,21.0,0.0,0.0,,0.0,,7.0,37.0,26.0,0.0,0.0,0.0,0.0,0.0,7.0,0.0
Antonio Rüdiger,GER,DF,0,1,0,0,2018-2019,Chelsea,25,33,2871,31.9,0.08,0.02,0.1,88.24,5.99,35.3,50.75,2.41,0.78,88.24,0.16,0.13,2.51,0.03,0.63,56.58,308.97,207.15,0.66,0.78,0.0,0.25,0.28,66.21,0.03
Mathew Ryan,AUS,GK,1,0,0,0,2018-2019,Brighton,26,34,3060,34.0,0.0,0.0,0.0,32.32,27.41,32.06,0.26,0.0,0.0,32.32,0.0,0.0,,0.0,,15.18,112.71,86.32,0.0,0.0,0.0,0.0,0.0,11.38,0.0
Abdelhamid Sabiri,MAR,FW,0,0,0,1,2018-2019,Huddersfield,21,1,48,0.5,0.0,0.0,0.0,24.0,0.0,8.0,12.0,4.0,2.0,24.0,0.0,0.0,,0.0,,12.0,56.0,40.0,0.0,2.0,0.0,2.0,0.0,14.0,2.0
Romain Saïss,MAR,"MF,DF",0,1,1,0,2018-2019,Wolves,28,12,1149,12.8,0.11,0.05,0.16,73.44,6.48,26.17,42.73,5.08,0.86,73.44,0.55,0.39,5.58,0.16,2.23,30.0,124.61,70.62,0.7,0.31,0.16,0.16,0.16,42.73,0.62
Bukayo Saka,ENG,FW,0,0,0,1,2018-2019,Arsenal,16,0,8,0.1,0.0,0.0,0.0,0.0,0.0,0.0,0.0,0.0,0.0,0.0,0.0,0.0,,0.0,,0.0,0.0,0.0,0.0,0.0,0.0,0.0,0.0,0.0,0.0
Mamadou Sakho,FRA,DF,0,1,0,0,2018-2019,Crystal Palace,28,27,2416,26.8,0.02,0.01,0.02,59.22,7.57,30.07,28.62,0.82,0.41,59.22,0.41,0.34,3.05,0.07,0.68,31.04,144.14,89.66,0.3,0.11,0.0,0.45,0.19,35.37,0.11
Bakary Sako,MLI,FW,0,0,0,1,2018-2019,Crystal Palace,30,0,29,0.3,0.0,0.0,0.0,63.33,6.67,16.67,30.0,23.33,0.0,63.33,3.33,0.0,0.0,3.33,333.33,40.0,563.33,200.0,6.67,6.67,0.0,6.67,6.67,36.67,6.67
Mohamed Salah,EGY,FW,0,0,0,1,2018-2019,Liverpool,26,37,3250,36.1,0.56,0.26,0.82,44.04,0.14,1.52,12.88,30.11,7.53,43.96,4.18,2.22,1.47,1.97,1.3,33.68,207.23,103.8,3.63,2.52,2.66,3.02,3.3,35.24,11.88
Alexis Sánchez,CHI,"FW,MF",0,0,1,1,2018-2019,Manchester Utd,29,9,880,9.8,0.15,0.31,0.46,52.45,0.1,5.31,22.86,24.8,4.9,52.45,2.76,1.43,5.3,1.33,4.91,32.55,187.14,95.0,3.78,2.35,1.02,2.14,2.55,41.22,9.08
Carlos Sánchez,COL,MF,0,0,1,0,2018-2019,West Ham,32,2,245,2.7,0.03,0.02,0.05,61.11,2.59,11.85,45.93,4.81,0.0,61.11,1.85,1.11,22.22,0.74,14.81,28.15,90.74,33.7,0.37,0.74,0.0,0.37,0.74,40.0,0.37
Davinson Sánchez,COL,DF,0,1,0,0,2018-2019,Tottenham,22,22,1942,21.6,0.06,0.02,0.08,77.5,6.85,36.76,39.4,1.62,0.83,77.5,0.14,0.05,1.54,0.09,3.09,51.57,211.39,105.83,0.23,0.09,0.0,0.37,0.09,53.8,0.09
Leroy Sané,GER,FW,0,0,0,1,2018-2019,Manchester City,22,21,1867,20.7,0.32,0.36,0.68,59.32,0.34,3.0,14.93,42.42,8.5,59.32,4.93,2.66,2.6,2.27,2.23,44.69,252.22,121.98,4.06,2.17,2.17,3.38,2.13,46.76,16.47
Fabian Schär,SUI,DF,0,1,0,0,2018-2019,Newcastle Utd,26,22,1999,22.2,0.08,0.03,0.12,63.11,7.25,30.18,29.32,4.68,1.17,63.11,0.99,0.63,2.86,0.36,1.64,28.92,163.65,107.7,1.17,1.08,0.18,0.5,0.45,33.96,0.36
Christopher Schindler,GER,DF,0,1,0,0,2018-2019,Huddersfield,28,37,3260,36.2,0.03,0.01,0.04,53.48,5.06,30.52,21.52,1.69,0.99,53.48,0.06,0.03,1.38,0.03,1.38,23.78,101.49,46.13,0.41,0.14,0.06,0.17,0.11,29.28,0.14
Jeffrey Schlupp,GHA,"MF,FW",0,0,1,1,2018-2019,Crystal Palace,25,18,1670,18.6,0.17,0.06,0.24,48.23,1.83,10.81,26.13,12.31,3.06,48.23,2.15,1.18,2.96,0.97,2.42,25.48,141.77,64.09,1.88,0.91,0.48,1.61,1.29,31.34,5.11
Kasper Schmeichel,DEN,GK,1,0,0,0,2018-2019,Leicester City,31,38,3420,38.0,0.0,0.01,0.01,34.71,27.79,34.05,0.63,0.03,0.03,34.71,0.03,0.03,2.63,0.0,0.0,17.24,93.82,64.16,0.0,0.03,0.03,0.0,0.0,13.92,0.0
Morgan Schneiderlin,FRA,MF,0,0,1,0,2018-2019,Everton,28,10,834,9.3,0.02,0.05,0.06,70.0,2.58,16.67,44.95,8.71,0.32,70.0,0.54,0.22,4.3,0.32,6.45,42.9,146.34,56.45,0.65,0.54,0.11,1.4,0.75,45.38,0.54
André Schürrle,GER,"FW,MF",0,0,1,1,2018-2019,Fulham,27,21,1641,18.2,0.2,0.11,0.31,45.0,0.99,6.54,19.95,19.07,2.36,45.0,2.42,1.04,2.37,1.37,3.12,24.29,157.42,61.92,2.53,1.54,0.38,2.8,1.87,31.48,7.47
Ken Sema,SWE,"MF,FW",0,0,1,1,2018-2019,Watford,24,9,754,8.4,0.1,0.07,0.17,43.57,0.48,5.12,20.95,18.1,3.69,43.57,4.05,2.26,6.65,1.79,5.25,27.62,189.52,71.19,3.57,1.79,1.31,2.62,3.33,29.64,7.14
Jean Seri,CIV,MF,0,0,1,0,2018-2019,Fulham,27,27,2244,24.9,0.04,0.19,0.23,77.07,2.41,12.97,47.51,17.31,0.44,77.07,0.84,0.64,3.06,0.2,0.96,31.45,162.61,83.29,1.04,0.84,0.0,1.24,1.0,53.53,1.61
Ryan Sessegnon,ENG,"FW,DF",0,1,0,1,2018-2019,Fulham,18,26,2300,25.6,0.16,0.15,0.31,44.02,2.07,9.61,18.98,16.21,3.16,44.02,2.66,1.25,1.84,1.41,2.07,21.13,135.7,72.23,2.23,1.33,0.7,2.7,1.99,26.21,7.54
Xherdan Shaqiri,SUI,"FW,MF",0,0,1,1,2018-2019,Liverpool,26,11,1064,11.8,0.33,0.14,0.46,68.73,0.59,5.68,33.73,30.0,2.29,68.73,1.36,0.51,3.18,0.85,5.3,47.88,234.75,88.73,2.37,2.63,0.59,2.03,1.53,52.29,6.36
Luke Shaw,ENG,DF,0,1,0,0,2018-2019,Manchester Utd,23,29,2591,28.8,0.05,0.13,0.18,80.45,3.82,18.58,42.43,20.07,1.53,80.45,1.32,0.94,2.47,0.38,1.0,36.25,180.69,114.1,3.12,2.67,0.42,1.04,0.49,47.95,4.2
Jonjo Shelvey,ENG,MF,0,0,1,0,2018-2019,Newcastle Utd,26,10,948,10.5,0.09,0.16,0.25,74.1,1.62,14.38,43.71,16.67,0.76,74.1,1.14,0.95,7.93,0.19,1.59,33.14,161.33,89.62,1.24,1.81,0.1,0.76,0.38,43.9,1.43
Gylfi Sigurðsson,ISL,MF,0,0,1,0,2018-2019,Everton,28,36,3117,34.6,0.31,0.2,0.51,45.95,0.61,4.25,20.06,22.05,2.86,45.84,1.94,1.1,1.64,0.84,1.25,23.99,103.32,46.53,1.47,1.27,0.2,2.25,0.92,27.75,4.16
Adrien Silva,POR,MF,0,0,1,0,2018-2019,Leicester City,29,1,88,1.0,0.0,0.0,0.0,90.0,2.0,9.0,66.0,15.0,0.0,90.0,1.0,1.0,100.0,0.0,0.0,67.0,225.0,102.0,0.0,3.0,0.0,3.0,3.0,70.0,1.0
Bernardo Silva,POR,"MF,FW",0,0,1,1,2018-2019,Manchester City,23,31,2854,31.7,0.23,0.25,0.48,68.04,1.04,6.72,28.55,33.72,5.33,68.04,2.78,1.55,1.76,1.23,1.4,47.89,283.15,155.87,4.79,3.25,1.51,1.39,1.17,50.25,8.74
David Silva,ESP,MF,0,0,1,0,2018-2019,Manchester City,32,28,2401,26.7,0.29,0.32,0.61,86.25,0.67,6.33,39.63,40.67,7.34,86.25,1.76,1.16,2.47,0.56,1.19,60.26,289.18,146.14,4.42,3.52,1.35,1.05,1.12,70.86,8.31
Xande Silva,POR,FW,0,0,0,1,2018-2019,West Ham,21,0,18,0.2,0.43,0.13,0.55,40.0,0.0,5.0,20.0,15.0,10.0,40.0,0.0,0.0,,0.0,,20.0,90.0,25.0,0.0,0.0,0.0,0.0,5.0,30.0,10.0
Danny Simpson,ENG,DF,0,1,0,0,2018-2019,Leicester City,31,3,292,3.2,0.0,0.01,0.01,62.5,6.25,25.62,30.94,5.94,0.31,62.5,0.0,0.0,,0.0,,24.38,56.88,20.31,0.0,0.31,0.0,0.31,0.62,24.38,1.25
Jack Simpson,ENG,DF,0,1,0,0,2018-2019,Bournemouth,21,4,403,4.5,0.03,0.0,0.03,67.78,9.33,38.44,29.11,0.44,0.44,67.78,0.0,0.0,,0.0,,38.89,200.22,118.0,1.11,0.22,0.0,0.22,0.44,37.33,0.0
Josh Sims,ENG,MF,0,0,1,0,2018-2019,Southampton,21,2,212,2.4,0.27,0.29,0.56,29.17,1.25,7.08,13.75,8.75,2.92,29.17,2.08,1.67,33.33,0.42,8.33,19.58,170.0,42.5,1.25,1.25,0.83,1.67,2.92,18.33,5.0
Moussa Sissoko,FRA,"MF,FW",0,0,1,1,2018-2019,Tottenham,28,27,2330,25.9,0.04,0.09,0.13,63.9,1.89,11.58,40.0,13.4,1.43,63.9,2.39,1.39,2.24,1.0,1.62,40.97,243.28,123.09,3.05,2.24,0.31,1.54,1.08,45.14,3.71
Oliver Skipp,ENG,MF,0,0,1,0,2018-2019,Tottenham,17,2,220,2.4,0.03,0.01,0.04,72.08,3.75,17.92,43.75,10.42,0.42,72.08,0.83,0.83,41.67,0.0,0.0,41.25,166.67,67.92,0.83,0.0,0.0,0.83,0.83,49.58,1.25
Callum Slattery,ENG,MF,0,0,1,0,2018-2019,Southampton,19,1,112,1.2,0.06,0.0,0.06,45.0,3.33,6.67,27.5,10.83,3.33,45.0,1.67,0.83,41.67,0.83,41.67,25.83,115.0,46.67,0.0,0.83,0.0,3.33,1.67,25.83,1.67
Chris Smalling,ENG,DF,0,1,0,0,2018-2019,Manchester Utd,28,24,2127,23.6,0.05,0.01,0.06,51.19,6.53,25.34,24.36,1.65,1.27,51.19,0.04,0.04,4.24,0.0,0.0,22.46,100.42,53.14,0.13,0.08,0.0,0.25,0.04,29.07,0.25
Adam Smith,ENG,"DF,MF",0,1,1,0,2018-2019,Bournemouth,27,25,2066,23.0,0.02,0.02,0.05,59.13,3.48,18.35,26.13,15.83,1.17,59.13,2.09,0.87,1.81,1.22,2.53,33.04,237.39,135.0,3.78,3.0,0.35,1.09,0.43,32.0,3.48
Tommy Smith,ENG,DF,0,1,0,0,2018-2019,Huddersfield,26,13,1141,12.7,0.01,0.03,0.04,57.09,2.99,19.37,26.77,11.18,0.63,57.09,0.39,0.24,4.72,0.16,3.15,24.33,104.41,49.61,1.5,0.87,0.08,0.39,0.24,30.39,2.99
Robert Snodgrass,SCO,MF,0,0,1,0,2018-2019,West Ham,30,25,2220,24.7,0.09,0.23,0.32,57.89,1.01,5.67,26.48,26.15,2.47,57.89,2.47,1.34,2.19,1.13,1.86,31.66,170.4,73.72,2.91,1.66,0.73,2.43,1.78,39.39,5.99
Cédric Soares,POR,DF,0,1,0,0,2018-2019,Southampton,26,16,1495,16.6,0.02,0.06,0.08,58.01,4.52,17.29,24.28,16.81,0.96,58.01,0.72,0.42,3.51,0.3,2.51,25.18,120.3,60.9,1.87,1.51,0.18,0.9,0.66,30.6,3.98
Ramadan Sobhi,EGY,"FW,MF",0,0,1,1,2018-2019,Huddersfield,21,0,79,0.9,0.0,0.22,0.22,67.78,0.0,6.67,17.78,43.33,3.33,67.78,5.56,2.22,44.44,3.33,66.67,51.11,268.89,118.89,3.33,2.22,3.33,4.44,5.56,50.0,15.56
Dominic Solanke,ENG,"FW,MF",0,0,1,1,2018-2019,Bournemouth,20,2,347,3.9,0.25,0.1,0.35,41.79,3.33,5.9,18.46,18.46,5.64,41.79,4.36,2.56,15.08,1.79,10.56,27.18,160.0,69.49,2.56,1.03,1.03,3.85,2.31,30.26,6.15
Pape Souaré,SEN,DF,0,1,0,0,2018-2019,Crystal Palace,28,0,1,0.0,0.0,0.0,0.0,inf,,,inf,,,inf,,,,,,inf,inf,inf,,,,,,inf,
Çağlar Söyüncü,TUR,DF,0,1,0,0,2018-2019,Leicester City,22,4,372,4.1,0.02,0.0,0.02,66.34,7.32,35.85,28.78,2.2,0.49,66.34,0.73,0.49,16.27,0.24,8.12,40.49,221.22,150.24,0.49,0.49,0.0,0.49,0.24,39.02,0.0
Julián Speroni,ARG,GK,1,0,0,0,2018-2019,Crystal Palace,39,1,90,1.0,0.0,0.0,0.0,41.0,41.0,41.0,0.0,0.0,0.0,41.0,0.0,0.0,,0.0,,15.0,146.0,93.0,0.0,0.0,0.0,2.0,0.0,8.0,0.0
Junior Stanislas,ENG,"MF,FW",0,0,1,1,2018-2019,Bournemouth,28,11,1031,11.5,0.27,0.17,0.44,58.87,1.48,10.09,22.35,26.87,3.3,58.78,2.26,1.04,4.02,1.22,4.68,37.13,206.61,104.0,3.04,2.09,0.52,1.83,0.87,40.0,7.04
Dale Stephens,ENG,MF,0,0,1,0,2018-2019,Brighton,29,29,2485,27.6,0.01,0.02,0.04,59.78,3.51,16.23,37.86,6.05,0.43,59.78,0.43,0.22,1.81,0.22,1.81,29.24,142.28,53.59,0.58,0.65,0.07,0.98,0.51,35.29,0.29
Jack Stephens,ENG,DF,0,1,0,0,2018-2019,Southampton,24,19,1700,18.9,0.05,0.01,0.06,53.81,6.24,23.54,27.99,2.8,0.85,53.81,0.37,0.26,3.78,0.11,1.51,22.91,138.1,82.17,0.58,0.42,0.05,0.48,0.26,25.71,0.32
Raheem Sterling,ENG,FW,0,0,0,1,2018-2019,Manchester City,23,31,2771,30.8,0.44,0.31,0.76,56.75,0.23,2.5,17.99,36.98,8.57,56.75,4.94,2.66,1.75,2.27,1.5,43.44,253.25,135.97,5.03,3.02,2.86,2.4,2.82,46.69,14.16
John Stones,ENG,DF,0,1,0,0,2018-2019,Manchester City,24,20,1764,19.6,0.02,0.01,0.03,96.53,6.28,32.76,59.8,4.64,0.61,96.53,0.41,0.31,3.83,0.1,1.28,69.64,446.68,268.98,2.24,0.92,0.0,0.05,0.15,77.5,0.26
Daniel Sturridge,ENG,"FW,MF",0,0,1,1,2018-2019,Liverpool,28,4,509,5.7,0.22,0.15,0.37,44.39,0.18,1.05,23.68,19.82,3.86,44.39,1.58,0.88,9.75,0.7,7.79,32.81,151.23,52.11,1.58,1.58,0.53,2.98,1.93,37.72,6.49
Denis Suárez,ESP,"MF,FW",0,0,1,1,2018-2019,Arsenal,24,0,71,0.8,0.0,0.0,0.0,65.0,0.0,10.0,36.25,22.5,0.0,65.0,12.5,5.0,50.0,7.5,75.0,41.25,350.0,181.25,3.75,3.75,0.0,3.75,1.25,48.75,6.25
Isaac Success,NGA,"FW,MF",0,0,1,1,2018-2019,Watford,22,9,1052,11.7,0.3,0.24,0.53,45.47,1.03,3.85,19.4,23.16,4.53,45.47,2.14,1.2,4.79,0.94,3.76,34.36,189.83,84.96,2.99,2.74,1.54,3.93,2.14,37.69,9.15
Ki Sung-yueng,KOR,MF,0,0,1,0,2018-2019,Newcastle Utd,29,14,1302,14.5,0.02,0.07,0.09,52.62,1.72,10.76,30.69,11.93,0.41,52.62,0.62,0.34,3.83,0.28,3.06,23.03,121.59,58.69,0.83,1.45,0.07,0.83,0.69,29.93,0.83
Andrew Surman,ENG,MF,0,0,1,0,2018-2019,Bournemouth,31,16,1439,16.0,0.02,0.02,0.04,60.88,3.44,16.31,36.12,8.81,0.5,60.88,0.38,0.19,3.12,0.19,3.12,33.88,124.31,50.12,0.19,0.69,0.0,0.88,0.25,40.56,0.62
Sam Surridge,ENG,"MF,FW",0,0,1,1,2018-2019,Bournemouth,20,0,13,0.1,2.4,0.29,2.69,80.0,0.0,0.0,10.0,70.0,30.0,80.0,0.0,0.0,,0.0,,70.0,230.0,70.0,0.0,0.0,0.0,0.0,0.0,70.0,30.0
Alexander Sørloth,NOR,FW,0,0,0,1,2018-2019,Crystal Palace,22,0,185,2.1,0.23,0.44,0.66,40.95,1.43,4.29,13.81,24.76,7.62,40.95,0.95,0.95,47.62,0.0,0.0,19.05,106.19,48.1,1.9,1.9,0.95,2.86,1.9,30.48,6.19
Matt Targett,ENG,DF,0,1,0,0,2018-2019,Southampton,22,13,1186,13.2,0.04,0.17,0.21,61.14,3.11,13.64,25.15,23.11,2.12,61.14,0.38,0.08,1.52,0.3,6.06,23.26,87.65,45.98,1.82,1.06,0.45,0.53,0.45,30.68,6.74
James Tarkowski,ENG,DF,0,1,0,0,2018-2019,Burnley,25,35,3086,34.3,0.1,0.01,0.11,48.75,8.92,24.08,22.74,2.22,1.34,48.75,0.26,0.2,2.27,0.06,0.65,16.47,88.31,49.74,0.12,0.12,0.03,0.76,0.29,21.08,0.17
Charlie Taylor,ENG,DF,0,1,0,0,2018-2019,Burnley,24,35,3243,36.0,0.0,0.04,0.05,60.25,5.53,20.19,26.67,14.08,0.22,60.25,2.11,1.14,1.5,0.97,1.28,23.06,166.78,75.42,2.58,1.78,0.11,1.03,0.47,27.86,2.61
Youri Tielemans,BEL,MF,0,0,1,0,2018-2019,Leicester City,21,13,1086,12.1,0.15,0.21,0.36,65.04,1.65,9.01,36.45,20.08,1.49,65.04,1.49,0.99,5.51,0.5,2.75,42.73,167.6,95.79,1.98,1.24,0.25,1.49,1.24,49.09,4.38
James Tomkins,ENG,DF,0,1,0,0,2018-2019,Crystal Palace,29,29,2560,28.4,0.05,0.03,0.08,50.92,7.18,28.24,20.39,2.43,1.8,50.92,0.14,0.07,1.76,0.07,1.76,20.28,94.65,56.94,0.14,0.21,0.04,0.28,0.11,28.49,0.14
Lucas Torreira,URU,MF,0,0,1,0,2018-2019,Arsenal,22,24,2382,26.5,0.06,0.04,0.1,72.23,2.87,14.68,45.51,12.83,0.87,72.23,0.79,0.49,2.34,0.3,1.44,41.09,193.02,90.08,1.06,0.94,0.19,1.21,1.06,48.15,1.32
Cenk Tosun,TUR,FW,0,0,0,1,2018-2019,Everton,27,10,1059,11.8,0.43,0.07,0.5,33.98,0.34,1.95,13.73,18.56,5.59,33.98,0.76,0.17,1.88,0.59,6.59,20.85,79.49,29.32,0.93,1.1,0.68,3.31,1.61,25.17,7.63
Andros Townsend,ENG,"FW,MF",0,0,1,1,2018-2019,Crystal Palace,27,34,3009,33.4,0.14,0.11,0.25,49.49,1.08,7.63,19.34,23.98,2.63,49.49,2.99,1.74,1.74,1.26,1.26,30.96,247.4,108.74,4.31,2.69,0.96,2.34,2.25,33.11,8.38
Adama Traoré,ESP,"FW,MF",0,0,1,1,2018-2019,Wolves,22,8,902,10.0,0.13,0.22,0.35,50.3,0.6,6.1,24.0,23.0,4.2,50.3,8.1,6.5,8.02,1.6,1.98,33.3,368.3,215.3,8.2,4.8,3.1,3.8,4.5,36.2,6.1
Mark Travers,IRL,GK,1,0,0,0,2018-2019,Bournemouth,19,2,180,2.0,0.0,0.0,0.0,32.5,30.5,32.0,0.5,0.0,0.0,32.5,0.0,0.0,,0.0,,17.5,83.0,51.5,0.0,0.0,0.0,0.0,0.0,10.5,0.0
Kieran Trippier,ENG,DF,0,1,0,0,2018-2019,Tottenham,27,26,2276,25.3,0.02,0.16,0.18,89.6,3.28,22.77,38.02,29.57,0.99,89.6,0.59,0.28,1.85,0.32,2.11,46.17,139.05,72.41,1.58,1.38,0.08,0.79,0.55,52.85,7.91
Antonio Valencia,ECU,DF,0,1,0,0,2018-2019,Manchester Utd,32,5,466,5.2,0.01,0.09,0.1,70.0,1.73,14.23,38.27,17.5,0.38,70.0,1.15,0.58,9.62,0.58,9.62,34.81,189.62,116.92,3.46,2.31,0.38,0.0,0.19,45.77,4.04
Yan Valery,TUN,DF,0,1,0,0,2018-2019,Southampton,19,20,1712,19.0,0.04,0.01,0.05,45.21,2.63,11.05,19.74,15.16,1.37,45.21,2.16,1.26,3.08,0.89,2.18,19.68,146.0,74.32,2.84,1.42,0.74,1.74,1.53,19.79,4.05
Virgil van Dijk,NED,DF,0,1,0,0,2018-2019,Liverpool,27,38,3384,37.6,0.08,0.04,0.12,90.9,6.38,34.34,53.32,3.46,1.76,90.9,0.32,0.24,1.99,0.08,0.66,59.89,254.76,134.2,0.53,0.56,0.05,0.19,0.03,64.39,0.53
Jamie Vardy,ENG,FW,0,0,0,1,2018-2019,Leicester City,31,30,2726,30.3,0.6,0.17,0.77,23.47,1.02,1.98,8.68,13.07,4.79,23.3,1.06,0.4,1.24,0.66,2.06,12.08,67.89,31.98,1.49,0.69,0.86,1.68,0.63,15.71,6.14
Jan Vertonghen,BEL,DF,0,1,0,0,2018-2019,Tottenham,31,22,1911,21.2,0.05,0.01,0.06,84.67,5.61,29.48,47.26,8.54,0.85,84.67,0.66,0.42,3.03,0.24,1.68,55.66,261.98,160.52,1.27,1.46,0.0,0.52,0.09,58.73,1.13
Jannik Vestergaard,DEN,DF,0,1,0,0,2018-2019,Southampton,25,23,2027,22.5,0.03,0.03,0.06,54.22,8.13,25.2,26.98,2.53,0.76,54.22,0.58,0.44,3.42,0.13,1.03,22.09,119.64,71.2,0.62,0.44,0.0,0.44,0.18,24.44,0.18
Luciano Vietto,ARG,"FW,MF",0,0,1,1,2018-2019,Fulham,24,10,986,11.0,0.27,0.2,0.46,48.09,0.82,6.0,20.91,22.0,3.55,48.09,2.45,1.45,5.39,1.0,3.7,29.27,206.18,90.45,3.0,2.73,0.64,2.36,2.36,36.55,9.73
Rúben Vinagre,POR,"DF,MF",0,1,1,0,2018-2019,Wolves,19,7,710,7.9,0.06,0.1,0.16,65.32,2.28,15.7,28.86,21.52,1.39,65.32,2.53,1.65,8.23,0.76,3.8,31.27,294.56,165.95,5.7,2.78,1.01,2.28,1.52,37.09,7.97
Sam Vokes,WAL,FW,0,0,0,1,2018-2019,Burnley,28,10,915,10.2,0.23,0.12,0.36,36.76,2.25,2.84,18.14,15.88,3.92,36.76,0.29,0.29,9.8,0.0,0.0,12.45,49.9,9.22,0.29,0.29,0.2,2.75,1.27,30.78,5.39
Michel Vorm,NED,GK,1,0,0,0,2018-2019,Tottenham,34,2,180,2.0,0.0,0.0,0.0,33.5,31.0,33.5,0.0,0.0,0.0,33.5,0.0,0.0,,0.0,,21.0,109.5,98.0,0.0,0.0,0.0,0.5,0.0,16.5,0.0
Matěj Vydra,CZE,FW,0,0,0,1,2018-2019,Burnley,26,3,318,3.5,0.52,0.13,0.65,34.86,1.43,4.57,14.0,16.86,4.29,34.86,2.0,0.86,12.26,1.14,16.31,19.14,101.71,26.57,0.86,1.71,0.29,5.14,2.29,22.86,4.29
Theo Walcott,ENG,"FW,MF",0,0,1,1,2018-2019,Everton,29,24,2119,23.5,0.24,0.12,0.36,37.79,0.55,5.4,14.89,18.3,4.72,37.79,2.51,1.32,2.23,1.19,2.02,26.09,143.32,70.3,2.13,1.4,1.02,3.28,1.57,28.13,7.11
Kyle Walker,ENG,DF,0,1,0,0,2018-2019,Manchester City,28,30,2779,30.9,0.03,0.06,0.09,93.4,2.65,16.76,56.63,20.78,1.04,93.4,1.1,0.58,1.71,0.52,1.52,59.45,285.66,144.34,2.69,2.56,0.55,0.81,0.39,68.28,2.98
Kyle Walker-Peters,ENG,DF,0,1,0,0,2018-2019,Tottenham,21,4,376,4.2,0.08,0.11,0.19,63.57,2.14,14.05,30.24,20.0,1.67,63.57,2.62,2.14,19.48,0.48,4.33,38.81,220.71,128.57,3.57,2.86,0.48,0.71,0.71,38.57,4.05
Aaron Wan-Bissaka,ENG,DF,0,1,0,0,2018-2019,Crystal Palace,20,35,3134,34.8,0.01,0.06,0.07,61.58,4.71,23.76,24.05,14.4,0.78,61.58,2.59,1.75,1.95,0.83,0.93,23.88,164.86,93.53,2.87,2.3,0.29,1.24,1.06,26.06,3.42
Victor Wanyama,KEN,MF,0,0,1,0,2018-2019,Tottenham,27,4,516,5.7,0.17,0.01,0.18,68.77,4.21,14.91,43.68,10.35,0.88,68.77,1.58,1.05,11.7,0.53,5.84,41.58,215.79,111.23,2.28,1.23,0.18,1.4,0.7,44.74,1.05
Danny Ward,ENG,FW,0,0,0,1,2018-2019,Cardiff City,26,4,445,4.9,0.12,0.07,0.19,30.82,2.24,2.45,12.45,15.92,4.08,30.82,0.41,0.0,0.0,0.41,20.41,11.63,64.49,17.96,1.43,0.2,0.82,2.45,1.02,21.43,5.51
Joel Ward,ENG,DF,0,1,0,0,2018-2019,Crystal Palace,28,6,552,6.1,0.09,0.02,0.11,54.1,5.41,21.48,22.46,10.66,0.82,54.1,0.33,0.16,8.2,0.16,8.2,17.05,93.28,43.11,0.98,0.66,0.0,0.82,0.66,21.97,2.95
Stephen Ward,IRL,DF,0,1,0,0,2018-2019,Burnley,32,3,228,2.5,0.02,0.02,0.04,68.0,4.8,19.6,32.0,16.8,0.8,68.0,1.2,0.8,26.68,0.4,13.32,28.0,154.4,93.6,3.2,2.0,0.4,0.0,0.0,37.6,2.0
James Ward-Prowse,ENG,"MF,DF",0,1,1,0,2018-2019,Southampton,23,21,1945,21.6,0.16,0.15,0.31,52.73,3.1,10.14,22.78,20.37,1.57,52.69,0.51,0.23,2.11,0.28,2.52,21.85,95.65,37.92,0.69,0.88,0.14,1.16,0.74,26.81,3.98
Danny Welbeck,ENG,"FW,MF",0,0,1,1,2018-2019,Arsenal,27,1,153,1.7,0.47,0.18,0.65,47.65,1.18,7.06,19.41,22.94,5.29,47.65,3.53,1.18,19.59,2.35,39.24,28.82,181.76,118.82,3.53,2.94,1.76,2.94,1.76,32.94,6.47
Ashley Westwood,ENG,MF,0,0,1,0,2018-2019,Burnley,28,31,2824,31.4,0.06,0.15,0.21,57.26,2.36,9.62,34.2,13.85,0.7,57.23,0.45,0.25,1.82,0.19,1.37,22.87,89.46,39.68,0.51,0.57,0.16,0.92,0.54,32.04,1.27
Connor Wickham,ENG,"FW,MF",0,0,1,1,2018-2019,Crystal Palace,25,0,67,0.7,0.5,0.43,0.92,40.0,1.43,2.86,14.29,22.86,12.86,40.0,0.0,0.0,,0.0,,18.57,67.14,14.29,0.0,0.0,1.43,5.71,2.86,28.57,1.43
Georginio Wijnaldum,NED,MF,0,0,1,0,2018-2019,Liverpool,27,32,2725,30.3,0.1,0.06,0.16,67.26,1.25,9.37,46.11,12.67,1.32,67.26,1.62,0.96,1.95,0.66,1.35,46.5,222.74,105.74,1.55,1.52,0.13,1.72,1.29,51.29,2.21
Danny Williams,USA,MF,0,0,1,0,2018-2019,Huddersfield,29,1,96,1.1,0.02,0.04,0.06,31.82,1.82,6.36,20.91,4.55,0.0,31.82,0.91,0.91,90.91,0.0,0.0,14.55,97.27,35.45,0.91,2.73,0.0,0.91,3.64,16.36,0.91
Willian,BRA,FW,0,0,0,1,2018-2019,Chelsea,29,26,2097,23.3,0.18,0.23,0.41,71.72,0.56,5.88,26.05,40.94,4.12,71.72,2.62,1.67,2.74,0.94,1.55,44.03,323.22,177.12,6.14,3.69,1.93,2.23,1.67,55.11,12.15
Joe Willock,ENG,"MF,FW",0,0,1,1,2018-2019,Arsenal,18,1,64,0.7,0.16,0.0,0.16,38.57,0.0,4.29,18.57,15.71,4.29,38.57,2.86,0.0,0.0,2.86,142.86,30.0,142.86,30.0,0.0,0.0,0.0,4.29,2.86,32.86,10.0
Ben Wilmot,ENG,"MF,DF",0,1,1,0,2018-2019,Watford,18,0,28,0.3,0.0,0.0,0.0,43.33,13.33,26.67,16.67,3.33,0.0,43.33,0.0,0.0,,0.0,,16.67,93.33,56.67,0.0,3.33,0.0,0.0,0.0,20.0,0.0
Jack Wilshere,ENG,MF,0,0,1,0,2018-2019,West Ham,26,4,392,4.4,0.04,0.14,0.17,57.27,1.59,6.82,38.64,12.5,0.91,57.27,3.64,3.41,21.32,0.23,1.43,35.68,204.32,110.45,1.82,1.36,0.0,0.68,1.59,45.0,2.27
Callum Wilson,ENG,FW,0,0,0,1,2018-2019,Bournemouth,26,29,2528,28.1,0.48,0.19,0.67,26.41,0.82,2.7,10.25,13.81,5.34,26.37,1.49,0.6,1.44,0.89,2.12,19.18,85.44,39.79,1.74,0.64,0.85,3.42,1.57,20.75,7.01
Harry Winks,ENG,MF,0,0,1,0,2018-2019,Tottenham,22,17,1597,17.7,0.06,0.01,0.07,86.38,2.32,14.75,60.45,12.66,0.45,86.38,1.3,0.96,4.18,0.34,1.47,63.56,363.95,173.9,3.16,2.71,0.11,0.9,1.24,67.63,1.07
Chris Wood,NZL,FW,0,0,0,1,2018-2019,Burnley,26,29,2588,28.8,0.31,0.13,0.44,31.25,1.11,2.92,13.16,15.38,4.1,31.25,0.45,0.28,2.14,0.17,1.34,14.79,44.55,13.89,0.45,0.28,0.35,3.19,1.63,24.48,6.91
Granit Xhaka,SUI,"MF,DF",0,1,1,0,2018-2019,Arsenal,25,29,2498,27.8,0.07,0.12,0.2,96.8,3.56,21.15,58.53,17.55,0.32,96.8,0.5,0.25,1.8,0.25,1.8,51.15,231.44,118.27,1.33,1.01,0.07,0.61,0.61,66.83,1.22
Andriy Yarmolenko,UKR,"MF,FW",0,0,1,1,2018-2019,West Ham,28,5,459,5.1,0.21,0.15,0.36,51.37,0.39,6.08,19.61,26.08,3.73,51.37,0.59,0.39,13.08,0.2,6.53,35.69,223.53,107.06,3.53,3.53,0.59,2.35,2.16,42.75,5.49
DeAndre Yedlin,USA,DF,0,1,0,0,2018-2019,Newcastle Utd,25,28,2473,27.5,0.04,0.07,0.11,50.69,3.38,16.22,19.56,15.2,0.8,50.69,0.69,0.29,1.53,0.4,2.11,17.89,77.53,44.36,1.38,1.16,0.15,1.24,0.33,22.25,3.78
Maya Yoshida,JPN,DF,0,1,0,0,2018-2019,Southampton,29,17,1518,16.9,0.11,0.03,0.14,46.04,7.46,21.3,23.25,1.83,1.24,46.04,0.18,0.12,3.95,0.06,1.97,18.11,73.85,33.49,0.06,0.12,0.0,0.41,0.0,20.77,0.24
Ashley Young,ENG,DF,0,1,0,0,2018-2019,Manchester Utd,33,28,2569,28.5,0.02,0.11,0.13,76.6,3.51,19.12,37.12,21.02,0.7,76.6,1.19,0.6,1.75,0.6,1.75,34.7,182.98,108.25,2.49,1.23,0.35,0.88,0.67,40.98,4.35
Pablo Zabaleta,ARG,DF,0,1,0,0,2018-2019,West Ham,33,23,2092,23.2,0.01,0.04,0.05,61.47,5.0,16.9,29.18,15.91,1.38,61.47,0.95,0.6,2.74,0.34,1.57,26.59,108.02,54.87,1.34,0.65,0.17,0.78,0.56,30.22,4.61
Wilfried Zaha,CIV,FW,0,0,0,1,2018-2019,Crystal Palace,25,34,3036,33.7,0.17,0.14,0.31,47.48,0.15,3.62,20.53,24.3,6.05,47.48,6.68,3.38,1.5,3.29,1.46,34.36,260.06,129.41,5.4,3.23,2.97,3.59,4.24,38.28,10.53
Andre-Frank Zambo Anguissa,CMR,MF,0,0,1,0,2018-2019,Fulham,22,16,1517,16.9,0.05,0.01,0.06,75.8,3.43,15.98,51.83,8.93,0.47,75.8,3.2,2.49,4.6,0.71,1.31,39.11,222.78,108.34,2.01,1.54,0.12,2.25,2.31,52.07,1.18
Davide Zappacosta,ITA,DF,0,1,0,0,2018-2019,Chelsea,26,1,128,1.4,0.06,0.09,0.15,76.43,5.71,22.14,34.29,20.71,4.29,76.43,2.14,1.43,47.64,0.71,23.79,37.14,246.43,101.43,3.57,1.43,2.14,1.43,1.43,47.86,4.29
Oleksandr Zinchenko,UKR,DF,0,1,0,0,2018-2019,Manchester City,21,14,1151,12.8,0.01,0.12,0.13,115.47,1.56,15.0,64.38,36.48,0.78,115.47,1.02,0.39,3.01,0.62,4.8,73.59,281.8,159.3,3.67,4.61,0.08,0.55,0.39,83.12,7.34
Kenneth Zohore,DEN,FW,0,0,0,1,2018-2019,Cardiff City,24,7,753,8.4,0.2,0.13,0.33,27.5,0.83,1.07,8.93,17.74,4.4,27.5,0.95,0.6,7.44,0.36,4.46,14.17,73.21,23.21,1.19,0.24,0.71,2.74,1.67,21.67,6.79
Kurt Zouma,FRA,DF,0,1,0,0,2018-2019,Everton,23,29,2612,29.0,0.05,0.01,0.06,61.38,5.07,27.14,31.69,2.9,1.28,61.38,0.28,0.24,3.02,0.03,0.43,33.59,178.14,104.38,0.79,0.59,0.0,0.59,0.45,36.03,0.14
Patrick van Aanholt,NED,DF,0,1,0,0,2017-2018,Crystal Palace,26,25,2184,24.3,0.13,0.09,0.21,59.05,3.7,18.31,25.35,16.09,1.32,59.05,1.28,1.07,3.45,0.21,0.66,29.51,152.84,80.91,1.89,1.36,0.29,1.52,0.74,29.26,3.54
Rolando Aarons,ENG,"MF,FW",0,0,1,1,2017-2018,Newcastle Utd,21,1,139,1.5,0.04,0.0,0.04,43.33,0.0,7.33,20.0,16.67,2.0,43.33,4.0,2.67,44.47,1.33,22.2,24.67,253.33,84.67,4.67,2.0,2.0,2.67,4.0,26.0,2.67
Tammy Abraham,ENG,FW,0,0,0,1,2017-2018,Swansea City,19,15,1726,19.2,0.35,0.08,0.44,25.94,0.62,1.72,12.81,11.98,3.39,25.94,2.45,1.41,2.99,1.04,2.22,15.89,83.33,28.91,0.99,0.83,0.42,2.6,2.66,20.47,5.42
Charlie Adam,SCO,MF,0,0,1,0,2017-2018,Stoke City,31,5,411,4.6,0.36,0.27,0.63,74.35,1.96,12.61,47.39,16.52,1.09,74.13,2.61,2.61,21.74,0.0,0.0,44.78,208.7,94.78,1.3,3.26,0.43,1.52,1.09,45.87,1.96
Adrián,ESP,GK,1,0,0,0,2017-2018,West Ham,30,19,1710,19.0,0.0,0.0,0.0,33.74,28.47,33.32,0.47,0.0,0.0,33.74,0.0,0.0,,0.0,,14.95,115.42,79.21,0.0,0.0,0.0,0.0,0.0,8.74,0.0
Ibrahim Afellay,NED,MF,0,0,1,0,2017-2018,Stoke City,31,1,166,1.8,0.0,0.0,0.0,49.44,0.0,10.0,35.0,6.67,0.0,49.44,0.56,0.56,55.56,0.0,0.0,33.89,118.89,27.78,0.0,0.0,0.0,0.56,1.67,35.56,0.56
Benik Afobe,COD,FW,0,0,0,1,2017-2018,Bournemouth,24,5,611,6.8,0.27,0.02,0.3,32.21,1.18,2.65,14.71,15.44,4.12,32.21,1.32,1.03,11.44,0.29,3.26,20.29,120.59,46.62,1.76,0.59,1.32,4.12,0.74,25.15,5.44
Sergio Agüero,ARG,FW,0,0,0,1,2017-2018,Manchester City,29,22,1963,21.8,0.75,0.26,1.0,41.01,0.28,1.88,14.13,25.73,6.97,40.83,3.85,2.57,3.06,1.28,1.53,27.98,191.1,85.6,4.08,2.2,1.65,2.57,1.97,34.27,9.82
Nathan Aké,NED,DF,0,1,0,0,2017-2018,Bournemouth,22,37,3353,37.3,0.04,0.05,0.09,54.91,7.59,33.83,19.3,2.25,1.23,54.91,0.29,0.27,2.44,0.03,0.24,25.36,146.54,82.44,0.38,0.24,0.03,0.32,0.16,29.76,0.27
Marc Albrighton,ENG,"MF,FW",0,0,1,1,2017-2018,Leicester City,27,30,2538,28.2,0.06,0.2,0.26,56.06,1.91,10.71,24.86,21.31,1.21,56.06,3.37,1.84,1.94,1.52,1.61,30.0,178.76,76.38,2.27,1.52,0.21,1.67,1.35,35.04,5.74
Toby Alderweireld,BEL,DF,0,1,0,0,2017-2018,Tottenham,28,13,1178,13.1,0.03,0.01,0.04,80.08,4.96,31.53,43.05,5.95,0.84,80.08,0.53,0.46,6.54,0.08,1.09,46.64,240.08,164.27,0.92,0.92,0.0,0.31,0.0,58.09,0.38
Trent Alexander-Arnold,ENG,DF,0,1,0,0,2017-2018,Liverpool,18,18,1573,17.5,0.05,0.15,0.21,84.97,2.23,21.37,41.03,23.37,1.6,84.97,1.89,1.14,3.46,0.74,2.25,42.46,184.69,102.34,2.23,2.17,0.51,1.03,0.74,52.0,7.2
Joe Allen,WAL,MF,0,0,1,0,2017-2018,Stoke City,27,36,3139,34.9,0.05,0.08,0.13,51.03,2.58,10.6,28.54,12.84,1.4,51.03,1.58,1.26,2.29,0.32,0.57,27.22,136.16,57.59,1.06,1.26,0.2,1.55,1.95,28.37,2.55
Dele Alli,ENG,"MF,FW",0,0,1,1,2017-2018,Tottenham,21,34,2958,32.9,0.28,0.25,0.53,52.46,1.0,5.44,21.34,26.57,4.47,52.46,3.19,1.34,1.27,1.85,1.77,33.34,205.87,87.17,3.04,2.37,0.85,2.98,2.71,40.55,10.91
Marcos Alonso,ESP,"DF,MF",0,1,1,0,2017-2018,Chelsea,26,33,2855,31.7,0.13,0.09,0.22,65.74,2.59,17.85,24.73,23.6,3.03,65.74,1.04,0.54,1.62,0.5,1.53,33.82,193.15,106.56,2.46,1.58,0.32,1.32,0.76,39.68,8.23
Daniel Amartey,GHA,DF,0,1,0,0,2017-2018,Leicester City,22,6,487,5.4,0.0,0.0,0.0,67.04,4.44,23.89,35.0,8.52,0.0,67.04,0.93,0.74,14.81,0.19,3.7,29.07,158.89,80.0,0.93,1.11,0.0,0.56,0.74,35.56,0.74
Ethan Ampadu,WAL,DF,0,1,0,0,2017-2018,Chelsea,16,0,11,0.1,0.0,0.0,0.0,220.0,20.0,90.0,130.0,0.0,0.0,220.0,0.0,0.0,,0.0,,160.0,620.0,330.0,0.0,0.0,0.0,0.0,0.0,190.0,0.0
Nordin Amrabat,MAR,FW,0,0,0,1,2017-2018,Watford,30,3,198,2.2,0.02,0.06,0.09,44.55,0.0,5.91,16.36,22.73,1.82,44.55,1.82,0.91,22.73,0.91,22.73,27.73,129.09,56.36,1.36,2.27,0.45,1.82,3.18,32.73,10.0
Michail Antonio,JAM,"FW,MF",0,0,1,1,2017-2018,West Ham,27,16,1354,15.0,0.16,0.07,0.23,48.73,1.47,6.27,20.33,23.2,2.6,48.73,5.87,3.4,3.87,2.47,2.8,31.13,230.47,93.93,3.13,2.53,0.67,3.67,2.8,35.53,7.8
Scott Arfield,CAN,"MF,FW",0,0,1,1,2017-2018,Burnley,28,15,1333,14.8,0.08,0.02,0.11,34.93,1.55,8.18,15.54,11.76,1.89,34.93,1.76,0.95,3.64,0.81,3.12,17.36,86.96,36.35,1.08,0.74,0.34,1.55,1.01,19.46,3.18
Marko Arnautović,AUT,"FW,MF",0,0,1,1,2017-2018,West Ham,28,28,2313,25.7,0.34,0.17,0.5,40.89,1.63,4.63,13.19,23.7,5.84,40.89,3.11,2.18,2.72,0.93,1.17,25.06,167.55,74.44,2.96,1.79,1.56,2.26,1.63,28.87,9.03
Harry Arter,IRL,MF,0,0,1,0,2017-2018,Bournemouth,27,11,960,10.7,0.03,0.02,0.05,62.9,1.59,12.15,42.52,9.16,0.09,62.9,0.75,0.37,4.67,0.37,4.67,34.02,196.26,90.19,1.31,0.93,0.0,0.75,0.75,45.7,0.75
Christian Atsu,GHA,"FW,MF",0,0,1,1,2017-2018,Newcastle Utd,25,19,1784,19.8,0.2,0.13,0.34,38.43,1.26,7.37,14.95,17.07,3.13,38.43,3.28,1.41,2.18,1.87,2.87,24.39,191.21,95.66,3.54,2.47,1.11,1.87,1.92,24.9,6.31
Pierre-Emerick Aubameyang,GAB,FW,0,0,0,1,2017-2018,Arsenal,28,12,1057,11.7,0.71,0.1,0.81,35.9,0.85,3.59,15.3,17.61,5.3,35.73,1.2,0.94,6.72,0.26,1.83,22.56,134.27,71.45,2.65,1.45,1.03,1.03,1.03,26.84,7.26
Serge Aurier,CIV,DF,0,1,0,0,2017-2018,Tottenham,24,16,1429,15.9,0.05,0.16,0.21,78.55,2.45,18.87,33.52,26.73,2.26,78.55,1.38,0.94,4.29,0.44,2.0,33.4,158.93,78.68,2.01,1.82,0.31,1.01,1.01,43.65,9.56
Charlie Austin,ENG,FW,0,0,0,1,2017-2018,Southampton,28,10,1037,11.5,0.62,0.07,0.68,33.3,1.13,2.7,15.65,15.04,4.78,33.22,0.52,0.26,4.35,0.26,4.35,20.09,63.13,17.3,0.43,0.26,0.17,2.61,1.65,25.39,5.83
André Ayew,GHA,"MF,FW",0,0,1,1,2017-2018,West Ham,27,9,895,9.9,0.33,0.03,0.37,36.67,0.81,4.55,19.7,13.13,2.22,36.57,1.41,1.21,8.66,0.2,1.44,20.71,142.12,60.3,1.82,1.82,0.2,1.11,1.72,26.16,4.34
André Ayew,GHA,"MF,FW",0,0,1,1,2017-2018,Swansea City,27,10,950,10.6,0.18,0.13,0.3,38.87,0.94,4.43,19.81,14.91,3.02,38.87,1.42,0.85,5.66,0.57,3.77,24.43,125.28,48.02,1.51,1.6,0.85,1.89,2.36,29.25,5.0
Jordan Ayew,GHA,"FW,MF",0,0,1,1,2017-2018,Swansea City,25,33,2852,31.7,0.23,0.06,0.29,42.59,0.38,3.5,20.57,19.43,3.19,42.56,3.91,2.33,1.88,1.58,1.27,28.61,199.09,82.37,2.4,2.21,0.73,3.44,3.34,32.08,7.32
César Azpilicueta,ESP,DF,0,1,0,0,2017-2018,Chelsea,27,37,3330,37.0,0.03,0.13,0.16,88.59,5.89,32.38,43.14,13.35,0.68,88.59,0.24,0.16,1.8,0.08,0.9,52.95,238.0,157.35,1.65,1.65,0.08,0.46,0.19,61.43,2.19
Eric Bailly,CIV,DF,0,1,0,0,2017-2018,Manchester Utd,23,11,1001,11.1,0.1,0.01,0.11,49.73,6.85,25.05,23.42,1.44,0.63,49.73,0.36,0.36,9.01,0.0,0.0,23.24,122.97,69.01,0.27,0.09,0.0,0.09,0.45,27.03,0.0
Leighton Baines,ENG,DF,0,1,0,0,2017-2018,Everton,32,22,1909,21.2,0.1,0.09,0.19,54.67,2.31,15.33,24.95,14.91,0.71,54.58,0.66,0.38,2.69,0.28,2.02,23.68,101.08,60.61,1.46,1.04,0.14,0.42,0.47,31.23,2.88
Tiemoué Bakayoko,FRA,MF,0,0,1,0,2017-2018,Chelsea,22,24,2126,23.6,0.13,0.05,0.18,58.98,2.25,11.65,35.04,13.47,1.91,58.98,2.12,1.53,3.05,0.59,1.19,34.87,183.31,91.31,1.65,1.48,0.08,1.69,1.14,40.55,2.42
Sam Baldock,ENG,FW,0,0,0,1,2017-2018,Brighton,28,0,32,0.4,0.0,0.0,0.0,25.0,0.0,0.0,7.5,17.5,7.5,25.0,2.5,0.0,0.0,2.5,250.0,15.0,27.5,2.5,0.0,0.0,0.0,5.0,2.5,25.0,12.5
Beni Baningime,COD,MF,0,0,1,0,2017-2018,Everton,18,1,198,2.2,0.0,0.0,0.0,48.64,0.91,7.73,31.82,9.09,0.0,48.64,1.82,0.45,11.36,1.36,34.09,24.55,134.09,61.36,0.45,0.0,0.0,0.45,0.45,25.91,1.36
Phil Bardsley,SCO,DF,0,1,0,0,2017-2018,Burnley,32,13,1125,12.5,0.0,0.02,0.03,59.36,5.6,18.72,30.48,10.56,0.24,59.36,0.4,0.24,4.8,0.16,3.2,20.08,82.16,32.16,0.56,0.24,0.0,0.72,0.72,22.0,0.56
Ross Barkley,ENG,MF,0,0,1,0,2017-2018,Chelsea,23,2,129,1.4,0.53,0.07,0.6,45.71,0.71,3.57,22.86,20.0,4.29,45.71,4.29,3.57,59.5,0.71,11.93,30.0,190.71,97.86,5.0,0.71,0.71,1.43,2.14,37.86,9.29
Ashley Barnes,ENG,FW,0,0,0,1,2017-2018,Burnley,27,21,2165,24.1,0.28,0.07,0.34,33.07,0.87,3.28,13.98,16.35,3.9,33.07,1.04,0.66,2.66,0.37,1.49,19.25,85.89,23.69,0.71,0.62,0.66,3.15,1.83,25.23,5.27
Harvey Barnes,ENG,"MF,FW",0,0,1,1,2017-2018,Leicester City,19,0,10,0.1,0.64,0.0,0.64,90.0,0.0,0.0,30.0,60.0,20.0,90.0,0.0,0.0,,0.0,,30.0,120.0,120.0,0.0,10.0,0.0,10.0,0.0,60.0,20.0
Gareth Barry,ENG,MF,0,0,1,0,2017-2018,West Brom,36,22,1923,21.4,0.07,0.07,0.14,52.43,2.24,11.26,33.79,7.85,0.61,52.43,0.51,0.47,4.25,0.05,0.43,27.8,113.83,56.5,0.93,0.51,0.0,1.07,0.79,31.26,1.07
Kyle Bartley,ENG,DF,0,1,0,0,2017-2018,Swansea City,26,2,235,2.6,0.05,0.1,0.16,58.46,10.0,35.77,20.0,2.69,1.92,58.46,0.0,0.0,,0.0,,23.46,109.23,62.69,0.77,0.38,0.0,0.0,0.38,34.62,0.0
Michy Batshuayi,BEL,FW,0,0,0,1,2017-2018,Chelsea,23,3,360,4.0,0.28,0.02,0.3,34.25,1.25,1.75,17.5,16.75,3.25,34.25,1.5,1.25,20.82,0.25,4.18,20.0,111.25,53.0,2.25,1.75,0.5,3.75,2.25,28.0,8.0
Moritz Bauer,AUT,"DF,MF",0,1,1,0,2017-2018,Stoke City,25,15,1306,14.5,0.01,0.06,0.08,42.48,2.76,13.79,16.76,12.41,0.97,42.48,1.45,0.83,3.94,0.62,2.96,16.48,112.28,54.48,1.72,1.31,0.28,1.1,0.62,17.17,3.1
Jan Bednarek,POL,DF,0,1,0,0,2017-2018,Southampton,21,5,426,4.7,0.03,0.0,0.03,50.21,5.32,21.7,28.09,0.64,0.43,50.21,0.21,0.0,0.0,0.21,21.28,27.23,86.17,43.4,0.0,0.21,0.0,0.21,0.0,27.23,0.0
Asmir Begović,BIH,GK,1,0,0,0,2017-2018,Bournemouth,30,38,3420,38.0,0.0,0.0,0.0,32.63,29.84,32.53,0.11,0.0,0.0,32.63,0.0,0.0,,0.0,,11.68,64.13,44.0,0.0,0.0,0.0,0.03,0.0,9.68,0.0
Héctor Bellerín,ESP,DF,0,1,0,0,2017-2018,Arsenal,22,34,3051,33.9,0.07,0.12,0.18,74.42,3.51,17.05,31.92,25.87,3.04,74.42,1.36,0.74,1.6,0.62,1.35,42.65,210.88,117.79,2.48,1.83,0.56,1.18,0.91,48.7,9.82
Yohan Benalouane,TUN,DF,0,1,0,0,2017-2018,Leicester City,30,1,90,1.0,0.06,0.0,0.06,56.0,7.0,21.0,24.0,11.0,1.0,56.0,0.0,0.0,,0.0,,19.0,98.0,48.0,1.0,1.0,0.0,0.0,0.0,19.0,4.0
Christian Benteke,BEL,FW,0,0,0,1,2017-2018,Crystal Palace,26,24,2240,24.9,0.41,0.12,0.53,38.23,2.01,3.25,18.55,16.63,5.18,38.15,1.04,0.64,2.47,0.4,1.55,19.96,85.26,26.55,0.72,0.88,0.56,3.45,1.29,29.6,5.34
Saido Berahino,BDI,FW,0,0,0,1,2017-2018,Stoke City,23,3,494,5.5,0.37,0.11,0.47,25.09,0.18,1.45,9.64,14.36,3.27,24.91,0.36,0.18,9.09,0.18,9.09,16.18,79.27,22.0,1.09,0.36,0.73,2.18,1.82,16.0,5.45
Jóhann Berg Guðmundsson,ISL,MF,0,0,1,0,2017-2018,Burnley,26,32,2833,31.5,0.11,0.15,0.26,42.32,1.11,6.22,16.06,20.83,1.84,42.32,2.06,1.17,1.81,0.89,1.37,22.25,143.3,67.4,2.63,1.68,0.54,1.49,1.43,24.22,6.1
Ryan Bertrand,ENG,DF,0,1,0,0,2017-2018,Southampton,27,35,3135,34.8,0.05,0.09,0.14,65.0,2.5,13.65,29.25,22.5,1.49,65.0,1.06,0.49,1.32,0.57,1.55,35.17,162.21,84.51,2.56,1.84,0.46,0.98,0.6,38.71,6.12
Muhamed Bešić,BIH,MF,0,0,1,0,2017-2018,Everton,24,0,46,0.5,0.0,0.09,0.09,66.0,4.0,18.0,40.0,8.0,0.0,66.0,0.0,0.0,,0.0,,46.0,272.0,172.0,0.0,0.0,0.0,0.0,4.0,48.0,0.0
Philip Billing,DEN,MF,0,0,1,0,2017-2018,Huddersfield,21,8,764,8.5,0.02,0.05,0.08,58.82,2.12,16.0,33.41,10.35,0.0,58.82,0.71,0.47,7.85,0.24,3.92,26.94,155.29,82.35,1.41,1.41,0.0,0.94,0.82,30.0,1.53
Mame Biram Diouf,SEN,"FW,DF",0,1,0,1,2017-2018,Stoke City,29,30,2596,28.8,0.22,0.07,0.29,33.06,2.36,6.35,11.91,15.03,3.12,33.06,0.9,0.38,1.47,0.52,2.0,15.56,85.69,32.26,1.32,0.69,0.24,1.84,1.15,20.73,5.97
Daley Blind,NED,"DF,MF",0,1,1,0,2017-2018,Manchester Utd,27,4,362,4.0,0.02,0.05,0.07,79.0,3.5,13.0,42.5,24.0,0.5,79.0,0.5,0.25,12.5,0.25,12.5,40.75,174.5,97.5,2.25,1.25,0.0,1.0,0.75,49.75,5.5
Jeremie Boga,CIV,MF,0,0,1,0,2017-2018,Chelsea,20,1,17,0.2,0.0,0.0,0.0,25.0,0.0,0.0,10.0,15.0,0.0,25.0,0.0,0.0,,0.0,,20.0,35.0,10.0,0.0,0.0,0.0,5.0,0.0,25.0,5.0
Yannick Bolasie,COD,FW,0,0,0,1,2017-2018,Everton,28,11,851,9.5,0.16,0.08,0.24,41.16,0.53,5.16,13.68,23.26,2.63,41.16,3.79,1.79,4.97,2.0,5.56,27.05,204.11,101.16,4.11,2.53,0.53,3.16,2.63,28.32,5.47
Gaëtan Bong,CMR,DF,0,1,0,0,2017-2018,Brighton,29,25,2236,24.8,0.0,0.02,0.02,53.79,4.48,19.07,23.75,11.49,0.16,53.79,1.17,0.65,2.23,0.52,1.81,23.27,133.55,76.25,2.02,1.45,0.12,0.85,0.44,24.72,1.29
Wilfried Bony,CIV,FW,0,0,0,1,2017-2018,Swansea City,28,8,707,7.9,0.2,0.03,0.23,36.71,2.41,3.29,21.14,12.78,2.28,36.71,1.65,1.27,9.73,0.38,2.92,19.49,76.46,30.38,0.89,1.52,0.0,3.04,2.03,29.37,5.19
Sofiane Boufal,MAR,"FW,MF",0,0,1,1,2017-2018,Southampton,23,11,1219,13.5,0.12,0.13,0.25,58.74,0.67,5.78,24.81,29.7,4.0,58.74,7.11,4.52,4.7,2.59,2.7,42.67,303.93,164.37,5.78,4.0,1.7,2.96,3.04,45.19,8.44
Robbie Brady,IRL,MF,0,0,1,0,2017-2018,Burnley,25,15,1277,14.2,0.08,0.15,0.23,51.48,1.76,6.97,22.25,22.75,1.27,51.48,1.76,1.13,4.51,0.63,2.54,24.51,149.72,71.34,2.25,2.11,0.56,1.27,1.41,28.8,4.72
Claudio Bravo,CHI,GK,1,0,0,0,2017-2018,Manchester City,34,2,226,2.5,0.0,0.0,0.0,28.8,24.0,28.8,0.0,0.0,0.0,28.8,0.0,0.0,,0.0,,20.8,103.2,70.0,0.0,0.0,0.0,0.0,0.0,14.8,0.0
Miguel Britos,URU,DF,0,1,0,0,2017-2018,Watford,32,10,797,8.9,0.09,0.05,0.14,55.51,3.82,22.92,29.89,3.15,0.56,55.51,0.45,0.22,5.62,0.22,5.62,29.66,149.78,85.28,0.56,0.67,0.11,0.56,0.11,31.57,0.45
Leon Britton,ENG,MF,0,0,1,0,2017-2018,Swansea City,34,4,302,3.4,0.0,0.0,0.0,45.29,0.29,6.18,34.71,4.71,0.59,45.29,0.29,0.0,0.0,0.29,29.41,19.12,101.47,35.88,0.29,1.18,0.29,0.59,0.88,29.41,0.0
Izzy Brown,ENG,"MF,FW",0,0,1,1,2017-2018,Brighton,20,4,311,3.5,0.02,0.24,0.26,47.71,1.14,7.14,22.86,18.57,1.43,47.71,2.86,1.71,17.14,1.14,11.43,28.86,178.0,69.71,2.57,1.43,0.57,1.14,2.0,36.29,6.29
Bruno,ESP,DF,0,1,0,0,2017-2018,Brighton,36,23,2016,22.4,0.0,0.03,0.03,62.72,4.51,22.63,28.57,11.96,0.54,62.72,0.89,0.67,3.35,0.22,1.12,28.62,105.67,56.34,0.89,0.8,0.22,0.58,0.36,36.65,2.46
Chris Brunt,NIR,"MF,DF",0,1,1,0,2017-2018,West Brom,32,22,1920,21.3,0.09,0.2,0.29,59.3,3.1,14.69,29.91,15.35,0.61,59.3,0.7,0.7,4.69,0.0,0.0,29.39,135.16,65.63,1.13,0.8,0.09,0.66,0.75,31.17,1.74
Oliver Burke,SCO,"FW,MF",0,0,1,1,2017-2018,West Brom,20,2,367,4.1,0.12,0.13,0.25,50.98,0.24,5.61,18.78,27.56,4.15,50.98,4.88,3.17,15.85,1.71,8.54,33.17,251.22,91.46,2.93,2.2,0.98,3.9,3.41,40.0,9.02
Jack Butland,ENG,GK,1,0,0,0,2017-2018,Stoke City,24,35,3150,35.0,0.0,0.0,0.0,40.09,32.09,39.57,0.51,0.0,0.0,40.09,0.03,0.0,0.0,0.03,2.86,16.71,132.8,89.49,0.0,0.0,0.0,0.06,0.0,12.03,0.0
Sam Byram,ENG,"DF,MF",0,1,1,0,2017-2018,West Ham,23,2,248,2.8,0.11,0.04,0.15,60.71,4.64,16.79,25.36,18.93,1.43,60.71,1.07,0.71,23.82,0.36,11.89,17.86,108.93,48.93,1.79,1.43,0.36,1.79,0.0,25.71,3.57
Willy Caballero,ARG,GK,1,0,0,0,2017-2018,Chelsea,35,3,270,3.0,0.0,0.0,0.0,36.33,30.67,35.33,1.33,0.0,0.0,36.33,0.0,0.0,,0.0,,18.33,103.67,50.33,0.0,0.0,0.0,0.0,0.0,18.67,0.0
Yohan Cabaye,FRA,MF,0,0,1,0,2017-2018,Crystal Palace,31,28,2376,26.4,0.09,0.15,0.24,67.01,1.44,12.54,38.07,16.93,1.17,67.01,0.83,0.34,1.55,0.49,2.24,34.92,129.81,59.17,0.49,0.95,0.04,1.4,1.1,38.94,1.4
Gary Cahill,ENG,DF,0,1,0,0,2017-2018,Chelsea,31,24,2086,23.2,0.02,0.0,0.02,68.32,6.12,33.32,32.37,2.93,0.56,68.32,0.17,0.17,4.31,0.0,0.0,40.13,215.56,119.22,0.73,0.65,0.04,0.34,0.13,44.53,0.34
Dominic Calvert-Lewin,ENG,FW,0,0,0,1,2017-2018,Everton,20,18,1882,20.9,0.23,0.12,0.36,36.51,1.05,3.11,14.5,19.52,3.68,36.51,2.06,1.0,2.33,1.05,2.45,19.0,122.92,47.51,2.01,1.44,0.77,3.35,1.91,28.66,5.98
Geoff Cameron,USA,"DF,MF",0,1,1,0,2017-2018,Stoke City,32,17,1525,16.9,0.02,0.01,0.03,45.98,5.56,16.75,25.5,4.56,0.53,45.98,1.3,0.83,3.76,0.47,2.15,20.95,117.69,54.14,0.53,0.36,0.06,1.07,0.65,20.41,0.89
Tyrese Campbell,ENG,FW,0,0,0,1,2017-2018,Stoke City,17,0,79,0.9,0.24,0.0,0.24,34.44,1.11,2.22,10.0,22.22,4.44,34.44,0.0,0.0,,0.0,,16.67,45.56,18.89,1.11,0.0,1.11,3.33,3.33,21.11,4.44
Emre Can,GER,MF,0,0,1,0,2017-2018,Liverpool,23,24,2091,23.2,0.08,0.13,0.21,78.49,2.24,14.78,50.73,14.14,1.38,78.49,1.38,1.03,3.23,0.34,1.08,46.72,305.34,183.28,3.62,2.41,0.39,1.29,0.65,54.57,2.07
Étienne Capoue,FRA,MF,0,0,1,0,2017-2018,Watford,29,18,1542,17.1,0.05,0.03,0.08,63.04,3.33,10.53,45.09,7.84,0.35,63.04,1.35,0.76,3.3,0.58,2.54,35.73,141.99,56.61,0.47,0.99,0.06,0.47,1.05,37.66,1.29
Michael Carrick,ENG,MF,0,0,1,0,2017-2018,Manchester Utd,36,1,109,1.2,0.43,0.05,0.48,90.0,5.0,18.33,64.17,8.33,0.83,90.0,1.67,1.67,83.33,0.0,0.0,54.17,175.83,104.17,0.0,0.0,0.0,0.0,1.67,68.33,0.83
André Carrillo,PER,"FW,MF",0,0,1,1,2017-2018,Watford,26,16,1540,17.1,0.14,0.16,0.3,56.02,0.94,8.65,26.61,21.87,2.98,56.02,4.8,3.45,4.21,1.35,1.64,39.42,246.67,123.22,4.15,3.04,1.23,2.98,2.46,41.99,5.67
Guido Carrillo,ARG,FW,0,0,0,1,2017-2018,Southampton,26,5,450,5.0,0.13,0.08,0.21,33.8,1.0,1.8,17.4,15.0,5.0,33.8,0.8,0.6,15.0,0.2,5.0,13.4,47.0,14.2,0.6,0.8,0.2,2.4,0.4,23.8,6.4
Andy Carroll,ENG,FW,0,0,0,1,2017-2018,West Ham,28,7,750,8.3,0.22,0.06,0.28,42.29,2.17,3.25,20.12,19.28,4.7,42.29,1.57,1.08,8.34,0.48,3.71,17.95,90.84,19.4,0.72,0.84,0.24,2.53,1.2,31.69,5.06
Tom Carroll,ENG,MF,0,0,1,0,2017-2018,Swansea City,25,28,2570,28.6,0.03,0.14,0.18,62.9,1.33,8.78,37.34,17.31,0.7,62.9,0.66,0.49,2.58,0.17,0.92,32.17,160.38,80.87,1.89,1.26,0.17,1.29,0.73,43.81,1.99
Craig Cathcart,NIR,DF,0,1,0,0,2017-2018,Watford,28,5,523,5.8,0.02,0.0,0.02,42.24,6.55,21.9,20.17,0.69,0.52,42.24,0.34,0.17,8.62,0.17,8.62,21.38,90.17,48.1,0.34,0.0,0.0,0.0,0.0,21.55,0.0
Petr Čech,CZE,GK,1,0,0,0,2017-2018,Arsenal,35,34,3039,33.8,0.0,0.0,0.0,33.37,29.11,33.22,0.15,0.0,0.0,33.37,0.09,0.06,1.97,0.03,0.99,15.21,86.33,59.91,0.0,0.0,0.0,0.03,0.0,12.93,0.0
Nacer Chadli,BEL,"FW,MF",0,0,1,1,2017-2018,West Brom,27,2,260,2.9,0.08,0.04,0.11,33.1,1.03,4.48,13.45,15.52,2.07,33.1,0.34,0.34,34.48,0.0,0.0,20.34,96.9,47.93,1.38,1.38,0.69,1.38,1.38,21.03,2.76
Nathaniel Chalobah,ENG,MF,0,0,1,0,2017-2018,Watford,22,5,447,5.0,0.17,0.01,0.18,47.2,2.2,8.8,29.0,10.8,2.2,47.2,2.4,1.4,11.66,1.0,8.34,27.8,140.0,68.6,1.4,1.4,0.4,1.0,0.8,28.4,2.8
Calum Chambers,ENG,DF,0,1,0,0,2017-2018,Arsenal,22,10,866,9.6,0.15,0.01,0.16,79.06,7.29,32.71,39.27,7.71,1.46,79.06,1.04,0.73,7.29,0.31,3.12,47.5,221.77,119.48,1.15,1.15,0.0,0.94,0.62,49.9,2.08
Ben Chilwell,ENG,DF,0,1,0,0,2017-2018,Leicester City,20,20,1853,20.6,0.01,0.12,0.13,71.46,2.96,17.38,33.83,21.6,0.87,71.46,2.52,1.5,2.89,1.02,1.96,32.52,251.75,142.57,4.13,2.67,0.29,1.99,0.87,40.73,5.87
Hamza Choudhury,BAN,"MF,DF",0,1,1,0,2017-2018,Leicester City,19,4,378,4.2,0.01,0.09,0.1,50.71,2.14,13.81,33.33,4.29,0.0,50.71,0.24,0.0,0.0,0.24,23.81,28.57,140.48,56.9,0.48,0.95,0.0,0.95,0.48,29.05,0.24
Andreas Christensen,DEN,DF,0,1,0,0,2017-2018,Chelsea,21,23,2086,23.2,0.04,0.0,0.04,68.49,6.47,33.1,34.05,1.77,0.95,68.49,0.22,0.22,4.31,0.0,0.0,42.33,207.89,121.16,0.95,0.52,0.04,0.39,0.04,46.25,0.09
Lee Chung-yong,KOR,"FW,MF",0,0,1,1,2017-2018,Crystal Palace,29,1,135,1.5,0.02,0.05,0.07,60.67,0.0,5.33,28.0,28.0,2.0,60.67,1.33,1.33,66.67,0.0,0.0,40.67,234.0,50.0,2.67,2.0,0.67,2.67,2.0,44.0,10.67
Ciaran Clark,IRL,DF,0,1,0,0,2017-2018,Newcastle Utd,27,19,1746,19.4,0.09,0.04,0.13,49.07,7.84,28.35,18.3,2.58,1.24,49.07,0.26,0.21,4.12,0.05,1.03,23.14,112.22,63.71,0.62,0.36,0.05,0.36,0.1,23.97,0.15
Tom Cleverley,ENG,MF,0,0,1,0,2017-2018,Watford,27,22,1901,21.1,0.09,0.08,0.17,65.92,1.0,9.1,38.72,18.91,0.71,65.88,0.38,0.24,2.96,0.14,1.78,34.36,143.6,72.13,1.47,1.37,0.05,0.95,0.76,40.76,3.13
Sam Clucas,ENG,MF,0,0,1,0,2017-2018,Swansea City,26,23,2044,22.7,0.11,0.06,0.17,46.3,1.67,10.04,25.33,11.54,1.32,46.3,0.4,0.22,2.45,0.18,1.96,23.39,127.22,58.41,1.06,0.88,0.0,1.01,0.97,28.5,3.0
Nathaniel Clyne,ENG,"DF,FW",0,1,0,1,2017-2018,Liverpool,26,2,174,1.9,0.07,0.04,0.1,83.68,1.05,12.11,39.47,32.11,2.63,83.68,1.05,0.0,0.0,1.05,52.63,35.26,152.11,58.42,2.63,0.53,0.0,2.11,1.05,47.37,15.26
Séamus Coleman,IRL,DF,0,1,0,0,2017-2018,Everton,28,12,1035,11.5,0.09,0.06,0.15,55.22,4.35,17.22,22.61,16.26,1.3,55.22,3.13,2.17,6.03,0.96,2.66,24.35,185.74,95.48,2.96,2.09,0.26,1.3,1.22,27.65,3.83
James Collins,WAL,DF,0,1,0,0,2017-2018,West Ham,33,12,1050,11.7,0.03,0.02,0.05,48.46,8.46,24.53,22.22,1.79,1.03,48.46,0.09,0.09,8.55,0.0,0.0,17.52,90.94,54.62,0.43,0.09,0.0,0.17,0.0,21.71,0.09
Lewis Cook,ENG,MF,0,0,1,0,2017-2018,Bournemouth,20,25,2237,24.9,0.02,0.06,0.08,61.08,2.09,13.41,39.12,9.76,0.44,61.08,2.69,2.01,3.0,0.68,1.02,35.34,215.98,116.18,2.09,1.65,0.16,1.49,1.57,39.56,1.2
Steve Cook,ENG,DF,0,1,0,0,2017-2018,Bournemouth,26,31,2767,30.7,0.05,0.03,0.08,59.64,8.5,35.83,20.2,3.88,1.27,59.64,0.07,0.03,1.63,0.03,1.63,22.93,135.31,73.0,0.49,0.2,0.03,0.49,0.23,28.76,0.29
Francis Coquelin,FRA,"MF,DF",0,1,1,0,2017-2018,Arsenal,26,1,169,1.9,0.03,0.35,0.38,56.32,2.11,14.21,34.74,7.89,0.0,56.32,0.53,0.53,52.63,0.0,0.0,35.26,150.53,68.42,0.53,0.0,0.0,0.53,1.05,41.58,0.53
Jack Cork,ENG,MF,0,0,1,0,2017-2018,Burnley,28,38,3420,38.0,0.06,0.03,0.09,51.55,2.39,10.37,33.71,8.29,0.55,51.55,1.11,0.82,1.94,0.29,0.69,25.42,130.39,49.95,1.03,1.05,0.05,1.76,1.16,30.5,1.08
Thibaut Courtois,BEL,GK,1,0,0,0,2017-2018,Chelsea,25,35,3150,35.0,0.0,0.0,0.0,35.71,32.57,35.6,0.11,0.0,0.0,35.71,0.0,0.0,,0.0,,18.14,116.34,64.57,0.0,0.0,0.0,0.03,0.0,17.57,0.0
Philippe Coutinho,BRA,"MF,FW",0,0,1,1,2017-2018,Liverpool,25,13,1109,12.3,0.28,0.38,0.67,73.33,0.24,3.98,34.8,35.45,2.76,73.33,4.88,3.17,5.28,1.71,2.85,51.14,364.39,200.33,5.61,4.47,1.3,1.54,2.11,57.56,7.64
Martin Cranie,ENG,DF,0,1,0,0,2017-2018,Huddersfield,30,2,180,2.0,0.0,0.0,0.0,55.5,5.5,34.0,21.0,1.0,0.5,55.5,0.5,0.5,50.0,0.0,0.0,26.5,123.0,60.0,0.0,0.5,0.0,1.0,0.0,33.0,0.0
Aaron Cresswell,ENG,DF,0,1,0,0,2017-2018,West Ham,27,35,3069,34.1,0.02,0.09,0.12,59.68,3.52,16.77,28.8,14.57,0.44,59.68,0.41,0.15,1.05,0.26,1.89,25.51,118.24,57.45,1.03,1.41,0.03,0.76,0.59,31.55,1.82
Peter Crouch,ENG,FW,0,0,0,1,2017-2018,Stoke City,36,14,1567,17.4,0.24,0.16,0.4,44.31,1.84,3.74,22.3,18.39,4.71,44.31,0.46,0.34,4.31,0.11,1.44,16.9,53.51,17.36,0.52,0.52,0.0,2.07,1.26,36.26,4.89
Josh Cullen,IRL,MF,0,0,1,0,2017-2018,West Ham,21,0,8,0.1,0.0,0.0,0.0,60.0,0.0,20.0,10.0,30.0,0.0,60.0,0.0,0.0,,0.0,,10.0,110.0,0.0,0.0,0.0,0.0,0.0,0.0,20.0,0.0
Charlie Daniels,ENG,"DF,MF",0,1,1,0,2017-2018,Bournemouth,30,34,3002,33.4,0.02,0.06,0.08,69.97,3.59,22.34,28.74,19.58,0.87,69.97,0.69,0.39,1.69,0.3,1.3,31.77,190.87,111.14,3.11,2.16,0.15,1.14,0.48,39.34,4.94
Danilo,BRA,DF,0,1,0,0,2017-2018,Manchester City,26,13,1349,15.0,0.07,0.01,0.09,94.8,2.13,18.87,53.27,23.0,1.93,94.8,0.87,0.53,4.1,0.33,2.57,55.6,236.47,139.13,2.67,2.33,0.4,0.93,0.27,69.2,4.93
Scott Dann,ENG,DF,0,1,0,0,2017-2018,Crystal Palace,30,16,1435,15.9,0.14,0.01,0.16,47.55,6.16,23.84,20.38,3.52,2.08,47.55,0.44,0.44,6.29,0.0,0.0,23.08,107.92,56.35,0.44,0.25,0.0,0.25,0.13,24.59,0.19
Karl Darlow,WAL,GK,1,0,0,0,2017-2018,Newcastle Utd,26,10,900,10.0,0.0,0.0,0.0,36.6,30.3,36.3,0.3,0.0,0.0,36.6,0.0,0.0,,0.0,,16.6,110.5,81.6,0.0,0.0,0.0,0.0,0.0,12.3,0.0
Matteo Darmian,ITA,DF,0,1,0,0,2017-2018,Manchester Utd,27,5,444,4.9,0.01,0.01,0.01,63.47,4.9,18.16,34.29,11.22,0.41,63.47,0.41,0.2,10.2,0.2,10.2,26.33,93.06,50.2,1.43,0.0,0.2,0.61,0.41,34.08,2.04
Ben Davies,WAL,DF,0,1,0,0,2017-2018,Tottenham,24,26,2324,25.8,0.04,0.12,0.16,76.59,2.79,15.58,35.97,25.39,1.43,76.59,0.81,0.58,2.77,0.23,1.11,33.29,171.4,103.64,2.83,2.02,0.31,1.01,0.62,45.58,6.9
Tom Davies,ENG,MF,0,0,1,0,2017-2018,Everton,19,20,1900,21.1,0.07,0.03,0.1,43.79,1.14,7.49,21.0,15.73,1.23,43.79,1.75,1.23,3.33,0.52,1.41,26.49,141.56,58.15,1.71,1.04,0.28,2.42,1.85,29.91,3.32
Steven Davis,NIR,MF,0,0,1,0,2017-2018,Southampton,32,17,1521,16.9,0.05,0.07,0.12,72.9,2.19,9.76,46.75,17.28,0.89,72.9,0.89,0.53,3.55,0.36,2.37,42.54,188.52,93.14,1.36,1.48,0.12,1.01,0.95,49.59,3.31
Craig Dawson,ENG,DF,0,1,0,0,2017-2018,West Brom,27,28,2510,27.9,0.08,0.04,0.13,51.72,5.88,22.65,21.61,7.63,1.76,51.72,0.47,0.29,2.2,0.18,1.38,20.61,102.01,56.56,0.65,0.65,0.11,0.36,0.29,22.87,0.72
Kevin De Bruyne,BEL,MF,0,0,1,0,2017-2018,Manchester City,26,36,3073,34.1,0.15,0.32,0.48,98.18,0.59,7.21,45.89,46.39,2.43,98.18,2.55,1.85,2.12,0.67,0.77,63.05,353.11,208.77,5.37,5.1,0.88,1.88,1.76,76.69,7.6
Troy Deeney,ENG,FW,0,0,0,1,2017-2018,Watford,29,20,1844,20.5,0.33,0.14,0.47,34.63,1.02,2.2,15.37,17.22,4.29,34.39,0.39,0.2,2.44,0.2,2.44,15.61,50.0,15.61,0.15,0.49,0.05,1.12,1.37,25.37,6.15
Jermain Defoe,ENG,FW,0,0,0,1,2017-2018,Bournemouth,34,11,1088,12.1,0.29,0.09,0.38,19.01,0.08,0.74,6.94,11.4,4.71,19.01,1.07,0.25,1.91,0.83,6.36,12.98,60.17,19.75,0.74,0.17,0.74,1.82,1.32,13.47,4.88
Steven Defour,BEL,MF,0,0,1,0,2017-2018,Burnley,29,24,1997,22.2,0.03,0.05,0.09,56.58,1.8,11.13,37.34,8.78,0.27,56.58,0.72,0.59,3.66,0.14,0.85,29.91,164.46,89.23,1.71,1.31,0.09,1.04,0.32,34.5,1.35
Damien Delaney,IRL,DF,0,1,0,0,2017-2018,Crystal Palace,36,1,96,1.1,0.0,0.0,0.0,51.82,10.91,38.18,13.64,0.91,0.0,51.82,0.91,0.91,90.91,0.0,0.0,30.0,94.55,22.73,0.0,0.0,0.0,0.91,0.0,25.45,0.0
Fabian Delph,ENG,DF,0,1,0,0,2017-2018,Manchester City,27,21,1741,19.3,0.01,0.06,0.08,102.18,1.81,21.14,58.65,23.37,0.16,102.18,1.66,1.55,4.86,0.1,0.33,66.32,291.55,154.09,2.75,2.8,0.05,1.04,0.52,73.32,3.26
Mousa Dembélé,BEL,MF,0,0,1,0,2017-2018,Tottenham,30,21,1879,20.9,0.02,0.03,0.05,76.56,1.24,9.9,55.31,12.68,0.14,76.56,3.88,3.25,4.02,0.62,0.77,48.37,313.97,184.83,3.16,2.82,0.05,1.2,1.63,56.79,1.24
Laurent Depoitre,BEL,FW,0,0,0,1,2017-2018,Huddersfield,28,18,1820,20.2,0.18,0.07,0.25,35.15,1.78,3.91,18.71,12.97,2.82,35.15,1.29,0.59,2.29,0.69,2.66,15.79,67.03,23.32,0.54,0.69,0.15,3.02,1.93,24.31,4.41
Mike van der Hoorn,NED,DF,0,1,0,0,2017-2018,Swansea City,24,24,1944,21.6,0.05,0.03,0.07,52.41,7.73,28.29,21.67,2.78,0.88,52.41,0.6,0.42,3.2,0.19,1.43,24.91,134.03,79.44,0.37,0.37,0.05,0.32,0.23,30.93,0.23
Gerard Deulofeu,ESP,"FW,MF",0,0,1,1,2017-2018,Watford,23,5,435,4.8,0.11,0.13,0.24,44.79,1.04,4.17,16.67,25.62,5.21,44.79,5.62,3.54,13.12,2.08,7.71,31.67,218.12,114.17,4.79,2.92,2.29,3.33,1.46,30.62,6.67
Fousseni Diabaté,MLI,"MF,FW",0,0,1,1,2017-2018,Leicester City,21,5,587,6.5,0.08,0.05,0.13,50.77,0.62,8.15,18.77,25.38,2.0,50.77,5.23,2.46,7.25,2.62,7.69,32.77,237.23,121.85,4.0,3.23,1.08,2.77,2.62,37.69,8.62
Mohamed Diamé,SEN,MF,0,0,1,0,2017-2018,Newcastle Utd,30,23,2041,22.7,0.06,0.03,0.09,49.38,1.89,11.19,31.32,7.62,0.93,49.38,1.85,1.1,2.62,0.75,1.78,26.39,123.61,60.13,1.1,1.23,0.04,1.19,1.81,27.44,0.97
Brahim Díaz,MAR,"FW,DF",0,1,0,1,2017-2018,Manchester City,17,0,55,0.6,0.79,0.0,0.79,78.33,0.0,10.0,18.33,51.67,15.0,78.33,1.67,1.67,166.67,0.0,0.0,58.33,286.67,138.33,5.0,0.0,5.0,6.67,3.33,58.33,25.0
Eric Dier,ENG,"MF,DF",0,1,1,0,2017-2018,Tottenham,23,32,2824,31.4,0.06,0.05,0.12,82.07,4.24,23.28,50.41,8.82,1.15,82.07,0.48,0.41,2.76,0.06,0.42,41.91,193.6,103.92,1.11,0.86,0.0,0.35,0.54,59.71,0.92
Abdoulaye Doucouré,MLI,MF,0,0,1,0,2017-2018,Watford,24,37,3324,36.9,0.1,0.06,0.16,71.95,2.57,13.6,43.58,15.85,1.79,71.95,1.44,1.11,2.1,0.33,0.61,43.47,203.9,106.53,1.98,1.68,0.19,1.49,1.25,45.85,2.14
Aleksandar Dragović,AUT,DF,0,1,0,0,2017-2018,Leicester City,26,7,769,8.5,0.01,0.0,0.01,53.65,5.65,27.41,24.47,2.0,0.24,53.65,0.12,0.12,11.76,0.0,0.0,24.82,144.82,97.06,0.47,0.12,0.0,0.12,0.24,27.53,0.12
Danny Drinkwater,ENG,MF,0,0,1,0,2017-2018,Chelsea,27,5,527,5.9,0.03,0.05,0.08,75.59,1.69,13.39,47.63,14.92,1.19,75.59,0.68,0.51,12.71,0.17,4.24,43.39,184.41,62.37,0.51,0.85,0.0,0.51,0.34,57.29,4.75
Martin Dúbravka,SVK,GK,1,0,0,0,2017-2018,Newcastle Utd,28,12,1080,12.0,0.0,0.0,0.0,30.83,24.25,30.58,0.33,0.0,0.0,30.83,0.0,0.0,,0.0,,14.33,98.67,61.83,0.0,0.08,0.08,0.0,0.0,10.67,0.0
Shane Duffy,IRL,DF,0,1,0,0,2017-2018,Brighton,25,37,3292,36.6,0.06,0.03,0.09,52.3,10.79,34.34,15.63,2.54,1.78,52.3,0.19,0.16,2.34,0.03,0.39,20.46,97.68,53.09,0.22,0.14,0.0,0.41,0.05,25.66,0.27
Paul Dummett,WAL,DF,0,1,0,0,2017-2018,Newcastle Utd,25,19,1602,17.8,0.01,0.02,0.03,55.39,5.96,22.13,24.94,8.43,0.22,55.39,0.0,0.0,,0.0,,17.58,56.69,30.0,0.45,0.39,0.0,0.22,0.11,23.03,0.96
Lewis Dunk,ENG,DF,0,1,0,0,2017-2018,Brighton,25,38,3420,38.0,0.07,0.03,0.1,53.63,8.08,31.76,20.08,2.45,1.13,53.63,0.34,0.26,2.02,0.08,0.61,24.66,151.39,88.08,0.66,0.39,0.05,0.55,0.21,27.05,0.13
Nathan Dyer,ENG,"MF,FW",0,0,1,1,2017-2018,Swansea City,29,16,1307,14.5,0.06,0.05,0.12,48.41,0.21,5.72,22.48,21.03,2.0,48.41,3.31,1.59,3.3,1.72,3.59,29.72,220.9,101.93,3.66,2.83,0.48,2.76,2.0,36.55,8.21
Ederson,BRA,GK,1,0,0,0,2017-2018,Manchester City,23,36,3194,35.5,0.0,0.0,0.0,32.56,27.07,32.23,0.39,0.0,0.0,32.56,0.03,0.03,2.82,0.0,0.0,18.06,84.73,54.68,0.0,0.0,0.0,0.08,0.03,17.58,0.0
Tom Edwards,ENG,"DF,MF",0,1,1,0,2017-2018,Stoke City,18,6,481,5.3,0.0,0.07,0.07,50.38,3.58,20.57,23.21,7.17,0.19,50.38,0.57,0.57,18.87,0.0,0.0,26.23,133.77,64.15,1.51,1.89,0.19,1.13,0.0,24.91,0.75
Rob Elliot,IRL,GK,1,0,0,0,2017-2018,Newcastle Utd,31,16,1440,16.0,0.0,0.0,0.0,35.88,29.44,35.56,0.38,0.0,0.0,35.88,0.0,0.0,,0.0,,13.75,101.88,80.25,0.0,0.0,0.0,0.0,0.0,11.12,0.0
Mohamed Elneny,EGY,MF,0,0,1,0,2017-2018,Arsenal,25,11,867,9.6,0.03,0.1,0.13,96.15,3.44,15.52,60.52,20.52,1.25,96.15,0.42,0.31,7.81,0.1,2.6,70.52,297.6,148.96,1.35,2.08,0.1,0.73,0.83,76.67,2.19
Christian Eriksen,DEN,"MF,FW",0,0,1,1,2017-2018,Tottenham,25,37,3218,35.8,0.2,0.32,0.52,79.97,0.53,5.28,41.12,34.22,2.6,79.97,1.48,0.81,1.53,0.67,1.27,44.8,234.27,107.15,2.32,2.88,0.31,2.09,2.01,58.13,6.62
Jonny Evans,NIR,DF,0,1,0,0,2017-2018,West Brom,29,26,2270,25.2,0.08,0.03,0.12,49.25,6.19,27.62,20.0,1.87,0.75,49.25,0.4,0.4,3.97,0.0,0.0,24.33,139.05,81.07,0.83,0.4,0.04,0.4,0.24,23.77,0.36
Patrice Evra,FRA,"DF,MF",0,1,1,0,2017-2018,West Ham,36,3,228,2.5,0.0,0.0,0.0,57.6,3.2,19.2,30.0,8.4,0.0,57.6,1.2,1.2,40.0,0.0,0.0,24.0,112.4,53.6,1.6,1.6,0.0,0.0,2.0,28.8,1.6
Łukasz Fabiański,POL,GK,1,0,0,0,2017-2018,Swansea City,32,38,3420,38.0,0.0,0.0,0.0,35.39,31.92,35.34,0.05,0.0,0.0,35.39,0.0,0.0,,0.0,,15.53,105.53,68.45,0.0,0.03,0.03,0.0,0.0,12.5,0.0
Cesc Fàbregas,ESP,MF,0,0,1,0,2017-2018,Chelsea,30,25,2306,25.6,0.09,0.26,0.36,99.73,1.99,15.66,50.31,34.65,2.58,99.73,0.94,0.7,2.93,0.23,0.98,57.85,233.83,126.05,2.15,2.07,0.23,0.82,0.94,72.42,5.27
Marouane Fellaini,BEL,MF,0,0,1,0,2017-2018,Manchester Utd,29,5,621,6.9,0.51,0.03,0.54,70.72,4.2,14.06,45.51,11.74,2.75,70.72,1.01,0.72,10.35,0.29,4.14,37.97,147.68,55.36,0.72,1.01,0.0,1.88,1.88,50.87,1.59
Kiko Femenía,ESP,"DF,FW",0,1,0,1,2017-2018,Watford,26,19,1713,19.0,0.02,0.09,0.11,61.58,2.0,15.26,27.79,19.11,1.16,61.58,1.68,1.32,4.11,0.37,1.15,34.68,166.84,90.63,2.84,2.0,0.47,1.26,0.68,36.89,5.42
Leroy Fer,NED,MF,0,0,1,0,2017-2018,Swansea City,27,15,1397,15.5,0.11,0.07,0.17,50.97,2.0,9.81,31.87,10.13,0.84,50.97,2.06,1.68,5.25,0.39,1.21,23.68,144.32,67.42,1.42,1.35,0.19,1.81,1.29,34.84,1.48
Edimilson Fernandes,SUI,"MF,DF",0,1,1,0,2017-2018,West Ham,21,9,845,9.4,0.03,0.03,0.07,40.74,0.74,8.51,25.0,8.09,1.06,40.74,1.38,1.06,8.18,0.32,2.46,22.98,128.51,53.19,1.28,0.64,0.0,2.02,0.64,24.79,2.98
Federico Fernández,ARG,DF,0,1,0,0,2017-2018,Swansea City,28,30,2676,29.7,0.02,0.02,0.05,52.42,8.32,31.01,20.27,1.55,0.77,52.42,0.13,0.03,0.84,0.1,2.53,22.39,122.49,78.15,0.17,0.07,0.0,0.2,0.13,29.16,0.27
Fernandinho,BRA,MF,0,0,1,0,2017-2018,Manchester City,32,33,2881,32.0,0.06,0.09,0.15,103.72,2.78,18.12,69.34,16.78,1.31,103.72,0.78,0.69,2.75,0.09,0.38,65.25,315.34,200.59,2.5,2.44,0.16,1.09,0.62,80.22,1.19
Sam Field,ENG,MF,0,0,1,0,2017-2018,West Brom,19,7,537,6.0,0.09,0.04,0.13,40.0,1.17,9.17,19.67,11.67,1.33,40.0,0.83,0.5,10.0,0.33,6.67,19.83,90.0,36.5,0.67,0.33,0.17,1.5,1.83,21.67,2.33
Roberto Firmino,BRA,FW,0,0,0,1,2017-2018,Liverpool,25,32,2763,30.7,0.35,0.21,0.56,51.34,0.36,2.31,22.67,27.0,5.96,51.3,2.38,1.6,2.19,0.78,1.07,30.49,164.3,73.97,2.96,1.79,1.3,2.61,2.31,39.19,9.93
Darren Fletcher,SCO,MF,0,0,1,0,2017-2018,Stoke City,33,25,2219,24.7,0.01,0.06,0.08,51.98,2.23,10.12,35.02,7.57,0.24,51.98,0.89,0.61,2.76,0.28,1.29,29.47,131.26,49.27,0.65,0.61,0.04,0.97,0.73,32.23,0.81
Phil Foden,ENG,"MF,FW",0,0,1,1,2017-2018,Manchester City,17,0,49,0.5,0.0,0.61,0.61,106.0,2.0,8.0,42.0,56.0,8.0,106.0,6.0,6.0,200.0,0.0,0.0,52.0,370.0,146.0,12.0,4.0,4.0,4.0,0.0,86.0,6.0
José Fonte,POR,DF,0,1,0,0,2017-2018,West Ham,33,8,688,7.6,0.08,0.04,0.12,58.55,6.05,21.05,33.82,4.08,1.32,58.55,0.13,0.13,13.16,0.0,0.0,28.16,162.76,94.47,1.32,1.18,0.0,0.39,0.13,34.21,0.39
Fraser Forster,ENG,GK,1,0,0,0,2017-2018,Southampton,29,20,1800,20.0,0.0,0.0,0.0,28.5,24.8,28.4,0.1,0.0,0.0,28.5,0.0,0.0,,0.0,,12.5,81.4,59.55,0.0,0.05,0.05,0.2,0.0,9.2,0.0
Ben Foster,ENG,GK,1,0,0,0,2017-2018,West Brom,34,37,3330,37.0,0.0,0.0,0.0,33.11,26.54,32.38,0.76,0.0,0.0,33.11,0.05,0.05,2.7,0.0,0.0,13.97,117.19,83.3,0.0,0.0,0.0,0.08,0.0,9.86,0.0
Timothy Fosu-Mensah,NED,DF,0,1,0,0,2017-2018,Crystal Palace,19,17,1596,17.7,0.01,0.02,0.03,52.94,4.01,19.38,26.38,7.74,0.34,52.94,1.02,0.62,3.45,0.4,2.2,25.42,118.64,65.88,1.41,0.56,0.17,0.79,0.34,25.88,1.75
Simon Francis,ENG,DF,0,1,0,0,2017-2018,Bournemouth,32,31,2705,30.1,0.02,0.05,0.07,74.09,7.08,32.92,31.16,10.47,1.13,74.09,0.56,0.37,2.15,0.2,1.17,32.03,161.26,80.63,1.1,0.96,0.1,0.33,0.33,40.37,2.99
Ryan Fraser,SCO,"MF,DF",0,1,1,0,2017-2018,Bournemouth,23,23,2004,22.3,0.08,0.15,0.23,53.54,1.43,9.19,19.42,25.47,2.74,53.54,1.03,0.45,1.95,0.58,2.53,30.13,184.3,90.67,3.32,1.52,0.99,1.61,0.81,36.86,7.53
Christian Fuchs,AUT,DF,0,1,0,0,2017-2018,Leicester City,31,21,1921,21.3,0.03,0.05,0.08,68.83,4.37,20.23,32.96,16.24,0.19,68.83,0.7,0.42,2.82,0.28,1.88,28.69,137.61,74.65,1.31,1.5,0.0,0.42,0.47,33.62,2.63
Jay Fulton,SCO,MF,0,0,1,0,2017-2018,Swansea City,23,0,19,0.2,0.0,0.0,0.0,50.0,5.0,10.0,30.0,10.0,0.0,50.0,0.0,0.0,,0.0,,15.0,65.0,0.0,0.0,0.0,0.0,5.0,0.0,15.0,0.0
Ramiro Funes Mori,ARG,DF,0,1,0,0,2017-2018,Everton,26,1,121,1.3,0.03,0.0,0.03,57.69,6.15,33.08,23.08,2.31,0.77,57.69,0.0,0.0,,0.0,,28.46,162.31,87.69,1.54,1.54,0.0,0.0,0.77,26.92,0.77
Manolo Gabbiadini,ITA,FW,0,0,0,1,2017-2018,Southampton,25,11,1081,12.0,0.21,0.04,0.25,24.67,0.58,2.0,11.67,11.42,2.58,24.58,1.0,0.5,4.17,0.42,3.48,13.5,55.08,21.67,1.0,0.33,0.33,1.08,0.58,17.42,4.83
Jesús Gámez,ESP,DF,0,1,0,0,2017-2018,Newcastle Utd,32,1,98,1.1,0.05,0.15,0.2,70.91,5.45,22.73,24.55,23.64,0.91,70.91,0.91,0.91,90.91,0.0,0.0,36.36,154.55,101.82,1.82,2.73,0.91,0.91,0.0,39.09,2.73
Idrissa Gana Gueye,SEN,MF,0,0,1,0,2017-2018,Everton,27,32,2751,30.6,0.05,0.03,0.08,64.08,1.93,14.48,39.87,10.46,0.36,64.08,0.88,0.59,2.18,0.29,1.09,32.97,164.77,76.6,0.85,0.92,0.07,1.37,1.05,38.17,0.88
Dwight Gayle,ENG,FW,0,0,0,1,2017-2018,Newcastle Utd,26,23,1958,21.8,0.38,0.09,0.48,29.17,0.96,1.65,13.67,14.08,3.94,29.17,0.83,0.41,2.29,0.41,2.29,15.87,65.64,29.77,1.06,0.83,0.41,2.48,1.1,21.83,5.28
Paulo Gazzaniga,ARG,GK,1,0,0,0,2017-2018,Tottenham,25,1,90,1.0,0.0,0.0,0.0,28.0,23.0,28.0,0.0,0.0,0.0,28.0,0.0,0.0,,0.0,,9.0,25.0,17.0,0.0,0.0,0.0,0.0,0.0,11.0,0.0
David de Gea,ESP,GK,1,0,0,0,2017-2018,Manchester Utd,26,37,3330,37.0,0.0,0.0,0.0,31.3,28.32,31.24,0.05,0.0,0.0,31.3,0.03,0.03,2.7,0.0,0.0,12.16,90.05,68.11,0.0,0.0,0.0,0.0,0.0,11.54,0.0
Kieran Gibbs,ENG,DF,0,1,0,0,2017-2018,West Brom,27,32,2827,31.4,0.01,0.06,0.07,53.38,3.38,16.88,22.61,14.24,0.8,53.38,1.18,0.76,2.07,0.41,1.12,22.8,137.77,72.48,1.88,1.56,0.1,0.67,0.57,24.49,2.83
Olivier Giroud,FRA,FW,0,0,0,1,2017-2018,Arsenal,30,1,388,4.3,0.76,0.22,0.98,43.02,1.16,4.19,14.88,24.19,8.6,43.02,0.23,0.23,23.26,0.0,0.0,19.77,47.44,17.91,0.7,0.0,0.0,3.02,1.16,34.88,9.07
Olivier Giroud,FRA,FW,0,0,0,1,2017-2018,Chelsea,30,6,613,6.8,0.53,0.3,0.83,47.06,0.88,3.53,16.32,27.65,9.12,47.06,1.03,0.29,4.21,0.74,10.5,23.09,69.12,25.88,1.03,0.88,0.59,3.38,1.32,36.91,8.97
Connor Goldson,ENG,DF,0,1,0,0,2017-2018,Brighton,24,2,200,2.2,0.1,0.0,0.1,48.64,5.91,25.0,21.82,1.82,1.36,48.64,0.0,0.0,,0.0,,22.27,115.0,76.82,0.45,0.0,0.0,0.0,0.0,23.64,0.0
Heurelho Gomes,BRA,GK,1,0,0,0,2017-2018,Watford,36,24,2128,23.6,0.0,0.0,0.0,34.49,28.35,34.03,0.47,0.0,0.0,34.49,0.0,0.0,,0.0,,16.31,97.46,64.87,0.0,0.0,0.0,0.08,0.0,10.34,0.0
Joe Gomez,ENG,DF,0,1,0,0,2017-2018,Liverpool,20,21,1902,21.1,0.01,0.07,0.08,85.69,2.56,20.0,51.42,14.88,0.38,85.69,1.23,1.09,4.19,0.14,0.55,39.29,204.83,123.74,2.56,1.71,0.09,0.76,0.62,51.33,3.08
Dan Gosling,ENG,MF,0,0,1,0,2017-2018,Bournemouth,27,21,1947,21.6,0.1,0.04,0.14,60.79,2.82,13.89,37.27,10.0,1.11,60.79,1.11,0.83,3.47,0.28,1.16,26.76,120.46,53.89,0.83,0.83,0.19,1.57,1.44,35.23,1.16
Lee Grant,ENG,GK,1,0,0,0,2017-2018,Stoke City,34,3,270,3.0,0.0,0.0,0.0,32.33,25.0,32.0,0.33,0.0,0.0,32.33,0.0,0.0,,0.0,,17.0,92.0,57.67,0.0,0.0,0.0,0.0,0.0,10.33,0.0
Andre Gray,JAM,FW,0,0,0,1,2017-2018,Watford,26,16,1498,16.6,0.4,0.13,0.53,27.83,0.24,0.84,11.2,15.84,4.58,27.83,0.66,0.12,1.1,0.54,4.93,18.07,72.35,25.96,1.08,0.48,0.6,2.95,1.39,22.35,8.01
Demarai Gray,JAM,"MF,FW",0,0,1,1,2017-2018,Leicester City,21,17,1697,18.9,0.13,0.18,0.31,45.61,0.69,5.03,20.63,20.95,3.02,45.61,3.33,2.01,3.19,1.32,2.1,28.57,232.96,117.62,4.23,2.59,1.53,2.01,1.53,32.12,6.67
Pascal Groß,GER,"FW,MF",0,0,1,1,2017-2018,Brighton,26,35,2928,32.5,0.1,0.25,0.36,52.58,0.71,6.18,22.43,24.43,1.75,52.55,0.46,0.34,2.26,0.12,0.82,27.45,129.88,55.63,1.66,1.54,0.28,1.97,1.17,35.23,7.42
Marko Grujić,SRB,"MF,DF",0,1,1,0,2017-2018,Liverpool,21,0,16,0.2,0.0,0.15,0.15,75.0,0.0,5.0,70.0,10.0,0.0,75.0,0.0,0.0,,0.0,,35.0,250.0,165.0,0.0,0.0,0.0,0.0,5.0,45.0,0.0
İlkay Gündoğan,GER,MF,0,0,1,0,2017-2018,Manchester City,26,15,1517,16.9,0.18,0.1,0.28,93.31,1.42,10.06,57.99,26.21,2.96,93.25,2.07,1.54,4.4,0.53,1.52,60.3,297.04,159.35,3.61,3.67,0.65,2.01,1.18,78.34,4.91
Florent Hadergjonaj,KVX,"DF,MF",0,1,1,0,2017-2018,Huddersfield,23,19,1674,18.6,0.01,0.08,0.09,58.28,3.06,14.09,24.41,20.54,0.81,58.28,1.51,0.86,3.07,0.65,2.31,25.11,150.43,80.16,2.15,1.72,0.11,0.59,0.27,31.08,5.97
Massadio Haïdara,MLI,FW,0,0,0,1,2017-2018,Newcastle Utd,24,0,4,0.0,0.0,0.0,0.0,inf,,,inf,,,inf,,,,,,inf,inf,inf,,,,,,inf,
Ben Hamer,ENG,GK,1,0,0,0,2017-2018,Leicester City,29,3,275,3.1,0.0,0.0,0.0,30.32,25.16,30.0,0.32,0.0,0.0,30.32,0.0,0.0,,0.0,,13.23,91.61,63.87,0.0,0.0,0.0,0.0,0.0,10.97,0.0
Rekeem Harper,ENG,MF,0,0,1,0,2017-2018,West Brom,17,0,21,0.2,0.0,0.22,0.22,35.0,0.0,5.0,20.0,15.0,0.0,35.0,5.0,0.0,0.0,5.0,500.0,20.0,90.0,30.0,0.0,5.0,0.0,5.0,0.0,15.0,0.0
Joe Hart,ENG,GK,1,0,0,0,2017-2018,West Ham,30,19,1710,19.0,0.0,0.04,0.04,33.95,27.26,33.26,0.68,0.0,0.0,33.95,0.05,0.05,5.26,0.0,0.0,13.89,109.84,79.05,0.0,0.0,0.0,0.0,0.0,10.58,0.0
Isaac Hayden,ENG,MF,0,0,1,0,2017-2018,Newcastle Utd,22,15,1374,15.3,0.06,0.04,0.1,47.78,3.2,11.9,26.99,9.28,1.18,47.78,0.85,0.39,3.02,0.46,3.52,20.07,79.74,30.85,1.11,0.39,0.39,0.65,1.5,24.18,1.5
Eden Hazard,BEL,"FW,MF",0,0,1,1,2017-2018,Chelsea,26,28,2422,26.9,0.29,0.24,0.52,63.27,0.04,2.83,23.46,38.74,6.02,63.2,7.43,6.13,3.07,1.3,0.65,48.33,388.25,199.81,7.47,4.5,2.6,2.42,2.86,54.68,11.23
Tom Heaton,ENG,GK,1,0,0,0,2017-2018,Burnley,31,4,305,3.4,0.0,0.0,0.0,37.06,27.65,34.12,2.94,0.0,0.0,37.06,0.0,0.0,,0.0,,11.76,96.18,71.18,0.0,0.0,0.0,0.0,0.0,9.12,0.0
Michael Hefele,GER,DF,0,1,0,0,2017-2018,Huddersfield,26,0,33,0.4,0.0,0.0,0.0,40.0,7.5,22.5,17.5,0.0,0.0,40.0,0.0,0.0,,0.0,,17.5,180.0,135.0,2.5,2.5,0.0,0.0,0.0,12.5,0.0
Ahmed Hegazi,EGY,DF,0,1,0,0,2017-2018,West Brom,26,38,3386,37.6,0.04,0.01,0.06,45.21,9.23,27.77,15.56,2.21,0.96,45.21,0.77,0.59,2.02,0.19,0.64,19.95,108.62,59.6,0.24,0.21,0.05,0.35,0.21,19.07,0.21
Tomer Hemed,ISR,FW,0,0,0,1,2017-2018,Brighton,30,9,849,9.4,0.2,0.01,0.21,35.21,1.17,3.51,18.83,13.19,2.66,35.21,1.81,0.74,4.38,1.06,6.26,16.7,71.06,17.55,0.64,0.53,0.32,1.91,1.7,26.17,5.43
Jordan Henderson,ENG,MF,0,0,1,0,2017-2018,Liverpool,27,25,2171,24.1,0.05,0.08,0.13,94.94,1.41,13.65,67.47,14.56,0.71,94.94,0.62,0.33,2.21,0.29,1.94,50.17,222.49,100.75,1.33,1.41,0.12,0.62,0.5,68.46,1.54
Jeff Hendrick,IRL,"FW,MF",0,0,1,1,2017-2018,Burnley,25,29,2331,25.9,0.08,0.1,0.18,38.8,0.85,4.71,21.81,12.74,1.81,38.8,1.24,0.93,2.9,0.31,0.97,22.28,108.49,49.46,1.43,1.04,0.19,1.7,1.31,27.22,4.4
Wayne Hennessey,WAL,GK,1,0,0,0,2017-2018,Crystal Palace,30,27,2430,27.0,0.0,0.02,0.02,31.33,26.52,30.78,0.56,0.0,0.0,31.33,0.0,0.0,,0.0,,13.37,99.37,75.52,0.0,0.0,0.0,0.0,0.0,7.63,0.0
Javier Hernández,MEX,FW,0,0,0,1,2017-2018,West Ham,29,16,1548,17.2,0.29,0.08,0.37,31.05,0.29,1.57,16.22,13.66,3.02,31.05,1.92,1.28,3.88,0.64,1.94,20.64,113.72,27.56,0.58,0.64,0.29,2.33,2.21,25.58,5.99
Ander Herrera,ESP,MF,0,0,1,0,2017-2018,Manchester Utd,27,13,1268,14.1,0.03,0.11,0.14,87.66,3.55,19.65,51.06,17.45,0.99,87.66,0.99,0.71,5.06,0.28,2.03,44.75,197.87,100.5,0.85,1.35,0.07,1.06,1.06,63.97,1.35
Son Heung-min,KOR,FW,0,0,0,1,2017-2018,Tottenham,25,27,2301,25.6,0.4,0.24,0.64,49.38,0.51,2.73,16.41,30.9,6.09,49.38,3.95,2.27,2.24,1.68,1.66,32.46,226.33,106.6,4.34,1.8,2.66,2.54,2.23,41.68,13.24
Wesley Hoedt,NED,DF,0,1,0,0,2017-2018,Southampton,23,28,2520,28.0,0.05,0.02,0.07,60.5,6.43,26.14,33.36,1.79,0.68,60.5,0.96,0.89,3.31,0.07,0.26,33.82,216.61,139.57,0.75,0.54,0.04,0.46,0.18,33.39,0.11
Jonathan Hogg,ENG,MF,0,0,1,0,2017-2018,Huddersfield,28,29,2398,26.6,0.02,0.02,0.03,65.38,3.27,19.02,39.7,7.29,0.15,65.38,0.45,0.3,2.51,0.15,1.25,31.32,153.87,63.42,0.79,0.79,0.04,0.94,0.64,37.71,0.38
Rob Holding,ENG,DF,0,1,0,0,2017-2018,Arsenal,21,9,822,9.1,0.01,0.01,0.02,79.23,7.14,34.84,40.77,3.96,0.44,79.23,0.88,0.55,6.87,0.33,4.12,49.45,234.07,142.09,0.66,1.43,0.0,0.77,0.66,52.09,0.22
José Holebas,GRE,DF,0,1,0,0,2017-2018,Watford,33,26,2382,26.5,0.02,0.12,0.14,68.11,3.25,17.96,29.43,21.66,0.49,68.11,1.77,0.87,1.85,0.91,1.93,28.68,144.08,67.74,2.0,1.36,0.11,1.06,0.83,28.75,3.17
Mason Holgate,ENG,DF,0,1,0,0,2017-2018,Everton,20,13,1184,13.2,0.04,0.05,0.09,54.62,5.91,23.11,24.39,7.42,1.06,54.62,0.91,0.61,5.05,0.3,2.52,21.82,104.47,65.98,0.61,0.45,0.15,0.83,0.23,28.33,1.89
Callum Hudson-Odoi,ENG,"FW,DF",0,1,0,1,2017-2018,Chelsea,16,0,29,0.3,0.25,0.0,0.25,80.0,0.0,0.0,43.33,36.67,6.67,80.0,16.67,16.67,333.33,0.0,0.0,66.67,663.33,380.0,16.67,6.67,3.33,13.33,0.0,76.67,16.67
Will Hughes,ENG,MF,0,0,1,0,2017-2018,Watford,22,11,990,11.0,0.05,0.13,0.19,50.09,0.82,4.55,25.64,20.64,2.64,50.09,0.91,0.64,6.36,0.27,2.73,29.36,136.36,64.45,1.45,2.09,0.09,1.82,2.0,33.09,5.27
Jordan Hugill,ENG,FW,0,0,0,1,2017-2018,West Ham,25,0,25,0.3,0.0,0.0,0.0,40.0,0.0,3.33,30.0,6.67,0.0,40.0,6.67,3.33,166.67,3.33,166.67,30.0,190.0,0.0,0.0,0.0,0.0,0.0,6.67,43.33,0.0
Uwe Hünemeier,GER,DF,0,1,0,0,2017-2018,Brighton,31,0,18,0.2,0.0,0.0,0.0,40.0,20.0,20.0,10.0,10.0,5.0,40.0,0.0,0.0,,0.0,,5.0,30.0,30.0,0.0,0.0,0.0,0.0,0.0,20.0,5.0
Emerson Hyndman,USA,MF,0,0,1,0,2017-2018,Bournemouth,21,1,58,0.6,0.0,0.02,0.02,50.0,0.0,13.33,30.0,6.67,0.0,50.0,0.0,0.0,,0.0,,21.67,71.67,26.67,0.0,0.0,0.0,5.0,0.0,30.0,0.0
Pierre Højbjerg,DEN,MF,0,0,1,0,2017-2018,Southampton,21,19,1670,18.6,0.05,0.03,0.08,72.58,1.61,12.63,48.87,12.04,0.59,72.58,1.77,1.13,3.42,0.65,1.96,42.8,195.32,82.1,1.02,1.34,0.16,1.77,1.29,46.61,1.99
Jordon Ibe,ENG,"MF,FW",0,0,1,1,2017-2018,Bournemouth,21,22,1995,22.2,0.13,0.15,0.28,47.03,0.5,4.68,19.1,24.1,2.39,47.03,3.92,1.67,1.91,2.25,2.59,30.68,239.55,109.95,3.51,2.66,1.17,2.07,2.25,35.14,6.71
Vicente Iborra,ESP,MF,0,0,1,0,2017-2018,Leicester City,29,17,1410,15.7,0.11,0.03,0.14,64.78,4.71,15.67,43.06,6.75,1.21,64.78,0.89,0.7,5.01,0.19,1.36,31.4,142.36,74.46,0.51,0.51,0.0,0.45,0.45,42.36,0.96
Zlatan Ibrahimović,SWE,"MF,FW",0,0,1,1,2017-2018,Manchester Utd,35,1,106,1.2,0.18,0.08,0.26,74.17,0.83,1.67,35.0,37.5,8.33,74.17,0.0,0.0,,0.0,,45.83,243.33,129.17,5.0,5.0,1.67,0.83,1.67,61.67,10.0
Kelechi Iheanacho,NGA,"FW,MF",0,0,1,1,2017-2018,Leicester City,20,7,830,9.2,0.44,0.25,0.69,38.26,0.87,4.35,16.2,18.15,3.59,38.26,1.96,1.41,7.85,0.54,3.02,23.91,139.13,75.0,2.28,1.96,0.33,2.83,1.52,29.02,5.87
Tom Ince,ENG,"MF,FW",0,0,1,1,2017-2018,Huddersfield,25,27,2452,27.2,0.24,0.05,0.29,38.31,0.59,5.18,16.54,17.24,2.9,38.31,2.1,0.99,1.74,1.1,1.93,22.83,164.6,71.62,2.1,1.47,0.74,2.17,1.14,24.56,4.6
Danny Ings,ENG,FW,0,0,0,1,2017-2018,Liverpool,25,3,267,3.0,0.38,0.05,0.42,39.33,1.0,3.67,14.33,21.67,6.67,39.33,1.33,0.33,8.33,1.0,25.0,23.0,82.0,22.0,0.67,0.67,0.33,3.67,2.0,29.0,7.67
Stephen Ireland,IRL,"MF,FW",0,0,1,1,2017-2018,Stoke City,30,1,131,1.5,0.25,0.02,0.28,54.67,3.33,11.33,32.67,10.67,1.33,54.67,0.67,0.67,66.67,0.0,0.0,30.0,94.0,28.0,0.0,0.0,0.0,0.0,0.67,40.0,3.33
Alex Iwobi,NGA,"MF,FW",0,0,1,1,2017-2018,Arsenal,21,22,1830,20.3,0.19,0.17,0.36,66.9,0.79,7.19,29.75,30.89,3.94,66.9,2.56,1.77,3.41,0.79,1.52,52.12,306.9,168.37,4.58,3.94,1.23,2.07,1.53,55.71,7.19
José Izquierdo,COL,"MF,FW",0,0,1,1,2017-2018,Brighton,25,23,1984,22.0,0.17,0.1,0.27,35.41,1.09,7.45,10.86,17.86,3.77,35.41,2.32,1.45,2.85,0.86,1.7,22.09,166.14,92.73,3.05,1.64,1.36,2.27,1.0,22.73,7.32
Phil Jagielka,ENG,DF,0,1,0,0,2017-2018,Everton,34,23,2065,22.9,0.02,0.0,0.02,56.86,6.77,30.39,25.11,1.62,0.83,56.86,0.09,0.04,2.18,0.04,2.18,24.72,98.86,45.72,0.17,0.17,0.04,0.35,0.17,28.82,0.13
Eldin Jakupović,SUI,GK,1,0,0,0,2017-2018,Leicester City,32,2,180,2.0,0.0,0.0,0.0,33.0,27.5,33.0,0.0,0.0,0.0,33.0,0.0,0.0,,0.0,,16.0,121.0,94.0,0.0,0.0,0.0,0.0,0.0,6.0,0.0
Matty James,ENG,MF,0,0,1,0,2017-2018,Leicester City,26,11,993,11.0,0.12,0.01,0.13,50.55,2.55,11.91,31.18,7.82,0.91,50.55,1.09,0.73,6.06,0.36,3.03,21.64,103.64,36.09,0.64,0.64,0.0,1.27,0.45,30.0,1.27
Daryl Janmaat,NED,DF,0,1,0,0,2017-2018,Watford,28,21,1820,20.2,0.09,0.05,0.14,62.57,3.76,18.47,29.06,15.5,1.04,62.57,1.09,0.5,2.25,0.59,2.7,27.97,116.09,62.97,1.44,1.34,0.15,0.64,0.45,31.68,2.72
Vincent Janssen,NED,DF,0,1,0,0,2017-2018,Tottenham,23,0,1,0.0,0.0,0.0,0.0,,,,,,,,,,,,,,,,,,,,,,
Jesé,ESP,"FW,MF",0,0,1,1,2017-2018,Stoke City,24,8,614,6.8,0.13,0.1,0.23,33.82,0.74,3.82,15.88,15.44,3.09,33.82,3.53,2.21,9.19,1.32,5.51,23.53,188.09,83.24,2.79,1.62,1.47,2.06,2.35,23.09,7.5
Gabriel Jesus,BRA,FW,0,0,0,1,2017-2018,Manchester City,20,19,1668,18.5,0.74,0.11,0.86,42.7,0.16,2.54,16.86,23.73,6.54,42.59,2.0,1.3,3.51,0.7,1.9,23.95,100.81,43.24,1.51,1.14,0.76,2.32,1.41,32.81,9.78
Glen Johnson,ENG,DF,0,1,0,0,2017-2018,Stoke City,32,7,547,6.1,0.01,0.03,0.05,48.2,4.26,18.03,22.13,8.52,1.31,48.2,0.66,0.49,12.3,0.16,4.1,22.3,99.02,46.07,0.82,0.66,0.16,0.66,0.98,22.13,1.48
Phil Jones,ENG,DF,0,1,0,0,2017-2018,Manchester Utd,25,23,1973,21.9,0.02,0.01,0.02,60.82,6.99,33.42,26.35,1.55,0.14,60.82,0.41,0.32,3.55,0.09,1.01,31.6,130.5,71.05,0.59,0.14,0.0,0.32,0.05,37.4,0.0
Joselu,ESP,FW,0,0,0,1,2017-2018,Newcastle Utd,27,19,1712,19.0,0.31,0.06,0.38,43.16,1.79,5.47,23.26,14.68,2.89,43.11,0.89,0.37,2.17,0.53,3.09,19.58,56.21,16.68,0.26,0.47,0.26,2.16,1.0,32.68,5.63
Mathias Jørgensen,DEN,DF,0,1,0,0,2017-2018,Huddersfield,27,38,3420,38.0,0.05,0.02,0.08,53.5,5.68,27.08,25.18,1.61,0.74,53.5,0.08,0.08,2.63,0.0,0.0,22.18,109.21,70.55,0.55,0.39,0.03,0.32,0.0,26.82,0.21
Christian Kabasele,BEL,DF,0,1,0,0,2017-2018,Watford,26,27,2330,25.9,0.03,0.01,0.03,47.57,7.45,25.02,21.35,1.43,1.0,47.57,0.12,0.12,3.86,0.0,0.0,23.9,112.47,59.34,0.39,0.15,0.04,0.31,0.12,23.9,0.27
Younès Kaboul,FRA,DF,0,1,0,0,2017-2018,Watford,31,2,150,1.7,0.0,0.0,0.0,60.59,5.29,30.59,25.88,4.12,0.59,60.59,0.59,0.0,0.0,0.59,58.82,30.59,166.47,83.53,1.18,0.59,0.0,0.0,0.0,30.59,0.0
Elias Kachunga,COD,"FW,MF",0,0,1,1,2017-2018,Huddersfield,25,17,1329,14.8,0.13,0.04,0.17,34.26,0.88,4.12,15.47,15.41,2.3,34.26,1.76,0.88,3.38,0.88,3.38,20.41,156.82,64.73,2.16,1.35,0.47,1.62,2.03,23.85,6.42
Sullay Kaikai,SLE,MF,0,0,1,0,2017-2018,Crystal Palace,21,0,14,0.2,0.0,0.0,0.0,60.0,5.0,5.0,15.0,40.0,0.0,60.0,10.0,10.0,500.0,0.0,0.0,25.0,195.0,95.0,0.0,0.0,0.0,5.0,0.0,25.0,0.0
Harry Kane,ENG,FW,0,0,0,1,2017-2018,Tottenham,24,35,3076,34.2,0.72,0.08,0.8,32.4,0.7,1.08,11.87,19.8,6.26,32.31,2.81,1.37,1.43,1.4,1.46,21.2,120.7,40.96,1.7,0.88,0.76,1.87,1.75,26.14,7.63
N'Golo Kanté,FRA,MF,0,0,1,0,2017-2018,Chelsea,26,34,2994,33.3,0.02,0.09,0.11,75.77,1.35,14.56,46.01,16.55,0.51,75.77,1.71,1.41,2.48,0.3,0.53,49.25,287.33,158.32,2.64,2.55,0.06,1.32,1.26,52.79,1.35
Loris Karius,GER,GK,1,0,0,0,2017-2018,Liverpool,24,19,1710,19.0,0.0,0.0,0.0,34.37,28.89,34.32,0.05,0.0,0.0,34.37,0.0,0.0,,0.0,,15.0,73.79,45.26,0.0,0.0,0.0,0.0,0.05,17.37,0.0
Orestis Karnezis,GRE,GK,1,0,0,0,2017-2018,Watford,32,14,1292,14.4,0.0,0.0,0.0,30.07,23.89,29.51,0.56,0.0,0.0,30.07,0.0,0.0,,0.0,,14.17,109.86,77.01,0.0,0.07,0.07,0.07,0.0,7.64,0.0
Beram Kayal,ISR,MF,0,0,1,0,2017-2018,Brighton,29,8,745,8.3,0.03,0.06,0.09,38.19,1.69,9.28,22.65,6.75,0.72,38.19,1.2,0.6,6.02,0.6,6.02,16.75,85.66,37.71,0.48,0.36,0.0,0.84,0.96,18.92,1.57
Michael Keane,ENG,DF,0,1,0,0,2017-2018,Everton,24,29,2560,28.4,0.04,0.02,0.06,54.75,7.54,29.79,23.1,2.11,0.99,54.75,0.25,0.25,3.52,0.0,0.0,24.44,128.94,78.42,0.39,0.46,0.04,0.53,0.11,28.06,0.11
Martin Kelly,ENG,DF,0,1,0,0,2017-2018,Crystal Palace,27,12,1195,13.3,0.03,0.01,0.04,39.32,5.04,19.77,17.29,2.41,0.45,39.32,0.23,0.15,5.02,0.08,2.5,18.2,74.89,34.66,0.38,0.23,0.0,0.23,0.08,18.5,0.23
Kenedy,BRA,"MF,DF",0,1,1,0,2017-2018,Newcastle Utd,21,13,1023,11.4,0.21,0.15,0.37,51.05,0.96,9.74,21.49,20.79,1.84,51.05,2.98,1.4,4.13,1.58,4.64,32.02,183.51,98.25,2.63,2.54,0.44,3.86,1.75,30.35,4.82
Jonjoe Kenny,ENG,DF,0,1,0,0,2017-2018,Everton,20,17,1590,17.7,0.01,0.08,0.09,60.4,4.41,19.94,23.67,17.23,0.51,60.4,0.9,0.34,2.12,0.56,3.53,23.16,92.6,41.75,0.9,0.9,0.0,1.19,0.34,26.5,2.88
Andy King,WAL,MF,0,0,1,0,2017-2018,Leicester City,28,5,537,6.0,0.09,0.02,0.1,44.0,2.17,9.17,25.33,9.67,1.5,44.0,0.67,0.17,4.17,0.5,12.5,18.83,86.83,37.83,0.5,0.17,0.17,0.83,0.0,27.67,1.0
Andy King,WAL,MF,0,0,1,0,2017-2018,Swansea City,28,9,715,7.9,0.12,0.03,0.15,52.41,2.03,11.01,31.9,10.13,1.01,52.41,0.13,0.13,12.66,0.0,0.0,29.75,125.95,56.08,0.63,1.27,0.0,0.25,0.38,32.78,0.63
Joshua King,NOR,"FW,MF",0,0,1,1,2017-2018,Bournemouth,25,27,2453,27.3,0.24,0.18,0.42,40.51,0.84,3.55,18.32,19.78,4.69,40.44,5.24,2.27,1.59,2.89,2.02,27.91,195.9,85.86,3.08,2.27,1.03,3.19,3.08,31.36,7.88
Davy Klaassen,NED,"MF,FW",0,0,1,1,2017-2018,Everton,24,3,251,2.8,0.03,0.04,0.07,43.57,0.36,7.5,21.07,15.71,1.07,43.57,0.36,0.0,0.0,0.36,35.71,18.57,62.86,29.29,0.36,1.07,0.0,1.43,0.36,27.5,1.43
Ragnar Klavan,EST,DF,0,1,0,0,2017-2018,Liverpool,31,16,1451,16.1,0.05,0.01,0.06,84.41,5.47,37.64,44.91,2.24,0.37,84.41,0.31,0.25,4.97,0.06,1.24,50.31,291.43,177.27,0.93,0.5,0.0,0.5,0.12,61.43,0.31
Anthony Knockaert,FRA,"MF,FW",0,0,1,1,2017-2018,Brighton,25,27,2421,26.9,0.15,0.12,0.27,50.56,1.3,8.66,22.12,21.41,2.57,50.56,3.49,2.3,2.45,1.19,1.26,31.15,237.77,125.35,3.42,2.42,0.78,1.71,1.12,34.76,5.69
Sead Kolašinac,BIH,DF,0,1,0,0,2017-2018,Arsenal,24,25,2147,23.9,0.09,0.15,0.24,72.22,2.34,16.86,32.05,23.64,3.6,72.22,0.92,0.5,2.28,0.42,1.9,39.12,175.27,113.26,2.85,2.18,0.71,0.92,0.67,46.36,7.78
Vincent Kompany,BEL,DF,0,1,0,0,2017-2018,Manchester City,31,17,1394,15.5,0.05,0.03,0.08,101.16,6.52,39.29,59.03,3.29,0.71,101.16,0.19,0.19,6.45,0.0,0.0,62.58,330.39,211.87,2.0,0.9,0.06,0.39,0.13,78.58,0.19
Terence Kongolo,NED,DF,0,1,0,0,2017-2018,Huddersfield,23,11,1049,11.7,0.02,0.01,0.03,48.38,4.79,20.17,20.85,7.69,0.6,48.38,0.85,0.6,5.98,0.26,2.56,16.92,78.29,40.0,0.6,0.51,0.26,0.77,0.43,19.23,1.79
Laurent Koscielny,FRA,DF,0,1,0,0,2017-2018,Arsenal,31,25,2225,24.7,0.08,0.02,0.09,83.44,6.6,34.98,44.94,3.89,0.65,83.44,0.12,0.08,2.7,0.04,1.35,50.73,247.73,144.57,1.01,1.01,0.0,0.49,0.16,54.98,0.4
Cheikhou Kouyaté,SEN,MF,0,0,1,0,2017-2018,West Ham,27,32,2799,31.1,0.09,0.04,0.12,42.03,1.96,10.16,24.66,7.78,1.29,42.03,1.06,0.64,1.95,0.42,1.27,18.81,111.77,42.64,0.87,0.64,0.0,1.61,0.93,22.57,2.06
Bojan Krkić,ESP,MF,0,0,1,0,2017-2018,Stoke City,26,1,71,0.8,0.04,0.04,0.08,40.0,0.0,6.25,16.25,17.5,2.5,40.0,1.25,1.25,125.0,0.0,0.0,26.25,165.0,47.5,1.25,1.25,1.25,1.25,2.5,31.25,3.75
Grzegorz Krychowiak,POL,MF,0,0,1,0,2017-2018,West Brom,27,20,1641,18.2,0.04,0.1,0.14,56.32,2.03,11.92,34.23,11.26,0.38,56.32,1.48,1.04,3.87,0.44,1.63,31.65,171.76,75.38,1.21,1.59,0.11,0.88,1.1,35.38,1.37
Rajiv van La Parra,NED,"FW,MF",0,0,1,1,2017-2018,Huddersfield,26,26,2137,23.7,0.13,0.04,0.17,45.53,0.55,6.79,19.37,20.97,2.03,45.49,5.44,2.87,2.22,2.57,2.0,31.73,296.12,133.8,4.81,3.33,0.93,3.16,2.41,31.52,5.74
Alexandre Lacazette,FRA,FW,0,0,0,1,2017-2018,Arsenal,26,26,2202,24.5,0.56,0.18,0.74,40.0,0.33,2.37,12.57,25.31,7.06,39.92,1.84,1.35,2.99,0.49,1.09,25.35,102.08,36.98,1.59,0.49,1.1,2.53,2.04,30.86,9.51
Freddie Ladapo,ENG,FW,0,0,0,1,2017-2018,Crystal Palace,24,0,17,0.2,0.0,0.0,0.0,45.0,0.0,0.0,15.0,30.0,0.0,45.0,0.0,0.0,,0.0,,40.0,135.0,55.0,5.0,5.0,0.0,0.0,0.0,35.0,5.0
Adam Lallana,ENG,"MF,FW",0,0,1,1,2017-2018,Liverpool,29,1,244,2.7,0.55,0.13,0.68,96.67,0.37,7.41,44.81,45.56,7.04,96.67,2.59,2.22,31.74,0.37,5.3,66.67,335.56,145.56,4.44,2.96,0.74,3.7,3.7,81.48,14.07
Érik Lamela,ARG,"FW,MF",0,0,1,1,2017-2018,Tottenham,25,7,843,9.4,0.37,0.21,0.57,63.62,0.43,4.57,28.72,31.6,4.47,63.62,3.83,2.45,6.8,1.38,3.84,36.7,254.79,107.45,3.19,3.3,1.06,2.55,2.02,49.36,12.34
Manuel Lanzini,ARG,"MF,FW",0,0,1,1,2017-2018,West Ham,24,23,2042,22.7,0.17,0.18,0.35,66.74,0.57,6.87,38.24,23.08,2.33,66.7,4.49,2.86,2.81,1.63,1.6,40.48,268.24,125.51,2.86,2.2,0.62,1.37,2.07,48.85,4.23
Aymeric Laporte,ESP,DF,0,1,0,0,2017-2018,Manchester City,23,9,806,9.0,0.01,0.01,0.02,97.44,3.22,30.0,62.89,4.89,0.11,97.44,0.33,0.33,11.11,0.0,0.0,61.0,311.22,214.44,1.67,0.67,0.0,0.22,0.0,74.56,0.56
Jamaal Lascelles,ENG,DF,0,1,0,0,2017-2018,Newcastle Utd,23,32,2928,32.5,0.03,0.02,0.05,48.03,7.32,28.06,18.37,1.85,0.98,48.03,0.18,0.15,2.56,0.03,0.51,23.17,118.15,70.0,0.52,0.31,0.03,0.12,0.25,23.91,0.31
Florian Lejeune,FRA,DF,0,1,0,0,2017-2018,Newcastle Utd,26,24,2103,23.4,0.03,0.06,0.09,58.46,6.92,31.92,24.96,2.22,0.81,58.46,0.56,0.51,3.94,0.04,0.33,27.74,152.39,92.65,0.77,0.43,0.0,0.47,0.17,29.87,0.17
Mario Lemina,GAB,MF,0,0,1,0,2017-2018,Southampton,23,20,1720,19.1,0.04,0.04,0.08,63.09,2.72,12.98,40.47,10.63,0.68,63.09,3.25,2.88,4.64,0.37,0.59,43.25,277.96,151.94,2.67,1.78,0.21,1.15,1.62,42.98,1.88
Aaron Lennon,ENG,MF,0,0,1,0,2017-2018,Burnley,30,13,1118,12.4,0.05,0.07,0.11,33.06,1.21,5.56,12.82,15.0,2.26,33.06,1.53,0.81,4.24,0.73,3.82,18.63,106.77,57.98,2.1,0.81,0.81,0.65,1.77,20.48,4.84
Aaron Lennon,ENG,"FW,MF",0,0,1,1,2017-2018,Everton,30,9,793,8.8,0.03,0.03,0.05,35.11,0.68,6.48,14.43,14.55,1.7,35.11,2.05,0.57,3.16,1.48,8.2,16.59,96.82,55.57,1.93,0.91,1.02,1.25,1.14,21.25,3.75
Victor Lindelöf,SWE,DF,0,1,0,0,2017-2018,Manchester Utd,23,13,1285,14.3,0.0,0.02,0.02,63.36,4.55,29.93,30.14,3.57,0.0,63.36,0.35,0.28,5.59,0.07,1.4,36.43,202.17,119.02,0.77,0.77,0.0,0.28,0.14,40.84,0.42
Jesse Lingard,ENG,"MF,FW",0,0,1,1,2017-2018,Manchester Utd,24,20,1817,20.2,0.35,0.14,0.49,60.54,0.74,5.0,29.26,26.93,3.86,60.54,2.57,1.39,2.66,1.19,2.29,34.9,235.35,123.07,3.86,3.37,0.74,2.52,0.94,47.62,7.08
Jake Livermore,ENG,MF,0,0,1,0,2017-2018,West Brom,27,30,2674,29.7,0.08,0.06,0.14,46.63,1.72,9.29,28.92,8.86,1.14,46.63,0.91,0.64,2.37,0.27,1.0,26.87,121.68,51.31,0.88,0.34,0.17,1.04,0.91,28.86,1.85
Fernando Llorente,ESP,"FW,MF",0,0,1,1,2017-2018,Tottenham,32,1,238,2.6,0.38,0.06,0.44,47.31,1.92,3.46,16.15,27.69,5.77,47.31,0.38,0.0,0.0,0.38,38.46,19.62,85.38,18.85,1.15,0.0,0.38,3.08,1.15,37.31,12.31
Hugo Lloris,FRA,GK,1,0,0,0,2017-2018,Tottenham,30,36,3240,36.0,0.0,0.0,0.0,34.72,30.61,34.67,0.06,0.0,0.0,34.72,0.03,0.03,2.78,0.0,0.0,16.89,79.64,46.5,0.0,0.0,0.0,0.0,0.0,16.72,0.0
Jürgen Locadia,CUW,"FW,MF",0,0,1,1,2017-2018,Brighton,23,3,224,2.5,0.44,0.04,0.48,30.0,0.4,3.2,15.6,11.6,4.4,30.0,0.8,0.0,0.0,0.8,40.0,18.4,86.8,44.0,0.8,0.4,0.8,2.0,0.4,20.0,4.4
Ruben Loftus-Cheek,ENG,MF,0,0,1,0,2017-2018,Crystal Palace,21,21,1874,20.8,0.17,0.15,0.32,48.89,1.44,7.69,22.6,19.71,3.61,48.89,5.29,3.46,3.15,1.83,1.66,35.62,247.12,147.21,4.52,3.03,1.39,2.21,2.31,35.38,6.06
Joe Lolley,ENG,"FW,MF",0,0,1,1,2017-2018,Huddersfield,24,2,221,2.5,0.05,0.03,0.08,41.2,0.0,4.4,23.2,14.8,2.0,41.2,3.6,1.2,13.32,2.4,26.68,27.2,223.6,134.4,4.4,3.6,0.8,3.2,2.4,28.0,6.8
Kevin Long,IRL,DF,0,1,0,0,2017-2018,Burnley,26,16,1440,16.0,0.07,0.08,0.15,48.81,7.25,27.69,19.12,2.19,1.5,48.81,0.0,0.0,,0.0,,17.12,69.44,30.19,0.06,0.0,0.0,0.38,0.12,20.5,0.06
Shane Long,IRL,FW,0,0,0,1,2017-2018,Southampton,30,15,1582,17.6,0.21,0.07,0.29,34.38,1.7,2.9,13.35,18.47,4.66,34.38,0.8,0.51,3.65,0.28,2.03,18.98,87.95,26.99,0.97,1.08,0.57,2.56,1.7,25.45,8.58
Ademola Lookman,NGA,"FW,MF",0,0,1,1,2017-2018,Everton,19,1,159,1.8,0.06,0.26,0.32,43.33,0.56,8.33,17.22,19.44,2.22,43.33,7.22,4.44,34.17,2.78,21.39,27.78,256.11,108.89,4.44,3.33,2.22,5.0,2.22,29.44,3.89
Jonas Lössl,DEN,GK,1,0,0,0,2017-2018,Huddersfield,28,38,3420,38.0,0.0,0.02,0.02,38.74,31.26,38.42,0.32,0.0,0.0,38.74,0.08,0.08,2.63,0.0,0.0,16.82,120.21,80.26,0.0,0.0,0.0,0.05,0.0,15.03,0.0
Dejan Lovren,CRO,DF,0,1,0,0,2017-2018,Liverpool,28,24,2127,23.6,0.06,0.05,0.11,87.84,5.08,39.07,46.91,2.16,0.97,87.84,0.04,0.0,0.0,0.04,4.24,49.49,236.82,144.53,0.85,0.47,0.04,0.3,0.0,61.44,0.3
Chris Löwe,GER,DF,0,1,0,0,2017-2018,Huddersfield,28,19,1588,17.6,0.02,0.02,0.04,60.57,3.18,20.0,27.56,13.35,0.11,60.57,0.45,0.28,3.55,0.17,2.13,25.85,158.75,75.45,1.93,1.7,0.06,0.68,0.45,30.68,2.78
Matthew Lowton,ENG,DF,0,1,0,0,2017-2018,Burnley,28,25,2295,25.5,0.0,0.06,0.07,57.41,5.49,18.35,27.29,12.08,0.43,57.41,0.67,0.43,2.54,0.24,1.38,19.8,89.69,47.29,0.71,1.1,0.04,0.67,0.39,25.18,2.71
David Luiz,BRA,"DF,MF",0,1,1,0,2017-2018,Chelsea,30,9,840,9.3,0.1,0.0,0.1,65.05,6.02,32.26,30.86,3.12,0.32,65.05,0.54,0.32,6.45,0.22,4.3,42.9,273.12,161.83,2.04,0.65,0.0,0.75,0.43,42.58,0.43
Romelu Lukaku,BEL,FW,0,0,0,1,2017-2018,Manchester Utd,24,33,2867,31.9,0.41,0.15,0.56,32.35,0.82,1.41,13.29,17.9,4.73,32.32,1.79,1.1,1.92,0.69,1.21,16.68,93.98,38.4,1.79,1.0,1.1,2.38,1.5,27.12,6.77
Dodi Lukebakio,BEL,"MF,FW",0,0,1,1,2017-2018,Watford,19,0,16,0.2,0.15,0.59,0.75,60.0,5.0,5.0,25.0,30.0,10.0,60.0,0.0,0.0,,0.0,,40.0,160.0,75.0,0.0,0.0,0.0,5.0,0.0,40.0,15.0
Levi Lumeka,ENG,FW,0,0,0,1,2017-2018,Crystal Palace,18,0,26,0.3,0.2,0.0,0.2,50.0,0.0,6.67,23.33,20.0,3.33,50.0,10.0,3.33,111.0,6.67,222.33,46.67,290.0,80.0,6.67,3.33,0.0,3.33,3.33,43.33,10.0
Harry Maguire,ENG,DF,0,1,0,0,2017-2018,Leicester City,24,38,3420,38.0,0.07,0.11,0.18,57.45,6.39,25.03,28.08,5.29,2.11,57.45,1.58,1.34,2.24,0.24,0.39,28.47,218.61,121.55,1.53,0.87,0.21,0.66,0.47,30.89,0.47
Riyad Mahrez,ALG,"MF,FW",0,0,1,1,2017-2018,Leicester City,26,34,2950,32.8,0.2,0.22,0.42,57.32,0.55,5.52,28.08,25.0,3.32,57.32,4.82,2.47,1.56,2.35,1.48,35.27,266.04,122.23,3.69,3.05,1.62,2.8,1.95,39.7,5.82
Ainsley Maitland-Niles,ENG,"DF,MF",0,1,1,0,2017-2018,Arsenal,19,8,914,10.2,0.02,0.08,0.11,74.71,3.53,24.02,30.69,20.59,1.86,74.71,2.45,1.96,7.84,0.49,1.96,41.67,184.41,91.86,2.06,1.76,0.49,1.76,1.37,46.86,5.69
Scott Malone,ENG,DF,0,1,0,0,2017-2018,Huddersfield,26,12,1119,12.4,0.04,0.04,0.08,71.45,3.39,23.47,25.89,23.39,1.53,71.45,2.42,1.21,4.03,1.21,4.03,25.81,185.73,108.23,3.87,2.1,0.73,1.69,0.89,33.31,5.56
Sadio Mané,SEN,FW,0,0,0,1,2017-2018,Liverpool,25,28,2190,24.3,0.44,0.22,0.66,52.43,0.41,3.13,21.15,28.89,5.47,52.43,3.54,2.26,2.63,1.28,1.48,37.49,251.81,121.77,4.61,3.17,1.89,2.84,1.98,44.32,11.11
Eliaquim Mangala,FRA,DF,0,1,0,0,2017-2018,Everton,26,2,134,1.5,0.05,0.0,0.05,56.67,3.33,26.0,26.0,5.33,2.0,56.67,1.33,1.33,66.67,0.0,0.0,37.33,233.33,154.67,2.0,0.67,0.0,0.0,1.33,34.67,0.0
Eliaquim Mangala,FRA,DF,0,1,0,0,2017-2018,Manchester City,26,4,488,5.4,0.03,0.01,0.03,72.59,4.63,32.59,39.07,1.11,0.74,72.59,0.37,0.37,18.52,0.0,0.0,48.89,288.52,185.0,0.93,0.37,0.0,0.19,0.93,52.04,0.19
Javier Manquillo,ESP,DF,0,1,0,0,2017-2018,Newcastle Utd,23,20,1758,19.5,0.0,0.07,0.07,48.92,3.33,15.03,23.13,11.18,0.51,48.92,1.23,0.62,2.56,0.62,2.56,18.92,109.38,60.05,1.49,1.44,0.1,0.92,0.56,22.26,1.69
Solly March,ENG,"MF,FW",0,0,1,1,2017-2018,Brighton,23,18,1851,20.6,0.07,0.07,0.14,49.95,2.14,12.23,18.69,19.9,1.75,49.95,3.98,2.33,2.84,1.65,2.01,30.05,211.07,84.27,2.86,1.8,0.87,1.84,2.09,31.7,6.84
Adrian Mariappa,JAM,DF,0,1,0,0,2017-2018,Watford,30,24,2210,24.6,0.03,0.01,0.03,53.21,5.69,25.85,24.8,2.8,0.73,53.21,0.24,0.08,1.35,0.16,2.71,25.65,101.26,54.8,0.33,0.2,0.04,0.12,0.08,27.76,0.24
João Mário,POR,MF,0,0,1,0,2017-2018,West Ham,24,12,1022,11.4,0.15,0.12,0.27,52.19,0.35,5.09,23.6,24.21,2.89,52.19,2.28,1.49,5.74,0.7,2.7,32.54,211.23,83.95,2.98,2.11,0.61,3.07,1.58,37.81,6.49
Anthony Martial,FRA,FW,0,0,0,1,2017-2018,Manchester Utd,21,18,1582,17.6,0.36,0.29,0.65,57.16,0.62,4.26,20.8,32.9,6.82,57.1,4.72,2.44,2.94,2.27,2.74,42.05,303.07,178.75,6.08,4.49,2.56,3.07,3.12,48.75,10.34
Cuco Martina,CUW,DF,0,1,0,0,2017-2018,Everton,27,20,1830,20.3,0.0,0.07,0.07,64.43,4.53,23.05,27.83,13.84,0.39,64.43,0.2,0.1,2.46,0.1,2.46,24.88,106.55,58.67,1.38,0.74,0.0,0.54,0.44,29.46,3.65
Bruno Martins Indi,NED,DF,0,1,0,0,2017-2018,Stoke City,25,14,1243,13.8,0.07,0.01,0.08,36.74,5.43,17.39,18.26,1.38,0.36,36.74,0.0,0.0,,0.0,,15.58,64.28,32.32,0.14,0.14,0.0,0.29,0.0,16.16,0.29
Arthur Masuaku,COD,DF,0,1,0,0,2017-2018,West Ham,23,21,1870,20.8,0.01,0.09,0.11,58.51,3.65,14.95,24.13,21.2,1.15,58.51,6.2,3.99,3.09,2.21,1.72,33.75,284.76,150.19,4.52,3.37,0.72,2.26,1.78,35.19,5.53
Juan Mata,ESP,FW,0,0,0,1,2017-2018,Manchester Utd,29,23,1922,21.4,0.18,0.21,0.39,68.64,0.7,5.47,30.42,33.41,4.21,68.64,1.12,0.79,3.31,0.33,1.36,39.91,203.79,94.58,2.15,1.87,0.7,1.17,0.89,52.94,7.57
Nemanja Matić,SRB,MF,0,0,1,0,2017-2018,Manchester Utd,28,35,3118,34.6,0.02,0.05,0.07,85.84,3.32,19.74,53.7,13.21,0.78,85.84,1.88,1.56,2.4,0.32,0.49,49.16,284.34,158.35,2.14,1.85,0.2,1.07,0.9,59.31,0.66
Joël Matip,CMR,DF,0,1,0,0,2017-2018,Liverpool,25,22,1997,22.2,0.09,0.01,0.1,84.82,5.32,34.28,47.97,2.79,0.95,84.82,0.18,0.14,3.38,0.05,1.13,48.51,250.18,182.75,1.04,0.99,0.05,0.5,0.23,60.63,0.23
Konstantinos Mavropanos,GRE,DF,0,1,0,0,2017-2018,Arsenal,19,3,195,2.2,0.0,0.0,0.0,57.27,5.45,31.36,25.91,0.45,0.45,57.27,0.45,0.45,45.45,0.0,0.0,32.73,170.45,102.73,0.45,0.0,0.0,0.0,0.0,35.91,0.0
Alfie Mawson,ENG,DF,0,1,0,0,2017-2018,Swansea City,23,38,3420,38.0,0.05,0.02,0.06,56.08,7.42,31.11,23.53,1.89,0.97,56.08,0.68,0.61,2.33,0.08,0.3,27.0,160.05,93.45,0.76,0.37,0.03,0.34,0.37,33.08,0.21
Eric Maxim Choupo-Moting,CMR,"FW,MF",0,0,1,1,2017-2018,Stoke City,28,26,2314,25.7,0.24,0.13,0.36,40.82,1.44,6.19,17.47,18.52,3.85,40.82,4.16,2.37,2.22,1.79,1.67,26.93,174.94,82.1,2.8,1.75,1.09,2.96,2.14,28.37,6.73
Chancel Mbemba,COD,DF,0,1,0,0,2017-2018,Newcastle Utd,22,7,672,7.5,0.0,0.06,0.06,49.07,4.67,21.73,22.27,5.73,0.27,49.07,1.47,1.07,9.69,0.4,3.64,19.73,104.53,57.33,1.2,0.67,0.13,0.27,0.4,20.0,1.47
James McArthur,SCO,MF,0,0,1,0,2017-2018,Crystal Palace,29,27,2431,27.0,0.14,0.08,0.22,51.89,2.26,10.41,28.0,13.93,2.52,51.89,1.41,1.0,2.63,0.41,1.07,31.7,141.52,52.33,1.19,0.93,0.3,1.89,1.56,32.44,3.48
Gareth McAuley,NIR,DF,0,1,0,0,2017-2018,West Brom,37,5,458,5.1,0.0,0.0,0.0,33.14,5.88,19.41,14.12,0.39,0.2,33.14,0.2,0.2,19.61,0.0,0.0,14.51,58.63,35.69,0.59,0.39,0.0,0.39,0.0,12.55,0.0
Oliver McBurnie,SCO,"FW,MF",0,0,1,1,2017-2018,Swansea City,21,2,276,3.1,0.14,0.22,0.36,42.9,0.97,1.94,23.55,17.42,3.55,42.9,0.32,0.32,32.26,0.0,0.0,20.97,75.48,18.71,1.29,0.32,0.65,3.87,2.26,32.58,8.39
Alex McCarthy,ENG,GK,1,0,0,0,2017-2018,Southampton,27,18,1620,18.0,0.0,0.0,0.0,27.5,23.17,27.39,0.11,0.0,0.0,27.5,0.0,0.0,,0.0,,11.5,87.44,62.67,0.0,0.0,0.0,0.0,0.0,6.67,0.0
James McCarthy,IRL,MF,0,0,1,0,2017-2018,Everton,26,3,205,2.3,0.03,0.01,0.04,56.52,1.3,7.83,35.22,14.35,0.43,56.52,1.3,1.3,43.48,0.0,0.0,24.35,85.65,23.91,0.0,0.43,0.0,1.3,0.43,26.52,1.74
James McClean,IRL,"MF,FW",0,0,1,1,2017-2018,West Brom,28,14,1406,15.6,0.12,0.05,0.17,42.44,1.35,10.26,15.0,18.08,1.99,42.44,2.56,1.41,3.53,1.09,2.72,25.64,188.46,88.78,3.14,1.86,0.64,1.92,1.79,26.22,6.03
Sam McQueen,ENG,"DF,MF",0,1,1,0,2017-2018,Southampton,22,1,148,1.6,0.02,0.09,0.11,60.62,3.75,17.5,30.0,14.38,1.88,60.62,1.25,1.25,62.5,0.0,0.0,31.25,211.25,110.62,4.38,3.12,0.62,2.5,1.25,32.5,3.12
Scott McTominay,SCO,MF,0,0,1,0,2017-2018,Manchester Utd,20,7,634,7.0,0.0,0.01,0.01,57.29,1.29,9.29,37.57,11.0,0.71,57.29,1.14,0.71,8.93,0.43,5.36,35.29,204.14,84.71,1.57,0.71,0.14,1.0,1.43,42.71,1.14
Ben Mee,ENG,DF,0,1,0,0,2017-2018,Burnley,27,29,2610,29.0,0.06,0.02,0.08,50.9,7.34,26.76,22.14,2.21,1.41,50.9,0.1,0.1,3.45,0.0,0.0,22.03,92.41,51.9,0.17,0.21,0.0,0.31,0.1,25.0,0.1
Benjamin Mendy,FRA,"DF,FW",0,1,0,1,2017-2018,Manchester City,23,4,363,4.0,0.03,0.19,0.23,78.0,1.5,10.5,31.75,36.0,1.75,78.0,2.0,0.75,9.38,1.25,15.62,43.25,203.5,138.5,5.25,2.25,0.5,0.75,1.5,49.75,15.5
Mikel Merino,ESP,MF,0,0,1,0,2017-2018,Newcastle Utd,21,14,1347,15.0,0.04,0.06,0.1,71.07,1.73,12.93,47.6,11.8,0.93,71.07,2.67,1.87,4.67,0.8,2.0,38.0,195.8,99.6,1.67,1.4,0.2,2.2,2.27,40.27,1.0
Per Mertesacker,GER,DF,0,1,0,0,2017-2018,Arsenal,32,4,366,4.1,0.05,0.0,0.05,70.24,6.83,34.39,34.15,2.2,0.98,70.24,0.0,0.0,,0.0,,38.54,118.05,62.68,0.0,0.0,0.0,0.49,0.24,43.66,0.24
Roque Mesa,ESP,MF,0,0,1,0,2017-2018,Swansea City,28,9,754,8.4,0.02,0.02,0.04,65.6,1.9,17.14,43.1,7.02,0.0,65.6,0.95,0.6,7.44,0.36,4.46,35.36,210.83,105.24,1.43,0.83,0.0,0.83,0.48,42.38,0.12
Simon Mignolet,BEL,GK,1,0,0,0,2017-2018,Liverpool,29,19,1710,19.0,0.0,0.0,0.0,33.53,26.84,33.37,0.26,0.0,0.0,33.53,0.05,0.05,5.26,0.0,0.0,15.32,84.32,51.47,0.0,0.0,0.0,0.0,0.0,16.0,0.0
Luka Milivojević,SRB,MF,0,0,1,0,2017-2018,Crystal Palace,26,35,3080,34.2,0.24,0.03,0.27,60.91,3.04,15.03,36.96,9.53,0.7,60.67,1.08,0.82,2.21,0.26,0.71,33.19,154.71,71.02,0.7,0.64,0.03,0.91,0.7,34.42,0.53
James Milner,ENG,MF,0,0,1,0,2017-2018,Liverpool,31,16,1775,19.7,0.05,0.16,0.22,92.69,1.98,10.0,55.13,28.38,2.18,92.69,0.81,0.61,3.81,0.2,1.27,53.91,250.0,131.78,2.99,2.28,0.41,1.07,1.07,68.68,8.27
Tyrone Mings,ENG,DF,0,1,0,0,2017-2018,Bournemouth,24,3,201,2.2,0.01,0.02,0.03,62.73,9.09,39.09,21.82,1.82,0.45,62.73,0.45,0.45,45.45,0.0,0.0,34.55,156.36,73.64,0.45,0.0,0.0,0.45,0.45,36.36,0.45
Kevin Mirallas,BEL,"FW,MF",0,0,1,1,2017-2018,Everton,29,2,138,1.5,0.12,0.04,0.16,49.33,0.67,5.33,20.67,24.0,6.0,49.33,2.0,1.33,44.47,0.67,22.2,29.33,265.33,158.67,6.67,2.67,2.0,2.0,2.0,38.0,7.33
Aleksandar Mitrović,SRB,FW,0,0,0,1,2017-2018,Newcastle Utd,22,0,95,1.1,1.14,0.15,1.29,63.64,1.82,1.82,24.55,38.18,9.09,63.64,3.64,1.82,45.45,1.82,45.45,48.18,230.0,80.0,3.64,1.82,1.82,1.82,2.73,55.45,13.64
Henrikh Mkhitaryan,ARM,"FW,MF",0,0,1,1,2017-2018,Arsenal,28,9,794,8.8,0.17,0.31,0.48,68.18,0.68,8.75,27.73,32.5,4.09,68.18,2.84,1.82,7.27,1.02,4.09,47.61,278.18,142.5,3.86,3.3,1.02,2.16,2.27,51.7,9.2
Henrikh Mkhitaryan,ARM,"MF,FW",0,0,1,1,2017-2018,Manchester Utd,28,11,922,10.2,0.07,0.29,0.37,68.04,0.29,5.98,29.61,33.43,2.16,68.04,3.04,1.37,4.43,1.67,5.37,36.57,224.22,122.94,3.92,3.92,0.39,2.35,2.16,51.86,6.76
Nacho Monreal,ESP,DF,0,1,0,0,2017-2018,Arsenal,31,26,2243,24.9,0.07,0.11,0.17,83.17,2.85,25.7,45.62,12.25,1.29,83.17,0.44,0.24,2.19,0.2,1.83,52.17,245.82,135.18,1.65,1.61,0.08,0.32,0.24,56.59,2.93
Aaron Mooy,AUS,MF,0,0,1,0,2017-2018,Huddersfield,26,34,3067,34.1,0.09,0.12,0.2,71.38,1.61,10.76,40.35,21.17,0.85,71.35,0.73,0.47,1.88,0.26,1.06,38.74,198.94,82.79,1.61,1.73,0.09,1.09,1.67,44.46,2.26
Álvaro Morata,ESP,FW,0,0,0,1,2017-2018,Chelsea,24,24,2061,22.9,0.57,0.13,0.7,38.12,1.09,1.57,15.81,21.35,6.42,38.12,2.58,1.4,2.37,1.18,2.0,24.89,140.17,57.25,2.36,1.53,1.62,3.28,2.71,32.75,9.96
Alberto Moreno,ESP,DF,0,1,0,0,2017-2018,Liverpool,25,14,1266,14.1,0.04,0.06,0.09,77.09,2.2,20.64,38.01,19.36,1.06,77.09,0.64,0.43,4.73,0.21,2.36,35.53,162.41,89.43,2.27,1.35,0.14,0.5,0.28,48.44,5.74
Wes Morgan,JAM,DF,0,1,0,0,2017-2018,Leicester City,33,32,2817,31.3,0.05,0.01,0.06,38.82,5.59,20.0,17.25,1.66,0.86,38.82,0.38,0.29,2.4,0.1,0.8,16.33,97.35,44.35,0.42,0.1,0.03,0.22,0.26,19.62,0.35
James Morrison,SCO,MF,0,0,1,0,2017-2018,West Brom,31,2,207,2.3,0.44,0.04,0.49,45.22,1.3,5.65,21.3,18.7,2.17,45.22,0.87,0.87,43.48,0.0,0.0,28.7,113.04,50.87,0.43,0.87,0.0,0.87,0.87,35.65,6.96
Victor Moses,NGA,"DF,MF",0,1,1,0,2017-2018,Chelsea,26,25,2110,23.4,0.13,0.1,0.23,58.68,2.26,15.9,19.32,24.27,3.42,58.68,2.35,1.37,2.49,0.98,1.79,29.62,176.37,114.4,4.06,1.32,1.11,0.85,0.85,33.68,8.68
Steve Mounié,BEN,FW,0,0,0,1,2017-2018,Huddersfield,22,21,1855,20.6,0.25,0.09,0.34,36.8,1.5,2.91,17.96,16.21,3.59,36.8,0.92,0.63,3.32,0.29,1.53,18.45,89.81,21.84,0.63,0.63,0.44,2.72,2.86,27.57,4.51
Lucas Moura,BRA,"FW,MF",0,0,1,1,2017-2018,Tottenham,24,2,210,2.3,0.08,0.11,0.18,63.48,0.87,6.09,25.22,33.04,3.04,63.48,5.22,2.61,21.74,2.61,21.74,49.13,368.7,187.83,6.52,4.78,1.3,2.61,4.35,55.22,16.09
Lys Mousset,FRA,"FW,MF",0,0,1,1,2017-2018,Bournemouth,21,4,596,6.6,0.18,0.13,0.31,44.24,0.76,3.79,18.18,23.03,5.0,44.24,5.91,2.73,7.0,3.18,8.15,29.85,181.06,71.21,2.73,3.03,1.06,3.64,2.42,31.97,8.03
Jacob Murphy,ENG,"MF,FW",0,0,1,1,2017-2018,Newcastle Utd,22,13,1148,12.8,0.14,0.1,0.24,37.5,0.94,7.27,14.38,17.19,2.27,37.5,4.53,2.66,4.58,1.8,3.1,24.38,215.16,110.55,3.75,2.27,1.25,2.73,2.27,23.67,6.64
Jamie Murphy,SCO,MF,0,0,1,0,2017-2018,Brighton,27,1,168,1.9,0.03,0.01,0.04,30.0,0.0,8.42,11.05,12.11,2.11,30.0,1.05,0.53,26.32,0.53,26.32,21.58,198.95,105.79,3.68,2.11,0.53,1.58,1.05,22.11,7.37
Glenn Murray,ENG,FW,0,0,0,1,2017-2018,Brighton,33,25,2192,24.4,0.49,0.07,0.55,37.58,1.48,2.79,20.0,15.04,3.98,37.34,0.98,0.29,1.2,0.7,2.9,20.2,61.27,15.08,0.49,0.25,0.25,3.07,1.43,30.57,5.66
Charly Musonda Jr.,BEL,FW,0,0,0,1,2017-2018,Chelsea,20,0,37,0.4,0.4,1.27,1.67,57.5,2.5,7.5,22.5,27.5,5.0,57.5,2.5,2.5,250.0,0.0,0.0,45.0,272.5,130.0,2.5,2.5,0.0,2.5,7.5,55.0,10.0
Shkodran Mustafi,GER,DF,0,1,0,0,2017-2018,Arsenal,25,25,2273,25.3,0.03,0.05,0.08,82.37,7.87,39.13,40.12,3.56,0.99,82.37,0.08,0.04,1.98,0.04,1.98,47.67,226.4,131.19,0.47,0.71,0.0,0.32,0.16,52.92,0.36
Boaz Myhill,WAL,GK,1,0,0,0,2017-2018,West Brom,34,1,90,1.0,0.0,0.0,0.0,22.0,20.0,22.0,0.0,0.0,0.0,22.0,0.0,0.0,,0.0,,8.0,55.0,39.0,0.0,0.0,0.0,0.0,0.0,6.0,0.0
Georges-Kévin N'Koudou,CMR,MF,0,0,1,0,2017-2018,Tottenham,22,0,1,0.0,,,,inf,inf,inf,,,,inf,,,,,,,,,,,,,,,
Georges-Kévin N'Koudou,CMR,"MF,FW",0,0,1,1,2017-2018,Burnley,22,2,228,2.5,0.06,0.02,0.08,54.8,0.4,8.4,21.2,26.4,3.2,54.8,6.0,2.4,16.0,3.6,24.0,36.0,324.0,127.6,5.2,4.8,1.2,2.0,5.2,35.6,6.0
Luciano Narsingh,NED,"FW,MF",0,0,1,1,2017-2018,Swansea City,26,5,625,6.9,0.12,0.16,0.28,42.46,0.72,4.49,17.54,21.59,4.06,42.46,4.06,2.46,8.8,1.59,5.7,26.38,217.54,120.29,4.35,2.75,3.19,2.61,2.03,32.61,10.58
Kyle Naughton,ENG,DF,0,1,0,0,2017-2018,Swansea City,28,34,3030,33.7,0.01,0.01,0.03,75.16,4.33,21.72,38.93,15.1,0.8,75.16,1.28,0.71,1.66,0.56,1.31,29.29,147.6,78.31,1.48,1.04,0.27,0.68,0.8,39.53,2.61
Badou Ndiaye,SEN,MF,0,0,1,0,2017-2018,Stoke City,26,13,1138,12.6,0.13,0.02,0.15,40.87,1.9,9.52,23.41,8.81,0.48,40.87,1.67,1.35,6.43,0.32,1.51,21.75,106.75,58.57,0.95,1.19,0.08,1.75,1.51,21.51,1.59
Wilfred Ndidi,NGA,MF,0,0,1,0,2017-2018,Leicester City,20,33,2898,32.2,0.06,0.02,0.08,67.7,3.39,16.8,42.76,8.66,0.9,67.7,1.34,1.02,2.38,0.31,0.72,30.37,138.76,55.65,0.93,0.84,0.06,1.18,1.34,36.61,1.49
Reiss Nelson,ENG,"FW,MF",0,0,1,1,2017-2018,Arsenal,17,2,145,1.6,0.06,0.02,0.08,63.75,1.88,8.12,21.88,33.75,2.5,63.75,1.88,0.62,20.81,1.25,41.69,41.25,236.88,100.0,1.88,7.5,0.0,3.12,0.62,48.75,8.12
Julien Ngoy,BEL,MF,0,0,1,0,2017-2018,Stoke City,19,0,20,0.2,0.0,0.0,0.0,30.0,0.0,0.0,15.0,15.0,0.0,30.0,0.0,0.0,,0.0,,25.0,155.0,25.0,0.0,0.0,0.0,0.0,0.0,25.0,10.0
Oumar Niasse,SEN,FW,0,0,0,1,2017-2018,Everton,27,10,1087,12.1,0.58,0.11,0.69,36.2,0.83,2.07,11.4,23.06,6.78,36.2,2.98,1.65,4.6,1.32,3.67,22.48,127.36,46.45,1.74,0.91,1.24,5.29,1.98,27.52,8.76
Eddie Nketiah,ENG,FW,0,0,0,1,2017-2018,Arsenal,18,0,20,0.2,0.29,0.0,0.29,50.0,0.0,0.0,20.0,30.0,5.0,50.0,0.0,0.0,,0.0,,50.0,130.0,25.0,0.0,0.0,0.0,5.0,5.0,45.0,0.0
Lukas Nmecha,GER,FW,0,0,0,1,2017-2018,Manchester City,18,0,16,0.2,0.0,0.0,0.0,25.0,0.0,0.0,5.0,20.0,0.0,25.0,0.0,0.0,,0.0,,25.0,120.0,50.0,0.0,0.0,0.0,0.0,10.0,35.0,0.0
Mark Noble,ENG,MF,0,0,1,0,2017-2018,West Ham,30,28,2400,26.7,0.09,0.07,0.16,60.15,2.13,12.51,39.66,8.73,0.41,60.07,0.97,0.75,2.88,0.22,0.87,30.07,153.82,62.66,0.37,0.79,0.11,0.82,0.82,35.47,0.94
Allan Nyom,CMR,DF,0,1,0,0,2017-2018,West Brom,29,25,2310,25.7,0.0,0.04,0.05,53.15,4.16,19.84,20.93,12.84,0.16,53.15,1.01,0.39,1.5,0.62,2.39,24.51,121.67,58.64,1.4,1.13,0.04,0.93,0.78,24.67,2.76
Aiden O'Neill,AUS,MF,0,0,1,0,2017-2018,Burnley,19,0,1,0.0,,,,,,,,,,,,,,,,,,,,,,,,,
Michael Obafemi,IRL,FW,0,0,0,1,2017-2018,Southampton,17,0,9,0.1,3.73,0.0,3.73,20.0,0.0,0.0,0.0,20.0,10.0,20.0,0.0,0.0,,0.0,,20.0,20.0,0.0,0.0,0.0,0.0,0.0,0.0,20.0,10.0
Pedro Obiang,EQG,MF,0,0,1,0,2017-2018,West Ham,25,18,1563,17.4,0.02,0.02,0.04,55.23,2.64,11.49,37.82,6.78,0.23,55.23,1.44,1.38,5.52,0.06,0.23,26.67,144.66,60.17,0.57,0.86,0.0,0.98,1.09,33.56,0.57
Angelo Ogbonna,ITA,DF,0,1,0,0,2017-2018,West Ham,29,32,2880,32.0,0.02,0.01,0.04,43.12,6.72,21.28,20.66,1.5,0.5,43.12,0.34,0.28,2.56,0.06,0.57,20.16,113.09,49.78,0.12,0.19,0.0,0.25,0.12,21.69,0.12
Stefano Okaka,ITA,FW,0,0,0,1,2017-2018,Watford,27,3,453,5.0,0.36,0.07,0.43,42.6,0.0,1.6,20.4,21.4,4.8,42.6,3.6,2.8,15.56,0.8,4.44,29.6,137.6,42.8,1.6,1.8,0.2,3.8,4.4,37.4,9.6
Shinji Okazaki,JPN,"FW,MF",0,0,1,1,2017-2018,Leicester City,31,17,1324,14.7,0.45,0.14,0.59,37.76,0.34,4.08,19.12,15.03,2.65,37.76,2.59,1.09,2.86,1.5,3.94,21.56,101.9,43.33,1.29,1.09,0.41,2.31,2.04,26.73,4.15
Martin Olsson,SWE,DF,0,1,0,0,2017-2018,Swansea City,29,36,3149,35.0,0.03,0.02,0.05,53.34,2.71,15.17,22.26,16.46,0.8,53.34,0.77,0.31,1.16,0.46,1.69,25.74,173.69,91.63,3.2,1.77,0.29,1.29,0.74,30.57,4.09
Divock Origi,BEL,FW,0,0,0,1,2017-2018,Liverpool,22,0,10,0.1,0.0,0.0,0.0,40.0,0.0,0.0,40.0,0.0,0.0,40.0,0.0,0.0,,0.0,,30.0,130.0,0.0,0.0,0.0,0.0,20.0,0.0,30.0,0.0
David Ospina,COL,GK,1,0,0,0,2017-2018,Arsenal,28,4,381,4.2,0.0,0.0,0.0,35.0,32.38,35.0,0.0,0.0,0.0,35.0,0.0,0.0,,0.0,,18.1,124.05,99.52,0.0,0.24,0.24,0.0,0.0,11.9,0.0
Nicolás Otamendi,ARG,DF,0,1,0,0,2017-2018,Manchester City,29,33,2967,33.0,0.08,0.03,0.11,103.24,4.67,34.15,64.3,5.06,1.15,103.24,0.21,0.15,2.16,0.06,0.87,73.58,465.58,301.21,2.79,1.82,0.0,0.58,0.03,79.58,0.24
Reece Oxford,ENG,MF,0,0,1,0,2017-2018,West Ham,18,0,5,0.1,0.0,0.0,0.0,30.0,0.0,10.0,10.0,10.0,0.0,30.0,0.0,0.0,,0.0,,20.0,40.0,0.0,0.0,0.0,0.0,0.0,0.0,20.0,0.0
Alex Oxlade-Chamberlain,ENG,DF,0,1,0,0,2017-2018,Arsenal,23,3,241,2.7,0.09,0.19,0.29,75.19,2.96,15.93,31.48,31.48,1.48,75.19,7.78,6.3,30.0,1.48,7.04,46.3,436.3,247.04,7.04,6.67,1.85,1.85,1.48,46.3,7.78
Alex Oxlade-Chamberlain,ENG,"MF,FW",0,0,1,1,2017-2018,Liverpool,23,14,1493,16.6,0.13,0.23,0.36,59.58,0.78,5.54,29.04,26.08,2.77,59.58,3.25,2.41,4.46,0.78,1.45,33.92,243.73,132.17,4.58,3.25,0.96,2.23,1.45,40.9,7.35
Mesut Özil,GER,"MF,FW",0,0,1,1,2017-2018,Arsenal,28,24,2163,24.0,0.18,0.36,0.55,87.54,0.33,4.96,38.04,45.33,3.71,87.54,2.12,1.5,2.94,0.62,1.22,63.58,397.38,200.33,5.67,5.83,0.71,1.75,1.33,73.83,11.12
Kasey Palmer,JAM,"MF,FW",0,0,1,1,2017-2018,Huddersfield,20,1,170,1.9,0.05,0.04,0.09,41.05,1.05,2.63,22.63,17.37,1.05,41.05,1.58,1.58,52.63,0.0,0.0,19.47,155.79,46.84,2.11,1.58,0.0,2.11,2.63,25.79,2.63
Emerson Palmieri,ITA,DF,0,1,0,0,2017-2018,Chelsea,22,3,280,3.1,0.04,0.01,0.05,67.42,3.87,21.94,24.19,21.29,2.58,67.42,2.58,1.61,20.16,0.97,12.1,38.06,259.68,149.68,4.19,2.26,0.97,1.29,0.65,41.61,7.42
Pedro,ESP,"MF,FW",0,0,1,1,2017-2018,Chelsea,30,17,1523,16.9,0.18,0.07,0.25,52.66,0.47,6.15,22.9,24.56,3.14,52.66,3.02,1.95,3.83,1.07,2.09,35.44,250.71,122.9,3.91,2.66,1.07,2.31,1.54,41.07,7.99
Roberto Pereyra,ARG,"MF,FW",0,0,1,1,2017-2018,Watford,26,18,1624,18.0,0.18,0.17,0.35,52.33,0.56,6.72,25.44,21.17,3.11,52.33,3.83,1.72,2.49,2.11,3.06,38.22,232.89,108.94,3.39,1.89,0.89,2.89,1.83,38.72,6.22
Ayoze Pérez,ESP,"MF,FW",0,0,1,1,2017-2018,Newcastle Utd,24,28,2492,27.7,0.22,0.17,0.39,40.4,0.65,4.4,19.17,17.44,4.04,40.4,2.27,1.16,1.83,1.12,1.78,24.3,133.86,68.23,2.45,1.66,0.94,3.1,2.53,27.44,6.43
Matt Phillips,SCO,"MF,DF",0,1,1,0,2017-2018,West Brom,26,23,2093,23.3,0.1,0.18,0.28,42.02,1.5,8.41,13.35,21.07,1.89,42.02,3.78,1.93,2.19,1.85,2.1,25.02,192.06,96.44,3.65,2.27,0.73,2.02,1.89,25.67,6.27
Jordan Pickford,ENG,GK,1,0,0,0,2017-2018,Everton,23,38,3420,38.0,0.0,0.0,0.0,37.68,31.74,37.29,0.37,0.03,0.03,37.68,0.0,0.0,,0.0,,17.11,128.45,92.39,0.0,0.0,0.0,0.03,0.0,12.74,0.0
Jérémy Pied,FRA,DF,0,1,0,0,2017-2018,Southampton,28,2,180,2.0,0.02,0.08,0.1,76.0,3.5,27.5,31.5,19.0,0.5,76.0,1.0,1.0,50.0,0.0,0.0,39.0,236.5,145.5,3.5,1.5,0.5,1.5,0.0,39.5,2.5
Erik Pieters,NED,DF,0,1,0,0,2017-2018,Stoke City,28,30,2718,30.2,0.0,0.05,0.05,56.03,4.27,18.21,26.32,11.95,0.6,56.03,0.6,0.3,1.66,0.3,1.66,23.38,104.11,53.31,1.16,1.42,0.1,0.93,0.63,24.67,2.35
Paul Pogba,FRA,MF,0,0,1,0,2017-2018,Manchester Utd,24,25,2148,23.9,0.32,0.19,0.51,85.9,1.46,10.59,49.62,26.82,2.97,85.9,4.23,3.14,3.11,1.09,1.08,56.07,328.54,187.91,3.97,3.22,0.54,2.34,1.67,70.04,3.85
Nick Pope,ENG,GK,1,0,0,0,2017-2018,Burnley,25,34,3115,34.6,0.0,0.01,0.01,37.77,29.05,35.78,2.02,0.0,0.0,37.77,0.0,0.0,,0.0,,16.88,129.19,94.74,0.0,0.03,0.03,0.0,0.0,10.61,0.0
Alex Pritchard,ENG,"MF,FW",0,0,1,1,2017-2018,Huddersfield,24,12,998,11.1,0.11,0.17,0.28,47.12,1.08,4.23,19.37,24.41,1.71,47.12,1.98,1.26,5.73,0.72,3.28,27.21,143.42,51.08,2.16,2.34,0.72,2.52,2.16,30.54,6.31
Sebastian Prödl,AUT,DF,0,1,0,0,2017-2018,Watford,30,17,1570,17.4,0.04,0.01,0.05,43.62,5.92,23.1,19.08,1.55,0.98,43.62,0.0,0.0,,0.0,,18.79,75.11,42.07,0.23,0.17,0.0,0.23,0.0,20.98,0.11
Davy Pröpper,NED,MF,0,0,1,0,2017-2018,Brighton,25,35,3119,34.7,0.06,0.04,0.1,51.1,2.88,11.93,33.26,6.48,0.81,51.1,1.53,1.04,1.96,0.49,0.93,25.71,125.3,53.14,0.58,0.63,0.09,1.21,0.66,29.02,1.35
Marc Pugh,ENG,"MF,FW",0,0,1,1,2017-2018,Bournemouth,30,11,985,10.9,0.12,0.05,0.17,57.89,1.01,7.43,24.68,26.15,3.67,57.89,3.21,1.74,4.98,1.28,3.67,34.22,228.9,93.85,3.67,2.39,0.92,2.29,1.74,43.58,9.45
Jason Puncheon,ENG,MF,0,0,1,0,2017-2018,Crystal Palace,31,6,645,7.2,0.19,0.07,0.26,43.47,0.28,5.28,22.92,15.69,1.39,43.47,0.69,0.56,11.11,0.14,2.78,25.69,118.19,46.94,1.11,1.25,0.0,0.97,2.08,28.33,2.64
Collin Quaner,GER,"FW,MF",0,0,1,1,2017-2018,Huddersfield,26,13,1280,14.2,0.1,0.18,0.28,44.44,1.48,6.48,18.52,20.21,4.01,44.44,2.96,1.62,3.86,1.34,3.18,27.61,180.85,107.68,3.94,2.11,2.11,2.61,2.39,29.44,5.99
Sandro Ramírez,ESP,"FW,MF",0,0,1,1,2017-2018,Everton,22,3,278,3.1,0.15,0.01,0.16,40.65,0.65,3.23,17.1,20.32,3.23,40.65,2.26,0.97,13.84,1.29,18.42,23.23,106.45,27.42,0.32,0.0,0.32,4.84,1.94,32.26,6.77
Aaron Ramsey,WAL,MF,0,0,1,0,2017-2018,Arsenal,26,21,1846,20.5,0.3,0.26,0.56,72.2,0.78,8.49,37.56,26.93,4.44,72.2,1.76,1.41,3.93,0.34,0.95,52.78,280.24,132.15,2.98,2.63,0.88,2.39,1.8,59.22,7.85
Àngel Rangel,ESP,DF,0,1,0,0,2017-2018,Swansea City,34,2,156,1.7,0.0,0.04,0.04,77.65,1.18,15.88,39.41,23.53,0.59,77.65,0.59,0.0,0.0,0.59,58.82,37.06,196.47,120.0,3.53,1.76,0.0,2.35,0.59,45.29,6.47
Marcus Rashford,ENG,"FW,MF",0,0,1,1,2017-2018,Manchester Utd,19,17,1813,20.1,0.26,0.19,0.45,46.37,0.75,3.43,14.23,29.1,5.02,46.37,4.58,2.24,2.43,2.34,2.54,26.82,197.01,101.79,4.08,1.99,1.44,2.29,1.54,34.13,7.96
Nathan Redmond,ENG,"FW,MF",0,0,1,1,2017-2018,Southampton,23,22,1945,21.6,0.1,0.17,0.27,51.11,0.69,6.71,21.16,24.68,2.96,51.11,3.66,2.55,3.22,1.11,1.41,36.16,242.13,123.61,3.89,2.96,1.48,1.76,1.99,36.16,8.43
Winston Reid,NZL,DF,0,1,0,0,2017-2018,West Ham,29,17,1452,16.1,0.02,0.02,0.03,53.11,7.45,24.78,26.65,1.99,1.18,53.11,0.06,0.0,0.0,0.06,6.21,24.35,122.24,58.07,0.19,0.12,0.0,0.37,0.19,28.2,0.37
Declan Rice,ENG,"DF,MF",0,1,1,0,2017-2018,West Ham,18,15,1430,15.9,0.01,0.01,0.02,47.86,5.72,21.38,23.9,2.7,0.25,47.86,0.19,0.13,4.19,0.06,2.09,22.58,140.82,73.21,1.13,0.88,0.0,0.31,0.13,25.22,0.38
Richarlison,BRA,"FW,MF",0,0,1,1,2017-2018,Watford,20,32,2823,31.4,0.33,0.11,0.44,43.28,1.11,5.54,16.91,21.37,5.96,43.28,3.15,1.5,1.51,1.66,1.67,29.04,189.04,94.52,4.01,2.36,2.17,3.73,2.55,32.83,9.75
Jaïro Riedewald,NED,"MF,DF",0,1,1,0,2017-2018,Crystal Palace,20,4,442,4.9,0.01,0.0,0.01,42.86,2.04,14.29,19.59,9.18,0.82,42.86,0.61,0.61,20.41,0.0,0.0,21.43,50.2,20.41,0.41,0.41,0.2,0.82,0.82,25.31,1.43
Matt Ritchie,SCO,"MF,FW",0,0,1,1,2017-2018,Newcastle Utd,27,32,2804,31.2,0.1,0.19,0.29,51.92,1.67,9.13,21.47,22.15,1.47,51.92,1.03,0.51,1.6,0.51,1.6,26.35,135.71,56.22,1.7,1.31,0.26,1.57,0.96,29.84,4.46
Connor Roberts,WAL,DF,0,1,0,0,2017-2018,Swansea City,21,3,268,3.0,0.0,0.0,0.0,66.67,2.0,14.0,26.67,26.67,0.33,66.67,0.0,0.0,,0.0,,30.0,115.33,61.0,1.0,0.33,0.0,0.0,0.0,38.67,3.33
Andrew Robertson,SCO,DF,0,1,0,0,2017-2018,Liverpool,23,22,1940,21.6,0.03,0.19,0.22,85.79,2.78,17.41,41.57,27.69,2.13,85.79,0.79,0.42,2.45,0.37,2.18,49.21,243.75,138.15,3.52,2.31,0.46,1.02,0.56,59.35,9.91
Hal Robson-Kanu,WAL,"FW,MF",0,0,1,1,2017-2018,West Brom,28,8,827,9.2,0.26,0.04,0.31,35.11,0.98,4.13,13.37,18.04,3.37,35.11,2.5,1.52,6.62,0.98,4.25,24.13,141.74,53.37,1.85,1.63,0.43,3.37,3.04,26.74,6.85
Jay Rodriguez,ENG,"FW,MF",0,0,1,1,2017-2018,West Brom,28,31,2812,31.2,0.27,0.05,0.32,35.51,1.38,5.45,15.22,15.54,3.3,35.48,2.12,0.93,1.41,1.19,1.8,21.51,115.16,45.64,1.51,1.19,0.38,2.63,1.99,24.71,5.32
Marcos Rojo,ARG,DF,0,1,0,0,2017-2018,Manchester Utd,27,8,640,7.1,0.02,0.01,0.03,63.24,9.01,34.79,26.2,2.54,0.56,63.24,0.56,0.56,14.08,0.0,0.0,34.79,187.89,122.54,0.42,0.42,0.0,0.14,0.14,40.7,0.14
Sergio Romero,ARG,GK,1,0,0,0,2017-2018,Manchester Utd,30,1,90,1.0,0.0,0.0,0.0,26.0,22.0,26.0,0.0,0.0,0.0,26.0,0.0,0.0,,0.0,,12.0,86.0,67.0,0.0,0.0,0.0,0.0,0.0,8.0,0.0
Oriol Romeu,ESP,MF,0,0,1,0,2017-2018,Southampton,25,34,2897,32.2,0.08,0.04,0.13,69.38,2.92,14.29,47.61,8.07,0.96,69.38,0.53,0.47,2.74,0.06,0.37,39.01,178.2,97.83,1.37,1.21,0.0,0.81,0.34,41.68,0.5
Salomón Rondón,VEN,FW,0,0,0,1,2017-2018,West Brom,27,32,2767,30.7,0.23,0.09,0.32,41.92,0.72,2.93,19.41,20.26,4.17,41.92,2.48,1.53,2.01,0.94,1.24,26.68,134.07,44.56,1.47,1.69,0.65,4.14,3.49,33.0,6.55
Wayne Rooney,ENG,"MF,FW",0,0,1,1,2017-2018,Everton,31,27,2268,25.2,0.34,0.09,0.43,58.49,1.9,9.13,33.97,15.95,1.71,58.25,0.91,0.36,1.55,0.56,2.42,32.26,149.21,62.94,1.03,1.15,0.08,1.47,2.26,41.35,3.61
Danny Rose,ENG,DF,0,1,0,0,2017-2018,Tottenham,27,9,800,8.9,0.07,0.07,0.14,72.47,2.25,15.39,29.33,28.2,2.58,72.47,3.26,1.24,4.26,2.02,6.98,30.22,200.79,116.07,4.04,2.25,0.56,1.57,0.9,41.46,8.65
Liam Rosenior,ENG,DF,0,1,0,0,2017-2018,Brighton,33,1,164,1.8,0.03,0.0,0.03,61.67,5.56,23.89,25.0,13.33,0.0,61.67,0.0,0.0,,0.0,,25.56,78.33,49.44,0.56,0.56,0.0,0.0,0.0,32.22,1.11
Wayne Routledge,ENG,"MF,FW",0,0,1,1,2017-2018,Swansea City,32,4,429,4.8,0.09,0.09,0.17,47.92,1.04,9.79,20.42,18.33,2.71,47.92,2.08,1.25,12.5,0.83,8.33,25.62,145.62,57.5,1.88,0.62,0.62,1.67,1.46,32.08,7.5
Antonio Rüdiger,GER,DF,0,1,0,0,2017-2018,Chelsea,24,25,2338,26.0,0.07,0.01,0.08,76.54,4.73,32.38,40.81,3.73,0.77,76.54,0.38,0.31,3.08,0.08,0.77,49.92,268.23,168.96,1.27,0.88,0.08,0.54,0.65,54.0,0.27
Mathew Ryan,AUS,GK,1,0,0,0,2017-2018,Brighton,25,38,3420,38.0,0.0,0.0,0.0,33.34,28.08,33.21,0.13,0.0,0.0,33.34,0.0,0.0,,0.0,,15.29,123.45,91.42,0.0,0.0,0.0,0.03,0.0,11.39,0.0
Abdelhamid Sabiri,MAR,MF,0,0,1,0,2017-2018,Huddersfield,20,2,220,2.4,0.11,0.06,0.17,55.42,1.25,4.17,31.25,20.42,2.08,55.42,1.67,0.42,10.42,1.25,31.25,21.67,89.58,44.17,0.83,1.25,0.0,2.5,0.42,37.5,3.33
Henri Saivet,SEN,MF,0,0,1,0,2017-2018,Newcastle Utd,26,1,83,0.9,0.05,0.0,0.05,46.67,5.56,17.78,25.56,4.44,0.0,46.67,0.0,0.0,,0.0,,7.78,57.78,44.44,0.0,0.0,0.0,0.0,0.0,8.89,0.0
Diafra Sakho,SEN,FW,0,0,0,1,2017-2018,West Ham,27,0,306,3.4,0.42,0.02,0.43,36.76,0.59,2.06,14.12,20.88,3.53,36.76,1.76,0.59,9.79,1.18,19.62,20.59,95.88,23.82,1.18,1.18,0.88,5.29,3.53,28.82,6.47
Mamadou Sakho,FRA,DF,0,1,0,0,2017-2018,Crystal Palace,27,18,1600,17.8,0.07,0.06,0.13,52.75,7.42,27.87,23.93,1.18,0.34,52.75,0.45,0.34,4.21,0.11,1.4,28.43,122.81,66.29,0.22,0.17,0.06,0.67,0.22,27.42,0.17
Bakary Sako,MLI,"FW,MF",0,0,1,1,2017-2018,Crystal Palace,29,4,478,5.3,0.36,0.2,0.56,41.89,0.38,6.04,13.96,22.45,4.91,41.89,2.45,1.32,10.15,1.13,8.72,30.0,204.34,104.53,3.77,2.64,1.13,3.4,2.26,30.38,8.11
Mohamed Salah,EGY,FW,0,0,0,1,2017-2018,Liverpool,25,34,2907,32.3,0.75,0.23,0.98,44.52,0.09,2.17,12.94,30.03,7.52,44.46,3.9,2.45,1.94,1.42,1.13,29.23,185.85,84.49,2.94,1.61,1.7,3.25,2.94,34.55,12.17
Renato Sanches,POR,MF,0,0,1,0,2017-2018,Swansea City,19,9,702,7.8,0.06,0.04,0.1,65.0,1.41,9.87,37.95,18.72,1.15,65.0,5.13,3.21,8.01,1.92,4.81,39.36,266.41,141.67,4.1,3.08,0.13,1.41,3.21,48.33,4.23
Alexis Sánchez,CHI,"MF,FW",0,0,1,1,2017-2018,Arsenal,28,17,1503,16.7,0.49,0.29,0.78,68.56,0.54,3.11,21.02,44.97,6.23,68.5,3.59,2.4,3.99,1.2,1.99,51.86,322.93,119.52,2.99,3.17,1.5,3.83,2.87,57.66,13.05
Alexis Sánchez,CHI,"FW,MF",0,0,1,1,2017-2018,Manchester Utd,28,12,1043,11.6,0.23,0.21,0.44,65.52,0.17,5.09,26.29,35.09,4.48,65.43,5.17,3.79,6.32,1.38,2.3,42.76,256.21,102.93,2.5,3.19,0.6,2.76,3.02,52.16,8.79
Davinson Sánchez,COL,DF,0,1,0,0,2017-2018,Tottenham,21,29,2534,28.2,0.02,0.0,0.02,77.02,5.18,39.61,36.6,1.42,0.43,77.02,0.32,0.32,3.55,0.0,0.0,37.94,154.01,79.33,0.28,0.28,0.0,0.28,0.11,51.91,0.07
Leroy Sané,GER,FW,0,0,0,1,2017-2018,Manchester City,21,27,2419,26.9,0.21,0.25,0.47,55.91,0.56,3.87,15.76,37.25,6.58,55.91,4.91,3.16,2.39,1.75,1.32,38.51,246.21,114.72,3.79,1.78,2.38,3.01,2.38,44.8,15.46
Ezequiel Schelotto,ITA,DF,0,1,0,0,2017-2018,Brighton,28,15,1318,14.6,0.02,0.04,0.06,53.15,4.38,20.07,21.64,12.4,1.1,53.15,1.71,1.03,4.11,0.68,2.74,21.78,174.11,81.51,2.53,1.51,0.41,0.96,0.82,26.37,3.63
Christopher Schindler,GER,DF,0,1,0,0,2017-2018,Huddersfield,27,37,3265,36.3,0.03,0.06,0.09,52.98,5.98,29.59,21.93,1.74,0.91,52.98,0.06,0.06,2.75,0.0,0.0,21.52,95.65,43.86,0.3,0.3,0.03,0.25,0.03,25.73,0.17
Jeffrey Schlupp,GHA,"DF,MF",0,1,1,0,2017-2018,Crystal Palace,24,21,1745,19.4,0.06,0.05,0.12,55.88,3.66,16.6,25.98,13.66,1.13,55.88,1.19,0.67,2.91,0.52,2.24,27.01,130.72,60.67,1.65,1.29,0.46,1.13,1.55,26.6,2.63
Kasper Schmeichel,DEN,GK,1,0,0,0,2017-2018,Leicester City,30,33,2965,32.9,0.0,0.0,0.0,36.75,28.42,35.11,1.73,0.0,0.0,36.75,0.06,0.06,3.04,0.0,0.0,16.63,124.07,94.47,0.0,0.0,0.0,0.0,0.0,12.46,0.0
Morgan Schneiderlin,FRA,MF,0,0,1,0,2017-2018,Everton,27,24,2130,23.7,0.02,0.01,0.03,58.27,2.91,14.98,37.85,6.16,0.46,58.27,0.46,0.25,2.3,0.21,1.92,29.28,130.63,55.65,0.63,0.63,0.04,1.1,0.51,34.05,0.34
Xherdan Shaqiri,SUI,"MF,FW",0,0,1,1,2017-2018,Stoke City,25,36,3039,33.8,0.15,0.21,0.36,47.16,0.15,4.59,22.34,21.3,1.51,47.13,2.01,1.15,1.7,0.86,1.26,31.51,203.82,85.68,2.4,2.13,0.5,2.93,1.69,32.01,5.41
Luke Shaw,ENG,DF,0,1,0,0,2017-2018,Manchester Utd,22,8,790,8.8,0.05,0.04,0.09,76.82,2.39,16.02,37.5,23.64,1.93,76.82,1.14,0.68,6.82,0.45,4.55,38.41,218.75,134.32,3.86,2.73,0.45,1.14,0.45,45.45,3.98
Ryan Shawcross,ENG,DF,0,1,0,0,2017-2018,Stoke City,29,27,2371,26.3,0.09,0.01,0.11,40.08,7.98,22.36,15.7,2.28,1.56,40.08,0.11,0.11,3.8,0.0,0.0,12.32,56.5,30.53,0.19,0.08,0.0,0.15,0.04,13.31,0.34
Jonjo Shelvey,ENG,MF,0,0,1,0,2017-2018,Newcastle Utd,25,25,2268,25.2,0.09,0.1,0.19,66.9,1.67,14.13,40.63,12.9,0.48,66.9,1.31,0.91,2.77,0.4,1.2,38.13,187.34,90.56,1.23,1.19,0.08,0.91,0.75,41.47,0.91
Gylfi Sigurðsson,ISL,"MF,FW",0,0,1,1,2017-2018,Everton,27,25,2259,25.1,0.12,0.16,0.28,45.06,1.39,7.25,18.13,20.04,2.35,45.06,1.24,0.8,2.57,0.44,1.41,20.44,89.12,38.25,1.16,0.64,0.4,2.11,1.0,24.7,4.38
Adrien Silva,POR,MF,0,0,1,0,2017-2018,Leicester City,28,9,761,8.5,0.04,0.1,0.14,61.53,0.47,8.35,39.65,14.24,0.35,61.53,0.94,0.71,8.82,0.24,2.94,33.53,158.47,79.18,1.41,0.94,0.0,2.12,1.88,41.18,1.76
Bernardo Silva,POR,"FW,MF",0,0,1,1,2017-2018,Manchester City,22,15,1533,17.0,0.22,0.16,0.39,68.06,0.53,4.65,26.12,38.24,5.59,68.06,2.41,1.71,4.16,0.71,1.72,48.06,306.94,151.35,4.71,2.41,1.88,1.65,1.53,55.24,12.82
David Silva,ESP,MF,0,0,1,0,2017-2018,Manchester City,31,28,2430,27.0,0.27,0.31,0.58,100.67,0.81,7.04,50.74,43.56,5.19,100.67,1.81,1.41,2.87,0.41,0.83,69.33,412.89,201.78,5.85,4.93,1.26,1.19,1.07,86.63,9.15
Danny Simpson,ENG,DF,0,1,0,0,2017-2018,Leicester City,30,27,2306,25.6,0.01,0.01,0.01,57.62,5.12,21.72,26.84,9.34,0.39,57.62,0.66,0.39,2.3,0.27,1.61,20.43,83.55,32.27,0.43,0.39,0.04,0.55,0.43,25.74,1.84
Jack Simpson,ENG,DF,0,1,0,0,2017-2018,Bournemouth,20,1,71,0.8,0.0,0.0,0.0,13.75,7.5,12.5,1.25,0.0,0.0,13.75,0.0,0.0,,0.0,,2.5,2.5,0.0,0.0,0.0,0.0,0.0,0.0,5.0,0.0
Josh Sims,ENG,"FW,MF",0,0,1,1,2017-2018,Southampton,20,1,163,1.8,0.34,0.07,0.41,51.11,0.0,2.78,17.78,31.11,6.67,51.11,2.78,1.11,22.22,1.67,33.33,32.22,220.56,111.11,5.56,2.22,3.33,2.22,3.33,37.22,9.44
Jerome Sinclair,ENG,"MF,FW",0,0,1,1,2017-2018,Watford,20,0,31,0.3,0.0,0.13,0.13,43.33,0.0,6.67,16.67,20.0,3.33,43.33,13.33,6.67,166.67,6.67,166.67,20.0,203.33,73.33,3.33,3.33,0.0,3.33,0.0,16.67,3.33
Moussa Sissoko,FRA,"MF,FW",0,0,1,1,2017-2018,Tottenham,27,15,1402,15.6,0.14,0.14,0.28,66.47,1.41,8.85,36.92,21.86,3.08,66.47,2.05,1.15,3.61,0.83,2.6,37.56,234.42,126.28,3.21,2.56,0.38,1.22,1.09,49.62,6.54
Islam Slimani,ALG,FW,0,0,0,1,2017-2018,Leicester City,29,2,249,2.8,0.55,0.07,0.63,52.5,1.07,2.5,23.57,27.14,5.0,52.5,2.14,1.07,17.86,1.07,17.86,28.21,137.86,48.57,1.79,1.43,0.36,3.57,2.14,45.0,8.93
Islam Slimani,ALG,FW,0,0,0,1,2017-2018,Newcastle Utd,29,1,132,1.5,0.0,0.28,0.28,40.0,0.67,4.67,14.0,22.0,4.67,40.0,2.67,2.0,50.0,0.67,16.67,29.33,152.0,30.0,2.0,2.0,0.67,4.67,4.0,37.33,12.67
Chris Smalling,ENG,DF,0,1,0,0,2017-2018,Manchester Utd,27,28,2536,28.2,0.06,0.01,0.07,52.55,6.21,29.33,21.7,1.7,0.82,52.55,0.11,0.11,3.55,0.0,0.0,24.61,110.82,52.77,0.18,0.43,0.04,0.21,0.07,29.18,0.28
Adam Smith,ENG,"DF,MF",0,1,1,0,2017-2018,Bournemouth,26,22,2071,23.0,0.02,0.07,0.09,61.43,2.48,17.61,28.52,16.09,1.65,61.43,1.91,1.26,2.87,0.65,1.48,31.26,205.04,103.48,2.43,1.48,0.26,1.35,0.74,34.22,4.3
Tommy Smith,ENG,DF,0,1,0,0,2017-2018,Huddersfield,25,21,1904,21.2,0.01,0.09,0.09,62.64,3.82,18.35,27.74,17.12,0.38,62.64,0.61,0.42,3.26,0.19,1.45,23.92,129.76,71.37,1.7,1.23,0.14,0.9,0.42,30.05,4.06
Cédric Soares,POR,DF,0,1,0,0,2017-2018,Southampton,25,32,2794,31.0,0.02,0.1,0.12,67.23,3.68,17.71,30.06,19.68,0.81,67.23,0.45,0.23,1.61,0.23,1.61,35.48,155.55,73.32,1.68,1.32,0.06,1.1,0.68,37.61,4.87
Ramadan Sobhi,EGY,"MF,FW",0,0,1,1,2017-2018,Stoke City,20,12,1238,13.8,0.09,0.07,0.16,43.48,0.65,7.75,17.75,19.35,2.68,43.48,3.7,2.17,4.26,1.52,2.99,28.77,227.75,131.23,4.2,2.9,1.3,1.88,1.45,29.2,7.39
Dominic Solanke,ENG,FW,0,0,0,1,2017-2018,Liverpool,19,5,596,6.6,0.53,0.4,0.92,46.36,1.36,2.42,18.18,26.67,8.03,46.36,2.12,1.36,9.74,0.76,5.41,27.88,127.73,52.27,2.27,2.27,0.76,5.15,2.58,35.76,7.27
Pape Souaré,SEN,DF,0,1,0,0,2017-2018,Crystal Palace,27,0,9,0.1,0.0,0.0,0.0,110.0,0.0,40.0,30.0,40.0,0.0,110.0,0.0,0.0,,0.0,,50.0,100.0,40.0,0.0,0.0,0.0,0.0,0.0,70.0,0.0
Julián Speroni,ARG,GK,1,0,0,0,2017-2018,Crystal Palace,38,11,990,11.0,0.0,0.0,0.0,30.09,24.82,30.0,0.09,0.0,0.0,30.09,0.09,0.09,9.09,0.0,0.0,13.91,91.0,72.82,0.0,0.0,0.0,0.0,0.0,10.09,0.0
Kostas Stafylidis,GRE,"DF,MF",0,1,1,0,2017-2018,Stoke City,23,4,335,3.7,0.03,0.01,0.05,52.16,5.14,16.76,24.59,11.62,0.0,52.16,0.54,0.54,27.03,0.0,0.0,20.0,81.35,33.24,0.81,0.81,0.0,0.54,1.08,19.73,0.81
Junior Stanislas,ENG,"MF,FW",0,0,1,1,2017-2018,Bournemouth,27,17,1286,14.3,0.27,0.13,0.4,51.19,0.91,7.9,19.93,24.2,2.8,51.12,2.1,1.4,4.66,0.7,2.33,28.67,175.87,85.31,2.52,1.61,0.91,2.24,1.12,33.64,6.99
Dale Stephens,ENG,MF,0,0,1,0,2017-2018,Brighton,28,36,3240,36.0,0.03,0.06,0.1,58.25,3.08,16.75,36.42,5.69,0.56,58.25,0.64,0.5,2.17,0.14,0.6,30.53,164.28,74.14,0.86,0.78,0.06,0.78,0.5,36.0,0.36
Jack Stephens,ENG,DF,0,1,0,0,2017-2018,Southampton,23,22,1980,22.0,0.06,0.01,0.07,55.05,6.64,24.27,27.95,3.41,1.0,55.05,1.14,0.77,3.09,0.36,1.45,28.36,154.73,96.5,1.09,0.64,0.09,0.55,0.23,29.45,0.64
Raheem Sterling,ENG,FW,0,0,0,1,2017-2018,Manchester City,22,29,2586,28.7,0.56,0.25,0.82,53.66,0.45,2.65,17.67,34.08,8.01,53.62,4.15,2.23,1.87,1.92,1.61,37.94,219.72,115.64,4.04,2.44,2.65,2.26,2.06,45.96,14.29
John Stones,ENG,DF,0,1,0,0,2017-2018,Manchester City,23,16,1302,14.5,0.05,0.0,0.05,93.66,5.72,39.79,51.72,2.48,1.1,93.66,0.28,0.28,6.9,0.0,0.0,64.0,296.21,175.52,0.76,0.55,0.0,0.41,0.34,76.07,0.48
Daniel Sturridge,ENG,FW,0,0,0,1,2017-2018,West Brom,27,2,118,1.3,0.1,0.17,0.27,35.38,0.0,0.0,19.23,16.15,4.62,35.38,3.85,2.31,46.15,1.54,30.77,25.38,143.08,66.15,2.31,1.54,0.0,4.62,0.0,28.46,6.15
Daniel Sturridge,ENG,FW,0,0,0,1,2017-2018,Liverpool,27,5,431,4.8,0.49,0.17,0.66,36.25,0.42,0.62,12.5,23.75,6.04,36.25,2.29,2.08,18.94,0.21,1.9,26.04,141.67,66.46,2.29,1.46,1.04,2.5,2.29,32.5,11.04
Ki Sung-yueng,KOR,MF,0,0,1,0,2017-2018,Swansea City,28,21,1868,20.8,0.05,0.07,0.12,50.24,1.73,10.53,28.27,11.83,0.77,50.24,0.62,0.34,2.59,0.29,2.22,26.01,142.88,64.28,0.82,1.11,0.24,0.62,0.38,31.73,1.44
Andrew Surman,ENG,MF,0,0,1,0,2017-2018,Bournemouth,30,20,1856,20.6,0.06,0.05,0.11,66.55,3.59,15.49,40.19,11.31,0.44,66.55,0.92,0.63,3.32,0.29,1.53,31.94,149.17,72.43,0.49,0.73,0.0,0.73,0.63,43.5,0.68
Markus Suttner,AUT,DF,0,1,0,0,2017-2018,Brighton,30,13,1179,13.1,0.01,0.02,0.03,55.8,3.97,20.38,22.52,13.74,0.0,55.8,0.38,0.08,1.53,0.31,6.11,22.75,112.52,65.65,1.3,1.22,0.0,0.46,0.15,27.71,2.44
Lasse Sørensen,DEN,MF,0,0,1,0,2017-2018,Stoke City,17,1,75,0.8,0.0,0.18,0.18,76.25,6.25,31.25,42.5,2.5,0.0,76.25,0.0,0.0,,0.0,,42.5,171.25,82.5,0.0,0.0,0.0,0.0,1.25,51.25,0.0
Alexander Sørloth,NOR,FW,0,0,0,1,2017-2018,Crystal Palace,21,4,360,4.0,0.13,0.12,0.25,39.25,1.0,7.0,17.25,16.25,4.25,39.25,3.0,2.75,22.92,0.25,2.08,25.25,138.25,84.5,3.25,2.25,1.0,2.25,2.25,27.5,6.0
Dušan Tadić,SRB,"MF,FW",0,0,1,1,2017-2018,Southampton,28,34,2791,31.0,0.19,0.18,0.37,50.52,0.68,4.81,20.42,26.19,3.45,50.48,2.06,1.77,2.77,0.29,0.45,35.39,181.35,96.61,3.65,2.19,0.74,2.48,2.23,38.06,10.06
Matt Targett,ENG,DF,0,1,0,0,2017-2018,Southampton,21,2,166,1.8,0.0,0.06,0.06,71.67,3.33,27.22,30.0,16.11,0.0,71.67,1.67,1.67,55.56,0.0,0.0,32.78,99.44,61.67,1.11,1.67,0.0,1.11,0.56,32.78,3.33
James Tarkowski,ENG,DF,0,1,0,0,2017-2018,Burnley,24,31,2790,31.0,0.05,0.03,0.07,49.06,7.81,25.97,21.55,1.9,1.23,49.06,0.42,0.35,2.73,0.06,0.5,20.06,91.87,50.9,0.16,0.19,0.03,0.42,0.23,23.74,0.26
Charlie Taylor,ENG,DF,0,1,0,0,2017-2018,Burnley,23,10,950,10.6,0.0,0.02,0.02,55.47,4.72,20.85,24.53,10.57,0.19,55.47,1.7,0.75,4.19,0.94,5.25,20.94,137.08,60.75,1.79,0.94,0.09,0.94,0.28,23.21,1.98
James Tomkins,ENG,DF,0,1,0,0,2017-2018,Crystal Palace,28,27,2387,26.5,0.08,0.0,0.09,48.26,8.23,27.74,18.64,2.23,1.36,48.26,0.23,0.23,3.77,0.0,0.0,21.09,89.62,42.38,0.23,0.3,0.0,0.26,0.08,21.96,0.11
Cenk Tosun,TUR,FW,0,0,0,1,2017-2018,Everton,26,12,986,11.0,0.25,0.13,0.38,34.18,1.27,3.09,13.18,18.27,3.0,34.18,0.73,0.36,4.55,0.36,4.55,19.73,66.18,25.82,0.82,1.0,0.55,3.0,1.09,25.73,6.27
Yaya Touré,CIV,MF,0,0,1,0,2017-2018,Manchester City,34,1,236,2.6,0.14,0.35,0.49,167.31,1.54,20.0,113.85,34.62,1.92,167.31,1.92,1.54,30.77,0.38,7.69,118.85,615.77,453.46,7.69,7.69,1.15,0.38,0.38,149.62,1.54
Andros Townsend,ENG,"FW,MF",0,0,1,1,2017-2018,Crystal Palace,26,35,3120,34.7,0.09,0.21,0.3,46.95,0.84,6.95,16.51,24.96,2.54,46.95,3.52,2.42,1.99,1.1,0.9,32.28,254.52,118.88,4.64,3.11,0.98,2.56,2.1,31.38,7.18
Kieran Trippier,ENG,DF,0,1,0,0,2017-2018,Tottenham,26,21,1914,21.3,0.02,0.2,0.22,85.59,3.1,19.39,37.0,30.0,1.17,85.59,0.85,0.61,3.39,0.23,1.31,34.04,153.99,83.38,1.74,1.13,0.09,0.94,0.28,50.66,9.15
Axel Tuanzebe,COD,FW,0,0,0,1,2017-2018,Manchester Utd,19,0,1,0.0,0.0,0.0,0.0,,,,,,,,,,,,,,,,,,,,,,
Josh Tymon,ENG,DF,0,1,0,0,2017-2018,Stoke City,18,2,163,1.8,0.0,0.0,0.0,59.44,3.33,14.44,35.56,9.44,0.0,59.44,0.56,0.56,55.56,0.0,0.0,41.11,210.0,102.78,1.67,1.67,0.0,2.78,1.11,41.67,1.11
Leonardo Ulloa,ARG,FW,0,0,0,1,2017-2018,Leicester City,31,0,22,0.2,0.31,1.38,1.69,105.0,5.0,5.0,40.0,60.0,15.0,105.0,15.0,15.0,500.0,0.0,0.0,70.0,250.0,30.0,5.0,0.0,0.0,5.0,15.0,85.0,10.0
Leonardo Ulloa,ARG,FW,0,0,0,1,2017-2018,Brighton,31,2,267,3.0,0.25,0.08,0.33,55.33,1.0,3.67,32.33,19.67,2.0,55.33,1.33,1.0,25.0,0.33,8.33,31.0,133.33,26.67,0.33,0.0,0.0,7.67,3.0,46.33,5.33
Antonio Valencia,ECU,DF,0,1,0,0,2017-2018,Manchester Utd,31,31,2740,30.4,0.02,0.04,0.06,74.21,4.01,17.83,33.59,23.36,1.74,74.21,1.58,0.95,1.99,0.62,1.3,37.93,205.82,122.04,3.39,2.14,0.76,0.66,0.62,46.38,5.0
Virgil van Dijk,NED,DF,0,1,0,0,2017-2018,Southampton,26,11,994,11.0,0.08,0.09,0.18,72.09,6.82,31.64,36.73,4.64,2.09,72.09,0.45,0.45,9.09,0.0,0.0,43.91,225.55,133.18,1.55,0.73,0.09,0.27,0.27,43.91,0.73
Virgil van Dijk,NED,DF,0,1,0,0,2017-2018,Liverpool,26,14,1260,14.0,0.08,0.08,0.16,91.79,5.21,32.79,56.21,3.14,1.21,91.79,0.07,0.0,0.0,0.07,7.14,52.64,263.0,157.57,0.79,0.57,0.07,0.14,0.14,64.71,0.43
Jamie Vardy,ENG,FW,0,0,0,1,2017-2018,Leicester City,30,37,3247,36.1,0.45,0.08,0.53,21.55,0.44,1.02,7.67,13.16,4.35,21.39,1.58,0.66,1.17,0.89,1.55,11.02,74.76,31.16,1.41,0.64,0.75,1.75,0.36,15.24,5.84
Jan Vertonghen,BEL,DF,0,1,0,0,2017-2018,Tottenham,30,36,3203,35.6,0.03,0.02,0.05,82.19,5.39,32.53,45.39,4.97,0.73,82.19,1.07,0.84,2.22,0.22,0.59,41.77,244.55,157.75,1.91,0.96,0.08,0.51,0.17,53.54,0.81
Nikola Vlašić,CRO,"MF,FW",0,0,1,1,2017-2018,Everton,19,7,576,6.4,0.04,0.12,0.16,47.5,0.94,7.66,17.19,23.44,2.97,47.5,2.97,2.03,10.69,0.94,4.94,27.5,186.09,86.56,3.44,1.72,1.09,4.38,1.88,29.38,7.66
Sam Vokes,WAL,FW,0,0,0,1,2017-2018,Burnley,27,7,998,11.1,0.25,0.12,0.38,34.14,1.53,2.52,15.23,16.58,5.32,34.14,0.09,0.09,9.01,0.0,0.0,12.61,39.19,9.1,0.27,0.27,0.0,2.61,1.44,27.39,5.59
Michel Vorm,NED,GK,1,0,0,0,2017-2018,Tottenham,33,1,90,1.0,0.0,0.0,0.0,27.0,24.0,27.0,0.0,0.0,0.0,27.0,0.0,0.0,,0.0,,12.0,63.0,49.0,0.0,0.0,0.0,0.0,0.0,9.0,0.0
Molla Wagué,MLI,DF,0,1,0,0,2017-2018,Watford,26,5,438,4.9,0.08,0.0,0.08,40.82,4.9,21.63,18.16,1.02,0.61,40.82,0.0,0.0,,0.0,,17.55,64.08,33.06,0.0,0.2,0.0,0.2,0.0,18.57,0.0
Theo Walcott,ENG,"FW,MF",0,0,1,1,2017-2018,Arsenal,28,0,69,0.8,0.0,0.0,0.0,32.5,0.0,5.0,10.0,17.5,1.25,32.5,1.25,1.25,125.0,0.0,0.0,21.25,145.0,80.0,3.75,1.25,0.0,0.0,1.25,27.5,11.25
Theo Walcott,ENG,FW,0,0,0,1,2017-2018,Everton,28,13,1152,12.8,0.19,0.18,0.38,39.14,1.02,6.41,15.16,19.22,3.59,39.14,3.59,2.11,4.59,1.48,3.23,25.39,177.5,93.83,2.73,1.95,0.62,3.12,1.72,25.31,7.73
Kyle Walker,ENG,DF,0,1,0,0,2017-2018,Manchester City,27,32,2784,30.9,0.02,0.15,0.17,94.79,2.1,18.45,52.69,24.5,1.17,94.79,1.23,0.84,2.21,0.39,1.02,55.15,284.11,157.41,3.4,2.52,0.32,1.04,0.58,66.83,6.15
Kyle Walker-Peters,ENG,DF,0,1,0,0,2017-2018,Tottenham,20,2,189,2.1,0.0,0.59,0.59,74.76,3.33,20.48,29.52,26.19,1.9,74.76,3.81,1.9,23.81,1.9,23.81,40.0,206.19,98.57,3.81,2.38,0.48,1.43,2.38,47.14,10.0
Jonathan Walters,IRL,FW,0,0,0,1,2017-2018,Burnley,33,0,39,0.4,0.44,0.0,0.44,37.5,2.5,5.0,5.0,27.5,10.0,37.5,0.0,0.0,,0.0,,22.5,75.0,17.5,0.0,0.0,0.0,5.0,5.0,37.5,15.0
Aaron Wan-Bissaka,ENG,DF,0,1,0,0,2017-2018,Crystal Palace,19,7,627,7.0,0.0,0.03,0.03,58.71,6.43,24.14,22.0,13.29,0.14,58.71,2.14,1.86,12.39,0.29,1.9,25.0,142.43,89.0,3.14,3.14,0.14,1.29,0.86,24.0,2.0
Victor Wanyama,KEN,MF,0,0,1,0,2017-2018,Tottenham,26,8,846,9.4,0.05,0.02,0.07,79.26,2.34,15.32,52.02,13.09,1.28,79.26,2.55,1.91,7.98,0.64,2.66,44.47,253.94,138.62,2.45,1.81,0.0,1.38,1.38,54.04,1.49
Joel Ward,ENG,DF,0,1,0,0,2017-2018,Crystal Palace,27,19,1613,17.9,0.01,0.05,0.06,63.91,3.52,21.73,27.77,14.86,0.61,63.91,0.78,0.45,3.19,0.34,2.4,28.04,111.12,50.0,0.84,0.89,0.06,1.06,0.56,30.67,2.79
Stephen Ward,IRL,DF,0,1,0,0,2017-2018,Burnley,31,28,2460,27.3,0.01,0.05,0.07,57.66,3.99,17.4,27.77,12.67,0.62,57.66,0.29,0.18,2.29,0.11,1.37,21.68,106.85,55.16,1.72,0.95,0.07,0.66,0.22,27.77,3.33
James Ward-Prowse,ENG,"FW,MF",0,0,1,1,2017-2018,Southampton,22,20,1716,19.1,0.11,0.15,0.26,56.18,1.52,8.43,25.34,23.04,1.31,56.18,0.31,0.26,4.36,0.05,0.87,27.43,101.57,38.38,0.47,0.84,0.1,1.05,0.68,33.51,5.34
Ben Watson,ENG,MF,0,0,1,0,2017-2018,Watford,32,6,456,5.1,0.01,0.04,0.05,56.47,2.55,15.88,36.67,5.1,0.2,56.47,0.0,0.0,,0.0,,26.86,112.55,41.18,0.2,0.2,0.0,1.18,0.39,30.78,0.98
Danny Welbeck,ENG,"FW,MF",0,0,1,1,2017-2018,Arsenal,26,12,1194,13.3,0.42,0.11,0.52,41.2,1.58,3.83,15.41,22.33,4.44,41.2,1.73,1.05,4.58,0.68,2.94,28.42,163.91,63.76,2.26,1.5,1.58,2.26,1.88,32.48,8.8
Nahki Wells,BER,"FW,MF",0,0,1,1,2017-2018,Burnley,27,0,55,0.6,0.95,0.0,0.95,48.33,0.0,8.33,11.67,28.33,8.33,48.33,1.67,1.67,166.67,0.0,0.0,26.67,128.33,66.67,3.33,1.67,1.67,3.33,5.0,30.0,8.33
Ashley Westwood,ENG,MF,0,0,1,0,2017-2018,Burnley,27,12,1111,12.3,0.05,0.08,0.13,57.64,2.11,10.81,37.89,9.51,0.57,57.64,0.33,0.16,4.07,0.16,4.07,26.91,101.06,40.81,0.65,0.57,0.16,0.49,0.41,34.96,0.49
Dean Whitehead,ENG,MF,0,0,1,0,2017-2018,Huddersfield,35,0,71,0.8,0.0,0.0,0.0,67.5,1.25,23.75,42.5,1.25,0.0,67.5,0.0,0.0,,0.0,,46.25,203.75,75.0,0.0,0.0,0.0,0.0,0.0,51.25,0.0
Georginio Wijnaldum,NED,MF,0,0,1,0,2017-2018,Liverpool,26,27,2387,26.5,0.11,0.05,0.15,55.66,0.72,7.36,36.08,13.21,1.58,55.66,2.08,1.58,2.88,0.49,0.89,35.28,193.81,87.47,1.85,1.32,0.11,1.28,1.36,41.21,3.17
Ashley Williams,WAL,DF,0,1,0,0,2017-2018,Everton,32,20,1834,20.4,0.04,0.02,0.06,50.49,8.28,27.89,21.23,1.62,1.03,50.49,0.1,0.1,4.9,0.0,0.0,22.55,94.07,47.94,0.1,0.25,0.0,0.25,0.05,25.54,0.05
Danny Williams,USA,MF,0,0,1,0,2017-2018,Huddersfield,28,11,1124,12.5,0.03,0.02,0.05,45.12,2.56,13.36,24.4,8.48,0.56,45.12,1.04,0.8,6.15,0.24,1.85,23.84,157.6,67.76,1.36,1.44,0.16,1.68,0.8,23.92,1.28
Willian,BRA,"MF,FW",0,0,1,1,2017-2018,Chelsea,28,20,1890,21.0,0.26,0.25,0.51,61.29,0.52,5.43,20.9,36.29,4.48,61.24,4.67,3.19,3.26,1.48,1.5,41.1,326.76,155.29,5.14,3.29,1.57,2.71,1.62,46.62,10.0
Joe Willock,ENG,MF,0,0,1,0,2017-2018,Arsenal,17,1,82,0.9,0.09,0.0,0.09,60.0,1.11,12.22,38.89,8.89,1.11,60.0,0.0,0.0,,0.0,,33.33,226.67,65.56,1.11,0.0,0.0,2.22,2.22,43.33,3.33
Jack Wilshere,ENG,MF,0,0,1,0,2017-2018,Arsenal,25,12,1193,13.3,0.08,0.19,0.28,70.53,0.98,8.42,39.7,24.21,1.73,70.53,4.14,3.38,6.15,0.75,1.37,51.05,346.02,193.68,4.66,3.01,0.45,1.8,1.88,56.02,2.93
Callum Wilson,ENG,FW,0,0,0,1,2017-2018,Bournemouth,25,23,1981,22.0,0.34,0.07,0.41,28.91,0.82,2.59,10.45,16.23,4.91,28.91,1.95,0.77,1.8,1.18,2.75,18.09,91.73,33.77,1.55,0.45,0.95,2.68,2.14,21.68,7.73
Kevin Wimmer,AUT,DF,0,1,0,0,2017-2018,Stoke City,24,14,1323,14.7,0.0,0.01,0.02,51.56,6.73,24.83,25.31,1.9,0.41,51.56,0.41,0.14,2.27,0.27,4.54,21.84,94.49,53.95,0.2,0.14,0.0,0.0,0.07,23.4,0.07
Harry Winks,ENG,MF,0,0,1,0,2017-2018,Tottenham,21,9,774,8.6,0.01,0.06,0.07,85.0,2.33,12.67,58.84,14.88,0.23,85.0,1.16,0.93,9.3,0.23,2.33,47.09,224.07,98.72,1.63,1.86,0.23,1.98,1.05,66.16,1.98
Chris Wood,NZL,FW,0,0,0,1,2017-2018,Burnley,25,20,1624,18.0,0.39,0.03,0.42,33.06,1.11,2.33,13.83,17.06,3.89,33.06,0.56,0.33,3.33,0.22,2.22,18.28,65.39,17.67,0.83,0.61,0.61,3.17,1.94,27.89,6.5
Ben Woodburn,WAL,FW,0,0,0,1,2017-2018,Liverpool,17,0,7,0.1,0.0,0.0,0.0,80.0,0.0,0.0,30.0,50.0,10.0,80.0,0.0,0.0,,0.0,,60.0,150.0,50.0,0.0,20.0,0.0,0.0,0.0,80.0,20.0
Granit Xhaka,SUI,MF,0,0,1,0,2017-2018,Arsenal,24,37,3260,36.2,0.07,0.09,0.16,98.62,2.79,15.66,60.99,22.4,0.64,98.62,0.66,0.5,2.07,0.17,0.69,65.5,280.55,142.1,1.85,1.91,0.11,0.97,0.55,74.14,1.77
Claudio Yacob,ARG,MF,0,0,1,0,2017-2018,West Brom,30,9,903,10.0,0.05,0.0,0.05,48.6,4.4,16.1,28.8,4.2,0.6,48.6,0.2,0.2,10.0,0.0,0.0,23.0,84.6,44.5,0.2,0.1,0.0,1.0,0.6,24.4,0.3
DeAndre Yedlin,USA,DF,0,1,0,0,2017-2018,Newcastle Utd,24,31,2845,31.6,0.0,0.06,0.07,55.13,3.32,18.89,22.34,14.43,0.41,55.13,1.46,0.92,1.99,0.54,1.17,22.69,109.53,57.91,1.39,1.61,0.16,0.76,0.57,25.89,4.05
Maya Yoshida,JPN,DF,0,1,0,0,2017-2018,Southampton,28,23,2051,22.8,0.09,0.02,0.11,58.86,6.8,27.68,29.3,2.15,1.18,58.86,0.09,0.09,4.39,0.0,0.0,34.08,142.76,72.06,0.31,0.13,0.0,0.35,0.39,35.0,0.26
Ashley Young,ENG,DF,0,1,0,0,2017-2018,Manchester Utd,32,28,2442,27.1,0.03,0.13,0.16,73.14,3.54,19.96,32.8,21.11,0.85,73.14,1.92,1.07,2.06,0.85,1.63,37.05,202.77,119.78,3.32,2.1,0.52,0.7,0.66,42.1,4.17
Pablo Zabaleta,ARG,"DF,MF",0,1,1,0,2017-2018,West Ham,32,37,3289,36.5,0.01,0.03,0.04,56.19,3.64,17.01,27.81,11.84,0.6,56.19,0.38,0.19,1.37,0.19,1.37,21.4,103.15,42.85,0.71,0.55,0.08,0.66,0.36,25.07,2.6
Wilfried Zaha,CIV,"FW,MF",0,0,1,1,2017-2018,Crystal Palace,24,28,2549,28.3,0.33,0.17,0.49,40.42,0.18,2.72,13.6,25.62,6.43,40.42,6.93,4.2,2.14,2.72,1.39,33.85,272.9,139.79,6.11,3.46,3.25,3.75,3.92,32.54,10.0
Davide Zappacosta,ITA,"DF,MF",0,1,1,0,2017-2018,Chelsea,25,12,1098,12.2,0.11,0.11,0.22,68.2,1.64,18.61,20.82,29.75,3.69,68.2,3.03,1.15,3.1,1.89,5.1,38.36,256.31,135.9,5.25,2.38,1.31,1.72,1.48,41.97,10.16
Marvin Zeegelaar,NED,DF,0,1,0,0,2017-2018,Watford,26,12,994,11.0,0.0,0.09,0.09,62.09,3.18,16.45,28.82,17.36,1.09,62.09,1.82,1.36,6.82,0.45,2.27,29.73,146.18,73.91,2.73,1.0,0.18,1.0,0.91,31.55,4.0
Oleksandr Zinchenko,UKR,DF,0,1,0,0,2017-2018,Manchester City,20,6,532,5.9,0.02,0.07,0.09,131.53,1.69,16.44,81.86,33.39,0.34,131.53,0.51,0.51,16.95,0.0,0.0,78.47,248.64,142.88,1.53,1.69,0.17,0.34,0.34,103.39,8.31
Kurt Zouma,FRA,DF,0,1,0,0,2017-2018,Stoke City,22,32,2888,32.1,0.04,0.01,0.05,50.25,7.85,25.02,22.43,3.24,0.69,50.25,0.84,0.69,2.54,0.16,0.58,22.02,119.31,68.5,0.72,0.62,0.03,0.47,0.53,21.87,0.34
